club_id|club_name
65537|Flamurtari Football Club
65539|Klubi Futbollit Teuta Durrës
65540|Futboll Klub Partizani Tirana
65541|Klubi Futbollit Lushnja
65543|KF Vllaznia
65544|Klubi i Futbollit Tirana
65545|Akademis Sportive Luftëtari
65548|Klubi i Futbollit Murlani
65552|Klubi i Futbollit Valbona
65594|AF Elbasani
69633|Klubi i Futbollit Shkumbini
69634|Klubi Sportiv Besa Kavajë
69635|KF Apolonia
69636|Klubi i Futbollit Bylis
69637|KF Skënderbeu
69638|Klubi i Futbollit Laçi
69640|Klubi Sportiv Kastrioti
69641|Klubi Sportiv Pogradeci
69646|KS Besëlidhja
69647|Klubi Futbollit Memaliaj
69648|Klubi Sportiv Burreli
69649|Klubi Sportiv Turbina Cërrik
69650|KF Sopoti
69652|Klubi Futbollit Gramshi
69656|Klubi Futbollit Erzeni Shijak
69657|Futboll Klub Kukësi
69658|KF Iliria
69659|KF Egnatia
69660|KF Albpetrol
69662|KF Korabi
69665|Klubi i Futbollit Tërbuni
69666|KF Naftëtari
69668|Futboll Klub Tomori Berat
69678|KF Butrinti
69687|Klubi i Futbollit Vora
69688|Klubi i Futbollit Oriku
77838|Luzi i Vogël 2008
77841|Klubi i Futbollit Labëria
77842|Klubi i Futbollit Maliqi
77856|FC Dinamo City
131071|Albania
131073|Fútbol Club Santa Coloma
131074|Fútbol Club Encamp
131075|Club Esportiu Principat
131077|Inter Club d'Escaldes
131079|U.E. Santa Coloma
131080|Unió Esportiva Sant Julià
135169|Unió Esportiva Extremenya
135170|Ranger's Fútbol Club
135171|Atlètic Club d'Escaldes
135175|Futbol Sala La Massana
135177|F.C. Ordino
135178|C.F. Atlètic Amèrica
135179|C.E. Carroi
143368|Sporting Club d'Escaldes
143370|F.C. Pas de la Casa
143384|CF Esperança
143385|Penya Encarnada d'Andorra
147457|City Escaldes Fútbol Club
147459|Pirineus United Football Club
147460|C.E. Casa de Portugal
196607|Andorra
196609|Ararat Yerevan
196612|FA Mika Yerevan
196613|Shirak Gyumri
196614|FC Syunik Kapan
196615|Urartu Yerevan
196616|Pyunik Yerevan
200707|Alashkert FC
200709|FC Noah Yerevan
200715|Ararat-Armenia Yerevan
208938|Gandzasar Kapan FC
208974|BKMA Yerevan
209034|FC Bentonit Ijevan
209042|Lernayin Artsakh FC
209043|FC Van
209046|Ani Yerevan
209051|FC Falcons Armavir
209052|FC Zovuni Yerevan
209055|Andranik FC Sevan
209056|FC Nikarm Vanadzor
209058|FC Onor
209060|FC EcoVille Yerevan
209061|FC Hayq
209062|Ararati Araks
209063|Sardarapat FC
262143|Armenia
262145|Schwarz-Weiß Bregenz
262146|FK Austria Wien
262147|Grazer AK 1902
262150|FC Red Bull Salzburg
262151|Fussballclub Admira/Wacker
262152|FC Wacker Innsbruck
262153|SK Rapid Wien
262154|SK Puntigamer Sturm Graz
262155|SV Guntamatic Ried
262156|Kapfenberger SV 1919
262157|DSV Leoben KAIF Energy
262159|Linzer ASK
262160|SC Austria Lustenau
262161|CASHPOINT SCR Altach
262162|Fussball Club Gratkorn
262164|Fussballclub Hard
262165|Fussballclub Lustenau 1907
262167|SV Wörgl
262168|Wiener Sport-Club
262169|FC Blau Weiß Linz
262170|FC Kufstein
262171|Sportclub/ESV Parndorf 1919
262172|TSV Prolactal Hartberg
262174|Sportclub Zwettl
262175|Sportvereinigung Schwechat
262176|SC Neusiedl am See 1919
262177|First Vienna FC 1894
262179|SKN St. Pölten
262182|Fussballclub Almenland
262186|Floridsdorfer AC Wien
262193|RZ Pellets Wolfsberger AC
262194|USV Allerheiligen
262198|SV Grieskirchen
262201|1. Fussballclub Leibnitz
262202|SV Grödig
262205|FC Mohren Dornbirn 1913
262207|World of Jobs VfB Hohenems
262208|Innsbrucker Athletik Club
262210|Wattener SG Tirol
262211|SVG Reichenau
262212|SV Seekirchen
262216|SKU Ertl Glas Amstetten
262219|SV Horn
262222|SC ELIN Weiz
262224|SK BMD Vorwärts Steyr
262228|TSV McDonald's St. Johann
262229|SC EGLO Schwaz
262233|SK Austria Klagenfurt
262234|TSV Neumarkt
262237|SV Sparkasse Leobendorf
262238|FC Mauerwerk Immo
262239|intemann FC Lauterach
262240|SK Bischofshofen
262243|SV Lendorf
262244|VST Völkermarkt
266241|SV Klöcher Bau Oberwart
266244|SC Wiener Viktoria
266245|EMMA & EUGEN DSV
266246|Meusburger FC Wolfurt
266247|RW Rankweil
266248|SV Raika Kuchl
266249|SC Röfix Röthis
266250|SV Hall
266252|FC Zirl
266253|SV Telfs
266254|SC Imst 1933
266255|USV St. Anna/A.
266260|ATSV Wolfsberg
266280|Union Volksbank Vöcklamarkt
266285|ASKÖ Donau Linz
266289|SV Austria Salzburg
266291|USC Eugendorf
266293|FC Pinzgau Saalfelden
266294|Fussballclub Zell am See
266304|SC Copacabana Kalsdorf
266306|FC Gleisdorf
266316|FC Eurotours Kitzbühel
266317|Sportklub Jenbach
266326|Sportverein Innsbruck
266338|Fussballclub Stadlau 1913
266372|DSC Wonisch Installationen
266417|Sportklub St. Johann in Tirol
266429|SV Wals-Grünau
266483|TuS Bad Gleichenberg
266506|FC Marchfeld Donauauen
266574|ASK Ebreichsdorf
266582|FCM Flyeralarm Traiskirchen
266626|Union Raiffeisen Gurten
266634|SPG Wallern/St. Marienkirchen
266650|Annabichler Sportverein
266676|SV Licht-Loidl Lafnitz
266741|FC Sohm Alberschwende
266762|Generali Union Innsbruck
266770|Salzburger AK 1914
266771|SPG Edelweiß/Neue Heimat
266772|USK Maximarkt Anif
274440|SV Spittal/Drau
274441|Sportverein Stockerau
274447|1. Simmeringer Sportclub
274452|Sportverein Neuberg
274454|SVG Bleiburg
274456|Fussballclub Zeltweg
274459|Voitsberg
274461|SAK Klagenfurt/Celovec
274465|SC Pfeifer Holz Kundl
274466|FC BW Feldkirch
274467|Fussballclub Puch
274472|SC Fortuna Wr. Neustadt
274481|DSG Union HABAU Perg
274483|Kremser SC
274484|Sportverein Rohrbach
274486|ASK Mochart Köflach
274495|Fussballclub Tulln
274496|Sportklub Ebbs
274497|SC Retz
274502|Fussballclub Mistelbach
274503|Sportclub Gmünd
274504|Sportvereinigung Donau
274505|FC Viktoria 62 Bregenz
274506|Sportverein Anger
274515|Favoritner Athletik Club
274521|Sportverein Würmla
274524|SV Feldkirchen/K
274525|Sportverein Gallneukirchen
274527|Sportverein Gmunden
274531|DSV Fortuna 05
274534|Sportklub Altheim
274535|SV Grün-Weiß Micheldorf
274546|Sportclub Neudörfl
274547|KSV Ankerbrot
274548|Sportverein Wienerberg 1921
274549|Post Sportverein Wien
274550|Sportverein Essling
274551|Gersthofer Sportvereinigung
274553|Sportclub Ostbahn XI
274554|Rennweger SV
274555|SR Donaufeld
274558|blum FC Höchst
274564|Sportverein Haitzendorf
274565|Sportclub Herzogenburg
274566|Sportverein Langenrohr
274567|Sportclub Neunkirchen
274569|Arbeiter Sportverein Schrems
274570|ASV Vösendorf
274571|Sportverein Stegersbach
274572|Fussballclub Deutschkreutz
274573|Sportverein Forchtenstein
274574|Arbeiter Sportklub Kohfidisch
274575|Sportverein Sankt Margarethen
274576|Sportverein Eberau
274578|ASK Horitschon
274581|SVU Gleinstätten
274582|Union Fussballclub Fehring
274583|USV Gnas
274584|ATV Irdning
274585|Fussballclub Großklein
274586|SC Bruck/Mur
274588|FC WR Nußdorf-Debant
274592|SC St. Stefan/Lav.
274593|SK Treibach
274594|Sportclub Landskron
274595|FC St. Michael/L.
274596|ATuS Ferlach
274597|SV Griffen
274598|ATUS Nötsch
274599|Sportverein Traun
274601|SV Zebau Bad Ischl
274602|SV Bad Schallerbach
274603|ATSV Sattledt
274605|SPG Rohrbach/Altenfelden
274607|Union Henndorf
274608|Sportverein Straßwalchen
274609|SV Hallwang 1968
274612|Sport-Verein Absam
274614|Sportverein Kematen
274616|Sportverein Kirchbichl
274617|SV Raika Kolsass / Weer
274618|Sportvereinigung Mayrhofen
274619|SV Weber Beton Oberperfuss
274621|SC Admira Dornbirn 1946
274622|Fussballclub Bizau
274623|FC Brauerei Egg
274624|Fussballclub Koblach
274625|SV typico Lochau
274627|Fussballclub Nenzing
274629|Fussballclub Sulzberg
274638|Sportverein Güssing
274640|SV Gerasdorf Stammersdorf
274641|Sportclub Mannswörth
274642|Sportclub Oberpullendorf
274643|KAC 1909
274644|FC ASKÖ Gmünd
274645|DSG Sele Zell
274649|Sportverein Längenfeld
274653|Sportklub Fürstenfeld
274654|SV Wildon
274656|Union Raifeissen Mondsee
274657|Fussballclub 1980 Wien
274658|Arbeiter Sport Verein 13
274659|FC A11/R.Oberlaa
274660|FV Austria XIII Auhof Center
274666|Sportclub Red Star Penzing
274667|SK Slovan HAC
274669|Sportunion AC Mauer
274672|Fussballclub Hellas Kagran
274675|Sportverein Hirschstetten
274676|Nußdorfer Athletik Club 1907
274680|SC Columbia Floridsdorf
274685|SC Großfeld
274700|Sportclub Wolkersdorf
274703|SV 'Donau' Langenlebarn
274704|Sportverein Absdorf
274706|SG Bad Vöslau/Kottingbr.
274710|Sportverein Waidhofen/Thaya
274716|UFC St. Peter/Au
274717|ASV Spratzern
274721|USV Oed/Zeillern
274722|Sportverein Leithaprodersdorf
274724|Union Fussballclub Tadten
274726|Sportklub Pama
274727|Sportclub Kittsee
274728|Union Sportverein Halbturn
274730|Fussballclub Winden am See
274731|Union Fussballclub Pamhagen
274732|Sportclub Breitenbrunn
274733|Sportverein Gols
274734|ASV Steinbrunn
274736|Sportclub Gattendorf
274737|Sportverein Schattendorf
274741|Arbeiter Sportklub Neutal
274743|Sportclub Bad Sauerbrunn
274744|Arbeiter Sport Klub Marz
274745|ASKÖ Kobersdorf
274749|Union Sportclub Pilgersdorf
274750|UFC Jennersdorf
274751|Sportverein Kukmirn
274753|UFC Markt Allhau
274758|SC Herz Pinkafeld
274761|Sportverein Großpetersdorf
274763|Sportverein Olbendorf
274765|Sportverein Freistadt
274767|Union Fussballclub Eferding
274768|Sportclub Marchtrenk
274770|Union Naarn
274771|Sportclub Hörsching
274773|SPG Putzleinsdorf/Hofk.
274775|ASKÖ Schwertberg
274779|SPG Esternberg/St. Roman
274782|Sportverein Neumarkt/Pötting
274783|Sportklub Bad Wimsbach 1933
274787|Sportverein Anthering
274789|Union Fussballverein Thalgau
274790|SC Raika Golling
274791|USV 1960 Berndorf
274793|Sportverein Bürmoos
274795|Sportklub Strobl
274797|Sportklub Adnet
274798|Union Sportverein Plainfeld
274799|Union Fussballclub Maria Alm
274800|Union Sportclub Piesendorf
274801|Sportclub Mittersill
274802|Union Sportklub St. Michael
274803|Sportclub Mühlbach im Pinzgau
274806|Sportclub Pfarrwerfen
274809|Fussballclub Kaprun
274810|Sportclub Tamsweg
274811|SV Schwarzach
274813|ASKÖ Köttmannsdorf
274817|Sportverein ASKÖ Ludmannsdorf
274818|Arbeiter Sport Klub Wölfnitz
274822|ASKÖ St. Michael/Bl.
274823|Sportverein Kraig
274826|FC Union Sillian-Heinfels
274827|Sportverein Rapid Lienz
274828|Sportverein Penk/Reisseck
274830|Turn- und Sportunion Matrei
274835|Sportverein Dellach/Gail
274836|Sportverein Rothenthurn
274838|SV Seeboden
274839|Sportklub Maria Saal
274840|Sportverein Pachern
274841|Sportverein Flavia Solva
274843|Sportverein Gössendorf - JAZ
274844|Sportverein Lebring
274846|Union Sportverein Mooskirchen
274848|SV Domaines Kilger Frauental
274853|Sportverein Frohnleiten
274854|HOFMANN PERSONAL Ilzer SV
274855|Pöllauer Sportklub I
274857|Sportunion Straden
274859|TuS Greinbach
274860|Sportverein Feldbach
274862|USV Hartberg/U.
274863|Sportverein Pischelsdorf
274864|Sportclub Liezen
274866|Sportverein Thörl
274867|Fussballclub Trofaiach
274871|TuS St. Peter/Kbg.
274872|ESV Mürzzuschlag
274873|FC Hohenhaus Tenne Schladming
274874|SV Opbacher Fügen
274875|Fussballclub Volders
274876|Fussballclub Schlins
274879|Sportverein Walchsee
274883|Sportverein Brixen
274894|SV Haiming im Ötztal
274898|Völser Sportverein
274899|FC O&S Bau Andelsbuch
274901|Sportclub Hatlerdorf
274903|Sportklub Austria Meiningen
274906|Fussballclub Schwarzenberg
274907|Turn- und Sportunion Bramberg
274908|Fussballclub Illmitz
274911|ASV Siegendorf
274913|ASV Hohenau
274914|ASV Neufeld/Leitha
274916|Arbeiter Sportklub Ternitz
274917|Sportclub Wacker Wien
274922|Sportverein Loipersbach
274926|USVS Hausbauführer Rudersdorf
274929|Sportverein Rechnitz
274930|Arbeiter Sport Klub Eggendorf
274935|Arbeiter Sportklub Ybbs
274937|1. SV Wiener Neudorf
274943|Casino Badener Athletic Club
274962|VfB Bezau
274968|Sportclub Fussach
275018|Sportclub Maccabi Wien
275041|Sportklub Eggenburg
275043|Union Sportclub Seitenstetten
275060|Fussballclub Kapellerfeld
275093|FCJ Alt-Ottakring
275098|Sportverein Draßmarkt
275099|Sportklub Unterschützen
275100|Union PROCON Dietach
275106|Fussballclub Bergheim
275110|SPG FC Riefensberg
275112|Sportverein Union Lind
275113|SV ASKÖ Irschen
275116|SC Globasnitz
275121|ASV Bad Mitterndorf
275126|Fussballclub Schruns
275127|TuS Bad Waltersdorf
275145|WSG Radenthein
275244|Sportclub Brunn am Gebirge
275273|Sportvereinigung Gloggnitz
275274|Sportverein Wimpassing
275366|Sportklub ADmira Linz
275416|Arbeiter Sportklub Klagenfurt
275434|Fussballclub Kennelbach
275447|ESV Admira Villach
275455|ASK St. Valentin
275461|Werkssportverein Liezen
275489|SC Göfis
275494|SK St. Andrä/Lav.
275497|USV Scheiblingkirchen-Warth
275498|Sportclub Grün-Weiss Lassee
275499|Union SC Weißenkirchen
275500|SV 7023 Z-S-P
275505|ESV Knittelfeld
275512|Sportunion St. Martin/M.
275513|ASKÖ Viktoria Marchtrenk
275514|SPG Utzenaich/Antiesenh.
275516|SPG Silz/Mötz
275521|Sportverein Arnoldstein
275532|Sportklub St. Magdalena
275547|SPG Munderfing/Pfaffstätt
275548|Sportklub Werndorf
275553|Sportclub Melk
275554|Sportclub Union Kilb
275555|SC Hainfeld
275566|FC Eisenkappel
275575|Union Fussballclub Altenmarkt
275578|Sportclub Bad Hofgastein
275583|Union Sportverein Elixhausen
275590|Sportverein Lackenbach
275593|SV Wernberg
275594|Fussballclub Lurnfeld
275596|SC St. Margarethen/R.
275611|ATSV Neuzeug
275612|Sportverein Garsten
275614|SV Frannach Edelstauden
275651|Sportklub Cro-Vienna
275675|RUPP FOOD Austria FC Hörbranz
275676|Sportverein Ludesch
275678|Fussballclub Sulz
275681|Sportverein Frastanz
275682|SPG Großwalsertal
275684|Fussballclub Hittisau
275732|Sportclub Mils 05
275734|FC Koch Türen Natters
275738|Sportverein Breitenbach
275748|Sportverein Umhausen
275765|SV Schlitters
275784|Sportclub Münster in Tirol
275808|Union Sportverein Koppl
275813|Union Fussballclub Radstadt
275830|Union Fussballclub Siezenheim
275859|Union Rasenclub Thal/Assling
275865|SV Rosegg
275867|ATUS Velden
275868|SV Maria Gail/T.
275870|Sportverein Eberstein
275872|Sportclub Launsdorf
275873|SGA Sirnitz
275875|Sportverein Moosburg
275878|SV Oberglan
275880|Arbeiter Sport Klub Mittlern
275888|Sportverein Gallizien
275889|DSG Ferlach
275891|SV FC Dölsach
275904|SV St. Jakob/R.
275905|Fussballclub Faakersee
275906|DSG Ledenitzen
275910|SV Afritz
275911|Sportverein Malta
275912|SC Arriach
275932|SV Bad St. Leonhard
275934|Arbeiter Sport Klub Gurnitz
275939|SV Donau Klagenfurt
275940|TSV Grafenstein
275952|Union Sportverein St. Ulrich
275964|Union Gschwandt
275969|UFC Stampfl Bau Ostermiething
275970|Sportverein Schalchen
275993|Sportunion Gunskirchen
276034|Union Peuerbach
276042|SPG Windischgarsten
276055|Arbeiter Sport Klub Ohlsdorf
276061|Sportclub Schwanenstadt 08
276088|ASKÖ Oedt
276118|SU Vortuna Bad Leonsfelden
276166|Sportklub Kammer
276215|Sportverein Lambrechten
276226|USV Kainbach-Hönigtal
276229|Sportclub Unterpremstätten
276230|Sportverein Andritz AG
276234|FCU Weinland Gamlitz
276235|Union Sportverein Gabersdorf
276237|Sportverein Strass
276238|ATuS Bärnbach
276242|SV Tillmitsch
276243|Union Sportverein Hengsberg
276246|Union Sportclub Eichkögl
276257|FC Pinggau-Friedberg
276259|SV Rohrbach/L.
276260|Sportverein Union Ilztal
276266|SVU Haus/E.
276271|TuS Krieglach
276276|Sportverein Trieben
276277|Fussballclub Obdach
276279|Fussballclub Judenburg
276290|Turn- und Sportverein Rein
276316|DUSV Loipersdorf
276322|USV Deutsch Goritz
276324|TSV Kirchberg/R.
276335|Sportverein Krottendorf
276344|Sportverein Union Pruggern
276346|Fussballclub Gaishorn
276349|Sportverein Lassing
276360|SV St. Lorenzen/Kn.
276373|SC St. Peter/Fr.
276412|Sportunion Rebenland
276495|ESV St. Michael
276498|Union Fussballclub Mariazell
276508|Sportclub Katzelsdorf
276522|Fussballclub Rohrendorf
276536|TSU Obergänserndorf
276538|Sportverein Sierndorf
276539|Fussballclub Neudorf
276579|ASK Mannersdorf
276597|Sportclub Hirschwang
276603|Sportclub Wieselburg
276619|Sportclub Lilienfeld
276643|Sportclub Rabenstein
276652|Sportvereinigung Purgstall
276656|1. Fussballclub Bisamberg
276663|Fussballclub Klosterneuburg
276682|Sportverein Gänserndorf
276748|ASK Bad Fischau
276902|Union Fussballclub Pama
276903|ASV Deutsch Jahrndorf
276907|ASV Hornstein
276922|Sportclub Bad Tatzmannsdorf
276923|Arbeiter Sportklub Schlaining
276924|ASKÖ SV Rotenturm
276927|SC Grafenschachen
276932|Arbeiter Sportklub Oberdorf
276933|Sportverein Heiligenkreuz
276944|Fussballclub Andau
276954|Sportclub der Freistadt Rust
276955|Sportverein Oberloisdorf
276964|ASV Pöttsching
276965|SC Unterpullendorf
276978|ASV St. Martin a.d. Raab
276979|Sportverein Mühlgraben
276984|ASVÖ Gemeinde Tobaj
276988|ASKÖ Klingenbach
277003|SG Waidhofen/Ybbs
277012|Sportverein Greifenburg
277088|WAF pinova Telekom
277126|FC Kindberg-Mürzhofen
277151|RSV Marianum
277258|ATSV Salzburg
277312|LAC-Inter
277322|FSG Oberp./Schwarzenb.
277388|SVH Waldbach
277392|Sportverein Stainach-Grimming
277411|ASV Salzburg
277650|SPG Algenmax Pregarten
277652|USV Neuhofen/Innkr.
277655|SG Großweikersd./Wiesend.
277704|Sportverein Dinamo Helfort
277727|SPG Oberland West
277838|SU Schönbrunn
277877|SPG Weißkirchen/Allhaming
277880|SC St. Veit
277887|SpG Edelserpentin
277888|SpG Lockenhaus/Rattersd
277913|SPG Friedburg/Pöndorf
277919|SG Rückersdorf/Klopein.
277933|SG Korneuburg/Stetten
278087|Fussballclub Stubai
278102|Union Sportclub Wallern
278108|SV Stripfing Weiden
278278|FC Rotenburg
278281|UFC Hallein
278337|Mattersburger SV 2020
278338|SG Ardagger/Neustadtl
278339|SG Ortmann/Oed-Waldegg
278340|USC Rohrbach
278529|TWL Elektra
278578|SPG Kaisersdorf/St.Mart.
278625|SPG St. Florian/Niedern.
278643|SPG WSG Hogo Hertha / FC Wels
278656|SPG Andorf/Sigharting
278684|Spielgemeinschaft Katsdorf
278710|SPG Pettenbach/Grünau
278718|Sportverein Götzens
327679|Austria
327683|Neftçi Peşakar Futbol Klubu
327685|Turan-T İdman Klubu
327686|FK Qarabağ
327687|Şamaxı Futbol Klubu
331777|Merkezi Ordu İdman Klubu Bakı
331778|Qəbələ Futbol Klubu
331785|Sumqayıt Futbol Klubu
331792|FK Ağsu
331811|FK Neftçala
331812|Kapaz Peşakar Futbol Klubu
331813|Qaradağ Lökbatan Futbol Klubu
331814|Şahdağ Qusar Futbol Klubu
331817|Araz Naxçıvan
331825|Zirə Futbol Klubu
331828|Səbail Futbol Klubu
331829|Sabah Futbol Klubu
339970|Şəfa Futbol Klubu
339981|Karvan Futbol Klubu Yevlax
340000|Şahdag Quba
340070|Zaqatala Peşəkar Futbol Klubu
340112|FK Füzuli
340124|İmişli Peşəkar Futbol Klubu
340128|Mingəçevir Futbol Klubu
340130|İravan Futbol Klubu
340131|DİFAİ Futbol Klubu
340132|Araz Saatlı Futbol Klubu
340133|Cəbrayıl Futbol Klubu
340136|Sportinq Bakı
340182|Şimal Futbol Klubu Xaçmaz
393215|Azerbaijan
393217|FC Belshina Bobruisk
393218|FC BATE Borisov
393219|FC Dinamo Minsk
393220|FC Gomel
393221|FC Neman Grodno
393222|FK-Slavia Mozyr
393224|FC Minsk
393226|FC Veles-2020 Vitebsk
393232|FC Svetlogorsk
393234|FC Svisloch
393243|FC Niva Dolbizno
397315|FC Dinamo Brest
397320|FC Naftan-Novopolotsk
397322|FC Smorgon
397323|FK Torpedo–BelAZ Zhodino
397324|FC Vitebsk
397325|FC Baranovichi
397326|FC Volna Pinsk
397327|FC Slonim–2017
397328|FC Lida
397336|FC Slutsk-2024
397337|FC Isloch Minsk Region
397346|FC Lokomotiv Gomel
397349|FC Orsha
397352|FC Energetik-BGU Minsk
397363|FSK Molodechno - 2013
405513|FC Luninets
405515|ML Vitebsk
405519|FC Gorki
405544|FC Osipovichi
405559|Zhlobin
405578|Viktorija Marjina Gorka
405609|FC Gazovik Vitebsk
405613|Energetik-BGATU-Minsk
405617|FC Ivatsevichi-SDYUSHOR
405647|Stenles Pinsk
405649|FC Bumprom Gomel
405650|NFK Krumkachy Minsk
405654|FC Arsenal Dzerzhinsk
405655|FC Dnepr-Mogilev
405660|FC Polotsk-2019
405662|Chayka Zelva
405664|FC BGU Minsk
405665|FC Ostrovets
405668|Kronon Stolbtsy
405694|Uni X Labs
458751|Belarus
458753|KAA Gent
458755|KSV Cercle Brugge
458756|Club Brugge KV
458759|Koninklijke Sint-Truidense VV
458760|Royal Standard de Liège
458761|Royal Charleroi Sporting Club
458763|KVC Westerlo
458765|La Louvière Centre
458766|Anderlecht
458768|K Racing Club Genk
458771|KFC Dessel Sport
458772|R Excelsior Virton
458773|KAS Eupen
458775|Oud-Heverlee Leuven
458776|AS Verbroedering Geel
458779|KFC Vigor Wuitens Hamme
458780|Royale Union Saint-Gilloise
458781|KV Kortrijk
458782|SV Zulte-Waregem
458783|Lommel SK
458785|Royal Antwerp FC
458786|RU Tubize-Braine
458787|Yellow Red KV Mechelen
458788|SK Beveren
458790|KVK Tienen
458792|Union Namur
458793|K Patro Eisden Maasmechelen
458794|Racing Club Harelbeke
458795|FCV Dender EH
458796|KFC Turnhout
458799|RFC Tournai
458800|KSK Tongeren
458801|Royal Football Club de Liège
458802|Beerschot
458803|K Racing Club Mechelen
458821|Royal Football Club Wetteren
458822|RFC Seraing
462849|R Cappellen FC
462851|KSK Heist
462852|Hoogstraten VV
462854|KSV Oudenaarde
462855|K Rupel Boom FC
462856|Sportkring Sint-Niklaas
462858|KSC Lokeren-Temse
462860|Torhout KM
462864|Bocholt VV
462865|K Diegem Sport
462867|Sporting Hasselt
462874|RRC Hamoir
462875|RFC Union La Calamine
462882|K Olsa Brakel
462895|K Berchem Sport 2004
462899|RES Acrenoise Lessines
462902|Tempo Overijse
462907|SK Londerzeel
462916|KRC Gent
462918|K Sint-Eloois-Winkel Sport
462920|KFC Sparta Petegem
462931|Koninklijke Lierse Sportkring
462942|RU Wallonne Ciney
462951|Royal Sprimont Banneux
462963|Royal Arquet Namur
462976|FC Gullegem
462979|Royal Francs Borains
462981|KVK Westhoek
462982|R Knokke FC
462983|Royal Olympic Club Charleroi
471041|RAAL La Louvière
471071|VC Lille United
471078|KFC Diest
471082|K Lyra-Lierse
471090|FC Lebbeke
471091|RWDM Brussels
471094|Union Rochefortoise FC
471112|KVK Wellen
471113|K Wezel Sport FC
471115|KFC Zwarte Leeuw
471156|RSD Jette
471163|RES Wanze Bas-Oha
471164|KFC Sint-Lenaarts
471177|KFC Merelbeke
471190|SC Wielsbeke
471198|RRC Mormont
471204|CS Pays Vert Ostiches-Ath
471205|VK Ninove
471208|KFC Nijlen
471214|RFC Meux
471229|KSC Blankenberge
471236|Royal Stade Waremmien FF
471240|RES Couvin-Mariembourg Fraire
471258|RC Hades Kiewit Hasselt
471265|SV Belisia Bilzen
471269|K Olympia SC Wijgmaal
471274|RCS Brainois
471288|SC Dikkelvenne
471291|Avanti Stekene
471299|FC Ganshoren
471309|Eendracht Termien
471346|KFC Houtvenne
471359|FC Esperanza Pelt
471361|RUS Biesme
471364|Cercle Sportif Onhaye
471378|R Aywaille FC
471400|Herstal FC
471401|KSC City Pirates Antwerpen
471407|SK Pepingen-Halle
471409|SK Lochristi
471472|KVV Thes Sport Tessenderlo
471473|KAC Betekom
471488|KFC Voorde-Appelterre
471503|KVC SV Oostkamp
471531|Sportief Rotselaar
471625|KVE Drongen
471635|RUS Binche
471641|RUS Givry
471648|Sporting Bruxelles
471656|CS Entité Manage
471777|RSC Habay-La-Neuve
471794|RCS Verlaine
471796|RAEC Mons
471807|Crossing Schaerbeek
471814|RUS Rebecquoise
471815|K Berg en Dal VV
471823|KFC Hoger Op Kalken
471827|FC Richelle United
471831|KSK Voorwaarts Zwevezele
471836|Royal FC Mandel United
471837|R Stockay Saint-Georges s/m
471838|KVV Zelzate
471840|RFC Rapid Symphorinois
471848|RFC 1912 Raeren-Eynatten
471853|Erpe-Mere United
471865|FC Flénu
471898|RSC Tilffois
471927|SK Roeselare
471929|Stade Verviétois
471934|Royale Union Hutoise
471938|KV Diksmuide-Oostende
524287|Belgium
524289|NK Jedinstvo Bihać
524291|HŠK Zrinjski Mostar
524292|FK Željezničar Sarajevo
524293|NK Travnik
524294|FK Sloboda Tuzla
524296|FK Borac Banja Luka
524297|NK Čelik Zenica
524299|FK Borac Kozarska Dubica
524300|FK Budućnost Pilica
524301|HNK Tomislav Tomislavgrad
524303|FK Baton Sarajevo
524312|FK Gornji Rahić
528385|FK Laktaši
528386|FK Leotar Trebinje
528387|FK Modriča Maxima
528389|FK Rudar Prijedor
528390|FK Sarajevo
528391|FK Slavija Istočno Sarajevo
528392|NK Široki Brijeg
528393|FK Velež Mostar
528394|FK Zvijezda Gradačac
528395|FK Budućnost Banovići
528396|GOŠK Gabela
528397|FK Radnik Hadžići
528398|NK Bosna Visoko
528400|FK Rudar Kakanj
528404|FK Igman Konjic
528405|NK Vitez
528408|FK BSK Banja Luka
528409|FK Kozara Gradiška
528410|FK Radnik Bijeljina
528412|FK Sloga Meridian Doboj
528413|FK Sutjeska Foča
528414|FK Ljubić Prnjavor
528415|FK Drina Zvornik
528417|FK Famos Vojkovići
528419|Drina HE
528421|FK Romanija Pale
528422|NK Bratstvo Gračanica
528431|HNK Čapljina
528432|OFK Gradina Srebrenik
528434|FK Sloboda Mrkonjić Grad
528436|FK Mladost Doboj-Kakanj
528438|NK Troglav 1918 Livno
528443|FK Podrinje Janja
528444|FK Turbina Jablanica
528448|FK Radnički Lukavac
528453|FK Tekstilac Derventa
528454|FK Goražde
528457|FK Tuzla City
528464|FK Zvijezda 09
530521|TOŠK Tesanj
530528|FK Željezničar Banja Luka
536577|NK Posušje
536582|NK Brotnjo Čitluk
536590|HNK Grude
536592|FK Glasinac
536611|FK Vitez
536648|FK Krivaja Zavidovići
536649|FK Stupčanica Olovo
536658|FK Omarska
536662|FK Vlasenica
536665|FK Velež Nevesinje
536681|NK Dinamo Donja Mahala
589823|Bosnia-Herzegovina
589825|CSKA Sofia
589826|Lokomotiv Sofia
589827|PFC Levski Sofia
589828|Lovech
589829|Slavia 1913 Sofia
589830|Spartak 1918 Varna
589831|Lokomotiv 1926 Plovdiv
589832|Marek Dupnitsa
589833|Belasitsa Petrich
589834|Cherno more Varna
589835|Beroe Stara Zagora
589836|Vihren Sandanski
589837|Botev Plovdiv
589839|Rilski sportist Samokov
589840|Rodopa Smolyan
589842|OFK Pirin Blagoevgrad
589844|Minyor Pernik
589845|Lokomotiv 2012 Mezdra
589847|Montana 1921
589848|Sportist 1924 Svoge
589850|Arda 1924 Kardzhali
589851|CSKA 1948 Sofia
589853|Hebar Pazardzhik
589865|OFK Haskovo
593922|Sevlievo
593923|Dunav 2010 Ruse
593926|Svetkavitsa Targovishte
593928|PFK Nesebar
593932|Spartak-S '94 Plovdiv
593933|Chernomorets Balchik
593934|FK Bansko
593935|Etar Veliko Tarnovo
593936|Pirin Gotse Delchev
593939|Dobrudzha 1919 Dobrich
593940|Balkan Botevgrad
593941|Bdin Vidin
593944|POFK Botev Vratsa
593945|Septemvri Simitli
593946|Akademik Svishtov
593948|Benkovski Byala
593950|Yantra 1919 Gabrovo
593951|Lokomotiv Dryanovo
593954|Levski 2004 Karlovo
593956|Hebros 1921 Harmanli
593957|Maritsa Plovdiv
593960|Rozova dolina Kazanlak
593962|Vitosha Bistritsa
593965|Metalik Sopot
593966|Neftochimic 1962 Burgas
593967|Strumska slava 1927 Radomir
593970|Septemvri Sofia
593973|Spartak Pleven
593975|FK Slivnishki geroy Slivnitsa
593976|Ludogorets 1945 Razgrad
593977|Dorostol 2013 Silistra
593979|Pirin 2002 Razlog
593984|Lokomotiv Gorna Oryahovitsa
593985|FK Sozopol
593986|Vereya Stara Zagora
593988|Oborishte Panagyurishte
602125|Shumen 2007
602129|Velbazhd Kyustendil
602147|Dimitrovgrad 1947
602149|Asenovets 2005 Asenovgrad
602160|Karnobat
602167|Lokomotiv Ruse
602172|OFK Pavlikeni
602182|Sokol Markovo
602184|Zagorets Nova Zagora
602189|Levski 1923 Elin Pelin
602200|Kom Berkovitsa
602224|Yantra Polski Trambesh
602226|Perun Kresna
602227|Aksakovo
602230|Septemvri '98 Tervel
602232|Sekirovo Rakovski
602236|Kostinbrod
602238|Botev 1927 Ihtiman
602239|Chernolomets Popovo
602397|Botev 2008 Novi Pazar
602401|Benkovski Isperih
602402|Fratria
602407|Germaneya Sapareva banya
602421|Levski 2007
602422|OFK Gigant Saedinenie
602433|Levski-Rakovski Sofia
602461|Yambol 1915
602514|Sliven
602548|Zhiten
602574|Pastrina Nikolovo
602575|Atletik Kuklen
602607|Partizan Cherven bryag
602612|Chiko Bunara Byaga
602618|Juventus Malchika
602627|Chernomorets 1919 Burgas
602634|Inter Dobrich
602648|Kyustendil
602657|Levski Chepintsi
602659|Nadezhda Dobroslavtsi
602662|Ustrem Donchevo
602665|Granit Vladaya
602669|Drenovets
602684|Riltsi Dobrich
602699|Svetkavitsa 1922 Targovishte
602706|Malnia Kliment
602735|Ludogorets Paisievo
602802|Maritsa Milevo
602805|Rakovski
602864|FC Olympic Varna
602865|FC Troyan
655359|Bulgaria
655362|GNK Dinamo Zagreb
655363|HNK Hajduk Split
655364|NK Zagreb
655365|NK Slaven Belupo
655367|NK Varaždin
655368|HNK Rijeka
655370|HNK Cibalia Vinkovci
655371|NK Osijek
655372|HNK Šibenik
655374|NK Pomorac 1921 Kostrena
655375|NK Belišće
659457|NK Karlovac 1919
659458|NK Lokomotiva Zagreb
659459|NK Istra 1961
659460|HNK Segesta Sisak
659462|HNK Orijent
659464|Hr. Dragovoljac
659466|NK Croatia Zmijavci
659467|NK Dubrava Tim kabel
659472|NK Grobničan Čavle
659473|NK Junak Sinj
659474|NK Lučko
659476|NK Rudeš
659477|NK Solin
659479|RNK Split
659481|NK Crikvenica
659482|HNK Gorica
659483|HAŠK
659497|NK Zelina
659499|HNK Đakovo Croatia
659503|NK Koprivnica
659505|NK Lipik 1925
659516|NK Dugopolje
659524|NK Omiš
659526|NK Primorac 1929 Stobreč
659536|NK Međimurje Čakovec
659538|NK Omladinac Gornja Vrba
659539|NK Lukavec
659543|NK Krk
659545|NK Sesvete
659552|NK Marsonia Slavonski Brod
659554|NK Novigrad 1947
659555|NK Bistra
659556|NK Kustošija Zagreb
659557|NK BSK Bijelo Brdo
667652|NK Neretva Metković
667653|NK Samobor
667654|HNK Vukovar 1991
667655|NK Bjelovar
667658|NK Jadran Poreč
667661|NK Zagorec Krapina
667666|NK Vrbovec
667668|NK Bedem Ivankovo
667669|NK Dilj Vinkovci
667671|NK Graničar Županja
667674|NK NAŠK Našice
667677|NK Slavonac 1980 Bukovlje
667679|NK Sloga Nova Gradiška
667680|NK Valpovka Valpovo
667683|NK Buje
667685|NK Gospić '91
667686|NK Halubjan Viškovo
667688|NK Nehaj Senj
667689|NK Opatija
667690|NK Pazinka Pazin
667692|NK Rovinj
667693|NK Rudar Labin
667694|NK Uljanik Pula
667698|NK Dugo Selo
667701|NK Ponikve Zagreb
667703|NK Špansko
667705|NK Trnje Zagreb
667709|NK Hrvatski Vitez Posedarje
667711|NK Jadran Luka Ploče
667714|NK Primorac Biograd
667716|HNK Val Kaštel Stari
667718|NK Garić Garešnica
667719|NK Graničar Kotoriba
667721|NK Križevci
667722|NK Mladost Ždralovi
667723|NK Pitomača
667724|NK Podravac Virje
667725|NK Slatina
667734|NK Novalja
667736|NK Uskok Klis
667737|Papuk Osječko 1664
667739|ŽNK Virovitica
667740|NK Podravina Ludbreg
667741|NK Bilogorac
667742|NK Mladost Komet Prelog
667748|NK Slavija Pleternica
667751|NK Čepin
667752|NK Slavonija Požega
667753|NK Oriolik
667754|NK Tomislav Cerna
667756|NK GOŠK Kaštel Gomilica
667758|NK Otočac
667770|NK Vrapče
667774|HNK Jadran Kaštel Sućurac
667776|NK Vinodol Novi Vinodolski
667782|NK Kurilovec
667784|NK Darda
667785|NK Nedelišće
667787|NK Tomislav Donji Andrijevci
667788|GSNK Mladost Petrinja
667789|NK Bedekovčina
667793|NK Zagora Unešić
667795|NK Kraljevica
667799|NK Neretvanac
667804|HNK Zmaj Makarska
667810|HNK Daruvar
667816|NK Hrvace
667824|NK Trešnjevka Zagreb
667834|NK Maksimir
667837|NK Medulin 1921
667847|NK Vodice
667853|NK Urania Baška Voda
667854|HNK Sloga Mravince
667857|NK Gaj Mače
667858|NK Kamen Podbablje
667859|NK Ravnice
667862|NK Naprijed Hreljin
667865|NK Lokomotiva Rijeka
667872|NK Dinamo Domašinec
667889|NK Sava Strmec
667896|BŠK Zmaj Blato
667907|NK Graničar Đurđevac
667913|ŠNK Banovac Glina
667923|NK Vuteks-Sloga Vukovar
667926|NK Dinamo Odranski Obrež
667929|NK Polet Sveti Martin na Muri
667930|NK Vihor Jelisavac
667933|NK Prečko
667936|NK Rudar Mursko Središće
667937|NK Borac Kneževi Vinogradi
667938|HNK Radnički Mece
667975|NK Svačić Stari Slatinik
667997|NK Bednja Beletinec
668044|NK Banjole
668052|NK Cres
668056|NK OŠK Omišalj
668079|NK GOŠK Dubrovnik 1919
668080|NK Varteks Varaždin
668083|NK Jarun Zagreb
668084|NK Zrinski Osječko 1664
668087|NK Tehničar 1974 Cvetkovec
668088|NK Kutjevo
668090|HNK Zadar
668091|Međimurec (DP)
668093|NK Inker Zaprešić
668094|NK Dinamo Predavac
668098|GNK Tigar Sveta Nedelja
668109|NK Bilogora 91 Grubišno Polje
668110|NK Vardarac
668116|NK Radnički Dalj
668117|NK Vinogorac Slavonski Brod
720895|Croatia
720897|Ethnikos Achnas
720898|APOEL Nicosia
720899|Ermis Aradippou
720900|Apollon Limassol
720901|AE Kition Larnakas
720902|Olympiakos Nicosia
720903|Omonoia Nicosia
720904|Digenis Akritas Morfou
720905|Nea Salamis Famagusta
720906|EN Paralimniou
720907|AE Limassol
720908|APE Pitsilias
720910|EN THOI Lakatamias
720911|Omonoia Aradippou
720912|Doxa THOI Katokopias
720913|Anagennisi Deryneias
720914|Pafos FC
720915|AO Agias Napas
720916|Aris Limassol
720917|Anorthosis Famagusta
720920|Ethnikos Assias
720921|ASI Lysis
720922|PAEE Keryneias
720923|MEAP Pera Choriou Nisou
720924|Chalkanoras Idaliou
720926|Akritas Chlorakas
720933|AE Zakakiou
724994|Othellos Athienou
724995|Karmiotissa Pano Polemidion
724997|Adonis Idaliou
724999|Omonoia Psevda
725000|ALS Omonoia 29 M
725001|EN Ypsona
733194|Iraklis Gerolakkou
733196|Orfeas Nicosia
733201|Spartakos Kitiou
733204|Ethnikos Latsion
733205|Olympias Lympion
733207|APE Akrotiriou
733209|Elpida Astromeriti
733211|PO Ormideias
733213|Amathous Agiou Tychona
733215|Kouris Erimis
733216|PO Achyronas - Onisilos
733217|ASPIS Pylas
733218|AE Pano Polemidion
733219|AS APONA Anagyias
733220|Kedros
733221|Geroskipou FC
733222|FC Leivadia 2022
733223|AEE Doxa Palaiometochou
733224|Anorthosis Mouttagiakas
733225|AEN
733226|Atlas Aglantzias
733228|APOP Polis
786431|Cyprus
786434|FK Mladá Boleslav
786435|Tochovice
786437|FK Jablonec
786438|FC Slovan Liberec
786439|SK Sigma Olomouc
786440|FK Příbram
786441|SK Slavia Praha
786442|AC Sparta Praha
786443|FK Teplice
786445|FC Zlín
786446|FC Baník Ostrava
786447|FC Zbrojovka Brno
786448|SK Dynamo České Budějovice
786449|SK Kladno
786450|FC Viktoria Plzeň
786451|Slezský FC Opava
786452|FC Vysočina Jihlava
786453|Bohemians Praha 1905
786454|FK Viktoria Žižkov
786461|1. FC Slovácko
786462|Kosmonosy
790529|FK VIAGEM Ústí nad Labem
790530|FC Hradec Králové
790531|FK Admira Praha
790532|FK Dukla Praha
790534|FC Chomutov
790537|FK Fotbal Třinec
790538|FK Pardubice
790539|FK Baník Sokolov 1948
790540|MFK Karviná
790541|MFK Vítkovice
790542|FC Sellier & Bellot Vlašim
790543|FC Hlučín
790544|Karlovy Vary
790545|FC Písek fotbal
790546|FK Arsenal Česká Lípa
790547|FK Králův Dvůr
790548|Slavoj Vyšehrad
790549|FC SILON Táborsko
790550|FK Loko Praha
790552|FK Motorlet Praha
790553|FK Varnsdorf
790555|1. Holický FK Olomouc
790556|1. SC Znojmo FK
790558|FC TVD Slavičín
790560|MFK Frýdek-Místek
790562|MSK Břeclav
790563|SK Hanácká Slavia Kroměříž
790564|SK Artis Brno
790565|SK Sulko Zábřeh
790566|SK Uničov
790571|Benešov
790572|Aritma Prague
790574|Dolní Benešov
790575|Chrudim
790577|Hořovice
790580|Letohrad
790581|Jiskra Domažlice
790582|Slovan Rosice
790585|Meteor Prague
790586|Chlumec nad Cidlinou
790595|Prostějov
790599|Sparta Kolín
790600|Valašské Meziříčí
790602|Viktoria Přerov
790604|Havířov
790605|Turnov
790608|Uherský Brod
790609|Brandýs nad Labem
790610|Bohumín
790611|Náchod
790612|Hodonín
790615|Blansko
790618|Hranice
790623|Zápy
790624|Rýmařov
790628|Povltavsko
790629|Žďár nad Sázavou
790632|Dobrovice
790633|Tachov
790634|Benátky nad Jizerou
790635|Velké Meziříčí
790638|Vyškov
790645|Ústí nad Orlicí
790647|Brozany
790648|Vrchovina
790649|Velvary
790651|Živanice
798722|Hvězda Cheb
798725|Neratovice - Byškovice
798730|Nový Jičín
798733|Brumov
798734|Vratimov
798742|Milín
798744|Rokycany
798749|FC ZVVZ Milevsko
798750|Pelhřimov
798752|Klatovy
798753|FK Robstav
798761|Štětí
798762|Zatec
798766|Český Brod
798769|Velim
798771|Trutnov
798774|Velké Hamry
798775|FK Čáslav
798780|TJ Svitavy
798784|Bílovec
798790|Bruntál
798791|Šumperk
798799|Vejprnice
798801|Libiš
798803|Ždírec nad Doubravou
798805|Český Těšín
798809|Krnov
798810|Kuřim
798812|Hluboka nad Vltavou
798813|Doubravka
798826|Český Krumlov
798838|Dobříš
798840|Dvůr Kralové
798842|Sparta Brno
798848|Police nad Metují
798850|Holešov
798851|Holysov
798852|Jankov
798857|Skalice
798859|Frenštát pod Radhoštěm
798860|Petřín Plzeň
798873|Hlinsko
798880|Slovan Havlíčkův Brod
798882|FC Fastav Vsetín
798883|Touzim
798888|Vilémov
798893|Zlicin
798898|Sokol Tasovice
798900|Baník Most-Souš
798904|Slavoj Polná
798905|Bohunice Brno
798911|Kutná Hora
798913|Bystřice nad Pernštejnem
798914|Jindřichův Hradec
798916|Nová Ves pod Pleší
798921|Vysoké Mýto
798922|Stará Říše
798924|Mariánské Lázně
798926|Kozlovice
798927|Sedlčany
798928|Louny
798931|Frýdlant nad Ostravicí
798932|Ostrov
798933|Hostouň
798936|Velká Bíteš
798937|Slovan Bzenec
798938|Jeseník
798939|Polom
798940|Olympie Březová
798941|Spartak Soběslav
798944|Přední Kopanina
798946|Strání
798947|Šternberk
798951|Union Beroun
798953|Horky nad Jizerou
798955|Přepeře
798956|Lanžhot
798957|Humpolec
798958|Heřmanice Slezská
798961|Slavia Hradec Kralové
798968|Slavoj Mýto
798969|Katovice
798970|Slaný
798971|Poříčany
798972|Start Brno
798973|Všechovice
798974|Skaštice
798976|Polanka nad Odrou
798979|Horní Bříza
798980|Komárov
798981|Újezd Prague
798982|Nový Bydžov
798983|Speřice
798984|Baťov
798985|Břidličná
798986|Hlubina
798990|Hřebeč
798991|Sokol Nespeky
798992|Spoje Prague
798993|Kostelec na Hané
798994|Řepiště
799004|Zlínsko
799006|Milo Olomouc
799012|TJ Preštice
799014|Tempo Prague
799016|Horní Ředice
799017|Hrádek nad Nisou
799018|SK Fotbalová škola T.
799019|Kvasice
799020|Petřvald na Moravě
799030|Křimice
799031|Psáry
799032|Stonava
799033|Chotěboř
851967|Czech Republic
851969|Aarhus Gymnastikforening
851970|Randers Football Club
851971|Aalborg Boldspilklub
851972|Football Club København
851973|Football Club Midtjylland
851974|Herfølge Boldklub Køge
851975|Silkeborg Idrætsforening
851976|Odense Boldklub
851977|Brøndbyernes Idrætsforening
851978|Viborg Fodsportsforening
851979|Esbjerg forenede Boldklubber
851980|Football Club Nordsjælland
851981|Brønshøj Boldklub
851982|Hellerup Idræts Klub
851983|Vejle Boldklub
851985|Fodbold Club Fredericia
851986|Boldklubben af 1893
851987|Boldklubben Frem
851988|Boldklubben Fremad Amager
851989|Sønderjyske Fodbold
851990|Alliance Club Horsens
851991|Akademisk Boldklub Gladsaxe
851995|Næstved Boldklub
851996|Boldklubben Skjold
851997|Boldklubben af 1913
851998|Slagelse
851999|Aarhus Fremad
852001|Lyngby Boldklub
852002|Brabrand Idrætsforening
852003|Thisted Fodbold Club
852005|Football Club Roskilde
852028|Hvidovre Idrætsforening
852030|Skive Idræts Klub
852031|Boldklubben 1909
852038|Østre Boldklub
852041|Såby Fodbold
856065|Boldklubben af 1908
856066|Allerød Fodbold Klub
856067|Vanløse Idræts Forening
856070|Holbæk
856071|Nykøbing Football Club
856073|Boldklubben Avarta
856074|Otterup Bold & Idrætsklub
856075|Varde Idrætsforening
856076|Vendsyssel FF
856077|Hobro Idræts Klub
856080|Holstebro Boldklub
856081|Næsby Boldklub
856085|Herlev Idrætsforening
856086|Birkerød
856087|Køge Nord Football Club
856090|Boldklubben Marienlyst
856092|Kjellerup Idrætsforening
856094|Viby Idrætsforening
856095|Avedøre Idrætsforening
856096|Ballerup-Skovlunde Fodbold
856100|Fredensborg
856101|Vorup Frederiksberg Boldklub
856102|Frederikssund Idrætsklub
856103|GVI
856105|Skovshoved Idrætsforening
856109|FC Sydvest
856110|Fjordager Idrætsforening
856113|Kolding Idrætsforening
856115|Middelfart Boldklub
856116|OKS
856117|Ringsted Idrætsforening
856122|Odder
856124|Ringkøbing Idrætsforening
856128|Football Club Helsingør
856129|Dalum Idrætsforening
856131|Amager Boldklub Tårnby
856132|Vejlby Skovbakken Aarhus
856133|Vejgaard Boldspilklub
856134|Lyseng
856135|Hillerød Fodbold
864265|Glostrup Fodbold Klub - IF 32
864279|Tarup-Paarup Idrætsforening
864284|Idrætsklubben Aalborg Freja
864289|Frederiksberg Alliancen 2000
864291|Boldklubben Fremad Valby
864324|Young Boys FD
864332|Espergærde Idrætsforening
864335|Fuglebakken KFUM Aarhus
864348|Grenaa Idrætsforening
864351|Hørsholm-Usserød Idrætsklub
864354|KFUMs Boldklub København
864361|KFUMs Boldklub Roskilde
864366|Solrød Football Club
864388|Sundby Boldklub
864403|Vejlby-Risskov Idrætsklub
864410|Idrætsforeningen Skjold Sæby
864421|Ledøje-Smørum Fodbold
864426|Boldklubben Union
864427|Husum Boldklub
864529|Hedensted Idrætsforening
864564|Taastrup Football Club
864573|Tårnby Fodbold Forening
864604|Football Club Gladsaxe
864656|Nørresundby FB
864722|Svendborg fB-Oure FA
864725|Ishøj Idrætsforening
864733|ASA, Aarhus
864743|Gørslev Idrætsforening
864750|Herstedøster Idræts Club
864856|Football Club Sydkysten
917503|Denmark
917505|Arsenal
917506|Aston Villa
917507|Birmingham City
917508|Blackburn Rovers
917509|Liverpool
917510|West Bromwich Albion
917511|West Ham United
917512|Charlton Athletic
917513|Chelsea
917514|Tottenham Hotspur
917515|Bolton Wanderers
917516|Wigan Athletic
917517|Everton
917518|Manchester City
917519|Manchester United
917520|Portsmouth
917521|Fulham
917522|Middlesbrough
917523|Newcastle United
917524|Sunderland
917525|Derby County
917526|Burnley
917527|Sheffield Wednesday
917528|Cardiff City
917529|Brighton & Hove Albion
917530|Coventry City
917531|Crewe Alexandra
917532|Hull City
917533|Plymouth Argyle
917534|Watford
917535|Crystal Palace
917536|Southampton
917537|Norwich City
917538|Ipswich Town
917539|Luton Town
917540|Preston North End
917541|Queens Park Rangers
917542|Reading
917543|Sheffield United
917544|Stoke City
917545|Leeds United
917546|Leicester City
917547|Wolverhampton Wanderers
917548|Millwall
917549|Nottingham Forest
917550|Gillingham
917551|Rotherham United
917552|Swindon Town
917553|AFC Bournemouth
917554|Bradford City
917555|Bristol City
917556|Huddersfield Town
917557|Lincoln City
917558|Chesterfield
917559|Colchester United
917560|Hartlepool United
917561|Barnsley
917562|Doncaster Rovers
917563|Oldham Athletic
917564|Port Vale
917565|Swansea City
917566|Blackpool
917567|Yeovil Town
917568|Milton Keynes Dons
917569|Brentford
917570|Scunthorpe United
917571|Tranmere Rovers
917572|Walsall
917573|Barnet
917574|Carlisle United
917575|Notts County
917576|Darlington
917577|Bristol Rovers
917578|Leyton Orient
917579|Peterborough United
917581|Cheltenham Town
917582|Chester
917583|Grimsby Town
917585|Boston United
917586|Mansfield Town
917587|Northampton Town
917588|Wrexham
917589|Stockport County
917590|Southend United
917591|Rochdale
917592|Oxford United
917593|Shrewsbury Town
917594|Torquay United
917596|Wycombe Wanderers
917597|Hereford
917598|FC Halifax Town
917599|Ebbsfleet United
917600|Exeter City
917601|Dagenham & Redbridge
917602|Forest Green Rovers
917603|Scarborough Athletic
917604|Morecambe
917605|Canvey Island
917606|Cambridge United
917607|Kidderminster Harriers
917608|Burton Albion
917609|Stevenage
917610|Tamworth
917611|Accrington Stanley
917612|York City
917613|Crawley Town
917614|Southport
917615|Grays Athletic
917616|Aldershot Town
917617|Altrincham
917618|Woking
917619|Northwich Victoria
917620|Sutton United
917622|Stalybridge Celtic
917623|Bognor Regis Town
917624|Bath City
917625|Gateshead
917626|St. Albans City
917627|Worcester City
917628|Barrow AFC
917629|Dover Athletic
917630|Farnborough
917631|Nuneaton Town
917632|Hayes & Yeading United
917633|Hednesford Town
917634|Kettering Town
917635|Kingstonian
917636|Stafford Rangers
917637|Weymouth
917638|Glossop North End
917639|Bradford (Park Avenue)
917641|Gainsborough Trinity
917643|Newport County
917646|Histon
917648|AFC Telford United
917649|Alfreton Town
917650|Blyth Spartans
917651|Burscough
917652|Harrogate Town
917655|Hyde United
917656|Redditch United
917657|Solihull Moors
917658|Vauxhall Motors
917659|Workington
917660|Braintree Town
917661|Basingstoke Town
917662|Bedford Town
917663|Bishop's Stortford
917664|Cambridge City
917665|Dorchester Town
917666|Eastbourne Borough
917667|Eastleigh
917668|Fisher
917669|Havant & Waterlooville
917671|Lewes
917673|Welling United
917674|Weston-super-Mare
917675|Maidenhead United
917676|Hampton & Richmond Borough
917677|Bromley
917678|Fleetwood Town
917688|Macclesfield
917696|Brixham
917706|Corby Town
917708|Gloucester City
917711|Hartpury University
917748|Chelmsford City
917750|AFC Wimbledon
917751|FC United of Manchester
917753|Hendon
917754|Swindon Supermarine
917755|Hythe Town
917756|Harrow Borough
917757|Tonbridge Angels
917758|Truro City
917760|Redbridge
917761|Oxford City
917762|Nantwich Town
917763|AFC Totton
917765|Arlesey Town
917766|Stourbridge
917767|Brackley Town
917768|Billericay Town
917770|Gosport Borough
917771|Whitehawk
917772|Concord Rangers
917773|Leamington
917775|Maidstone United
917776|King's Lynn Town
921601|Guiseley
921602|Dartford
921603|Boreham Wood
921604|Chorley
921605|AFC Fylde
921606|Lowestoft Town
921607|Wealdstone
921608|Hemel Hempstead Town
921609|Dorking Wanderers
921616|Sheffield
921617|Curzon Ashton
921618|Margate
921619|East Grinstead Town
921620|Molesey
921623|Wingate & Finchley
921624|Witton Albion
921625|Salford City
921626|Hungerford Town
921627|Poole Town
921628|Spennymoor Town
921629|Chippenham Town
921630|Ashton United
921631|Slough Town
921632|Dulwich Hamlet
929794|Bishop Auckland
929796|Carshalton Athletic
929797|Chesham United
929800|Enfield F.C
929802|Frickley Athletic
929803|Halesowen Town
929806|Hitchin Town
929807|Leek Town
929808|Marine
929809|Marlow
929813|Sittingbourne
929816|Whitley Bay
929833|Wroxham
929858|Aylesbury United
929859|Grantham Town
929860|Winsford United
929865|Bamber Bridge
929866|Lancaster City
929867|Radcliffe
929870|Belper Town
929871|Buxton
929872|Congleton Town
929876|Lincoln United
929877|Matlock Town
929878|Kendal Town
929879|Stocksbridge Park Steels
929880|Trafford
929881|Whitby Town
929882|Worksop Town
929883|Hastings United
929886|Bedworth United
929889|Evesham United
929893|Racing Club Warwick
929895|Shepshed Dynamo
929897|Sutton Coldfield Town
929898|Rugby Town
929899|Wisbech Town
929900|Baldock Town
929901|Bashley
929902|Cinderford Town
929903|Cirencester Town
929904|Clevedon Town
929905|Erith & Belvedere
929906|Fareham Town
929908|Fleet Town
929911|Yate Town
929912|Heybridge Swifts
929914|Walton & Hersham
929917|Barton Rovers
929919|Chertsey Town
929921|Leatherhead
929923|Romford
929924|Thame United
929925|Uxbridge
929926|Wembley
929928|Wokingham Town
929929|Worthing
929930|Metropolitan Police
929931|Northwood
929934|Harlow Town
929935|Tooting & Mitcham United
929937|Bracknell Town
929938|Garforth Town
929939|Folkestone Invicta
929942|Newcastle Town
929943|Spalding United
929945|Mangotsfield United
929947|Tiverton Town
929948|Banbury United
929949|Burnham
929950|Stamford
929951|Banstead Athletic
929953|Cheshunt
929955|Great Wakering Rovers
929956|Horsham
929957|Leighton Town
929958|Tilbury
929960|Barnstaple Town
929961|Bideford
929963|Bridgwater United
929964|Bridport
929965|Brislington
929966|Bristol Manor Farm
929970|Melksham Town
929973|Paulton Rovers
929974|Taunton Town
929976|Westbury United
929983|Didcot Town
929984|Fairford Town
929986|Highworth Town
929988|North Leigh
929989|Saltash United
929992|Tuffley Rovers
929993|Wantage Town
929994|Royal Wootton Bassett Town
929995|Barwell
929997|Boldmere St. Michaels
929999|Chasetown
930002|GNG Oadby Town
930004|Rushall Olympic
930006|Shifnal Town
930009|Stourport Swifts
930010|Stratford Town
930015|Boston Town
930016|Bourne Town
930018|Bugbrooke St. Michaels
930020|Desborough Town
930021|Eynesbury Rovers
930022|Holbeach United
930023|Long Buckby
930025|Potton United
930026|St. Neots Town
930028|Stotfold
930029|Wellingborough Town
930031|Yaxley
930035|Bemerton Heath Harlequins
930036|Blackfield & Langley
930037|Bournemouth F.C. (Poppies)
930038|Brockenhurst
930039|Christchurch
930040|Cowes Sports
930044|Moneyfields
930047|Thatcham Town
930049|Wimborne Town
930051|Burgess Hill Town
930052|Chichester City
930053|East Preston
930054|Eastbourne Town
930056|Hassocks
930057|Horsham YMCA
930058|Lancing
930059|Littlehampton Town
930060|Pagham
930061|Redhill
930063|Saltdean United
930067|Three Bridges
930069|Beckenham Town
930070|Chatham Town
930071|Cray Wanderers
930072|Deal Town
930073|Erith Town
930075|Herne Bay
930076|Lordswood
930077|Ramsgate
930081|Tunbridge Wells
930082|VCD Athletic
930083|Whitstable Town
930084|AFC Sudbury
930085|Bury Town
930086|FC Clacton
930088|Ely City
930089|Fakenham Town
930090|Felixstowe & Walton United
930091|Gorleston
930095|Ipswich Wanderers
930097|Mildenhall Town
930098|Newmarket Town
930099|Soham Town Rangers
930100|Stowmarket Town
930103|Woodbridge Town
930104|Ramsbottom United
930106|Atherton Collieries
930108|Clitheroe
930110|Kidsgrove Athletic
930112|Mossley
930113|Prescot Cables
930115|Skelmersdale United
930123|Eccleshill United
930126|Goole
930127|Hallam
930129|Liversedge
930132|Staveley Miners Welfare
930133|Thackley
930135|Billingham Town
930138|Consett
930139|Crook Town
930140|Dunston
930143|Guisborough Town
930144|Hebburn Town
930146|Marske United
930147|Morpeth Town
930150|Seaham Red Star
930152|West Auckland Town
930154|Warrington Town
930156|Aveley
930159|Squires Gate
930162|Frome Town
930163|Skegness Town
930165|Witham Town
930166|Northallerton Town
930167|Chalfont St. Peter
930169|Egham Town
930170|Coleshill Town
930173|Mickleover
930175|Southend Manor
930176|Ware
930183|Camberley Town
930188|Quorn
930193|Takeley
930195|Ashington
930197|Keynsham Town
930198|Bitton
930199|Cadbury Heath
930200|Calne Town
930203|Corsham Town
930204|Exmouth Town
930205|Hallen
930206|Ilfracombe Town
930207|Larkhall Athletic
930208|Shepton Mallet
930209|Street
930211|Wellington
930212|Willand Rovers
930216|Bishop's Cleeve
930221|Ardley United
930225|Easington Sports
930228|Kidlington
930235|Shrivenham
930238|Binfield
930250|Rayners Lane
930253|Alvechurch
930257|Coventry Sphinx
930261|Highgate United
930266|Romulus
930277|Market Drayton Town
930278|Lye Town
930279|Malvern Town
930282|Tividale
930285|Westfields
930286|Wolverhampton Casuals
930288|Darlaston Town (1874)
930289|Anstey Nomads
930294|Coalville Town
930304|Leicester Nirvana
930307|Slimbridge
930309|Holyport
930313|Winchester City
930314|Ashford Town
930315|Hertford Town
930325|Penrith
930327|South Shields
930328|Thornaby
930330|Whickham
930336|Long Eaton United
930337|Maltby Main
930339|Pontefract Collieries
930342|Tadcaster Albion
930343|Winterton Rangers
930348|Shildon
930349|Broadbridge Heath
930350|Crawley Down Gatwick
930357|Steyning Town Community
930358|AFC Uckfield Town
930359|Westfield
930361|Norwich United
930363|Peacehaven & Telscombe
930366|Alton
930367|Portland United
930374|Northampton ON Chenecks
930376|Rothwell Corinthians
930378|St. Ives Town
930381|Beaconsfield Town
930382|Real Bedford
930383|Biggleswade Town
930386|Dunstable Town
930388|Hanwell Town
930389|Harefield United
930390|Haringey Borough
930392|Hoddesdon Town
930393|Holmer Green
930394|London Colney
930396|Potters Bar Town
930397|Royston Town
930399|St. Margaretsbury
930405|Chipstead
930406|Cobham
930408|Farnham Town
930410|Frimley Green
930412|Hartley Wintney
930413|Merstham
930414|North Greenford United
930415|Raynes Park Vale
930418|Southall
930423|Guildford City
930426|Colliers Wood United
930433|Horley Town
930436|Sheerwater
930441|Basildon United
930442|Bowers & Pitsea
930443|Brentwood Town
930445|Enfield Town
930447|Hullbridge Sports
930448|Ilford
930449|Saffron Walden Town
930450|Stansted
930451|Waltham Abbey
930454|Flackwell Heath
930457|Biggleswade United
930460|Cockfosters
930461|Colney Heath
930462|Harpenden Town
930464|Kings Langley
930467|Leverstock Green
930470|Risborough Rangers
930474|Tring Athletic
930475|Welwyn Garden City
930480|Hamworthy United
930483|Shaftesbury
930491|Downham Town
930492|Godmanchester Rovers
930493|Hadleigh United
930494|Haverhill Rovers
930495|Leiston
930496|Long Melford
930497|March Town United
930498|Needham Market
930500|Stanway Rovers
930501|Swaffham Town
930502|Thetford Town
930503|Whitton United
930504|Amesbury Town
930510|Horndean
930514|Lymington Town
930518|Sholing
930524|Colne
930528|Padiham
930530|Sawbridgeworth Town
930534|Bridlington Town
930535|Pickering Town
930536|Bearsted
930544|Sevenoaks Town
930550|Deeping Rangers
930552|Newport Pagnell Town
930554|Corinthian-Casuals
930558|Prestwich Heys
930560|Dereham Town
930561|Daventry Town
930562|AFC Portchester
930570|Bootle
930576|Carlton Town
930584|Falmouth Town
930586|Hadley
930589|Heanor Town
930592|Lutterworth Town
930595|Newcastle Benfield
930596|North Shields
930597|Oxhey Jets
930598|Phoenix Sports
930602|Roman Glass St. George
930620|Walsham-le-Willows
930622|West Allotment Celtic
930627|Wythenshawe
930630|Walthamstow
930641|Brightlingsea Regent
930642|FC Romania
930644|Ashford United
930645|Maccabi London Lions
930646|AFC Rushden & Diamonds
930650|Bewdley Town
930654|Grimsby Borough
930656|AFC Liverpool
930657|Lingfield
930660|Ashton Athletic
930666|Hanworth Villa
930667|Ascot United
930668|Loughborough Students
930671|SOUL Tower Hamlets
930672|Corinthian
930677|Brantham Athletic
930679|Barnoldswick Town
930681|South Park
930682|Heather St John's
930683|Runcorn Town
930684|Newton Aycliffe
930685|Cray Valley Paper Mills
930686|Bedfont Sports
930696|Harborough Town
930698|Reading City
930700|Newhaven
930701|Spelthorne Sports
930703|Handsworth
930704|1874 Northwich
930706|Loxwood
930709|AFC Croydon Athletic
930710|Hollands & Blair
930715|CB Hounslow United
930716|Abbey Rangers
930717|West Essex
930719|Hanley Town
930720|Haywards Heath Town
930721|Edgware & Kingsbury
930722|Crawley Green
930724|Hornchurch
930726|Runcorn Linnets
930727|Sunderland Ryhope CA
930732|Barking
930736|Crowborough Athletic
930738|Eastbourne United Association
930739|Faversham Town
930743|Silsden
930744|Sporting Bengal United
930746|Emley AFC
930749|Kirkley & Pakefield
930750|Woodford Town
930751|Lydney Town
930752|Badshot Lea
930753|Holmesdale
930758|Sleaford Town
930759|Kempston Rovers
930760|Alresford Town
930763|Bottesford Town
930771|Lower Breck
930773|Salisbury
930779|Thornbury Town
930782|Whitchurch Alport
930787|Haughmond
930808|Maldon & Tiptree
930809|AFC Dunstable
930810|Berkhamsted
930811|Brighouse Town
930814|Barton Town
930815|Ilkeston Town
930816|Pinchbeck United
930818|Knaresborough Town
930821|Basford United
930822|Cleethorpes Town
930825|Athersley Recreation
930827|Albion Sports
930828|AFC Mansfield
930834|Hemsworth Miners Welfare
930838|Longridge Town
930846|Peterborough Sports
930857|Irlam
930863|Litherland REMYCA
930864|AFC Stoneham
930871|Uttoxeter Town
930873|Heaton Stannington
930875|Penistone Church
930876|Melton Town
930877|Coggeshall Town
930881|Stone Old Alleynians
930885|Balham
930891|Charnock Richard
930892|City of Liverpool
930898|Tavistock
930899|Biggleswade
930901|Broadfields United
930906|AFC Varndeanians
930907|Bexhill United
930910|Little Common
930916|Chislehurst Glebe
930923|Rusthall
930926|Hamble Club
930927|Baffins Milton Rovers
930930|Blyth Town
930931|Stockton Town
930932|Eastwood Community
930958|Sherwood Colliery
930962|Selston
930965|Ossett United
930970|Bradford Town
930972|Plymouth Parkway
930981|Cribbs
930995|Brimscombe & Thrupp
930999|Tadley Calleva
931016|Merthyr Town
931017|Sutton Common Rovers
931019|Buckland Athletic
931024|Gresley Rovers
931025|Knaphill
931032|Lichfield City
931034|Canterbury City
931039|Chipping Sodbury Town
931044|AFC Wolverhampton City
931045|Windsor
931047|Guernsey
931048|Bromsgrove Sporting
931050|Sporting Khalsa
931074|Portishead Town
931087|Longlevens
931090|Helston Athletic
931099|Sheppey United
931105|Coventry United
931108|Millbrook
931126|Mousehole AFC
931128|Virginia Water
931129|Avro
931130|Warrington Rylands
931131|Alfold
931132|Punjab United
931133|Welling Town
931134|Hashtag United
931135|North Ferriby
931137|Aylesbury Vale Dynamos
931153|Milton Keynes Irish
931155|Wythenshawe Town
931162|Rugby Borough
931164|Bury FC
931170|Jersey Bulls
931200|Lakenheath
931225|Redcar Athletic
931229|Mulbarton Wanderers
931231|White Ensign
931232|Little Oakley
931233|Athletic Newham
931263|Newark & Sherwood United
931271|AFC Whyteleafe
931283|Sporting Club Inkberrow
983039|England
983041|FC Flora Tallinn
983043|FCI Levadia Tallinn
983044|JK Narva Trans
983046|JK Tammeka Tartu
983049|Nõmme Kalju FC
983051|Harju JK Laagri
983053|FC Tallinn
987137|FC Kuressaare
987138|Paide Linnameeskond
987139|JK Tallinna Kalev
987140|Pärnu JK Vaprus
987141|JK Rakvere Tarvas
987143|Tallinna JK Legion
987147|FC Elva
987153|Viimsi JK
987154|Võru FC Helios
987173|Maardu Linnameeskond
987205|Tartu JK Welco
987212|JK Vändra Vaprus
987213|Keila JK
987222|JK Viljandi Tulevik
995340|FC Nõmme United
995344|JK Tabasalu
995401|Pärnu Jalgpalliklubi
995412|Pärnu JK Poseidon
995420|FC Kose
995423|Läänemaa JK Haapsalu
1048575|Estonia
1048577|Víkingur Gøta
1048578|Klaksvíkar Ítróttarfelag
1048579|Nes Sóknar Ítróttarfelag
1048580|Skála Ítróttarfelag
1048581|EB/Streymur
1048582|B68
1048583|Bóltfelagið 1936
1048584|Football Club Suðuroy
1048585|B71
1052673|Havnar Bóltfelag
1052674|Argja Bóltfelag
1052675|Ítróttarfelag Fuglafjarðar
1052676|07 Vestur
1052678|Tvøroyrar Bóltfelag
1052679|Football Club Hoyvík
1052680|Miðvágs Bóltfelag
1064961|Bóltfelagið Royn
1114111|Faroe Islands
1114113|Pallokerho-35
1114114|Myllykosken Pallo -47
1114115|Helsingin Jalkapalloklubi
1114116|Valkeakosken Haka
1114117|IFK Mariehamn
1114118|FC Inter Turku
1114119|FF Jaro
1114120|Tornion Pallo-47
1114122|Kuopion Palloseura
1114123|FC Lahti
1114124|Rovaniemen Palloseura
1114125|Turun Palloseura
1114126|Tampere United
1114127|Vaasan Palloseura
1114128|FC Viikingit
1114129|FC Honka
1114130|AC Oulu
1114132|Jyväskylän Jalkapalloklubi
1118209|Atlantis FC
1118210|FC Kiisto
1118211|JIPPO Joensuu
1118212|Kokkolan Pallo-Veikot
1118215|Tampereen Pallo-Veikot
1118216|Käpylän Pallo
1118217|Grankulla IFK
1118218|Vasa IFK
1118220|FC Kiffen 08
1118224|IF Gnistan
1118225|Kotkan Työväen Palloilijat
1118226|Kultsu FC
1118227|Laajasalon Palloseura
1118228|Mikkelin Palloilijat
1118229|Pallokerho Keski-Uusimaa
1118231|Ekenäs IF
1118233|FC Jazz
1118234|Närpes Kraft FF
1118235|IFK Åbo
1118236|Ilves
1118237|Kaarinan Pojat
1118239|Pallo-Iirot
1118241|Salon Palloilijat
1118245|FC Vaajakoski
1118246|FC Blackbird
1118247|Gamlakarleby Bollklubb
1118248|Jakobstads Bollklubb
1118253|Oulun Palloseura
1118254|Pallo-Kerho-37
1118255|Seinäjoen Jalkapallokerho
1118258|Musan Salama
1118259|VG-62 Naantali
1118260|Puistolan Urheilijat
1118268|PEPO Lappeenranta
1118275|Kajaanin Haka
1118278|Etelä-Espoon Pallo
1118280|Maskun Palloseura
1118284|Järvenpään Palloseura
1118289|Nurmijärven Jalkapalloseura
1118290|Helsingin Palloseura
1118297|FC LaPa
1118302|JS Hercules
1118303|Peimari United
1126422|Pargas Idrottsförening
1126424|Vantaan Jalkapalloseura
1126436|Oulun Työväen Palloilijat
1126442|Tikkurilan Palloseura
1126447|Pallo-Pojat Juniorit
1126463|Kuopion Elo
1126464|Kajaanin Palloilijat
1126490|Nokian Palloseura
1126500|SexyPöxyt
1126501|Tuusulan Palloseura
1126502|Nummelan Palloseura
1126510|Sääksjärven Loiske
1126520|Jyväskylän Seudun Palloseura
1126536|Haminan Pallo-Kissat
1126542|Mikkelin Kissat
1126545|Puotinkylän Valtti
1126549|Esbo Bollklubb
1126551|MPS Atletico Malmi
1126599|Sundom IF
1126702|Vihtavuoren Pamaus
1126716|Tampereen Peli-Toverit
1126732|Espoon Palloseura
1126779|Kotkan Peli-Karhut
1126790|Paimion Haka
1126797|Korsnäs FF
1126815|Hämeenlinnan Jalkapalloseura
1126823|Oulunsalon Pallo
1126824|FC Finnkurd
1126835|AC Estudiantes
1126838|Union Plaani
1126854|FC Kirkkonummi
1126865|Komeetat
1126877|Ponkilan Pantterit
1179647|Finland
1179649|FC Metz
1179650|FC Nantes
1179651|FC Sochaux-Montbéliard
1179652|FC Girondins de Bordeaux
1179653|AC Ajaccio
1179654|AJ Auxerre
1179655|AS Monaco
1179656|Stade Rennais FC
1179657|Toulouse FC
1179658|AS Saint-Étienne
1179660|Stade Malherbe Caen
1179661|Olympique Lyonnais
1179662|Olympique de Marseille
1179663|Paris Saint-Germain
1179664|RC Lens
1179665|LOSC Lille
1179666|OGC Nice
1179667|RC Strasbourg Alsace
1179668|SC Bastia
1179671|Football Club Gueugnonnais
1179672|AS Nancy Lorraine
1179673|FC Lorient
1179674|En Avant Guingamp
1179675|Amiens SC
1179678|Club Sportif Sedan Ardennes
1179679|Grenoble Foot 38
1179680|La Berrichonne de Châteauroux
1179681|Havre AC
1179682|Le Mans FC
1179683|ESTAC Troyes
1179684|Montpellier Hérault SC
1179685|Stade Brestois 29
1179686|Stade de Reims
1179687|Stade Lavallois MFC
1179688|Dijon FCO
1179689|Valenciennes FC
1179692|Libourne FA 2024
1179693|FC Saint Cyr-Collonges-Mont
1179694|Pau FC
1179695|Romorantin
1179702|Cannes
1179706|Racing Club de France
1179709|Racing Besançon
1179720|Football Club Drouais
1179721|USL Dunkerque
1179762|Red Star FC
1179781|Clermont Foot 63
1179782|Angers SCO
1179783|US Boulogne CO
1179816|Andrézieux-Bouthéon FC
1179817|ASM Belfort
1179821|Football Club Dieppois
1179824|Vendée Fontenay Football
1179825|Garde Saint-Ivy Pontivy
1179826|Hyères 83 FC
1179829|Vendée les Herbiers Football
1179832|SC Schiltigheim
1179833|RCO Agde
1179835|Is-Selongey Football
1179836|Sport Union Divaise - Cabourg
1179838|US Concarneau
1179841|Marignane GCB FC
1179844|Istres FC
1179846|Créteil
1179848|AS Beauvais Oise
1179849|Cherbourg
1179850|Louhans-Cuiseaux FC
1179852|Entente Sannois-Saint-Gratien
1179854|Nîmes Olympique
1179855|Paris FC
1179856|Rodez Aveyron Football
1179857|Vannes OC
1179859|Compiègne
1179860|AS Vitré
1179863|Stade Plabennécois Football
1179864|Union Sportive de Lesquin
1179865|Quevilly-Rouen
1179866|Racing Club Epernay Champagne
1179867|SAS Épinal
1179869|Jura Sud Foot
1179870|Montceau
1179871|Football Club de Mulhouse
1179872|AS Saint-Priest
1179873|Union Sportive Raonnaise
1179876|Balma Sporting Club
1179877|Football Club Borgo
1179879|Fréjus-Saint-Raphaël
1179880|Gazélec FC Ajaccio
1179884|Moulins Yzeure Foot
1179885|Les Genêts d'Anglet Football
1179887|Bayonne
1179888|Stade Bordelais
1179889|US Orléans
1179891|Sainte-Geneviève
1179893|Châtellerault
1179901|Football Club Mantois 78
1179913|AC Amiens Football
1179933|CSO Amnéville
1179935|AS Illzach-Modenheim
1179936|Jarville Jeunes Football
1179941|Stadium Racing Colmar
1179946|US Colomiers Football
1179952|Bourg-Péronnas
1179954|Football Club Echirolles
1179955|Pontarlier
1179957|FC Villefranche-Beaujolais
1179976|Sporting Club Hazebrouckois
1179995|Olympique Saumur FC
1180019|Football Club Bassin Arcachon
1180020|Blagnac Football Club
1180021|Union Amicale Cognac Football
1180023|Stade Montois Football
1180024|Tarbes Pyrénées Football
1180032|Saint-Pryvé Saint-Hilaire FC
1180034|US Alençon
1180035|Avranches
1180037|Union Sportive Changéenne
1180039|US Montagnarde
1180041|Le Poiré-sur-Vie
1180044|Evreux Football Club 27
1180045|Union Sportive d'Ivry
1180046|USON Mondeville
1180049|US Thionville Lusitanos
1180050|USC Corte
1180052|Trélissac FC
1180058|CMS Oissel
1180082|AS Béziers
1180095|US Saint-Malo
1180103|Le Puy Foot 43 Auvergne
1180128|Aubervilliers
1180168|Bergerac Périgord FC
1180353|AS Ornans
1180357|St-Louis Neuweg
1180359|Union Sportive Sarre-Union
1180378|USSA Vertou
1180379|Stade Olympique Choletais
1180386|FR Saint-Marcel
1180390|Lannion Football Club
1180391|Dinan Léhon Football Club
1180402|Furiani-Agliani
1180415|FC Bagnols-Pont
1180453|Union Sportive Forézienne
1180462|Jeanne d'Arc de Drancy
1180469|US Granvillaise
1180502|AS Châtaigneraie Vendée
1180505|Iris Club Croix
1180512|FC Fleury 91
1180513|US Marseille Endoume
1180514|Blois Football 41
1183749|FC Chambly Oise
1183752|Jura Dolois Football
1183754|Stade Poitevin Football Club
1183755|Sablé Football Club
1183757|SC Toulon
1183758|Football Union Narbonne
1183759|FC Rouen 1899
1183761|SCS Locminé
1183762|Football Club Saint-Lô Manche
1183763|La Tour d'Auvergne Rennes
1183764|Stade Briochin
1183765|Châteaubriant
1183767|Football Club Bressuirais
1183768|Avoine Chinon
1183769|ESOF Vendée Roche-sur-Yon
1183770|FC Chamalièrois
1183776|Football Club de Chauray
1183777|ESM Gonfreville
1183779|AS Saint-Ouen-l'Aumône
1183782|Sarreguemines Football Club
1183783|FC Sports Réunis Haguenau
1183784|Biesheim ASC
1183785|Entente Sportive Thaonnaise
1183793|US Lège Cap-Ferret
1183794|Aix Football Club
1183796|Sporting Club Aubagne Air Bel
1183797|Olympique d'Alès en Cévènnes
1183799|Olympique Saint-Quentinois
1183809|FC Bourgoin-Jallieu
1183810|Football Club Vaulx-en-Velin
1183812|Angoulême Charente FC
1183813|ASPTT Caen
1183814|AS Fabrègues
1191944|Canet Roussillon FC
1191953|Aurillac Football Club
1191954|Stade Beaucairois FC
1191961|Union Sportive de Chantilly
1191973|Football Club Flérien
1191982|Vendée FC La Roche
1191983|Le Touquet ACFCO
1191986|Union Sportive Maubeugeoise
1191987|CS Meaux Académy
1191991|Amicale Sportive Muretaine
1191995|AS Porto-Vecchio
1192001|USM Senlis
1192013|FC Versailles 78
1192014|Football Club de Vesoul
1192026|Lamballe Football Club
1192031|Mâcon 71
1192037|Football Club Chalonnais
1192062|FUSC Bois-Guillaume
1192075|Chambéry Savoie Football
1192089|Bayeux Football Club
1192104|Le Mée Sports Football
1192124|Olympique Club Cessonnais
1192139|FC Loon-Plage
1192140|Amical Club Seyssinet Pariset
1192144|Brétigny Foot CS
1192147|Onet le Château Football
1192148|Ancienne de Château-Gontier
1192178|Vineuil Sports Football
1192182|Etoile Sportive Fosséenne
1192196|Afa Football Association
1192197|SC Bocognano
1192198|Berre Sporting Club
1192213|Saint-Amand Football Club
1192220|Stade Pontivyen
1192231|AS Baume-les-Dames
1192235|AS Audincourt
1192238|Keriolets de Pluvigner
1192290|Havre Caucriauville SF
1192293|FC Rousset SVO
1192339|En Avant Saint-Renan
1192355|Pouzauges Bocage FC
1192361|Saint-Nazaire AF
1192363|Montluçon Football
1192364|AS Cagnes Le Cros Football
1192366|Hauts Lyonnais
1192374|SAG Cestas
1192386|Paron Football Club
1192388|Bourges Football Club
1192397|Football Club Nogentais
1192403|Football Club Grandvillars
1192413|ES Mont-Gaillard
1192427|Saint-Clément Montferrier
1192444|US Philibertine
1192450|FC Tartas Saint Yaguen
1192456|FC Portes Entre Deux Mers
1192469|E.S.A Linas-Montlhéry Foot
1192484|Union Sportive Vimy
1192498|Football Club Argentan
1192504|Ergué-Gabéric
1192530|Avant-Garde Caen Football
1192558|Yvetot Athlétic Club
1192583|Racing Club Champigneulles
1192589|Cercle Athlétique Boulay
1192602|Football Club Espaly
1192611|ASC Saint-Apollinaire
1192615|ASPTT Dijon Football
1192620|Cosne UCS Football
1192647|Cercle Athlétique Neuville
1192648|CS Mainvilliers
1192649|FC Saint-Georges-sur-Eure
1192651|EB Saint-Cyr-sur-Loire
1192656|J3 Amilly Football
1192658|US Châteauneuf sur Loire
1192749|Entente Feignies Aulnoye
1192750|Cadets de Bains-sur-Oust
1192762|Football Club Guipry-Messac
1192776|Velay Football Club
1192777|Séné Football Club
1192799|Académie Sportive Moulins
1192809|SC Azay Cheille
1192816|Football Club Valdahon Vercel
1192817|US Rioz Etuz Cussey
1192823|Carnoux Football Club
1192842|ESC Longueau
1192851|Vierzon Football Club
1192861|Riviera Football Club
1192872|Wasquehal Football
1192889|AS Sautron
1192900|C'Chartres Football
1192903|GFA Rumilly-Vallières 74
1192917|US Liffré
1192934|Plouzané Athlétic Club
1192936|Union Sportive Trégunc
1192938|AS Quetigny
1192939|FC Morteau/Montlebon
1192940|AS Misérieux-Trévoux
1192943|Blanc-Mesnil Sport Football
1192967|Illkirch FAIG
1192973|Saran Football Club
1192979|Avant Garde Plouvorn
1193019|Football Club Déolois
1193027|CEP Lorient
1193028|US Pont-de-Roide
1193035|Plastics Vallée FC
1193060|Olympique de Valence
1193082|CO Les Ulis
1193091|OFC Les Mureaux
1193112|Olympique Marcquois Football
1193115|Entente UGA Ardziv
1193119|AS Chatou
1193146|Montrouge Football Club 92
1193150|US Mandelieu LN
1193167|Auray Football Club
1193168|Saint Paul Sport Football
1193178|AF Virois
1193182|FC Annecy
1193183|USM Montargis
1193209|Limonest Dardilly
1193211|USS Aigues-Mortes
1193221|Union Sportive Chauvinoise
1193231|Football Club Albères-Argelès
1193279|Entente Sportive Guérétoise
1193288|Football Club Bogny-sur-Meuse
1193302|AS Ginglin-Cesson
1193317|Besançon Football
1193321|Grand-Quevilly Football Club
1193322|Football Club Challans
1193361|SFC Neuilly-sur-Marne
1193369|US Torcy PVM
1193376|Saint-Pierre de Milizac
1193383|Sud Football Club
1193387|Union Sportive Langueusienne
1193457|Romilly Pont St Pierre FC
1193481|FC Saint-Jean-le-Blanc
1193562|Cercle Paul Bert Bréquigny
1193571|AS Belfort Sud
1193578|Chassieu Décines FC
1193581|AS Domératoise
1193609|AS Vignoc-Hédé-Guipel
1193611|Ploërmel Football Club
1193633|AS Chavanay
1193635|Espérance Ceyratoise Football
1193637|Plougastel Football Club
1193655|COBSP Briochin
1193669|Sporting Club Beaucouzé
1193681|FC Atlantique Vilaine Redon
1193682|La Chapelle-de-Guinchay
1193703|Gallia Club Lucciana
1193708|Union Sportive Fougères
1193711|US Castanéenne
1193712|ES Cannet-Rocheville
1193715|US Lusitanos Saint-Maur
1193717|Football Club Balagne
1193719|Thonon Evian Grand Geneve FC
1193727|L'Union Saint-Jean FC
1193738|Stella Maris Douarnenez
1193807|Les Sables Vendée Football
1193812|Union Sportive Quessoy
1193840|ASF Outreau
1193855|Entente Samsonnaise Doloise
1193890|ES Moulon Bourges
1194038|Union Sportive Pays de Cassel
1194047|ES Lambres
1194051|US Pays du Valois
1194071|Association Sportive Panazol
1194079|Chambray Football Club
1194102|Strasbourg Koenigshoffen
1194105|Lyon - La Duchère
1194107|Paris 13 Atlético
1194108|GOAL FC
1194110|Ain Sud
1194111|Reims Sainte Anne
1194116|Jeunesse Etoile Biguglia
1194126|Club Athlétique Vitry
1194136|FC 93 Bobigny-Bagnolet-Gagny
1194138|Football Club Montlouis
1194154|USP Saint-Omer
1194182|Racing Club de Grasse
1194255|Olympique Charleville
1194256|Racing Club de Calais
1194273|Union Sportive Monnaie
1194277|ASA Vauzelles
1194300|Union Foot de Touraine
1194302|ASTDV
1194311|CJF Fleury-les-Aubrais
1194313|Stade Castelbourgeois FC
1194314|AS Saint-Jacques Foot
1194317|ES Pays Maîchois
1245183|France
1245185|FC Belasica Strumica
1245187|FK Tikveš Kavadarci
1245188|FK Pobeda Prilep
1245189|FK Rabotnički Skopje
1245190|FC Shkupi 1927
1245191|FK Sileks Kratovo
1245192|FK Vardar Skopje
1245193|FC Struga Trim-Lum
1245194|FK Borec 1919 Veles
1249282|Makedonija GjP
1249286|FK Pelister Bitola
1249289|FK Bregalnica Štip
1249290|KF Drita 94 Bogovinje
1249293|FK Novaci 2005
1249294|GFK Ohrid Lychnidos
1249295|FK Skopje
1249296|KF Shkëndija Tetovo
1249298|FK Teteks 1953 Tetovo
1249301|FK Kožuf Gevgelija
1249302|GFK Vardar Negotino
1249315|FK Karaorman Struga
1249323|FK Ovče Pole Sveti Nikole
1249324|FK Prespa Resen
1249326|FK Osogovo Kočani
1249327|KF Korabi Debar
1249333|FK Kamenica Sasa
1257473|FK Ljuboten Tetovo
1257479|KF Bashkimi 1947 Kumanovo
1257483|FK Shkëndija Aračinovo
1257502|FK Rosoman 83
1257503|FK Detonit Plačkovica Radoviš
1257510|KF Arsimi-1973 Čegrane
1257511|FK Kravari
1257515|FK Prevalec Veles
1257518|FK Kadino
1257520|FK Sloga 1934 Vinica
1257526|KF Besa 1976 Dobri Dol
1257559|FK Golemo Konjari
1257561|FK Mladost 1930 Krivogaštani
1257572|FK Old Boys Bitola
1257581|FK Ultras Prilep
1257607|FK Vardarski Bogdanci
1257638|FK AP Brera Strumica
1310719|North Macedonia
1310721|Dinamo Batumi
1310722|Dila Gori
1310723|Dinamo Tbilisi
1310724|WIT-Georgia Tbilisi
1310725|Kolkheti-1913 Poti
1310726|Sioni Bolnisi
1310727|Lokomotivi Tbilisi
1310728|Torpedo Kutaisi
1310734|SK Gonio
1314817|SK Rustavi
1314818|SK Borjomi
1314819|SK Gagra
1314821|SK Zestaponi
1314825|SK Samtredia
1314828|Iveria Khashuri
1314829|SK Telavi
1314830|Merani Tbilisi
1314832|Mertskhali Ozurgeti
1314834|Chikhura Sachkhere
1314835|Guria Lanchkhuti
1314837|Kolkheti Khobi
1314838|Merani Martvili
1314839|Meshakhte Tkibuli
1314842|Samgurali Tskhaltubo
1314843|Shukura Kobuleti
1314845|Betlemi Keda
1314846|Algeti Marneuli
1314847|Skuri Tsalenjikha
1314848|Iberia 1999 Tbilisi
1314853|Machakhela Khelvachauri
1323021|Tskhumi Sokhumi
1323042|Magharoeli Chiatura
1323064|Odishi-1919 Zugdidi
1323065|Margveti Zestaponi
1323068|Imereti Khoni
1323072|Sulori Vani
1323092|Bakhmaro Chokhatauri
1323096|Aragvi Dusheti
1323125|Gareji Sagarejo
1323146|SK Iberia-2010 Tbilisi
1323264|SK Gardabani
1323282|Zana Abasha
1323447|PK Gori
1323457|Varketili Tbilisi
1323459|Didube-2014 Tbilisi
1323460|Spaeri Tbilisi
1323508|Orbi Tbilisi
1323517|Shturmi Sartichala
1323526|UG 35 Tbilisi
1376255|Georgia
1376257|1. FC Kaiserslautern
1376258|1. FC Nürnberg
1376259|1. FSV Mainz 05
1376260|DSC Arminia Bielefeld
1376261|Bayer 04 Leverkusen
1376262|Borussia Dortmund
1376263|Borussia Mönchengladbach
1376264|FC Bayern München
1376265|FC Hansa Rostock
1376266|FC Schalke 04
1376267|Hamburger SV
1376268|Hannover 96
1376269|Hertha BSC
1376270|Sport-Club Freiburg
1376271|SV Werder Bremen
1376272|VfB Stuttgart
1376273|VfL Bochum 1848
1376274|VfL Wolfsburg
1376275|1. FC Köln
1376276|TSV Alemannia Aachen
1376277|FC Erzgebirge Aue
1376278|SG Dynamo Dresden
1376279|Eintracht Frankfurt
1376280|FC Energie Cottbus
1376281|FC Rot-Weiß Erfurt
1376282|Rot-Weiss Essen 1907
1376283|Karlsruher SC
1376284|Rot Weiss Ahlen
1376285|MSV Duisburg
1376286|Rot-Weiß Oberhausen
1376287|1. FC Saarbrücken
1376288|SpVgg Greuther Fürth
1376289|SV Eintracht Trier 05
1376290|SV Wacker Burghausen
1376291|TSV 1860 München
1376292|SpVgg Unterhaching
1376293|FC Nöttingen
1376297|SSV Ulm 1846 Fussball
1376298|SV Sandhausen
1376299|SGV Freiberg
1376300|SSV Reutlingen 05
1376301|SV Waldhof Mannheim 07
1376302|1. FC Heidenheim 1846
1376303|1. FC Normannia Gmünd
1376304|VfR Mannheim
1376306|SG Sonnenhof Großaspach
1376307|SV Linx 1949
1376308|1. SC Feucht
1376309|FC Ismaning
1376311|TSV Aindling
1376312|FC Memmingen
1376313|TSV Großbardorf
1376314|1. FC Passau
1376315|FC Ingolstadt 04
1376316|1. FC Bad Kötzting
1376318|SG Quelle Fürth
1376319|Würzburger FV
1376320|FC Kempten
1376321|KSV Hessen Kassel
1376323|1. FC Germania Ober-Roden
1376325|SV Buchonia Flieden
1376327|KSV Baunatal
1376329|FSV Frankfurt
1376330|SC 1929 Waldgirmes
1376331|SV Viktoria Aschaffenburg
1376332|OSC Vellmar
1376334|FC Bayern Alzenau
1376335|FSV 1926 Fernwald
1376338|VfR Neumünster
1376340|Altonaer FC 1893
1376345|SV Arminia Hannover
1376347|SV Meppen
1376348|1. FC Union Berlin
1376350|Tennis Borussia Berlin
1376351|SV Babelsberg 03
1376353|MSV Neuruppin
1376354|TSG Neustrelitz
1376355|Berliner Athletik-Klub 07
1376358|Berliner FC Dynamo
1376359|Ludwigsfelder FC
1376360|FC Anker Wismar
1376361|Berliner FC Preussen
1376363|FSV Budissa Bautzen
1376366|Hallescher FC
1376368|FC Grimma
1376369|VfB Auerbach
1376370|VfB Germania Halberstadt
1376371|FC Oberlausitz Neugersdorf
1376373|1. FC Magdeburg
1376374|VFC Plauen
1376375|ZFC Meuselwitz
1376376|FC Eilenburg
1376377|KFC Uerdingen 05
1376378|VfB Speldorf
1376379|FC Hürth
1376380|Bonner SC
1376381|VfB Homberg
1376382|SSVg Velbert 02
1376383|ETB Schwarz-Weiß Essen
1376384|1. FC Düren
1376385|1. FC Bocholt
1376387|FC Wegberg-Beeck
1376388|1. FC Kleve
1376390|TuRU Düsseldorf
1376392|FC 08 Homburg
1376393|SG Eintracht Bad Kreuznach
1376395|EGC Wirges
1376397|Borussia Neunkirchen
1376399|VfR Wormatia Worms
1376402|FK 03 Pirmasens
1376404|TuS Mechtersheim
1376406|SC Verl
1376407|SV Lippstadt 08
1376408|FC Eintracht Rheine
1376410|FC Gütersloh
1376412|SV Schermbeck
1376414|Sportfreunde Lotte
1376415|SpVgg Erkenschwick
1376416|SC Westfalia Herne
1376417|Chemnitzer FC
1376418|Holstein Kiel
1376419|SC Preußen Münster
1376420|VfL Osnabrück
1376421|SC Paderborn 07
1376422|VfB Lübeck
1376423|SG Wattenscheid 09
1376424|Wuppertaler SV
1376425|FC St. Pauli
1376426|Braunschweig TSV Eintracht
1376427|FC Carl-Zeiss Jena
1376428|BSV Kickers Emden
1376429|Fortuna Düsseldorf 1895
1376430|VfR Aalen
1376431|FC Augsburg
1376432|SV Elversberg
1376433|TSG 1899 Hoffenheim
1376434|Kickers Offenbach
1376435|SC Pfullendorf
1376436|SSV Jahn Regensburg
1376437|Sportfreunde Siegen
1376438|SV Stuttgarter Kickers
1376439|SV Wehen Wiesbaden
1376441|SpVgg Bayreuth
1376442|SV Darmstadt 98
1376443|TuS Koblenz
1376444|SC Fortuna Köln
1376446|FC Viktoria Köln 1904
1376447|SV Bergisch Gladbach 09
1376448|Ratinger SV Germania 04/19
1376453|TSG Sprockhövel
1376457|SC Halberg Brebach
1376458|SC Idar-Oberstein
1376459|Sportfreunde Köllerbach
1376462|SpVgg Landshut
1376463|SpVgg Bayern Hof
1376464|SpVgg SV Weiden
1376465|SpVgg Ansbach
1376466|SC 04 Schwabach
1376467|1. FC Schweinfurt 1905
1376468|FC 08 Villingen
1376469|Bahlinger SC
1376471|TSG Weinheim
1376472|1. CfR Pforzheim
1376475|VfB Marburg
1376480|HSV Barmbek-Uhlenhorst
1376481|SC Victoria Hamburg
1376482|Wandsbeker TSV Concordia
1376483|VfB Oldenburg
1376487|FSV Optik Rathenow
1376488|SV Lichtenberg 47
1376489|Füchse Berlin Reinickendorf
1376490|FC Schönberg 95
1376491|FC Mecklenburg Schwerin
1376493|SV Dessau 05
1376494|FSV Zwickau
1376495|FV Dresden 06 Laubegast
1376497|1. FC Lokomotive Leipzig
1376498|Brinkumer SV
1376499|TSV Kropp
1376501|VfB Wissen
1376503|SC Borea Dresden
1376504|TuS Hohenecken
1376506|FC Oberneuland
1376507|VSK Osterholz-Scharmbeck
1376508|SV Ramlingen-Ehlershausen
1376511|SV Germania Schöneiche
1376515|FC Iserlohn 46/49
1376516|SV Rot-Weiß Hasborn
1376518|SV Heimstetten
1376519|FC Eintracht Bamberg 2010
1376522|1. SC Göttingen 05
1376523|FC Remscheid
1376529|DSC Wanne-Eickel
1376531|OSC Bremerhaven
1376532|OSV Hannover
1376533|1. Hanauer FC 1893
1376535|SC Charlottenburg
1376536|SV Wilhelmshaven
1376537|Brandenburger SC Süd 05
1376538|VfB Eppingen
1376539|TSV Havelse 1912
1376540|FC Würzburger Kickers
1376543|SC Wiedenbrück
1376550|SG Rot-Weiss Frankfurt
1376552|FC Hertha 03 Zehlendorf
1376553|Heeslinger SC
1376554|Greifswalder FC
1376555|RasenBallsport Leipzig
1376560|FC Astoria Walldorf
1376562|VfB Sangerhausen
1376563|FV Engers 07
1376565|Lüneburger SK Hansa
1376566|FSV Bentwisch
1376568|FC Eintracht Norderstedt
1376569|TSG Balingen
1376571|FV Illertissen
1376572|TSV Buchbach
1376573|FSV Erlangen-Bruck
1376574|TSV 1896 Rain am Lech
1376576|Hünfelder SV
1376581|SV Alemannia Waldalgesheim
1376582|TuS Schwachhausen
1376584|SV Curslack-Neuengamme
1376585|TSV Ottersberg
1376586|TSV Eintracht Stadtallendorf
1376587|MTV Gifhorn
1376590|FC Eintracht Northeim
1376593|FV 1893 Ravensburg
1376594|SpVgg Neckarelz
1376595|SV Bavenstedt
1376596|TSV 1860 Rosenheim
1376597|SV Schalding-Heining
1376599|SV Spielberg
1376600|FC Denzlingen
1376603|Eisbachtaler Sportfreunde
1376604|SV Auersmacher
1376605|SV SCHOTT Jena
1376606|VfL Halle 96
1376607|FSV Luckenwalde
1376609|Malchower SV
1376677|Ahrensburger TSV
1376683|FSV Schöningen
1376774|FSV Schleiz
1376776|SC Freital 2020
1376790|FC Germania Okriftel 1911
1376796|1. FC Langen 1903
1376801|TSV 1900 Wabern
1376853|FV 'Rheingold' Rübenach
1376864|FC Bitburg
1376876|SC Reisbach
1376887|Mülheimer FC 1997
1376888|SV Eintracht Hohkeppel
1376889|FC Preußen Espelkamp
1376964|SC Peckeloh
1376965|SC Westfalia Kinderhaus
1376967|SpVg Hagen
1376969|SV Wacker Obercastrop
1376974|SC Eilbek
1377014|SV Bliesmengen-Bolchen
1377017|Lichtenauer FV
1377022|SV Pars Neu-Isenburg
1377023|1. FC Mühlhausen
1377028|SF Elzach-Yach
1377029|FC Holzhausen
1377071|SSV Eggenfelden
1377072|FC Sportfreunde Schwaig
1377077|TSV 1860 Weißenburg
1377078|FC Eintracht Münchberg
1377080|SV Siedenbollentin
1377081|SG Dynamo Schwerin
1377087|Türkspor Neckarsulm
1377093|FV Hunsrückhöhe Morbach
1378714|FC Sparta Bremerhaven
1378715|KSV Vatan Spor Bremen
1378716|FC Union 60 Bremen
1378718|SC Borgfeld
1378720|FC Teutonia Ottensen
1378722|Vorwärts-Wacker 04
1378723|TSV Sasel
1378724|TuS Dassendorf
1378729|SpVg Eidertal Molfsee
1378735|Sportfreunde Schwäbisch Hall
1378737|FC Emmelshausen-Karbach
1378738|SV Rödinghausen
1378742|SV Holthausen-Biene
1378743|FC Viktoria 1889 Berlin
1378745|FSV Union Fürstenwalde
1378746|VfB Fortuna Chemnitz
1378748|TuS Erndtebrück
1378749|Arminia Ludwigshafen
1378751|SV Rot-Weiß Hadamar
1378752|SC Eltersdorf
1378758|TS Woltmershausen
1378759|FC Teningen
1378765|SV Wiesbaden 1899
1378766|FC Kray
1378768|FSV 08 Bissingen
1378770|TSV Aubstadt
1378774|DJK Ammerthal
1378775|ASV Neumarkt
1378776|SpVgg Jahn Forchheim
1378778|SV Alemannia Haibach
1378779|DJK Don Bosco Bamberg
1378780|TSV Schwabmünchen
1378781|1. FC Sonthofen
1378782|VfB Eichstätt
1378783|TSV Kottern-St. Mang
1378786|SpVgg Hankofen-Hailing
1378788|FC Unterföhring
1378792|FC Eddersheim
1378793|FC Hennef 05
1378798|FC Viktoria 08 Arnoldsweiler
1378805|SC Kapellen-Erft
1378806|SV Sonsbeck
1378807|Sportfreunde Baumberg
1378808|1. FC Wülfrath
1378813|Germania Egestorf
1378814|SSV Jeddeloh II
1378815|VSG Altglienicke
1378821|FC Einheit Rudolstadt
1378822|FC Dornbreite Lübeck
1378823|TuS Hartenholm
1378825|SSC Hagen Ahrensburg
1378828|TuS Ennepetal
1378830|1. FC Gievenbeck
1378831|SuS Neuenkirchen
1378834|1. FC Wunstorf
1378842|VfB 03 Hilden
1378843|PSV Wesel-Lackhausen
1378845|SSV Merten
1378846|SG Barockstadt Fulda-Lehnerz
1378847|Sportfreunde Seligenstadt
1378848|FC Ederbergland
1378850|FC Hertha Wiesbach
1378851|SV Oberachern
1378853|TSV Bogen
1378855|FC Pipinsried
1378858|TSV Schott Mainz
1378859|SV Blau-Weiß Zorbau
1380353|Heider SV
1380354|SVE Comet Kiel
1380357|1. FC Phönix Lübeck
1380358|Eckernförder SV
1380360|PSV Union Neumünster
1380361|TSV Klausdorf
1380362|SV Eichede
1380363|SC Weiche Flensburg 08
1380364|Uhlenhorster SC Paloma
1380365|TSV Buchholz 08
1380366|Niendorfer TSV
1380367|SV Halstenbek-Rellingen
1380370|SC Condor Hamburg
1380371|VfL Lohbrügge
1380372|Oststeinbeker SV
1380373|Blumenthaler SV
1380374|SV Grohn
1380375|SV Preußen Reinfeld
1380378|VfL 07 Bremen
1380379|Bremer SV
1380380|Habenhauser FV
1380381|TSV Wulsdorf
1380383|Hamm United FC
1380384|FC 'Union' Tornesch
1380385|SV Drochtersen/Assel
1380387|FT Braunschweig
1380389|SV Blau-Weiß Bornreihe
1380390|Lupo Martini Wolfsburg
1380391|VfV Borussia 06 Hildesheim
1380393|SV Ahlerstedt/Ottendorf
1380394|VfL Oldenburg
1380396|SV Hemelingen
1380397|HSC BW Tündern
1380398|SG Aumund-Vegesack
1380399|BSV Schwarz-Weiß Rehden
1380402|SSV Markranstädt
1380403|MSV Pampow
1380405|RSV Meinerzhagen
1380406|TV Dalbecksbaum Velbert
1380407|Sportfreunde Niederwenigern
1380408|Eimsbütteler TV
1380411|SV Rot-Weiß Walldorf
1380412|TuRa Bremen
1380415|TuS Dietkirchen
1380417|FC Kilia Kiel
1380418|1. FC Rielasingen-Arlen
1380421|Oldenburger SV
1380422|VfR Horst
1380423|Sportfreunde Dorfmerkingen
1380424|TSV Pansdorf
1380426|1. FC Frankfurt (Oder)
1380427|ASV Cham
1380428|TSV Karlburg
1380429|Türkspor Augsburg
1380431|TSV Wasserburg
1380432|1. FC Neubrandenburg 04
1380433|SV Tasmania Berlin
1380435|FC Deisenhofen
1380437|SG Union Sandersdorf
1380438|BSV Halle-Ammendorf
1380439|SC Bernburg
1380441|1. FC Lok Stendal
1380445|BSG Wismut Gera
1380446|Bischofswerdaer FV 08
1380447|BSG Chemie Leipzig
1380448|FSV Wacker Nordhausen
1380460|Rotenburger SV
1380463|MTV Wolfenbüttel
1380464|Sportfreunde Hamborn 07
1380467|SVG Göttingen 07
1380471|Bramfelder SV
1380492|SV Rugenbergen
1380495|SV Todesfelde
1380497|1. FC Burg
1380500|SV Altlüdersdorf
1380503|SV Westfalia Rhynern
1380505|SKV Rot-Weiß Darmstadt
1380507|1. FC Arheilgen Darmstadt
1380508|FSV Hollenbach
1382793|SV 1919 Gonsenheim
1384449|SC Vier- und Marschlande
1384450|FC Gießen
1384456|SpVg Blau-Weiß 1890 Berlin
1384457|VfL Pirna-Copitz
1384476|Dresdner SC
1384477|VfB Friedrichshafen
1384489|1. FC Bruchsal
1384490|1. Göppinger SV
1384500|Siegburger SV 04
1384502|Hamburg-Eimsbütteler BC
1384530|TSV Grolland
1384541|DJK Vilzing
1384542|SpVg Frechen
1384553|FC Verden 04
1384563|Eutiner SV 1908
1384564|FC Süderelbe
1384565|Leher TS Bremerhaven
1384566|SC Spelle-Venhaus
1384567|ASC 09 Dortmund
1384569|SV 1914 Eilendorf
1384572|TSV Steinbach Haiger
1384573|FV 07 Diefflen
1384574|SV Saar 05 Saarbrücken
1384577|TSV Neudrossenfeld
1384578|TSV 1865 Dachau
1384579|TSV Landsberg
1384581|Hannoverscher SC
1384602|SV Grün-Weiß Brauweiler
1384605|1. SC 1911 Heiligenstadt
1384710|SV 1920 Steinbach
1384753|Türk Gücü Friedberg
1384766|SC Blau-Weiß Papenburg
1384784|FC Hagen/Uthlede
1384804|ASV Burglengenfeld
1384807|FC Türkiye Wilhelmsburg
1384808|FSV Barleben
1384809|FSV Viktoria Jägersburg
1384818|SV Breinig
1384819|SV Erlbach
1384820|SV Kirchanschöring
1384822|TSV Meerbusch
1384825|BSV Eintracht Mahlsdorf
1384832|ESC Geestemünde
1384833|Bremer TS Neustadt
1384836|TSB Flensburg
1384837|SpVg Schonnebeck
1384839|VfB Krieschow
1384840|SV Frisia 03 Risum-Lindholm
1384841|TSV Lägerdorf
1384842|Klub Kosova Hamburg
1384843|TuS Osdorf
1384844|TuS Bersenbrück
1384847|FC Brünninghausen
1384849|SC Rheinbach
1384851|SV Morlautern
1384852|FC Rot-Weiß Koblenz
1384854|FC Gundelfingen
1384855|TSV Friedrichsberg-Busdorf
1384856|Inter Türkspor Kiel
1384962|SSV Vorsfelde
1384963|MTV Eintracht Celle
1384964|SV Atlas Delmenhorst
1384965|SC Staaken
1384968|1. FC Monheim
1384969|FC Pesch
1384976|Vichttal
1384977|FV Eppelborn
1384978|FV Dudenhofen
1384979|TSG Backnang
1384980|TSV Kornburg
1384981|TSV Schwaben Augsburg
1384982|DJK Gebenbach
1384984|SB Chiemgau Traunstein
1384992|SC Velbert
1384993|SC Union Nettetal
1385000|ATSV Erlangen
1385001|TSV Abtswind
1385009|Türkgücü München
1385010|TSV Nördlingen
1388570|FV Bad Honnef
1388577|FC Germania Teveren
1388580|SG Heidelberg-Kirchheim
1388584|SG Walluf
1388585|TuS Blau-Weiß Lohne
1388587|BSG Stahl Riesa
1388600|TuS Esens
1388603|SC Vahr-Blockdiek
1388605|TSV Mariendorf 1897
1388606|TSV Rudow
1388610|Oranienburger FC Eintracht
1388611|Rostocker FC
1388614|SV Warnemünde
1388620|Haldensleber SC
1388629|SpVgg Vreden
1388635|SV Viktoria Herxheim
1388637|TB Jahn Zeiskam
1388651|SC Willingen
1388658|SV Böblingen
1388710|FC Schüttorf 09
1388714|DJK TuS Hordel
1388716|SD Croatia Berlin
1388731|Berliner Sport-Club
1388733|SV Sparta Lichtenberg
1388734|Steglitzer FC Stern
1388740|SV Hafen Rostock 61
1388742|FC Thüringen Weida
1388748|FC Germania Lich-Steinstraß
1388750|Viktoria Goch
1388752|FSV Dörnberg
1388753|SV Adler Weidenhausen
1388758|FC Coburg
1388763|Eichholzer SV
1388780|SG Bad Soden
1388787|SV Wittlich
1388790|GSV Maichingen
1388808|SV Fortuna Magdeburg
1388820|FC Einheit Wernigerode
1388826|1. FC Wilmersdorf
1388828|Berlin Türkspor 1965
1388832|Barsbütteler SV
1388837|CSC 03 Kassel
1388865|VfB Fallersleben
1388871|DJK Grün-Weiß Nottuln
1388879|VfL Güldenstern Stade
1388880|FC Voran Ohe
1388881|SG 99 Andernach
1388883|SSC Weißenfels
1388895|SC Melle 03
1388896|VfR Hausen
1388903|Holzwickeder SC
1388930|TSV Essingen
1388932|TuS 1896 Sachsenhausen
1388939|TSV Reichenbach
1388947|SV 08 Kuppenheim
1388949|SV Bühlertal
1388952|VfL Nagold
1388953|TSV Berg
1388958|SpVgg Geratal
1388961|FC An der Fahner Höhe
1388963|SV Borsch
1388964|SV 09 Arnstadt
1388968|1. FC Bitterfeld-Wolfen
1388971|VfB Empor Glauchau
1388975|Werderaner FC Viktoria
1388976|Miersdorf
1388978|RSV Eintracht Stahnsdorf
1388979|SV Empor Berlin
1388984|FC Förderkader René Schneider
1388988|SV Pastow
1388997|SV Preußen Merchweiler
1389001|FC Kalbach
1389003|FV 09 Breidenbach
1389006|FV Biebrich 02
1389011|Türkischer SV Wiesbaden
1389021|SG Mülheim-Kärlich
1389033|FC Bienwald Kandel
1389039|Türk Birlikspor Pinneberg
1389040|TuRa Harksheide
1389044|SV Altengamme
1389049|TuSpo Surheide
1389052|SG Findorff
1389053|FC Huchting
1389054|Braunschweiger SC Acosta
1389055|TSC Vahdet Braunschweig
1389058|Germania Wolfenbüttel
1389064|STK Eilvese
1389070|TuS Harsefeld
1389071|TSV Etelsen
1389072|MTV Treubund Lüneburg
1389073|TV Jahn Schneverdingen
1389080|SV Brake
1389083|TV Dinklage
1389089|TSV Kronshagen
1389091|TuS Rotenhof
1389096|TSV Nordmark Satrup
1389098|TSV Hattstedt
1389118|Kaltenkirchener Turnerschaft
1389121|MTSV Hohenwestedt
1389126|FC Tegernheim
1389127|SV Fortuna Regensburg
1389128|TSV Bad Abbach
1389129|SV Schwandorf-Ettmannsdorf
1389130|SpVgg Lam
1389131|SV Etzenricht
1389137|FC 'Vorwärts' Röslau
1389138|TSV Nürnberg-Buch
1389142|FSV Stadeln
1389149|FT Schweinfurt
1389152|ASV Rimpar
1389156|TuS Frammersbach
1389158|VfB Hallbergmoos
1389162|Kirchheimer SC
1389170|VfB Durach
1389174|SC Oberweikertshofen
1389175|FV Bonn-Endenich
1389177|TuS Marialinden
1389178|TuS Mondorf
1389179|FV Wiehl
1389187|Sportfreunde Düren
1389192|ESC Rellinghausen
1389198|VfB Bottrop
1389202|VSF Amern
1389207|GSV Moers
1389215|VfL Theesen
1389216|TuS Hiltrup
1389218|TSV Victoria Clarholz
1389219|SC Rot-Weiß Maaslingen
1389229|FC Zuzenhausen
1389230|VfR Gommersdorf
1389232|VfL Sindelfingen
1389235|SC Lahr
1389236|FC Auggen
1389238|FSV Preußen Bad Langensalza
1389246|Güstrower SC
1389250|SG Taucha 99
1389251|Reichenbacher FC
1389256|Schwebenried
1389260|FC Sturm Hauzenberg
1389266|SV Manching
1389267|TuS Geretsried
1389270|SF/BG Marburg
1389283|SSG Nikola Tesla Hamburg
1389296|SV Lengede
1389298|TSV Krähenwinkel/Kaltenweide
1389300|TSV Barsinghausen
1389302|TSV Wetschen
1389307|SV Vorwärts Nordhorn
1389313|SG Finnentrop/Bamenohl
1389316|SSV Homburg-Nümbrecht
1389317|Glesch-Paffendorf
1389321|Jüchen
1389331|FV Fortuna Heddesheim
1389332|TSV Seebach
1389334|TSV Eintracht Karlsfeld
1389335|ESV Freilassing
1389338|1. FC Lichtenfels
1389341|FC Ehekirchen
1389344|1. FC Fuchsstadt
1389345|FC Stätzling
1389348|TSV Kastl
1389350|TuS Makkabi Berlin
1389351|TSG Einheit Bernau
1389352|SG Union Klosterfelde
1389353|TuS Komet Arsten
1389358|SV Zeilsheim
1389361|Hanauer SC 1960
1389366|SV Schlebusch 1923
1389380|SV Bevern
1389381|VfR Voxtrup
1389383|TuS 1902 Herrensohr
1389384|SpVgg Quierschied
1389389|SV Blau-Weiß Dölau
1389392|Calcio LE
1389396|Concordia Wiemelhausen 08/10
1389401|TSV Bargteheide
1389404|TSV Rantrum
1389431|FC Büderich
1389433|TuS Königsdorf
1389435|Rahlstedter SC 05
1389453|TSG Tübingen
1389455|SSV Ehingen-Süd
1389461|TSV Godshorn
1389469|SSV Kästorf
1389474|FSV Spandauer Kickers
1389478|SV Lipsia 1893 Eutritzsch
1389482|SG Rot-Weiß Thalheim
1389487|SG Johannesberg 1926
1389489|FC Waldbrunn 2016
1389491|FV 09 Schwalbach
1389494|VfB Linz
1389496|FC Union Schafhausen
1389499|Lindenthal
1389501|SV Scherpenberg
1389503|ASV Einigkeit Süchteln
1389511|SV Cosmos Aystetten
1389513|TSV Grünwald
1389517|Frohnauer SC
1389519|Blankenfelde
1389520|Petershagen
1389521|FSV Kühlungsborn
1389527|SV Westerhausen
1389529|SSV Rantzau
1389530|FC Eintracht Lokstedt
1389531|SC Nienstedten
1389535|SV Iraklis Hellas Hannover
1389537|SC Hemmingen-Westerfeld
1389541|SV Grün-Weiß Mühlen
1389542|SV Grün-Weiß Firrel
1389544|TuS Jevenstedt
1389548|FC Britannia Eichenzell
1389553|SG Bornheim 1945 Grün-Weiß
1389559|SG Hochwald 2023
1389560|Ahrweiler BC
1389562|FC Rastpfuhl
1389564|TuS Marienborn
1389565|TSV Gau-Odernheim
1389566|SV Steinwenden
1389568|SV Eintracht Verlautenheide
1389569|SpVg Köln-Flittard
1389576|Holzheimer SG
1389578|BSV Schüren
1389580|SV Mesum
1389581|SV Borussia Emsdetten
1389586|SC Großschwarzenlohe
1389587|1. FC Garmisch-Partenkirchen
1389592|TuS Hornau
1389594|1. Spvg. Solingen Wald 03
1389603|TSG 1846 Bretzenheim
1389605|SG Unterrath
1389608|ASV Hamburg
1389612|TSV Hasenbüren
1389618|Penzliner SV
1389621|VfB Fortuna Biesdorf
1389623|Bad Frankenhausen
1389624|TSV Gera Westvororte
1389627|SG Handwerk Rabenstein
1389629|DJK Blau-Weiß Mintard
1389632|SV Westfalia Soest
1389637|SV Blau-Weiß Dingden
1389639|1. FC Spich 1911
1389641|SpVg Porz 1919
1389645|SG Schneifel
1389647|TuS Kirchberg 1909
1389648|FC Basara Mainz
1389656|FC Turabdin-Babylon Pohlheim
1389662|SV Unter-Flockenbach
1389666|SV Fellbach
1389667|Hofherrnweiler
1389669|SV Vatan Spor Aschaffenburg
1389674|TSV Jetzendorf
1389685|SSV Bornheim
1389690|SV Budberg
1389698|Adler Union Frintrop
1389702|FSV Neunkirchen-Seelscheid
1389705|SV Helpenstein
1389706|SG Kleinalmerode/Hundelsh
1389707|SSC Juno Burg
1389710|SC Dortelweil
1389711|FC Alsterbrüder
1389713|Hamburger TS 1816
1389714|ETSV Hamburg
1389716|ATS Buntentor 02
1389717|GW Ahrensfelde
1389718|DJK Dampfach
1389721|TSV Hollenbach
1389722|TB 03 Roding
1389723|TSV Mönchröden
1389725|FC Dingolfing
1389727|SV Unterreichenbach
1389728|SV Buckenhofen
1389731|VfB Bretten
1389733|SC Victoria Mennrath
1389734|DV Solingen
1389737|SV Lindwedel-Hope
1389750|DJK Ballweiler-Wecklingen
1389753|FC Cosmos Koblenz
1389756|SV Dörpum
1389757|SV Eintracht Emseloh
1389759|Türkspor Dortmund
1389760|SC Obersprockhövel
1389764|TuS 07 Steinbach
1389767|SC St. Tönis 1911/20
1389771|FC Saalfeld
1389772|Ratzeburger SV
1389773|SC Rapid Lübeck
1389776|SSG Rot-Schwarz Kiel
1389778|TV Eiche Horn
1389779|Bovender SV
1389780|FC Germania Bleckenstedt
1389783|SSG Halvestorf/Herkendorf
1389787|BV Garrel
1389798|1. FC Eichsfeld
1389799|Neustadt (Orla)
1389801|FC Nordkirchen
1389803|SpVgg Horsthausen
1389805|SG Essen-Schönebeck
1389806|SV Biemenhorst
1389807|SC Fortuna Bonn
1389808|FC Teutonia Weiden
1389809|DJK Rasensport Brand
1389810|SV Kurdistan Düren
1389813|FSV Rot-Weiß Wolfhagen
1389815|SG Eiterfeld/Leimbach
1389817|DJK Sportfreunde Bad Homburg
1389818|TuS Immendorf
1389819|SG Marpingen/Urexweiler
1389822|TSV Oberensingen
1389823|SC Luhe-Wildenau
1389825|ASV Weisendorf
1389828|TuS 1893 Aschaffenburg-Leider
1389831|FSV Pfaffenhofen
1389924|1. FC Lintfort 1914/26
1389957|SV Türkspor Bad Oldesloe
1389958|SC Rönnau
1389960|Hetlinger MTV
1389961|ATSV Sebaldsbrück
1389963|SV Newroz Hildesheim
1389964|TSV Mühlenfeld
1389967|SFN Vechta
1389968|Polar Pinguin
1389970|SV Blau-Weiss Hohen Neuendorf
1389971|VfB Merseburg
1389972|SV Tapfer 06 Leipzig
1389974|SF Schwarz-Weiß Ostinghausen
1389975|FSC Rheda
1389976|SV Vestia Disteln
1389977|FC Kosova Düsseldorf
1389978|SSV Bergisch Born
1389980|TuS Chlodwig Zülpich
1389983|SV Hummetroth
1389984|VfR Groß-Gerau
1389988|VfB Bodenheim
1389989|FC Palatia Limbach
1389990|GU-Türkspor SV Pforzheim
1389992|Türkischer SV Singen
1389993|ESV Südstern Singen
1389994|Young Boys Reutlingen
1389995|VfR Heilbronn 96/18
1389996|FC Esslingen
1389998|FC Kosova Regensburg
1389999|SV Gutenstetten-Steinachgrund
1390000|SV Lauterhofen
1390001|DJK Hain
1390003|TSV 1865 Murnau
1390004|FC Schwabing 56
1390057|FC Fetih-Kisdorf
1390058|SC Rot-Weiß Volkmarode
1390059|FC Sülbeck/Immensen
1390060|VfR Germania Ochtersum
1390061|SV Bruchhausen-Vilsen
1390062|FC Heidetal
1390063|Scharmbeck
1390064|BSG Stahl Brandenburg
1390065|Steglitzer SC Südwest 1947
1390066|SSV Havelwinkel Warnau 2000
1390067|SV Blau-Weiß Büßleben 04
1390068|SV Tanne Thalheim
1390069|SV Eintracht Ahaus
1390070|FC Kaunitz
1390071|SSV Buer 07/28
1390072|DJK Gnadental
1390073|TSV Solingen-Aufderhöhe 1877
1390074|DJK SF Katernberg
1390075|Rhenania Bottrop
1390076|SC Werden-Heidhausen
1390077|SC Blau-Weiß Köln 06
1390078|SC Fliesteden 1931
1390079|Sportfreunde 1930 Uevekoven
1390080|TSF Heuchelheim
1390081|VfR 07 Limburg
1390082|SG Calden/Meimbressen
1390083|SV Hofbieber
1390084|FC Neu-Anspach
1390085|SG Langstadt/​Babenhausen
1390086|SV Eintracht Mendig
1390087|SV Laubach
1390088|Arzf./Daleiden/Dasburg
1390089|SG Hüffelsheim
1390090|DJK/FC Ziegelhausen/Peterstal
1390091|FC Rot-Weiß Salem
1390092|FC Wolfenweiler-Schallstadt
1390093|SV 08 Laufenburg
1390094|SV Niederschopfheim
1390095|FC Rottenburg 1946
1390096|FSV Waiblingen
1390097|DJK Vornbach
1390098|FC Teisbach
1390099|TSC Neuendettelsau
1390100|SpVgg Mögeldorf 2000
1390101|TSV Windeck 1861 Burgebrach
1390102|TSV Eisingen
1390103|1. FC 06 Bad Kissingen
1390104|SV Aubing
1390105|SV Dornach
1390106|FC Wacker München
1390107|SVN München
1390108|Niedersonthofen
1390109|TSV Weilimdorf
1441791|Germany
1441794|AO Aigaleo
1441796|AEK Athens
1441797|GS Iraklis Salonika
1441798|OFI Crete
1441799|AO Ionikos Nikaias
1441800|Olympiacos SF Piraeus
1441801|Panathinaikos AO
1441802|AS PAOK Salonika
1441803|GSS Panionios
1441805|Athens Kallithea FC
1441807|GS Ergotelis Irakleiou
1441810|PS Kalamata
1441813|AO Proodeftiki Neolaia
1441814|MGS Panserraikos
1441815|Panachaiki GE
1441816|GS Niki Volou
1441817|GS Apollon Smyrnis
1441818|AS Olympiakos Volou
1441824|AO Ilysiakos
1441825|PAS Giannina
1441827|GS Doxa Dramas
1441828|APS Zakynthos
1441829|APO Thermaikos Thermis
1441830|PAS Nafpaktiakos Asteras
1441831|AO Agia Paraskevi
1441832|GFS Panetolikos
1441833|PAS Lamia
1441835|GAS Anagennisi Artas
1441836|AS Anagennisi Karditsas
1441837|FS Kozani
1441840|APO Fostiras Tavros
1441845|AS Rodos
1441846|Ethnikos OF Piraeus-Faliro
1441847|PO Atromitos Piraeus
1441849|AO Pandramaikos
1441851|GS Marko
1441852|FS Eordaikos Ptolemaidas
1441855|AGS Vyzas Megaron
1441858|APS Panthrakikos Komotinis
1441859|SFK Pierikos
1441864|GS Diagoras Rodou
1441865|APO Panargeiakos
1441868|AO Trikala
1441871|AO Thiva
1441875|GS Ilioupolis
1441877|OF Ierapetras
1441879|PAS Korinthos
1441880|AS Aris Salonika
1441881|AGS Asteras Tripolis
1441882|APO Levadeiakos
1441883|APS Atromitos Athens
1441884|Veria FC
1441885|AS Aias Salaminas
1441886|PO Atsaleniou
1441890|AO Kilkisiakos
1441893|AO Panelefsiniakos
1441894|AS Edessaikos
1441895|AO Loutraki
1441898|AO Kavala
1441901|AS Anagennisi Epanomis
1441904|PAO Rouf
1441908|NPS Volos
1441909|PASA Irodotos
1441957|AS Kastoria 1980
1445905|AMS Vataniakos Katerinis
1445909|AO Tilykratis Lefkadas
1445914|PGS Kissamikos Chanion
1445992|PA Aiginiakos
1445993|AO Apollon Larisas
1454081|PAO Doxa Vyrona
1454082|AE Larisas
1454084|AO Agiou Nikolaou
1454086|PAE Apollon Pontou FC
1454087|GAS Ialysos Rodou
1454088|GS Panaigialeios
1454092|PAS Apollon Kryas Vrysis
1454093|AS Aris Petroupolis
1454097|APO Keratsini
1454100|AS Poseidon Neas Michanionas
1454101|AS Thesprotos Igoumenitsas
1454102|AO Chaidariou
1454111|AS Makedonikos Neapolis
1454115|AO Charavgiakos Ilioupolis
1454124|APO Almopos Aridaias
1454127|AS Nestos Chrysoupolis
1454128|AE Iraklis Larisas
1454129|GPS Pelopas Kiatou
1454133|AS Megas Alexandros Orfaniou
1454144|AE Moschatou
1454146|AO Mandraikos
1454151|PAS Amvrakikos Vonitsas
1454156|GS Pannafpliakos-Iraklis
1454162|APS Thyella Patron
1454164|AE Alexandreias
1454167|AO Apollon Kalythion
1454168|PS Apollon Paralimniou
1454172|APS Erani Filiatron
1454176|MFAOF Kabaniakos Chalastras
1454179|AS Magnisiakos Volou
1454180|AE Mesolongiou
1454183|AO Neas Artakis
1454189|Pamvouprasiakos AO Vardas
1454207|GPS Almyros Gaziou
1454209|MGS Orestis Orestiadas
1454225|GAS Aias Gastounis
1454235|GFPS Aigeas Plomariou
1454236|AO Orfeas Xanthis
1454238|AO Episkopis
1454240|AO Tybakiou
1454246|AO Miltiadis Pyrgou Trifylias
1454248|AO Neas Ionias
1454249|AO Panarkadikos
1454254|GAS Svoronou
1454255|AO Agiou Ierotheou
1454256|GS Thiseas Agrias
1454263|AO Giouchtas Archanon
1454270|AER Afantou
1454282|AS Apollon Pargas
1454288|PO Moudanion
1454294|AO Asteras Karditsas
1454320|AE Lefkimmis
1454337|PO Elassonas
1454345|AO Xanthi
1454371|AS Apollon Efpaliou
1454380|AO Kyanous Astir Varis
1454381|AO Pyliou Ko
1454407|AS Aris Filiaton
1454422|AO Dotieas Agias
1454425|APO Atalantis
1454437|AE Ermionidas
1454448|AO Ermis Meligous
1454458|AO Rethymniakos
1454459|MAS Aris Peteinou
1454462|APS Aris Soudas
1454470|Iraklis Abelokipon
1454519|PAS Thyella Katsika
1454533|AO Ermis Zonianon
1454542|AMS Aris Avatou
1454544|GS Ermis Amyntaiou
1454552|AO Karava Piraeus
1454578|AE Anagennisi Schimatariou
1454587|PAOP Neas Amisou
1454628|PAOK Kristonis
1454639|AS Astir Vlachioti
1454646|Thyella Rafinas
1454682|AS Chalkis
1454740|AS Sarakinos Volou
1454850|GAMS Ermis Exochis
1454862|AES Aetos Varvaras
1454909|EGS Iraklis Ammoudias
1454934|AO Asteras Petriti
1454973|AE Malesinas 2008
1454987|AE Neas Selefkeias
1455005|AS Aetos Ofryniou
1455028|AO Saronikos Anavyssou
1455126|AS PAOK Dytikou
1455133|AMO Niki Neas Efkarpias
1455143|AS Atromitos Palama
1455152|PO Fikis
1455153|AO Digenis Neochoriou
1455205|AO Diavolitsiou
1455236|AO Ellopiakos
1455253|APS Patrai
1455254|AE Kifisias
1455287|Granitis Agias Marinas
1455299|PAE Akrites Sykeon
1455346|GSG Pangytheatikos
1455366|AO Ypatou
1455397|AMS Keravnos Angelochoriou
1455473|AS Panthouriakos Messinias
1455477|APS Vyron Kavalas
1455489|AE Evosmou
1455536|Asteras Stavrou
1455574|PAS Pyrgos 1968
1455584|PS Ethnikos Neou Keramidiou
1455603|PAO Kentavros Vrilission
1455638|M. Alex. Agias Marinas
1455755|AMS Aris Pigon
1455798|AE Kileler
1455811|Panagriniakos
1455813|PO Alexandroupolis
1455834|APO Ellas Syrou
1455835|AO Karystou
1455911|AO Amarynthiakos
1456001|AE Ano Meras Mykonou
1456028|AOM Asteras Kaisarianis
1456029|AO Anthoupolis Larisas
1456054|Iraklis Thermaikou
1456069|Proodos Rogon
1507327|Greece
1507329|Vasas Futball Club
1507330|ETO FC Győr
1507331|MTK Budapest FC
1507332|Újpest Football Club
1507333|Nyíregyháza
1507334|MOL Fehérvár FC
1507335|Debreceni Vasutas Sport Club
1507336|Békéscsaba 1912 Előre
1507337|Budapest Honvéd Futball Club
1507338|Diósgyőr
1507339|Kaposvári Rákóczi FC
1507340|Vecsési Futball Club
1507341|Pécsi Mecsek Futball Club
1507342|Paksi Futball Club
1507343|BFC Siófok
1507344|ZTE Football Club
1507345|OPUS TIGÁZ Tatabánya
1507346|REAC
1507348|Ferencvárosi Torna Club
1507350|Gyirmót Football Club Győr
1507351|Vác VLSE
1507352|Szolnoki MÁV FC
1507353|Pápai Perutz FC
1507354|Haladás 1919 Szombathely
1507355|Kazincbarcika
1507356|Cegléd
1507357|BKV Előre Football Club
1507359|Kecskeméti TE
1507366|Makó FC
1507371|BVSC-Zugló
1507402|Practical VLS Veszprém
1507489|Szeged-GA
1507491|Eger SE
1507492|Mezőkövesdi Zsóry FC
1511430|Budaörsi Sport Club
1511431|Futball Club Ajka
1511434|HR-RENT Kozármisleny
1511436|Erzsébeti SMTK
1511437|Jászberényi Futball Club
1511438|Gerjeni SK
1511441|Caola SC Sopron
1511442|Puskás Akadémia FC
1511444|Putnok FC
1511445|Kisvárda Master Good
1511447|Soroksár SC
1511448|Aqvital FC Csákvár
1511450|Gyöngyösi AK
1511451|Salgótarjáni BTC
1511454|Tiszakécskei LC
1511455|Evolution Hungary-Cigánd SE
1511458|Szentlőrinc SE
1511459|Szekszárdi UFC
1511462|Dunaharaszti MTK
1511463|Budafoki MTE
1511465|Meton-FC Dabas
1511468|Dorogi Futball Club
1511470|Balatonfüredi Futball Club
1511471|III. Kerületi TVE
1511472|Rákosmente FC-RKSK
1511473|Csepel Football Club
1511475|Sárvári Futball Club
1511479|Dunaújváros FC
1511480|Monori SE
1511481|MTE 1904
1519619|FC Nagykanizsa
1519624|Bánk-Dalnoki LA
1519630|Balatonlelle Sportegyesület
1519633|Gyulai Termál FC
1519638|Mátészalka
1519640|Ózd-SVF SE
1519642|Pénzügyőr Sportegyesület
1519645|Tatai Atlétikai Club
1519646|Termálfürdő FC Tiszaújváros
1519647|Algyői Sport Kör
1519648|Békési FC
1519651|Bonyhád
1519654|Dombóvár FC
1519661|Gödöllői SK
1519667|Hódmezővásárhelyi FC
1519669|Jamina SE Békéscsaba
1519672|Karancslapujtő KSE
1519673|Karcagi Sportegyesület
1519693|Teskánd KSE
1519719|Hajdúszoboszló
1519730|Futball Club Hatvan
1519735|Mohácsi Torna Egylet 1888
1519736|Móri Sportegyesület
1519741|Sényő FC Selyem-Ber
1519743|Solti FC
1519744|Szarvasi Football Club
1519747|Tiszafüred
1519756|Nagybajomi AC
1519765|Érdi Városi Sportegyesület
1519770|Csornai SE
1519771|Lipót SE
1519787|Zsámbék SK
1519797|Bicskei TC
1519805|Debreceni EAC
1519809|Komárom
1519855|Tállya Községi Sportegyesület
1519861|Bácsalmás
1519862|Kalocsai Futball Club
1519863|Kiskőrösi Labdarúgó Club
1519865|Füzesgyarmati Sport Klub
1519869|Edelényi FC
1519872|Sajóbábony VSE
1519875|THSE-Szabadkikötő
1519879|Gárdonyi Városi Sport Club
1519880|Iváncsa
1519889|Törökszentmiklósi FC
1519914|ESK Ménfőcsanak
1519916|Akasztó FC
1519917|Harta SE
1519922|Soltvadkerti TE
1519926|PTE-PEAC
1519928|Villány TC
1519936|Gesztelyi FC
1519942|Kelen SC
1519953|Szegedi Vasutas SE
1519965|FC Főnix
1519985|Füzesabonyi SC
1519986|Energia SC Gyöngyös
1520029|Tarpa SC
1520031|Majosi SE
1520032|Dunaföldvár FC
1520061|Zalaszentgróti VFC
1520066|Balassagyarmat
1520074|Martfűi LSE
1520076|Tiszaföldvár SE
1572863|Hungary
1572865|Íþróttabandalag Akraness
1572866|Fram
1572867|Fylkir
1572868|Ungmennafélag Grindavíkur
1572869|FH Hafnarfjörður
1572870|KA Akureyri
1572871|KR Reykjavík
1572872|Keflavík
1572873|Ungmennafélagið Afturelding
1576961|Ungmennafélagið Breiðablik
1576962|Knattspyrnufélagið Valur
1576963|Ungmennafélagið Stjarnan
1576964|Knattspyrnufélagið Þróttur
1576965|Íþróttabandalag Vestmannaeyja
1576966|Ungmennafélagið Fjölnir
1576967|Víkingur R.
1576968|HK Kópavogur
1576969|Ungmennafélag Selfoss
1576970|Víkingur Ólafsvík
1576974|Haukar
1576976|Íþróttafélagið Leiknir
1576977|Íþróttafélagið Þór
1576978|ÍR Reykjavík
1576979|Íþróttafélagið Grótta
1576980|Ungmennafélag Njarðvíkur
1576993|Höttur/Huginn
1577002|Magni
1585154|Tindastóll
1585156|Sindri
1585158|Skallagrímur
1585159|Léttir
1585160|Víðir Garði
1585161|Völsungur
1585164|Reynir Sandgerði
1585166|KFS
1585170|KF Fjallabyggð
1585173|Hamar
1585180|Hvíti riddarinn
1585181|Knattspyrnufélagið Ægir
1585182|Dalvík/Reynir
1585183|ÍH Hafnarfjörður
1585185|Ýmir
1585186|Knattspyrnufélag Vesturbæjar
1585187|Kári
1585189|Afríka
1585191|Álftanes
1585193|Knattspyrnufélag Breiðholts
1585195|Augnablik
1585198|Árborg
1585202|Þróttur Vogum
1585203|Knattspyrnufélag Garðabæjar
1585205|Knattspyrnufélag Rangæinga
1585210|Vængir Júpiters
1585212|Samherjar
1585216|Knattspyrnufélagið Hlíðarendi
1585219|Skautafélag Reykjavíkur
1585220|Kormákur/Hvöt
1585248|Stokkseyri
1585253|Elliði
1585261|Hörður Ísafirði
1585263|Kría
1585268|Íþróttafélagið Vestri
1585272|Álafoss
1585299|Knattspyrnufélagið Miðbær
1585301|Ásvellir
1585316|Smári
1585317|Knattspyrnufélag Austfjarða
1585321|Árbær
1585322|Knattspyrnufélag Kópavogs
1638399|Iceland
1638401|Bohemian F.C.
1638402|Bray Wanderers FC
1638403|Cork City
1638404|Derry City
1638405|Drogheda United
1638406|Longford Town
1638407|Shamrock Rovers
1638408|Shelbourne F.C.
1638409|St. Patrick's Athletic
1638410|Waterford F.C.
1638411|Finn Harps
1638412|University College Dublin
1638413|Wexford F.C.
1638414|Dundalk F.C.
1638415|Galway United
1638418|Sligo Rovers
1638419|Treaty United
1638421|Athlone Town
1642500|Cobh Ramblers
1650694|Wayside Celtic FC
1650697|Cherry Orchard FC
1650702|Bluebell United FC
1650719|Letterkenny Rovers
1650725|Rockmount AFC
1650726|Midleton FC
1650728|Avondale United
1650733|University College Cork
1650760|Crumlin United FC
1650853|Bonagee United
1650877|Blarney United
1650884|Cockhill Celtic
1651317|Kerry F.C.
1703935|Ireland
1703937|Beitar Jerusalem
1703938|Bnei Yehuda Tel-Aviv
1703939|Hapoel Kfar-Saba
1703940|Hapoel Petach-Tikva
1703941|Hapoel Tel-Aviv
1703942|Sport Club Ironi Ashdod
1703943|Maccabi Haifa
1703944|Maccabi Netanya
1703945|Maccabi Ironi Petach-Tikva
1703946|Maccabi Tel-Aviv
1703947|Bnei Sakhnin
1703948|Hapoel Nof HaGalil
1703949|Hapoel Be'er-Sheva
1703950|Hapoel Haifa
1703951|Hapoel Rishon LeZion
1703952|Hakoah Amidar
1703953|Maccabi Herzliya
1703954|Hapoel Jerusalem
1703955|Hapoel Ra'anana
1703956|Hapoel Ironi Kiryat-Shmona
1703957|Maccabi Be'er-Sheva
1703959|Hapoel Acre
1703960|Hapoel Nir Ramat HaSharon
1703962|Hapoel Ramat-Gan
1703963|Maccabi Ahi Nazareth
1703964|Hapoel Zafririm Holon
1704025|Marmorek
1708033|Hapoel Ironi Herzliya
1708034|Hapoel Umm el-Fahm
1708035|Sport Club Suhaib Kfar Kasem
1708036|Hapoel Afula
1708046|Maccabi Yavne
1708055|Hapoel Hadera
1708073|Ironi Nesher
1708074|Maccabi Sha'araim Rehovot
1716232|Maccabi Kiryat-Gat
1716240|Shimshon Tel-Aviv
1716249|Hapoel Kfar Kana
1716251|Hapoel Ironi Karmiel
1716263|Hapoel Migdal HaEmek
1716269|Hapoel Kfar Shalem
1716279|Hapoel Ironi Tiberias
1716290|Beitar Tobruk Netanya
1716296|Bnei Eilat
1716297|Hapoel Qalansawe
1716300|Hapoel Azur
1716304|Football Club Ironi Or Yehuda
1716308|Hapoel Ironi Oranit Ido Egozi
1716316|Hapoel Tirat Carmel
1716338|Maccabi Kabilio Jaffa
1716350|Sport Club Dimona
1716369|Hapoel Bik'at HaYarden
1716375|Maccabi Ironi Kiryat-Malachi
1716383|Hapoel Kaukab
1716433|Hapoel Beit-She'an - Mesilot
1716434|Ironi Modi'in
1716437|Ikhud Bnei Majd el-Kurum
1716441|Hapoel Bnei Musmus
1716451|Sport Club Tseirey Taibe
1716470|Maccabi Ironi Tamra
1716472|Hapoel Buayina
1716474|Maccabi Bnei Reineh
1716483|Maccabi Eldad Neve-Sha'anan
1716488|Sport Club Tira
1716490|Hapoel Baqa
1716508|Hapoel Bnei Zlafa
1716515|Sport Club Kiryat-Yam
1716516|Bnei Furadis
1716521|Shimshon Kfar Kasem
1716575|Football Club Beitar Yavne
1716579|Nordia
1716583|Sport Club Tseirey Kfar Kana
1716588|Football Club Tseirey Tamra
1716603|Hapoel Bnei Ar'ara - Ara
1716605|Football Club Maccabi Ashdod
1716606|Sport Association Ashdod
1716624|Maccabi Ahmad Nujidat
1716631|Football Club Tseirey Tira
1716642|Football Club Yirmiyahu Holon
1716645|S.C. Lod
1716693|Football Club Jerusalem
1716697|Hapoel Ironi Araba
1716712|Maccabi Ata-Bialik
1716715|Tseirey Umm el-Fahm
1716764|Football Club Kfar-Saba
1769471|Israel
1769473|A.C. ChievoVerona
1769474|A.C. Milan
1769475|Parma Calcio 1913
1769476|A.S. Roma
1769477|Atalanta Bergamasca Calcio
1769478|Bologna F.C. 1909
1769480|Cagliari Calcio
1769481|F.C. Internazionale Milano
1769482|Juventus F.C.
1769483|U.S. Lecce
1769485|U.C. Sampdoria
1769486|Siena F.C.
1769487|S.S. Lazio
1769488|Udinese Calcio
1769489|U.S. Livorno 1915
1769490|A.C.R. Messina
1769491|Palermo F.C.
1769492|A.C.F. Fiorentina
1769493|A.C. Perugia Calcio
1769494|S.S.C. Bari
1769495|Empoli F.C.
1769496|Hellas Verona F.C.
1769497|Modena F.C. 2018
1769498|Piacenza Calcio 1919 S.S.D.
1769499|Torino F.C.
1769500|Venezia F.C.
1769501|L.R. Vicenza
1769502|Treviso F.B.C. 1993 S.S.D.
1769503|Delfino Pescara 1936
1769504|Ternana Calcio
1769505|Ascoli Calcio 1898 F.C.
1769506|U.S. Triestina Calcio 1918
1769507|U.C. AlbinoLeffe
1769508|Catania F.C.
1769509|U.S. Salernitana 1919
1769510|Genoa C.F.C.
1769511|F.C. Crotone
1769512|S.S. Arezzo
1769513|U.S. Catanzaro 1929
1769514|Cesena F.C.
1769516|Como 1907
1769517|S.S.C. Napoli
1769518|U.S. Avellino 1912
1769520|Pisa S.C.
1769521|F.C. Lumezzane
1769522|Calcio Foggia 1920
1769523|Calcio Padova
1769524|Mantova 1911
1769525|U.S. Cremonese
1769526|Rimini F.C.
1769527|Spezia Calcio
1769528|Frosinone Calcio
1769529|A.S. Cittadella
1769530|U.S. Grosseto 1912
1769532|S.S.D. Massese
1769533|A.C. Monza
1769534|Novara Calcio
1769535|A.C. Pavia S.S.D.
1769536|F.C. Pistoiese S.S.D.
1769538|Aurora Pro Patria 1919
1769539|Pro Sesto 1913 S.S.D.
1769540|A.S.D. Sangiovannese 1927
1769541|Dolomiti Bellunesi
1769542|U.S. Sassuolo Calcio
1769543|Cavese 1919
1769546|S.S. Juve Stabia
1769548|Manfredonia
1769549|A.S.D. Martina Calcio 1947
1769550|Ravenna F.C. 1913
1769551|U.S. Sambenedettese
1769553|S.S. Taranto Calcio S.S.D.
1769554|Teramo Calcio 1913 S.S.D.
1769555|F.C. Pro Vercelli 1892
1769556|Vado F.C. 1913
1769557|F.C. Casale A.S.D.
1769560|A.C. Legnano S.S.D.
1769561|Calcio Lecco 1912
1769562|A.C. Foligno 1928 S.S.D.
1769563|Paganese Calcio 1926 S.S.D.
1769564|Sorrento Calcio 1945
1769565|Potenza Calcio
1769567|U.S. Pergolettese 1932
1769568|Portogruaro Calcio A.S.D.
1769569|A.C. Reggiana 1919
1769570|Benevento Calcio
1769572|A.S.D. Figline 1965
1769573|Cosenza Calcio
1769575|Varese F.C.
1769577|U.S. Alessandria Calcio 1912
1769583|Olbia Calcio 1905
1769586|F.C. Südtirol
1769587|A.S.D. Biellese 1902
1769590|Carrarese Calcio 1908
1769596|A.S. Gubbio 1910
1769597|A.C. Prato S.S.D.
1769600|F.C. Bassano S.S.D.
1769605|S.S.D. Barletta 1922
1769606|A.S.D. Cassino Calcio 1924
1769607|A.S.D. Nuova Igea Virtus
1769609|A.Z. Picerno
1769611|S.S. Scafatese Calcio S.S.D.
1769612|S.S.D. Fidelis Andria 2018
1769613|U.S. Vibonese Calcio
1769614|Gela Calcio
1769616|S.S.D. Brindisi F.C.
1769617|Siracusa Calcio 1924
1769621|A.S.D. Nocerina 1910
1769622|U.S.D. Poggibonsi
1769625|A.C. Carpi
1769626|Virtus Entella
1769627|L'Aquila 1927 S.S.D.
1769628|Latina Calcio 1932
1769630|A.S.D. Pomezia Calcio 1957
1769631|A.C. Renate
1769667|A.C. San Marino Calcio
1769683|F.C. Sangiuliano City S.S.D.
1769728|Sanremese Calcio S.S.D.
1769729|Vigor Lamezia Calcio
1769730|Campobasso F.C.
1769731|S.S.D. Chieti F.C. 1922
1769732|S.S. Milazzo S.S.D.
1769734|A.S.D. Tritium Calcio 1908
1769739|F.C. Trapani 1905
1769742|U.S. Città di Pontedera
1769743|Forlì F.C.
1769746|A.C. Bra
1769748|Virtusvecomp Verona
1769749|A.C. Tuttocuoio 1957
1769751|Torres
1769752|G.S. Arconatese 1926
1769753|A.S.D. Borgaro 1965
1769755|U.S. Fezzanese Calcio 1930
1769759|U.S.D. Scanzorosciate Calcio
1769767|Heraclea Calcio
1773575|Casertana F.C.
1773576|S.S.D. Ischia Calcio
1773587|A.S. Giana Erminio
1773591|A.S.D. Licata Calcio
1773592|U.S.D. Nuorese Calcio 1930
1773600|S.S.D. Correggese Calcio 1948
1773601|Fermana F.C. S.S.D.
1773602|A.S.D. Asti
1773609|Borgosesia Calcio
1773616|U.S.D. Lavagnese 1919
1773618|A.S.D. Chieri
1773619|S.C. Caronnese S.S.D.
1773621|U.S. Sestri Levante 1919
1773632|A.S. Villafranca Veronese
1773633|Nuova Sondrio Calcio S.S.D.
1773635|A.C. Ponte San Pietro Mapello
1773640|U.S. Folgore Caratese A.S.D.
1773648|Ciliverghe Mazzano
1773649|U.S.D. Caravaggio
1773652|Clodiense
1773655|F.C. Legnago Salus
1773665|A.S.D. Polisportiva Tamai
1773668|F.C. Arzignano Valchiampo
1773669|U.S. Mori Santo Stefano
1773673|F.C. Scandicci 1908 S.S.D.
1773682|A.S.D. Mezzolara Calcio
1773684|Imolese Calcio 1919 S.S.D.
1773687|U.S. Fiorenzuola 1922
1773689|A.C. Este S.S.D.
1773700|S.C. Trestina A.S.D.
1773701|Sansepolcro
1773702|San Donato Tavernelle S.S.D.
1773705|U.S. Pianese
1773714|Flaminia
1773716|Vis Pesaro dal 1898
1773718|G.S.D. Castelfidardo S.S.D.
1773719|U.S. Civitanovese S.S.D.
1773722|A.C.D. S.S. Maceratese 1922
1773825|Agnonese
1773826|U.S. Recanatese
1773829|A.S.D. Terracina 1925
1773844|Budoni
1773845|A.S.D. Astrea
1773846|Arzachena Academy
1773848|Sarnese
1773858|S.S. Monopoli 1966
1773860|Gelbison
1773861|F.C. Francavilla S.S.D.
1773862|A.S. Bisceglie Calcio 1913
1773872|Rende Calcio 1968
1773890|Virtus Francavilla
1773891|A.C. Mestre S.S.D.
1773893|S.S. Audace Cerignola
1773894|Ostiamare
1773895|A.S.D. Lanusei Calcio
1773905|F.C. Calvi Noale S.S.D.
1773908|S.C.D. Ligorna 1922
1773909|Varesina Sport C.V. S.S.D.
1773923|F.C. Pinerolo
1773926|A.P.D. Lentigione Calcio
1773928|Forza e Coraggio Avezzano
1773929|A.S.D. Calcio Gozzano
1781761|S.S.D. Città di Acireale 1946
1781766|S.S.D. Casarano Calcio
1781767|Castel di Sangro Calcio
1781773|F.C. S.S. Nola 1925 S.S.D.
1781775|A.S.D. U.S. Savoia 1908
1781779|A.S.D. Castrovillari Calcio
1781783|Mobilieri Ponsacco Calcio
1781784|A.C. Ospitaletto
1781788|U.S. Tolentino 1919 A.S.D.
1781796|S.S. Giugliano Calcio 1928
1781797|A.C. Nardò
1781799|A.S.D. A.C. Afragolese
1781800|A.C. Trento 1921
1781804|A.M. Aglianese
1781807|U.S.D. Città di Fasano
1781808|A.S.D. Pro Gorizia
1781809|A.S.D. Imperia
1781810|Camaiore
1781815|A.S.D. Puteolana 1902
1781819|A.S.D. Derthona F.B.C. 1908
1781831|A.S.D. Sant'Angelo
1781836|Luparense F.C. S.S.D.
1781841|U.S.D. Adriese 1906
1781842|G.S. Bagnolese
1781849|F.C. Vigor Senigallia S.S.D.
1781866|A.S.D. Tivoli Calcio 1919
1781867|U.S. Arbus Calcio 1953
1781871|U.S.D. Palmese 1914
1781881|F.C.D. Calcio Termoli 1920
1781888|A.S.D Paternò Calcio
1781889|A.S.D. Ragusa Calcio
1781891|A.S.D. Sancataldese Calcio
1781898|A.C. Palazzolo 1913 S.S.D.
1781912|A.S.D. Gladiator 1924
1781913|U.S. Angri 1927
1781914|A.S.D. CastrumFavara
1781916|Orvietana Calcio S.S.D.
1781940|U.S.D. Lavello
1781950|U.S. Arco
1781960|A.S.D. Narnese Calcio
1781974|Fossano Calcio S.S.D.
1781977|A.S.D. Fanfulla
1781982|U.C. Montecchio Maggiore
1782014|F.C.D. Conegliano 1907 S.S.D.
1782030|U.S. Sestese Calcio
1782032|U.S. Scalea 1912
1782043|A.C.S.D. Saluzzo
1782050|A.S.D. Montegiorgio Calcio
1782064|Enna Calcio S.C.S.D.
1782083|U.S. Bitonto Calcio
1782119|Pineto Calcio
1782139|S.S.D. Notaresco Calcio 1924
1782155|C.S. Trevigliese S.S.D.
1782172|S.S.D. Nissa F.C.
1782181|AC Magenta
1782189|Rotonda Calcio
1782207|A.C. Città di Castello
1782210|U.S.D. Casatese Merate A.S.D.
1782219|A.S.D. Cairese 1919
1782222|A.S.D. Ilvamaddalena 1903
1782228|Cuoiopelli
1782239|A.S.D. Sambiase Calcio 2023
1782252|A.S.D. Oltrepò F.B.C.
1782255|Castelnuovo Vomano
1782297|A.S.D. Ferrandina 17890
1782343|A.S.D. Vis Artena
1782415|A.C. Crema 1908 S.S.D.
1782498|Vis Nova Giussano
1782513|A.S.D. Calcio Brusaporto
1782618|F.C. Pompei S.S.D.
1782664|A.S.D. Chisola Calcio
1782704|Oleggio Sportiva Oleggio
1782877|A.S.D. Torviscosa
1782884|A.P.D.C. Chions
1782890|A.S.D. San Luigi Calcio
1782896|Comano Terme e Fiavè
1782898|F.C. Maia Alta Obermais
1782904|U.S. Levico Terme Calcio
1782906|G.S.D. Ambrosiana
1782908|A.C.D. Campodarsego
1782929|A.S.D. Salsomaggiore Calcio
1782958|A.S.D. Cannara Calcio
1782972|A.S.D. Sersale Calcio 1975
1782978|Calcio Certaldo
1782986|Pro Livorno 1919 Sorgenti
1782995|Sinalunghese
1783041|F.C. Finale 1908
1783123|U.S. Palmese A.S.D.
1783158|San Marco in Lamis
1783199|Ugento
1783223|S.S.D. Valmontone 1921
1783227|A.S.D. Capistrello
1783239|A.S.D. Tropical Coriano
1783258|Calcio Caldiero Terme
1783261|S.S.D. Vigasio
1783286|Virtus Matino
1783373|A.S.D. Seravezza Pozzi Calcio
1783393|A.S.D. Cittanova Calcio
1783394|A.S.D. San Luca Calcio
1783422|S.C.D. Progresso 1919
1783425|U.S. Corticella S.S.D.
1783434|Inter SM Sammaurese S.S.D.
1783445|Cjarlins Muzane S.S.D.
1783486|Boreale
1783551|Alcione Milano S.S.
1783602|Latte Dolce Calcio A.S.D.
1783667|Cenaia 1969 S.C.
1783715|Olympia Thyrus
1783730|Calcio Schio
1783788|G.S.D. Ghiviborgo VDS
1783827|Forte Querceta
1783868|S.S.D. G.S. Montespaccato
1783964|Lavis
1784221|S.S.D. Portici 1906
1784312|Villa Valle S.S.D.
1784367|U.S.D. Breno
1784384|G.S. Castanese S.C.D.
1784734|A.S.D. Unipomezia 1938
1784748|Trastevere Calcio S.S.D.
1784789|F.B.C. Gravina S.C.S.D.
1784792|A.S.D. Monastir 1983
1784813|Zenith Prato
1784856|A.S.D. Anzio Calcio 1924
1785080|Rovato Vertovese S.S.D.
1785163|Acerrana
1785185|U.S. Mariglianese
1785204|Valenzana Mado S.S.D.
1785299|Cittadella Vis Modena S.S.D.
1785323|Molfetta Calcio S.S.D.
1785328|Carbonia Calcio
1785333|U.S.D. Atletico Uri
1785358|Montevarchi
1785742|A.S.D. F.C. Costa d'Amalfi
1785773|U.S.D. Castellanzese 1921
1785842|Team Altamura
1785857|S.S.C. Ancona S.S.D.
1785882|Guidonia Montecelio
1785892|A.S.D.C. Verbania
1785975|Real Monterotondo
1786017|Accademia Borgomanero 1961
1786077|A.S.D. Tau Calcio Altopascio
1786084|Pol. Santa Maria
1786103|A.C. Virtus Bolzano
1786194|Polisportiva Gioiese
1786257|Fidentina Borgo San Donnino
1786423|A.S.D. Terranuova Traiana
1787121|Lanciano Calcio 1920
1787477|PLM Morrone
1787640|Calcio Atletico Ascoli S.S.D.
1787795|Atletico Lodigiani
1787914|A.S.D. A.V.C. Vogherese 1919
1787915|Virtus Bergamo
1787916|S.S.D. Sasso Marconi
1787919|U.S.D. Follonica Gavorrano
1787927|A.C. Leon S.S.D.
1787989|A.S.D. Brian Lignano Calcio
1787996|La Rocca Altavilla
1788183|Aurora Alto Casertano
1788192|Real Calepina F.C. S.S.D.
1788193|S.S.D. NovaRomentin
1788195|S.S.D. Albalonga
1788196|San Leucio
1788198|F.C. Matese
1788199|Calcio Desenzano S.S.D.
1788242|U.S.D. Olginatese
1788244|Club Milano S.S.D.
1788264|A.S.D. Città Di Gallipoli
1788485|COS Sarrabus Ogliastra
1788489|A.S.D. Roma City F.C.
1788492|Celle Varazze F.B.C. S.S.D.
1788506|Forsempronese 1949
1788507|A.S.D. Sora Calcio 1907
1788670|Nuova Florida Ardea Calcio
1788683|A.S.D. Athletic Club Palermo
1788712|Atletico Castegnato
1788899|Reggina 1914
1788900|Union Brescia
1788901|Puteoli Real Normanna
1788902|A.S.D. Giulianova Calcio 1924
1835007|Italy
1835011|FK 1625 Liepâja
1835012|FK Auda
1835015|Valmiera FC
1835019|FK Karosta Liepāja
1835020|Mārupes SC
1835021|Skanstes SK
1835022|FK Limbaži
1835023|FK Priekuļi
1835024|FK Aliance Rīga
1835026|FC Gauja Valmiera
1835028|FK Kalupe
1839110|FK Tukums 2000
1839111|FK Smiltene/BJSS
1839113|BFC Daugavpils
1839114|Preiļu BJSS
1839117|FK Metta
1839118|FS Jelgava
1839125|FC RFS
1839127|JDFS Alberts Rīga
1839128|Babītes SK
1839131|Rēzeknes FA
1839134|FK Staiceles Bebri
1839136|FK Grobiņa
1847298|FK Pļaviņas DM
1847337|FK Jūrnieks Rīga
1847338|FK Salaspils
1847341|AFA Olaine
1847353|Riga FC
1847354|SK Super Nova
1847364|FK Dinamo Rīga
1847373|JFK Ventspils
1847382|Augšdaugavas NSS
1847383|FK Ogre United
1847384|Leevon PPK
1847386|Riga Mariners
1900543|Latvia
1900545|FC Schaan
1900546|FC Triesenberg
1900547|FC Ruggell
1900548|FC Triesen
1966079|Liechtenstein
1966082|FK Panevėžys
1966086|FK Sūduva
1966087|FA Šiauliai
1966088|FK Žalgiris
1966090|FC Be1
1966091|FK Garliava
1970177|FK Banga
1970179|FK Tauras
1970182|FK Atmosfera
1970183|FK Jonava
1970185|FK Šilutė
1970186|FK Sveikata
1970192|FK Riteriai
1970197|FK Kauno Žalgiris
1970207|FC Džiugas
1978369|FK Ekranas
1978378|FK Nevėžis
1978386|FK Babrungas
1978438|FC Hegelmann
1978450|DFK Dainava
1978498|FK Viltis
1978509|BFA
1978510|FK Saned
1978518|FK Minija
1978598|FC Neptūnas
1978620|FM Klaipėdos
1978638|FK TransINVEST
1978655|FK Dembava
2031615|Lithuania
2031617|Avenir Beggen
2031618|F91 Dudelange
2031619|AS La Jeunesse d'Esch-Alzette
2031620|FC Victoria Rosport
2031621|FC Wiltz 71
2031622|FC Etzella Ettelbruck
2031623|FC Swift Hesperange
2031624|Club Sportif Grevenmacher
2031625|Union Sportive Rumelange
2031627|Union Titus Pétange
2031628|UN Käerjéng '97
2031629|Racing FC Union Luxembourg
2031630|FC Mondercange
2031632|FC Luxembourg City
2031633|FC Differdange 03
2031634|FC Progrès Niederkorn
2031635|CS Fola Esch-Alzette
2031636|FC Stengefort
2035714|Cercle Sportif Oberkorn
2035716|FC Jeunesse Canach
2035717|Jeunesse Schieren
2035718|FC Koeppchen
2035719|FC Minerva Lëntgen
2035720|Young Boys Diekirch
2035721|Union 05 Kayl-Tétange
2035722|Union Sportive Hostert
2035723|Alliance Äischdall
2035724|AS Wincrange
2035726|Daring Club Echternach
2035727|FC 47 Bastendorf
2035728|FC Alisontia Steinsel
2035729|FC Atert Bissen
2035730|Green Boys
2035731|FC Kehlen
2035732|FC Lorentzweiler
2035733|FC Mamer 32
2035734|FC Marisca Mersch
2035735|Sporting Mertzig
2035737|Club Sportif Sanem
2035742|FC Ehlerange
2035743|FC Rodange 91
2035744|FC Sporting Bertrange
2035746|FC UNA Strassen
2035747|Union Mertert-Wasserbillig
2035748|Sporting Club Bettembourg
2035749|US Mondorf-Les-Bains
2035750|Union Sportive Sandweiler
2035756|FC Jeunesse Gilsdorf
2035757|FC Orania Vianden
2035759|FC Résidence Walferdange
2035761|Sporting Club Ell
2035762|Berdorf-Consdorf
2035763|Union Sportive Feulen
2035767|Berdenia Berbourg
2035768|FC Blo-Wäiss Itzig
2035769|FC Jeunesse Junglinster
2035772|FC Schifflange '95
2035773|FC Syra Mensdorf
2035775|Yellow Boys Weiler-la-Tour
2035777|FC The Belval Belvaux
2035778|Union Sportive Esch
2035780|FC Blo Wäiss Medernach
2035782|FC Jeunesse Useldange
2035788|US Boevange-Attert
2035791|Etoile Sportive Schouweiler
2035792|FC Jeunesse Biwer
2035798|Red Star Merl-Belair
2035809|FC Erpeldange 72
2035810|Norden
2035812|Union Remich-Bous
2035840|FC Pratzerthal-Redange
2035842|FC Racing Troisvierges
2035843|Amis Sportifs Hosingen
2043910|FC Tricolore Gasperich
2043916|FC Red Boys Aspelt
2043926|US Rambrouch
2043928|FC Les Ardoisiers Perlé
2043934|FC Koerich
2043940|ASRL Larochette
2043941|FC Munsbach
2043943|AS Colmar-Berg
2043944|US Reisdorf 47
2043945|FC Schengen
2043946|Etoile Sportive Clemency
2043947|FC Minière Lasauvage
2043948|CS Bourscheid
2043949|Racing Heiderscheid
2043951|FC Beckerich
2043955|US Moutfort-Medingen
2043956|FC Noertzange HF
2043957|FC Kopstal 33
2043958|Olympia Christnach
2043959|FC Les Aiglons Dalheim
2043963|Union Sportive Folschette
2097151|Luxembourg
2097153|Birkirkara FC
2097154|Floriana FC
2097155|Marsaxlokk FC
2097156|Ħamrun Spartans FC
2097157|Hibernians FC
2097158|Pietà Hotspurs FC
2097159|Sliema Wanderers FC
2097160|Valletta FC
2097162|Mqabba FC
2097163|Gudja United FC
2097164|Santa Luċia FC
2097165|Swieqi United FC
2101249|Qormi FC
2101250|Tarxien Rainbows FC
2101251|Msida St. Joseph FC
2101252|Dingli Swallows FC
2101253|Balzan FC
2101254|Melita FC
2101255|Mosta FC
2101256|Sirens FC
2101257|San Ġwann FC
2101258|St. George's FC
2101259|Żabbar St. Patrick FC
2101260|Vittoriosa Stars FC
2101261|Birżebbuġa St. Peter's FC
2101263|Lija Athletic FC
2101264|Marsa FC
2101266|Mġarr United FC
2101267|Naxxar Lions FC
2101268|Rabat Ajax FC
2101269|Senglea Athletic FC
2101270|St. Andrews FC
2101272|Żebbuġ Rangers FC
2101273|Attard FC
2101274|Gżira United FC
2101276|Żurrieq FC
2101280|Żejtun Corinthians FC
2101282|Qrendi FC
2101288|Pembroke Athleta SC
2109443|Xgħajra Tornados FC
2109451|Victoria Hotspurs FC
2109454|Għargħur FC
2109456|Fgura United FC
2109457|Siġġiewi FC
2109458|Kirkop United FC
2109462|Marsaskala FC
2109464|Luqa St. Andrew's FC
2109469|Kalkara United FC
2109470|Mtarfa FC
2109472|Ta' Xbiex SC
2109473|Mellieħa SC
2162687|Malta
2162694|FC Sheriff Tiraspol
2162696|FC Zimbru Chişinău
2162698|CSF Bălţi
2162699|FC Iskra 2013 Rîbniţa
2162700|FC Milsami Orhei
2162706|CF Univer Comrat
2162712|FC Pepeni
2162713|CF Locomotiva Ocniţa
2162715|EFA Vîsoca
2162718|CS Atletic Străşeni
2166787|CS Real Succes Chişinău
2166791|FC Maiak
2166799|CSF Spartanii-Sportul
2166818|CF Edineţ
2166819|FC Victoria Chişinău
2174979|FC Olimpia Bălţi
2175011|CSCT Dacia-Buiucani
2175014|FC Petrocub Hînceşti
2175040|FC Stăuceni
2175045|FC Floreşti
2175048|FC Făleşti
2175050|FC Grănicerul Glodeni
2175067|FC Congaz
2175123|FCM Ungheni
2175129|CF Olimp Comrat
2175147|FC Speranţa Drochia
2175155|FC Codru - Juniori
2175161|FC Ţarigrad
2175162|Vulturii Cutezători Sîngerei
2175163|CSF La Familia
2175168|FC Politehnica UTM
2175169|FC Real Sireţi
2175170|FC Oguz
2228223|Moldova
2228225|ADO Den Haag
2228226|AZ Alkmaar
2228227|AFC Ajax
2228228|Vitesse Arnhem
2228229|NAC Breda
2228230|FC Den Bosch
2228231|De Graafschap
2228232|Feyenoord Rotterdam
2228233|FC Groningen
2228234|sc Heerenveen
2228235|N.E.C. Nijmegen
2228236|PSV
2228237|Roda JC Kerkrade
2228238|RBC
2228239|Willem II
2228240|FC Twente
2228241|FC Utrecht
2228242|RKC Waalwijk
2228243|FC Dordrecht
2228244|Excelsior Rotterdam
2228245|FC Emmen
2228246|FC Eindhoven
2228247|Fortuna Sittard
2228248|Go Ahead Eagles
2228249|Heracles Almelo
2228251|Helmond Sport
2228252|SC Telstar
2228253|SC Cambuur
2228254|MVV Maastricht
2228255|TOP Oss
2228256|Sparta Rotterdam
2228258|VVV-Venlo
2228259|FC Volendam
2228260|PEC Zwolle
2228262|Almere City FC
2228263|Rijnsburgse Boys
2228264|VV SJC
2228265|VV Eemdijk
2228266|VV GOES
2232321|KVV Quick Boys
2232322|SV Spakenburg
2232323|VV Noordwijk
2232324|VV Katwijk
2232325|ASWH
2232326|SVV Scheveningen
2232327|VV Ter Leede
2232328|VV Capelle
2232331|BVV Barendrecht
2232334|ADO '20
2232338|VVSB
2232340|HVV Hollandia
2232343|RKVV Westlandia
2232346|HBS-Craeyenhout
2232347|VV Baronie
2232349|VV Gemert
2232352|VV OJC Rosmalen
2232354|VV UNA
2232355|SV Meerssen
2232356|EVV Echt
2232359|UDI '19
2232361|FC Lisse
2232362|RKAV Volendam
2232363|VV Sparta Nijkerk
2232365|HSC '21
2232366|Achilles '29
2232367|De Treffers
2232373|SV Juliana '31
2232378|SC Genemuiden
2232379|ACV
2232381|Harkemase Boys
2232382|Excelsior '31
2232383|VV Flevo Boys
2232386|CSV Apeldoorn
2232388|HHC Hardenberg
2232390|GVVV
2232391|SDC Putten
2232393|SV Kozakken Boys
2232394|HSV Hoek
2232395|VV LRC Leerdam
2232396|CVV de Jodan Boys
2232398|HSV ODIN '59
2232399|SV ARC
2232401|GSV Be Quick 1887
2232402|VV IJsselmeervogels
2232403|KVV Quick '20
2232404|ONS Sneek
2232409|Excelsior Maassluis
2232413|DVS '33 Ermelo
2232414|NSC Nijkerk
2232416|SV Huizen
2232421|VV Dongen
2232426|VV Kloetinge
2232432|AFC '34
2232434|DETO Vriezenveen
2232442|Blauw Geel '38
2232443|SVZW
2232446|VV Hoogeveen
2232450|VV Smitshoek
2232464|VVOG Harderwijk
2232465|VV Spijkenisse
2232469|SV OSS 1920
2232470|Koninklijke HFC
2232471|USV Hercules
2232576|SV TEC
2232577|RVVH
2232579|SteDoCo
2232580|FC Rijnvogels
2232581|OFC Oostzaan
2232582|ASV De Dijk
2232583|VV DOVO
2232585|HV & CV Quick
2240513|AFC
2240523|Achilles Veen
2240539|RKSV Halsteren
2240541|VV Heerjansdam
2240543|HZVV
2240556|SV Urk
2240561|WHC
2240568|VOC Rotterdam
2240576|VUC Den Haag
2240577|XerxesDZB
2240579|SV LONGA '30
2240606|SDV Barneveld
2240618|GVV Unitas
2240625|SV Venray
2240629|RKSV Groene Ster
2240634|SV Hoofddorp
2240636|RKSV Nuenen
2240642|ROHDA Raalte
2240645|FC 's-Gravenzande
2240658|VV Moerse Boys
2240671|MVV Alcides
2240703|VV Berkum
2240707|VV PKC '83
2240708|VV Staphorst
2240728|RODA '46
2240729|Sportlust '46
2240730|AVV Swift
2240732|HSV De Zuidvogels
2240734|VV DUNO
2240735|VV SHO
2240740|VV Rijsoord
2240751|VV Noordscheschut
2240752|VV d'Olde Veste '54
2240756|SV Kampong
2240757|VV De Zouaven
2240758|JOS Watergraafsmeer
2240760|VPV Purmersteijn
2240761|Alphense Boys
2240763|VV Nieuwenhoorn
2240765|TOGB
2240766|RKVV Best Vooruit
2240767|Ido's Football Club
2240769|Unitas '30
2240786|SV DSO
2240789|FC Breukelen
2240793|SV Heinenoord
2240796|RKAVV Leidschendam
2240806|AZSV Aalten
2240808|VV Alverna
2240812|FC Aalsmeer
2240814|Forum Sport
2240818|WV-HEDW
2240835|VV Buitenpost
2240840|RKVV DEM
2240843|SDO Bussum
2240855|HVCH
2240858|SC Susteren
2240860|RKSV Wittenhorst
2240864|SV AWC
2240869|VV Hoogland
2240872|SV Wisch
2240876|VV Heerenveen
2240878|TVC '28
2240879|VV VKW
2240917|SV Orion
2240927|VV WNC
2240928|KHC Kampen
2240933|CVV Blauw Wit '34
2240940|RKVV Velsen
2240942|TAC '90
2240947|RKSV Nemelaer
2240951|RKSV Minor
2240954|VV Heino
2240973|HC & FC Victoria
2240984|VV Zwaluwen
2240985|CSV BOL
2240988|DVVA
2241042|VV Scherpenzeel
2241047|DZC '68
2241057|ZMVV Zeerobben
2241079|VV Kolping Boys
2241093|SV Den Hoorn
2241105|RKSV Mierlo-Hout
2241118|Rood Wit W
2241119|SC Kruisland
2241153|RKZVC
2241156|FC Winterswijk
2241197|MASV
2241199|SV Poortugaal
2241407|RKSV HBC
2241425|SV Valkenswaard
2241430|RKSV NEO
2241864|SV Laar
2293759|Netherlands
2293761|Glentoran
2293762|Linfield
2293763|Cliftonville
2293764|Portadown
2293765|Glenavon
2293766|Coleraine
2293767|Ards
2293768|Lisburn Distillery
2293769|Newry City A.F.C.
2293770|Institute
2293771|Larne
2293772|Ballymena United
2293773|Dungannon Swifts
2293774|Limavady United
2293775|Loughgall
2293776|Armagh City
2293777|Crusaders
2293779|Bangor
2293780|Carrick Rangers
2293781|Donegal Celtic
2293782|Ballyclare Comrades
2293783|Dundela
2293784|Banbridge Town
2293785|Tobermore United
2293786|Coagh United
2293787|Harland & Wolff Welders
2293788|Moyola Park
2293789|Portstewart
2293790|Ballinamallard United
2293791|P.S.N.I.
2293793|Annagh United
2293794|Dergview
2293795|Chimney Corner
2293796|Wakehurst
2293797|Brantwood
2293799|Queens University Belfast
2293800|Glebe Rangers
2293802|Ballymoney United
2293804|Warrenpoint Town
2293805|Knockbreda F.C.
2297857|Newington F.C.
2306051|Killyleagh Y.C.
2306053|Ards Rangers
2306066|Dromara Village
2306067|Crewe United
2306068|Abbey Villa
2306071|Downshire Young Men
2306073|Saintfield United
2306075|Ballymacash Rangers
2306079|Hanover
2306081|Rathfriland Rangers
2306082|Tandragee Rovers
2306105|Sirocco Works
2306130|Bourneview Mill
2306131|Wellington Rec
2306144|Fivemiletown United
2306153|Newbuildings United
2306156|Ballynure Old Boys
2306158|Desertmartin
2306176|Bloomfield
2306190|Lurgan Town
2306191|Dunloy F.C.
2306199|Derriaghy C.C.F.C.
2306204|Dollingstown
2306207|Cookstown Youth
2306217|Oxford Sunnyside
2306219|Banbridge Rangers
2306260|Newtowne
2306270|Immaculata
2306485|Strabane Athletic
2306487|Rathcoole F.C.
2306529|Maiden City
2306536|St. James Swifts
2306562|Belfast Celtic
2359295|Northern Ireland
2359297|Aalesunds FK
2359298|FK Bodø/Glimt
2359299|Fredrikstad FK
2359300|Hamarkameratene
2359301|Lillestrøm SK
2359302|Lyn 1896 Fotballklubb
2359303|Molde FK
2359305|Rosenborg BK
2359306|SK Brann
2359307|IK Start
2359308|Tromsø IL
2359309|Vålerenga Fotball
2359310|Viking FK
2359311|Bryne FK
2359312|Hønefoss BK
2359313|IL Hødd
2359314|Kongsvinger IL Toppfotball
2359315|Moss FK
2359316|Sandefjord Fotball
2359317|Skeid Fotball
2359318|Sogndal Fotball
2359319|Stabæk Fotball
2359321|FK Mandalskameratene
2359322|Alta IF
2359324|Follo FK
2359326|Pors Fotball
2359328|FK Haugesund
2359332|Raufoss Fotball
2359333|Tromsdalen UIL
2359334|Sarpsborg 08 FF
2359336|Notodden FK
2359337|Nybergsund IL-Trysil
2359339|Odds BK
2359340|Strømsgodset Toppfotball
2359341|Mjøndalen IF
2359344|Bærum SK
2359345|Byåsen Toppfotball
2359347|Harstad IL
2359349|Kristiansund BK
2359351|Levanger FK
2359352|Lillehammer FK
2359353|Ranheim IL Fotball
2359355|IF Skarp
2359356|Strindheim Toppfotball
2359357|Steinkjer FK
2359358|Strømmen IF
2359359|SK Vard Haugesund
2363393|KFUM-Kameratene Oslo
2363394|Flekkerøy IL Fotball
2363395|Vindbjart FK
2363396|IF Fram Larvik
2363397|Eidsvold Turnforening
2363398|Ullensaker/Kisa IL
2363399|Skjetten SK
2363400|Lørenskog IF
2363402|Nardo FK
2363403|Drøbak-Frogn IL
2363404|Ullern IF
2363405|Sandnes Ulf
2363407|Randaberg IL
2363408|Åsane IL
2363410|FK Fyllingsdalen
2363411|Stord IL
2363412|Fana Fotball
2363414|Asker Fotball
2363416|Valdres FK
2363417|Kjelsås IL
2363419|Bossekop UL
2363420|Modum FK
2363423|Os Turn
2363424|FK Lofoten
2363425|Kvik Halden FK
2363428|Innstranda IL
2363432|SK Djerv 1919
2363435|FK Ørn Horten
2363437|Frigg Oslo FK
2363438|FK Mjølner
2363439|FK Jerv
2363441|Elverum Fotball
2363442|Grorud IL
2363443|Oppsal IF
2363444|FK Senja
2363445|Finnsnes IL
2363446|Brattvåg IL
2363447|Brumunddal Fotball
2363448|IL Stjørdals-Blink
2363449|Tynset IF
2363456|Egersunds IK Fotball
2363457|Florø Fotball
2363458|Sola FK
2363459|FK Vidar
2363460|Førde IL
2363461|Lysekloster IL
2363463|Arendal Fotball
2371589|Eid IL
2371590|IL Eiger
2371592|FK Fauske/Sprint
2371596|SK Gjøvik-Lyn
2371597|SF Grei
2371606|Kolstad Fotball
2371609|Melhus IL Fotball
2371611|Namsos IL
2371616|Orkla FK
2371625|Skjervøy IK
2371628|Sortland IL
2371629|SK Sprint-Jeløy
2371630|Stovner SK
2371635|Teie IF
2371638|SK Træff
2371639|Urædd FK
2371641|Verdal IL
2371642|FK Vigør
2371643|Volda Turn og IL
2371646|Åssiden IF
2371651|Drammens BK
2371659|Årdal FK
2371664|IL Ulfstind
2371666|Varhaug IL
2371688|Fjøra FK
2371694|Tiller IL
2371704|IL Gneist
2371709|Vestfossen IF
2371727|Løten FK
2371732|Fløya IF
2371743|NTNUI
2371744|Rørvik IL
2371761|Staal Jørpeland IL
2371763|Flint Tønsberg AIL
2371778|Åkra IL
2371779|Funnefoss/Vormsund IL
2371785|FK Toten
2371787|Frøyland IL
2371789|Bergsøy IL
2371799|Våg FK
2371803|Vardeneset BK
2371811|Eide OFK
2371813|SK Rollon
2371816|Randesund IL
2371817|IL Brodd
2371822|Kråkerøy IL
2371834|Lyngbø SK
2371841|Donn FK
2371845|Årvoll IL
2371848|IL Norild
2371851|Skedsmo FK
2371854|Spjelkavik IL
2371855|Nordstrand IF
2371859|Gjelleråsen IF
2371875|Råde IL
2371878|Mosjøen IL
2371882|Sunndal IL
2371883|Surnadal IL
2371896|Skarphedin IL
2371906|Loddefjord IL
2371914|Torvastad IL
2371935|FK Kvik Trondheim
2371943|IK Junkeren
2371950|IL Frøya
2371952|Sandviken IL
2371954|Sotra SK
2371959|Åskollen FK
2371965|Skånland og Omegn IF
2371967|Leknes FK
2371972|Madla IL
2371978|Søgne FK
2371983|Tverrelvdalen IL
2371989|IL Heming
2371991|Bjørkelangen/Høland Fotball
2371997|Bremnes IL
2372008|Hinna Fotball
2372010|Tertnes IL
2372014|Heimdal FK
2372040|Bjarg IL
2372045|Melbo IL
2372049|SK Herd
2372059|Storms BK
2372062|Lokomotiv Oslo
2372069|Gran IL
2372091|IL Hei
2372176|IF Ready
2372190|SK Trygg/Lade
2372194|Oslojuvelene FK
2372195|IL Express
2372247|Froland IL
2372250|Halsen IF
2372308|Krokelvdalen IL
2372315|HIF-Stein IF
2372427|Rana FK
2372432|IL Trønder-Lyn
2372509|FC Oslo
2372556|FK Eik Tønsberg 871
2375681|Askøy Fotball
2424831|Norway
2424833|Mieszko Gniezno
2424835|Górnik Zabrze
2424836|Lech Poznań
2424837|Legia Warszawa
2424839|Polonia Warszawa
2424840|Wisła Płock
2424841|Wisła Kraków
2424842|GKS Katowice
2424843|Górnik Łęczna
2424844|GKS Bełchatów
2424845|Pogoń Szczecin
2424846|Cracovia
2424847|KGHM Zagłębie Lubin
2424848|Korona Kielce
2424851|Ruch Chorzów
2424852|Widzew Łódź
2424853|Świt Nowy Dwór Mazowiecki
2424854|Jagiellonia Białystok
2424855|KSZO Ostrowiec Świętokrzyski
2424857|Arka Gdynia
2424859|Łódzki Klub Sportowy
2424860|Piast Gliwice
2424861|Podbeskidzie Bielsko-Biała
2424862|Radomiak Radom
2424863|Zagłębie Sosnowiec
2424864|Lechia Gdańsk
2424865|Warta Poznań
2424866|Nielba Wągrowiec
2424868|Śląsk Wrocław
2424869|Cartusia 1923 Kartuzy
2424871|Stal Mielec
2424872|GKS Jastrzębie
2424874|Polonia Bytom
2424875|Stal Stalowa Wola
2424876|ŁKS 1926 Łomża
2424877|Miedź Legnica
2424879|Kluczevia Stargard
2424883|Pogoń Nowe Skalmierzyce
2424884|Jarota Jarocin
2424887|Ruch Wysokie Mazowieckie
2424890|Wigry Suwałki
2424891|Znicz Pruszków
2424893|Chemik Police
2424895|Elana Toruń
2424900|Polonia Słubice
2424902|Wisłoka Dębica
2424904|Odra Opole
2424905|Orlęta Radzyń Podlaski
2424906|Raków Częstochowa
2424907|Błonianka Błonie
2424911|Polonia Nysa
2424913|Motor Lublin
2424918|Sandecja Nowy Sącz
2424919|Stal Rzeszów
2424924|Olimpia Elbląg
2424925|Stilon Gorzów Wielkopolski
2424927|MKS Kluczbork
2424928|Resovia Rzeszów
2424931|Naprzód Jędrzejów
2424932|Pelikan Łowicz
2424934|Sokół Aleksandrów Łódzki
2424935|Stomil Olsztyn
2424939|Flota Świnoujście
2424943|Świdniczanka Świdnik
2424945|Star Starachowice
2424947|Zawisza Bydgoszcz
2424949|GKS Tychy
2424951|Olimpia Grudziądz
2424956|Bruk-Bet Termalica Nieciecza
2424957|ROW 1964 Rybnik
2428934|Bałtyk Gdynia
2428938|Ślęza Wrocław
2428939|Puszcza Niepołomice
2428942|Ruch Zdzieszowice
2428943|Chojniczanka Chojnice
2428945|Chrobry Głogów
2428946|Garbarnia Kraków
2428947|Concordia Elbląg
2428950|Błękitni Stargard
2428951|Gryf Wejherowo
2428953|Pogoń Siedlce
2428957|Unia Tarnów
2428960|Legionovia Legionowo
2428961|Limanovia Limanowa
2428962|Olimpia Zambrów
2428963|Siarka Tarnobrzeg
2428965|Bałtyk Koszalin
2428966|Gwardia Koszalin
2428968|Hutnik Kraków
2428976|Lechia Tomaszów Mazowiecki
2428977|Ursus Warszawa
2428992|Karpaty Krosno
2428996|Lechia Dzierżoniów
2429000|Skra Częstochowa
2429001|Pniówek 74 Pawłowice
2429017|Sokół Kleczew
2429020|Polonia Środa Wielkopolska
2429024|Wda Świecie
2429031|Podlasie Biała Podlaska
2429033|Avia Świdnik
2429071|Piast Żmigród
2429089|Rekord Bielsko-Biała
2429103|Podhale Nowy Targ
2429106|Stal Brzeg
2429107|Unia Turza Śląska
2429109|KKS 1925 Kalisz
2429112|Świt Szczecin
2429113|Vineta Wolin
2437123|RKS Radomsko
2437130|Unia Skierniewice
2437137|Lechia Zielona Góra
2437140|Tomasovia Tomaszów Lubelski
2437172|Warta Sieradz
2437175|Karkonosze Jelenia Góra
2437203|Dalin Myślenice
2437204|Gryf Słupsk
2437211|Broń 1926 Radom
2437212|Stal Kraśnik
2437235|Wisła Sandomierz
2437236|Lewart Lubartów
2437248|KS Lublinianka
2437260|Unia Swarzędz
2437264|Górnik Polkowice
2437266|Pogoń Grodzisk Mazowiecki
2437267|Mrągowia Mrągowo
2437268|Wissa Szczuczyn
2437293|Gedania Gdańsk
2437305|Czarni Połaniec
2437320|Pilica Białobrzegi
2437324|Unia Solec Kujawski
2437344|Znicz Biała Piska
2437354|Chełmianka Chełm
2437362|Sokół Sieniawa
2437369|GKS Wikielec
2437379|Pomorzanin Toruń
2437382|Mławianka Mława
2437387|KS Kutno
2437389|KS Wiązownica
2437390|Victoria Sulejówek
2437395|Tur Bielsk Podlaski
2437397|Wiślanie Skawina
2437398|Gwarek Tarnowskie Góry
2437401|KP Starogard Gdański
2437403|Warta Gorzów Wielkopolski
2437424|KS Wasilków
2437426|Victoria Września
2437438|Mamry Giżycko
2437450|Radunia Stężyca
2437452|Ząbkovia Ząbki
2437470|Korona Rzeszów
2437488|LZS Starowice Dolne
2437489|KS Goczałkowice-Zdrój
2437493|Stolem Gniewino
2437494|Wikęd Luzino
2437517|Wieczysta Kraków
2437520|Carina Gubin
2437525|Kotwica Kórnik
2437538|Polonia Lidzbark Warmiński
2437550|Noteć Czarnków
2437551|Odra Bytom Odrzański
2437553|Słowianin Wolibórz
2437559|Wybrzeże Rewalskie Rewal
2437560|KS CK Troszyn
2437564|Podlesianka Katowice
2437577|Pogoń-Sokół Lubaczów
2437580|Lipno Stęszew
2437581|Tłuchowia Tłuchowo
2437582|Stal Jasień
2437583|Sparta Katowice
2437584|Sokół Kolbuszowa Dolna
2437585|Sparta Kazimierza Wielka
2490367|Poland
2490369|Académica
2490370|Sport Clube Beira-Mar
2490371|Belenenses
2490372|Sport Lisboa e Benfica
2490373|Boavista Futebol Clube
2490374|Sporting Clube de Braga
2490375|Gil Vicente Futebol Clube
2490376|Clube Sport Marítimo
2490377|Moreirense Futebol Clube
2490378|Clube Desportivo Nacional
2490379|Futebol Clube de Penafiel
2490380|Futebol Clube do Porto
2490381|Rio Ave Futebol Clube
2490382|Sporting Clube de Portugal
2490383|União Desportiva de Leiria
2490385|Vitória Futebol Clube
2490386|Estoril Praia Futebol
2490387|Sport Comércio e Salgueiros
2490388|Clube Desportivo Santa Clara
2490389|Grupo Desportivo de Chaves
2490390|Varzim Sport Clube
2490392|Paços de Ferreira
2490393|Futebol Clube de Alverca
2490394|CF Estrela Amadora
2490396|Leixões Sport Clube
2490397|Vitória Sport Club
2490398|Futebol Clube Famalicão
2490400|Sporting Clube Farense
2490401|Leça Futebol Clube
2490402|Clube Desportivo Trofense
2490403|Sporting Clube Olhanense
2490405|União Desportiva Oliveirense
2490406|Clube Desportivo Feirense
2490407|Sport Clube Freamunde
2490408|Portimonense Sporting Clube
2490409|Sporting Clube da Covilhã
2490411|Real Sport Clube (Massamá)
2490412|Atlético Clube de Portugal
2490413|Marco 09
2490414|Lusitano Ginásio Clube
2490415|Grupo Desportivo de Bragança
2490416|Clube Operário Desportivo
2490417|Louletano Desportos Clube
2490418|Futebol Clube de Vizela
2490419|Gondomar Sport Clube
2494466|Clube Desportivo de Mafra
2494467|Clube Desportivo de Tondela
2494468|Ac. Viseu
2494469|Casa Pia Atlético Clube
2494470|Futebol Clube de Arouca
2494473|Sport União Sintrense
2494474|Merelinense Futebol Clube
2494475|Pinhalnovense
2494476|Vilaverdense Futebol Clube
2494477|Sport Clube União Torreense
2494480|Eléctrico Futebol Clube
2494481|Sertanense Futebol Clube
2494482|Benfica Castelo Branco
2494483|Sport Clube de Mirandela
2494484|Atlético Clube Marinhense
2494486|Amora Futebol Clube
2494487|Recreio Desportivo de Águeda
2494488|Sporting Clube de Coimbrões
2494489|Pedras Rubras
2494490|Futebol Clube de Felgueiras
2494491|Anadia Futebol Clube
2494492|AD Sanjoanense
2494494|Caldas Sport Clube
2494496|Clube Oriental de Lisboa
2494497|Sociedade União 1.º Dezembro
2494498|Grupo Desportivo de Lagoa
2494501|Mineiro Aljustrelense
2494507|Portomosense
2494508|Grupo Desportivo Peniche
2494509|Cova da Piedade
2494512|Sport Grupo Sacavenense
2494513|Grupo Sportivo de Loures
2494514|Lusitânia Lourosa
2494515|Associação Desportiva de Fafe
2502657|União Sport Clube Paredes
2502658|União Lamas
2502662|Sport Clube Vila Real
2502667|Montalegre
2502670|Clube Desportivo de Alcaíns
2502672|Sport Clube Praiense
2502677|At. Arcos
2502678|Camacha
2502680|Atlético Clube da Malveira
2502681|Guarda FC
2502683|Machico
2502685|Futebol Clube Barreirense
2502686|Clube Olímpico do Montijo
2502688|Grupo União Sport (Montemor)
2502689|Juventude Sport Clube (Évora)
2502690|Câmara de Lobos
2502691|Imortal Desportivo Clube
2502692|Macedo de Cavaleiros
2502694|Grupo Desportivo de Joane
2502695|Os Sandinenses
2502696|Futebol Clube Tirsense
2502702|Oliveira do Hospital
2502706|Sporting Clube de Pombal
2502707|União Desportiva de Santarém
2502708|Sporting Clube Lourinhanense
2502710|Estrela Vendas Novas
2502713|O Elvas
2502715|Esperança de Lagos
2502718|Oliveira Bairro
2502720|Sport Clube Rio Tinto
2502724|Oliveira do Douro
2502727|União Recreativa Mirense
2502761|Dumiense
2502819|Abrantes e Benfica
2502855|Arronches Benfica
2503110|S. João Ver
2503113|Amarante Futebol Clube
2503116|Pevidém
2503120|Coruchense
2503122|Clube Desportivo de Gouveia
2503135|Sport Clube Vianense
2503137|Sport Clube Angrense
2503138|Fabril do Barreiro
2503142|Clube Desportivo de Cinfães
2503144|Maria da Fonte
2503146|Samora Correia
2503148|Limianos
2503150|Futebol Clube Cesarense
2503154|Monção
2503156|Vit. Sernache
2503158|Amares
2503159|Valenciano
2503160|Rebordosa
2503162|Atlético Reguengos
2503187|Cerveira
2503197|União Desportiva da Serra
2503202|Sesimbra
2503204|União de Tomar
2503205|Marialvas
2503209|Canelas 2010
2503210|Ribeira Brava
2503211|Lusitânia Açores
2503212|Alcochetense
2503223|Cartaxo
2503227|Idanhense
2503242|Vila Cortez
2503265|Mortágua Futebol Clube
2503269|Vila Meã
2503270|Brito SC
2503273|Mondinense
2503274|Vinhais
2503281|Clube Futebol Caniçal
2503283|Ferreiras
2503284|Régua
2503291|Vidago
2503294|Sporting Clube de Espinho
2503302|Rabo de Peixe
2503304|Santa Maria FC
2503305|Gavionenses
2503306|Moura Atlético Clube
2503316|Pêro Pinheiro
2503317|Sporting Clube Ideal
2503321|Alpendorada
2503324|Águias do Moradal
2503325|AD Nogueirense
2503345|Lusitano Vildemoinhos
2503347|Comércio Indústria
2503357|Juventude Lajense
2503358|Juventude de Pedras Salgadas
2503362|Serpa
2503367|Santa Marta
2503382|Carapinheirense
2503384|Sobrado
2503389|Ribeirão FC
2503510|União 1919
2503516|Aparecida FC
2503517|Rio Maior SC
2503554|Berço SC
2503584|Naval 1893
2503659|São Martinho
2503662|Valadares Gaia
2503672|Celoricense
2503676|Forjães
2503680|Alta de Lisboa
2503696|Ferreira de Aves
2503699|Castro Daire
2503701|Lamelas
2503703|GRAP
2503722|Condeixa
2503753|GD Cerva
2503756|Vilar de Perdizes
2503766|Moncarapachense
2503769|11 Esperanças
2503777|Estrela Escouralense
2503799|Rebordelo
2503824|Vasco Gama Vidigueira
2503828|GD Resende
2503867|Florgrade
2503957|Centro Desportivo de Fátima
2504148|AVS Futebol SAD
2555903|Portugal
2555906|Dinamo 1948 SA
2555907|Campionii FC Argeş
2555909|Fotbal Club FCSB
2555910|Oţelul Galaţi
2555914|ACS Ştiinţa Poli Timişoara
2555917|FC CFR 1907 Cluj
2555919|CSM Jiul Petroşani
2555921|AS SR Braşov
2555922|U Craiova 1948 CS
2555925|ACS Petrolul 52
2555926|ACSM Ceahlăul Piatra Neamţ
2555927|AS FC Universitatea Cluj
2555930|AFC UTA Arad
2555933|AFC Inter Stars 2020 Sibiu
2555935|CSM Unirea Alba Iulia
2555943|AFC 1919 Dacia Unirea Brăila
2555944|AFC Botoşani
2555951|CS Concordia Chiajna
2555960|AFC ASA Tg-Mureş
2555962|CSM Deva
2555964|CSM Râmnicu Sărat
2555972|CSM Flacăra Moreni
2555977|CSO FC Olt Scorniceşti
2555982|AFC Chindia Târgovişte
2555983|AFC Unirea 04 Slobozia
2555988|CS Aerostar
2555992|CSC 1599 Şelimbăr
2555995|CSM Adjud 1946
2555996|CS Lotus Băile Felix
2555998|CS Metalurgistul Cugir
2555999|CS Gloria Bistriţa
2556002|CS Dinamo Bucureşti
2556021|CSL Hidro Mecanica Şugag 1984
2556058|CSO Băicoi
2556092|CSL Ştefăneştii de Jos
2560002|ACSM Politehnica Iaşi
2560003|FC Voluntari
2560006|AFC Dunărea 2005 Călăraşi
2560008|ACS Sepsi OSK Sfântu Gheorghe
2560009|CS Afumaţi
2560010|ACSM Reşiţa
2560012|FK Csikszereda
2560013|Steaua Bucureşti
2560014|FCU 1948 Craiova Fotbal Club
2560089|FC Metaloglobus Bucureşti
2560091|AFC Hermannstadt
2560092|CS Ştiinţa Miroslava
2560093|FC Ripensia Timişoara
2568219|CS Năvodari
2568224|CSM Focşani 2007
2568234|CS Gilortul Târgu Cărbuneşti
2568264|FC Unirea Dej
2568265|CS Unirea Sânnicolau Mare
2568282|ACS Portul Constanţa
2568313|Corvinul Hunedoara
2568317|CSO Tricolorul Breaza
2568333|CS Bihorul Beiuş
2568351|CSM Avântul Reghin
2568431|ASC Ciucaş Tărlungeni
2568443|CSM Cetatea Turnu Măgurele
2568454|CS Sănătatea Servicii Publice
2568473|ACS Olimpic Cetate Râşnov
2568706|AFC Progresul 1944 Spartac
2568879|CSM Aurul Brad
2568886|ACS LSS Voinţa Sibiu
2568900|CSM Victoria Carei
2568915|CS Ocna Mureş
2568930|CSO Retezatul Haţeg
2568931|ACS CIL Blaj
2568939|CSO Plopeni
2568946|CS Unirea Sântana
2568947|CS Şoimii Lipova
2568950|ACS Progresul Pecica
2568958|CSM Alexandria
2568978|CS Viitorul Ianca
2568985|CSM Bucovina Rădăuţi
2568996|CS Sporting Roşiori 2008
2569137|AFC Metalul Buzău
2569181|CSC Peciu Nou
2569182|CS Timişul Şag
2569183|ACS Pobeda Star Bîşnov
2569200|CS Tunari
2569212|CSM Slatina
2569216|CS Victoria Traian
2569230|ACS Unirea Braniştea
2569234|CS Amara
2569265|ACS Progresul Fundulea
2569322|ACS Voinţa Limpeziş
2569349|CS Gloria Băneasa
2569350|CS Axiopolis Cernavodă
2569351|AS Gloria Albeşti
2569367|CSO Turceni
2569389|CSO Petrolul Potcoava
2569416|ACS Cozia Călimăneşti
2569421|AFC Odorheiu Secuiesc
2569425|ACS Industria Galda
2569454|ACS Sportul Chiscani
2569456|CS Făurei
2569476|Vulturul Mintiu
2569522|CSM Dacia Orăştie 2010
2569547|CS Progresul Şomcuta Mare
2569576|CSC Dumbrăviţa
2569587|ACS Viitorul Horezu
2569630|AFC Unirea Tăşnad
2569645|CS Agigea
2569682|ASC Olimpic Zărneşti
2569741|CS Sporting Lieşti
2569759|ACS Recolta Gheorghe Doja
2569883|CS Păuleşti
2569896|ACS Înainte Modelu
2569898|AS FC Agricola Borcea
2569962|AS FC Pucioasa
2569969|CS Blejoi
2569980|ACSC Crişul Sântandrei
2569987|ACS Urban Titu
2570000|ACS Viitorul Şuţeşti
2570006|ACSM Olteniţa
2570058|ACSO Filiaşi
2570093|ACS Oşorhei
2570098|CS Minaur Baia Mare
2570143|CSC Ghiroda şi Giarmata Vii
2570196|Sportul Şimleu
2570206|SC Popeşti-Leordeni
2570218|ACS Sticla Arieşul Turda
2570224|ACS Oltul Curtişoara
2570228|CS Gloria Lunca-Teuz Cermei
2570238|CS Olimpia Municipal Salonta
2570240|CS Măgura Codlea
2570277|CSM Sighetu Marmaţiei
2570289|CSO Teleajenul
2570301|ACS Şomuz Fălticeni
2570315|ACS Viitorul Dăeşti
2570332|CS Phoenix Buziaş
2570349|ACS Unirea Bascov
2570358|ACS Vediţa Coloneşti
2570392|CSM Lugoj
2570397|CS Avântul Periam
2570408|AFC Viitorul Oneşti
2570412|ACS Diosig Bihardiószeg
2570438|ACS KSE Târgu Secuiesc
2570493|ACS Minerul Costeşti
2570510|ACS Sport Team
2570531|CS Socodor
2570591|AS FC Păuşeşti Otăsău
2570609|ACS Colţea 1920 Braşov
2570640|SCM Râmnicu Vâlcea
2570652|Fotbal Club Rapid
2570654|ACS Gauss Bacău
2570655|CS Sporting Juniorul Vaslui
2570673|ACS Muscelul ARO Câmpulung
2570674|CS Real Bradu
2570697|CS Medgidia
2570702|CS Vulturii Fărcăşeşti
2570703|CS Gheorgheni - VSK Gyergyó
2570733|ACS Kids Tâmpa 2015 Braşov
2570753|CSM Vaslui
2570762|CSM Bacău
2570766|ACSF Oradea
2570772|SC Olimpia MCMXXI Satu Mare
2570774|CS Universitar din Alba Iulia
2570789|Gloria Ultra
2570807|CSM Feteşti
2570814|ACS Academica Balş
2570822|CSM Olimpia Satu Mare
2570844|SCM Zalău
2570849|Viitorul Cluj
2570860|CS Brăneşti
2570907|SCM Dunărea 2020 Giurgiu
2570947|ACS Tg. Mureş 1898 - MSE 1898
2570950|ACS Viitorul Arad
2570951|CSO Viitorul Darabani
2572289|FCV Farul Constanţa
2572290|ACS Mediaş 2022
2572291|AFC Câmpulung - Muscel 2022
2572335|ACS Minerul Lupeni
2572342|ACS USV Iaşi
2572346|ACS LPS HD Clinceni
2572352|CSL Nanov
2572376|ACS FC Bacău
2572379|CSM Săcele
2572389|CSM Târgu Jiu
2572393|ACS FC Şoimii Gura Humorului
2572396|ACS AXI Arena
2572397|ACSM Cetatea 1932 Suceava
2572398|ACS Voinţa 2024 Crevedia
2572399|ACS Progresul Mogoşoaia
2572400|ACS Unirea DMO
2621439|Romania
2621441|Chaika Peschanokopskoe
2621445|Dinamo Vladivostok
2621453|Dinamo Vologda
2621463|Volgar Astrakhan
2621471|Metallurg Lipetsk
2621496|Amkar Perm
2621498|Avangard Kursk
2621499|Baltika Kaliningrad
2621500|CSKA Moscow
2621501|Dinamo Bryansk
2621502|Dinamo Moscow
2621505|FK Rostov
2621506|KAMAZ Naberezhnye Chelny
2621508|Krylja Sovetov Samara
2621510|Lokomotiv Moscow
2621512|Mashuk-KMV Pyatigorsk
2621515|Nosta Novotroitsk
2621516|Rubin Kazan
2621517|SKA Rostov-na-Donu
2621518|SKA Khabarovsk
2621519|Salyut Belgorod
2621521|Shinnik Yaroslavl
2621524|Spartak Moscow
2621525|Spartak Nalchik
2621526|Akhmat Grozny
2621528|Torpedo Moscow
2621529|Ural Yekaterinburg
2621530|Zenit St. Petersburg
2621532|Alania Vladikavkaz
2621533|Textilschik Ivanovo
2621597|FC Sochi
2621601|Yenisey Krasnoyarsk
2621603|Neftekhimik Nizhnekamsk
2621604|Rotor Volgograd
2621607|Spartak Tambov
2621608|Volga Uljanovsk
2621609|Spartak Kostroma
2621610|Torpedo Vladimir
2621611|FC Tver
2621623|Zenit Penza
2621625|Chernomorets Novorossiysk
2621628|Legion Makhachkala
2621629|Dinamo Stavropol
2621630|Druzhba Maikop
2621632|FK Astrakhan
2621635|FC Orenburg
2621636|Dinamo Kirov
2621637|Saturn Ramenskoe
2621638|Sokol Saratov
2621639|Dinamo Barnaul
2621640|Irtysh Omsk
2621643|FK Tyumen
2621652|FK Chelyabinsk
2621654|Znamya Truda Orekhovo-Zuevo
2621656|FK Krasnodar
2621672|Khimik Dzerzhinsk
2621682|Arsenal Tula
2621721|Fakel Voronezh
2625542|PFC Kuban Krasnodar
2625543|Dinamo St Petersburg
2625544|Veles Moscow
2625545|Leningradets Roshchino
2625547|FC Murom
2625559|Chertanovo Moscow
2625570|FK Kolomna
2625571|Strogino Moscow
2625593|FK Ufa
2625600|Zvezda St Petersburg
2625603|Pari Nizhniy Novgorod
2625607|FK Kaluga
2633755|Torpedo Miass
2633756|Uralets-TS Nizhniy Tagil
2634122|Kvant Obninsk
2634182|Zorkiy Krasnogorsk
2634226|Kosmos Dolgoprudny
2634552|Znamya Noginsk
2634636|Luki-Energia Velikie Luki
2634643|FC Ryazan
2634750|Dinamo Makhachkala
2634924|Rodina Moscow
2634951|Peresvet Domodedovo
2634976|Akron Togliatti
2634993|Kuban Holding Pavlovskaya
2635020|Sibir Novosibirsk
2635064|FC Irkutsk
2635074|Pobeda Khasavyurt
2686975|Russia
2686977|Virtus Acquaviva
2686978|Folgore Falciano
2686979|Pennarossa
2686980|Domagnano
2686981|Juvenes Dogana
2686982|Faetano
2686983|Murata
2686984|Cosmos
2691073|San Giovanni
2691074|Tre Fiori
2691075|Cailungo
2691076|Fiorentino
2691077|La Fiorita
2691078|Libertas
2691079|San Marino Academy
2691080|Tre Penne
2752511|San Marino
2752513|Celtic
2752514|Dundee
2752515|Dundee United
2752516|Dunfermline Athletic
2752517|Rangers
2752518|Heart Of Midlothian
2752519|Hibernian
2752520|Inverness Caledonian Thistle
2752521|Kilmarnock
2752522|Livingston
2752523|Motherwell
2752524|Aberdeen
2752525|Clyde
2752526|Falkirk
2752527|Partick Thistle
2752528|Queen Of The South
2752529|Raith Rovers
2752530|Ross County
2752531|St Johnstone
2752532|St Mirren
2752533|Hamilton Academical
2752534|Airdrieonians
2752535|Arbroath
2752536|Ayr United
2752537|Dumbarton
2752538|Forfar Athletic
2752539|Greenock Morton
2752540|Brechin City
2752541|Berwick Rangers
2752542|Alloa Athletic
2752543|Stirling Albion
2752544|Stranraer
2752545|Albion Rovers
2752546|Stenhousemuir
2752547|East Fife
2752548|Elgin City
2752549|Gretna FC 2008
2752550|Peterhead
2752551|Queen's Park
2752552|Cowdenbeath
2752553|Montrose
2752554|East Stirlingshire
2752556|Huntly
2752557|Dalbeattie Star
2752558|Cove Rangers
2752559|Edinburgh City
2752560|Buckie Thistle
2752561|Inverurie Loco Works
2752562|Keith
2752563|Gala Fairydean Rovers
2752565|Annan Athletic
2752566|Deveronvale
2756609|Brora Rangers
2756610|Clachnacuddin
2756611|Formartine United
2756612|Forres Mechanics
2756614|Fraserburgh
2756615|Lossiemouth
2756616|Nairn County
2756617|Rothes
2756618|Strathspey Thistle
2756619|Turriff United
2756620|Wick Academy
2764803|Civil Service Strollers
2764804|Clydebank
2764814|Ormiston Primrose
2764817|The Spartans
2764818|Vale of Leithen
2764850|Banks o' Dee
2764859|Bo'ness United
2764861|Bonnyrigg Rose
2764863|Broughty Athletic
2764864|Broxburn Athletic
2764872|Wigtown & Bladnoch
2764875|Abbey Vale
2764878|Carluke Rovers
2764883|Craigmark Burntonians
2764885|Creetown
2764888|Culter
2764908|Edinburgh University
2764924|Glenrothes
2764926|Golspie Sutherland
2764942|Kelty Hearts
2764955|Linlithgow Rose
2764971|Musselburgh Athletic
2764986|Rutherglen Glencairn
2765006|Threave Rovers
2765008|Tranent
2765034|Halkirk United
2765036|Bonar Bridge
2765041|University of Stirling
2765196|East Kilbride
2765202|Caledonian Braves
2765205|Cumbernauld Colts
2765224|Edinburgh South
2818047|Scotland
2818050|Dukla Banská Bystrica
2818051|AS Trenčín
2818052|MFK Ružomberok
2818053|ŠK Slovan Bratislava
2818054|FC Spartak Trnava
2818055|MŠK Púchov
2818056|MSK Žilina
2818059|FK DAC 1904 Dunajská Streda
2818060|1. FC Tatran Prešov
2818062|FC Petržalka 1898
2818064|Zlaté Moravce
2818066|Slávia TU Košice
2822146|Liptovský Mikuláš
2822147|MFK Zemplín Michalovce
2822150|FC Košice
2822151|Slovan Duslo Šala
2822152|ŽP ŠPORT Podbrezová
2822157|FK Humenné
2822158|FK Inter Bratislava
2822161|Spartak Myjava
2822164|FK Spišská Nová Ves
2822165|Partizán Bardejov
2822166|FC ŠTK 1914 Šamorín
2822176|MFK Skalica
2822177|OFK Dunajská Lužná
2822178|Pohronie
2822183|MFK Zvolen
2822184|FK Poprad
2822185|ŠKF Sereď
2822195|ŠK Odeva Lipany
2822196|SLAVOJ Trebišov
2822197|KFC Komárno
2830345|MFK Vranov nad Topľou
2830358|FTC Fiľakovo
2830364|MFK Dolný Kubín
2830365|MŠK Tesla Stropkov
2830366|Stará Ľubovňa
2830367|FK Rača Bratislava
2830374|PŠC Pezinok
2830383|TJ JEDNOTA Bánová
2830388|MŠK Námestovo
2830401|FC Slovan Galanta
2830406|MŠK Považská Bystrica
2830407|OFK Malženice
2830410|Lehota pod Vtáčnikom
2883583|Slovakia
2883585|ND Gorica
2883586|FC Koper
2883587|NK Maribor
2883588|ND Primorje eMundia
2883589|NK Celje
2883590|NK Koroška Dravograd
2883591|NK Domžale
2883592|NK Nafta 1903
2883594|NK Rudar Velenje
2883595|NŠ Mura Murska Sobota
2883596|NK IB 1975 Ljubljana
2883598|NK Aluminij Kidričevo
2883599|ND Dravinja
2883600|NK Svoboda Ljubljana
2883602|NK Drava Ptuj
2883604|NK Olimpija Ljubljana
2883605|NK Zavrč
2883606|NK Krka
2887681|NK Eltron Šenčur
2887684|NK Posavje Krško
2887685|NK Triglav Kranj
2887686|NK Roltek Dob
2887687|NK Šmartno 1928
2887688|NK Kalcer Radomlje
2887696|NK Šampion Celje
2887699|NK Tolmin
2887700|NK Jadran Dekani
2887701|NK Zarica Kranj
2887702|NK Brežice Terme Čatež 1919
2887703|NK Brda Dobrovo
2887704|NK Bravo Kostel
2887705|ND Ilirija 1911 Ljubljana
2887706|NK Tabor Sežana
2887707|NK Fužinar SIJ Ravne Systems
2887708|NK Rogaška Slatina
2887709|NK Korotan Prevalje
2887710|ND Beltinci Klima Tratnjek
2887711|MNK Izola
2895874|NK Kočevje
2895875|NK Pohorje Ruse
2895877|NK Jadran Hrpelje-Kozina
2895881|NK Rudar Trbovlje
2895882|NK Brinje Grosuplje
2895884|ND Vitanest Bilje
2895885|ND Slovan Ljubljana
2895887|NK Kety Emmi & Impol Bistrica
2895888|NK Britof
2895894|ŠD Stojnci
2895896|NK SIJ Acroni Jesenice
2895897|NK Korte
2895903|NK Čarda Martjanci
2895908|NK Hajdina
2895909|NK Zreče
2895910|NK Šoštanj
2895917|NK Čentiba
2895926|NK Bled Hirter
2895946|NK Eksist Žiri
2895949|NK Premium Dobrovce
2895953|NK Bistrica Srednja Bistrica
2895960|ŠD ZASE Videm
2895961|ŠD Cirkulane
2895962|NK Fama Vipava
2895966|NK Škofja Loka
2895973|ND Bistrc
2895974|NK Šmarje pri Jelšah
2895977|ND Adria Miren
2895981|NK Šobec Lešće
2895992|NK Sava Kranj
2895995|NK Avto Rajh Ljutomer
2895999|ŠD Starše
2896003|NK IBLO Podvinci
2896008|NK Posavje Krško
2896015|NK ATET Dren Vrhnika
2896017|NK Rače
2896019|ŠD Visoko
2896022|ND Idrija
2949119|Slovenia
2949121|Athletic Club
2949122|Club Atlético de Madrid
2949123|Albacete Balompié
2949124|F.C. Barcelona
2949125|R.C.D. Espanyol de Barcelona
2949126|Getafe C.F.
2949127|R.C. Deportivo de La Coruña
2949128|Levante U.D.
2949129|Málaga C.F.
2949130|R.C.D. Mallorca
2949131|C.D. Numancia de Soria
2949132|Club Atlético Osasuna
2949133|Real Betis Balompié
2949134|Real Madrid C.F.
2949135|Real Sociedad de Fútbol
2949136|Real Zaragoza
2949137|Real Racing Club de Santander
2949138|Sevilla F.C.
2949139|Valencia C.F.
2949140|Villarreal C.F.
2949141|Deportivo Alavés
2949142|U.D. Almería
2949144|Cádiz C.F.
2949145|Córdoba C.F.
2949146|S.D. Eibar
2949148|Elche C.F.
2949149|Real Sporting de Gijón
2949150|R.C. Recreativo de Huelva
2949151|Club Lleida Esportiu
2949152|Pontevedra C.F.
2949153|Real Murcia C.F.
2949154|Real Valladolid C.F.
2949155|Unionistas de Salamanca C.F.
2949156|Club Gimnàstic de Tarragona
2949157|C.D. Tenerife
2949158|Terrassa F.C.
2949159|R.C. Celta de Vigo
2949160|Xerez
2949161|Racing Club Ferrol
2949162|Real S.D. Alcalá
2949163|A.D. Alcorcón
2949165|U.D. Las Palmas
2949166|U.D. Lanzarote
2949167|C.D. Leganés
2949171|Rayo Vallecano de Madrid
2949173|C.F. Fuenlabrada
2949174|Sanse
2949175|C.D.A. Navalcarnero
2949176|S.D. Almazán
2949178|Alfaro
2949179|Amurrio C.F.
2949180|Barakaldo C.F.
2949181|Burgos C.F.
2949182|Gimnástica
2949183|Real Unión Club
2949184|Cultural y Deportiva Leonesa
2949186|S.D. Ponferradina
2949187|Zamora C.F.
2949190|Club Marino de Luanco
2949191|Sestao River Club
2949193|C.D. Guijuelo
2949194|Haro
2949196|C.D. Castellón
2949197|U.E. Figueres
2949199|Hércules de Alicante C.F.
2949200|Novelda C.F.
2949201|Peña Sport F.C.
2949202|C.E. Sabadell F.C.
2949203|Girona F.C.
2949204|Villajoyosa C.F.
2949205|C.D. Alcoyano
2949206|S.D. Huesca
2949207|F.C. Bidezarra
2949208|A.D. San Juan
2949209|C.F. Badalona
2949210|Algeciras C.F.
2949211|F.C. Cartagena
2949212|Ceuta
2949213|U.B. Conquense
2949215|Olivenza C.F.
2949216|Real Jaén C.F.
2949217|Jerez C.F.
2949218|Linares Deportivo
2949219|C.F. Lorca Deportiva
2949220|U.D. Melilla
2949222|Marbella F.C.
2949224|C.D. Badajoz
2949226|C.D. Don Benito
2949228|Arenas de Armilla
2949231|A.D. Mérida
2949232|Palamós C.F.
2949233|C.D. Toledo
2949235|C.F. Villanovense
2949237|Club Yeclano Deportivo
2949238|C.P. Cacereño
2949239|C.F. Rayo Majadahonda
2949240|Real Oviedo
2949242|S.D. Noja
2949243|C.E. L'Hospitalet
2949244|C.D. Lugo
2949245|Granada C.F.
2949246|Gernika Club
2949248|Binéfar
2949249|S.D. Beasain K.E.
2949251|S.D. Lagunak
2949253|Real Balompédica Linense
2949254|C.D. Tropezón
2949258|Moralo C.P.
2949259|Arenas Club de Getxo
2949260|Orihuela C.F.
2949261|U.P. Langreo
2949262|Real Ávila C.F.
2949263|C.D. Móstoles U.R.J.C.
2949264|U.D. Los Llanos de Aridane
2949266|Club Portugalete
2949268|S.C.D. Durango
2949269|U.E. Sant Andreu
2949270|Águilas F.C.
2949272|U.D. Almansa
2949274|U.D. Barbastro
2949275|C.D. Eldense
2949280|Coruxo F.C.
2949281|Villalonga F.C.
2949286|Alondras C.F.
2949288|Club Rápido de Bouzas
2949289|Céltiga C.F.
2949291|R.C. Celta C-Gran Peña
2949292|Arosa S.C.
2949293|U.D. Somozas
2949294|Caudal Deportivo
2949295|C.D. Lealtad de Villaviciosa
2949296|Tuilla
2949297|Real Avilés C.F.
2949300|Unión Club Ceares
2949301|Club Siero
2949302|Condal Club
2949303|S.D. Navarro C.F.
2949304|Llanes
2949305|U.E. Sants
2949306|Mosconia
2949308|Candás C.F.
2949309|U.M. Escobedo
2949310|Bezana
2949311|C.D. Laredo
2949313|S.D. Barreda Balompié
2949314|C.D. Castro
2949315|S.D. Leioa
2949316|C.F. Velarde
2949317|Atlético Albericia
2949320|A.D. Siete Villas
2949321|C.D.E. Atlético Mineros
2949323|S.D. Amorebieta
2949324|Santurtzi
2949326|Laudio
2949327|Lagun Onak
2949328|S.D. Solares-Medio Cudeyo
2949331|Vilanova i la Geltrú C.F.
2949335|U.E. Rapitenca
2949336|U.E. Cornellà
2949337|C.E. Europa
2949340|A.E. Prat
2949347|Crevillente Deportivo
2949349|C.F. Gandía
2949350|Dos Hermanas C.F. 1971
2949351|U.D. Alzira
2949352|F.C. Jove Español San Vicente
2949353|C.F. La Nucía
2949354|San Fernando de Henares
2949356|A.D. Parla
2949357|Atlético Pinto
2949361|Las Rozas
2949362|Gimnástica Segoviana C.F.
2949364|Arandina C.F.
2949366|Atlético Bembibre
2949367|Becerril
2949372|Huétor Tájar C.D.
2949375|Vélez C.F.
2949376|Antequera C.F.
2949378|C.D. Alhaurino
2949383|Loja
2949385|U.D. Los Barrios
2949386|Club Atlético Antoniano
2949389|C.D. Pozoblanco
2949390|Ayamonte C.F.
2949392|Atlético Sanluqueño C.F.
2949394|Poblense
2949395|C.E. Andratx
2949396|C.E. Binissalem
2949397|C.D. Atlético Baleares
2949398|Ferriolense
2949399|S.C.R. Peña Deportiva
2949400|C.E. Manacor
2949401|C.E. Santanyí
2949402|U.D. Alcudia
2949405|C.E. Alaior
2949406|Constància
2949410|U.D. Villa de Santa Brígida
2949411|C.D. Laguna
2949413|U.D. Las Zocas
2949419|S.D. Tenisca
2949425|Club Atlético Pulpileño
2949429|C.D. Plus Ultra
2949434|A.D. Lobón
2949435|Bala Azul
2949440|U.C. La Estrella
2949441|U.P. Plasencia
2949442|Polideportivo Almería
2949446|C.D. Valle de Egüés
2949447|Mutilvera
2949448|C.D. Tudelano
2949449|C.D. Izarra
2949450|A. Cirbonero
2949451|Huarte
2949453|U.D. Cultural Txantrea K.K.E.
2949454|Peña Azagresa
2949455|River Ega
2949456|Murchante
2949458|Oberena
2949459|Aoiz
2949460|C.D. Ardoi
2949461|C.D. Lourdes
2949463|C.D. Calahorra
2949464|Anguiano
2949465|S.D. Oyonesa
2949466|U.D. Logroñés
2949467|Náxara C.D.
2949468|C.D. Agoncillo
2949469|Arnedo
2949470|C. At. River Ebro
2949471|San Marcial
2949472|F.E. Grama
2949473|C.D. Cenicero
2949474|Yagüe C.F.
2949476|C.D. Tedeón E.F.
2949477|Móstoles C.F.
2949478|Utebo F.C.
2949479|Andorra C.F.
2949480|C. At. Monzón
2949481|S.D. Ejea
2949482|C.D. Teruel
2949484|A.D. Sabiñánigo
2949487|Zuera
2949490|Giner Torrero
2949492|C.D. Guadalajara
2949493|La Roda C.F.
2949496|C.D. Illescas
2949498|C.D. Marchamalo
2949500|Villarrobledo
2949502|Quintanar del Rey
2949503|Yugo-U.D. Socuéllamos C.F.
2949504|Atlético Coruña Montañeros
2949507|U.D. Gijón Industrial
2949510|C.D. Cayón
2949511|Cultural Deportiva Guarnizo
2949512|Zarautz
2949513|Zamudio S.D.
2949514|Club San Ignacio
2949516|C.F. Igualada
2949518|C.E. Banyoles
2949520|C.D. Olímpic Xátiva
2949521|Utiel
2949524|A.D. Torrejón C.F.
2949525|C.F. Pozuelo de Alarcón
2949526|C.D. Peñaranda Bracamonte
2949529|Atlético Astorga
2949530|U.D. Santa Marta de Tormes
2949532|México F.C.
2949533|A.D. Cartaya
2949534|C.D. San Roque de Lepe
2949538|C.E. Mercadal
2949539|C.E. Campos
2949540|C.D. Mensajero
2949541|C.D. Marino
2949545|Muleño C.F.
2949546|Cieza
2949548|C.F. Santomera
2949554|Coria C.F.
2949555|Alberite
2949556|Berceo
2949557|C.D. Brea
2949558|C.D. Cuarte
2949559|U.D. Fraga
2949563|Azuqueca
2949565|S.D. Compostela
2949566|C.D. Covadonga
2949567|Vimenor C.F.
2949568|U.D. Arenal
2949569|C.D. Estepona
2949570|Chiclana C.F.
2949572|C.D. Villegas
2949573|Bergantiños C.F.
2949574|R.C. Villalbés
2949576|Luarca C.F.
2949577|C.D. Praviano
2949579|S.D. Textil Escudo
2949580|Selaya F.C.
2949584|U.D. Aretxabaleta
2949589|C.P. Montehermoso
2949590|S.P. Villafranca
2949591|C.D. Cortes
2949592|U.E. Castelldefels
2949594|F.C. Ascó
2949598|C.F. Trival Valderas Alcorcón
2949599|C.D. Atlético Tordesillas
2949601|C.D. Villaralbo
2949602|El Palo F.C.
2949603|Atlético Mancha Real
2949607|Llosetense
2949610|U.D. Teror Balompié
2949613|E.I. San Martín R.A.
2949616|C.D. Coria
2949617|Arroyo C.P.
2949620|C.D. Pamplona
2949622|Club Atlético Vianés
2949623|C.D. Pradejón
2949627|C.D. Valdefierro
2949629|C.D. Torrijos
2949632|U.D. Collerense
2949636|C.D. Mirandés
2949637|A.D. Complutense Alcalá
2949638|C.F. Jaraíz
2953217|As Pontes
2953218|Estradense
2953223|Aurrera Vitoria
2953224|Santutxu F.C.
2953226|C.F. Montañesa
2953227|F.C. Vilafranca
2953228|Atlético Saguntino
2953233|A.D. Villaviciosa de Odón
2953234|C.D. Palencia Cristo Atlético
2953235|Alhaurín de la Torre C.F.
2953236|U.D. Maracena
2953237|C.D. Martos
2953238|Conil C.F.
2953240|C.E. Felanitx
2953245|C.D. Vera
2953246|UCAM Murcia C.F.
2953251|C.D. Santa Amalia
2953253|S.D. Logroñés
2953254|Varea
2953256|C.D. Ebro
2953259|S.D. Tarazona
2953261|Manzanares C.F.
2953262|Villarrubia
2953263|Betanzos C.F.
2953268|Barquereño
2953269|Balmaseda C.F.
2953272|U.E. Olot
2953273|U.E.C. Vic
2953278|C.D. Acero
2953281|A.D. Unión Adarve
2953282|Colonia Moscardó
2953283|Carabanchel
2953287|C.D. La Virgen del Camino
2953290|U.D. San Pedro de Alcántara
2953295|C.F. Platges Calvià
2953301|Estrella C.F.
2953302|U.D. Telde
2953304|C.D. Minera
2953306|Atlético Club Pueblonuevo
2953307|C.P. Chinato
2953308|Burladés
2953309|Azkoyen
2953312|U.D. Paiosaco
2953317|C.A. Ibañés
2953318|C.D. Madridejos
2953319|Arcos C.F.
2953321|U.D. Barbadás
2953323|L'Entregu C.F.
2953324|Urraca C.F.
2953326|S.D. Gama
2953331|Anaitasuna Futbol Taldea
2953333|U.E. Vilassar
2953334|Burriana
2953335|C.D. Bullense
2953336|Xerez Deportivo F.C.
2953337|Real Aranjuez C.F.
2953339|Unami C.P.
2953342|C.D. Cabecense
2953345|C.F. Sóller
2953346|S.D. Formentera
2953347|C.F. Unión Viera
2953350|Pasaia K.E.
2953351|Estrella Grana El Palmar C.F.
2953353|C.P. Racing Valverdeño
2953356|C.F. Rápid Murillo
2953357|C.D.F.C. La Calzada
2953359|S.D. Borja
2953361|C.D. La Almunia
2953362|C.D. Manchego Ciudad Real
2953363|C.F. Talavera de la Reina
2953366|U.D. Fuente de Cantos
2953369|Olímpico de Totana
2953371|Juventud Torremolinos C.F.
2953372|Salamanca C.F. U.D.S
2953375|Boiro
2953376|Choco
2953378|S.D. Lenense
2953379|C.D. Colindres
2953381|Sodupe U.C.
2953382|Cerdanyola del Vallès F.C.
2953388|Paterna C.F.
2953390|Aravaca C.F.
2953396|La Palma C.F.
2953398|U.B. Lebrijana
2953399|U.D. Rotlet Molinar
2953402|Unión Sur Yaiza
2953403|C.D. Azuaga
2953404|C.D. Castuera
2953405|Beti Onak
2953406|C.D. Corellano
2953407|Club Atlético Artajonés
2953408|Peña Balsamaiso C.F.
2953409|C.F. Illueca
2953410|C.D.J. Tamarite
2953411|C.D. Pedroñeras
2953415|Club Silva S.D.
2953416|TSK Roces
2953417|C.D. Revilla
2953420|C.F. Peralada
2953421|F.C. Martinenc
2953424|C.B.D. Siello F.C.
2953431|Son Cladera
2953433|C.F. Arucas
2953434|U.D. Caravaca de la Cruz
2953436|Casalarreina C.F.
2953438|C.D. Caspe
2953441|Viveiro C.F.
2953442|C.D. Arenteiro
2953445|C.D. Ariznabarra
2953446|F.C. Andorra
2953448|Barco
2953449|C.D. Colunga
2953451|S.D. Deusto
2953452|Aurrerá Ondarroa C.D.
2953453|E.C. Granollers
2953454|U.D. Rayo Ibense
2953455|Recambios Colón C.D.
2953456|C.D. Buñol
2953459|C.D. Rincón de la Victoria
2953460|Castilleja C.F.
2953461|C.D. Utrera
2953462|Club Santa Catalina Atlético
2953463|U.D. San Fernando
2953464|C.D. Unión Puerto La Cuadra
2953465|U.E. Valls
2953466|E.D.M.F. Churra
2953467|C.A.P. Ciudad de Murcia
2953468|C.D. Calamonte
2953470|C.D. Cantolagua
2953471|C.D. Cariñena
2953472|C.D. Belchite 97
2953475|U.D. Llanera
2953476|Tolosa C.F.
2953480|Silla C.F.
2953481|S.A.D. Villaverde San Andrés
2953482|Huétor Vega
2953483|U.D. Ciudad de Torredonjimeno
2953484|C. Atlético Espeleño
2953485|U.D. Ibiza
2953486|C.D. Buzanada
2953487|Panadería Pulido
2953489|U.D. Montijo
2953490|C.F. Épila
2953492|C.D. Algar
2961417|Ourense C.F.
2961461|C.D. Naval
2961468|Valdesoto C.F.
2961483|Ciudad de Lucena
2961493|C.D. Cardassar
2961516|U.D. Casetas
2961520|C.D. Fuentes
2961525|Atlético Tomelloso
2961534|C.D. El Álamo
2961548|S.D. Portmany
2961570|C.F. Benidorm
2961575|C.F. Motril
2961578|C.F.J. Mollerussa
2961589|C.D.B.E.F. Valdepeñas
2961601|Club Atlético Arteixo
2961604|C.D. Ribert
2961606|U.A. Horta
2961607|C.D. Rota
2961611|Avilés Stadium
2961612|C.D. Touring
2961618|Real Titánico
2961627|U.D. Tomares
2961633|Torrent C.F.
2961635|Bollullos C.F.
2961636|C.D. Génova
2961647|C.E. Manresa
2961667|C.D.F. Tres Cantos
2961670|C.D. Arcángel San Miguel
2961676|C.F. La Solana
2961681|S.F.C. Minerva
2961690|C.D. Villacañas
2961696|C.D. Peñas Oscenses
2961697|Miguelturreño
2961700|C.D. Autol
2961702|C.D. Avance Ezcabarte
2961728|Churriana de la Vega C.F.
2961740|CD Colegios Diocesanos
2961741|Ciudad Rodrigo C.F.
2961747|Puente Genil F.C.
2961786|C.D. Serverense
2961823|Sonseca
2961840|C. Juventud Cambados
2961871|C.F. Calamocha
2961873|C.F. Noia
2961892|C.P. San Cristóbal
2961905|S.D. Huesca B
2961932|C.D. Utrillas
2961952|P.E. Sant Jordi
2961960|S.E. Penya Independent
2961979|U.D. Sámano
2962005|C.D. Diocesano
2962011|C.D. Roda
2962017|C.D. Benicarló
2962032|U.D. Los Garres
2962034|C.F. Trujillo
2962035|E.M.D. Aceuchal
2962036|U.D. Ourense
2962039|Atlético Unión de Güímar
2962045|C.D. Gares
2962046|Beti Kozkor
2962051|C.D. Canillas
2962052|Puertollano
2962053|C.D. Ibiza Islas Pitiusas
2962054|C.D. Murense
2962055|Mazarrón F.C.
2962067|S.D. Torina
2962068|C.D. Tarancón
2962070|Vilamarxant C.F.
2962071|Atzeneta U.E.
2962072|C.F. Briviesca
2962073|C.D. Torreperogil
2962074|Atlético Tacoronte
2962075|U.D. Tamaraceite
2962076|A.D. Llerenense
2962077|C.D. Alesves
2962080|C.F. Intercity
2962081|CSD Arzúa
2962082|A.D. Hogar Alcarreño
2962083|U.C. Cartes
2962084|E.M.F.A.D. San Clemente
2962085|Urduliz F.T.
2962086|E.D. Moratalaz
2962088|Atlético Porcuna C.F.
2962089|C.D. Atlético Paso
2962090|Gran Tarajal
2962092|Comillas C.F.
2962094|Patacona C.F.
2962108|Beti Gazte K.J.K.E.
2962111|Urgatzi Kirol Elkartea
2962113|C.D. Galapagar
2962114|C.D. Herbania
2962117|C. Atlético Victoria
2962118|Inter Ibiza C.D.
2962120|Callosa Deportiva C.F.
2962121|E.E. Guineueta
2962122|C.D. Huracán de Balazote
2962124|C.D. Malacitano
2962133|Palencia Club de Fútbol
2962134|S.D. Juvenil Ponteareas
2962136|U.D. Biescas
2962137|U.D. Son Verí
2962138|U.D. Torre del Mar
2962140|C.D. Padura
2962141|U.E. Tona
2962142|Barrio N.S.R.
2962143|F.C. Inter Manacor
2962144|Alcantarilla F.C.
2962145|Unión Molinense
2962146|C.D. Cazalegas
2962162|C.E. Sant Jordi
2962210|San Bartolomé C.F.
2962235|At. Melilla C.F.
2962236|Barcia C.F.
2962237|U.D. Castellonense
2962238|C.D. Derio
2962239|F.C. L'Escala
2962240|C.D. Lerinés
2962241|Montecasillas F.C.
2962242|Ontinyent 1931
2962243|S.D. Sarriana
2962244|C.D. Soneja
2962245|Añorga K.K.E
2962248|Reus F.C. Reddis
2962257|Poli El Ejido
2962259|C.D. Monte
2962272|Atlétic Lleida C.E.
2962273|U.D. Vall d'Uxó
2962275|C.D. Atlético Mansillés
2962276|C.D. Mojados
2962278|F.C. Marbellí
2962279|Club Atlético Central (Sev)
2962281|U.E. Porreres
2962282|Club Deportivo Marítimo
2962283|C.D. Extremadura 1924
2962284|E.F. Puebla de la Calzada
2962285|C.P. Mijas-Las Lagunas
2962288|C.D. Cabeza del Buey
2962289|C.D. Gévora
2962290|E.F. Santa Cruz
2962291|Racing de Madrid
2962292|C.F. Can Vidalet
2962293|C.D. Montañas del Pas
2962300|Real Unión de Tenerife
3014655|Spain
3014657|AIK
3014658|Djurgårdens IF
3014659|GIF Sundsvall
3014660|Halmstads BK
3014661|Hammarby Fotboll
3014662|Helsingborgs IF
3014663|IF Elfsborg
3014664|IFK Göteborg
3014665|Kalmar FF
3014666|Landskrona BoIS
3014667|Malmö FF
3014668|Örebro SK
3014669|Örgryte IS
3014670|Trelleborgs FF
3014671|BK Häcken
3014672|IFK Malmö FK
3014673|IFK Norrköping FK
3014674|Östers IF
3014675|Vasalund IF
3014676|Enköpings SK FK
3014677|Gefle IF FF
3014678|Assyriska FF
3014679|GAIS
3014680|IF Brommapojkarna
3014681|Ljungskile SK
3014682|Grebbestads IF
3014685|Rynninge IK
3014686|Skellefteå FF
3014687|Torns IF
3014714|Linero IF
3018753|Mjällby AIF
3018754|Åtvidabergs FF
3018755|Syrianska FC
3018756|Falkenbergs FF
3018757|Ängelholms FF
3018758|Jönköpings Södra IF
3018760|FC Trollhättan
3018761|Qviding FIF
3018762|IK Sirius FK
3018763|IK Brage
3018765|Degerfors IF
3018767|Umeå FC
3018768|Västerås SK FK
3018770|Arameisk-Syrianska IF
3018771|BK Forward
3018772|Syrianska IF Kerburan
3018773|Östersunds FK
3018774|Karlslunds IF FK
3018776|Skövde AIK
3018777|IK Sleipner
3018778|Kristianstad FC
3018779|IF Limhamn Bunkeflo
3018780|Husqvarna FF
3018781|IFK Värnamo
3018782|FC Rosengård 1917
3018783|IF Sylvia
3018784|Västra Frölunda IF
3018786|Motala AIF FK
3018787|IK Oddevold
3018789|Nybro IF
3018791|Lunds BK
3018795|IFK Karlshamn
3018796|FK Karlskrona
3018798|IFK Hässleholm
3018799|Ifö Bromölla IF
3018802|Nässjö FF
3018803|Norrby IF
3018813|Varbergs BoIS FC
3018814|Utsiktens BK
3018818|IS Halmia
3018819|Högaborgs BK
3018826|Värmbols FC
3018829|Nyköpings BIS
3018834|Enskede IK
3018837|Vallentuna BK
3018839|Sollentuna FK
3018840|Skiljebo SK
3018841|Sandvikens IF
3018845|Gamla Upsala SK
3018851|Piteå IF
3018854|IFK Luleå
3018857|Bodens BK FF
3018864|Hudiksvalls FF
3018865|Sölvesborgs GIF
3018867|IFK Eskilstuna
3018868|Laholms FK
3018873|Tyresö FF
3018891|Oskarshamns AIK
3018896|Eskilstuna City FK
3018897|Huddinge IF
3018900|Eskilsminne IF
3018902|Team TG FF
3018903|Tvååkers IF
3019008|Assyriska BK
3026945|Alnö IF
3026949|Angered BK
3026951|Hertzöga BK
3026953|Kiruna FF
3026961|Stenungsunds IF
3026965|FC Gute
3026967|Västerhaninge IF
3026972|Holmalunds IF Alingsås
3026974|IFK Trelleborg FK
3026976|IK Kongahälla
3026978|IF Karlstad Fotboll
3026986|Adolfsbergs IK
3026988|Alingsås IF FF
3026992|Anundsjö IF
3026993|Arboga Södra IF
3027000|Bergnäsets AIK
3027004|BK Olympic
3027007|BKV Norrtälje
3027013|Delsbo IF
3027021|Forssa BK
3027022|Frösö IF
3027024|Gideonsbergs IF
3027026|Gislaveds IS
3027032|Heby AIF
3027040|Lidköpings FK
3027049|IFK Falköping FF
3027052|IFK Kalix
3027054|IFK Kumla
3027055|IFK Lidingö FK
3027056|IFK Mora FK
3027058|IFK Östersund
3027059|IFK Skövde FK
3027064|IFK Uddevalla
3027065|IFK Umeå
3027070|IK Tord
3027073|Jonsereds IF
3027077|Korsnäs IF FK
3027079|Kramfors-Alliansen
3027081|Kulladals FF
3027084|Kvarnsvedens IK
3027090|Ljungby IF
3027091|Luleå SK
3027095|Matfors IF
3027097|Mjölby AI FF
3027100|Morön BK
3027109|Säffle SK
3027110|Sala FF
3027113|Saxemara IF
3027114|IFK Simrishamn
3027120|Smedby AIS
3027122|Söderhamns FF
3027123|Sollefteå GIF FF
3027126|Spånga IS FK
3027131|Sunnersta AIF
3027133|Täfteå IK
3027135|Tidaholms GoIF
3027137|Tomelilla IF
3027145|Umedalens IF
3027146|Trosa-Vagnhärad SK
3027147|Valbo FF
3027149|Varbergs GIF FK
3027152|Västerviks FF
3027154|Växjö Norra IF
3027155|Veberöds AIF
3027156|Vinbergs IF
3027160|Råå IF
3027191|Tölö IF
3027214|Sandvikens AIK FK
3027222|Skogså IF
3027228|Kungsängens IF
3027235|IF Böljan Falkenberg
3027240|BK Ljungsbro
3027255|Råslätt SK
3027272|Höganäs BK
3027288|Bollstanäs SK
3027293|Sundbybergs IK
3027302|Nosaby IF
3027310|Skoftebyns IF
3027337|Landvetter IS
3027338|Sävedalens IF
3027345|Lindome GIF
3027351|IK Viljan Strängnäs
3027360|Lindsdals IF
3027365|IF Lödde
3027367|Åryds IK
3027376|Torslanda IK
3027384|Österåker United FK
3027387|Bollnäs GIF FF
3027394|IFK Hjo
3027398|Kållered SK
3027399|Ahlafors IF
3027402|BK Astrio
3027403|Gnosjö IF
3027413|Eneby BK
3027426|Öckerö IF
3027429|Stafsinge IF
3027438|Älgarna-Härnösand IF
3027443|Ronneby BK
3027455|Malmslätts AIK
3027464|Hanvikens SK
3027468|FBK Balkan
3027491|Vårgårda IK
3027498|Lucksta IF
3027508|Ytterhogdals IK
3027511|Värtans IK
3027513|IFK Fjärås
3027517|Forsbacka IK
3027518|Torsby IF
3027520|Notvikens IK
3027524|IK Gauthiod
3027525|Rågsveds IF
3027528|Edsbyns IF FF
3027529|Asarums IF FK
3027537|Friska Viljor FC
3027540|Robertsfors IK
3027542|Storfors AIK
3027545|GIF Nike
3027546|Malmö City FC
3027548|IF Haga
3027553|Gerdskens BK
3027554|Skara FC
3027555|IFK Tidaholm
3027556|Ulricehamns IFK
3027557|Vänersborgs IF
3027558|IK Zenith
3027564|FOC Farsta FF
3027570|FC Järfälla
3027571|Fagersta Södra IK
3027575|Hestrafors IF
3027576|Sunnanå SK
3027589|Ullareds IK
3027591|Onsala BK
3027596|IK Franke
3027610|FC Arlanda
3027612|Ängby IF
3027623|Eslövs BK
3027624|Kungsör BK
3027628|Österlen FF
3027646|Hisingsbacka FC
3027672|Örebro Syrianska IF
3027681|Vånga Mjönäs Arkelstorp IK
3027691|Borens IK
3027709|Segeltorps IF
3027716|Kubikenborgs IF
3027739|IF Eker Örebro
3027740|FBK Karlstad
3027762|Rengsjö SK
3027765|FK Älmeboda/Linneryd
3027766|Åstorps FF
3027778|Herrestads AIF
3027780|Fanna BK
3027787|Hässleholms IF
3027792|Dalstorps IF
3027818|Karlbergs BK
3027820|Strömsbergs IF
3027822|IFK Åmål
3027828|Hittarps IK
3027840|IFK Berga
3027847|IFK Uppsala
3027854|Räppe GoIF
3027878|Torstorps IF
3027880|Viggbyholms IK FF
3027881|Nordvärmlands FF
3027882|IFK Haninge
3027896|Falu BS FK
3027915|Sandviks IK
3027925|Athletic FC Eskilstuna
3027926|Nordic United FC
3027930|IFK Aspudden-Tellus
3027940|FC Stockholm
3027946|Gottne IF
3027951|Vänersborgs FK
3027960|Täby FK
3027973|Yxhults IK
3027975|Högsby IK
3027977|Vejby IF
3027978|Syrianska Eskilstuna IF
3027998|Iggesunds IK
3028145|Järpens IF
3028166|Tegs SK Fotboll
3028226|IFK Stocksund
3028242|Åbyggeby FK
3028382|Lillpite IF
3028388|Ariana Football Club Malmö
3028396|Waggeryds IK
3028398|Nacka FC
3028482|Boden City FC
3028504|Bergdalens IK
3080191|Sweden
3080193|BSC Young Boys
3080194|FC Aarau
3080195|FC Basel 1893
3080196|FC St. Gallen 1879
3080197|FC Thun Berner Oberland
3080198|FC Zürich
3080199|Grasshopper Club Zürich
3080200|Neuchâtel Xamax FCS
3080201|FC Schaffhausen
3080202|Servette FC
3080203|FC Baden 1897
3080204|AC Bellinzona
3080205|FC Chiasso
3080206|FC Concordia Basel
3080207|FC Luzern
3080208|FC Wil 1900
3080209|SC Kriens
3080210|FC Lugano
3080211|FC Vaduz
3080212|FC Winterthur
3080213|FC Wohlen
3080214|Yverdon Sport FC
3080215|FC Bulle
3080216|FC La Chaux-de-Fonds
3080217|Meyrin FC
3080218|FC Sion
3080219|SC YF Juventus
3080221|Etoile Carouge FC
3080222|FC Solothurn
3080223|SR Delémont
3080224|FC Wangen bei Olten
3080225|FC Grenchen 15
3080226|FC Martigny-Sports
3080227|SC Dornach
3080228|FC Locarno
3080229|FC Lausanne-Sport
3080230|SC Cham
3080231|FC Gossau SG
3080233|FC Mendrisio
3080234|BSC Old Boys
3080235|FC Echallens Région
3080236|ES FC Malley LS
3080237|FC Stade Nyonnais
3080238|FC Biel-Bienne 1896
3080239|FC Le Mont
3080240|FC Schötz
3080241|FC Köniz
3080242|FC Balzers
3080247|FC Niederwil AG
3080250|KF Dardania St. Gallen
3080251|FC Bischofszell
3080252|FC Bosporus
3084289|Urania Genève Sport
3084290|FC Nordstern BS
3084291|FC Fribourg
3084292|FC Black Stars
3084293|FC Bavois
3084294|FC Stade Lausanne-Ouchy
3084295|Zug 94
3084296|SC Düdingen
3084297|FC Breitenrain
3084299|FC Münsingen
3084305|FC Rapperswil-Jona
3084306|FC Tuggen
3084309|USV Eschen/Mauren
3084314|SC Brühl St. Gallen
3084328|FC United Zürich
3092484|FC Colombier
3092485|CS Chênois
3092487|Vevey-Sports
3092488|FC Naters Oberwallis
3092489|Lancy FC
3092491|FC Schwamendingen
3092492|FC Horgen
3092493|FC Sursee
3092495|FC Freienbach
3092496|FC Rorschach-Goldach 17
3092497|FC Widnau
3092498|FC Kreuzlingen
3092499|FC Brüttisellen-Dietlikon
3092503|FC Frauenfeld
3092504|FC Courtételle
3092505|FC Bramois
3092515|SV Schaffhausen
3092516|SC Zofingen
3092517|SC Buochs
3092518|Chur 97
3092519|FC Langenthal
3092520|FC Red Star Zürich
3092523|FC Châtel-St-Denis
3092524|US Collombey-Muraz
3092525|FC Dardania Lausanne
3092526|FC Epalinges
3092529|FC La Tour/Le Pâquier
3092530|FC Montreux-Sports
3092531|FC Renens
3092532|FC Sierre
3092533|Signal FC Bernex-Confignon
3092534|FC Visp
3092535|ASI Audax-Friûl
3092536|SC Bümpliz 78
3092537|FC Champagne Sports
3092539|FC Dürrenast
3092540|FC Le Locle
3092541|FC Ostermundigen
3092542|FC Stade-Payerne
3092543|FC Subingen
3092545|FC Aarberg
3092549|FC Brugg
3092551|SV Lyss
3092552|SV Muttenz
3092553|FC Seefeld ZH
3092557|FC Donzelle
3092559|FC Phönix Seen
3092560|FC Herisau
3092562|Pully Football
3092564|FC Collex-Bossy
3092565|FC Savièse
3092567|FC Schönbühl
3092568|FC Bern 1894
3092569|CS Romontois
3092570|FC Farvagny/Ogoz
3092571|FC Kickers Luzern
3092573|FC Malcantone
3092574|FC Küsnacht
3092575|FC Ascona
3092576|Losone Sportiva
3092577|SC Goldau
3092578|FC Oerlikon/Polizei ZH
3092580|FC Regensdorf
3092581|FC Moutier
3092582|FC Muri
3092583|FC Laufen
3092584|FC Bülach
3092585|FC Herzogenbuchsee
3092586|FC Olten
3092587|FC Reinach
3092588|GS Italgrenchen
3092589|FC Schönenwerd-Niedergösgen
3092591|FC Beringen
3092592|FC Amriswil
3092595|FC Uster
3092597|FC Tavannes/Tramelan
3092599|FC Bagnes
3092600|FC Emmenbrücke
3092601|SV Höngg
3092602|FC Amical Saint-Prex
3092603|FC Töss
3092604|FC Blue Stars Zürich
3092606|FC Bassecourt
3092608|FC Wollishofen
3092609|FC Glarus
3092610|FC Malters
3092611|FC Echichens
3092612|FC Sarnen
3092613|FC Buchs SG
3092614|SC Schöftland
3092615|FC Porrentruy
3092617|FC Dübendorf
3092619|FC La Sarraz-Eclépens
3092620|FC Hergiswil
3092621|FC Lerchenfeld
3092622|FC Arbon 05
3092623|FC Dietikon
3092624|FC Wettingen
3092625|FC Linth 04
3092626|FC Entfelden
3092634|FC Winkeln SG
3092635|FC Sirnach-Stella
3092638|FC Ibach
3092639|FC Bazenheid
3092640|FC Liestal
3092641|SC Steinhausen
3092642|FC Wiesendangen
3092650|FC Altstätten
3092651|FC Monthey
3092652|FC Aegeri
3092654|US Terre Sainte
3092656|FC Raron
3092658|FC Suhr
3092659|FC Hochdorf
3092660|FC Pratteln
3092661|FC Versoix
3092663|SC Veltheim
3092664|FC Perly-Certoux
3092666|FC Portalban/Gletterens
3092667|FC Kerzers
3092669|FC Härkingen
3092670|ES Belfaux
3092671|AC Sementina
3092672|FC Bremgarten
3092673|FC Seuzach
3092674|FC Bassersdorf
3092676|FC Einsiedeln
3092677|FC Witikon
3092678|FC La Combe
3092679|FC Belp
3092680|FC Amicitia Riehen
3092682|FC Montlingen
3092686|FC Vernier
3092687|US Giubiasco
3092688|FC Thalwil
3092689|FC Kosova
3092693|FC Crissier
3092694|SC Emmen
3092695|FC Solduno
3092696|FC Sins
3092697|FC Baar
3092700|FC Gland
3092703|FC Gumefens/Sorens
3092704|FC Spiez
3092705|FC Kloten
3092706|FC Windisch
3092707|FC Allschwil
3092708|FC Bôle
3092709|FC Oberdorf
3092711|FC Eschenbach
3092712|SC Balerna
3092713|AC Taverne
3092714|FC Dulliken
3092716|FC Wettswil-Bonstetten
3092718|FC Gossau ZH
3092719|FC Unterstrass
3092721|FC Herrliberg
3092723|FC Wiedikon ZH
3092724|FC Urdorf
3092725|FC Kilchberg-Rüschlikon
3092726|FC Affoltern am Albis
3092728|FC Lenzburg
3092729|FC Kölliken
3092730|FC Rothrist
3092731|FC Frick
3092732|FC Menzo Reinach
3092733|SV Würenlos
3092734|FC Sarmenstorf
3092735|FC Langnau
3092736|FC Konolfingen
3092737|FC Wabern
3092738|FC Weissenstein Bern
3092739|FC Interlaken
3092741|FC Kirchberg
3092742|FC Allmendingen
3092746|FC Azzurri Bienne
3092748|FC Grünstern
3092749|FC Develier
3092752|SC Obergeissenstein
3092753|FC Ruswil
3092754|FC Brunnen
3092755|FC Perlen-Buchrain
3092756|FC Schattdorf
3092757|FC Entlebuch
3092758|FC Altdorf
3092759|SC Binningen
3092760|FC Birsfelden
3092761|AS Timau Basel
3092762|FC Therwil
3092763|FC Rheinfelden 1909
3092764|SV Sissach
3092765|FC Aesch
3092766|FC Welschenrohr
3092768|FC Gerlafingen
3092769|SC Fulenbach
3092771|FC Bellach
3092773|FC Ems
3092774|FC Mels
3092776|FC Steinach
3092777|FC Rüthi
3092778|FC Abtwil-Engelburg
3092779|FC Tägerwilen
3092780|FC Uzwil
3092781|FC Weesen
3092782|FC Wattwil Bunt 1929
3092783|FC Flawil
3092785|AS Castello
3092786|Vedeggio Calcio
3092787|FC Morbio
3092791|AC Ravecchia
3092798|FC Plaffeien
3092802|FC Onex
3092803|FC Plan-les-Ouates
3092806|FC Saint-Paul
3092807|CS Italien GE
3092808|FC Marin-Sports
3092809|FC Hauterive
3092810|FC Cortaillod
3092811|FC Etoile-Sporting
3092812|FC Béroche-Gorgier
3092815|FC Saint-Blaise
3092816|FC Coffrane
3092817|FC Saxon Sports
3092818|FC Chippis
3092819|FC Conthey
3092820|FC Saint-Léonard
3092821|FC Vétroz
3092822|FC Brig-Glis
3092823|FC Fully
3092824|FC Saint-Maurice
3092826|FC Genolier-Begnins
3092827|FC Lutry
3092828|Prangins Sport
3092830|FC Aigle
3092832|FC Forward-Morges
3092835|FC Thierrens
3092836|FC Champvent
3092838|FC Grandson-Tuileries
3092839|FC Bosna Yverdon
3092841|FC Concordia Lausanne
3092843|FC Oftringen
3092844|FC Adliswil
3092845|FC Schlieren
3092846|FC Volketswil
3092848|FC Diessenhofen
3092849|FC Mutschellen
3092851|FC Rupperswil
3092858|FC Frutigen
3092859|SV Meiringen
3092866|FC Sempach
3092867|Luzerner SC
3092868|FC Littau
3092869|FC Bubendorf
3092875|US Schluein Ilanz
3092877|FC Sargans
3092878|FC Bad Ragaz
3092884|FC Schmerikon
3092886|FC Oensingen
3092887|FC Trimbach
3092889|FC Mümliswil
3092890|FC Hägendorf
3092892|FC Lommiswil
3092893|FC Paradiso
3092894|AC Vallemaggia
3092896|FC Cadenazzo
3092898|FC Rapid Lugano
3092900|AS Novazzano
3092901|FC Ursy
3092902|FC Siviriez
3092903|FC Ueberstorf
3092905|FC Seisa 08
3092906|FC Villars-sur-Glâne
3092907|FC Domdidier
3092908|FC Châtonnaye/Middes
3092909|FC Aïre-le-Lignon
3092910|FC Veyrier Sports
3092911|FC Champel
3092912|FC Grand-Saconnex
3092913|FC Boudry
3092917|FC Steg
3092919|FC Leuk-Susten
3092921|FC Printse-Nendaz
3092922|FC Troistorrents
3092923|FC Azzurri 90 Lausanne
3092924|FC Pied du Jura
3092925|FC Bursins-Rolle-Perroy
3092927|FC Ecublens
3092928|FC Rapid-Montreux
3092932|FC Venoge
3092934|FC Assens
3092937|FC Gurmels
3092938|FC Rotkreuz
3092940|FC Wädenswil
3092942|FC Staad
3092943|FC Gunzwil
3092945|FC Gränichen
3092946|FC Willisau
3092947|FC St. Margrethen
3092948|FC Dardania Basel
3092949|FC Rüti
3092953|FC Wolhusen
3092957|FC Salgesch
3092959|CS Interstar
3092960|FC Prishtina Bern
3092961|FC Iliria
3092969|FC Au-Berneck 05
3092970|FC Biberist
3092971|FC Muri-Gümligen
3092982|Sport Lausanne Benfica
3092984|Olympique de Genève FC
3092987|AC Arbedo-Castione
3092988|SC Bronschhofen
3092991|FC Gambarogno-Contone
3092993|FC Klingnau
3092994|AS Calcio Kreuzlingen
3092995|FC Lachen/Altendorf
3092996|FC Piamont
3093000|FC Kosova GE
3093001|FC United Milvignes
3093002|FC Ajoie-Monterri
3093009|FC Besa Biel/Bienne
3093010|FC Collina d'Oro
3093011|FC Matran
3093012|FC Erguël
3093013|Zürich City SC
3093024|USI Azzurri GE
3093027|FC Bosna Neuchâtel
3093028|AS Italiana
3093029|FC Cugy-Montet-Aumont-Murist
3145727|Switzerland
3145734|Diyarbekir Spor A.Ş.
3145740|İstanbulspor A.Ş.
3145745|Yılport Samsunspor
3145747|Altay
3145752|3Gen Holding Elazığspor
3145754|Kocaelispor
3145757|Sarıyer
3145760|Adanaspor A.Ş.
3145762|Karşıyaka
3145765|Erzurumspor Futbol Kulübü
3145767|52 Orduspor Futbol Kulübü
3145771|Gün Medya Grup Kastamonuspor
3145772|Boluspor
3145773|Gaziantep Futbol Kulübü A.Ş.
3145774|Uşak Spor A.Ş.
3145777|Eyüpspor
3145778|VavaCars Fatih Karagümrük
3145780|İnegölspor
3145782|Yalovaspor
3145783|Corendon Alanyaspor
3145785|İzmirspor
3145787|Muğlaspor Kulübü
3145788|Nazilli Belediyespor
3145789|Tarsus İdman Yurdu
3145790|Turgutlu 1984 Sportif
3145791|Fethiyespor
3145792|Maltepespor
3145794|Darıca Gençlerbirliği A.Ş.
3145798|Pendikspor
3145800|Ankara Keçiörengücü
3145801|AnaGold 24Erzincanspor
3145802|Bitexen Giresunspor
3145803|Kırıkkalegücü Futbol S.K.
3145808|Pazarspor
3145809|Şanlıurfa Bşb.
3145810|Yukatel Adana Demirspor A.Ş.
3145811|Adıyamanspor
3145814|Atakaş Hatayspor
3145815|Kahramanmaraş Spor A.Ş.
3145816|Astor Enerji Şanlıurfaspor
3145819|Eskişehirspor Kulübü
3145820|Göztepe A.Ş.
3145823|Fenerbahçe A.Ş.
3145824|Beşiktaş A.Ş.
3145825|Galatasaray A.Ş.
3145826|Trabzonspor A.Ş.
3145827|Sincan Belediyesi Ankaraspor
3145828|Manisaspor
3145829|EMS Yapı Sivasspor
3145830|Bursaspor
3145832|Denizlispor
3145833|Mondihome Kayserispor
3145835|Bitexen Antalyaspor
3145836|Gençlerbirliği
3145837|Çaykur Rizespor A.Ş
3145838|Sakaryaspor A.Ş.
3145839|Tümosan Konyaspor
3145840|Ankaragücü
3145841|Rams Başakşehir Futbol Kulübü
3145843|Kasımpaşa A.Ş.
3145852|Alibeyköyspor
3145853|Büyükçekmece Tepecikspor
3145856|Amed Sportif Faaliyetler
3145864|Altınordu
3145871|Vanspor F.K.
3145872|Yeni Malatyaspor
3149826|Tavşanlı Linyitspor
3149827|Teksüt Bandırmaspor
3149828|Balıkesirspor
3149831|Ankara Demirspor
3149832|Bayrampaşa Spor A.Ş.
3149834|Karacabey Belediye Spor A.Ş.
3149837|Menemen Futbol Kulübü
3149839|Beykoz İshaklı
3149840|Batman Petrolspor
3149841|Gümüşhane Sportif
3149844|Kırklarelispor Futbol A.Ş.
3149846|Sivas Dört Eylül Futbol A.Ş.
3149847|1877 Alemdağ Spor
3149848|Onvo Ağrı 1970 Spor Kulübü
3149849|Gölcükspor
3149850|Kepez Spor Futbol A.Ş.
3149852|Sancaktepe Futbol Kulübü
3149853|Güzide Gebze Spor Kulübü
3149860|Ümraniyespor
3149861|Çarşambaspor
3149864|Zonguldak Kömürspor A.Ş.
3149865|İzmir Çoruhlu FK
3149867|Ahlatcı Çorum Futbol Kulübü
3149869|Silivrispor
3149873|1461 Trabzon Futbol Kulübü
3149875|Tuzlaspor A.Ş.
3149876|Kızılcabölükspor
3149877|Çankayaspor
3149878|Ayvalıkgücü Belediyespor
3149880|İDAŞ Çatalcaspor
3149882|Kelkit Hürriyet Spor Kulübü
3149883|Malatya Yeşilyurt SK
3149884|Modafen
3149885|Somaspor
3149886|Yozgatspor 1959 Futbol Kulübü
3149887|Galata Spor Kulübü
3149888|Bucaspor 1928
3149889|68 Aksaray Bld. Spor
3149890|Payasspor
3149892|Beyoğlu Yeni Çarşı
3149893|Etimesgut Spor Kulübü
3149894|İskenderunspor A.Ş.
3149895|Bayburt Özel İdare Spor
3149896|Düzce Cam Düzcespor
3149897|Tekirdağspor
3149898|Kozan Spor Futbol Kulübü
3149899|Manisa Futbol Kulübü
3149900|Bodrum Futbol Kulübü
3149902|Sultanbeyli Belediye Spor
3149906|Vefaspor
3149909|Kütahyaspor Futbol
3149910|Merkür Jet Erbaaspor
3149911|Hes İlaç Afyonspor Kulübü
3149913|12 Bingöl Spor
3149914|Hacettepe 1945 Spor Kulübü
3149915|Esenler Erokspor
3149916|Ergene Velimeşe Spor
3149917|Osmaniyespor Futbol Kulübü
3149918|Karaköprü Belediye Spor
3149919|Nevşehir Belediye Spor
3149921|Artvin Hopaspor
3149922|Kırşehir Futbol Spor Kulübü
3149923|Fatsa Belediyespor
3149924|Serik Spor Futbol A.Ş.
3158025|Kuşadasıspor
3158035|Diyarbakırspor
3158040|Karadeniz Ereğli Bld.
3158045|Sapanca Gençlikspor
3158053|Edirnespor
3158056|Ceyhan Spor
3158094|Kilis 1984 A.Ş.
3158098|Torbalıspor
3158133|Akşehir Spor
3158141|Bigaspor
3158147|Bornova Yeşilova Spor
3158150|Bartınspor
3158171|Çayeli Spor
3158176|Söke Spor Kulübü
3158182|Atlas Maden Çengelköyspor
3158188|Elbistan Spor
3158196|Karamürselspor
3158210|Uzunköprüspor
3158251|Küçükçekmece Sinop Spor A.Ş.
3158276|Silifke Belediye Spor
3158298|Yeni Mersin İ.Y.
3158323|Erenlerspor
3158346|Eskisehir Anadolu Spor FK
3158349|Kemerkent Bulvarspor
3158508|Çiğli Belediyespor
3158515|1926 Bulancakspor
3158516|Ünye 1957 Spor
3158533|Isparta 32 Spor
3158554|Bucak Belediye Oğuzhanspor
3158571|Kurtalan Spor
3158593|Atakum Belediyespor
3158618|Amasyaspor Futbol Kulübü
3158631|Bağlar Belediyespor
3158638|Sultangazi Spor
3158639|Erciyes 38 Futbol Spor Kulübü
3158640|Türk Metal 1963 Spor
3158687|Mustafa Kemalpaşa 2014 Spor
3158713|Aliağa Futbol A.Ş.
3158716|Karaman Futbol Kulübü
3158725|Orduspor 1967 A.Ş.
3158729|Ahmetli Belediye Spor
3158759|Adıyaman Futbol Kulübü A.Ş.
3158807|Armoni Alanya Kestelspor
3158920|Kestel Çilek Spor Kulübü
3158937|İnegöl Kafkas Spor Kulübü
3159106|İnkılap Futbol Spor Kulübü
3159109|Arnavutköy Bld.
3159158|Bornova 1877
3159200|Kastamonu ÖİKH
3159361|Suvermez Kapadokya Spor
3159411|Rize Özel İdare Spor
3159417|Karasuspor
3159468|Cumhuriyet Üniversitesi
3159470|Çorlu Spor 1947
3159539|Yalova Yeşilovaspor
3159698|Dudullu
3159846|Polatlı 1926 Spor Kulübü
3159909|Bursa Yıldırım Spor
3159925|Denizli İ.Y.
3159930|Çınar Belediyesi Spor
3159931|Silvan Belediye Spor Kulübü
3159963|Erzincan Ulalar Spor
3159997|Iğdır F.K.
3160034|Cevizli Anadolu Spor
3160090|HK Doğantepe Spor Kulübü
3160092|İlimtepe Kullar 1975 Spor
3160128|Mardin 1969 Spor
3160134|İdmanyurdu 1925 Spor
3160153|Muş Spor Kulübü
3160164|Niğde Belediyesi Spor
3160186|Hendek Spor
3160246|Yozgat Belediyesi Bozok Spor
3160394|Bismil 21 Sportif
3160403|Adana 1954 F.K.
3160463|Bursa Nilüfer Futbol A.Ş.
3160464|Görükle İpekspor
3160547|Torosgücü
3160550|Tire 2021 Futbol Kulübü
3160565|Kahramanmaraş İstiklal Spor
3160573|Karabük İdmanyurdu Spor
3160594|Yuvacıkspor
3160617|Mazıdağı Fosfat Spor
3160663|Viranşehir Sanayi Spor
3160686|Sebat Gençlik Spor
3160834|Söke 1970 SK
3160835|Tokat Belediye Spor Kulübü
3211263|Türkiye
3211266|Chornomorets Odesa
3211268|Dynamo Kyiv
3211271|Metalist Kharkiv
3211274|FC Obolon-Brovar
3211276|Shakhtar Donetsk
3211277|Tavria Marianivka
3211279|Vorskla Poltava
3211287|Zoria Luhansk
3211288|Nyva Vinnytsia
3211289|FC Sumy
3211296|Polissia Zhytomyr
3211297|Nyva Ternopil
3211298|Zirka Kropyvnytskyi
3211303|UCSA Tarasivka
3211305|Prykarpattia
3211306|Bukovyna Chernivtsi
3211314|FC Oleksandriia
3211315|Lokomotyv Kyiv
3211317|USC Dovbush Chernivtsi
3211326|Kolos Kovalivka
3211328|Hirnyk-Sport Horishni Plavni
3211329|Kremin Kremenchuk
3211337|Inhulets Petrove
3211362|Skala 1911 Stryi
3211398|AHRO-KMR Troitske
3215364|Real Pharma Odesa
3215366|FC Minaj
3215425|Varatyk Kolomyia
3215426|Livyi Bereh Kyiv
3215429|Balkany Zoria
3215430|Podillia Khmelnytskyi
3215431|Rukh Lviv
3215443|Ahrobiznes Volochysk
3223570|Sluch Krasyliv
3223810|Atlet Kyiv
3223812|Dinaz Vyshhorod
3223873|Probiy Horodenka
3223892|FC Mykolaiv
3223962|Fakel Lypovets
3223969|YaSKO Sharhorod
3223983|LNZ Cherkasy
3224017|Epicentr Kamianets-Podilskyi
3224070|SC Kakhovka
3224081|Buzhora Irshava
3224138|FC Berdychiv
3224147|Sevliush Vynohradiv
3224159|Kolos Polonne
3224161|Motor Zaporizhzhia
3224213|Chaika PPB
3224311|FC Chernihiv
3224351|Shakhtar Novovolynsk
3224355|Lutsksantehmontazh #536 Lutsk
3224407|Nyva Terebovlia
3224419|Kulykiv-Bilka
3224461|Khadzhybey Usatove
3224583|Sokil Sadove
3224636|Vilkhivtsi
3224663|VIVAD Romaniv
3224727|Standart Novi Sanzhary
3224758|FC Kazanka
3224847|Univer-Dynamo KhNUVS Kharkiv
3224875|Ahron OTH Velyki Gai
3224892|Avanhard Lozova
3224917|UTK Palanka
3224997|FC Uzhhorod
3225026|FC Voloka
3225112|Alians Lypova Dolyna
3225129|Iskra Teofipol
3225141|Juniors Shpytky
3225192|Tytan Kyiv
3225268|Olimpiia Savyntsi
3225325|FC Trostianets
3225348|FC Tavria-Skif
3225391|Monolit Koziatyn
3225504|Victoriia Sumy
3225524|Feniks Pidmonastyr
3225545|Veleten Hlukhiv
3225553|Sokil Mykhaylivka-Rubezhivka
3225560|Votrans Lutsk
3225604|Metalist 1925 Kharkiv
3225615|SC Metalurh Zaporizhzhia
3225622|NC Veres Rivne
3225634|Penuel Kryvyi Rih
3225635|Skif Shulgynka
3225649|Polissia Stavky
3225650|FC Zviahel
3225652|Prometey Velyka Novosilka
3225663|MFA Munkach Mukachevo
3225753|FC Medobory Zelene
3225775|Kryvbas Kryvyi Rih
3225782|Naftovyk-Okhtyrka
3225788|Kudrivka
3225789|SC Poltava
3225806|Urahan Cherniiv
3225816|Olimp Kamianske
3225818|Fazenda Chernivtsi
3225824|Karpaty Lviv
3225833|Khliborob Nyzhni Torhai
3225836|Lokomotyv Pomichna
3225837|FC Ahrotekh Dobrovelychkivka
3225849|FC Feniks-Mariupol
3225873|FC TEGOS Chkalove
3225885|FC Maramures
3225887|Tytan Odesa
3225904|FC Lisne
3225905|FC Rebel Kyiv
3276799|Ukraine
3276803|Caersws
3276806|The New Saints
3276807|Newtown
3276808|Carmarthen Town
3276809|Aberystwyth Town
3276810|Airbus UK Broughton
3276811|Caernarfon Town
3276813|Haverfordwest County
3276814|Llanelli Town
3276816|Port Talbot Town
3276817|CPD Porthmadog FC
3276819|Flint Town United
3276820|Holyhead Hotspur
3276823|Prestatyn Town
3276824|Bala Town
3276825|Barry Town United
3276826|Afan Lido
3280898|Cardiff Met University
3280899|Buckley Town
3280900|Conwy Borough Swifts
3280901|Denbigh Town
3280903|Gresford Athletic
3280904|Guilsfield
3280905|Holywell Town
3280907|Mold Alexandra
3280909|Ruthin Town
3280910|Penrhyncoch
3280913|Briton Ferry Llansawel
3280914|Caerau Ely
3280915|Cambrian United
3280917|Goytre AFC
3280918|Goytre United
3280920|Penybont
3280921|Risca United
3280922|Taffs Well
3280924|Cwmbran Celtic
3280926|Undy Athletic
3289090|Connah's Quay Nomads
3289098|Llandudno
3289101|Llangefni Town
3289106|Treowen Stars
3289109|Pontardawe Town
3289116|Penrhiwceiber Rangers
3289136|Pontypridd United
3289140|Ammanford
3289148|Llanidloes Town
3289154|Bow Street
3289161|Chirk AAA
3289162|Brickfield Rangers
3289193|Llay Miners Welfare
3289197|Abertillery Bluebirds
3289218|Llanrhaeadr Ym Mochnant
3289229|Llanuwchllyn
3289267|Flint Mountain
3289336|Baglan Dragons
3289337|Cardiff Draconians
3289345|Trefelin Boys and Girls Club
3289348|Llantwit Major
3289427|Radnor Valley
3289447|Ynyshir Albions
3289467|Trethomas Bluebirds
3289507|Abergavenny Town
3289516|Cefn Albion
3289522|Cefn Cribwr FC
3289529|Pure Swansea FC
3289553|Newport City
3289596|CPD Dinas Bangor City 1876
3289597|Colwyn Bay
3289610|Rhyl 1879
3342335|Wales
3342337|Spartak
3342338|FK Zemun
3342339|OFK Beograd
3342340|OFK Mladenovac
3342341|FK Partizan Beograd
3342342|FK BSK Borča
3342343|FK Vojvodina Novi Sad
3342344|FK Voždovac Beograd
3342345|FK Radnički Pirot
3342346|GFK Sloboda Užice
3342347|FK Čukarički Beograd
3342348|FK Radnički 1923 Kragujevac
3342350|FK Hajduk 1912 Kula
3342352|FK Borac 1926 Čačak
3342353|FK Javor Matis Ivanjica
3342354|FK Crvena zvezda Beograd
3342356|FK Novi Pazar
3342358|FK Radnički Niš
3342361|FK Mladost Lučani
3342362|FK Napredak Kruševac
3342363|FK Rad Beograd
3342364|GFK Jagodina
3342365|FK Real Podunavci
3342366|FK Smederevo 1924
3342367|Mladi radnik
3342368|FK Metalac Gornji Milanovac
3342373|FK Vrelo Sport
3342376|FK Barajevo 1977
3346435|FK Inđija
3346436|FK Kolubara Lazarevac
3346442|FK Kabel Novi Sad
3346444|OFK Sinđelić Niš
3346448|FK TSC Bačka Topola
3346454|FK Sinđelić Beograd
3346467|FK Radnik Surdulica
3346471|FK Timok 1919 Zaječar
3346500|FK Sloga 1933 Petrovac
3346506|FK Loznica
3346705|FK Jedinstvo Putevi Užice
3346709|FK PKB 1950
3346710|FK GSP Polet Dorćol
3346711|OFK Bačka Bačka Palanka
3346713|FK Mačva Šabac
3346720|FK Budućnost Dobanovci
3346721|OFK Žarkovo
3346722|OFK Bečej 1918
3346723|FC Trayal Kruševac
3346724|FK Zlatibor Čajetina
3346725|RFK Grafičar Beograd
3346726|FK BASK TEK
3354628|RFK Novi Sad 2025
3354630|FK Železničar Lajkovac
3354633|FK Radnički Novi Beograd
3354635|FK Zvezdara
3354636|GFK Dubočica Leskovac
3354638|FK Jedinstvo Paraćin
3354649|FK Bor 1919
3354650|FK Radnički Svilajnac
3354651|FK Žitorađa
3354654|FK Trepča Kosovska Mitrovica
3354657|OFK Kikinda
3354659|Rudar 2016
3354667|OFK Vrbas
3354671|GFK Sloven Ruma
3354677|FK Jedinstvo Ub
3354690|OFK Topličanin Prokuplje
3354692|FK SFS Borac Paraćin
3354693|FK Car Konstantin Niš
3354694|FK Polet Ljubić
3354708|FK Hajduk Veljko Negotin
3354709|FK Đerdap Kladovo
3354711|FK Šumadija 1903 Kragujevac
3354712|FK Veternik
3354717|FK Radnički Obrenovac
3354718|FK Mladost Bački Jarak
3354724|FK FAP Priboj
3354733|FK Bačka 1901 Subotica
3354741|FK Radnički Zrenjanin
3354748|FK Sloga Požega
3354751|FK Morava 1918 Ćuprija
3354754|FK Jošanica Novi Pazar
3354756|FK Vlasina Vlasotince
3354760|FK Takovo Gornji Milanovac
3354763|FK Timočanin Knjaževac
3354769|Studentski grad
3354774|FK Lokomotiva Železnik
3354776|FK Trstenik PPT
3354779|Budućnost Krušik
3354780|FK Prvi maj Ruma
3354786|FK Rađevac Krupanj
3354789|FK Omladinac Zablaće
3354793|FK Tekstilac Odžaci
3354798|FK Železničar Inđija
3354799|FK Sloga Leskovac
3354802|FK Sloga Bajina Bašta
3354803|FK Polimlje Prijepolje
3354822|FK Jedinstvo Surčin
3354828|FK Rembas Resavica
3354831|FK Mačva 1929 Bogatić
3354834|OFK Brzi Brod
3354843|T6 NIKA Glogonjski rit
3354853|FK Radnički Sremska Mitrovica
3354854|FK Jedinstvo Stara Pazova
3354893|FK Budućnost Arilje
3354909|FK Sloboda Novi Kozarci
3354918|FK Radnički Valjevo
3354929|FK Tutin
3354941|FK IMT Novi Beograd
3354945|SFU Sušica 1929
3354963|FK Dunav Prahovo
3354989|OFK Vršac
3354990|Kozara (BVS)
3355005|FK Brodarac
3355009|FK Omladinac Novi Banovci
3355015|FK Tisa Adorjan
3355022|FK Budućnost Popovac
3355025|OFK Napredak Markovac
3355040|FK Železničar Pančevo
3355051|FK Borac Šajkaš
3355053|FK Prva iskra Barič
3355055|FK Naftagas Elemir
3355059|FK Pčinja Trgovište
3355067|FK Torlak Kumodraž
3355069|FK Borac Sakule
3355071|FK Mladi radnik 1940 Radinac
3355085|OFK Mihajlovac
3355092|FK Sloga Čonoplja
3355094|FK Vojvodina 1928 Perlez
3355097|FK Podunavac Belegiš
3355106|OFK Borac 1978 Lazarevac
3355111|FK Mladost Omoljica
3355127|FK Jedinstvo Stanišić
3355136|FK Dinamo 1945 Pančevo
3355140|FK Sloboda Donji Tovarnik
3355150|FK Jedinstvo 1936 Kruševac
3355151|FK Ušće Novi Beograd
3355157|FK SU Dinamo Jug Vranje
3355158|FK Hajduk Divoš
3407871|Serbia
3407873|Club Atlético Boca Juniors
3407874|Club Estudiantes de La Plata
3407875|Gimnasia (LP)
3407876|Racing Club de Avellaneda
3407877|San Lorenzo
3407878|Club Atlético Vélez Sarsfield
3407879|Club Atlético River Plate
3407880|Club Atlético Independiente
3407881|Arsenal (Sarandí)
3407882|Club Atlético Lanús
3407883|Newell's
3407884|Club Olimpo de Bahía Blanca
3407885|Club Atlético Banfield
3407886|Colón
3407887|Quilmes Atlético Club
3407888|Club Atlético Rosario Central
3407889|Club Almagro
3407890|Instituto
3407891|Argentinos Jrs.
3407893|Atl. Rafaela
3407894|Club Atlético Nueva Chicago
3407895|Chacarita Jrs.
3407896|Talleres
3407897|Club Ferro Carril Oeste
3407898|Club Atlético Belgrano
3407900|Gimnasia (Jujuy)
3407901|Godoy Cruz
3407902|San Martín (SJ)
3407903|Club Atlético Huracán
3407904|Club Atlético Tigre
3407905|San Martín (Tucumán)
3407906|Unión (SF)
3407907|Independiente Rivadavia
3407908|Club Atlético Tucumán
3407923|Estudiantes (BA)
3407925|Barracas Central
3411969|Club Atlético Aldosivi
3411970|Mitre (SdE)
3411971|Club Atlético All Boys
3411973|Club Deportivo Riestra
3411974|Club Social y Deportivo Merlo
3411975|Ben Hur (Rafaela)
3411976|Defensa y Justicia
3411977|Club Atlético Platense
3411978|Club Almirante Brown
3411979|Def. de Belgrano
3411980|Club Deportivo Morón
3411981|Club Atlético Atlanta
3411982|Gimnasia (Mendoza)
3411983|Alvarado
3411984|Club Sportivo Desamparados
3411985|Agropecuario Argentino
3411991|Club Atlético San Telmo
3411992|Sarmiento (Resistencia)
3411993|Club Atlético Temperley
3411994|Tristán Suárez
3411995|Villa San Carlos
3411998|Club Cipolletti
3412002|Villa Mitre
3412005|Club Mutual Crucero del Norte
3412006|Gimnasia (CdU)
3412008|Patronato
3412009|Sp. Belgrano
3412010|Unión (Sunchales)
3412011|Alumni (VM)
3412012|Central Córdoba (SdE)
3412013|Club Deportivo Maipú
3412014|Estudiantes (RC)
3412015|Juv. Antoniana
3412017|Racing (Córdoba)
3412019|Club Luján
3412020|Sacachispas Fútbol Club
3412024|Gimnasia y Tiro
3412026|Club Atlético Douglas Haig
3412027|Club Atlético Chaco For Ever
3412032|Midland
3412041|Club Atlético Boca Unidos
3412042|Club Villa Dálmine
3412044|Guillermo Brown (PM)
3412045|Club Atlético Los Andes
3412046|Brown (Adrogué)
3412048|Santamarina
3412049|Estudiantes (San Luis)
3412050|Juv. Unida Universitario
3412053|Flandria
3412054|Club Deportivo Armenio
3420161|Dep. Español
3420162|Club Atlético Acassuso
3420164|Club Sportivo Italiano
3420167|San Martín (Mza)
3420168|Club Atlético San Miguel
3420169|Huracán (Las Heras)
3420170|Club Atlético Colegiales
3420175|Tiro Federal (Rosario)
3420176|Luján Sport Club
3420177|Club Atlético Ituzaingó
3420178|Argentino (Merlo)
3420179|Cañuelas Fútbol Club
3420180|Dep. Laferrere
3420181|Club Atlético Excursionistas
3420182|J.J. Urquiza
3420183|Liniers
3420184|San Martín (Burzaco)
3420185|Club Atlético Fénix
3420189|Defensores Unidos
3420190|Club Deportivo UAI Urquiza
3420197|Yupanqui
3420198|Dep. Paraguayo
3420200|Independiente (VO)
3420201|Talleres (Perico)
3420202|9 de Julio (Rafaela)
3420203|Club Atlético Atlas
3420216|Cultural Argentino (GP)
3420217|Juv. Alianza (SJ)
3420220|Argentino (Mza)
3420221|Liniers (BB)
3420222|Argentino (Quilmes)
3420226|Club Sportivo Dock Sud
3420228|Sarmiento (Junín)
3420229|Talleres (RE)
3420231|Central Norte (Salta)
3420233|Club Comunicaciones
3420239|Club Atlético El Linqueño
3420240|Camioneros
3420243|Boxing Club
3420245|Defensores del Carmen
3420246|Racing (Trelew)
3420247|Independiente (Trelew)
3420248|Huracán (Trelew)
3420249|Germinal (Rawson)
3420251|Jorge Newbery (CR)
3420254|Centenario (Neuquén)
3420258|Sol de Mayo (Viedma)
3420278|Defensores (VR)
3420279|Dep. Madryn
3420286|Sarmiento (La Banda)
3420287|Sp. Las Parejas
3420288|Sp. del Bono
3420289|Atenas (Río Cuarto)
3420290|Tiro Federal (Morteros)
3420291|Unión (Villa Krause)
3420292|All Boys (Santa Rosa)
3420293|Ferro (GP)
3420295|Andes Talleres Sport Club
3420297|C.E.C. (Mendoza)
3420300|Gutiérrez Sport Club
3420303|Leonardo Murialdo
3420304|Club Atlético Palmira
3420306|Dep. Colón (Col. Caroya)
3420311|Jorge Newbery (VM)
3420316|Sp. Peñarol (Chimbas)
3420327|Club Atlético Kimberley
3420328|San Martín (Formosa)
3420333|Def. de Pronunciamiento
3420334|Independiente (Chivilcoy)
3420336|Sol de América (Formosa)
3420337|Güemes (SdE)
3420338|Círculo Deportivo
3420341|Bartolomé Mitre (Posadas)
3420359|Sansinena
3420402|Huracán (San Rafael)
3420464|Gimnasia (Chivilcoy)
3420467|Argentino (Monte Maíz)
3420504|Sportsman (Choele Choel)
3420505|Pillmatún (Cipolletti)
3420506|Pacífico (Neuquén)
3420507|Club Atlético Río Colorado
3420508|Club Deportivo Aguilares
3420509|Américo Tesorieri (LR)
3420510|Andino Sport Club de La Rioja
3420528|Pacífico (Gral. Alvear)
3420529|Dep. Montecaseros
3420591|Argentino (San Rafael)
3420592|Sp. Pedal (San Rafael)
3420593|San Luis (San Rafael)
3420594|Club Deportivo Malargüe
3420595|Sport Club San Carlos
3420616|Andes Foot Ball Club
3420634|Costa Brava (GP)
3420652|Def. de La Boca (LR)
3420654|Club Unión Calilegua
3420655|Club Atlético Unión Santiago
3420656|Independiente (Fernández)
3420657|El Trapiche (San Luis)
3420658|América (Gral. Pirán)
3420659|Sarmiento (Ayacucho)
3420660|Atl. Chicoana
3420662|Dep. Río Dorado
3420663|Libertad (Campo Santo)
3420665|Nueva Alianza (LP)
3420666|Rec. Echegoyen (Bellocq)
3420667|Gimnasia (Tandil)
3420668|La Libertad (MZ)
3420805|Club Deportivo Rincón
3420868|Real Pilar Fútbol Club
3420897|F.A.D.E.P. (Mendoza)
3420960|Dep. Bowen
3420961|S.C. Quiroga
3420962|Club Rincón del Atuel
3420963|Club Sportivo La Consulta
3420964|Club Sportivo del Carril
3420967|Sp. Villa de La Quebrada
3420968|Def. Potrero de los Funes
3420969|Juv. Unida (Tilisarao)
3421027|Club Ciudad de Bolívar
3421094|El Porvenir (San Rafael)
3421095|Ferro (Gral. Alvear)
3421096|Club Gimnasia y Tiro de Orán
3421097|Independiente Calle Larga
3421098|Juventud (Puerto Tirol)
3421099|La Adela
3421100|Los Andes (Guandacol)
3421107|Argentino (Gral. Alvear)
3421119|Vialidad Nacional (Mza)
3473407|Argentina
3473409|Blooming
3473410|Club Bolívar
3473411|Club The Strongest
3473412|Oriente Petrolero
3473413|Club Deportivo Real Potosí
3473415|Jorge Wilstermann
3473416|Club Deportivo Aurora
3473418|Club Always Ready
3473421|Destroyer's
3473423|Libertad Gran Mamoré
3473424|Guabirá
3473425|Club Independiente Petrolero
3473430|Real Santa Cruz
3473432|Universitario de Sucre
3473441|San Antonio Bulo Bulo
3473465|Club Atlético Nacional Potosí
3477506|A.B.B.
3477512|Stormers San Lorenzo
3477513|Club Deportivo Royal Pari
3477514|Universitario del Beni
3477515|Club Deportivo Vaca Díez
3477517|Wilstermann Cooperativas
3485719|Club Empresa Minera Huanuni
3485728|Club Deportivo Arauco Prado
3485732|Club Deportivo Mariscal Sucre
3485733|Club Deportivo Escara
3485740|Universitario de Vinto
3485742|Club Deportivo FATIC
3485744|Club Deportivo Kivón
3485746|Club Deportivo Torre Fuerte
3485750|Stormer's Sporting Club
3485752|Virgen de Chijipata
3485755|Nacional SENAC
3485756|Real Tomayapo
3485759|Real Oruro
3485774|GV San José
3538943|Bolivia
3538945|Botafogo
3538946|Cruzeiro Esporte Clube SAF
3538947|Clube de Regatas do Flamengo
3538948|Fluminense Football Club
3538949|Sport Club Internacional
3538950|São Paulo Futebol Clube
3538951|Vasco da Gama
3538952|Sociedade Esportiva Palmeiras
3538953|Esporte Clube Bahia SAF
3538955|Santos Futebol Clube
3538956|Grêmio
3538958|Clube Athlético Paranaense
3538959|Corinthians
3538960|São Caetano Futebol SAF
3538961|Esporte Clube Juventude
3538962|Goiás Esporte Clube
3538963|Ponte Preta
3538965|Figueirense Futebol Clube SAF
3538966|Paysandu Sport Club
3538967|Paraná Clube SAF
3538968|Fortaleza Esporte Clube SAF
3538975|Santa Cruz Futebol Clube SAF
3538981|América de Natal
3538982|Clube Atlético Mineiro SAF
3538984|Clube Náutico Capibaribe
3538985|Sport Club do Recife
3538986|Esporte Clube Vitória
3538987|Esporte Clube Santo André
3538988|Portuguesa
3538990|Criciúma Esporte Clube
3538991|Coritiba Foot Ball Club SAF
3538992|Ceará Sporting Club
3538993|Brasiliense Futebol Clube SAF
3538994|Avaí Futebol Clube
3538998|Clube de Regatas Brasil
3539002|Ipatinga Futebol Clube SAF
3539003|Falcon Futebol Clube
3539004|Ituano Futebol Clube
3539005|Nova Venecia
3539007|Gama
3539009|Clube do Remo
3539010|Red Bull Bragantino
3539011|ABC Futebol Clube
3539012|Vila Nova Futebol Clube
3539013|Atlético Clube Goianiense SAF
3539014|Campinense Clube
3539015|Guarani Futebol Clube
3539021|Oeste Futebol Clube
3539022|Chapecoense
3539023|Manauara Esporte Clube
3543041|América (MG)
3543043|Icasa
3543044|ASA
3543045|Luverdense Esporte Clube
3543046|Joinville Esporte Clube
3543047|Botafogo (PB)
3543048|Cuiabá Esporte Clube SAF
3543049|CRAC
3543050|Barra Futebol Clube (SC)
3543052|Esporte Clube Taubaté
3543053|Imperatriz
3543058|Atlético Acreano
3543059|Princesa
3543060|Santos Futebol Clube (AP)
3543061|Rio Branco Football Club (AC)
3543062|Interporto Futebol Clube
3543064|River Atlético Clube (PI)
3543065|Moto Club de São Luís
3543066|Volta Redonda Futebol Clube
3543067|Esporte Clube São Bento
3543072|Cabofriense
3543073|Grêmio Esportivo Brasil
3543074|Boavista Sport Club SAF
3543075|Esporte Clube Pelotas
3543078|Londrina Esporte Clube SAF
3543079|Goianésia Esporte Clube
3543080|Tombense Futebol Clube
3543081|Operário Futebol Clube (MS)
3543088|Vitória da Conquista
3543089|Globo Futebol Clube
3543091|Confiança (SE)
3543092|Sampaio Corrêa Futebol Clube
3543093|Águia de Marabá Futebol Clube
3543094|Treze Futebol Clube
3543096|Madureira Esporte Clube
3543097|Caxias
3543105|Associação Atlética Coruripe
3543107|Central Sport Club
3543108|Esporte Clube Jacuipense
3543122|Alagoinhas Atlético Clube
3543136|Ypiranga Futebol Clube (RS)
3543137|Atlético Cearense
3543138|Uberlândia Esporte Clube
3543142|Club Sportivo Sergipe
3543143|Esporte Clube São José (RS)
3543145|Atlético Roraima Clube
3543156|Nacional Futebol Clube (AM)
3543157|Mixto Esporte Clube
3543158|Mirassol Futebol Clube
3543161|Náutico Futebol Clube
3543168|Ferroviário (CE)
3543170|Centro Sportivo Alagoano
3543171|Esporte Clube XV de Novembro
3543175|São Bernardo
3543176|Ceilândia Esporte Clube
3543177|Associação Atlética Caldense
3543184|Esporte Clube São Luiz
3543186|Grêmio Esportivo Juventus
3543187|União Esporte Clube (MT)
3543188|Clube Esportivo Aimoré
3543191|Futebol Clube Cascavel
3543297|Esporte Clube Novo Hamburgo
3543298|Inter de Limeira
3543299|Tuna Luso Brasileira
3543304|Potiguar de Mossoró
3543315|Sport Club Penedense
3543316|Clube Náutico Marcílio Dias
3543317|Clube Atlético Tubarão SAF
3543321|Cianorte Futebol Clube SAF
3543322|Botafogo Futebol Clube (SP)
3543329|GPA Audax Rio Esporte Clube
3551235|Independência Futebol Clube
3551247|Guarany Futebol Clube
3551251|São Raimundo (AM)
3551262|Real Brasília Futebol Clube
3551264|Rio Branco Atlético Clube SAF
3551265|Serra
3551266|Anápolis Futebol Clube
3551269|Goiânia Esporte Clube
3551270|Goiatuba Esporte Clube
3551275|Maranhão Atlético Clube
3551281|Esporte Clube Democrata
3551288|URT
3551290|Castanhal Esporte Clube
3551297|Rio Branco Sport Club SAF
3551304|4 de Julho Esporte Clube
3551306|Portuguesa (RJ)
3551310|Esporte Clube Avenida
3551311|Esportivo
3551318|Ji-Paraná Futebol Clube
3551321|Grêmio Atlético Sampaio
3551324|Brusque Futebol Clube SAF
3551329|Itabaiana
3551331|Tocantinópolis Esporte Clube
3551337|São José (SP)
3551351|Ferroviária (SP)
3551376|Grêmio Esportivo Anápolis SAF
3551381|São Raimundo (RR)
3551382|Murici Futebol Clube
3551395|Sousa Esporte Clube
3551413|Hercílio Luz
3551484|Operário (PR)
3551488|Nova Iguaçu Futebol Clube
3551499|Democrata Futebol Clube
3551502|Atlético de Cajazeiras
3551529|Itabuna Esporte Clube
3551540|Clube Esportivo Dom Bosco
3551556|Clube Sociedade Esportiva
3551569|Vitória Futebol Clube (ES)
3551580|Nacional de Patos
3551586|Parnahyba Sport Club
3551608|União Atlético Clube (TO)
3551612|Trem Desportivo Clube
3551669|Operário VG
3551689|Associação Desportiva Jequié
3551720|Rio Branco Futebol Clube (ES)
3551724|Petrolina
3551726|Nacional Atlético Clube (PR)
3551815|Crato Esporte Clube
3551834|Atlético Monte Azul
3551843|Independente Atlético Clube
3551863|Aparecidense
3551873|Fluminense Esporte Clube (PI)
3551884|Bahia de Feira
3551975|Concórdia Atlético Clube
3551976|Camboriú Futebol Clube SAF
3551982|Toledo Esporte Clube
3551997|Capital Clube de Futebol Ltda
3552025|Iporá Esporte Clube
3552026|São Francisco (AC)
3552041|Sinop Futebol Clube (MT)
3552044|Caucaia Esporte Clube
3552056|Horizonte Futebol Clube
3552072|Resende Futebol Clube
3552152|Costa Rica Esporte Clube
3552162|Tupynambás Futebol Clube
3552173|Maracanã Esporte Clube
3552241|Sociedade Ação Futebol
3552281|Juazeirense
3552290|Vitória (PE)
3552334|Cametá Sport Club
3552336|Lagarto Futebol Clube
3552381|Cordino Esporte Clube
3552391|Real Noroeste
3552400|Palmeira Futebol Clube
3552405|Grêmio Novorizontino SAF
3552409|Maringá Futebol Clube SAF
3552462|Galvez Esporte Clube
3552506|Associação Desportiva Iguatu
3552521|Esporte Clube Água Santa
3552527|Esporte Clube Cruzeiro (AL)
3552532|Manaus Futebol Clube
3552557|Afogados
3552564|Floresta Esporte Clube
3552569|Associação Atlética de Altos
3552572|Centro Esportivo Força e Luz
3552573|Capital Futebol Clube (TO)
3552577|Santa Cruz Futebol Clube (RN)
3552593|Clube Atlético Patrocinense
3552610|São-Joseense
3552612|Sport Clube Humaitá
3552624|Freipaulistano
3552627|Pérolas Negras
3552639|São Paulo Crystal
3552671|Athletic Club SAF (MG)
3552674|Pacajus Esporte Clube
3552676|Maricá Futebol Clube
3552695|Pouso Alegre
3552702|Gazin Porto Velho
3552729|Retrô Futebol Clube Brasil
3552738|Nova Mutum Esporte Clube
3552743|Azuriz Futebol Clube
3552753|Amazonas Futebol Clube SAF
3552791|Barcelona Futebol Clube (BA)
3552797|Porto Vitória Esporte Clube
3552826|Itabirito Futebol Clube SAF
3604479|Brazil
3604481|Universidad de Chile
3604482|Universidad Católica
3604483|Santiago Wanderers
3604484|Cobresal
3604485|Cobreloa
3604486|Colo Colo
3604487|Huachipato
3604488|Palestino
3604489|Audax Italiano
3604490|Deportes Antofagasta
3604492|Everton de Viña del Mar
3604493|Deportes La Serena
3604494|Rangers de Talca
3604495|Club de Deportes Melipilla
3604496|Ñublense
3604497|O'Higgins
3604498|Provincial Osorno
3604499|Santiago Morning
3604500|Unión Española
3604501|Universidad de Concepción
3604502|Lota Schwager
3604503|San Luis de Quillota
3604504|Club de Deportes Puerto Montt
3604505|CDP Curicó Unido
3604506|Deportes Iquique
3604507|Coquimbo Unido
3604508|San Marcos de Arica
3604509|Unión La Calera
3604510|Unión San Felipe
3604511|Club Social y Deportivo Naval
3604512|Deportes Copiapó
3604513|Fernández Vial
3604514|Deportes Temuco
3604516|Deportes Iberia
3604518|Deportes Magallanes
3604520|Athletic Club Barnechea
3604522|Trasandino de Los Andes
3604525|Colchagua Club de Deportes
3604531|General Velásquez
3604534|Deportes Santa Cruz
3604535|Club de Deportes Valdivia
3604551|Municipal Mejillones
3604552|Provincial Talagante
3604563|Deportes Linares
3604564|Club de Deportes Rengo
3604565|San Antonio Unido
3616930|Deportes Concepción
3616933|Malleco Unido
3616934|Constitución Unido
3616943|Concón National
3616987|Lautaro de Buin
3617004|Club de Deportes Limache
3617005|Club Deportes Vallenar
3617009|Real San Joaquín
3617016|Club Quintero Unido
3617017|Chimbarongo Fútbol Club
3617018|Deportes Recoleta
3617023|Deportes Unión Compañías
3617025|Atlético Colina
3617027|Brujas de Salamanca
3617029|Provincial Ovalle
3617030|Curacaví FC
3617040|Deportivo La Granja
3617042|República Ind. de Hualqui
3617043|Club Deportivo Rancagua Sur
3617046|Club Deportes Quillón
3617047|Club Social Deportivo Ovalle
3617052|Provincial Ranco
3617054|Comunal Cabrero
3617057|Aguará
3617096|Club Deportivo Meza
3617099|Atlético Oriente
3617100|Municipal Puente Alto
3617101|Simón Bolivar Fútbol Club
3617103|Club Deportes Rancagua
3617105|Santiago City Fútbol Club
3617116|Club Deportivo Imperial Unido
3670015|Chile
3670017|América de Cali S.A.
3670018|Atlético Nacional S.A.
3670019|Junior
3670020|Deportivo Cali
3670021|El Equipo del Pueblo S.A.
3670022|Independiente Santa Fe S.A.
3670023|Millonarios F.C.
3670024|Once Caldas S.A.
3670025|Boyacá Chicó F.C.
3670026|Cúcuta Deportivo
3670027|Envigado Fútbol Club S.A.
3670028|Atlético Huila
3670029|La Equidad
3670030|Asociación Deportivo Pasto
3670031|Deportivo Pereira
3670032|Deportes Quindío S.A.
3670033|Club Deportes Tolima S.A.
3670035|Real Cartagena
3670036|Leones F.C.
3670037|Unión Magdalena S.A.
3670049|Cortulua Fútbol Club S.A.
3670050|Club Boca Juniors Cali S.A.
3670051|Alianza Fútbol Club S.A.
3670052|Fortaleza Fútbol Club S.A.
3670053|Jaguares Fútbol Club S.A.
3670054|Bogotá Fútbol Club S.A.
3670056|Talento Dorado S.A.
3670057|Club Llaneros S.A.
3670058|Real Santander
3670059|Tigres Fútbol Club S.A.
3670061|Atlético de Cali F.C.
3670062|Patriotas Boyacá S.A.
3670064|Atlético Bucaramanga
3670066|Club Atlético Alianza Llanos
3670107|Juventus Caloto F.C.
3670110|Cúcuta F.C.
3670115|Independiente Popayán
3670133|Club Deportivo Bello
3674116|Orsomarso Sportivo Clube S.A.
3682306|Total Soccer F.C.
3682346|Club Deportivo Ocaña F.C.
3682348|Galaxy Facatativá
3682358|Club Deportivo Fair Play
3682399|Club Deportivo Estudiantil
3682400|Club Deportivo Aston Villa
3682403|Deportivo Udinese
3682409|Atlético Colombia F.C.
3682411|Academia Tolimense
3682427|Club Deportivo Integrados
3682428|Plata, Vinotinto y Oro
3682544|Real Soacha Cundinamarca S.A.
3735551|Colombia
3735553|Barcelona Sporting Club
3735554|Club Deportivo Cuenca
3735556|Club Sport Emelec
3735557|Liga de Quito
3735558|Club Deportivo El Nacional
3735559|Centro Deportivo Olmedo
3735562|Macará
3735563|Técnico Universitario
3735565|Manta Fútbol Club
3735566|Delfín Sporting Club
3735570|Liga de Portoviejo
3735579|Libertad Fútbol Club de Loja
3735583|Guayaquil City Fútbol Club
3735584|Legión Amarilla Fútbol Club
3735585|Vinotinto FC Ecuador
3735599|Independiente del Valle
3735601|Sociedad Deportiva Aucas
3735602|U. Católica (Quito)
3735604|Imbabura Sporting Club
3735610|Club Deportivo Vargas Torres
3735615|Leones Fútbol Club
3735617|Atacames Sporting Club
3735619|9 de Octubre Fútbol Club
3735628|Mushuc Runa Sporting Club
3735636|Club Deportivo Everest
3735640|Santa Rita
3735649|Gualaceo Sporting Club
3739649|América (Quito)
3747855|Alianza (Guano)
3747856|Bonita Banana Sporting Club
3747864|Búhos ULVR Fútbol Club
3747865|Orense Sporting Club
3747882|Cumbayá Fútbol Club
3752005|Chacaritas Fútbol Club
3752106|22 de Julio Fútbol Club
3801087|Ecuador
3801089|Club Cerro Porteño
3801090|Club Olimpia
3801091|Tacuary FBC
3801092|Club Sol de América
3801093|Club Sportivo Luqueño
3801094|12 de Octubre FC
3801095|Club Libertad
3801096|Club Guaraní
3801097|Club Nacional FC
3801098|Club 2 de Mayo
3801099|CA 3 de Febrero CE
3801100|Silvio Pettirossi (ASU)
3801102|Club General Díaz
3801103|Club Fernando de la Mora
3801104|Club Rubio Ñu
3805185|Club Sportivo Trinidense
3805186|Club Sport Colombia
3805189|Independiente FBC
3805194|Club Sportivo San Lorenzo
3805196|Club General Martín Ledesma
3805197|Club Deportivo Capiatá
3805198|Club Deportivo Santaní
3805201|Resistencia Sport Club
3805202|Club River Plate
3805203|Club Cristóbal Colón de Ñemby
3805205|Club Olimpia de Itá
3805209|Club Liga Guaireña
3813377|Club Atlético Colegiales
3813381|Club Atlético Tembetary
3813383|Club Deportivo Recoleta
3813385|Club Atlántida de Asunción
3813388|Club Sportivo Ameliano
3813390|Club 3 de Noviembre
3813394|Club 3 de Febrero SF
3813400|Club Choré Central
3813415|Cristóbal Colón (JAS)
3813419|24 de Setiembre
3813426|General Caballero (JLM)
3813438|Itapuense
3813461|Pastoreo Fútbol Club
3813462|Club Sportivo Carapeguá
3813463|Encarnación Fútbol Club
3813464|Club 12 de Junio
3813470|Club Guaraní de Fram
3866623|Paraguay
3866625|Club Alianza Lima
3866626|Cienciano
3866627|Club Alianza Atlético Sullana
3866628|Club Sporting Cristal S.A.
3866629|Universitario
3866630|Universidad San Martín
3866631|Club Social Unión Huaral
3866632|Football Club Melgar
3866636|Club Juan Aurich
3866637|Club Sport Boys Association
3866638|César Vallejo
3866639|Municipal
3866640|Binacional
3866641|Club Sport Ancash
3866642|Comerciantes
3866643|Club Ángeles Negros de Yangas
3866649|Club Sport Huancayo
3866650|Ayacucho Fútbol Club
3866652|Club Deportivo Unión Comercio
3866653|Cusco Fútbol Club S.A.
3866654|UTC
3870721|León de Huánuco
3870722|Atlético Torino
3870724|Club Deportivo Coopsol S.A.
3870725|Pirata Fútbol Club
3870726|Club Atlético Grau
3870732|Alianza Universidad
3870741|Mannucci
3870743|Club Deportivo Los Chankas
3870744|Academia Deportiva Cantolao
3878946|Club Deportivo Garcilaso
3878947|Club Deportivo Alfonso Ugarte
3878970|Asociación Deportiva Tarma
3878978|Club Octavio Espinoza
3879101|ADA (PER)
3879104|Club Sport Chavelines Juniors
3879163|Miguel Grau
3879191|Sport Huanta
3879202|Fútbol Club Carlos Stein
3879235|Club Deportivo Santos FC
3879236|EGB Tacna
3879237|Las Palmas de Chota
3879238|Llacuabamba
3879240|San Cristóbal Credicoop
3879251|AD Comerciantes
3879253|Fútbol Club San Marcos
3879255|Club Deportivo Moquegua
3879257|Club Juan Pablo II College
3879258|Fútbol Club Cajamarca
3932159|Peru
3932161|Club Atlético Peñarol
3932162|Wanderers
3932163|River Plate
3932164|Club Nacional de Football
3932165|Defensor Sporting Club
3932166|Club Atlético Bella Vista
3932167|Club Atlético Cerro
3932168|Danubio Fútbol Club
3932169|Centro Atlético Fénix
3932170|Club Plaza Colonia
3932171|Central Español Fútbol Club
3932172|Club Deportivo Maldonado
3932173|Platense
3932174|Tacuarembó Fútbol Club
3932176|Racing Club de Montevideo
3932177|Juventud
3932178|Club Atlético Progreso
3932179|Club Sportivo Cerrito
3932180|Academia Fútbol Club
3932181|Liverpool Fútbol Club
3932182|Miramar Misiones
3932184|Rampla Juniors Fútbol Club
3932185|Club Atlético Rentistas
3932186|Rocha Fútbol Club
3932187|Club Atlético Atenas
3932189|Cerro Largo Fútbol Club
3932191|La Luz Fútbol Club
3932194|Uruguay Montevideo
3932195|Villa Española
3932196|Huracán Buceo
3932197|Club Atlético Boston River
3932203|Club Atlético Basáñez
3932204|Sud América
3932205|Club Oriental de Football
3932372|Cooper
3932373|Paso de la Arena
3932375|Rincón de Carrasco
3936258|Club Atlético Villa Teresa
3936259|Montevideo City Torque
3936266|Huracán Fútbol Club
3936268|Canadian Soccer Club
3944450|Colón Fútbol Club
3944451|Club Atlético Alto Perú
3944453|Club Deportivo Colonia
3944455|Parque del Plata
3944456|Frontera Rivera
3944457|Paysandú Fútbol Club
3944458|Salto Fútbol Club
3944460|Salus Fútbol Club
3944462|IA Río Negro
3944463|Porongos
3944466|Mar de Fondo Fútbol Club
3944468|Club Atlético Artigas
3944476|Centro Atlético Lito
3944479|Albion Football Club
3944490|Palermo Fútbol Club
3944494|Lavalleja de Rocha
3944505|Ferro Carril Fútbol Club
3944507|Melo Wanderers
3944508|Institución Atlética Potencia
3944511|Boca Juniors de Melo
3944560|Central de San José
3944563|CA Universal
3944676|Los Halcones
3944797|Deutscher Fussball Klub
3944837|Keguay
3944845|Club Deportivo Italiano
3944846|Durazno Fútbol Club
3944847|Deportivo CEM
3944848|Estudiantes del Plata
3944849|Club Atlético Terremoto
3948545|Sportivo Bella Italia
3997695|Uruguay
3997697|Caracas Fútbol Club
3997698|Deportivo Táchira F.C.
3997699|A.C. Carabobo Fútbol Club
3997700|A.C.C.D. Mineros de Guayana
3997701|Monagas Sport Club
3997702|Trujillanos Fútbol Club
3997704|Estudiantes de Mérida F.C.
3997712|Atlético La Cruz Fútbol Club
3997714|Bolívar Sports Club
3997717|Deportivo Rayo Zuliano
4001794|Aragua Fútbol Club
4001795|Atlético El Vigía
4001798|Portuguesa Fútbol Club
4001800|Zamora Fútbol Club
4001801|UCV
4001803|Deportivo Miranda Fútbol Club
4001804|Deportivo La Guaira
4001805|Yaracuyanos F.C.
4001810|Angostura Fútbol Club
4001815|Metropolitanos
4001816|Ureña Sport Club
4001825|Academia Puerto Cabello F.C.
4001829|Titanes Fútbol Club Guanare
4001830|Real Frontera S.C.
4010007|Academia Emeritense F.C.
4010011|Minasoro Fútbol Club
4010023|Unión Lara Sport Club
4010044|C.D. Real Vigía Fútbol Club
4010060|Fundación AIFI
4010061|Dynamo Puerto Fútbol Club
4010073|Catia Fútbol Club
4010075|Hermandad Gallega Caracas
4010076|Anzoátegui Fútbol Club
4010080|Héroes de Falcón Fútbol Club
4010081|Nueva Esparta Fútbol Club
4010091|F.C. La Chinita
4010094|Marítimo La Guaira
4014081|Inter de Barinas
4014082|Barquisimeto Sport Club
4063231|Venezuela
4063234|FC Gaïtcha
4063235|AS Mont-Dore
4063236|Association Sportive Magenta
4063243|AS Qanono Sports
4063246|Hienghène Sport
4063247|Association Sportive Kunié
4063248|AS Tiga Sport
4063254|CA Saint-Louis
4063259|Païta FC
4063271|Association Sportive Wetr
4063273|ASC Boulouparis
4063277|Racing Club de Poindimié
4063287|Trio Sport Kejëny
4063288|Horizon Sport de Patho
4063289|SC Ne Drehu
4063291|Association Sportive Lössi
4063295|Dumbéa FC
4063296|Jeunesse Sportive Baco
4128767|New Caledonia
4128770|Liberta Blackhawks FC
4128771|Parham Football Club
4128772|Old Road F.C.
4128773|SAP FC
4128774|Garden Stars FC
4128776|Green City
4132865|All Saints United F.C.
4132866|Green Bay Hoppers F.C.
4132868|Potter's Tigers F.C.
4132871|Willikies F.C.
4132872|Point West Ham (ATG)
4132873|Empire FC
4132874|Piggotts Bullets F.C.
4132879|Fort Road Football Club
4132880|Grenades Football Club
4132883|Tryum FC
4141058|Swetes Football Club
4141060|Five Islands F.C.
4141061|Freemansville Scorpions
4141062|Aston Villa Lions F.C.
4141064|Otto's Rangers FC
4141067|Bendals FC
4141068|John Hughes SC
4141071|MJ Jennings United
4141072|BlueJays FC
4141073|Police FC (ATG)
4141077|Attacking Saints
4194303|Antigua and Barbuda
4194305|SV Racing Club Aruba
4194306|SV Britannia
4194307|SV Dakota
4194308|SV Caiquetio
4194309|SV Sportboys
4198401|SV Deportivo Nacional
4198402|SV Estrella
4198404|SV La Fama
4198405|SV River Plate Aruba
4198406|SV Sporting
4198409|SV Bubali
4198411|SV Estudiantes Maritimo
4206596|SV Jong Aruba
4206598|Sport Club United
4206600|Caymannan Di Rooi Afo
4206601|Porto Caravel
4206611|SV Atletico Santa Fe (ARU)
4206612|SV Unistars
4206614|Real Koyari
4259839|Aruba
4263939|United FC (BAH)
4263940|Baha Juniors FC
4263941|Cavalier FC (BAH)
4263942|Dynamos FC
4263945|Insurance Management Bears FC
4263948|University of the Bahamas
4263949|Renegades FC
4272133|Freeport FC
4272138|Future Stars FC
4272143|Western Warriors FC
4272147|Inter Nassau FC
4325375|Bahamas
4329474|Brittons Hill
4329476|Notre Dame
4329480|Weymouth Wales
4329481|Paradise Sports Club (BRB)
4329482|Pride of Gall Hill
4329487|AU Silver Sands FC
4337673|UWI Blackbirds
4337674|Kickstart Rush
4337678|Ellerton
4337680|Empire Sports Club
4337683|Barbados Soccer Academy
4337685|Wotton FC
4337686|Deacons FC
4337693|Haynesville
4337695|St. Andrew Lions FC
4337696|Sunrise Ballers
4337701|Fitts Village FC
4390911|Barbados
4390914|Wagiya
4390915|Belmopan Bandits FSC
4390916|Verdes FC
4390917|Altitude FC
4395013|Defence Force (BLZ)
4395022|FF Valley Pride
4395026|San Ignacio United FC
4395027|Police United Football Club
4403218|San Pedro Pirates
4403221|Progresso FC (BLZ)
4403222|Benque Viejo United
4403223|Port Layola FC
4403227|Napoles FC
4456447|Belize
4460545|Boulevard Blazers
4460546|Dandy Town Hornets
4460547|Devonshire Colts Soccer Club
4460549|Hamilton Parish
4460550|North Village Rams
4460551|Pembroke Hamilton Club Zebras
4460552|Southampton Rangers
4460555|St. George's Colts
4460556|Robin Hood Football Club
4460557|Somerset Cricket Club Trojans
4460570|Wolves Sports Club
4460803|Devonshire Cougars
4460811|Somerset Eagles
4468740|Paget Community Club Lions
4468741|X Roads
4468743|YMSC Bluebirds
4521983|Bermuda
4526081|Wolues FC
4526082|Islanders FC
4526083|Sugar Boys
4526085|One Love United
4526086|HBA Panthers
4526087|Virgin Gorda United
4526089|Old Madrid
4526092|Lion Heart FC
4526350|Rebels (VGB)
4534279|Positive FC
4534280|Avengers FC (BVI)
4587519|British Virgin Is.
4587524|Guelph United FC
4587525|Scrosoppi FC
4587526|Waterloo United
4587527|Simcoe County Rovers FC
4587528|FC Laval
4591620|St. Catharines Roma Wolves
4591627|Cavalry Football Club
4591630|Forge Football Club
4591632|HFX Wanderers FC
4591633|Pacific Football Club
4591634|York United Football Club
4591635|Valour Football Club
4591648|Victoria United
4599817|Ottawa St. Anthony Italia
4599822|Woodbridge Strikers SC
4599848|AS Blainville
4599852|CS Mont-Royal Outremont
4599858|Vaughan Azzurri
4599860|Sigma FC
4599861|Master's
4599866|Club de Soccer de Longueuil
4599872|Royal-Sélect de Beauport
4599875|Edmonton Scottish
4599876|Lakeshore SC
4599879|ProStars FC
4599883|FC Tigers Vancouver
4599885|North Mississauga SC
4599887|North Toronto Nitros
4599892|Ottawa South United
4599894|CS St-Hubert
4599895|Port Moody SC
4599896|Unionville Milliken S.C.
4599897|Alliance United FC
4599898|Whitby Football Club
4599901|Khalsa Sporting Club
4599906|Kamloops United Football Club
4599947|FC London
4599958|Okanagan FC
4599959|Hamilton United Elite
4599960|Celtix du Haut-Richelieu
4599961|Atlético Ottawa
4599962|Pickering FC
4599967|Calgary Villains Elite FC
4599968|Edmonton Drillers Soccer Club
4599969|Lethbridge FC
4599970|St. Albert Impact FC
4599972|Calgary Dinosaurs Soccer Club
4599977|CS Saint-Laurent
4599978|Altitude FC
4599979|Unity FC
4599982|AS Laval
4599983|CS Lanaudière-Nord
4599984|Burlington SC
4599986|Harbourside Football Club
4599987|Vancouver TSS FC Rovers
4599988|Victoria Highlanders FC
4599989|Calgary Foothills FC
4599990|Vancouver Football Club
4599994|Burnaby Football Club
4599995|Callies United
4599996|Calgary Blizzard Soccer Club
4599997|Born to Be Soccer Club
4599999|Langley United
4600000|Evolution Football Club
4600001|Oakville Soccer Club
4600002|Calgary Rangers SC
4603905|Windsor City Football Club
4653055|Canada
4657155|Sunset FC
4657156|Scholars International
4657157|George Town SC
4657158|Roma United
4657159|Future SC
4657160|Elite SC
4657162|Bodden Town FC
4657164|Academy SC
4657165|Cayman Athletic SC
4665345|Latinos FC
4665348|East End United
4665349|Cayman Brac
4665351|345 FC
4665352|Savannah Tigers Sports Club
4718591|Cayman Islands
4718593|Club Deportivo Saprissa
4718594|CS Herediano
4718595|Liga Deportiva Alajuelense
4718596|ADM Pérez Zeledón
4718597|Santos de Guápiles FC
4718599|Puntarenas Fútbol Club
4718600|AD Carmelita
4718601|Municipal Liberia
4718603|CS Cartaginés
4718606|AD San Carlos
4722692|AD Municipal Grecia
4722696|AD Aserri
4722700|AD Cariari Pococi
4722704|San Jose
4722706|AD Guanacasteca
4722715|Municipal Turrialba
4722720|Jicaral - Sercoba
4730889|Guadalupe FC
4730913|Sporting FC (CRC)
4730915|Municipal Santa Ana
4730923|Limón Black Star
4784127|Costa Rica
4784129|FC Piñar del Río
4784130|Ciego de Ávila FC
4784131|Cienfuegos FC
4784132|CD Holguín
4784134|Banes
4788225|C Granma FC
4788226|CF Ciudad La Habana
4788227|Camagüey FC
4788228|FC Guantánamo
4788230|FC Isla de La Juventud
4788231|Las Tunas FC
4788232|FC Matanzas
4788233|CD Sancti Spíritus
4788234|CD Santiago de Cuba
4788235|FC Villa Clara
4788492|FC Artemisa
4796418|FC Mayabeque
4849663|Cuba
4853762|Bath Estate FC
4853763|Portsmouth Bombers FC
4853764|Sagicor South East United
4853765|Dublanc FC
4853766|Harlem United FC
4853767|Pointe Michel FC
4853768|We United FC
4853771|Exodus FC
4861955|LA Stars
4861956|Mahaut Soca Strikers
4861957|Sign Man Middleham United
4861959|Tarish United
4861960|RC Doctors
4861961|Police Sports Club
4861964|Trafalgar FC
4861977|East Central FC
4861978|Glanvilla Renegades FC
4861981|Busta Warner
4861994|South Dominators
4861996|Calibishie FC
4861997|Mighty Avengers FC
4915199|Dominica
4919297|Barcelona Atlético
4919298|Club Deportivo Pantoja
4919300|Atlético San Cristóbal FC
4919301|Universidad O&M
4919305|Moca Fútbol Club
4919562|Sporting Quisqueya
4927489|Delfines del Este
4927493|Atlántico FC
4927496|Cibao Fútbol Club
4927497|Atlético Vega Real
4927498|Atlético de San Francisco
4927501|Club de Fútbol 6 de Febrero
4927502|Don Bosco Fútbol Club Mao
4927508|Jarabacoa FC
4927512|Garrincha Fútbol Club
4927523|Salcedo Fútbol Club
4927526|Santa Fe Fútbol Club (DOM)
4980735|Dominican Republic
4980737|AD Isidro Metapán
4980738|C.D. Águila
4984836|Alianza FC (SLV)
4984839|CD FAS
4984840|CD Luis Angel Firpo
4984864|CD Dragón
4984865|CD Municipal Limeño
4993028|CD Atlético Balboa
4993030|CD El Roble de Ilobasco
4993042|CD Platense Zacatecoluca
4993045|CD Vendaval
4993048|CD Fuerte Aguilares
4993049|CD Fuerte San Francisco
4993070|C.D. Cacahuatique
4993075|CD Pipil
4993079|Inter FA
4993080|Zacatecoluca FC
4993081|Club Deportivo Hércules
4993082|Club Deportivo Cruzeiro
4993083|A.D. Batanecos
4993084|Club Deportivo INCA
4993085|Club Deportivo Neo Pipil
4993086|C.D. Olímpico Litoral
5046271|El Salvador
5046275|Hurricanes Soccer Club
5046276|Queen's Park Rangers FC 1969
5046280|SunJets United
5050369|Hard Rock FC
5050370|Grenada Boys Secondary School
5050371|Eagles Super Strikers
5050372|Paradise FC International
5050374|Fontenoy United
5050379|Happy Hill
5050632|Police (GRN)
5058561|Morne Jaloux Sports Club
5058562|Springs Sports Club
5058563|Saint John's Sports
5058564|Mount Rich
5058565|Chantimelle FC
5058571|SAB Spartans SC
5058573|Football Club Camerhogne
5058577|North Stars FC
5058579|Christian Strikers
5058581|Shamrock FC
5058582|Bellevue Rangers FC
5058584|St. David's FC
5111807|Grenada
5111809|CSD Municipal
5111810|CSD Comunicaciones
5111811|CD Xelajú MC
5111812|CD Marquense
5111814|CD Suchitepéquez
5111816|Antigua GFC
5111818|CSD Cobán Imperial
5111819|Aurora FC
5111824|CD Guastatoya
5115909|CD Mictlán
5115910|CD Malacateco
5124097|CSD Carchá
5124100|CSD Sacachispas
5124101|CD Achuapa
5124102|FC Santa Lucia Cotzumalguapa
5124109|CD Coatepeque
5124111|CD Mixco
5124113|CD Nueva Concepción
5124114|CD San Pedro
5124120|CD Iztapa
5124141|Quiche FC
5124148|San Benito Fútbol Club
5177343|Guatemala
5181442|Buxton United
5181445|Guyana Defence Force
5181446|Milerock FC
5181450|Santos Football Club (GUY)
5181452|Victoria Kings
5181459|Den Amstel
5181460|Western Tigers
5189633|Fruta Conquerors
5189636|Guyana Police Force FC
5189646|Slingerz Football Club
5189648|Grove Hi-Tech
5189650|Monedderlust FC
5189652|Ann's Grove
5189661|River's View FC
5189670|Mainstay Goldstar FC
5242879|Guyana
5242881|Racing FC
5242882|Don Bosco Football Club
5242884|Aigle Noir Athlétique Club
5242887|CS Saint-Louis
5246977|Association Sportive Capoise
5246978|Cavaly Association Sportive
5246980|AS Mirebalais
5246983|Baltimore (HAI)
5246986|Racing Club Haitien
5246987|Tempête Football Club
5246988|Violette Athletic Club
5246990|FICA
5246992|América des Cayes
5255170|Roulado Football Club
5255178|Ouanaminthe FC
5255181|Real Hope FA
5255182|FC Juventus Des Cayes
5255184|Éclair AC
5255186|Arcahaie FC
5255187|Cosmopolites Sportif Club
5255190|Triomphe Athletic Club
5255191|US Rivartibonitienne
5255196|Limbé FC
5308415|Haiti
5308417|CD Olimpia
5308418|CD Motagua
5308419|CD Real España
5308420|CD Platense
5308422|Lobos UPNFM FC
5312513|CD Victoria La Ceiba
5312514|CDS Vida
5312515|CD Marathón
5312517|Deportes Savio FC
5312518|CD Real Juventud
5312524|Atlético Choloma
5312530|CD Real Sociedad de Tocoa
5312538|CD Parrillas One
5312550|CD Honduras Progreso
5312566|Juticalpa FC
5320729|Yoro FC
5320733|Olancho FC
5320734|Tela FC
5320749|San Juan FC
5320767|Policía Nacional FC
5373951|Honduras
5373953|Arnett Gardens FC
5373954|Portmore United
5378049|Harbour View FC
5378050|Humble Lions FC
5378051|Waterhouse FC
5378052|Tivoli Gardens FC
5378056|FC Reno (JAM)
5378057|Boy's Town FC
5378063|Rivoli United
5378066|Molynes United
5378070|Montego Bay United
5378072|Vere United FC
5378073|Santos FC (JAM)
5378077|Cavalier FC
5378081|Dunbeholden FC
5378082|Mount Pleasant FC
5386311|Lime Hall FC
5386357|Treasure Beach FC
5386424|Spanish Town Police FC
5386468|Falmouth United
5386506|Faulkland FC
5386525|Chapelton Maroons FC
5386530|Racing United Football Club
5439487|Jamaica
5439489|Club de Fútbol América
5439490|Atlas Fútbol Club
5439491|CF Atlante
5439492|Monterrey
5439493|Club Atlético Morelia
5439494|Deportivo Necaxa
5439495|Club Universidad Nacional
5439496|Club Deportivo Guadalajara
5439497|Club Deportivo Cruz Azul
5439498|Deportivo Toluca
5439499|Club Tigres U.A.N.L.
5439500|Club Santos Laguna
5439502|Club de Fútbol Pachuca
5439503|Jaguares de Chiapas FC
5439504|Club Puebla
5439506|Dorados
5439507|Club Atlético San Luis
5439508|Querétaro Fútbol Club
5439509|Club León
5439511|Fútbol Club Juárez
5439517|Inter Querétaro
5439518|Montañeses Fútbol Club
5439519|Halcones FC
5443585|Zacatepec FC
5443586|Alacranes de Durango
5443589|CF La Piedad
5443593|Huracanes Izcalli Fútbol Club
5443594|Tijuana
5443595|Correcaminos
5443596|Leones Negros
5443602|Lobos ULMX
5443604|Mazatlán Fútbol Club
5443605|Tritones Vallarta MFC
5443608|Celaya Fútbol Club
5443635|Alebrijes
5443637|Mineros
5443638|Venados Fútbol Club Yucatán
5443640|Cimarrones
5451784|CD Irapuato
5451826|Guerreros de Autlán
5451837|Neza Fútbol Club
5451873|Inter Playa del Carmen
5451875|Club Pioneros de Cancún
5451888|Club Deportivo Zitácuaro
5451915|Colima Futbol Club
5451937|UA Zacatecas
5451988|Ejidatarios de Bonfil
5451989|Deportivo Chetumal FC
5451990|Corsarios de Campeche
5451994|Felinos de la 48
5452004|CD Poza Rica
5452008|Delfines UGM
5452017|Atlético Cuernavaca
5452018|Chapulineros de Oaxaca
5452024|CD Avispones de Chilpancingo
5452036|Alamos Fútbol Club
5452039|Sporting Canamy
5452059|Atlético Hidalgo
5452104|Mineros de Fresnillo FC
5452146|Gavilanes de Matamoros FC
5452161|CF Calor
5452182|Club Deportivo Ayense AC
5452224|Tecos de la UAG
5452326|At. San Juan de Aragón
5452367|Tlaxcala Fútbol Club
5452386|Fútbol Club Politécnico
5452436|Tepatitlán Fútbol Club
5452445|Deportiva Venados
5452448|Héroes de Zaci FC
5452559|Gorilas de Juanacatlán
5452565|Real Animas de Sayula
5452576|Ciervos Futbol Club
5452586|Club Cañoneros de Marina
5452598|Faraones de Texcoco
5452631|Halcones Negros FC
5452664|Cancún Fútbol Club
5452697|Tigres Yautepec Futbol Club
5452716|Caja Oblatos CFD
5452750|Dragones de Oaxaca
5452753|Club Deportivo Muxes
5452770|Aguacateros de Peribán
5452788|Irritilas Fútbol Club
5452789|Deportivo Etchojoa
5452791|Club Atlético La Paz
5452793|Los Cabos United
5452794|Dragones Toluca FC
5452796|CDS Tampico Madero
5452828|Tigres de Álica Fútbol Club
5452857|Santiago Fútbol Club
5452864|Cordobés FC
5452867|Artesanos de Metepec
5452888|Real Apodaca FC
5452890|Racing de Veracruz
5452927|Tapachula Soconusco FC
5452928|Bucaneros de Zitácuaro FC
5452929|Ensenada FC
5452931|Acámbaro FC
5452983|ACF Zapotlanejo
5505023|Mexico
5509121|Royal Montserrat Police Force
5509122|Salem FC
5509123|Ideal Printers Sports Club
5509124|Tremors
5509125|FC Saint John's
5509126|Trendsetters
5517313|P.C. United
5570559|Montserrat
5570561|CRKSV Jong Colombia
5570562|UD Banda Abou
5570563|RKV FC Sithoc
5570564|VESTA
5570571|Sport Club Atletiko Saliña
5574658|CRSKV Jong Holland
5574659|Barber
5574661|RKSV Centro Dominguito
5574662|SV Hubentut Fortuna
5574663|Sport Unie Brion-Trappers
5574664|SV Victory Boys
5574665|CVV Inter Willemstad
5582849|SV Indekor
5582850|RKSV Scherpenheuvel
5582851|SV Centro Hubenil Mahuma
5582857|UD Tera Kòrà
5636095|Curaçao
5636100|ART Municipal Jalapa
5640193|Diriangén FC
5640194|VCP Chinandega
5640195|Club Deportivo Ocotal
5640197|Real Estelí Fútbol Club
5640198|Real Madriz FC
5640199|UNAN-Managua Fútbol Club
5640200|CD Walter Ferretti
5640204|Managua FC
5640206|Juventus Managua FC
5648386|Organica Masachapa FC
5648408|Real Xolotlan
5648412|Deportivo Matagalpa
5648434|Salvador Dubois FC
5648435|Junior De Managua FC
5648438|Club Sport Sébaco
5648445|Rivas FC
5648446|Rancho Santana FC
5701631|Nicaragua
5701633|ACS Deportiva Alianza FC
5701634|San Francisco FC
5701636|CD Árabe Unido
5701637|UMECIT FC
5701638|Panamá City FC
5705729|AF Sporting San Miguelito
5705730|Club Atlético Chiriqui
5705731|CD Plaza Amador
5705734|Tauro FC
5705736|CA Independiente
5705738|Colón C-3
5705739|SD Atlético Nacional
5705742|SD Panama Oeste
5705743|Mario Mendez FC
5713937|Veraguas United Fútbol Club
5713940|Potros del Este FC
5713941|Club Deportivo Centenario
5713945|Herrera Fútbol Club
5713946|San Martin FC
5713947|Club Deportivo Universitario
5713949|Champions FC Academy
5767167|Panama
5767170|Club de Fútbol Fraigcomar
5771269|Bayamón FC
5771271|San Juan Fútbol Club
5771272|Academia Quintana FC
5771273|FC Mayagüez
5771278|Guayama FC
5779474|Metropolitan Football Academy
5779476|Club Deportivo Barbosa
5779479|Don Bosco FC de San Juan
5779480|Caguas Sporting FC
5779484|Mirabelli Soccer Academy
5779485|Puerto Rico Sol
5779486|Guaynabo Gol Soccer Club
5779488|MK Elite
5779489|Puerto Rico Surf Soccer Club
5779491|Ponce FC
5779492|DS Edusoccer
5779493|EF Taurinos de Cayey
5779494|Caribe Soccer Club
5832703|Puerto Rico
5832705|Garden Hotspurs FC
5832706|Cayon Rockets FC
5832707|St. Paul's Utd
5832708|Newtown United FC
5836801|Conaree United FC
5836802|Mantab United FC
5836803|Saint Peter's Strikers FC
5836805|Village Superstars FC
5836806|Trinity/Challengers
5837062|Saddlers United FC
5844993|United Old Road Jets
5844994|Bath United FC
5844996|Trafalgar Southstars
5844998|Rivers of Living Water FC
5844999|Sandy Point FC
5845001|Dieppe Bay Eagles FC
5845002|Lodge Patriots Football Club
5845004|Security Forces United
5845005|Conaree Fireball Int.
5845006|Molineaux Pitbulls
5898239|St. Kitts & Nevis
5898256|Hill Top Ballers
5910529|Canaries
5910530|Laborie
5910531|Mabouya Valley
5910532|Anse La Raye
5910533|RV Juniors
5910534|Vieux Fort South
5910535|Gros Islet
5910539|Dennery
5910557|Micoud
5914625|Central Castries
5914626|Choiseul
5914627|Soufriere
5914628|South Castries
5914629|Vieux Fort-North
5914630|Marchand
5914631|Desruisseaux
5914632|Mon Repos
5914633|Babonneau
5963775|St. Lucia
5963777|Digicel Jebelle FC
5963779|Avenues United
5963780|Camdonia Chelsea Sports Club
5967873|Hope International
5967875|Pastures United
5968140|Layou FC
5976065|System Three Sports Academy
5976067|Richmond Hill United
5976073|Sion Hill
5976074|Bequia United
5976076|Richland Park Pride & Joy
5976077|North Leeward Predators
5976079|S.V. United
5976081|Largo Height
5976082|Owia United
5976087|Sparta FC
5976088|Awesome FC
6029311|St. Vincent & Gren.
6033409|SV Slee Junior
6033410|SV Inter Moengotapoe
6033411|SV Flora
6033412|SV Tahitie
6033413|SV Leo Victor
6033414|SV Robinhood
6033415|SV Transvaal
6033416|SV Voorwaarts
6033418|Sea Boys
6033423|SV Notch
6033425|Surinaams Nationaal Leger
6033427|SV Botopasi
6033433|SV Santos Nickerie
6033440|Politie Votebal Vereniging
6041618|SV Broki
6041620|Junior 2014
6041622|Inter Wanica
6041628|FC Leiding
6094847|Surinam
6094849|Defence Force Elite
6094851|Williams Connection
6098945|Caledonia AIA
6098951|San Juan Jabloteh Sports Club
6098952|Police FC (TRI)
6098960|Central FC (TRI)
6098961|Point Fortin Civic Centre
6107146|1976 FC Phoenix
6107172|UTT Patriots
6107173|Club Sando
6107205|Queen's Park Cricket Club
6107230|Guaya United
6107251|Matura ReUnited
6107253|Cunupia Eagles FC
6107255|Prisons (TRI)
6107275|La Horquetta Rangers
6107276|Athletic Club Port of Spain
6160383|Trinidad & Tobago
6164483|SWA Sharks
6164737|Cheshire Hall FC
6164740|Academy Jaguars
6164741|Teachers FC
6172677|Beaches FC
6172680|Full Physic FC
6172683|Academy Eagles
6172687|Flamingo FC (TCA)
6172688|Academy Falcons
6172689|Blue Hills FC
6172690|Provo United Sports Club
6225919|Turks and Caicos
6225921|Chicago Fire FC
6225922|Columbus Crew
6225923|D.C. United
6225924|Sporting Kansas City
6225925|LA Galaxy
6225926|New York Red Bulls
6225927|Houston Dynamo FC
6225928|FC Dallas
6225929|Colorado Rapids
6225930|New England Revolution
6225931|Real Salt Lake
6225933|Vancouver Whitecaps FC
6225935|Charleston Battery
6225938|Portland Timbers
6225940|Richmond Kickers
6225942|Seattle Sounders FC
6225948|Long Island Rough Riders
6225951|Pittsburgh Riverhounds
6225954|Toronto FC
6225956|San Jose Earthquakes
6225961|Indy Eleven
6225968|Louisville City FC
6225970|Colorado Springs Switchbacks
6225971|Charlotte Independence
6225974|Phoenix Rising FC
6226016|Sacramento Republic FC
6230017|Orlando City SC
6230018|North Carolina FC
6230019|Philadelphia Union
6230020|Minnesota United FC
6230021|Tampa Bay Rowdies
6230035|Orange County SC
6230048|New York City FC
6234159|Las Vegas Lights
6234179|Des Moines Menace SC
6234190|FC Tucson
6234195|Southern California Eagles
6234224|Chattanooga FC
6234227|Nashville SC
6234244|Detroit City FC
6234257|Temecula FC
6234441|Atlanta United FC
6234442|Los Angeles Football Club
6234443|Inter Miami CF
6234651|Miami FC
6234654|FC Cincinnati
6234669|San Antonio FC
6238389|Westchester SC
6238492|South Georgia Tormenta FC
6238816|Birmingham Legion FC
6238817|El Paso Locomotive
6238819|Hartford Athletic
6238820|Loudoun United FC
6238821|New Mexico United
6238822|Chattanooga Red Wolves
6238823|Forward Madison FC
6238824|Greenville Triumph
6238842|Los Angeles Force
6238843|Oakland Roots SC
6238846|Michigan Stars FC
6238853|Austin FC
6238880|Maryland Bobcats FC
6238890|Oakland County FC
6238905|FC Tulsa
6238906|Union Omaha
6238976|Lobos FC
6238977|Savannah Clovers FC
6239001|Inland Empire FC
6239029|Charlotte Football Club
6239124|Nashville Knights FC
6239184|Capistrano Football Club
6239244|CF Montréal
6239245|Monterey Bay FC
6239248|Flower City Union
6239249|One Knoxville SC
6239250|Lexington Sporting Club
6239265|St. Louis CITY SC
6239280|Vermont Green Football Club
6239318|Music City Soccer Club
6239474|Club de Lyon FC
6239514|Spokane Velocity
6239515|Carolina Core FC
6239516|Rhode Island FC
6239520|San Diego Football Club
6239524|FC Naples
6239525|AV Alta FC
6239526|Portland Hearts of Pine
6239527|Texoma FC
6291455|United States
6291457|Rovers Soccer Club
6291458|Helenites Sports Club
6291459|Laraza Virgin Islands FC
6291461|New Vibes
6291462|Prankton United Soccer Club
6291463|The Skills
6291464|Unique Tropical Sports Club
6295553|United We Stand Upsetters
6295554|Waitikubuli United
6295562|Raymix
6303747|Massey Soccer Academy
6303750|CAPA
6356991|US Virgin Islands
6356993|USM Alger
6356994|Jeunesse Sportive de Kabylie
6356995|Mouloudia Club d'Alger
6356996|Amel Saad Olympic Chlef
6356997|Entente Sportive Sétifienne
6356998|Chabab Riadhi de Bélouizdad
6356999|Union Sportive Madinet Annaba
6357000|Mouloudia Club d'Oran
6361090|NRB Beni Oulbane
6361091|AS Khroub
6361093|Mouloudia Chabab El Eulma
6361094|Mouloudia Club de Saïda
6361095|Nasr Athletic Hussein-Dey
6361096|USM El Harrach
6361097|MO Constantine
6361098|Mouloudia Olympique de Béjaïa
6361100|ASM Oran
6361101|JSM Skikda
6361105|Chabab Aurès Batna
6361108|Raed Chabab Kouba
6361109|Paradou Athletic Club
6361120|Club Sportif Constantinois
6361123|JS Saoura
6361125|Olympique de Médéa
6361129|Rapid Club de Relizane
6361141|RC Arbaâ
6361143|AS Aïn M'lila
6361144|Widad Amel de Tlemcen
6361145|ES Mostaganem
6361152|Nedjm Chabab Magra
6361400|Union Sportive Chaouia
6361473|Ghali Club de Mascara
6361474|Union Sportive de Biskra
6361475|Widad Adabi Boufarik
6369285|Chabab Riadhi Beni Thour
6369290|Chabab Riadhi de Témouchent
6369291|JSM Tiaret
6369294|MSP Batna
6369295|Union Sportive de Tébessa
6369296|Hilal Baladiat Chelghoum-Laïd
6369297|JS Bordj Menaïel
6369299|IB Khemis-El-Khechna
6369302|Jeunesse Sportive d'El Biar
6369315|Hamra Annaba Club Sportif
6369323|Sakhr Khemis Amal Farik
6369335|JS Djijel
6369336|ESM Koléa
6369342|Entente de Sour El-Ghozlane
6369346|Idéal Sport de Tighennif
6369349|Sporting Club de Mécheria
6369355|USM Khenchela
6369374|Mostakbal Baladiat Rouissat
6369378|Étoile Sportive de Ben Aknoun
6369386|FCB Frenda
6369392|MCB Oued Sly
6369393|Nadi Riadhi Baladiat Teleghma
6369396|Mouloudia Club El Bayadh
6369397|IRB Ouargla
6369398|Union Sportive de Souf
6369399|Olympique Akbou
6369400|Widad Amel de Motaganem
6369401|Union Sportive Béchar Djedid
6369405|Chabab Adrar
6369406|Tixeraïn
6422527|Algeria
6422529|Atlético Petróleos de Luanda
6422530|Primeiro de Agosto
6422531|Atlético Sport Aviação
6426626|Primeiro de Maio
6426627|Grupo Desportivo Interclube
6426628|Kabuscorp
6426630|Clube Desportivo da Huíla
6426631|Recreativo Libolo
6426632|Bravos Maquis
6426633|Sagrada Esperança
6426635|Clube Desportivo da Lunda Sul
6426636|Académica Lobito
6426896|Progresso Sambizanga
6426898|Sporting Cabinda
6426903|Stª Rita Cássia
6434818|Sporting Bié
6434851|S. Salvador Kongo
6434852|Sporting Clube de Benguela
6434854|Atlético Sport Kalonji Dragão
6434856|Ferrovia Huambo
6434867|Wiliete Benguela
6434873|Guelson FC
6434890|Escolinha Isaac
6434895|Nedji Academia Futebol Clube
6434905|CD Pombo
6434907|Nzaji Futebol Clube
6434921|União Malanje
6434922|Carmona Sport Club Do Uige
6434923|Luanda City
6434924|Guicoss Futebol Clube
6434930|Redonda FC
6488063|Angola
6488065|AS Dragons
6488069|Damissa Football Club
6488070|ASPAC
6488072|Buffles du Borgou FC
6488073|Association Sportive Takunnin
6488074|US Cavaliers
6488075|Djeffa Football Club
6488076|Association Sportive Sobemap
6488077|Loto-Popo Football Club
6488080|Dynamique FC
6492171|Dynamo FC d'Abomey
6492173|Panthères Football Club
6492174|Réquins de l'Atlantique FC
6492175|Union Sportive Sèmè Kraké
6492420|Association Sportive Tonnerre
6492431|Ayéma Football Club
6500354|Jeunesse Sportive de Pobè
6500357|Espoir FC de Savalou
6500358|Dynamo Unacob FC de Parakou
6500361|Dadjê Football Club
6500369|Hodio Football Club
6500371|Association Vallée Omnisports
6500372|Béké FC de Bembèrèkè
6500377|Adjidja Football Club
6500381|AS Cotonou
6500390|Coton Football Club de Ouidah
6500391|Jeunesse Athlétique de Kétou
6500394|Bani Gansé Football Club
6553599|Benin
6553601|Botswana Defence Force XI
6553602|Notwane FC
6553603|Police XI
6553604|Township Rollers FC
6553605|Sua Flamingoes FC
6553606|Masitaoka
6557699|TAFIC FC
6557701|Uniao Flamengo Desportos FC
6557703|Gaborone United
6557704|Nico United
6557705|Mochudi Centre Chiefs FC
6557706|Jwaneng Galaxy
6557712|Orapa United
6557717|Motlakase Power Dynamos
6557956|Extension Gunners
6557965|Security Systems
6557966|Black Forest FC
6557967|Green Lovers
6565905|Morupule Wanderers
6565909|Mahalapye Railway Highlanders
6565915|Holy Ghost SC
6565916|VTM Security FC
6565917|Matebele FC
6565918|Eleven Angels FC
6565920|Calendar Stars FC
6565921|Santa Green FC
6565927|Black Lions
6619135|Botswana
6619137|ASFA-Yennenga
6619138|Étoile Filante de Ouagadougou
6619139|Rail Club du Kadiogo
6619140|AS Fonctionnaires
6619146|SFC Ténakourou
6619155|Réal du Faso
6619156|Sahel Football Club (BFA)
6623235|Union Sportive de la Comoé
6623236|AS SONABEL
6623237|US Forces Armées
6623238|Union Sportive du Yatenga
6623239|Union Sportive de Ouagadougou
6623240|Racing Club Bobo-Dioulasso
6623502|Majestic Sporting Club
6623504|KOZAF
6623505|CF Rahimo
6623506|AJEB
6623507|AS Police (BFA)
6631433|ASEC-K
6631434|Kiko Football Club
6631441|AS Koupéla
6631460|AS Douanes (BFA)
6631479|Salimata et Tasséré FC
6631480|Vitesse Football Club
6631481|Royal Football Club (BFA)
6631483|CFFEB
6684671|Burkina Faso
6684673|Vital'ô Football Club
6684674|Inter Star
6684675|Bujumbura City
6684689|Olympic Star de Muyinga
6684690|Muzinga FC
6684945|Musongati Gitega FC
6689031|Le Messager Ngozi
6689038|Magara Young Boys
6689040|Les Lierres FC
6689042|Aigle Noir de Makamba
6696973|Flambeau du Centre
6696987|Kayanza United
6696988|Rukinzo FC
6696989|Bumamuru FC
6696990|Burundi Sport Dynamik
6696992|Garage Express Football Club
6696996|Tigre Noir FC Ruyigi
6696997|LLB Amasipiri FC
6696999|Telaviv FC
6697001|Royal Vision 2026
6697002|Ngozi City FC
6697003|Green Farmers FC
6750207|Burundi
6750209|Union Sportive de Douala
6750210|Canon Sportif de Yaoundé
6750211|Les Astres FC de Douala
6750213|Cotonsport de Garoua
6750215|Djiko FC
6750216|Fovu Club de Baham
6754306|Panthère Sportive du Ndé
6754308|Unisport FC de Bafang
6754310|Lion Blessé de Fotouni
6754312|PWD Social Club de Bamenda
6754313|Bamboutos FC
6754314|Avion Academy FC de Nkam
6754320|Racing Club de Bafoussam
6754321|Tonnerre KC
6754325|Yong Sports Academy
6754326|Renaissance FC de Ngoumou
6754574|Eding Sport FC
6754575|APEJES Football Academy
6754577|Stade Rénard de Melong
6754578|UMS Loum
6754579|New Star de Douala
6754580|Dragon Club de Yaoundé
6754581|Colombe Sportive
6754582|AS Aigle Royal de la Menoua
6754583|AS Fortuna Mfou
6762506|Dynamo Club de Douala
6762508|Victoria United (CMR)
6762560|Cosmos de Bafia
6762608|Aigle Royal de Moungo
6762613|Léopard Sportif de Douala
6762628|AS Forces Armées et Police
6762639|Fauve Azur Elite
6762642|Gazelle FC de Garoua
6815743|Cameroon
6815745|Futebol Clube Derby
6815746|Sporting Clube da Praia
6819841|Clube Sportivo Mindelense
6819844|Grupo Desportivo da Palmeira
6819848|Associação Académica da Praia
6819850|Clube Desportivo Travadores
6819851|Barreirense (CPV)
6819854|Associação Académica do Fogo
6819857|Académica Porto Novo
6820101|Futebol Clube Ultramarina
6820106|Scorpion Vermelho
6820109|Boavista da Praia
6828034|Botafogo Futebol Clube
6828037|Paulense Desportivo Clube
6828045|Sport Sal Rei Club
6828049|Associação Académica do Sal
6828052|Varandinha
6828055|Vulcânico Clube do Fogo
6828063|Futebol Clube Belo Horizonte
6828065|Sport Clube Morabeza
6828066|Académica do Mindelo
6828087|Eugénio Lima Futebol Clube
6828094|Juventude do Norte
6828102|Grupo Desportivo Florença
6828110|Rosariense
6828111|Santo Crucifixo
6828114|Os Sanjoanenses
6828120|ASC Figueirense
6881279|Cape Verde Islands
6881281|Olympique Réal de Bangui
6881283|AS Kpèténè Star
6881284|AS Tempête Mocaf
6881285|ASOPT
6881287|DFC 8
6881288|Réal Comboni
6881290|Stade Centrafricain Tocages
6881291|TP USCA
6885637|EFC 5
6885638|Sica Sport
6885640|FC SOS de Gbangouma
6893571|Asset de Gbongo
6893575|UFC Bangui
6893578|Association Sport Gbangré
6893579|Jeunesse Sportive de Boeing
6893580|Espoir Club de Bégoua
6893581|Red Star FC de Bangui
6893597|Castel Foot
6893598|FC FDS
6893599|Les Anges de Fatima
6893600|Racing Club (CTA)
6946815|Central African Rep.
6946817|AS CotonTchad de N'Djamena
6946818|Gazelle FC N'Djamena
6946819|AS DGSSIE
6946820|Elect Sport FC
6946821|Foullah Edifice FC
6946823|Renaissance FC de N'Djamena
6946824|Postel 2000
6946826|Tourbillon FC
6946829|Espoir FC de Bongor
6951178|AS CotonTchad de Moundou
6959109|AS Lycée Adoum Dallah
6959110|AS Mirim de Mongo
6959111|AS Wadi-Fira
6959118|AS Santé d'Abéché
6959119|Centre de Formation Yves
6959120|AS EMAT
6959121|Galactik FC
6959122|Stars Jeunes Talents
6959123|Aiglons FC De N'Djamena
6959124|AS Algoy
6959125|AS PSI
6959133|US de Moursal
6959134|AFAF (Fehra FC)
6959135|AS Sovo tours
6963201|AS Colombe
7012351|Chad
7012353|Inter Club de Brazzaville
7012354|Étoile du Congo
7012358|Patronage Sainte-Anne
7012359|Football Club de Kondzo
7012360|AS Ponténégrine
7012361|CARA Brazzaville
7012368|CSMD Diables Noirs
7012373|Jeunesse Sportive de Talangaï
7012388|Saint-Michel de Ouenzé
7012390|Vita Club Mokanda
7016464|AC Léopards de Dolisie
7016466|AS Chéminots
7024665|Bana Nouvelle Génération
7024670|FC Nathaly's de Pointe-Noire
7024671|AS Otôho d'Oyo
7024673|Association Sportive Vegas
7024676|Racing Club de Brazzaville
7024677|AS Jeunesse Unie de Kintélé
7024678|Kouilou Football Academy
7024679|AS Red Stars
7077887|Congo
7077889|ASEC Mimosas
7077890|Africa Sports d'Abidjan
7077891|Stade d'Abidjan
7081985|ES Bingerville
7081986|Issia Wazi Football Club
7081988|Société Omnisports de l'Armée
7081991|Sporting Club de Gagnoa
7081992|Association Sportive Denguélé
7081993|Stella Club d'Adjamé
7082001|AFAD Plateau
7082004|ASI d'Abengourou
7082009|Stars Olympique Football Club
7082011|Football Club Mouna d'Akoupé
7082031|Club Omnisports de Korhogo
7082040|Football Club San Pédro
7082045|FC Olympique Sport d'Abobo
7082046|Association Sportive de Tanda
7082047|Racing Club d'Abidjan
7082048|LYS FC
7082049|Williamsville Athletic Club
7090186|OFC Adiaké
7090191|Bouaké Football Club
7090232|ISCA
7090281|Zoman Football Club
7090282|Entente Sportive d'Agboville
7090294|Entente Sportive du Bafing
7090297|Yamoussoukro Football Club
7090300|Union Sportive du Tchologo
7143423|Cote d' Ivoire
7143425|Gendarmerie
7143426|Association Sportive du Port
7143427|FC Barwaqo
7143428|AS Q5
7143429|Institut / ETP
7143430|Employment Agency of Djibouti
7147521|AS Ali Sabieh
7147525|CF GR/SIAF
7147531|Football Club Dikhil
7147777|Arhiba FC
7155718|SDC Group/Hôpital Balbala
7155723|Force Nationale de Police
7155725|AS Arta / Solar 7
7155730|AS Jeunes Jago
7155731|Académie Club Sportif/CNSS
7155732|Espérance Sportive Djibouti
7155733|Garde Côtes
7155734|CDC/Quartier 7/Napoléon
7155735|FC Arta
7159809|FC Obock
7159810|AJJ/Sapeurs Pompiers
7208959|Djibouti
7208961|Tout Puissant Mazembe
7208962|Daring Club Motema Pembe
7208963|FC St. Eloi Lupopo
7208964|AS Vita Club Kinshasa
7208965|FC Étoile Jaune
7213060|CS Don Bosco
7213063|CS Makiso
7213064|OC Renaissance du Congo
7213066|AS New Soger
7213069|Sa Majesté Sanga Balende
7213071|AS Maniema Union
7213080|US Tshinkunku
7213085|FC Lubumbashi Sport
7213086|JS Groupe Bazano
7213090|AS Dauphin Noir
7213095|MK Etanchéité
7221249|AS Saint-Luc
7221257|OC Bukavu Dawa
7221274|AS Simba Kamikaze
7221276|Dibumba Sport
7221278|Académic Club Rangers
7221280|FC Étoile de Kivu
7221281|Jeunesse Sportive de Tshangu
7221283|AS Nyuki
7221293|Les Aigles du Congo
7221300|AS Malole
7221301|CS Manika
7221302|FC Blessing
7221303|New Jak FC
7221307|AC Kuya Sport
7221308|AC Real de Kinshasa
7221325|US Panda B52
7221329|Celeste Academy FC
7221330|FC Tanganyika
7221331|AF Anges Verts
7221332|FC Renaissance du Congo
7221333|FC Tshikas
7221334|FC Martin Pecheur
7274495|DR Congo
7274497|Zamalek Sporting Club
7274498|Al-Ahly Sporting Club
7274499|Ismaily Sporting Club
7274500|ENPPI Club
7274501|Haras El Hodoud
7274502|Al-Masry Sporting Club
7274503|Al-Ittihad Alexandria
7274504|Ghazl El-Mahalla
7274505|Modern Sport Football Club
7274506|Tala'ea Al-Gaish
7274507|Belbeis Sporting Club
7274508|Baladeyet El-Mahalla
7274509|Tersana Sporting Club
7274510|El Mansoura Sporting Club
7274511|Pioneers Club
7274512|Al-Mokawloon Al-Arab
7274513|Al-Magd
7274514|Aswan Sporting Club
7274515|Tanta Sporting Club
7274517|El Qanah
7274518|Petrojet Football Club
7274519|ZED Football Club
7274520|Alexandria Sporting Club
7274521|Markaz Shabab Samasta
7274523|La Viena Football Club
7274533|El Mostakbal Sport Club
7274542|El Gouna Football Club
7274544|Telephonat Beni Suef
7274551|Al-Nasr Sporting Club (EGY)
7274554|Proxy Sporting Club
7274558|El Dakhleya Sporting Club
7274567|El-Entag El-Harby
7274577|Smouha Sporting Club
7274598|Al-Hilal Matruh
7278595|Wadi Degla Football Club
7278603|Pyramids Football Club
7278604|El Raja Matruh Sporting Club
7278605|Nasr Mining Football Club
7278606|Olympic Club Alexandria
7278607|Nogoom Football Club
7286789|Heliopolis Sporting Club
7286790|Aluminium Nag Hammadi
7286793|Assiut Cement
7286795|Assiut Petroleum
7286796|Telecom Egypt Sporting Club
7286800|El Fayoum Sporting Club
7286802|El Minya Sporting Club
7286809|Montakhab Suez Sporting Club
7286812|Eastern Company Sporting Club
7286813|Abu Qir Fertilizers Club
7286818|Al-Hammam Sporting Club
7286819|Ittihad Nabrouh Football Club
7286821|Al-Hamoul Sporting Club
7286823|El Shams Sporting Club
7286828|Banha Sporting Club
7286829|Beni Suef Sporting Club
7286831|Bilqas Sporting Club
7286832|KIMA Aswan
7286834|Dekernes Sporting Club
7286843|Ismailia Electricity
7286844|Kafr El Sheikh Sporting Club
7286846|El Mahalla Hunting Club
7286849|Pharco Football Club
7286850|Port Fouad Sporting Club
7286851|Shoban Moslemin Qena
7286852|El Sekka
7286857|Mallawi Sporting Club
7286859|Markaz Shabab Tala
7286860|Markaz Shabab Tamiya
7286861|Gomhoriat Shebin
7286865|Tahta Sporting Club
7286870|Dayrout Sporting Club
7286871|National Bank of Egypt
7286874|El Zarqa Sporting Club
7286876|Al-Badari Sporting Club
7286878|Ceramica Cleopatra
7286896|El Obour Sporting Cub
7286921|Porto Suez Sporting Club
7286922|Al-Jazeera Matruh Sports Club
7286924|Al-Alamein Sporting Club
7286927|Ala'ab Damanhour
7286929|Al-Merreikh
7286931|FC Masar
7286934|Makadi Football Club
7286964|Raya Sporting Club
7286966|Maleyat Kafr El Zayat
7340031|Egypt
7340034|Club Deportivo Mongomo
7340036|Sony Elá Nguema
7344130|The Panther
7344132|Dragón FC
7344135|Atlético Semu
7344140|San Pablo de Nsork
7344143|Akonangui Fútbol Club
7344390|Deportivo Unidad
7344392|Leones Vegetarianos
7344393|A.D. Mongomo
7344403|Racing de Micomeseng
7344405|Club Socio Deportivo Ebenezer
7352323|Fundación Bata City Sport
7352327|Unión Deportiva Santa Maria
7352328|Real Teka
7352330|Cano Sport Academy
7352331|Deportivo Niefang
7352334|Real Rebola
7352347|Diablo Rojo de Niefang
7352351|15 de Agosto de Akonibe
7352352|Deportivo Anoney
7352364|Malabo United FC
7352367|EDSA
7352368|Hacia Club de Mbedumu
7352371|Real Bomudi
7352372|Unión Vésper
7352375|Deportivo de Evinayong
7352380|Inter Litoral Academy
7352382|Akúrenam FC
7405567|Equatorial Guinea
7421953|Etoile du Centre de Salamani
7421954|Ouragan Club de Bangoma
7421955|FC Mrango Club de Kavani
7421956|AS Komorozine
7421957|Volcan Club Moroni
7421958|FC Hantsindzi
7421959|Elan Club Mitsoudje
7421966|Alizé Fort Salimani Hambou
7421969|Union Sportive de Zilimadjou
7421971|Nouvel Espoir Wanani
7421972|Ngaya Club
7421976|FC Malé
7421988|FC Belle Lumière
7422002|Ngazi Sport de Mirontsy
7422005|Coin Nord Mitsamiouli
7422006|Gombessa Sport
7422007|Fomboni FC
7422009|Djabal FC d'Iconi
7422018|Etoile des Comores
7422022|Union Sportive de Mbéni
7422041|Atomic Ngome Ntsoudjini
7422048|Amical Club de Chezani
7422049|Angélus Club Moindzaza Mboini
7471103|Comoros
7471111|Shashemene Ketema
7471113|Harar Ketema Football Club
7471361|Hawassa Ketema
7475206|Mechal SC
7475208|Saint George Sports Club
7475209|Ethiopia Medin SC
7475212|Ethiopian Coffee Sport Club
7475213|Adama Ketema FC
7475220|Ethio Electric Sports Club
7475222|Dire Dawa Ketema
7475224|Sidama Coffee
7475226|Arba Minch Ketema
7475458|Ethiopia Nigd Bank
7475467|Wolaita Dicha
7475470|Hadiya Hossana
7475471|Fasil Kenema
7475473|Jimma Aba Bunna SC
7475474|Addis Ababa Ketema
7483406|Bahir Dar Kenema
7483407|Welwalo Adigrat University
7483409|Shire Midregenet
7483410|Jimma Aba Jifar
7483424|Nib Sports Club
7483427|Mekelle 70 Enderta
7483428|Wolkite City FC
7483437|Negele Arsi
7483438|Bench Maji Bunna SC
7483452|Yeka Kifle Ketema SC
7483455|Dessie Ketema SC
7483464|Shagger City FC
7536639|Ethiopia
7536641|US Bitam
7536642|Football Canon 105
7536644|AS MangaSport
7540737|AO Cercle Mbéri Sportif
7540738|Lambaréné AC
7540739|AS Stade Mandji
7540741|Missile FC
7540742|US d'Oyem
7540748|CF Mounana
7541003|Stade Migovéen
7548950|Akanda Football Club
7548951|Adouma FC
7548952|Lozo Sport FC
7548958|Oyem AC
7548961|AS Dikaki
7548968|Ogooué FC
7548979|AS Bouénguidi Sport
7548981|Vautour Club Mangoungou
7548982|Centre Sportif de Bendjé
7602175|Gabon
7602177|Wallidan Football Club
7602178|Hawks Football Club
7602179|Steve Biko Football Club
7602184|Wagadu Football Club
7602187|Greater Tomorrow
7606273|Serrekunda Football Club
7606275|Real de Banjul Football Club
7606277|Samger Football Club
7606278|Gambia Armed Forces
7606280|Gambia Ports Authority
7606288|Brikama United
7606290|Bombada Football Club
7606529|Banjul United Football Club
7614468|Richard Saller Tallinding FC
7614473|Marimoo Football Club
7614477|Fortune Football Club
7614491|PSV Wellingara
7614492|Bakau Kachikally Milan FC
7614494|Team Rhino Football Club
7614495|Latrikunda United
7614497|Abuko Falcons Football Club
7614498|Waa Banjul Football Club
7614499|Elite United
7614503|Medical Football Club
7614505|BST Galaxy Football Club
7614506|TMT FC
7614509|Hart Academy Football Club
7614511|Medina United Football Club
7667711|Gambia
7667713|Hearts of Oak SC
7667714|Asante Kotoko SC
7667715|King Faisal FC
7667717|Heart of Lions FC
7667723|Golden Kick Sports Club
7667725|Akatsi All Stars
7667729|Basake Holy Stars FC
7671809|Bechem United
7671811|Real Tamale United
7671813|Legon Cities FC
7671814|Accra Great Olympics
7671815|Medeama Sporting Club
7671823|FC Nania
7671832|Vision FC
7671833|Aduana Football Club
7671838|Berekum Chelsea
7671857|Dreams FC (GHA)
7671859|Techiman Eleven Wonders
7671860|Elmina Sharks
7671861|Karela United FC
7680006|Bofoakwa Tano FC
7680042|Swedru All Blacks United
7680066|FC Samartex 1996
7680106|Attram de Visser SA
7680112|Bibiani Gold Stars FC
7680113|Nations Football Club
7680119|Kotoku Royals FC
7680130|Young Apostles FC
7680132|Tamale City FC
7680150|Accra Lions Football Club
7680156|Nsoatreman FC
7680179|Debibi United FC
7680180|Maana Football Club
7680196|Hohoe United FC
7733247|Ghana
7733249|Horoya AC
7733251|Hafia FC
7733252|Satellite FC Conakry
7733253|AS Kaloum
7733254|Fello Star de Labé
7737348|CS Étoile de Guinée
7737349|AS Forces Armées Guinée
7737351|FC Séquence de Dixinn
7737352|AS Ashanti Golden Boys
7737605|Club Industriel de Kamsar
7745538|Milo FC de Kankan
7745542|Gangan FC
7745551|Flamme Olympique de Guinée
7745552|Wakriya AC
7745554|FC Renaissance Conakry
7745564|FC Éléphant de Coléah
7745565|AS Mineurs Sangarédi
7745567|Loubha FC
7745568|RCC Kamsar
7745582|Académie SOAR
7745583|Guinée Foot Elite
7745586|Karfamoriah FC
7798783|Guinea
7798786|Os Balantas
7798801|Sport Bissau e Benfica
7799041|Sp. Bissau
7802883|Sporting Clube de Bafatá
7802886|Nuno Tristão
7802889|UDIB
7803140|Estrela Negra de Bissau
7803142|Portos de Bissau
7803144|Futebol Clube de Cuntum
7803145|Estrela Cantanhêz
7803146|Atlético Clube de Bissorã
7811073|Futebol Clube de Canchungo
7811075|Académico Ingoré
7811077|Tigres de Fronteira
7811087|Futebol Clube de Pelundo
7811088|Flamengo de Pefine
7811089|Futebol Clube de Sonaco
7811091|Desp. Gabú
7811096|Binar Futebol Clube
7811099|Os Arados
7811100|GDR Quelélé
7811104|Massaf Sport Club de Cacine
7811114|Cupelum Futebol Clube
7811115|Futebol Clube de Cumura
7811118|Hafia Futebol Clube de Bafatá
7864319|Guinea-Bissau
7864321|Tusker FC
7864322|AFC Leopards SC
7864323|Mathare United FC
7864324|Ulinzi Stars FC
7868423|Kenya Commercial Bank SC
7868425|Bandari FC
7868426|Posta Rangers FC
7868427|FC Kariobangi Sharks
7868432|Gor Mahia FC
7868441|Nairobi City Stars SC
7868448|Sofapaka FC
7868685|Kakamega Homeboyz FC
7876610|Nzoia Sugar FC
7876613|Shabana FC
7876629|Bidco United FC
7876650|FC Talanta
7876653|Muhoroni Youth
7876654|Mulembe United Football Club
7876684|Kenya Police FC
7876688|Kibera Black Stars
7876690|Migori Youth
7876692|Kisumu All Stars
7876694|APS Bomet
7876695|Murang'a Seal FC
7876703|Naivas FC
7876704|Mara Sugar FC
7876709|Nairobi United
7929855|Kenya
7929858|Lesotho Defence Force FC
7929860|Limkokwing University
7933953|Bantu FC
7933955|LCS FC
7933957|FC Likhopo
7933958|Linare FC
7933959|Lioli FC
7933960|LMPS FC
7933963|Matlama FC
7934220|Qoaling Highlanders
7942147|Mazenod Swallows
7942151|Majantja FC
7942155|Liphakoe FC
7942156|Lits'ilo
7942159|Butha Buthe Warriors FC
7942165|Lifofane FC
7942166|Roma Boys
7942168|Machokha FC
7942171|Manonyane FC
7942184|Lijabatho FC
7942185|Maseru Naughty Boys
7942186|Mzamane FC
7942187|Maroala FC
7942188|Members FC
7995391|Lesotho
7995393|Mighty Barrolle
7995394|Invincible Eleven
7995395|LPRC Oilers
7995396|Heaven Eleven FC
7999489|NPA Anchors
7999490|LISCR FC
7999499|Margibi FC
7999500|Jubilee FC
7999502|Watanga FC
7999757|FC Fassell
8007699|Shaita FC
8007704|Nimba FC
8007709|Gardnersville FC
8007799|Cece United Football Academy
8007803|Bea Mountain FC
8007806|Nimba Kwado FC
8007807|Freeport FC Monrovia
8007808|PAGS FC
8007811|Borough FC
8007812|Paynesville FC
8007816|Black Man Warrior FC
8007817|Discoveries Sports Academy
8007819|Wologizi FC
8007820|Downtown FC Monrovia
8060927|Liberia
8060929|Al-Ahli Tripoli Sports Club
8060930|Al-Ittihad Tripoli
8060931|Olympic Al-Zaweya Sports Club
8060933|Al-Afreeki Sports Club
8065025|Ahly Benghazi
8065026|Al-Akhdar Sports Club
8065027|Khaleej Sirt Sport Club
8065028|Al-Nasr Benghazi
8065029|Al-Madina Tripoli SC
8065030|Al-Shat Sports Club Tripoli
8065032|Al-Tersana SC
8065033|Al-Wahda Tripoli Sports Club
8065034|Al-Hilal Benghazi
8065035|Al-Sweehly Sports Club
8065038|Al-Tahaddy Sports Club
8065039|Al-Suqoor Tobruk FC
8065041|Darnes SC
8065043|Al-Mahala Tripoli Sports Club
8065044|Shabaab Al-Jabal Libya
8065045|Al-Taawon Ajdabiya SC
8065046|Abe Al-Ashhar
8073217|Rafik Sorman Sports Club
8073219|Al-Murooj SC
8073222|Nojoom Ajdabiya Football Club
8073223|Al-Andalus Tobruk Sports Club
8073224|Al-Anwar Sports Club
8073225|Al-Khums SC
8073226|Al-Qurdabia Sports Club
8073227|Al-Ittihad Misurata SC
8073230|Abu Salim Sports Club
8073231|Al-Sadaqa Shahat Sports Club
8073232|Al-Majd Sports Club
8073233|Asaria Sports Club
8073234|Al-Nahda Sabha SC
8073235|Al-Mahdia SC
8073237|Branes Sports Club
8073249|Al-Wifaq Ajdabiya Sports Club
8073250|Al-Bashaer Sports Club
8073259|Al-Shomooa Sports Club
8073260|Libyan Stadium Sports Club
8073266|Shabab Al-Ghar Sports Club
8073267|Al-Borouq Sports Club
8073268|Al-Ansar Al-Bayda Sports Club
8073269|Al-Watan Sports Club
8073270|Al-Dhara Sport Club
8073275|Al-Qadisiyah Ben Walid
8073278|Al-Sabah SC
8073279|Union Military Sporting Club
8073280|Ittihad Gharyan SC
8126463|Libya
8126465|USCA Foot
8126467|AS JET-Kintana FC
8126468|Disciples FC
8126469|Five FC
8130561|Ajesaia
8138754|AS Jirama
8138756|DSA Antananarivo
8138770|3FB Toliara
8138773|Akon Ambatomena
8138774|FC Lazio
8138776|COSFA
8138779|COSPN
8138784|Elgeco Plus FC
8138788|FC Vakinankaratra
8138799|Zanakala FC
8138805|Fosa Juniors FC
8138850|Tia Kitra FC Toamasina
8138852|Mama FC
8138853|CFF Andoharanofotsy
8138854|A Dato FC
8138855|AS Fanalamanga
8138859|Tsaramandroso Formation FC
8138861|FC Rouge
8138862|AS Avenir Sainte Anne
8142849|Antimo Record FC
8142850|TGBC Academy
8142851|FC Clinique Zanatany
8191999|Madagascar
8192001|FCB Nyasa Big Bullets FC
8192002|Silver Strikers FC
8192017|Red Lions FC
8196099|Blue Eagles FC
8196101|Civil Service United FC
8196105|MAFCO FC
8196106|Moyale Barracks FC
8196108|Mighty Tigers FC
8196353|Airborne Rangers
8196359|Kamuzu Barracks FC
8196360|Karonga United
8196362|Mighty Wanderers FC
8204311|Chitipa United
8204319|Ntopwa FC
8204322|Simbi FC
8204336|Dedza Dynamos FC
8204338|Rumphi United
8204340|Extreme FC
8204341|Bangwe All Stars
8204343|Creck Sporting Club
8204345|Baka City FC
8204346|Ekhaya FC
8204347|Songwe Border United FC
8204349|Friends of Mulanje Orphans FC
8204351|Mzuzu City Hammers
8257535|Malawi
8257537|Réal Bamako
8257539|Djoliba Athlétic Club
8257540|Stade Malien de Bamako
8257541|AS Bakaridjan
8257542|JS Centre Salif Keïta
8257547|Union Sportive de Bougouba
8257554|AS Bamako
8257557|USFAS
8257794|Club Olympique de Bamako
8261633|Association Sportive Korofina
8261634|AS Police de Bamako
8261637|Centre Sportif Duguwolofila
8261640|Onze Créateurs de Niaréla
8261641|Association Sportive Nianan
8261897|ASO Missira
8261902|Union Sportive de Bougouni
8269834|Binga Football Club
8269841|AS Douanes de Sikasso
8269854|Académie Étoiles du Mandé
8269856|AS Performance
8269866|Afrique Foot Élite
8269884|Union Sportive Kita
8269887|Black Stars (MLI)
8269891|AS Sabana de Mopti
8269892|Lafia Club de Bamako
8269895|Football Club Diarra
8269898|Centre Yeelen Olympique
8269901|Derby Football Académie
8269907|ATS Koro
8269909|FC Mali Coura
8323071|Mali
8323081|FC Inter de Nouakchott
8327169|FC Ksar
8327173|ASAC Concorde
8327175|FC Nouadhibou
8327179|AS Garde Nationale
8327189|ASC Police Nouakchott
8327190|FC Tevragh Zeïna
8327196|ASC Armée
8327429|ASC Ittihad Assaba
8335362|ASC Gendrim
8335369|ASC Ittihad de Sélibaby
8335370|ASC SNIM
8335371|Nouakchott Kings
8335375|Kaédi FC
8335380|FC Oasis Tevragh Zeïna
8335390|AS Douanes Nouakchott
8335391|Chemal FC
8335392|AS Pompier
8335393|ASC Entou de Kiffa
8335395|FC N'Zidane
8335397|ASC Toulde
8335398|Nouakchott Académie Football
8388607|Mauritania
8388609|AS Port Louis 2000
8388610|Faucon Flacq Sports Club
8388625|Curepipe Starlight
8388626|AS Vacoas Phoenix
8392706|Rivière du Rempart
8392708|Cercle de Joachim
8392709|Entente Boulet Rouge Riche M.
8392712|Pamplemousses Sporting Club
8392713|Petite Riviere Noire FC
8392715|Savanne SC
8392718|Chamarel SC
8392963|Bolton City YC
8400897|USBB-RH
8400903|PAS Mates
8400905|AS Quatre Bornes
8400909|La Cure Sylvester SC
8400914|GRSE Wanderers
8400919|La Cure Waves SC
8400923|Black Horns FC
8400936|Chebel Citizens SC
8454143|Mauritius
8454145|Wydad Athletic Club
8454146|Fath Union Sport Rabat
8454147|Raja Club Athletic
8454148|Hassania Union Sport Agadir
8458241|Kénitra Athletic Club
8458242|Difaa Hassani Jadidi
8458243|Association Sportive de Salé
8458244|SC Chabab Mohammedia
8458245|Ittihad Zemmouri de Khemisset
8458246|JS Massira
8458247|MAS Fès
8458248|Mouloudia Club d'Oujda
8458249|KAC Marrakech
8458250|Moghreb Atlético de Tétouan
8458251|Olympique Club de Khouribga
8458252|Olympique Club de Safi
8458254|Union Sportive de Témara
8458255|Ittihad Riadi de Tanger
8458257|Tihad Athletic Sport
8458258|CAY Berrechid
8458259|Widad Sportive Témara
8458260|AS Forces Armées Royales
8458265|Club Rachad Bernoussi
8458267|Club Omnisport de Meknès
8458269|Stade Marocain
8458270|Union de Sidi Kacem
8458271|Wydad Athletic Club de Fès
8458274|RAC Casablanca
8458277|Raja Club de Béni Mellal
8458278|RS Berkane
8458279|Chabab Atlas Khénifra
8458533|Rapide Club de Oued Zem
8458534|Olympique Dcheira
8458536|USM Oujda
8466434|Union Sportive de Touarga
8466444|Fath Riadi Nador
8466454|Mouloudia Assa
8466456|Union Sportif Amal Tiznit
8466458|Club Jeunesse Ben Guerir
8466459|Jeunesse Sportive de Soualem
8466466|Olympique Club Youssoufia
8466469|Renaissance Zemamra
8466470|CIS Marrakech
8466471|Wydad Serghini
8466472|Mansouria
8466473|Yacoub Mansour
8466474|Union Sportive de Bejaad
8519679|Morocco
8519682|Estrela Vermelha Maputo
8519683|Clube Ferroviário de Maputo
8519687|Clube Desportivo da Matola
8519697|Costa do Sol
8519699|Maxaquene
8523778|Matchedje de Maputo
8523779|Chingale de Tete
8523780|Grupo Desportivo de Maputo
8523781|Clube Ferroviário da Beira
8523782|Clube Ferroviário de Nampula
8523792|Clube do Chibuto
8524033|Clube Desportivo de Nacala
8524039|Ferroviário de Quelimane
8524040|Clube Ferroviário de Nacala
8524042|Textáfrica
8531975|Académica de Maputo
8531977|Grupo Desportivo Incomáti
8531978|União Desportiva do Songo
8531980|AD Vilankulo
8531981|Liga Desportiva de Maputo
8531999|Baía de Pemba Futebol Clube
8532001|Associação Black Bulls
8532004|Clube Ferroviário de Lichinga
8532019|Matchedje de Mocuba
8532025|União Desportiva de Zavala
8532027|Brera Tchumene Futebol Clube
8585215|Mozambique
8585217|Bucks Buccaneers FC
8585218|Blue Waters SC
8589313|African Stars SC
8589314|Black Africa SC
8589315|Eleven Arrows
8589317|Orlando Pirates Windhoek
8589319|Ramblers FC
8589321|United Africa Tigers
8589322|United Stars FC
8589324|Chief Santos
8589326|Mighty Gunners FC
8589575|Rundu Chiefs
8589576|Ongos SC
8589581|Citizens FC
8597505|Life Fighters
8597507|Golden Bees
8597512|University of Namibia
8597514|Julinho Athletic
8597521|Khuse FC
8597522|Young African FC
8597535|Swakopmund FC
8597538|Young Brazilians Karasburg
8597541|Okahandja United
8597542|Blue Boys FC
8597543|King Kauluma Palace FC
8597549|Khomas Nampol FC
8597550|Okakarara Young Warriors
8597551|Eeshoke Chula Chula FC
8650751|Namibia
8650753|AS Police Niamey
8650754|Urana FC d'Arlit
8651012|Dan Kassawa
8654849|Olympic FC Niamey
8654850|Sahel SC Niamey
8654851|Akokana FC
8654852|Alkali Nassara Club
8654853|AS Nationale de la Nigelec
8654854|AS Forces Armées Nigériennes
8654856|US Gendarmerie Nationale
8654858|AS Douanes de Niamey
8654861|Jangorzo FC
8654863|Zumunta AC
8654864|Espoir FC Zinder
8655109|AS GNN
8655111|Kandadji Sport
8663042|Dan Gourmou FC
8663049|Entente
8663056|Tagour Provincial Club
8663060|AS Renaissance Niamey
8663062|Liberté FC Niamey
8663077|Jeunesse Sportive de Tahoua
8663078|AS Zam
8663084|Ni'ima
8663086|Étoile Rouge de Talladjé
8663087|Lantarki
8663090|AS Université Abdou Moumouni
8663091|Wombèye AC
8716287|Niger
8716289|Kano Pillars F.C.
8716291|Enyimba Aba F.C.
8716292|Shooting Stars S.C.
8716295|Rangers International F.C.
8716296|Bendel Insurance F.C.
8716303|Madiba F.C.
8720385|Wikki Tourists F.C. of Bauchi
8720386|Bayelsa United F.C.
8720387|Remo Stars F.C.
8720389|Heartland F.C.
8720391|Lobi Stars F.C.
8720392|Niger Tornadoes F.C.
8720393|Gombe United F.C.
8720394|Warri Wolves F.C.
8720395|Dakkada F.C.
8720396|Jigawa Golden Stars F.C.
8720397|Plateau United F.C.
8720401|Nasarawa United F.C.
8720402|Sunshine Stars F.C.
8720403|Akwa United F.C.
8720406|Kwara United F.C.
8720408|Crown F.C. Ogbomosho
8720409|El-Kanemi Warriors F.C.
8720418|Abia Warriors F.C.
8720421|Ikorodu City F.C.
8720424|Rivers United F.C.
8720425|Katsina United F.C.
8728602|Gateway United F.C.
8728710|Abia Comets F.C.
8728742|First Bank F.C.
8728755|Sokoto United F.C.
8728811|Doma United F.C.
8728870|Sporting Lagos F.C.
8728872|Kun Khalifat Football Club
8728896|Barau F.C.
8728897|Abakaliki F.C.
8781823|Nigeria
8781825|APR FC
8781826|Rayon Sports FC
8781827|Rutsiro FC
8781828|Gorilla FC
8785921|Kiyovu Sport
8785922|Police FC (RWA)
8785923|Etincelles FC
8785925|AS Kigali
8785926|Marine FC
8785927|Mukura Victory Sport
8785928|Amagaju FC
8785929|AS Muhanga
8785930|Musanze FC
8785932|Espoir FC Rusizi
8786182|Gicumbi FC
8786189|Sunrise FC
8794116|La Jeunesse FC
8794120|Bugesera FC
8794121|Muhazi United
8794123|Pepinière
8794124|Kirehe
8794126|Étoile de l'Est FC
8794133|Gasogi United
8794134|Heroes FC
8794135|Vision FC
8847359|Rwanda
8847361|Vit. Riboque
8847362|Agrosport Clube de Monte Café
8847363|UDAPB
8851458|Futebol Clube Neves
8851460|Bairros Unidos Futebol Clube
8851461|Clube Desportivo de Guadalupe
8851462|Cruz Vermelha
8851463|Grupo Desportivo Sundy
8851465|Oque d'El Rei
8851466|Santana Futebol Clube
8851467|Sporting Clube da Praia Cruz
8851469|União Desportiva Rei Amador
8851471|Juba
8851472|Aliança Nacional
8851722|Futebol Clube Porto Real
8851723|Sport Operário e Benfica
8851724|Sporting Clube do Príncipe
8851725|Clube Desportivo 1º de Maio
8859649|Inter Bom-Bom
8859651|UDESCAI
8859653|6 de Setembro
8859655|União Desportiva de Correia
8859656|Sporting Clube de São Tomé
8859657|Trindade Futebol Clube
8859659|Desportivo Palmar
8859662|Folha Fede
8912895|Sao Tome e Principe
8912897|Guédiawaye Football Club
8912901|AS Douanes (SEN)
8912902|ASAC Ndiambour
8912903|Dakar Université Club
8913156|ASC Jaraaf
8916997|Union Sportive de Ouakam
8916998|Casa Sports de Ziguinchor
8917000|ASCE Linguère
8917002|Stade de Mbour
8917003|Union Sportive Goréenne
8917010|ASC HLM
8917011|ASC Niary-Tally
8917251|Diambars FC de Saly
8925194|Thiès Football Club
8925203|Amitié Football Club
8925204|Wally Daan de Thiès
8925205|AJEL Rufisque
8925224|Renaissance Sportive de Yoff
8925237|Mbour Petite Côte
8925239|Teungueth Football Club
8925245|Oslo Football Academy
8925269|ASC SONACOS
8925273|CNEPS Excellence
8925274|AS Académie Génération Foot
8925276|AS Dakar Sacré-Coeur
8925283|AS Pikine
8925296|Jamono Football Club
8925298|ASC Cambérène
8978431|Senegal
8978433|St. Louis Suns FC
8978434|Red Star Defence Forces
8978436|St. Michel United FC
8982529|Anse Réunion FC
8982530|La Passe FC
8982531|Light Stars FC
8982532|Northern Dynamo FC
8982535|Côte d´Or FC
8982790|Revengers FC
8990721|Rovers FC Victoria
8990724|Foresters Mont Fleuri FC
8990728|Bosco FC
8990729|Au Cap FC
8990733|Real Maldive FC
8990736|Bel Air FC
8990737|Anse Royale FC
8990739|Bel Ombre FC
8990741|Marine Maintenance FC
8990742|Mont Fleuri FC
8990743|PTL Bazar Brothers
8990744|Muccia CDS
8990746|Lions LMS FC
8990747|Tigers FC Victoria
9043967|Seychelles
9043969|Mighty Blackpool
9043970|FC Kallon
9043971|East End Lions FC
9043972|Bo Rangers FC
9043973|Wilberforce Strikers
9043974|Diamond Stars FC
9043975|Freetown City
9043976|Kamboi Eagles
9043980|Old Edwardians
9043981|Ports Authority FC
9043982|Wusum Stars
9043984|Bai Bureh Warriors FC
9048065|FC Johansen
9048332|Anti Drugs Strikers
9048333|RSLAF
9056261|Real Republicans (SLE)
9056264|Nepean Stars FC
9056266|Freetonians SLIFA
9056270|Manchester City (SLE)
9056272|East End Tigers
9056273|Police (SLE)
9056278|AIK Freetong
9056280|Luawa FC
9056298|Bhantal FC
9056299|Abacha City FC
9056300|Star Sport Academy
9056304|Bullom Stars FC
9109503|Sierra Leone
9113602|FC Badbaado
9113604|Dekedaha
9113612|Horseed
9113613|Elman SC
9113858|Gaadiidka FC
9113859|Heegan
9113861|Jeenyo United
9113862|Sahafi FC
9121795|Waxool FC
9121797|Batroolka FC
9121798|Madbacadda FC
9121800|Raadsan SC
9121818|Jamhuuriya Team Banooni
9121819|Mogadishu City Club
9121820|Rajo
9121821|KIGS SC
9121822|Midnimo
9121823|Geeska Afrika
9121824|Gasco FC
9121825|Jubba Football Club
9125889|Gantaalaha FC
9175039|Somalia
9175041|Black Leopards Football Club
9175042|Golden Arrows Football Club
9175043|Cape Town Spurs Football Club
9175044|Kaizer Chiefs Football Club
9175045|Orlando Pirates Football Club
9175048|Sundowns
9175052|Jomo Cosmos Football Club
9175053|Richards Bay Football Club
9175055|Santos Football Club
9175057|Polokwane City Football Club
9175058|Cape Town City Football Club
9175061|AmaZulu Football Club
9175063|Marumo Gallants Football Club
9175083|Upington City Football Club
9179139|Stellenbosch Football Club
9179140|University of Pretoria
9179143|TS Galaxy Football Club
9179146|Highlands Park Football Club
9179157|Chippa United Football Club
9179161|Baroka Football Club
9179170|Royal AM Football Club
9187405|Durban City Football Club
9187494|The Dolphins FC
9187561|Platinum City Rovers FC
9187569|Magesi Football Club
9187584|Highbury Football Club
9187625|Ravens Football Club
9187652|Central University
9187664|Hungry Lions FC
9187698|Orbit College Football Club
9187718|Milford Football Club
9187732|Leruma United (SAFA)
9187851|Pele Pele Football Club
9187875|Venda Football Club
9187878|Ngwaabe City Motors
9187887|NB La Masia Football Club
9187895|Sekhukhune Utd
9187899|Casric Stars Football Club
9187901|Mpheni Home Defenders
9187906|Ukhanya United Football Club
9187916|Kruger United Football Club
9187918|Siwelele Football Club
9187919|Gomora United Football Club
9187920|The Bees Football Club
9187921|Midlands Wanderers
9187943|Leicesterford City
9187944|Lerumo Lions Football Club
9240575|South Africa
9244679|Al-Amal Atbara
9244680|Al-Hilal Al-Obayed
9244685|Al-Ahli Wad Medani
9244686|Al-Ahli Shendi Club
9244689|Al-Hilal Sports Club Kadougli
9244690|Al-Rabta SC
9244929|Al-Ahli Atbara
9244930|Al-Ahli Khartoum
9244932|Al-Hilal Port Sudan
9252866|Hay Al-Arab Port Sudan
9252867|Al-Merghani Kassala
9252868|Al-Merreikh Obayed
9252873|Al-Hilal El-Fasher
9252877|Al-Shorta Al-Qadarif
9252878|Hay Al-Wadi Nyala
9252881|Kober SC
9252883|Al-Falah Atbara
9252884|Tuti Club
9252886|Wad Nubawi Sports Club
9252888|Haidoub FC
9252890|Al-Zamala SC Umm Ruwaba
9252891|Al-Merreikh Omdurman
9252893|Al-Hilal Omdurman
9306111|Sudan
9306113|Royal Leopards
9306114|Young Buffaloes
9306116|Rangers FC of Shiselweni
9306118|Madlenya FC
9306119|Sidvwashini United
9306121|Nsingizini Hotspurs
9310213|Green Mamba FC
9310215|Manzini Wanderers
9310216|Mbabane Swallows
9310217|Mbabane Highlanders
9310218|Malanti Chiefs
9310222|Moneni Pirates
9310467|Manzini Sea Birds
9318404|Illovo FC
9318413|Denver Sundowns
9318419|Black Swallows
9318420|Red Rhinos FC
9318421|Ezulwini United
9318423|Sisonkhe FC
9318424|Amawele FC
9318425|Tabankulu Celtics FC
9318427|Ubombo Sugar
9371647|Eswatini
9371649|Young Africans SC
9371650|Simba Sports Club
9371652|Mbeya Kwanza FC
9371653|Kengold FC
9371654|Tabora United FC
9371658|Fountain Gate FC
9371659|Green Warriors FC
9371660|Mashujaa FC
9375746|Tanzania Prisons Sports Club
9375747|Mtibwa Sugar Sports Club
9375748|Kagera Sugar
9375749|JKT Tanzania Sports Club
9375750|Azam Football Club
9375758|Coastal Union FC
9375762|Ruvu Shooting
9375765|Mbeya City Council FC
9375768|Stand United
9383957|Biashara United FC
9383961|Pamba Jiji Football Club
9383966|KMC
9383967|Geita Gold FC
9383968|Polisi Tanzania FC
9383969|Namungo FC
9383972|Dodoma Jiji FC
9383973|Transit Camp FC
9383980|Singida Black Stars
9383982|Mbuni FC
9437183|Tanzania
9437187|Étoile Filante de Lomé
9437188|Association Sportive Tambo
9437191|CDF Haknour
9441282|AC Sèmassi
9441283|Athlétic Club Barracuda
9441284|ASKO de Kara
9441285|Dynamic Togolais FC
9441286|Foadan Football Club
9441287|Gomido FC de Kpalimé
9441289|Maranatha Football Club
9441292|Union Sportive Koroki Métété
9441297|OC Agaza
9441301|Unisport FC de Sokodé
9441542|Anges FC de Notsé
9441544|Gbikinti Football Club
9449473|ASC Kara
9449474|Entente II de Lomé
9449477|Doumbé Football Club
9449502|Office Togolaise des Recettes
9449504|Sara Football Club
9449506|AS Binah
9449507|Espoir Football Club de Zio
9449508|Ifodjè Football Club
9449509|AS Gbohloé-su des Lacs
9449511|Kakadl Football Club
9449516|Arabia Football Club
9502719|Togo
9502721|Club Sportif Sfaxien
9502722|Étoile Sportive du Sahel
9502723|Espérance Sportive de Tunis
9502724|Club Africain
9502725|Avenir Sportif de La Marsa
9502726|Club Athlétique Bizertin
9502727|Union Sportive Monastirienne
9502728|Club Sportif de Hammam-Lif
9502730|El Gawafel Sportives de Gafsa
9502731|Stade Tunisien
9502732|Espérance Sportive de Zarzis
9502733|Jeunesse Sportive de Kairouan
9502734|Jendouba Sport
9502736|Olympique de Béja
9502737|AS Djerba
9502738|Avenir Sportif de Gabès
9502740|Avenir Sportif de Kasserine
9502741|ES Hammam-Sousse
9502742|Ben Guerdane
9502743|Étoile Sportive de Métlaoui
9506818|Club Sportif de Korba
9506821|Stade Gabésien
9506827|Croissant Sportif de Msaken
9506829|Océano Club de Kerkennah
9506835|O. Sidi Bouzid
9506836|Union Sportive de Tataouine
9506842|Stade Sportif Sfaxien
9506846|Croissant Sportif de Chebba
9506847|Avenir Sportif de Soliman
9515010|El Makarem de Mahdia
9515011|Association Mégrine Sport
9515015|Kalaa Sport
9515016|Jeunesse Sportive d'El Omrane
9515064|Avenir Sportif de Rejiche
9515065|Club Sportif de Bembla
9568255|Tunisia
9568257|KCCA FC
9568258|Express FC
9568259|Sports Club Villa
9568263|Arua Hill Sports Club
9572358|Kitara FC
9572359|Busoga United FC
9572361|Kyetume FC
9572364|Police FC (UGA)
9572365|Uganda Revenue Authority FC
9572367|Entebbe UPPC FC
9572372|Bidco Uganda Limited Jinja FC
9572373|Maroons FC
9572620|Vipers Sports Club
9572628|Soltilo Bright Stars
9580563|Onduparaka FC
9580565|UPDF
9580566|Mbarara City FC
9580570|Paidha Black Angels SC
9580571|Nyamityobora FC
9580583|Jinja North United FC
9580586|Wakiso Giants FC
9580604|Mbale Heroes
9580605|Blacks Power FC
9580617|Calvary FC
9580618|Lugazi FC
9580621|Kataka FC
9580622|NEC FC
9580623|Kaaro Karungi FC
9580624|Buhimba United Saints FC
9633791|Uganda
9633793|Green Buffaloes FC
9633794|Kabwe Warriors FC
9633795|Power Dynamos FC
9633797|Jumulo FC
9633798|Quattro Kalumbila
9637891|Nkana FC
9637894|Zanaco FC
9637895|Green Eagles FC
9637896|Konkola Blades FC
9637897|Nchanga Rangers FC
9637898|Nkwazi FC
9637899|Red Arrows FC
9637900|Zesco United FC
9637901|Buildcon FC
9637902|Forest Rangers FC
9637904|Mufulira Wanderers FC
9637905|Kansanshi Dynamos FC
9637907|Lumwana Radiants FC
9638157|NAPSA Stars FC
9638161|Indeni FC
9646082|Kitwe United FC
9646084|Prison Leopards FC
9646086|City of Lusaka FC
9646100|Chambishi FC
9646175|Mpulungu Harbour FC
9646197|Trident FC
9646205|Maestro United Zambia FC
9646209|Atletico Lusaka FC
9646210|Mutondo Stars FC
9646211|Aguila Stars FC
9646232|Mines United
9699327|Zambia
9699329|Dynamos Harare FC
9699330|CAPS United FC
9699331|Highlanders FC
9699332|Black Rhinos FC
9703429|Chapungu FC
9703439|Hwange Colliery FC
9703444|Chicken Inn FC
9703445|FC Platinum
9703446|Shabanie Mine FC
9703448|Triangle United FC
9703449|Harare City Football Club
9703450|ZPC Kariba FC
9711681|Bulawayo Chiefs
9711685|Wha Wha FC
9711686|Bulawayo City FC
9711687|Ngezi Platinum Stars FC
9711689|Mutare City Rovers FC
9711691|Yadah FC
9711692|Herentals College FC
9711696|Manica Diamonds FC
9711698|Cranborne Bullets
9711699|TelOne FC
9711709|Sheasham Football Club
9711713|GreenFuel FC
9711714|Simba Bhora FC
9711715|Tenax Fooball Club
9711722|Bikita Minerals FC
9711725|Scottland FC
9711726|Kwekwe United FC
9711727|MWOS FC
9764863|Zimbabwe
9764865|Mawjhai Amu
9764872|Maiwand FC Helmand
9768963|Kabul United
9768964|Kabul Bank
9768965|Ordu Kabul
9768968|Istiqlal Kabul FC
9777162|Kabul Soccer Club
9777168|Attack Energy FC
9777169|Abu Muslim Farah FC
9777170|MGM Khadim FC
9777171|Aino Mina FC Kandahar
9777172|Mawj Sahel FC
9777173|FC Sorkh Poshan Khafi
9777174|Jawanan Wahidy FC Kunduz
9777175|Khurasan Faryab FC
9777178|Azadi Club Ghazni
9777179|Atalan Club Khost
9777181|Sarsabz Yashlar FC
9777182|Sarrafan FC
9777186|Jawanan Perozi FC
9781249|Arman Kabul
9781250|Ettifaq Khanzadah Club
9830399|Afghanistan
9830402|Al-Muharraq Club
9830403|Malkiya Club
9830404|Busaiteen Sports Club
9834497|Al-Ahli Club Manama
9834498|East Riffa Club
9834499|Al-Hala Sports Club
9834501|Al-Najma Sports Club
9834502|Al-Hidd Sports Club
9834503|Al-Bahrain Sports Club
9834504|Al-Manama Club
9834505|Al-Ittifaq Club Maqaba
9834507|Al-Tadamun Buri Club
9834510|Al-Shabab Club
9834511|Sitra Club
9834513|Al-Riffa Sports Club
9834514|Essa Town Club
9834515|Qalali Club
9842692|Budaiya Club
9842695|Al-Ittihad Sports Club Manama
9842718|A'ali Club
9842734|Al-Khaldiya Football Club
9842737|Umm Al-Hassam Sports Club
9895935|Bahrain
9895938|Chittagong Abahani Limited
9895939|Brothers Union Club Dhaka
9895941|Swadhinata Krira Sangha
9895942|Fortis Football Club
9895943|Azampur Football Club Uttara
9900033|Mohammedan SC (D)
9900034|Arambagh Krira Sangha Dhaka
9900035|Abahani Limited Dhaka
9900037|Farashganj SC
9900038|Rahmatganj MFS
9900045|Fakirerpool YMC
9900048|Wari Club Dhaka
9900052|Bangladesh Police FC
9900054|Bashundhara Kings
9908236|Dhaka Wanderers Club
9908291|Uttara FC
9908318|BFF Elite Football Academy
9908322|PWD Sports Club Dhaka
9961471|Bangladesh
9965574|Transport United FC
9965576|Gel-Sar United FC
9965579|Gomo FC
9965584|FC Terton
9965826|Thimphu City
9965829|Ugyen Academy FC
9965837|Tensung FC
9973764|Samtse FC
9973765|Paro FC
9973771|Thimphu Ravens FC
9973790|Bhutan Under 19s
9973801|FC Takin
9973803|Royal Thimphu College
9973804|Namlha FC
9973805|Tsirang FC
9973806|Daga United FC
9973807|Phuentsholing Heroes FC
9973808|Southern City FC
10027007|Bhutan
10031108|Indera Sports Club
10031109|Jerudong FC
10031111|Kuala Belait FC
10031113|QAF FC
10031114|Wijaya FC
10031116|Kilanas FC
10031118|ABDB
10031120|LLRC
10031367|PPDB
10031368|Najip-BAKES FC
10031369|Kota Ranger FC
10031370|Kasuka FC
10031372|Persatuan Lun Bawang
10039297|Brunei Shell Recreation Club
10039302|IKLS-MB5 FC
10039305|AKSE Bersatu FC
10039319|March United
10039327|Setia Perdana FC
10039329|Rimba Star FC
10039335|Panchor Murai FC
10039342|Hawa FC
10092543|Brunei Darussalam
10092545|Phnom Penh Crown
10092546|Svay Rieng
10092548|Nagaworld FC
10092549|Kirivong Sok Sen Chey
10092550|Tiffy Army FC
10092569|Angkor Tiger FC
10092570|Electricité du Cambodge FC
10092571|Visakha FC
10096641|MOI Kompong Dewa FC
10096644|Boeung Ket Angkor FC
10096903|Asia Euro United
10104845|Siem Reap FC
10104851|Koh Kong FC
10104907|National Football Academy
10104908|ISI Dangkor Senchey
10104912|Angkor City FC
10104913|Life FC Sihanoukville
10158079|Cambodia
10158082|Shanghai Shenhua
10158083|Beijing Guo'an
10158084|Changchun Yatai
10158087|Qingdao Hainiu
10158088|Shandong Taishan
10158089|Shanghai Port
10158092|Tianjin Jinmen Tiger
10158096|Shenzhen Peng City
10158097|Zhejiang FC
10158098|Henan FC
10158112|Shanxi Longchengren
10158120|Quanzhou Yassin
10158123|Wuxi Wugo
10158137|Tai'an Tiankuang
10158141|Nanjing Tehu
10158145|Yunnan Yukun
10158148|Foshan Jion
10162180|BJ IT
10162187|Yanbian Longding
10162241|Chengdu Rongcheng
10162245|Jiangxi Lushan
10162247|Meizhou Hakka
10162258|Nantong Zhiyun
10162260|Hubei Istar
10162264|Suzhou Dongwu
10162265|Liaoning Tieren
10170493|Xiamen Jimei Chengyi
10170934|Shanghai Jiading Huilong
10170994|Lanzhou Longyuan Athletic
10171028|Qingdao Red Lions
10171102|Hangzhou Wuyue Qiantang
10171109|Chongqing Chunlei
10171152|Chengdu Uniplay Tayu
10171153|Chengdu Decci
10171177|Quanzhou Qinggong
10171202|Guangxi Pingguo
10171224|Neimenggu Caoshangfei
10171225|Wuhan Three Towns
10171230|Nanjing City
10171248|Qingdao West Coast
10171264|Nantong Haimen Codion
10171266|Wenzhou Professional
10171273|Guangxi Lanhang
10171275|Shanxi Chongde Ronghai
10171297|Shijiazhuang Gongfu
10171324|Changchun Xidu
10171327|Dalian Yingbo
10171328|Guangxi Hengchen
10171333|Chongqing Tongliang Loong
10171338|Guangxi Bushan
10171348|Guangdong Guangzhou Power
10171351|Shenzhen Juniors
10171383|Shaanxi Union
10171393|Hangzhou Linping Wuyue
10171404|Guizhou Zhucheng
10174465|Foshan Nanshi
10174466|Dalian K'un City
10174467|Ganzhou Ruishi
10174470|Kunming City
10174471|Shenzhen 2028
10174472|Guangzhou Dandelion
10174473|Guangdong Mingtu
10174492|Chongqing Handa
10174500|Jiangxi Dingnan United
10223615|China PR
10227713|Internazionale Taoyuan
10227714|Athletic Club Taipei
10227715|Sat Football Int.
10227716|Taiwan Power Company
10227718|Taipei Vikings PlayOne
10227721|FC Kaohsiung
10227729|Ming Chuan University
10227732|Taipei Deva Dragons
10227969|New Taipei City Hang Yuan
10227978|NTUS
10235905|Taiwan Leopard Cat FC
10236004|Taichung Futuro
10236007|TN City TW Steel
10236012|Taichung Rock
10289151|Taiwan
10289158|Bank of Guam Strykers FC
10293249|Quality Distributors FC
10293251|Wings FC
10293255|Tulip Southern Cobras
10293264|University of Guam Tritons
10293267|Lots of Art Heat SC
10293505|NAPA Rovers Football Club
10293509|Sidekicks SC
10293511|Islanders Futbol Club
10301454|Crushers FC
10301455|Tigers (GUM)
10301462|Tumon Taivon
10301464|Dededo Soccer Club
10301501|FC Beercelona
10301507|Guam Shipyard
10354687|Guam
10354689|Kitchee Sports Club
10354691|Wofoo Tai Po Football Club
10354692|Citizen
10354693|Orion Football Club
10354696|Tsun Tat Football Club
10354697|Ravia Sports Association
10358785|Eastern AA
10358787|Sparta Asia Football Club
10358789|Sui Tung Sports Association
10358790|Sun Hei Sports Club
10358793|South China
10358794|Tuen Mun Football Club
10358795|Double Flower
10358797|Biu Chun Rangers
10358800|Wing Yee Property
10358802|Hong Kong Football Club
10358804|Sha Tin Sports Association
10358805|Tuen Mun Sports Association
10358807|Resources Capital
10358808|Sham Shui Po
10358816|Kwun Tong
10358817|Southern District
10358818|Wan Chai Sports Federation
10358819|Yuen Long Football Club
10358820|C & W District
10358822|Wong Tai Sin
10358823|Yau Tsim Mong
10358824|Tung Sing
10358825|Eastern District
10358849|Lee Man Football Club
10358850|Hoi King Sports Association
10366979|Sai Kung Football Club
10367081|Kwai Tsing
10367083|Fukien Athletic Club
10367086|Blake Garden
10367089|Fu Moon Football Club
10367094|Kui Tan
10367096|Kwong Wah
10367100|Ornaments
10367102|Meme Football Club
10367119|Kowloon City District Council
10367120|Tsuen Wan
10367122|Jardine Sports Association
10367134|Islands
10367135|North District Football Club
10367164|KCDRSC
10367173|Spartans (HKG)
10367202|Gospel Football Club
10367212|Kowloon Cricket Club
10367223|Leaper Football Club
10367229|Wofoo Social Enterprises
10367232|CFCSS (HK)
10367236|Pak Hei Sports Association
10367262|Konter Football Club
10367287|Supreme Football Club
10367299|ChanLam
10367300|Qi Yi Sports Association
10367301|Wui Hong Sport Centre
10367302|WWFK Trading Limited
10367315|Bright Cerulean Football Club
10420223|Hong Kong
10420226|Dempo Sports Club
10420227|Sporting Clube de Goa
10420229|SC East Bengal
10420230|Mohammedan SC
10420232|Kerala United
10420233|CB Sports Club
10420238|Shillong Lajong Football Club
10420240|Kerala FC
10424326|Hyderabad FC
10424332|Bengaluru FC
10424335|ATK Mohun Bagan FC
10424336|Chennaiyin FC
10424338|FC Goa
10424340|Kerala Blasters FC
10424341|Mumbai City FC
10424342|NorthEast United FC
10424343|Aizawl FC
10424344|Bhawanipore FC
10424346|Garhwal FC
10424350|Mumbai Kenkre FC
10424354|Rangdajied Utd
10424355|United Sports Club
10424358|RoundGlass Punjab FC
10424360|Neroca FC
10424361|Jamshedpur FC
10424364|Real Kashmir FC
10432525|Bangalore Utd
10432568|Tiddim Road Athletic Union FC
10432825|Chanmari Football Club
10432871|Delhi FC
10432923|Ahmedabad Racquet Academy FC
10432925|Odisha FC
10432930|Rajasthan United FC
10432934|Sudeva Delhi FC
10432935|Sreenidi Deccan FC
10432941|Diamond Harbour Football Club
10432953|Maharashtra Oranje FC
10432967|Namdhari Football Club
10432968|Inter Kashi
10432993|SC Bengaluru
10485759|India
10485761|Arema FC
10485762|Persik Kediri
10485763|Persija Jakarta
10485764|Semen Padang FC
10489857|Persipura Jayapura
10489858|Persijap Jepara
10489859|Persiba Balikpapan
10489860|Persela Lamongan
10489863|PSIS Semarang
10489864|PSMS Medan
10489865|Delta Raya Sidoarjo FC
10489866|Persib Bandung
10489867|Persita Tangerang
10489869|Madura United FC
10489870|PSM Makassar
10489871|Sriwijaya FC
10489872|Mitra Kutai Kertanegara FC
10489876|Bali United FC
10489882|Persikad Kota Depok
10489883|Persiraja Banda Aceh
10489885|PSPS Riau
10489886|Persegres Gresik United
10489889|Persibo Bojonegoro
10489891|Persis Solo
10489893|Bhayangkara
10489898|PSIM Yogyakarta
10489899|PSS Sleman
10489902|PS Barito Putera
10490129|Persebaya Surabaya
10490158|PSCS Cilacap
10490223|PSBS Biak
10490245|Borneo FC Samarinda
10490246|Perserang Serang
10490259|Dewa United Banten FC
10490260|Persinga Ngawi
10490264|RANS Nusantara FC
10498057|Persikota Tangerang
10498058|Persikab Kab. Bandung
10498061|Persiku Kudus
10498075|PSDS Deli Serdang
10498076|757 Kepri Jaya FC
10498082|Persedikab Kediri
10498083|Perseden Denpasar
10498085|Persipal Palu
10498103|Persikas Semarang
10498123|Kalimantan Tengah Putra FC
10498133|Persipa Pati
10498176|Perseta Tulungagung
10498188|Persewar Waropen
10498228|Persikabo 1973
10498229|Sulut United FC
10498234|KS Tiga Naga
10498235|FC Bekasi City
10498236|Hizbul Wathan FC
10498239|Kendal Tornado FC
10498240|Persekat Tegal
10498242|Sleman United FC
10498245|PSIL Lumajang
10502288|Nusantara Lampung FC
10502293|Maluku Utara United FC
10502295|Adhyaksa Banten Farmel FC
10502298|Garudayaksa FC
10502301|Sumatra Selatan United FC
10551295|Indonesia
10551297|Esteghlal Football Club
10551298|Paykan Tehran
10551299|Aboumoslem Mashhad
10551300|Bargh Shiraz
10551302|Spad Alvand
10551303|Foolad
10551304|Malavan Bandar-e Anzali
10551305|Persepolis Football Club
10551308|Saipa Karaj
10551309|Foolad Mobarakeh Sepahan Club
10551310|Shahid Ghandi Yazd
10551311|Shamoushak Noshahr
10551312|Zob Ahan Isfahan
10551313|Sanat Mes Kerman
10551314|Sanat Naft Abadan
10551315|Damash Gilan
10551316|Tractor Cultural Sports Club
10551317|Pas Hamedan
10551319|Khosheh Talaei Sana Saveh
10551324|Foolad Hormozgan
10551327|Esteghlal Mollasani
10551328|Shohadaye Razakan Alborz
10551329|Shohadaye Babolsar
10551330|Shahid Oraki Eslamshahr
10551332|Shams Azar
10551334|Esteghlal Shush
10551335|Farhang Ramhormoz
10551339|Iman Sabz Shiraz
10551341|Vanpars
10551347|Javan Novin Sari
10555398|Shahrdari Bandar Abbas
10555402|Iran Javan Bushehr
10555403|Aluminium Arak Football Club
10555404|Nassaji Mazandaran Ghaemshahr
10555408|Mes Rafsanjan
10555412|Gol Gohar Sirjan
10555414|Naft Masjed Soleyman
10555415|Niroye Zamini Tehran
10555418|Payam Khorasan
10555420|Sepidroud Rasht
10555424|Fajr Sepasi Shiraz
10555428|Esteghlal Khuzestan
10555431|Kheybar Khorramabad
10555433|Sardar Bukan
10555434|Pars Jonoubi Jam Bushehr
10555437|Zagros Yasuj
10555455|Be'sat Kermanshah
10555457|Shahrdari Noshahr
10555473|Chouka Talesh
10555476|Shahin Bandar Anzali
10555477|Moghavemat Tehran
10555479|Ararat Tehran
10555493|Shahin Tehran
10555501|Shahrdari Bandar Mahshahr
10555689|Naft va Gaz Gachsaran
10559534|Shahrdari Bam
10559540|Atrak Bojnord
10559542|Havadar Sport Club
10559543|Navad Urmia Football Club
10559560|Mes Shahr-e Babak Kerman
10559562|Shahrdari Astara
10559563|PAS Gilan
10559564|Shahrdari Bandar Anzali
10559565|Payam Choghadak
10563765|Mes Soungoun Varzaghan
10563811|Persepolis Shiraz
10563820|Shahrdari Javid Karaj
10563829|Al-Badr Hormozgan
10563990|Shohadaye Sari
10564006|KIA Football Club
10564022|Moghavemat Astara
10564026|Parag Tehran
10564029|Shahin Bandar Ameri
10564035|Chadormalu
10564038|Ario Eslamshahr
10564045|Shayan Diesel
10564057|Shariat Novin
10564061|Darya Caspian Sports Club
10564073|Kian Sam Babol
10564075|Shahr Raz Football Club
10564076|Kavir Moqava
10564077|FC Yasa
10564078|Ayandeh Sazan Ardabil
10564079|Bahman Tehran
10564080|Shenavar Sazi Qeshm
10564081|FC Nikapars
10564083|Palayesh Naft BA
10564084|Fard Alborz
10616831|Iran
10616833|Al-Talaba Sports Club
10616834|Karbala Sports Club
10616835|Al-Najaf Sports Club
10616836|Duhok Sport Club
10620930|Al-Kahrabaa Football Club
10620931|Al-Mina'a Sports Club
10620932|Al-Quwa Al-Jawiya
10620933|Al-Samawa Sports Club
10620934|Al-Shorta Sports Club
10620935|Al-Sina'a Sports Club
10620936|Al-Zawra'a Sports Club
10620938|Mosul Sport Club
10620940|Sulaymaniyah Sports Club
10620943|Naft Al-Basra Sports Club
10620944|Naft Missan Sports Club
10620947|Al-Ramadi Sport Club
10620948|Al-Naft Sports Club
10620951|Amanat Baghdad Sports Club
10620954|Al-Hedood Sports Club
10620955|Al-Karkh
10620959|Zakho Sport Club
10620961|Naft Al-Wasat Sports Club
10620962|Erbil Sport Club
10620963|Al-Hussein Sports Club
10620964|Al-Bahri Sport Club
10620965|Al-Sinaat Al-Kahrabaiya
10620966|Al-Diwaniya Football Club
10629124|Al-Khutot Al-Jawiya
10629127|Al-Qasim Sports Club
10629144|Al-Kut Sport Club
10629145|Maysan Sport Club
10629149|Diyala Sports Club
10629150|Al-Nasiriyah SC
10629152|Samarra Sporting Club
10629157|Al-Forat Sport Club
10629159|Al-Kufa Sports Club
10629164|Al-Shirqat Football Club
10629165|Al-Taji Sport Club
10629170|Peshmarga S
10629177|Newroz Sports Club
10629190|Al-Etisalat
10629193|Afak Sports Club
10629194|Gaz Al-Shamal SC
10629198|Al-Masafi Club
10629199|Masafi Al-Junoub
10629245|Al-Jolan Football Club
10629250|Al-Karma Sports Club
10629267|Al-Gharraf Sport Club
10682367|Iraq
10682369|Jubilo Iwata
10682370|Kashiwa Reysol
10682371|Vissel Kobe
10682372|Kashima Antlers
10682373|Cerezo Osaka
10682374|Shimizu S-Pulse
10682375|FC Tokyo
10682376|Yokohama F-Marinos
10682377|Gamba Osaka
10682378|Urawa Reds
10682379|JEF United Chiba
10682380|Sanfrecce Hiroshima
10682381|Kawasaki Frontale
10682382|Oita Trinita
10682383|Albirex Niigata
10682384|RB Omiya Ardija
10682385|Nagoya Grampus
10682386|Kyoto Sanga F.C.
10682387|Avispa Fukuoka
10682388|Vegalta Sendai
10682389|Yokohama FC
10682390|Mito Hollyhock
10682391|Ventforet Kofu
10682392|Tokyo Verdy 1969
10682393|Hokkaido Consadole Sapporo
10682395|Ehime FC
10682396|Fagiano Okayama
10682397|FC Gifu
10682398|FC Kariya
10682399|FC Ryukyu
10682400|Honda FC
10682401|Kataller Toyama
10682403|Montedio Yamagata
10682404|Giravanz Kitakyushu
10682405|Roasso Kumamoto
10682406|Sagan Tosu
10682409|Gainare Tottori
10682410|Shonan Bellmare
10682412|Blaublitz Akita
10682413|Thespa Gunma
10682414|Tochigi SC
10682415|Tokushima Vortis
10682417|Mitsubishi Mizushima
10682418|Iwate Grulla Morioka
10682420|Kamatamare Sanuki
10682421|Matsumoto Yamaga F.C.
10682423|FC Machida Zelvia
10682424|V-Varen Nagasaki
10682426|Zweigen Kanazawa
10682427|Tochigi City
10682428|AC Nagano Parceiro
10682429|Verspah Oita
10682430|Fujieda MYFC
10682431|Y.S.C.C. Yokohama
10682435|Wyvern FC
10682461|Veroskronos Tsuno
10682462|Shibuya City FC
10686465|Atletico Suzuka Club
10686467|Fukushima United FC
10686469|S.C. Sagamihara
10686470|FC Korea
10686472|Norbritz Hokkaido FC
10686473|Nara Club
10686475|Kagoshima United FC
10686476|Veertien Mie
10686478|Briobecca Urayasu Ichikawa
10686480|Renofa Yamaguchi FC
10686481|Azul Claro Numazu
10686482|FC Maruyasu Okazaki
10686483|Vanraure Hachinohe
10686484|Arterivo Wakayama
10686485|FC Imabari
10686486|SRC Hiroshima
10686490|FC Osaka
10686491|FC Ise Shima
10686492|Joyful Honda Tsukuba FC
10686493|ReinMeer Aomori FC
10694674|Hokkaido Tokachi Sky Earth
10694675|FC Ganju Iwate
10694681|Tokyo Shukyudan
10694695|FC Baleine Shimonoseki
10694711|Cobaltore Onagawa
10694713|Aventura Kawaguchi
10694722|FC Primeiro Fukushima
10694726|Nirasaki Astros FC
10694742|FC Nakano Esperanza
10694751|Tonan Maebashi
10694760|Kobe FC 1970
10694783|FC Antelope Shiojiri
10694784|Japan Soccer College
10694786|Teihens FC Kanazawa
10694795|Toho Titanium Soccer Club
10694797|Saitama Soccer Club
10694798|Aries Tokyo FC
10694828|Sapporo Shukyudan
10694861|Artista Asama
10694871|Tokyo 23 Football Club
10694874|Ise Yamato FC
10694875|Iwaki Furukawa FC
10694876|Musashino FC
10694879|Osaka Korean FC
10694882|ENEOS Mizushima Soccer Club
10694918|Vonds Ichihara FC
10694928|Blancdieu Hirosaki FC
10694987|Ococias Kyoto AC
10694991|Iwaki FC
10695013|FC Tiamo Hirakata
10695027|Nankatsu Soccer Club
10695042|Tegevajaro Miyazaki
10695046|Criacao Shinjuku
10695056|Okinawa Sport-Verein
10695065|Kochi United SC
10695089|Tokyo United FC
10695097|FC Tokushima
10695099|Yokogawa Musashino FC
10695251|NTN Okayama Soccer Club
10695614|Ryutsu Keizai University
10695949|Fukui United FC
10695952|Vertblanc Hyogo
10695963|Fukuyama City FC
10695968|Cento Cuore Harima
10696042|NSC Kamaishi
10696043|NSC Oita
10696066|BTOP Hokkaido
10696097|Asuka FC
10696154|Reilac Shiga FC
10696211|Minebea Mitsumi FC
10747903|Japan
10747905|Al-Faisaly
10747906|Al-Arabi Irbid
10747907|Shabab Al-Ordon Club
10747908|Al-Wehdat Sports Club
10747909|Al-Ahli Sports Club of Amman
10747910|Al-Jazeera Club of Amman
10747911|Al-Ramtha Sports Club
10747912|Al-Hussein Sport Club
10747920|Al-Baqa'a Club
10747921|Al-Sareeh Sports Club
10747922|Kufrsoum Sports Club
10747924|Sahab SC
10747927|Ittihad Al-Ramtha
10747930|Amman Football Club
10747936|Al-Jalil Irbid
10752001|Shabab Al-Aqaba Club
10760199|Al-Karmel SC
10760205|Moghaeer Al-Sarhan
10760214|Al-Salt Sports Club
10760218|Ma'an Sports Club
10760253|Sama Al-Sarhan SC
10813439|Jordan
10813442|Tobyl Qostanai
10813443|FK Ekibastūz
10813444|Qairat Almaty
10813445|FK Aqtóbe
10813446|FK Atyrau
10813447|Jas Qyran Almaty
10813448|FK Taraz
10813449|FK Astana
10813453|FK Türkistan
10817538|Qaisar Qyzylorda
10817540|Shahter Qarağandy
10817541|Jetisu Taldyqorğan
10817543|FK Oqjetpes Kókshetaý
10817544|Ordabasy Shymkent
10817546|FTs Aqjaıyq Oral
10817551|Altaı Óskemen
10817558|Kaspii Aqtaý
10817568|FK Maqtaaral
10817574|Qyzyljar Petropavl
10825733|FK Ile-Saulet Otegen Batyr
10825741|FK Dinamo Almaty
10825760|Elimai Semei
10825763|Zhenis Astana
10825777|FK Ūlytau Zhezkazgan
10825819|Tūran Türkistan
10825838|FK Jetisai
10825877|FK Dinamo Petropavlovsk
10825980|Ertis Pavlodar
10826054|FK Arystan Almaty
10826245|FK Ońtüstik akademııasy
10826250|FK Aqsý
10826256|FK Igilik
10826260|SD Family Astana
10829826|FK Han-Täńiri Almaty
10829827|Akademia 05 Almaty
10829828|Aqtóbe City
10829829|FK Arys
10829835|FK AKAS Almaty
10829838|Talas Karatau
10829839|Jeıran Almaty
10878975|Kazakhstan
10878978|Sobaeksu Sports Group
10878981|Chandongja
10878982|Jebi Sports Group
10878984|Wolmido Sports Group
10883073|April 25 Sports Group
10883074|Amrokkang Sports Group
10883075|Pyongyang City Sports Group
10883076|Ryongnamsan Sports Group
10883078|Rimyongsu Sports Group
10883080|Kyonggongopsong Sports Group
10883081|Sonbong Sports Group
10883089|Kigwancha Sports Group
10883094|Hwaebul Sports Group
10891270|Kalmaegi Sports Group
10891272|February 8 Sports Group
10891273|Ryomyong Sports Group
10944511|Korea DPR
10944513|FC Seoul
10944514|Suwon Samsung Bluewings
10944515|Jeonbuk Hyundai Motors FC
10944516|Ulsan HD FC
10944517|FC Pohang Steelers
10944518|Busan IPARK FC
10944519|Jeju United FC
10944520|Jeonnam Dragons FC
10944521|Daejeon Hana Citizen FC
10944522|Seongnam FC
10944523|Daegu FC
10944524|Gimcheon Sangmu FC
10944525|Incheon United FC
10944526|Dangjin Citizen Football Club
10944527|Gyeongnam FC
10944529|Gangwon FC
10944530|Gwangju FC
10944538|Incheon Seogot SM FC
10944550|Daejeon Seobu Football Club
10944579|Seoul TNT
10948609|Changwon City
10948610|Gimhae City
10948611|Geoje Citizen Football Club
10948613|Seoul E-Land FC
10948616|Busan TC
10948617|Gyeongju KHNP
10948627|Bucheon FC 1995
10948628|FC Anyang
10948629|Cheonan City FC
10948640|Suwon FC
10948641|Chungnam Asan FC
10948645|Daejeon Korea Railroad
10948646|Gangneung City
10948649|FC Mokpo
10948651|Chungbuk Cheongju FC
10948652|Chuncheon FC
10948653|Gimpo Citizen FC
10948655|Hwaseong FC
10948658|Paju Citizen Fc
10948659|FC PoCheon-Si Citizen
10948660|Yangju FC
10948661|Yangpyeong FC
10948663|Siheung Citizen
10948664|Pyeongtaek Citizen FC
10948666|Pyeongchang
10948669|Seoul Jungnang FC
10948670|Seoul Utd
10948672|Ansan Greeners FC
10956976|Cheongju SMCE
10956996|Yeoju FC
10957004|Seoul Byuksanplayers
10957010|Daejeon Winnerstar
10957012|Ulsan Citizen FC
10957016|Jinju Citizen Football Club
10957029|Gimhae Jaemics Football Club
10957030|Yangju Deokgye Football Club
10957033|Gwangju Hyochang
10957034|Andong Garam Football Club
10957057|Namyangju Football Club
10957058|Sejong SA FC
10957059|Gijang United FC
10957063|Yeoncheon Football Club
11010047|Korea Republic
11010049|Al-Arabi Sporting Club
11010050|Al-Sahel Sporting Club
11010051|Kazma Sporting Club
11010052|Al-Tadamun Sporting Club
11014145|Kuwait Sporting Club
11014146|Al-Naser Sporting Club
11014147|Al-Qadsia Sporting Club
11014148|Al-Salmiya Sporting Club
11014149|Al-Sulaibikhat Sporting Club
11014150|Al-Jahra Sporting Club
11014151|Al-Shabab Sporting Club
11014152|Al-Fahaheel Sporting Club
11014153|Al-Yarmouk Sporting Club
11014154|Khaitan Sporting Club
11014160|Burgan Sporting Club
11022344|Al-Jazeera Football Club
11075583|Kuwait
11079681|Alay Osh
11079682|Abdysh-Ata Kant
11079683|Dordoy Bishkek
11079685|Anadolu Spor Külübü Bishkek
11079691|Alga Bishkek
11079694|Neftchi Kochkor-Ata
11087881|Shakhter Kyzyl-Kia
11087900|Metallurg Kadamjay
11087910|Shakhter Tash-Komyr
11087943|FK KyrgyzAltyn
11087984|FK Semetey Talas
11087986|Akademia Futbola
11087989|FK Isfayram Kara-Debe
11087992|FK Bazar-Korgon
11087993|FK Nur Batken
11087997|Ilbirs Kant
11087999|Talant Besh-Künggöy
11088001|Chempion Mayevka
11088004|Muras Bosteri Ysyk-Köl
11088008|Muras United Jalalabad FC
11088009|OShSU Aldier
11088010|FK Tepe-Korgon
11088012|FK Altai-Naryn
11088032|FK Bars Karakol
11088033|FK Ozgon
11088034|FK Bishkek City
11088035|FK AsiaGoal Bishkek
11141119|Kyrgyzstan
11145217|Ezra Football Club
11145219|Lao Army Club
11145479|FC Chanthabouly
11145481|Champasak Avenir FC
11145484|Savannakhet Football Club
11153444|EDL
11153445|Young Elephant Football Club
11153450|Luang Prabang FC
11153451|Master 7 Football Club
11153454|Viengchanh FC
11153455|Vientiane FT
11153457|Trinity FC
11153458|KPS FC
11153465|Kheanlao United
11153466|SEC United FC
11153467|HBT 941 FC
11153469|STT FC
11153470|Muang Hat United
11153472|Namtha United Football Club
11153474|Salavan United
11153475|BIS Master FC
11153476|GB Football Club
11206655|Laos
11206657|Nejmeh Sporting Club Beirut
11206658|Al-Ansar Sporting Club
11206659|Tripoli Sporting Club
11210754|Al-Safa' Beirut Sporting Club
11210755|Al-Ahed SC
11210756|Tadamon Sports Club
11210757|Al-Mabarra Club
11210758|Racing Beirut
11210759|Shabab Al-Sahel Football Club
11210760|Salam Zgharta Football Club
11210762|Chabab Ghazieh Sporting Club
11210765|Al-Ahli Saida
11210770|Club Sportif La Sagesse
11210772|Ikhaa Ahli
11218948|Bourj Football Club
11219051|Al-Ahli Nabatieh
11219056|Al-Riyadi Al-Aabbasiah
11219057|Al-Risala Toura
11219075|Al-Wehda Club Saadnayel
11219078|Nahda Club Bar Elias
11219087|BFA Sporting
11219103|Shabab El-Bourj Sporting Club
11219105|Al-Irshad Shheem
11219120|Al-Shabab Baalbek Sport Club
11219121|Jwaya Club
11272191|Lebanon
11272194|Associação Desportiva Ka I
11276290|Clube Desportivo Monte Carlo
11276293|Benfica (MAC)
11276294|Casa de Portugal em Macau
11276552|Sporting Clube de Macau
11276553|Clube de Ching Fung de Macau
11276556|Clube Desportivo Tim Iec
11276558|Hang Sai Sport Club
11276560|Hóng Lok
11284541|Clube Desportivo Lun Lok
11284548|Futebol Clube Os Artilheiros
11284581|Universidade de Macau
11284602|Gala
11284640|Macau Chiba FC
11284674|Clube Atlético de Macau
11284681|Wan Guan
11284706|Shao Jiang Sport Association
11284709|MUST IPO Sports Club
11337727|Macao
11337729|Kedah Darul Aman FC
11337730|Terengganu FC
11337732|Kelantan FC
11341825|Perak FC
11341827|Johor Darul Ta'zim FC
11341828|Selangor FC
11341829|Sri Pahang FC
11341830|Penang FC
11341831|Negeri Sembilan FC
11341836|Armed Forces FC
11341837|Kuala Lumpur City FC
11341840|Sabah FC
11341850|Melaka FC
11350036|Polis Di Raja Malaysia FC
11350129|Malaysian University FT
11350163|Kuching City FC
11350190|Kelantan The Real Warriors FC
11350206|Harini Selangor FT
11350209|Kuala Lumpur Rovers FC
11350211|Manjung City FC
11350215|Perlis United FC
11350222|Imigresen FC
11350233|Real Chukai FC
11350255|Bukit Tambun FC
11350268|Yayasan Pahang Maintenance FC
11350278|Bunga Raya FC
11350291|Machan FC
11350297|WTS
11350326|Perlis Guar Syed Alwi FC
11350364|Duli Pengiran Muda Mahkota FC
11350365|Kedah FA
11350366|UM-Damansara Utd
11350367|Perak FA
11350368|Seoul Phoenix FC
11350369|Kelantan Red Warrior FC
11403263|Malaysia
11403265|Victory SC Malé
11403266|Club Valencia
11403267|New Radiant SC
11403269|Super United Sports
11403271|Buru Sports Club
11407363|Maziya SRC
11407368|Club Eagles
11407369|BG Sports Club
11407370|Mahibadhoo SC
11407371|Club Green Streets
11407372|TC Sports Club
11407373|United Victory
11415597|JJ Sports Club
11415599|Da Grande SC
11415600|Nilandhoo Sports Club
11415601|Kudahenveiru United
11415613|Odi SC
11468799|Maldives
11468801|FC Ulaanbaatar
11468802|FC Khangarid
11468803|Khoromkhon FC
11468804|Selenge Press Club
11468807|FC Deren
11472897|TPP-4 Erchim
11473157|UB Mazaalaynuud Club
11481114|Khovd Western FC
11481122|DMU FC
11481133|Khovd Broncos
11481135|Central Stallions FC
11481136|BCH Lions
11481137|Darkhan Khukh Chononuud
11481139|Brera Ilch FC
11481141|Bavarians FC
11481142|Hunters FC Ulaanbaatar
11481144|Ulaangom City FC
11534335|Mongolia
11534342|Hantharwady United
11538433|Ayeyawady United
11538434|Shan United
11538437|Yadanarbon FC
11538438|Yangon United
11538439|Rakhine United
11538452|Myawady FC
11538454|Mawyawadi Football Club
11538457|Dagon Star United FC
11538459|Silver Stars FC
11546637|ISPE
11546700|Kachin United
11546702|Mahar United
11546703|Chinland FC
11546704|Junior Lions
11546708|Shwe Pyi Thar United FC
11546710|Glory Goal FC
11546712|Thitsar Arman FC
11546713|Dagon Port FC
11546718|Yarmanya United FC
11599871|Myanmar
11599873|Himalayan Sherpa Club
11599874|Nepal Police Club
11599875|APF FC
11599877|Kathmandu Rayzrs FC
11599878|Lalitpur City FC
11599879|FC Chitwan
11599880|Pokhara Thunders FC
11599881|Butwal Lumbini FC
11599882|Dhangadhi FC
11603969|Boys Union Club
11603970|Brigade Boys Club
11603971|Friends Club
11603973|Jawalakhel Youth Club
11603974|Machhindra FC
11603976|Manang Marshyangdi Club
11603977|New Road Team
11603979|Sankata Boys Sports Club
11603981|Three Star Club
11603982|Tribhuwan Army Football Club
11604239|Madhayapur Youth Association
11612182|Bansbari Club
11612187|Chyasal Youth Club
11612192|FC Khumaltar
11612196|Satdobato Youth Club
11612200|Shree Bhagawati Club
11612211|Church Boys United FC
11612214|Sporting Ilam De Mechi
11612215|Jhapa FC
11612219|Planning Boys United
11665407|Nepal
11665409|Bahla Club
11665410|Muscat Club
11665411|Al-Nasr Salalah
11665412|Sur Sports Club
11665413|Fanja SC
11665416|Al-Rustaq Sports Club
11669505|Oman Club
11669507|Al-Shabab Club Barka
11669509|Al-Khabourah Sports Club
11669510|Dhofar
11669511|Al-Seeb Club
11669512|Al-Nahda Club Al-Buraimi
11669514|Al-Taleiah Club
11669515|Saham Sports Club
11669516|Sohar Sports Club
11669517|Al-Ahli/Sedab Club
11669521|Salalah Sports Club
11677701|Al-Ittihad Club Salalah
11677702|Al-Wahda Sports Club Sur
11677706|Nizwa Club
11677708|Al-Salam Sports Club
11677713|Quriyat Club
11677715|Samail Sports Club
11677718|Al-Mudhaibi Sports Club
11677722|Ibri Club
11730943|Oman
11735041|W.A.P.D.A.
11735042|Pakistan Army
11735043|Khan Research Laboratories FC
11735044|Karachi Port Trust
11735045|National Bank of Pakistan
11735046|Pakistan Airlines
11735047|Pakistan Navy
11735049|Afghan Football Club Chaman
11735051|Masha United
11735052|HUMA FC Islamabad
11735053|Pakistan Railways
11735058|Baloch Football Club Quetta
11735059|Muslim Club Chaman
11735060|Pakistan Air Force
11735311|Lyallpur FC Faisalabad
11735312|Pak Afghan Clearing Agency
11743234|Wohaib Football Club
11743250|Pakistan Police
11743315|Pakistan Steel
11743333|Ashraf Sugar Mills Bahawalpur
11743341|S.N.G.P.L.
11743343|Karachi United FC
11743345|P.C.A.A.
11796479|Pakistan
11800578|Shabab Al-Khalil
11800579|Shabab Al-Am'ary
11800580|Tarji Wadi Al-Nes
11800581|Thagafi Tulkarem
11800587|Al-Sawahreh
11800590|Markaz Balata
11800593|Jabal Al-Mukabar
11800833|Al-Ahli Al-Khalil Hebron
11800834|Al-Hilal Al-Quds
11800838|Shabab Al-Dhahrieh
11800846|Islami Qalqilyah
11808769|Kadamat Al-Rafah
11808770|Al-Ittihad Al-Shajeiyah
11808782|Markaz Tulkarem
11808797|Tubas
11808799|Al-Ahli Qalqilyah
11808800|Shabab Al-Rafah
11808802|Shabab Khan Yunis
11808806|Gaza Al-Riyadhi
11808808|Kadamat Al-Shatia
11808809|Al-Ittihad Khan Yunis
11808811|Al-Ahli Gaza
11808813|Al-Hilal Gaza
11808815|Al-Sadaqah
11808821|Shabab Al-Jabalia
11808825|Nadi Shabab Alsamu Al-Riyadhi
11808826|Mosaset Al-Birah
11808832|Al-Quwwat Al-Filistinia
11808835|Shabab Al-Ubeidiya
11808838|Al-Ittihad Beit Hanoun
11862015|Palestinian Authority
11866123|Maharlika Taguig FC
11866126|Kaya FC
11866130|United City
11866131|Stallion Laguna FC
11866136|Aguilas–UMak FC
11874317|Baguio Football Club
11874318|Philippine Air Force FC
11874324|Philippine Army FC
11874337|Valenzuela PB–Mendiola FC
11874341|Manila Nomads
11874347|Loyola FC
11874370|Dynamic Herb Cebu FC
11874371|Don Bosco Garelli United
11874372|Manila Digger FC
11874373|Manila Montet FC
11874374|One Taguig FC
11874375|Tuloy FC
11927551|Philippines
11927553|Al-Sadd Sports Club
11927554|Qatar Sports Club
11927555|Al-Arabi Sports Club
11927556|Al-Rayyan Sports Club
11927557|Al-Ahli Sports Club
11927558|Al-Gharafa Sports Club
11927559|Al-Khor Sports Club
11927560|Al-Wakrah Sport Club
11927561|Al-Shamal Sports Club
11927563|Al-Kharaitiyat Sports Club
11927564|Umm-Salal Sports Club
11927565|Al-Sailiya Sports Club
11927566|Lusail Sport Club
11927567|Al-Bidda Sports Club
11927568|Al-Waab Sports Club
11931649|Al-Duhail Sports Club
11931650|Al-Markhiya Sports Club
11931651|Muaither Sports Club
11931652|Al-Mesaimeer Sports Club
11931653|Al-Shahaniya Sports Club
11939888|Al-Thumama
11939890|Al-Aziziya
11993087|Qatar
11993089|Al-Ittihad Club
11993090|Al-Hilal Saudi Football Club
11993091|Al-Shabab Football Club
11993092|Al-Ahli Saudi Sport Club
11993093|Al-Ettifaq Football Club
11993094|Al-Nassr Football Club
11993095|Al-Hazem Saudi Club
11993096|Al-Qadsiah Football Club
11993097|Al-Wehda Football Club
11993098|Al-Tai Football Club
11993099|Abha Club
11993100|Al-Ansar Saudi Football Club
11993101|Al-Raed Saudi Football Club
11993102|Ohod Club
11993103|Al-Fateh Sports Club
11993104|Najran Sport Club
11993105|Al-Taawoun Football Club
11993106|Al-Faisaly KSA FC
11993109|Al-Shoulla Football Club
11993110|Al-Orobah Football Club
11993113|Al-Ain Saudi Football Club
11993114|Al-Jabalain Club
11993115|Al-Bukiryah Football Club
11993117|Al-Taqadum Football Club
11993118|Al-Washm Football Club
11997185|Hajer Football Club
11997186|Hitteen Football Club
11997187|Al-Riyadh Saudi Club
11997188|Jeddah Club
11997189|Al-Watani Club
11997190|Al-Najmah Football Club
11997191|Al-Jeel Club Al-Hasa
11997192|Al-Khaleej Football Club
11997194|Al-Batin Football Club
11997195|Al-Kawkab Football Club
11997196|Al-Mujazzal Club
11997197|Al-Diriyah Club
11997198|Al-Fayha Club
11997199|Al-Njoom Football Club
11997200|Damac Football Club
11997201|Al-Adalah Football Club
11997202|Al-Qaisumah Football Club
12005385|Al-Taraji Club
12005392|Bisha Football Club
12005394|Al-Anwar Saudi Sports Club
12005397|Al-Sadd Football Club
12005398|Al-Safa Football Club
12005413|Al-Entesar Club
12005420|Al-Kholood Club
12005429|Al-Ula Football Club
12005435|Al-Arabi Saudi Sports Club
12005438|Al-Rawdah Club
12005439|Al-Okhdood Club
12005468|Al-Jandal Sport Club
12005481|Al-Hejaz Club
12005486|Al-Jubail Saudi Club
12005488|Al-Zulfi Football Club
12005490|Al-Sahel Football Club
12005499|Al-Silmiyah Club
12005510|Neom Sports Club
12058623|Saudi Arabia
12058626|Tampines Rovers FC
12058627|Geylang International FC
12062721|Hougang United FC
12062722|Albirex (S)
12062725|Balestier Khalsa FC
12062728|Young Lions
12070920|Tanjong Pagar United FC
12070932|Eunos Crescent FC
12070960|Police Sports Association
12070972|Singapore Cricket Club
12070991|Katong FC
12070994|Sporting Westlake FC
12070997|Tiong Bahru FC
12070998|Starlight Soccerites FC
12071034|Warwick Knights FC
12071037|Bishan Barx FC
12071038|Yishun Sentek Mariners FC
12071039|Singapore Khalsa Association
12071043|Project Vaults
12071044|Jungfrau Punggol FC
12071065|Lion City Sailors FC
12124159|Singapore
12124165|Java Lane Sports Club
12124168|New Youngsters SC
12124170|Ratnam SC
12124171|Renown SC
12124172|Saunders Sports Club
12128257|Blue Star SC Kalutara
12128516|Colombo FC
12136453|Old Benedictans Sports Club
12136462|New Star Sports Club
12136468|Maligawatte Youth Sports Club
12136513|Moragasmulla Sports Club
12136527|Red Star SC Ratmalana
12136532|Navy Sea Hawks FC
12189695|Sri Lanka
12189697|Hutteen Sporting Club
12189698|Jableh Sporting Club
12189699|Tishreen Sporting Club
12189700|Al-Ahli Sports Club of Aleppo
12193793|Al-Fotuwa Sport Club
12193794|Al-Jaish Sports Club
12193795|Al-Karamah Sporting Club
12193796|Damascus Al-Ahli Sports Club
12193797|Al-Nawair Sports Club
12193798|Al-Shorta SC
12193799|Al-Taliyah Sports Club
12193800|Al-Wahda Sports Club
12193801|Omayyah Sports Club
12193802|Homs Al Fidaa SC
12193803|Al-Jazeera Sporting Club
12193804|Afrin Sporting Club
12193805|Al-Jihad Sporting Club
12193806|Al-Hurriya Sporting Club
12193807|Musfat Baniyas Sporting Club
12193808|Al-Muhafaza Sports Club
12201985|Al-Shorta Aleppo
12201986|Ommal Aleppo Sports Club
12201988|Al-Arabi Sporting Club
12201990|Muadamiyat Sham SC
12201995|Al-Nidal Sports Club
12201997|Al-Yaqdhah Sports Club
12202005|Al-Sahel SC
12202006|Al-Keswa Sporting Club
12202007|Al-Shouleh Sports Club
12202011|Mourk Sports Club
12202015|Jayrud Sporting Club
12202021|Al-Nabek Sports Club
12202022|Al-Shorta Sports Club Hama
12202024|Al-Herafyeen Sports Club
12202028|Qamhana Sporting Club
12202029|Jaramana Sports Club
12202034|Ommal Hama Sport Club
12202036|Al-Horgelah Sports Club
12202099|Khan Shaykhun Sports Club
12255231|Syria
12259331|FK Khujand
12259334|Parvoz
12259335|Ravshan Kulob
12259336|Regar-TadAZ Tursunzoda
12259342|Istiqlol Dushanbe
12259595|FK Khosilot Farkhor
12259597|FK Istaravshan
12267524|Panjsher Jaloliddin Balkhi
12267528|FK Saroykamar Pyanj
12267534|Dinamo Dushanbe
12267537|FC KMVA Dushanbe
12267542|Shodmon Hisor
12267556|Hulbuk Vose
12267591|Eskhata Khujand
12267605|Barqchi Hisor
12267606|Lokomotiv-Pomir Dushanbe
12267608|Somon Danghara
12267617|Mohir Yavan
12267619|Sarhadchi Hamadoni
12267628|Ravshan Zafarabad
12267636|Vakhsh Bokhtar
12267637|Fayzkand Vose'
12267640|FC Dushanbe
12320767|Tajikistan
12320770|Chonburi FC
12320774|Hat Yai United
12320775|TOKO Customs United FC
12324865|SCG Muangthong United
12324869|Bangkok United
12324870|Buriram United
12324874|GSE Samut Songkram FC
12324875|Nakhon Pathom United
12324876|Nong Bua Pitchaya FC
12324879|Khonkaen United
12324880|Khonkaen FC
12324881|Raj Pracha FC
12324889|Suphanburi FC
12324895|Rayong FC
12324899|Nakhon Ratchasima Mazda FC
12324905|Chiangmai FC
12324906|Chiangrai United
12324912|Sukhothai FC
12324915|Ayutthaya FC
12324919|Prachuap FC
12324920|Ratchaburi Mitr Phol FC
12324928|Bangkok FC
12324937|Ang Thong FC
12324945|Krabi FC
12324950|Trat FC
12324951|Port FC
12333061|Royal Thai Army
12333075|Chanthaburi FC
12333076|Phatthalung FC
12333077|Sakon Nakhon FC
12333079|Phitsanulok FC
12333080|Cha Choeng Sao FC
12333091|Surat Thani FC
12333092|Satun United
12333093|Songkhla FC
12333107|Kasem Bundit University
12333116|Mahasarakham FC
12333118|Roi-Et United
12333119|Surin City
12333121|Kamphaeng Phet FC
12333123|Phrae United
12333124|Uttaradit FC
12333135|Pattani FC
12333152|Ban Bueng FC
12333171|Trang FC
12333176|Samut Prakan FC
12333185|Yasothon FC
12333192|North Bangkok University
12333195|Chiangrai City
12333200|Lamphun Warrior
12333203|Royal Thai Fleet
12333205|Chamchuri United
12333208|Nan FC
12333209|Nara United
12333214|Sisaket United
12333222|Hua Hin City
12333232|Assumption United
12333241|Dome FC
12333243|Ranong United
12333251|Ayutthaya United
12333256|Kabin United
12333268|PTU Pathum Thani FC
12333269|Marines FC
12333276|Chainat United
12333278|Nakhon Mae Sot United
12333279|Maejo United
12333289|Nakhon Ratchasima United
12333294|Bankhai United
12333308|Korat City FC
12333369|Muang Loei United
12333376|Surat Thani City
12333377|Police Tero FC
12333381|Kasetsart FC
12333382|Navy FC
12333387|Surin Khongcheemool FC
12333404|Nakhon Si United
12333405|Pluakdaeng United
12333406|Pattaya United
12333408|Siam FC
12333410|BG Pathum United
12333412|Khonkaen Mordindang FC
12333413|Saraburi United
12333414|Phitsanulok Unity FC
12333415|FC Yala
12333425|Chiangmai United
12333426|Chainat Hornbill FC
12333427|Prime Bangkok FC
12333428|Muangnont FC
12333429|Uthai Thani FC
12333430|RBRU Chanthaburi United
12333431|Ubon Kruanapat FC
12333432|ACDC FC
12333433|Kanchanaburi Power FC
12333434|Huahin Maraleina
12333435|Nakhon Sawan See Khwae City
12333436|Chiangrai Lanna FC
12333438|Udon United
12333441|Royal Thai Air Force 2
12333446|Samut Sakhon Utd
12333447|Thonburi United
12333448|Inter Bangkok FC
12333449|Nonthaburi United
12333450|Kanchanaburi City
12333451|Kongkrailas United
12333452|Rasisalai United
12333453|Muang Trang United
12333455|Fleet United
12333456|Samut Sakhon City
12333458|Nakhon Si City
12333459|R. Maechaithanachoti
12333460|Lopburi City
12333461|Phuket Andaman FC
12333462|BFB Pattaya City
12333463|Prachinburi City
12333464|Thap Luang United
12333465|RSU FC
12333466|Khelang United
12333469|Chattrakan City
12333471|Yala City
12333473|Padriew City
12333571|Chiangrai TSC
12333572|Phichit United
12333573|EUMT
12333574|Udon Banjan United
12333575|Futera United
12333576|Singburi Warriors FC
12333577|Samui United
12333578|Chumphon United
12333579|Burapha United
12386303|Thailand
12386306|Aşgabat FK
12386307|FK Turan Daşoguz
12386308|Şagadam FK Türkmenbaşy
12390401|Altyn Asyr FK Aşgabat
12390403|Merw FK Mary
12390405|FK Ahal Änew
12390417|Energetik Türkmenba.
12390418|Köpetdag Aşgabat FK
12390419|Bagtyýarlyk FK
12398594|Nebitçi Balkanabat
12398599|Melik Aşgabat
12398685|FK Arkadag
12451839|Turkmenistan
12451841|Al-Wasl
12451842|Al-Wahda
12451843|Shabab Al-Ahli Dubai FC
12451844|Al-Jazira
12451845|Al-Ain FC
12451846|Al-Nasr
12451848|Sharjah FC
12451850|Emirates
12451851|Baniyas
12451852|Dibba Al-Hisn
12451854|Al-Arabi
12451856|United Sport FC
12451857|Fursan Hispania Football Club
12451858|Al-Ittifaq Football Club
12451859|Baynounah Sports Club
12455937|Al-Dhafra
12455938|Ajman Club
12455939|Hatta Sports Club
12455940|Kalba
12455942|Masafi Sport & Cultural Club
12455944|Dibba Al-Fujairah Club
12455945|Al-Orooba
12455946|Khorfakkan
12455952|Fujairah Football Club
12455955|Al-Dhaid
12464130|Al-Rams
12464131|Al-Jazeerah Al-Hamra Club
12464132|Al-Taawon (UAE)
12464136|Al-Hamriya
12464137|Masfout Sport & Cultural Club
12464141|Al-Bataeh
12464145|Laval United
12464149|Al-Hilal United
12464150|Al-Fath
12464151|Dubai City Football Club
12464152|United Football Club Dubai
12464154|Regional Sports
12464159|Elite Falcons Football Club
12464160|Fleetwood United
12464161|Gulf United Football Club
12464165|Royal Football Club
12464183|Precision Football
12464185|Arabian Falcons Football Club
12464188|Majd Football Club
12517375|United Arab Emirates
12517377|FJ Andijon
12517378|Neftchi Farg'ona
12517379|Qizilqum Zarafshon
12517380|Dinamo Samarqand
12521473|FJ Buxoro
12521474|Mash'al Muborak
12521475|Navbahor Namangan
12521476|Sho'rtan G'uzor
12521477|Metallurg Bekobod
12521478|Bunyodkor Toshkent
12521479|So'g'diyona Jizzax
12521480|Lokomotiv Toshkent
12521481|Nasaf Qarshi
12521482|Paxtakor Toshkent
12521483|Football Club AGMK
12521487|FC Lochin
12521489|Kimyogar Chirchiq
12521494|Sementchi Quvasoy
12521495|Surxon Termiz
12521499|Olimpik Toshkent
12521505|Xorazm Urganch
12521506|PFC Zomin
12521510|FJ G'ijduvon
12521524|FJ Qo'qon 1912
12529681|Spartak Toshkent
12529686|FK Kattaqo'rg'on
12529687|Odil Akhmedov FA
12529694|FJ Yangiyer
12529704|Shahrixonchi Shahrixon
12529744|FJ Jomboy
12529811|FJ Ishtixon
12529829|FK Chig'atoy
12529830|Yashnobod
12533881|PFK Aral 2022 Nukus
12533883|Do'stlik Toshkent
12533884|Do'stlik Oltiariq
12533885|Qumqo'rg'on-1977
12533889|Jizzax PFK
12533890|Jayxun Nukus
12533891|Nurafshon FC
12533897|Fargʻona Davlat Universiteti
12533909|Olympik MobiUZ Toshkent
12582911|Uzbekistan
12582913|Ha Noi FC
12582914|Becamex Ho Chi Minh City FC
12582915|Quy Nhon United
12582916|Da Nang
12587009|Dong Thap
12587010|Long An FC
12587011|Hoang Anh Gia Lai
12587012|Khanh Hoa
12587015|Song Lam Nghe An
12587017|Cong An Thanh Pho Ho Chi Minh
12587018|Thanh Hoa
12587019|Hai Phong
12587026|CLB Megastar Nam Dinh
12587031|An Giang
12587032|Quang Nam
12587038|Hue
12587039|Dak Lak
12587041|TT Dong Nai
12595203|Cong An Ha Noi
12595212|Tien Giang
12595213|Lam Dong
12595219|Kon Tum
12595221|Vinh Long
12595267|Tre Ho Chi Minh City FC
12595309|Ninh Binh
12595314|Hong Linh Ha Tinh
12595315|The Cong-Viettel FC
12595318|Ba Ria-Vung Tau
12595321|Gia Dinh FC
12595323|Bac Ninh University
12595325|Phu Tho
12595335|Hung Yen FC
12595341|Van Hien University
12595344|PVF
12595345|Quang Ninh FC
12648447|Vietnam
12648449|Al-Sha'ab Hadhramaut Mukalla
12648450|Al-Yarmook Al-Rawda Sana'a
12648451|Fahman SCC Mudiyah
12648452|Al-Tilal Aden
12652545|Al-Sha'ab Ibb
12652546|Al-Ahli Sana'a
12652548|Al-Ittihad Ibb
12652549|Al-Saqr Taizz
12652551|Al-Wahda Sana'a
12652562|Al-Urooba Zabid
12652803|Al-Hilal Al-Sahely Hudayda
12652812|Al-Shabab Al-Jeel Hudayda
12660780|Samaon FC
12660781|Al-Tadamun Mukalla
12660782|Salam Al-Garfa SC
12660783|Al-Tali'aa Taizz
12713983|Yemen
12718082|Tafuna Jets
12718085|Lion Heart
12718089|Pago Youth
12718090|PanSa FC
12718093|Utulei Youth
12718094|Black Roses
12718096|Atu'u Broncos
12718100|Ilaoa & To'omata
12718102|Vaiala Tongan
12718113|Taputimu Youth
12718114|Royal Puma FC
12726284|Green Bay
12726287|Tupulaga Fagasa
12779519|American Samoa
12779521|Adelaide United
12779522|Central Coast Mariners
12779523|Melbourne Victory
12779524|Newcastle Jets FC
12779525|Perth Glory Football Club
12779526|Brisbane Roar Football Club
12779527|Sydney Football Club
12779528|Wellington Phoenix
12779533|Melbourne City FC
12779534|Marconi Stallions FC
12779537|Western Sydney Wanderers
12783618|Wollongong Wolves
12783619|Belconnen United
12783621|Canberra Olympic FC
12783624|Gungahlin United FC
12783625|Monaro Panthers FC
12783626|Tuggeranong United FC
12783627|West Canberra Wanderers FC
12783629|APIA Leichhardt FC
12783630|Blacktown City FC
12783632|Bonnyrigg White Eagles
12783633|Manly United FC
12783635|Rockdale Ilinden FC
12783636|Sutherland Sharks FC
12783637|Sydney Olympic FC
12783638|Sydney United 58 FC
12783639|St. George Willawong FC
12783640|Adamstown Rosebud FC
12783641|Broadmeadow Magic FC
12783643|Edgeworth Eagles FC
12783645|Lambton Jaffas FC
12783646|Maitland FC
12783648|Weston Workers Bears FC
12783649|Lake Macquarie City FC
12783650|Brisbane City FC
12783651|Brisbane Strikers
12783654|Olympic Kingsway
12783656|Redlands United FC
12783657|South West Queensland Thunder
12783663|Adelaide Blue Eagles
12783664|Adelaide City
12783665|Adelaide Comets
12783666|Adelaide Croatia Raiders
12783667|Campbelltown City
12783668|Croydon FC
12783669|Modbury Jets
12783670|North-Eastern MetroStars
12783671|Para Hills Soccer Club
12783673|South Adelaide Panthers
12783674|West Adelaide
12783675|West Torrens Birkalla
12783676|FK Beograd Adelaide
12783677|Cumberland United
12783681|Devonport City Strikers
12783682|Glenorchy Knights
12783684|Kingborough Lions United FC
12783685|Launceston City
12783687|Olympia FC Warriors
12783688|South Hobart
12783690|Bentleigh Greens
12783691|Dandenong Thunder FC
12783692|Green Gully SC
12783693|Heidelberg United
12783694|Hume City FC
12783695|Melbourne Knights FC
12783696|Northcote City SC
12783697|North Geelong Warriors FC
12783698|Oakleigh Cannons
12783700|Port Melbourne SC
12783701|South Melbourne FC
12783702|Werribee City FC
12783705|Armadale SC
12783706|Balcatta Etna
12783707|Bayswater City FC
12783708|Cockburn City
12783710|Floreat Athena
12783711|Inglewood United
12783712|Perth Azzurri
12783713|Sorrento Football Club
12783714|Stirling Macedonia
12783717|Western Knights SC
12783731|St. Albans Dinamo FC
12783735|Capalaba FC
12783739|Adelaide Olympic FC
12783742|O'Connor Knights
12783743|Queanbeyan City
12783751|Hills United Brumbies FC
12783754|Northern Tigers
12783758|Belmont Swansea United
12783765|Valentine Phoenix FC
12783776|Playford City
12783780|Sturt Lions
12783783|Launceston United
12783784|Riverside Olympic
12783793|Taroona FC
12783794|New Town White Eagles SC
12783796|University of Tasmania
12783798|Dandenong City FC
12783799|Eastern Lions SC
12783807|FC Bulleen Lions
12783808|Moreland City FC
12783829|Mount Druitt Town Rangers FC
12783830|Queensland Lions FC
12783833|Rockingham City FC
12791815|St. George FC
12791824|Eastern Suburbs FC
12791826|Rochedale Rovers
12791829|Wynnum Wolves FC
12791830|Altona Magic
12791832|Preston Lions
12791840|Mitchelton FC
12791855|Peninsula Power
12791858|Brisbane Olympic FC
12791880|Gold Coast Knights SC
12791927|Fremantle City FC
12791968|Yoogali Soccer Club
12791974|Logan Lightning FC
12792129|Avondale FC
12792131|Manningham United Blues FC
12792174|Gwelup Croatia SC
12792247|Wagga City Wanderers
12792252|St. George City FA
12792288|Gold Coast United
12792292|Sunshine Coast Wanderers FC
12792323|Macarthur Football Club
12792346|Cooks Hill United FC
12792349|Charlestown Azzurri FC
12792351|Newcastle Olympic FC
12792353|Clarence Zebras FC
12792354|NWS Spirit FC
12792358|New Lambton FC
12792367|Canberra Croatia FC
12792411|Perth RedStar
12792412|Brunswick Juventus FC
12792423|Tigers FC (NPL)
12792429|Auckland Football Club
12795905|Moreton City Excelsior
12845055|Australia
12845057|Takuvaine FC
12845058|Avatiu FC
12845059|Matavera FC
12845060|Titikaveka FC
12849154|Nikao Sokattak FC
12849155|Tupapa Maraerenga FC
12849157|Puaikura FC
12910591|Cook Islands
12910593|Rewa FC
12910594|Nadroga FC
12910595|Nadi FC
12910596|Suva FC
12914689|Ba FC
12914690|Labasa FC
12914691|Lautoka FC
12914693|Navua FC
12914694|Tavua FC
12914704|Tailevu/Naitasiri FC
12914705|Dreketi FC
12914706|Rakiraki FC
12922881|Nasinu FC
12922883|Savusavu FC
12922889|Nadogo FC
12976127|Fiji
12976130|Auckland City FC
12976137|Bay Olympic
12976138|Napier Marist FC
12976139|Metro FC (NZL)
12976141|Northern Rovers FC
12976142|West Coast Rangers FC
12976144|Tahuna FC
12976152|Birkenhead United AFC
12976153|East Coast Bays AFC
12976158|North Shore United AFC
12976161|Hamilton Wanderers AFC
12976162|Manurewa AFC
12976164|Onehunga-Mangere United AFC
12976167|Ferrymead Bays FC
12976168|Halswell United AFC
12976169|Nelson Suburbs FC
12976181|Northern AFC
12976186|Miramar Rangers AFC
12976187|Lower Hutt City AFC
12976189|Palmerston North Marist FC
12976190|Petone FC
12976195|Tawa AFC
12976197|Bucklands Beach AFC
12980226|Queenstown AFC
12980227|Western Suburbs FC
12980241|Christchurch United FC
12980242|Ellerslie AFC
12980243|Phoenix Reserves
12980244|Eastern Suburbs AFC
12980248|Western Springs AFC
12980249|Melville United AFC
12980250|Tauranga City AFC
12980251|Wellington Olympic AFC
12980253|Napier City Rovers AFC
12980254|Stop Out Sports Club
12980271|Waterside Karori AFC
12980272|Island Bay United AFC
12980273|North Wellington AFC
12980278|Cashmere Technical FC
12980280|Coastal Spirit FC
12980282|FC Twenty 11
12980283|Universities AFC
12980284|Western AFC
12980288|Mosgiel AFC
12980289|Roslyn-Wakari AFC
12980291|Otago University AFC
12980292|Green Island AFC
12980296|Wellington United AFC
12980300|Fencibles United AFC
12980302|Nomads United AFC
12988420|Mid Canterbury United FC
12988423|Wānaka AFC
12988427|Seatoun AFC
12988428|Upper Hutt City Football
12988429|Wainuiomata AFC
12988432|Manukau United FC
12988434|Mount Albert-Ponsonby AFC
12988435|Oratia United AFC
12988438|Te Atatū AFC
12988439|Northern Hearts AFC
12988440|Havelock North Wanderers AFC
12988443|Taradale AFC
12988445|Whanganui Athletic FC
12988451|Takapuna AFC
12988463|Albany United FC
12988468|Hibiscus Coast AFC
12988472|Northland FC
12988473|Ngāruawāhia United AFC
12988474|Cambridge FC (NZL)
12988480|Waimakariri United AFC
12988490|Selwyn United FC
12988494|Waiheke United AFC
12988495|Ranui Swanson FC
12988496|Waitematā FC
12988498|Beachlands Maraetai AFC
12988499|West Auckland AFC
12988530|Claudelands Rovers FC
12988539|Franklin United FC
12988541|Richmond Athletic FC
12988542|New Plymouth Rangers AFC
12988547|Auckland United FC
12988548|Puhoi Sports Club
12988549|Taupō AFC
12988550|Papamoa FC
12988551|Otumoetai FC
12988555|FC Nelson
12988557|Te Awamutu AFC
12988565|Waikato Unicol AFC
12988567|Rangers AFC Blenheim
12988570|Parklands United SC
12988571|Burwood AFC
12988572|St. Albans Shirley FC
12988573|Levin AFC
12988574|Gisborne Thistle AFC
12988575|Geraldine FC
12988581|West Hamilton United
12988583|FC Whangarei
12988584|Gore Wanderers AFC
12988585|Douglas Villa AFC
12988587|Invercargill Old Boys' AFC
12988588|FC Western (NZL)
12988591|Queens Park AFC
12988602|Peringa United AFC
12992513|Dunedin City Royals FC
12992518|Palmerston North United FC
12992528|Te Kotahitanga FC
12992531|Auckland FC Reserves
13041663|New Zealand
13045763|FC Morobe Wawens
13045764|Hekari United FC
13045765|University Inter FC
13045766|Port Moresby Strikers FC
13045777|Lae City Dwellers
13053959|Tusbab Stallions
13053978|Star Mountain FC
13053981|Gulf Komara FC
13053995|Lae City Football Club
13054002|United Highlands FC
13054003|Admiralty Islands FC
13054005|Kula FC
13054006|Blue Kumuls United FC
13107199|Papua New Guinea
13107202|Sogi SC
13107203|Kiwi Football Club
13107205|Vaivase-Tai FC
13107208|Moaula United FC
13107210|ADIDAS SC
13107211|Lepea FC
13111298|Moataa FC
13111299|Togafuafua FC
13111308|USP
13111312|Lupe o le Soaga Soccer Club
13111315|Vaitele-Uta Soccer Club
13111317|Vaipuna SC
13119492|Faatoia United
13119497|Lotopa Soccer Club
13119501|Faleasiu FC
13119504|Alamagoto
13119505|Vaigaga
13119506|Vailele SC
13119507|Brothers United FC
13172735|Samoa
13172738|Koloale FC
13172739|Malaita Kingz
13172740|Kula FC
13172742|KOSSA FC
13172743|Marist FC
13172744|Real Kakamora FC
13172745|Solomon Warriors FC
13176833|Henderson Eels
13176842|Western United FC (SOL)
13185026|Laugu United
13185029|Naha FC (SOL)
13185041|FC Isabel United
13185043|Waneagu FC
13185063|FC Juniper
13185076|Central Coast FC (SOL)
13185077|Honiara City FC
13185078|Southern United (SOL)
13185087|Sosa FC (SOL)
13185106|Ghupo FC
13185107|Green Shield FC
13238271|Solomon Islands
13238273|Association Sportive Piraé
13238274|AS Tefana
13238275|Association Sportive Vénus
13238276|Association Sportive Manu Ura
13238277|Association Sportive Pueu
13238283|AS Central Sport
13242369|Association Sportive Dragon
13242370|AS Excelsior (TAH)
13242371|AS Jeunes Tahitiens
13242374|AS Temanava
13242380|AS Olympic Mahina
13242381|Association Sportive Arué
13242382|Association Sportive Papenoo
13242386|AS Punaruu
13242392|Association Sportive Taiarapu
13250562|Association Sportive Mataiea
13250573|Association Sportive Mira
13250576|AS Tiare Hinano
13303807|Tahiti
13303812|Navutoka
13303818|Veitongo
13303821|Fasi-moe-Afi
13303823|Havelu
13307905|Marist FC (TGA)
13307910|Longoteme FC
13307911|Ha'amoko United Youth
13307916|Popua FC
13307919|Lotoha'apai United
13307922|Vaolongolongo
13316098|Ahau' Football Club
13316103|Lapaha
13316104|Folaha
13316106|Nukuhetulu
13316107|Fahefa
13316108|Lavengatonga
13369343|Tonga
13369345|Tafea FC
13369346|Tupuji Imere FC
13369347|Ifira Black Bird FC
13369348|Yatel FC
13369351|Shepherds United FC
13369352|Erakor Golden Star FC
13369353|Seveners United FC
13369357|Sia-Raga FC (Santo)
13369368|Penama FC
13373441|Mauwia FC
13373444|Malampa Revivors FC
13373445|ABM Galaxy FC
13373448|Mauriki FC
13373449|Pango Green Bird FC
13373451|Rainbow FC (VAN)
13381647|North Efate United FC
13381677|Uripiv United FC
13381680|Matevulu FC
13381683|Police FC (VAN)
13381685|RueRue FC
13381686|Waterfall FC
13381691|Naka United FC
13381692|Patvuti FC
13381704|Eraniao Elau Egis FC
13381708|Arato FC
13381801|Classic FC
13381803|Classic Kapalpal FC
13381807|M3 United
13381821|Spirit FC
13381822|Eastern Sun FC
13434879|Vanuatu
13438977|Lincoln Red Imps FC
13438978|Europa FC
13438979|Lynx FC
13438980|St Joseph's FC
13438981|Manchester 62 FC
13438982|Glacis United FC
13438983|Lions Gibraltar FC
13438987|FC Hound Dogs
13438989|Europa Point FC
13438991|Magpies FCB
13438994|Mons Calpe SC
13439001|College 1975
13447241|Royal Gibraltar Regiment
13500415|Gibraltar
13500417|FK Zeta Golubovci
13500418|FK Budućnost Podgorica
13500419|FK Budva
13500420|FK Sutjeska Nikšić
13500421|OFK Petrovac
13504513|OFK Grbalj Radanovići
13504515|FK Bokelj Kotor
13504516|OFK Titograd Podgorica
13504517|FK Berane 1920
13504518|FK Mornar Bar
13504519|FK Dečić Tuzi
13504520|FK Jedinstvo Bijelo Polje
13504521|FK Jezero Plav
13504522|FK Kom Podgorica
13504523|FK Lovćen Cetinje
13504524|FK Rudar Pljevlja
13504528|FK Zabjelo Podgorica
13504529|FK-KF Otrant-Olympic Ulcinj
13504531|FK Ibar Rožaje
13504532|Crvena Stijena
13504533|FK Arsenal Tivat
13504535|FK Iskra Danilovgrad
13504538|FK Igalo 1929
13504543|FK Cetinje
13512713|FK Drezga Piperi
13512720|FK Orjen Zelenika
13512725|FK Polimlje Murino
13512726|OFK Nikšić
13512730|FK Petnjica
13512741|FK Podgorica
13512742|OFK Borac Bijelo Polje
13512747|OFK Mladost Donja Gorica
13512751|FK Internacional Podgorica
13565951|Montenegro
13565953|FC Ballkani
13565955|KF Llapi Podujevë
13565957|FC Drita Gjilan
13565959|KF KEK-u
13565960|KF Vëllaznimi Gjakovë
13565961|KF Liria Prizren
13565962|FC Prishtina
13565963|KF Trepça '89 Mitrovicë
13565964|KF Flamurtari Prishtinë
13565966|FC Ferizaj
13565968|KF Trepça Mitrovicë
13565969|SC Gjilani
13565970|FC Drenica
13565972|FC Istogu
13565973|FC Vushtrria
13565974|KF 2 Korriku Prishtinë
13565975|KF Opoja
13565977|KF Dukagjini Klinë
13565978|KF Fushë Kosova
13565979|KF Kosova VR Prishtinë
13565980|KF Rahoveci
13565981|KF Ramiz Sadiku
13565982|KF Ulpiana
13565984|KF Vllaznia Pozheran
13565985|KF Behari
13565987|KF Kika
13565989|KF Lepenci
13565990|FC Vjosa
13565998|KF Tefik Çanga
13566000|FC Sharri
13566002|FC Malisheva
13566004|FC Mitrovica
13566007|KF Arbëria
13566019|FC Dinamo Ferizaj
13566027|FC Dardania Qyshk
13566032|FC Dardanet Gjakove
13566053|FC Prizreni
13566066|KF Podujeva
13566068|KF Prishtina e Re
13566081|KF Rilindja 1974
13566091|FC Feronikeli 74
13566095|FC Suhareka
13566100|FC Besa Peja
13631487|Kosovo
