row_id,player,dob,league,club,queue,original_reason,external_decision,football_resolution_status,technical_action,target_club_id,owner_club_id,loan_start,loan_end,football_fact,confidence,evidence_url,original_source,codex_instruction
FM27-6f26dad88053d4552d35d72d,Melvin Ramundo,2007-09-07,BEL1,Lommel SK,CONTRACT_CHRONOLOGY,Joined/end/shirt fields are incomplete or invalid,KEEP_EXISTING,EXTERNALLY_RESOLVED_NO_CHANGE,NO_CHANGE_KEEP_EXISTING,458783,,,,Current club already matches the 2026/27 roster target; only incomplete chronology/metadata triggered review.,HIGH,https://www.transfermarkt.de/lommel-sk/kader/verein/5026/saison_id/2026/plus/1,https://www.transfermarkt.de/lommel-sk/kader/verein/5026/saison_id/2026/plus/1,Do not change football state. Remove this row from sprint-blocking coverage.
FM27-e93ac663f1ae6049d006afbe,Sebastian Murru,2007-03-16,BEL1,Oud-Heverlee Leuven,CONTRACT_CHRONOLOGY,Joined/end/shirt fields are incomplete or invalid,KEEP_EXISTING,EXTERNALLY_RESOLVED_NO_CHANGE,NO_CHANGE_KEEP_EXISTING,458775,,,,Current club already matches the 2026/27 roster target; only incomplete chronology/metadata triggered review.,HIGH,https://www.transfermarkt.de/oud-heverlee-leuven/kader/verein/2727/saison_id/2026/plus/1,https://www.transfermarkt.de/oud-heverlee-leuven/kader/verein/2727/saison_id/2026/plus/1,Do not change football state. Remove this row from sprint-blocking coverage.
FM27-ab2d932e1c1d0aadb73833be,Aaron Ibrahim,2008-08-02,BEL1,Royal Antwerpen FC,CONTRACT_CHRONOLOGY,Joined/end/shirt fields are incomplete or invalid,KEEP_EXISTING,EXTERNALLY_RESOLVED_NO_CHANGE,NO_CHANGE_KEEP_EXISTING,458785,,,,Current club already matches the 2026/27 roster target; only incomplete chronology/metadata triggered review.,HIGH,https://www.transfermarkt.de/royal-antwerpen-fc/kader/verein/1096/saison_id/2026/plus/1,https://www.transfermarkt.de/royal-antwerpen-fc/kader/verein/1096/saison_id/2026/plus/1,Do not change football state. Remove this row from sprint-blocking coverage.
FM27-1348f18d8f7857a99e7169a6,Arthur Cremer,2000-08-18,BEL1,Royal Charleroi SC,CONTRACT_CHRONOLOGY,Joined/end/shirt fields are incomplete or invalid,ESCALATE_TECHNICAL,FOOTBALL_RESOLVED_TECHNICAL_PLAN_REQUIRED,MOVE_TO_TARGET_PRESERVE_METADATA,458761,,,,2026/27 current roster places player at target club_id 458761; native club_id is 458772.,HIGH,https://www.transfermarkt.de/royal-charleroi-sc/kader/verein/172/saison_id/2026/plus/1,https://www.transfermarkt.de/royal-charleroi-sc/kader/verein/172/saison_id/2026/plus/1,Build the exact native guarded move plan locally; preserve unresolved joined/contract/shirt fields.
FM27-44e40f12c9f2dd36e355eba5,Boubakar Dembaga,2006-06-07,BEL1,Royal Charleroi SC,CONTRACT_CHRONOLOGY,Joined/end/shirt fields are incomplete or invalid,ESCALATE_TECHNICAL,FOOTBALL_RESOLVED_TECHNICAL_PLAN_REQUIRED,MOVE_TO_TARGET_PRESERVE_METADATA,458761,,,,2026/27 current roster places player at target club_id 458761; native club_id is 1179655.,HIGH,https://www.transfermarkt.de/royal-charleroi-sc/kader/verein/172/saison_id/2026/plus/1,https://www.transfermarkt.de/royal-charleroi-sc/kader/verein/172/saison_id/2026/plus/1,Build the exact native guarded move plan locally; preserve unresolved joined/contract/shirt fields.
FM27-0d343b5ff4590c8e4b503b5e,Isaac Cissé,2006-10-10,BEL1,Royal Charleroi SC,CONTRACT_CHRONOLOGY,Joined/end/shirt fields are incomplete or invalid,ESCALATE_TECHNICAL,FOOTBALL_RESOLVED_TECHNICAL_PLAN_REQUIRED,MOVE_TO_TARGET_PRESERVE_METADATA,458761,,,,2026/27 current roster places player at target club_id 458761; native club_id is 9175042.,HIGH,https://www.transfermarkt.de/royal-charleroi-sc/kader/verein/172/saison_id/2026/plus/1,https://www.transfermarkt.de/royal-charleroi-sc/kader/verein/172/saison_id/2026/plus/1,Build the exact native guarded move plan locally; preserve unresolved joined/contract/shirt fields.
FM27-309ebfd030fb1abef9d7f201,Rafaël Teugels,2006-06-07,BEL1,Royal Charleroi SC,CONTRACT_CHRONOLOGY,Joined/end/shirt fields are incomplete or invalid,KEEP_EXISTING,EXTERNALLY_RESOLVED_NO_CHANGE,NO_CHANGE_KEEP_EXISTING,458761,,,,Current club already matches the 2026/27 roster target; only incomplete chronology/metadata triggered review.,HIGH,https://www.transfermarkt.de/royal-charleroi-sc/kader/verein/172/saison_id/2026/plus/1,https://www.transfermarkt.de/royal-charleroi-sc/kader/verein/172/saison_id/2026/plus/1,Do not change football state. Remove this row from sprint-blocking coverage.
FM27-e06ad18dfeff030474167da9,Ahmad Abu Rasen,2003-11-02,BEL1,VV St. Truiden,CONTRACT_CHRONOLOGY,Joined/end/shirt fields are incomplete or invalid,ESCALATE_TECHNICAL,FOOTBALL_RESOLVED_TECHNICAL_PLAN_REQUIRED,MOVE_TO_TARGET_PRESERVE_METADATA,458759,,,,2026/27 current roster places player at target club_id 458759; native club_id is 11993090.,HIGH,https://www.transfermarkt.de/vv-st-truiden/kader/verein/475/saison_id/2026/plus/1,https://www.transfermarkt.de/vv-st-truiden/kader/verein/475/saison_id/2026/plus/1,Build the exact native guarded move plan locally; preserve unresolved joined/contract/shirt fields.
FM27-f21487776a8c0ce88e0aa3b4,Ryotaro Araki,2002-01-29,BEL1,VV St. Truiden,CONTRACT_CHRONOLOGY,Joined/end/shirt fields are incomplete or invalid,ESCALATE_TECHNICAL,FOOTBALL_RESOLVED_TECHNICAL_PLAN_REQUIRED,MOVE_TO_TARGET_PRESERVE_METADATA,458759,,,,2026/27 current roster places player at target club_id 458759; native club_id is 10682372.,HIGH,https://www.transfermarkt.de/vv-st-truiden/kader/verein/475/saison_id/2026/plus/1,https://www.transfermarkt.de/vv-st-truiden/kader/verein/475/saison_id/2026/plus/1,Build the exact native guarded move plan locally; preserve unresolved joined/contract/shirt fields.
FM27-1423b22dcdce21b63b6b6947,Florian Van Bever,2007-10-02,BEL1,Zulte Waregem,CONTRACT_CHRONOLOGY,Joined/end/shirt fields are incomplete or invalid,KEEP_EXISTING,EXTERNALLY_RESOLVED_NO_CHANGE,NO_CHANGE_KEEP_EXISTING,458782,,,,Current club already matches the 2026/27 roster target; only incomplete chronology/metadata triggered review.,HIGH,https://www.transfermarkt.de/zulte-waregem/kader/verein/3508/saison_id/2026/plus/1,https://www.transfermarkt.de/zulte-waregem/kader/verein/3508/saison_id/2026/plus/1,Do not change football state. Remove this row from sprint-blocking coverage.
FM27-39bbbb02d2296f5c085a464b,Leos Prior,2005-01-04,CZE1,1.FC Slovacko,CONTRACT_CHRONOLOGY,Joined/end/shirt fields are incomplete or invalid,ESCALATE_TECHNICAL,FOOTBALL_RESOLVED_TECHNICAL_PLAN_REQUIRED,MOVE_TO_TARGET_PRESERVE_METADATA,786461,,,,2026/27 current roster places player at target club_id 786461; native club_id is 790532.,HIGH,https://www.transfermarkt.de/1-fc-slovacko/kader/verein/5544/saison_id/2026/plus/1,https://www.transfermarkt.de/1-fc-slovacko/kader/verein/5544/saison_id/2026/plus/1,Build the exact native guarded move plan locally; preserve unresolved joined/contract/shirt fields.
FM27-4c88d6f6a1a0a31c21b585f2,Ousman Ceesay,2005-07-08,CZE1,1.FC Slovacko,CONTRACT_CHRONOLOGY,Joined/end/shirt fields are incomplete or invalid,KEEP_EXISTING,EXTERNALLY_RESOLVED_NO_CHANGE,NO_CHANGE_KEEP_EXISTING,786461,,,,Current club already matches the 2026/27 roster target; only incomplete chronology/metadata triggered review.,HIGH,https://www.transfermarkt.de/1-fc-slovacko/kader/verein/5544/saison_id/2026/plus/1,https://www.transfermarkt.de/1-fc-slovacko/kader/verein/5544/saison_id/2026/plus/1,Do not change football state. Remove this row from sprint-blocking coverage.
FM27-f5b5c80eaaeac6c713043776,Adam Karabec,2003-07-02,CZE1,AC Sparta Prag,CONTRACT_CHRONOLOGY,Joined/end/shirt fields are incomplete or invalid,ESCALATE_TECHNICAL,FOOTBALL_RESOLVED_TECHNICAL_PLAN_REQUIRED,MOVE_TO_TARGET_PRESERVE_METADATA,786442,,,,2026/27 current roster places player at target club_id 786442; native club_id is 1179661.,HIGH,https://www.transfermarkt.de/ac-sparta-prag/kader/verein/197/saison_id/2026/plus/1,https://www.transfermarkt.de/ac-sparta-prag/kader/verein/197/saison_id/2026/plus/1,Build the exact native guarded move plan locally; preserve unresolved joined/contract/shirt fields.
FM27-9f6c9d61b7f715e89fb5dd52,Hugo Sochurek,2008-06-07,CZE1,AC Sparta Prag,CONTRACT_CHRONOLOGY,Joined/end/shirt fields are incomplete or invalid,KEEP_EXISTING,EXTERNALLY_RESOLVED_NO_CHANGE,NO_CHANGE_KEEP_EXISTING,786442,,,,Current club already matches the 2026/27 roster target; only incomplete chronology/metadata triggered review.,HIGH,https://www.transfermarkt.de/ac-sparta-prag/kader/verein/197/saison_id/2026/plus/1,https://www.transfermarkt.de/ac-sparta-prag/kader/verein/197/saison_id/2026/plus/1,Do not change football state. Remove this row from sprint-blocking coverage.
FM27-c2b3746545bff94b4f9fe2e0,Joao Grimaldo,2003-02-20,CZE1,AC Sparta Prag,CONTRACT_CHRONOLOGY,Joined/end/shirt fields are incomplete or invalid,ESCALATE_TECHNICAL,FOOTBALL_RESOLVED_TECHNICAL_PLAN_REQUIRED,MOVE_TO_TARGET_PRESERVE_METADATA,786442,,,,2026/27 current roster places player at target club_id 786442; native club_id is 1847353.,HIGH,https://www.transfermarkt.de/ac-sparta-prag/kader/verein/197/saison_id/2026/plus/1,https://www.transfermarkt.de/ac-sparta-prag/kader/verein/197/saison_id/2026/plus/1,Build the exact native guarded move plan locally; preserve unresolved joined/contract/shirt fields.
FM27-452ecb364dbdb5f324a3ce22,Ki-Jana Hoever,2002-01-18,CZE1,AC Sparta Prag,CONTRACT_CHRONOLOGY,Joined/end/shirt fields are incomplete or invalid,ESCALATE_TECHNICAL,FOOTBALL_RESOLVED_TECHNICAL_PLAN_REQUIRED,MOVE_TO_TARGET_PRESERVE_METADATA,786442,,,,2026/27 current roster places player at target club_id 786442; native club_id is 917547.,HIGH,https://www.transfermarkt.de/ac-sparta-prag/kader/verein/197/saison_id/2026/plus/1,https://www.transfermarkt.de/ac-sparta-prag/kader/verein/197/saison_id/2026/plus/1,Build the exact native guarded move plan locally; preserve unresolved joined/contract/shirt fields.
FM27-9e2e7b3c09ae2810f35fa7b0,Loïc Mbe Soh,2001-06-13,CZE1,AC Sparta Prag,CONTRACT_CHRONOLOGY,Joined/end/shirt fields are incomplete or invalid,ESCALATE_TECHNICAL,FOOTBALL_RESOLVED_TECHNICAL_PLAN_REQUIRED,MOVE_TO_TARGET_PRESERVE_METADATA,786442,,,,2026/27 current roster places player at target club_id 786442; native club_id is 458802.,HIGH,https://www.transfermarkt.de/ac-sparta-prag/kader/verein/197/saison_id/2026/plus/1,https://www.transfermarkt.de/ac-sparta-prag/kader/verein/197/saison_id/2026/plus/1,Build the exact native guarded move plan locally; preserve unresolved joined/contract/shirt fields.
FM27-fcf7f94596d39bed55049631,Matyas Vojta,2004-02-26,CZE1,AC Sparta Prag,CONTRACT_CHRONOLOGY,Joined/end/shirt fields are incomplete or invalid,ESCALATE_TECHNICAL,FOOTBALL_RESOLVED_TECHNICAL_PLAN_REQUIRED,MOVE_TO_TARGET_PRESERVE_METADATA,786442,,,,2026/27 current roster places player at target club_id 786442; native club_id is 786434.,HIGH,https://www.transfermarkt.de/ac-sparta-prag/kader/verein/197/saison_id/2026/plus/1,https://www.transfermarkt.de/ac-sparta-prag/kader/verein/197/saison_id/2026/plus/1,Build the exact native guarded move plan locally; preserve unresolved joined/contract/shirt fields.
FM27-51cbccaaa5e57e69f19403c8,Ondrej Penxa,2007-03-23,CZE1,AC Sparta Prag,CONTRACT_CHRONOLOGY,Joined/end/shirt fields are incomplete or invalid,KEEP_EXISTING,EXTERNALLY_RESOLVED_NO_CHANGE,NO_CHANGE_KEEP_EXISTING,786442,,,,Current club already matches the 2026/27 roster target; only incomplete chronology/metadata triggered review.,HIGH,https://www.transfermarkt.de/ac-sparta-prag/kader/verein/197/saison_id/2026/plus/1,https://www.transfermarkt.de/ac-sparta-prag/kader/verein/197/saison_id/2026/plus/1,Do not change football state. Remove this row from sprint-blocking coverage.
FM27-7056894869de2abe15a8b6cb,Roman Macek,1997-04-18,CZE1,AC Sparta Prag,CONTRACT_CHRONOLOGY,Joined/end/shirt fields are incomplete or invalid,ESCALATE_TECHNICAL,FOOTBALL_RESOLVED_TECHNICAL_PLAN_REQUIRED,MOVE_TO_TARGET_PRESERVE_METADATA,786442,,,,2026/27 current roster places player at target club_id 786442; native club_id is 786434.,HIGH,https://www.transfermarkt.de/ac-sparta-prag/kader/verein/197/saison_id/2026/plus/1,https://www.transfermarkt.de/ac-sparta-prag/kader/verein/197/saison_id/2026/plus/1,Build the exact native guarded move plan locally; preserve unresolved joined/contract/shirt fields.
FM27-87c10a520730cafa3c7ca798,Viktor Vitályos,2007-07-18,CZE1,AC Sparta Prag,CONTRACT_CHRONOLOGY,Joined/end/shirt fields are incomplete or invalid,ESCALATE_TECHNICAL,FOOTBALL_RESOLVED_TECHNICAL_PLAN_REQUIRED,MOVE_TO_TARGET_PRESERVE_METADATA,786442,,,,2026/27 current roster places player at target club_id 786442; native club_id is 1507331.,HIGH,https://www.transfermarkt.de/ac-sparta-prag/kader/verein/197/saison_id/2026/plus/1,https://www.transfermarkt.de/ac-sparta-prag/kader/verein/197/saison_id/2026/plus/1,Build the exact native guarded move plan locally; preserve unresolved joined/contract/shirt fields.
FM27-d881f591f44c986b787fa011,Dominik Plestil,1999-08-09,CZE1,Bohemians Prag 1905,CONTRACT_CHRONOLOGY,Joined/end/shirt fields are incomplete or invalid,KEEP_EXISTING,EXTERNALLY_RESOLVED_NO_CHANGE,NO_CHANGE_KEEP_EXISTING,786453,,,,Current club already matches the 2026/27 roster target; only incomplete chronology/metadata triggered review.,HIGH,https://www.transfermarkt.de/bohemians-prag-1905/kader/verein/715/saison_id/2026/plus/1,https://www.transfermarkt.de/bohemians-prag-1905/kader/verein/715/saison_id/2026/plus/1,Do not change football state. Remove this row from sprint-blocking coverage.
FM27-299553186c842024b6ef31f4,Matej Suryn,2004-09-22,CZE1,Bohemians Prag 1905,CONTRACT_CHRONOLOGY,Joined/end/shirt fields are incomplete or invalid,ESCALATE_TECHNICAL,FOOTBALL_RESOLVED_TECHNICAL_PLAN_REQUIRED,MOVE_TO_TARGET_PRESERVE_METADATA,786453,,,,2026/27 current roster places player at target club_id 786453; native club_id is 790599.,HIGH,https://www.transfermarkt.de/bohemians-prag-1905/kader/verein/715/saison_id/2026/plus/1,https://www.transfermarkt.de/bohemians-prag-1905/kader/verein/715/saison_id/2026/plus/1,Build the exact native guarded move plan locally; preserve unresolved joined/contract/shirt fields.
FM27-91258983ebd1cadba85e107c,Mathews Banda,2005-08-06,CZE1,Bohemians Prag 1905,CONTRACT_CHRONOLOGY,Joined/end/shirt fields are incomplete or invalid,ESCALATE_TECHNICAL,FOOTBALL_RESOLVED_TECHNICAL_PLAN_REQUIRED,MOVE_TO_TARGET_PRESERVE_METADATA,786453,,,,2026/27 current roster places player at target club_id 786453; native club_id is 9637891.,HIGH,https://www.transfermarkt.de/bohemians-prag-1905/kader/verein/715/saison_id/2026/plus/1,https://www.transfermarkt.de/bohemians-prag-1905/kader/verein/715/saison_id/2026/plus/1,Build the exact native guarded move plan locally; preserve unresolved joined/contract/shirt fields.
FM27-f8e64ee669e1e4844c0f4eba,Aboubacar Traore,2004-08-20,CZE1,FC Banik Ostrau,CONTRACT_CHRONOLOGY,Joined/end/shirt fields are incomplete or invalid,ESCALATE_TECHNICAL,FOOTBALL_RESOLVED_TECHNICAL_PLAN_REQUIRED,MOVE_TO_TARGET_PRESERVE_METADATA,786446,,,,2026/27 current roster places player at target club_id 786446; native club_id is 790540.,HIGH,https://www.transfermarkt.de/fc-banik-ostrau/kader/verein/377/saison_id/2026/plus/1,https://www.transfermarkt.de/fc-banik-ostrau/kader/verein/377/saison_id/2026/plus/1,Build the exact native guarded move plan locally; preserve unresolved joined/contract/shirt fields.
FM27-e2dec3b84909926ab17f87dc,Elione Fernandes Neto,2005-08-23,CZE1,FC Hradec Kralove,CONTRACT_CHRONOLOGY,Joined/end/shirt fields are incomplete or invalid,ESCALATE_TECHNICAL,FOOTBALL_RESOLVED_TECHNICAL_PLAN_REQUIRED,MOVE_TO_TARGET_PRESERVE_METADATA,790530,,,,2026/27 current roster places player at target club_id 790530; native club_id is 262150.,HIGH,https://www.transfermarkt.de/fc-hradec-kralove/kader/verein/1897/saison_id/2026/plus/1,https://www.transfermarkt.de/fc-hradec-kralove/kader/verein/1897/saison_id/2026/plus/1,Build the exact native guarded move plan locally; preserve unresolved joined/contract/shirt fields.
FM27-08770b4612b1a0e439ae632c,Stepan Ponikelsky,2007-06-25,CZE1,FC Hradec Kralove,CONTRACT_CHRONOLOGY,Joined/end/shirt fields are incomplete or invalid,KEEP_EXISTING,EXTERNALLY_RESOLVED_NO_CHANGE,NO_CHANGE_KEEP_EXISTING,790530,,,,Current club already matches the 2026/27 roster target; only incomplete chronology/metadata triggered review.,HIGH,https://www.transfermarkt.de/fc-hradec-kralove/kader/verein/1897/saison_id/2026/plus/1,https://www.transfermarkt.de/fc-hradec-kralove/kader/verein/1897/saison_id/2026/plus/1,Do not change football state. Remove this row from sprint-blocking coverage.
FM27-40295355978e2c9a952a2732,Tomas Wiesner,1997-07-17,CZE1,FC Hradec Kralove,CONTRACT_CHRONOLOGY,Joined/end/shirt fields are incomplete or invalid,ESCALATE_TECHNICAL,FOOTBALL_RESOLVED_TECHNICAL_PLAN_REQUIRED,MOVE_TO_TARGET_PRESERVE_METADATA,790530,,,,2026/27 current roster places player at target club_id 790530; native club_id is 0.,HIGH,https://www.transfermarkt.de/fc-hradec-kralove/kader/verein/1897/saison_id/2026/plus/1,https://www.transfermarkt.de/fc-hradec-kralove/kader/verein/1897/saison_id/2026/plus/1,Build the exact native guarded move plan locally; preserve unresolved joined/contract/shirt fields.
FM27-f711e8abcaef24d17470eb41,Viktor Zentrich,2003-06-13,CZE1,FC Hradec Kralove,CONTRACT_CHRONOLOGY,Joined/end/shirt fields are incomplete or invalid,ESCALATE_TECHNICAL,FOOTBALL_RESOLVED_TECHNICAL_PLAN_REQUIRED,MOVE_TO_TARGET_PRESERVE_METADATA,790530,,,,2026/27 current roster places player at target club_id 790530; native club_id is 0.,HIGH,https://www.transfermarkt.de/fc-hradec-kralove/kader/verein/1897/saison_id/2026/plus/1,https://www.transfermarkt.de/fc-hradec-kralove/kader/verein/1897/saison_id/2026/plus/1,Build the exact native guarded move plan locally; preserve unresolved joined/contract/shirt fields.
FM27-4d45a5ded489cdcc3f6a0b12,Dominik Tapaj,2004-05-10,CZE1,FC Viktoria Pilsen,CONTRACT_CHRONOLOGY,Joined/end/shirt fields are incomplete or invalid,ESCALATE_TECHNICAL,FOOTBALL_RESOLVED_TECHNICAL_PLAN_REQUIRED,MOVE_TO_TARGET_PRESERVE_METADATA,786450,,,,2026/27 current roster places player at target club_id 786450; native club_id is 2818052.,HIGH,https://www.transfermarkt.de/fc-viktoria-pilsen/kader/verein/941/saison_id/2026/plus/1,https://www.transfermarkt.de/fc-viktoria-pilsen/kader/verein/941/saison_id/2026/plus/1,Build the exact native guarded move plan locally; preserve unresolved joined/contract/shirt fields.
FM27-367ad086476125558cfb9091,Vaclav Mika,2000-06-01,CZE1,FC Viktoria Pilsen,CONTRACT_CHRONOLOGY,Joined/end/shirt fields are incomplete or invalid,ESCALATE_TECHNICAL,FOOTBALL_RESOLVED_TECHNICAL_PLAN_REQUIRED,MOVE_TO_TARGET_PRESERVE_METADATA,786450,,,,2026/27 current roster places player at target club_id 786450; native club_id is 2818060.,HIGH,https://www.transfermarkt.de/fc-viktoria-pilsen/kader/verein/941/saison_id/2026/plus/1,https://www.transfermarkt.de/fc-viktoria-pilsen/kader/verein/941/saison_id/2026/plus/1,Build the exact native guarded move plan locally; preserve unresolved joined/contract/shirt fields.
FM27-084c912823490b04f59a66b7,Dominik Svacek,1997-02-24,CZE1,FC Zbrojovka Brünn,CONTRACT_CHRONOLOGY,Joined/end/shirt fields are incomplete or invalid,KEEP_EXISTING,EXTERNALLY_RESOLVED_NO_CHANGE,NO_CHANGE_KEEP_EXISTING,786447,,,,Current club already matches the 2026/27 roster target; only incomplete chronology/metadata triggered review.,HIGH,https://www.transfermarkt.de/fc-zbrojovka-brunn/kader/verein/5225/saison_id/2026/plus/1,https://www.transfermarkt.de/fc-zbrojovka-brunn/kader/verein/5225/saison_id/2026/plus/1,Do not change football state. Remove this row from sprint-blocking coverage.
FM27-82e06ee37d17484d39311bd6,Eric Hunal,2005-01-21,CZE1,FC Zbrojovka Brünn,CONTRACT_CHRONOLOGY,Joined/end/shirt fields are incomplete or invalid,ESCALATE_TECHNICAL,FOOTBALL_RESOLVED_TECHNICAL_PLAN_REQUIRED,MOVE_TO_TARGET_PRESERVE_METADATA,786447,,,,2026/27 current roster places player at target club_id 786447; native club_id is 790532.,HIGH,https://www.transfermarkt.de/fc-zbrojovka-brunn/kader/verein/5225/saison_id/2026/plus/1,https://www.transfermarkt.de/fc-zbrojovka-brunn/kader/verein/5225/saison_id/2026/plus/1,Build the exact native guarded move plan locally; preserve unresolved joined/contract/shirt fields.
FM27-f6ed0460922494c720b81af8,Jakub Pokorny,1996-09-11,CZE1,FC Zbrojovka Brünn,CONTRACT_CHRONOLOGY,Joined/end/shirt fields are incomplete or invalid,ESCALATE_TECHNICAL,FOOTBALL_RESOLVED_TECHNICAL_PLAN_REQUIRED,MOVE_TO_TARGET_PRESERVE_METADATA,786447,,,,2026/27 current roster places player at target club_id 786447; native club_id is 1455254.,HIGH,https://www.transfermarkt.de/fc-zbrojovka-brunn/kader/verein/5225/saison_id/2026/plus/1,https://www.transfermarkt.de/fc-zbrojovka-brunn/kader/verein/5225/saison_id/2026/plus/1,Build the exact native guarded move plan locally; preserve unresolved joined/contract/shirt fields.
FM27-d34bf162c94771b633b2f793,Justin Araujo-Wilson,2002-08-26,CZE1,FC Zbrojovka Brünn,CONTRACT_CHRONOLOGY,Joined/end/shirt fields are incomplete or invalid,ESCALATE_TECHNICAL,FOOTBALL_RESOLVED_TECHNICAL_PLAN_REQUIRED,MOVE_TO_TARGET_PRESERVE_METADATA,786447,,,,2026/27 current roster places player at target club_id 786447; native club_id is 790563.,HIGH,https://www.transfermarkt.de/fc-zbrojovka-brunn/kader/verein/5225/saison_id/2026/plus/1,https://www.transfermarkt.de/fc-zbrojovka-brunn/kader/verein/5225/saison_id/2026/plus/1,Build the exact native guarded move plan locally; preserve unresolved joined/contract/shirt fields.
FM27-410cc8f1f68f5b15abfd5e8a,Lucky Ezeh,2004-01-23,CZE1,FC Zbrojovka Brünn,CONTRACT_CHRONOLOGY,Joined/end/shirt fields are incomplete or invalid,ESCALATE_TECHNICAL,FOOTBALL_RESOLVED_TECHNICAL_PLAN_REQUIRED,MOVE_TO_TARGET_PRESERVE_METADATA,786447,,,,2026/27 current roster places player at target club_id 786447; native club_id is 790540.,HIGH,https://www.transfermarkt.de/fc-zbrojovka-brunn/kader/verein/5225/saison_id/2026/plus/1,https://www.transfermarkt.de/fc-zbrojovka-brunn/kader/verein/5225/saison_id/2026/plus/1,Build the exact native guarded move plan locally; preserve unresolved joined/contract/shirt fields.
FM27-17e7cdbfc49f7b2bd55ebb79,Lukas Saal,2006-02-17,CZE1,FC Zbrojovka Brünn,CONTRACT_CHRONOLOGY,Joined/end/shirt fields are incomplete or invalid,ESCALATE_TECHNICAL,FOOTBALL_RESOLVED_TECHNICAL_PLAN_REQUIRED,MOVE_TO_TARGET_PRESERVE_METADATA,786447,,,,2026/27 current roster places player at target club_id 786447; native club_id is 790563.,HIGH,https://www.transfermarkt.de/fc-zbrojovka-brunn/kader/verein/5225/saison_id/2026/plus/1,https://www.transfermarkt.de/fc-zbrojovka-brunn/kader/verein/5225/saison_id/2026/plus/1,Build the exact native guarded move plan locally; preserve unresolved joined/contract/shirt fields.
FM27-fc5fc2cab457391975e357f2,Petr Sevcik,1994-05-04,CZE1,FC Zbrojovka Brünn,CONTRACT_CHRONOLOGY,Joined/end/shirt fields are incomplete or invalid,ESCALATE_TECHNICAL,FOOTBALL_RESOLVED_TECHNICAL_PLAN_REQUIRED,MOVE_TO_TARGET_PRESERVE_METADATA,786447,,,,2026/27 current roster places player at target club_id 786447; native club_id is 786441.,HIGH,https://www.transfermarkt.de/fc-zbrojovka-brunn/kader/verein/5225/saison_id/2026/plus/1,https://www.transfermarkt.de/fc-zbrojovka-brunn/kader/verein/5225/saison_id/2026/plus/1,Build the exact native guarded move plan locally; preserve unresolved joined/contract/shirt fields.
FM27-28fc69f149e5b2c8be31fe24,Stepan Langer,2000-08-16,CZE1,FC Zbrojovka Brünn,CONTRACT_CHRONOLOGY,Joined/end/shirt fields are incomplete or invalid,ESCALATE_TECHNICAL,FOOTBALL_RESOLVED_TECHNICAL_PLAN_REQUIRED,MOVE_TO_TARGET_PRESERVE_METADATA,786447,,,,2026/27 current roster places player at target club_id 786447; native club_id is 786439.,HIGH,https://www.transfermarkt.de/fc-zbrojovka-brunn/kader/verein/5225/saison_id/2026/plus/1,https://www.transfermarkt.de/fc-zbrojovka-brunn/kader/verein/5225/saison_id/2026/plus/1,Build the exact native guarded move plan locally; preserve unresolved joined/contract/shirt fields.
FM27-30bdd637efd2baaf56d29c17,Stepan Bachurek,2002-08-24,CZE1,FC Zlin,CONTRACT_CHRONOLOGY,Joined/end/shirt fields are incomplete or invalid,KEEP_EXISTING,EXTERNALLY_RESOLVED_NO_CHANGE,NO_CHANGE_KEEP_EXISTING,786445,,,,Current club already matches the 2026/27 roster target; only incomplete chronology/metadata triggered review.,HIGH,https://www.transfermarkt.de/fc-zlin/kader/verein/5545/saison_id/2026/plus/1,https://www.transfermarkt.de/fc-zlin/kader/verein/5545/saison_id/2026/plus/1,Do not change football state. Remove this row from sprint-blocking coverage.
FM27-8272625af3917fd6a5312a3c,Tomas Fojtu,2003-08-02,CZE1,FC Zlin,CONTRACT_CHRONOLOGY,Joined/end/shirt fields are incomplete or invalid,KEEP_EXISTING,EXTERNALLY_RESOLVED_NO_CHANGE,NO_CHANGE_KEEP_EXISTING,786445,,,,Current club already matches the 2026/27 roster target; only incomplete chronology/metadata triggered review.,HIGH,https://www.transfermarkt.de/fc-zlin/kader/verein/5545/saison_id/2026/plus/1,https://www.transfermarkt.de/fc-zlin/kader/verein/5545/saison_id/2026/plus/1,Do not change football state. Remove this row from sprint-blocking coverage.
FM27-49b8c246edde6d364ee0a2a8,Tomas Hellebrand,2007-08-31,CZE1,FC Zlin,CONTRACT_CHRONOLOGY,Joined/end/shirt fields are incomplete or invalid,KEEP_EXISTING,EXTERNALLY_RESOLVED_NO_CHANGE,NO_CHANGE_KEEP_EXISTING,786445,,,,Current club already matches the 2026/27 roster target; only incomplete chronology/metadata triggered review.,HIGH,https://www.transfermarkt.de/fc-zlin/kader/verein/5545/saison_id/2026/plus/1,https://www.transfermarkt.de/fc-zlin/kader/verein/5545/saison_id/2026/plus/1,Do not change football state. Remove this row from sprint-blocking coverage.
FM27-85f6f92b2a32e7299294c72f,David Nykrin,2004-06-28,CZE1,FK Jablonec,CONTRACT_CHRONOLOGY,Joined/end/shirt fields are incomplete or invalid,KEEP_EXISTING,EXTERNALLY_RESOLVED_NO_CHANGE,NO_CHANGE_KEEP_EXISTING,786437,,,,Current club already matches the 2026/27 roster target; only incomplete chronology/metadata triggered review.,HIGH,https://www.transfermarkt.de/fk-jablonec/kader/verein/1322/saison_id/2026/plus/1,https://www.transfermarkt.de/fk-jablonec/kader/verein/1322/saison_id/2026/plus/1,Do not change football state. Remove this row from sprint-blocking coverage.
FM27-706876048f432207de57fb46,Jan Suchan,1996-01-18,CZE1,FK Jablonec,CONTRACT_CHRONOLOGY,Joined/end/shirt fields are incomplete or invalid,KEEP_EXISTING,EXTERNALLY_RESOLVED_NO_CHANGE,NO_CHANGE_KEEP_EXISTING,786437,,,,Current club already matches the 2026/27 roster target; only incomplete chronology/metadata triggered review.,HIGH,https://www.transfermarkt.de/fk-jablonec/kader/verein/1322/saison_id/2026/plus/1,https://www.transfermarkt.de/fk-jablonec/kader/verein/1322/saison_id/2026/plus/1,Do not change football state. Remove this row from sprint-blocking coverage.
FM27-dc7ab24afbeff61030c4a6cc,Nelson Okeke,2002-03-25,CZE1,FK Jablonec,CONTRACT_CHRONOLOGY,Joined/end/shirt fields are incomplete or invalid,ESCALATE_TECHNICAL,FOOTBALL_RESOLVED_TECHNICAL_PLAN_REQUIRED,MOVE_TO_TARGET_PRESERVE_METADATA,786437,,,,2026/27 current roster places player at target club_id 786437; native club_id is 786453.,HIGH,https://www.transfermarkt.de/fk-jablonec/kader/verein/1322/saison_id/2026/plus/1,https://www.transfermarkt.de/fk-jablonec/kader/verein/1322/saison_id/2026/plus/1,Build the exact native guarded move plan locally; preserve unresolved joined/contract/shirt fields.
FM27-bbf0b8a1f484b774b2518cfb,Roman Horak,2005-02-25,CZE1,FK Jablonec,CONTRACT_CHRONOLOGY,Joined/end/shirt fields are incomplete or invalid,ESCALATE_TECHNICAL,FOOTBALL_RESOLVED_TECHNICAL_PLAN_REQUIRED,MOVE_TO_TARGET_PRESERVE_METADATA,786437,,,,2026/27 current roster places player at target club_id 786437; native club_id is 786442.,HIGH,https://www.transfermarkt.de/fk-jablonec/kader/verein/1322/saison_id/2026/plus/1,https://www.transfermarkt.de/fk-jablonec/kader/verein/1322/saison_id/2026/plus/1,Build the exact native guarded move plan locally; preserve unresolved joined/contract/shirt fields.
FM27-6d644ec03587a546f31bf704,Daniel Langhamer,2003-03-20,CZE1,FK Mlada Boleslav,CONTRACT_CHRONOLOGY,Joined/end/shirt fields are incomplete or invalid,KEEP_EXISTING,EXTERNALLY_RESOLVED_NO_CHANGE,NO_CHANGE_KEEP_EXISTING,786434,,,,Current club already matches the 2026/27 roster target; only incomplete chronology/metadata triggered review.,HIGH,https://www.transfermarkt.de/fk-mlada-boleslav/kader/verein/5546/saison_id/2026/plus/1,https://www.transfermarkt.de/fk-mlada-boleslav/kader/verein/5546/saison_id/2026/plus/1,Do not change football state. Remove this row from sprint-blocking coverage.
FM27-e57057fadcb6df1aa72c6bb4,Filip Kolar,2005-06-06,CZE1,FK Mlada Boleslav,CONTRACT_CHRONOLOGY,Joined/end/shirt fields are incomplete or invalid,KEEP_EXISTING,EXTERNALLY_RESOLVED_NO_CHANGE,NO_CHANGE_KEEP_EXISTING,786434,,,,Current club already matches the 2026/27 roster target; only incomplete chronology/metadata triggered review.,HIGH,https://www.transfermarkt.de/fk-mlada-boleslav/kader/verein/5546/saison_id/2026/plus/1,https://www.transfermarkt.de/fk-mlada-boleslav/kader/verein/5546/saison_id/2026/plus/1,Do not change football state. Remove this row from sprint-blocking coverage.
FM27-4bda925bb66312dcbe20c068,Filip Lehky,2002-06-20,CZE1,FK Mlada Boleslav,CONTRACT_CHRONOLOGY,Joined/end/shirt fields are incomplete or invalid,KEEP_EXISTING,EXTERNALLY_RESOLVED_NO_CHANGE,NO_CHANGE_KEEP_EXISTING,786434,,,,Current club already matches the 2026/27 roster target; only incomplete chronology/metadata triggered review.,HIGH,https://www.transfermarkt.de/fk-mlada-boleslav/kader/verein/5546/saison_id/2026/plus/1,https://www.transfermarkt.de/fk-mlada-boleslav/kader/verein/5546/saison_id/2026/plus/1,Do not change football state. Remove this row from sprint-blocking coverage.
FM27-b149fccf6ec3349eeb960916,Jan Buryan,2005-10-11,CZE1,FK Mlada Boleslav,CONTRACT_CHRONOLOGY,Joined/end/shirt fields are incomplete or invalid,ESCALATE_TECHNICAL,FOOTBALL_RESOLVED_TECHNICAL_PLAN_REQUIRED,MOVE_TO_TARGET_PRESERVE_METADATA,786434,,,,2026/27 current roster places player at target club_id 786434; native club_id is 790549.,HIGH,https://www.transfermarkt.de/fk-mlada-boleslav/kader/verein/5546/saison_id/2026/plus/1,https://www.transfermarkt.de/fk-mlada-boleslav/kader/verein/5546/saison_id/2026/plus/1,Build the exact native guarded move plan locally; preserve unresolved joined/contract/shirt fields.
FM27-20506b3332fe8f53f0d234a1,Jan Zíka,2006-02-02,CZE1,FK Mlada Boleslav,CONTRACT_CHRONOLOGY,Joined/end/shirt fields are incomplete or invalid,KEEP_EXISTING,EXTERNALLY_RESOLVED_NO_CHANGE,NO_CHANGE_KEEP_EXISTING,786434,,,,Current club already matches the 2026/27 roster target; only incomplete chronology/metadata triggered review.,HIGH,https://www.transfermarkt.de/fk-mlada-boleslav/kader/verein/5546/saison_id/2026/plus/1,https://www.transfermarkt.de/fk-mlada-boleslav/kader/verein/5546/saison_id/2026/plus/1,Do not change football state. Remove this row from sprint-blocking coverage.
FM27-13c22a9a23619ba9be6775e8,Marek Obdrzalek,2007-03-03,CZE1,FK Mlada Boleslav,CONTRACT_CHRONOLOGY,Joined/end/shirt fields are incomplete or invalid,KEEP_EXISTING,EXTERNALLY_RESOLVED_NO_CHANGE,NO_CHANGE_KEEP_EXISTING,786434,,,,Current club already matches the 2026/27 roster target; only incomplete chronology/metadata triggered review.,HIGH,https://www.transfermarkt.de/fk-mlada-boleslav/kader/verein/5546/saison_id/2026/plus/1,https://www.transfermarkt.de/fk-mlada-boleslav/kader/verein/5546/saison_id/2026/plus/1,Do not change football state. Remove this row from sprint-blocking coverage.
FM27-dc8ec6509f029c487057acaa,Matej Zachoval,2005-04-09,CZE1,FK Mlada Boleslav,CONTRACT_CHRONOLOGY,Joined/end/shirt fields are incomplete or invalid,KEEP_EXISTING,EXTERNALLY_RESOLVED_NO_CHANGE,NO_CHANGE_KEEP_EXISTING,786434,,,,Current club already matches the 2026/27 roster target; only incomplete chronology/metadata triggered review.,HIGH,https://www.transfermarkt.de/fk-mlada-boleslav/kader/verein/5546/saison_id/2026/plus/1,https://www.transfermarkt.de/fk-mlada-boleslav/kader/verein/5546/saison_id/2026/plus/1,Do not change football state. Remove this row from sprint-blocking coverage.
FM27-89dddd8e876a67a5991da328,Vojtech Hora,2004-05-05,CZE1,FK Mlada Boleslav,CONTRACT_CHRONOLOGY,Joined/end/shirt fields are incomplete or invalid,KEEP_EXISTING,EXTERNALLY_RESOLVED_NO_CHANGE,NO_CHANGE_KEEP_EXISTING,786434,,,,Current club already matches the 2026/27 roster target; only incomplete chronology/metadata triggered review.,HIGH,https://www.transfermarkt.de/fk-mlada-boleslav/kader/verein/5546/saison_id/2026/plus/1,https://www.transfermarkt.de/fk-mlada-boleslav/kader/verein/5546/saison_id/2026/plus/1,Do not change football state. Remove this row from sprint-blocking coverage.
FM27-c5757dc161b9dce6da4e1d98,Vojtech Vorel,1996-06-18,CZE1,FK Mlada Boleslav,CONTRACT_CHRONOLOGY,Joined/end/shirt fields are incomplete or invalid,ESCALATE_TECHNICAL,FOOTBALL_RESOLVED_TECHNICAL_PLAN_REQUIRED,MOVE_TO_TARGET_PRESERVE_METADATA,786434,,,,2026/27 current roster places player at target club_id 786434; native club_id is 786442.,HIGH,https://www.transfermarkt.de/fk-mlada-boleslav/kader/verein/5546/saison_id/2026/plus/1,https://www.transfermarkt.de/fk-mlada-boleslav/kader/verein/5546/saison_id/2026/plus/1,Build the exact native guarded move plan locally; preserve unresolved joined/contract/shirt fields.
FM27-3b942518784a134cc5474aa8,Abdullahi Tanko,1998-05-12,CZE1,FK Pardubice,CONTRACT_CHRONOLOGY,Joined/end/shirt fields are incomplete or invalid,KEEP_EXISTING,EXTERNALLY_RESOLVED_NO_CHANGE,NO_CHANGE_KEEP_EXISTING,790538,,,,Current club already matches the 2026/27 roster target; only incomplete chronology/metadata triggered review.,HIGH,https://www.transfermarkt.de/fk-pardubice/kader/verein/1496/saison_id/2026/plus/1,https://www.transfermarkt.de/fk-pardubice/kader/verein/1496/saison_id/2026/plus/1,Do not change football state. Remove this row from sprint-blocking coverage.
FM27-9dea4c0b528aa10240f9e47c,Dominique Simon,2000-07-29,CZE1,FK Pardubice,CONTRACT_CHRONOLOGY,Joined/end/shirt fields are incomplete or invalid,ESCALATE_TECHNICAL,FOOTBALL_RESOLVED_TECHNICAL_PLAN_REQUIRED,MOVE_TO_TARGET_PRESERVE_METADATA,790538,,,,2026/27 current roster places player at target club_id 790538; native club_id is 2818060.,HIGH,https://www.transfermarkt.de/fk-pardubice/kader/verein/1496/saison_id/2026/plus/1,https://www.transfermarkt.de/fk-pardubice/kader/verein/1496/saison_id/2026/plus/1,Build the exact native guarded move plan locally; preserve unresolved joined/contract/shirt fields.
FM27-c39e618af5f9288b08ff8cff,Filip Brdicka,2004-08-06,CZE1,FK Pardubice,CONTRACT_CHRONOLOGY,Joined/end/shirt fields are incomplete or invalid,KEEP_EXISTING,EXTERNALLY_RESOLVED_NO_CHANGE,NO_CHANGE_KEEP_EXISTING,790538,,,,Current club already matches the 2026/27 roster target; only incomplete chronology/metadata triggered review.,HIGH,https://www.transfermarkt.de/fk-pardubice/kader/verein/1496/saison_id/2026/plus/1,https://www.transfermarkt.de/fk-pardubice/kader/verein/1496/saison_id/2026/plus/1,Do not change football state. Remove this row from sprint-blocking coverage.
FM27-9956c7300c625f08216436f7,Jan Tredl,2004-07-06,CZE1,FK Pardubice,CONTRACT_CHRONOLOGY,Joined/end/shirt fields are incomplete or invalid,KEEP_EXISTING,EXTERNALLY_RESOLVED_NO_CHANGE,NO_CHANGE_KEEP_EXISTING,790538,,,,Current club already matches the 2026/27 roster target; only incomplete chronology/metadata triggered review.,HIGH,https://www.transfermarkt.de/fk-pardubice/kader/verein/1496/saison_id/2026/plus/1,https://www.transfermarkt.de/fk-pardubice/kader/verein/1496/saison_id/2026/plus/1,Do not change football state. Remove this row from sprint-blocking coverage.
FM27-33de8de338a6d897f25d24b7,Vojtech Patrak,2000-03-18,CZE1,FK Pardubice,CONTRACT_CHRONOLOGY,Joined/end/shirt fields are incomplete or invalid,KEEP_EXISTING,EXTERNALLY_RESOLVED_NO_CHANGE,NO_CHANGE_KEEP_EXISTING,790538,,,,Current club already matches the 2026/27 roster target; only incomplete chronology/metadata triggered review.,HIGH,https://www.transfermarkt.de/fk-pardubice/kader/verein/1496/saison_id/2026/plus/1,https://www.transfermarkt.de/fk-pardubice/kader/verein/1496/saison_id/2026/plus/1,Do not change football state. Remove this row from sprint-blocking coverage.
FM27-489808efe1ade48c2186005d,Idris Hopi,2008-05-12,CZE1,FK Teplice,CONTRACT_CHRONOLOGY,Joined/end/shirt fields are incomplete or invalid,KEEP_EXISTING,EXTERNALLY_RESOLVED_NO_CHANGE,NO_CHANGE_KEEP_EXISTING,786443,,,,Current club already matches the 2026/27 roster target; only incomplete chronology/metadata triggered review.,HIGH,https://www.transfermarkt.de/fk-teplice/kader/verein/814/saison_id/2026/plus/1,https://www.transfermarkt.de/fk-teplice/kader/verein/814/saison_id/2026/plus/1,Do not change football state. Remove this row from sprint-blocking coverage.
FM27-22b31b25eb192cccf84b5b7c,John Auta,2006-04-28,CZE1,FK Teplice,CONTRACT_CHRONOLOGY,Joined/end/shirt fields are incomplete or invalid,KEEP_EXISTING,EXTERNALLY_RESOLVED_NO_CHANGE,NO_CHANGE_KEEP_EXISTING,786443,,,,Current club already matches the 2026/27 roster target; only incomplete chronology/metadata triggered review.,HIGH,https://www.transfermarkt.de/fk-teplice/kader/verein/814/saison_id/2026/plus/1,https://www.transfermarkt.de/fk-teplice/kader/verein/814/saison_id/2026/plus/1,Do not change football state. Remove this row from sprint-blocking coverage.
FM27-2be02aa5f525af031b43a8b3,Matej Naprstek,2003-07-27,CZE1,FK Teplice,CONTRACT_CHRONOLOGY,Joined/end/shirt fields are incomplete or invalid,KEEP_EXISTING,EXTERNALLY_RESOLVED_NO_CHANGE,NO_CHANGE_KEEP_EXISTING,786443,,,,Current club already matches the 2026/27 roster target; only incomplete chronology/metadata triggered review.,HIGH,https://www.transfermarkt.de/fk-teplice/kader/verein/814/saison_id/2026/plus/1,https://www.transfermarkt.de/fk-teplice/kader/verein/814/saison_id/2026/plus/1,Do not change football state. Remove this row from sprint-blocking coverage.
FM27-eb105c85985a0fdd7eb642b1,Petr Kodes,1996-01-31,CZE1,FK Teplice,CONTRACT_CHRONOLOGY,Joined/end/shirt fields are incomplete or invalid,ESCALATE_TECHNICAL,FOOTBALL_RESOLVED_TECHNICAL_PLAN_REQUIRED,MOVE_TO_TARGET_PRESERVE_METADATA,786443,,,,2026/27 current roster places player at target club_id 786443; native club_id is 790530.,HIGH,https://www.transfermarkt.de/fk-teplice/kader/verein/814/saison_id/2026/plus/1,https://www.transfermarkt.de/fk-teplice/kader/verein/814/saison_id/2026/plus/1,Build the exact native guarded move plan locally; preserve unresolved joined/contract/shirt fields.
FM27-9cd7e4aae7e07e0743a13036,Sebastian Pech,2009-01-05,CZE1,FK Teplice,CONTRACT_CHRONOLOGY,Joined/end/shirt fields are incomplete or invalid,ESCALATE_TECHNICAL,FOOTBALL_RESOLVED_TECHNICAL_PLAN_REQUIRED,MOVE_TO_TARGET_PRESERVE_METADATA,786443,,,,2026/27 current roster places player at target club_id 786443; native club_id is 786442.,HIGH,https://www.transfermarkt.de/fk-teplice/kader/verein/814/saison_id/2026/plus/1,https://www.transfermarkt.de/fk-teplice/kader/verein/814/saison_id/2026/plus/1,Build the exact native guarded move plan locally; preserve unresolved joined/contract/shirt fields.
FM27-52c9446a682812ac6c65f0cb,Tomas Zlatohlavek,2000-05-22,CZE1,FK Teplice,CONTRACT_CHRONOLOGY,Joined/end/shirt fields are incomplete or invalid,ESCALATE_TECHNICAL,FOOTBALL_RESOLVED_TECHNICAL_PLAN_REQUIRED,MOVE_TO_TARGET_PRESERVE_METADATA,786443,,,,2026/27 current roster places player at target club_id 786443; native club_id is 786446.,HIGH,https://www.transfermarkt.de/fk-teplice/kader/verein/814/saison_id/2026/plus/1,https://www.transfermarkt.de/fk-teplice/kader/verein/814/saison_id/2026/plus/1,Build the exact native guarded move plan locally; preserve unresolved joined/contract/shirt fields.
FM27-cdc74c84678330674a9c19cd,Adam Petrak,1999-08-20,CZE1,SK Artis Brünn,CONTRACT_CHRONOLOGY,Joined/end/shirt fields are incomplete or invalid,ESCALATE_TECHNICAL,FOOTBALL_RESOLVED_TECHNICAL_PLAN_REQUIRED,MOVE_TO_TARGET_PRESERVE_METADATA,790564,,,,2026/27 current roster places player at target club_id 790564; native club_id is 786454.,HIGH,https://www.transfermarkt.de/sk-artis-brunn/kader/verein/24325/saison_id/2026/plus/1,https://www.transfermarkt.de/sk-artis-brunn/kader/verein/24325/saison_id/2026/plus/1,Build the exact native guarded move plan locally; preserve unresolved joined/contract/shirt fields.
FM27-5df8e3a9bbe43ec8c56d6b9e,David Simek,1998-02-15,CZE1,SK Artis Brünn,CONTRACT_CHRONOLOGY,Joined/end/shirt fields are incomplete or invalid,ESCALATE_TECHNICAL,FOOTBALL_RESOLVED_TECHNICAL_PLAN_REQUIRED,MOVE_TO_TARGET_PRESERVE_METADATA,790564,,,,2026/27 current roster places player at target club_id 790564; native club_id is 790538.,HIGH,https://www.transfermarkt.de/sk-artis-brunn/kader/verein/24325/saison_id/2026/plus/1,https://www.transfermarkt.de/sk-artis-brunn/kader/verein/24325/saison_id/2026/plus/1,Build the exact native guarded move plan locally; preserve unresolved joined/contract/shirt fields.
FM27-73f21d57a7fc863344919b27,Martin Taus,2006-03-26,CZE1,SK Artis Brünn,CONTRACT_CHRONOLOGY,Joined/end/shirt fields are incomplete or invalid,KEEP_EXISTING,EXTERNALLY_RESOLVED_NO_CHANGE,NO_CHANGE_KEEP_EXISTING,790564,,,,Current club already matches the 2026/27 roster target; only incomplete chronology/metadata triggered review.,HIGH,https://www.transfermarkt.de/sk-artis-brunn/kader/verein/24325/saison_id/2026/plus/1,https://www.transfermarkt.de/sk-artis-brunn/kader/verein/24325/saison_id/2026/plus/1,Do not change football state. Remove this row from sprint-blocking coverage.
FM27-0d812459199e2be04d063e12,Richard Kasik,2007-12-05,CZE1,SK Artis Brünn,CONTRACT_CHRONOLOGY,Joined/end/shirt fields are incomplete or invalid,KEEP_EXISTING,EXTERNALLY_RESOLVED_NO_CHANGE,NO_CHANGE_KEEP_EXISTING,790564,,,,Current club already matches the 2026/27 roster target; only incomplete chronology/metadata triggered review.,HIGH,https://www.transfermarkt.de/sk-artis-brunn/kader/verein/24325/saison_id/2026/plus/1,https://www.transfermarkt.de/sk-artis-brunn/kader/verein/24325/saison_id/2026/plus/1,Do not change football state. Remove this row from sprint-blocking coverage.
FM27-758cef65aa0dafd73e574147,Anton Ekeroth,2001-09-16,CZE1,SK Sigma Olmütz,CONTRACT_CHRONOLOGY,Joined/end/shirt fields are incomplete or invalid,ESCALATE_TECHNICAL,FOOTBALL_RESOLVED_TECHNICAL_PLAN_REQUIRED,MOVE_TO_TARGET_PRESERVE_METADATA,786439,,,,2026/27 current roster places player at target club_id 786439; native club_id is 2359300.,HIGH,https://www.transfermarkt.de/sk-sigma-olmutz/kader/verein/2311/saison_id/2026/plus/1,https://www.transfermarkt.de/sk-sigma-olmutz/kader/verein/2311/saison_id/2026/plus/1,Build the exact native guarded move plan locally; preserve unresolved joined/contract/shirt fields.
FM27-88ba4df186bcfed0b07055e7,Dario Grgic,2003-03-16,CZE1,SK Sigma Olmütz,CONTRACT_CHRONOLOGY,Joined/end/shirt fields are incomplete or invalid,ESCALATE_TECHNICAL,FOOTBALL_RESOLVED_TECHNICAL_PLAN_REQUIRED,MOVE_TO_TARGET_PRESERVE_METADATA,786439,,,,2026/27 current roster places player at target club_id 786439; native club_id is 3355040.,HIGH,https://www.transfermarkt.de/sk-sigma-olmutz/kader/verein/2311/saison_id/2026/plus/1,https://www.transfermarkt.de/sk-sigma-olmutz/kader/verein/2311/saison_id/2026/plus/1,Build the exact native guarded move plan locally; preserve unresolved joined/contract/shirt fields.
FM27-71d4fed72a8c01ab54124499,Péter Baráth,2002-02-21,CZE1,SK Sigma Olmütz,CONTRACT_CHRONOLOGY,Joined/end/shirt fields are incomplete or invalid,ESCALATE_TECHNICAL,FOOTBALL_RESOLVED_TECHNICAL_PLAN_REQUIRED,MOVE_TO_TARGET_PRESERVE_METADATA,786439,,,,2026/27 current roster places player at target club_id 786439; native club_id is 2424906.,HIGH,https://www.transfermarkt.de/sk-sigma-olmutz/kader/verein/2311/saison_id/2026/plus/1,https://www.transfermarkt.de/sk-sigma-olmutz/kader/verein/2311/saison_id/2026/plus/1,Build the exact native guarded move plan locally; preserve unresolved joined/contract/shirt fields.
FM27-083a0c7851e413f26c2b1b4e,Vaclav Sejk,2002-05-18,CZE1,SK Sigma Olmütz,CONTRACT_CHRONOLOGY,Joined/end/shirt fields are incomplete or invalid,ESCALATE_TECHNICAL,FOOTBALL_RESOLVED_TECHNICAL_PLAN_REQUIRED,MOVE_TO_TARGET_PRESERVE_METADATA,786439,,,,2026/27 current roster places player at target club_id 786439; native club_id is 2228234.,HIGH,https://www.transfermarkt.de/sk-sigma-olmutz/kader/verein/2311/saison_id/2026/plus/1,https://www.transfermarkt.de/sk-sigma-olmutz/kader/verein/2311/saison_id/2026/plus/1,Build the exact native guarded move plan locally; preserve unresolved joined/contract/shirt fields.
FM27-f1dd98dc91cd2a70932fbdc5,Elias Pitak,2006-03-28,CZE1,SK Slavia Prag,CONTRACT_CHRONOLOGY,Joined/end/shirt fields are incomplete or invalid,KEEP_EXISTING,EXTERNALLY_RESOLVED_NO_CHANGE,NO_CHANGE_KEEP_EXISTING,786441,,,,Current club already matches the 2026/27 roster target; only incomplete chronology/metadata triggered review.,HIGH,https://www.transfermarkt.de/sk-slavia-prag/kader/verein/62/saison_id/2026/plus/1,https://www.transfermarkt.de/sk-slavia-prag/kader/verein/62/saison_id/2026/plus/1,Do not change football state. Remove this row from sprint-blocking coverage.
FM27-20b95d68ed193087d5af0eda,Mubarak Suleiman,2007-04-13,CZE1,SK Slavia Prag,CONTRACT_CHRONOLOGY,Joined/end/shirt fields are incomplete or invalid,KEEP_EXISTING,EXTERNALLY_RESOLVED_NO_CHANGE,NO_CHANGE_KEEP_EXISTING,786441,,,,Current club already matches the 2026/27 roster target; only incomplete chronology/metadata triggered review.,HIGH,https://www.transfermarkt.de/sk-slavia-prag/kader/verein/62/saison_id/2026/plus/1,https://www.transfermarkt.de/sk-slavia-prag/kader/verein/62/saison_id/2026/plus/1,Do not change football state. Remove this row from sprint-blocking coverage.
FM27-eb38b965b66b7c486173b38b,Max Dowman,2009-12-31,ENG1,Arsenal,CONTRACT_CHRONOLOGY,Joined/end/shirt fields are incomplete or invalid,KEEP_EXISTING,EXTERNALLY_RESOLVED_NO_CHANGE,NO_CHANGE_KEEP_EXISTING,917505,,,,Current club already matches the 2026/27 roster target; only incomplete chronology/metadata triggered review.,HIGH,https://www.transfermarkt.de/fc-arsenal/kader/verein/11/saison_id/2026/plus/1,https://www.transfermarkt.de/fc-arsenal/kader/verein/11/saison_id/2026/plus/1,Do not change football state. Remove this row from sprint-blocking coverage.
FM27-76c556e99807eba8811274e1,George Hemmings,2007-04-03,ENG1,Aston Villa,CONTRACT_CHRONOLOGY,Joined/end/shirt fields are incomplete or invalid,KEEP_EXISTING,EXTERNALLY_RESOLVED_NO_CHANGE,NO_CHANGE_KEEP_EXISTING,917506,,,,Current club already matches the 2026/27 roster target; only incomplete chronology/metadata triggered review.,HIGH,https://www.transfermarkt.de/aston-villa/kader/verein/405/saison_id/2026/plus/1,https://www.transfermarkt.de/aston-villa/kader/verein/405/saison_id/2026/plus/1,Do not change football state. Remove this row from sprint-blocking coverage.
FM27-dd57b925cf2ea91f7a269949,James Wright,2004-12-02,ENG1,Aston Villa,CONTRACT_CHRONOLOGY,Joined/end/shirt fields are incomplete or invalid,KEEP_EXISTING,EXTERNALLY_RESOLVED_NO_CHANGE,NO_CHANGE_KEEP_EXISTING,917506,,,,Current club already matches the 2026/27 roster target; only incomplete chronology/metadata triggered review.,HIGH,https://www.transfermarkt.de/aston-villa/kader/verein/405/saison_id/2026/plus/1,https://www.transfermarkt.de/aston-villa/kader/verein/405/saison_id/2026/plus/1,Do not change football state. Remove this row from sprint-blocking coverage.
FM27-f5a57cdb3a76a0e35cc46d5d,Takehiro Tomiyasu,1998-11-05,ENG1,Crystal Palace,CONTRACT_CHRONOLOGY,Joined/end/shirt fields are incomplete or invalid,ESCALATE_TECHNICAL,FOOTBALL_RESOLVED_TECHNICAL_PLAN_REQUIRED,MOVE_TO_TARGET_PRESERVE_METADATA,917535,,,,2026/27 current roster places player at target club_id 917535; native club_id is 0.,HIGH,https://www.transfermarkt.de/crystal-palace/kader/verein/873/saison_id/2026/plus/1,https://www.transfermarkt.de/crystal-palace/kader/verein/873/saison_id/2026/plus/1,Build the exact native guarded move plan locally; preserve unresolved joined/contract/shirt fields.
FM27-65fbef0d5ccc03fd0eb8b938,Ryan McAidoo,2008-06-24,ENG1,Manchester City,CONTRACT_CHRONOLOGY,Joined/end/shirt fields are incomplete or invalid,KEEP_EXISTING,EXTERNALLY_RESOLVED_NO_CHANGE,NO_CHANGE_KEEP_EXISTING,917518,,,,Current club already matches the 2026/27 roster target; only incomplete chronology/metadata triggered review.,HIGH,https://www.transfermarkt.de/manchester-city/kader/verein/281/saison_id/2026/plus/1,https://www.transfermarkt.de/manchester-city/kader/verein/281/saison_id/2026/plus/1,Do not change football state. Remove this row from sprint-blocking coverage.
FM27-f3cb7b8596582c25d662eb2d,Enzo Koffi,2006-03-04,FRA1,Le Havre AC,CONTRACT_CHRONOLOGY,Joined/end/shirt fields are incomplete or invalid,KEEP_EXISTING,EXTERNALLY_RESOLVED_NO_CHANGE,NO_CHANGE_KEEP_EXISTING,1179681,,,,Current club already matches the 2026/27 roster target; only incomplete chronology/metadata triggered review.,HIGH,https://www.transfermarkt.de/le-havre-ac/kader/verein/738/saison_id/2026/plus/1,https://www.transfermarkt.de/le-havre-ac/kader/verein/738/saison_id/2026/plus/1,Do not change football state. Remove this row from sprint-blocking coverage.
FM27-4795297f61f10eac5ef7de4f,Vincent Sasso,1991-02-16,FRA1,Le Havre AC,CONTRACT_CHRONOLOGY,Joined/end/shirt fields are incomplete or invalid,ESCALATE_TECHNICAL,FOOTBALL_RESOLVED_TECHNICAL_PLAN_REQUIRED,MOVE_TO_TARGET_PRESERVE_METADATA,1179681,,,,2026/27 current roster places player at target club_id 1179681; native club_id is 1179721.,HIGH,https://www.transfermarkt.de/le-havre-ac/kader/verein/738/saison_id/2026/plus/1,https://www.transfermarkt.de/le-havre-ac/kader/verein/738/saison_id/2026/plus/1,Build the exact native guarded move plan locally; preserve unresolved joined/contract/shirt fields.
FM27-83ae825102c9067d0eeacfbb,Martin Ponsot,2009-01-30,FRA1,OGC Nizza,CONTRACT_CHRONOLOGY,Joined/end/shirt fields are incomplete or invalid,KEEP_EXISTING,EXTERNALLY_RESOLVED_NO_CHANGE,NO_CHANGE_KEEP_EXISTING,1179666,,,,Current club already matches the 2026/27 roster target; only incomplete chronology/metadata triggered review.,HIGH,https://www.transfermarkt.de/ogc-nizza/kader/verein/417/saison_id/2026/plus/1,https://www.transfermarkt.de/ogc-nizza/kader/verein/417/saison_id/2026/plus/1,Do not change football state. Remove this row from sprint-blocking coverage.
FM27-b0f6df2c93a6b03273f38f5e,Nassim Laarej,2009-03-22,FRA1,OGC Nizza,CONTRACT_CHRONOLOGY,Joined/end/shirt fields are incomplete or invalid,KEEP_EXISTING,EXTERNALLY_RESOLVED_NO_CHANGE,NO_CHANGE_KEEP_EXISTING,1179666,,,,Current club already matches the 2026/27 roster target; only incomplete chronology/metadata triggered review.,HIGH,https://www.transfermarkt.de/ogc-nizza/kader/verein/417/saison_id/2026/plus/1,https://www.transfermarkt.de/ogc-nizza/kader/verein/417/saison_id/2026/plus/1,Do not change football state. Remove this row from sprint-blocking coverage.
FM27-7a290a745709d1558d1a7cc8,Zoumana Diallo,2005-02-02,FRA1,OGC Nizza,CONTRACT_CHRONOLOGY,Joined/end/shirt fields are incomplete or invalid,KEEP_EXISTING,EXTERNALLY_RESOLVED_NO_CHANGE,NO_CHANGE_KEEP_EXISTING,1179666,,,,Current club already matches the 2026/27 roster target; only incomplete chronology/metadata triggered review.,HIGH,https://www.transfermarkt.de/ogc-nizza/kader/verein/417/saison_id/2026/plus/1,https://www.transfermarkt.de/ogc-nizza/kader/verein/417/saison_id/2026/plus/1,Do not change football state. Remove this row from sprint-blocking coverage.
FM27-7524e1962362de352b6713fa,Julien Friedrich,2006-11-12,GER1,1. FC Union Berlin,CONTRACT_CHRONOLOGY,Joined/end/shirt fields are incomplete or invalid,ESCALATE_TECHNICAL,FOOTBALL_RESOLVED_TECHNICAL_PLAN_REQUIRED,MOVE_TO_TARGET_PRESERVE_METADATA,1376348,,,,2026/27 current roster places player at target club_id 1376348; native club_id is 1378815.,HIGH,https://www.transfermarkt.de/1-fc-union-berlin/kader/verein/89/saison_id/2026/plus/1,https://www.transfermarkt.de/1-fc-union-berlin/kader/verein/89/saison_id/2026/plus/1,Build the exact native guarded move plan locally; preserve unresolved joined/contract/shirt fields.
FM27-6c49726655cfd66fc224440e,Marvin Friedrich,1995-12-13,GER1,1. FC Union Berlin,CONTRACT_CHRONOLOGY,Joined/end/shirt fields are incomplete or invalid,ESCALATE_TECHNICAL,FOOTBALL_RESOLVED_TECHNICAL_PLAN_REQUIRED,MOVE_TO_TARGET_PRESERVE_METADATA,1376348,,,,2026/27 current roster places player at target club_id 1376348; native club_id is 1376263.,HIGH,https://www.transfermarkt.de/1-fc-union-berlin/kader/verein/89/saison_id/2026/plus/1,https://www.transfermarkt.de/1-fc-union-berlin/kader/verein/89/saison_id/2026/plus/1,Build the exact native guarded move plan locally; preserve unresolved joined/contract/shirt fields.
FM27-c26e8f924e088c6c1d459779,Mekhi Gray,2007-02-19,GER1,1. FC Union Berlin,CONTRACT_CHRONOLOGY,Joined/end/shirt fields are incomplete or invalid,KEEP_EXISTING,EXTERNALLY_RESOLVED_NO_CHANGE,NO_CHANGE_KEEP_EXISTING,1376348,,,,Current club already matches the 2026/27 roster target; only incomplete chronology/metadata triggered review.,HIGH,https://www.transfermarkt.de/1-fc-union-berlin/kader/verein/89/saison_id/2026/plus/1,https://www.transfermarkt.de/1-fc-union-berlin/kader/verein/89/saison_id/2026/plus/1,Do not change football state. Remove this row from sprint-blocking coverage.
FM27-59182bf2ea34fac4de4da682,Zeno Van Den Bosch,2003-07-06,GER1,1. FC Union Berlin,CONTRACT_CHRONOLOGY,Joined/end/shirt fields are incomplete or invalid,ESCALATE_TECHNICAL,FOOTBALL_RESOLVED_TECHNICAL_PLAN_REQUIRED,MOVE_TO_TARGET_PRESERVE_METADATA,1376348,,,,2026/27 current roster places player at target club_id 1376348; native club_id is 458785.,HIGH,https://www.transfermarkt.de/1-fc-union-berlin/kader/verein/89/saison_id/2026/plus/1,https://www.transfermarkt.de/1-fc-union-berlin/kader/verein/89/saison_id/2026/plus/1,Build the exact native guarded move plan locally; preserve unresolved joined/contract/shirt fields.
FM27-9ddc7eae1993ecd135d482d4,Eric Martel,2002-04-29,GER1,1. FSV Mainz 05,CONTRACT_CHRONOLOGY,Joined/end/shirt fields are incomplete or invalid,ESCALATE_TECHNICAL,FOOTBALL_RESOLVED_TECHNICAL_PLAN_REQUIRED,MOVE_TO_TARGET_PRESERVE_METADATA,1376259,,,,2026/27 current roster places player at target club_id 1376259; native club_id is 1376275.,HIGH,https://www.transfermarkt.de/1-fsv-mainz-05/kader/verein/39/saison_id/2026/plus/1,https://www.transfermarkt.de/1-fsv-mainz-05/kader/verein/39/saison_id/2026/plus/1,Build the exact native guarded move plan locally; preserve unresolved joined/contract/shirt fields.
FM27-c352a20c06c15a42269d83e5,Ransford Königsdörffer,2001-09-13,GER1,1. FSV Mainz 05,CONTRACT_CHRONOLOGY,Joined/end/shirt fields are incomplete or invalid,ESCALATE_TECHNICAL,FOOTBALL_RESOLVED_TECHNICAL_PLAN_REQUIRED,MOVE_TO_TARGET_PRESERVE_METADATA,1376259,,,,2026/27 current roster places player at target club_id 1376259; native club_id is 1376267.,HIGH,https://www.transfermarkt.de/1-fsv-mainz-05/kader/verein/39/saison_id/2026/plus/1,https://www.transfermarkt.de/1-fsv-mainz-05/kader/verein/39/saison_id/2026/plus/1,Build the exact native guarded move plan locally; preserve unresolved joined/contract/shirt fields.
FM27-faa7d310f3549244e33294d6,Silas,1998-10-06,GER1,1. FSV Mainz 05,CONTRACT_CHRONOLOGY,Joined/end/shirt fields are incomplete or invalid,ESCALATE_TECHNICAL,FOOTBALL_RESOLVED_TECHNICAL_PLAN_REQUIRED,MOVE_TO_TARGET_PRESERVE_METADATA,1376259,,,,2026/27 current roster places player at target club_id 1376259; native club_id is 1376272.,HIGH,https://www.transfermarkt.de/1-fsv-mainz-05/kader/verein/39/saison_id/2026/plus/1,https://www.transfermarkt.de/1-fsv-mainz-05/kader/verein/39/saison_id/2026/plus/1,Build the exact native guarded move plan locally; preserve unresolved joined/contract/shirt fields.
FM27-5b6a753a7f4d8eaae8c77e05,Elias Lahti,2009-01-09,GER1,Hamburger SV,CONTRACT_CHRONOLOGY,Joined/end/shirt fields are incomplete or invalid,KEEP_EXISTING,EXTERNALLY_RESOLVED_NO_CHANGE,NO_CHANGE_KEEP_EXISTING,1376267,,,,Current club already matches the 2026/27 roster target; only incomplete chronology/metadata triggered review.,HIGH,https://www.transfermarkt.de/hamburger-sv/kader/verein/41/saison_id/2026/plus/1,https://www.transfermarkt.de/hamburger-sv/kader/verein/41/saison_id/2026/plus/1,Do not change football state. Remove this row from sprint-blocking coverage.
FM27-0905a02028eb5af3825d1582,Louis Lemke,2009-10-08,GER1,Hamburger SV,CONTRACT_CHRONOLOGY,Joined/end/shirt fields are incomplete or invalid,KEEP_EXISTING,EXTERNALLY_RESOLVED_NO_CHANGE,NO_CHANGE_KEEP_EXISTING,1376267,,,,Current club already matches the 2026/27 roster target; only incomplete chronology/metadata triggered review.,HIGH,https://www.transfermarkt.de/hamburger-sv/kader/verein/41/saison_id/2026/plus/1,https://www.transfermarkt.de/hamburger-sv/kader/verein/41/saison_id/2026/plus/1,Do not change football state. Remove this row from sprint-blocking coverage.
FM27-f475a320eb1adb14f1ee8575,Samba Konaté,2009-02-27,GER1,RasenBallsport Leipzig,CONTRACT_CHRONOLOGY,Joined/end/shirt fields are incomplete or invalid,KEEP_EXISTING,EXTERNALLY_RESOLVED_NO_CHANGE,NO_CHANGE_KEEP_EXISTING,1376555,,,,Current club already matches the 2026/27 roster target; only incomplete chronology/metadata triggered review.,HIGH,https://www.transfermarkt.de/rb-leipzig/kader/verein/23826/saison_id/2026/plus/1,https://www.transfermarkt.de/rb-leipzig/kader/verein/23826/saison_id/2026/plus/1,Do not change football state. Remove this row from sprint-blocking coverage.
FM27-ff4119d5a5b1fcd045d1f72b,Albert Millgramm,2004-11-12,GER1,SC Paderborn 07,CONTRACT_CHRONOLOGY,Joined/end/shirt fields are incomplete or invalid,ESCALATE_TECHNICAL,FOOTBALL_RESOLVED_TECHNICAL_PLAN_REQUIRED,MOVE_TO_TARGET_PRESERVE_METADATA,1376421,,,,2026/27 current roster places player at target club_id 1376421; native club_id is 1376373.,HIGH,https://www.transfermarkt.de/sc-paderborn-07/kader/verein/127/saison_id/2026/plus/1,https://www.transfermarkt.de/sc-paderborn-07/kader/verein/127/saison_id/2026/plus/1,Build the exact native guarded move plan locally; preserve unresolved joined/contract/shirt fields.
FM27-9ffef4ff39036312e058a34e,Clemens Lippmann,2006-06-29,GER1,SC Paderborn 07,CONTRACT_CHRONOLOGY,Joined/end/shirt fields are incomplete or invalid,ESCALATE_TECHNICAL,FOOTBALL_RESOLVED_TECHNICAL_PLAN_REQUIRED,MOVE_TO_TARGET_PRESERVE_METADATA,1376421,,,,2026/27 current roster places player at target club_id 1376421; native club_id is 1376291.,HIGH,https://www.transfermarkt.de/sc-paderborn-07/kader/verein/127/saison_id/2026/plus/1,https://www.transfermarkt.de/sc-paderborn-07/kader/verein/127/saison_id/2026/plus/1,Build the exact native guarded move plan locally; preserve unresolved joined/contract/shirt fields.
FM27-1181a8f6e1a1ee463e371478,Jano ter Horst,2002-06-19,GER1,SC Paderborn 07,CONTRACT_CHRONOLOGY,Joined/end/shirt fields are incomplete or invalid,ESCALATE_TECHNICAL,FOOTBALL_RESOLVED_TECHNICAL_PLAN_REQUIRED,MOVE_TO_TARGET_PRESERVE_METADATA,1376421,,,,2026/27 current roster places player at target club_id 1376421; native club_id is 1376419.,HIGH,https://www.transfermarkt.de/sc-paderborn-07/kader/verein/127/saison_id/2026/plus/1,https://www.transfermarkt.de/sc-paderborn-07/kader/verein/127/saison_id/2026/plus/1,Build the exact native guarded move plan locally; preserve unresolved joined/contract/shirt fields.
FM27-f49b5163e025672f24f10ecd,Oliver Batista Meier,2001-02-16,GER1,SC Paderborn 07,CONTRACT_CHRONOLOGY,Joined/end/shirt fields are incomplete or invalid,ESCALATE_TECHNICAL,FOOTBALL_RESOLVED_TECHNICAL_PLAN_REQUIRED,MOVE_TO_TARGET_PRESERVE_METADATA,1376421,,,,2026/27 current roster places player at target club_id 1376421; native club_id is 1376419.,HIGH,https://www.transfermarkt.de/sc-paderborn-07/kader/verein/127/saison_id/2026/plus/1,https://www.transfermarkt.de/sc-paderborn-07/kader/verein/127/saison_id/2026/plus/1,Build the exact native guarded move plan locally; preserve unresolved joined/contract/shirt fields.
FM27-80a71cb7e9b443ef1dbe247c,Dariusz Stalmach,2005-12-08,GER1,SV Werder Bremen,CONTRACT_CHRONOLOGY,Joined/end/shirt fields are incomplete or invalid,ESCALATE_TECHNICAL,FOOTBALL_RESOLVED_TECHNICAL_PLAN_REQUIRED,MOVE_TO_TARGET_PRESERVE_METADATA,1376271,,,,2026/27 current roster places player at target club_id 1376271; native club_id is 1376373.,HIGH,https://www.transfermarkt.de/sv-werder-bremen/kader/verein/86/saison_id/2026/plus/1,https://www.transfermarkt.de/sv-werder-bremen/kader/verein/86/saison_id/2026/plus/1,Build the exact native guarded move plan locally; preserve unresolved joined/contract/shirt fields.
FM27-ebce3f8b2b036e8b8b343678,Darwin Soylu,2007-03-23,GER1,SV Werder Bremen,CONTRACT_CHRONOLOGY,Joined/end/shirt fields are incomplete or invalid,ESCALATE_TECHNICAL,FOOTBALL_RESOLVED_TECHNICAL_PLAN_REQUIRED,MOVE_TO_TARGET_PRESERVE_METADATA,1376271,,,,2026/27 current roster places player at target club_id 1376271; native club_id is 1376274.,HIGH,https://www.transfermarkt.de/sv-werder-bremen/kader/verein/86/saison_id/2026/plus/1,https://www.transfermarkt.de/sv-werder-bremen/kader/verein/86/saison_id/2026/plus/1,Build the exact native guarded move plan locally; preserve unresolved joined/contract/shirt fields.
FM27-3663b2a6f736d78bc5051465,Salim Musah,2006-02-22,GER1,SV Werder Bremen,CONTRACT_CHRONOLOGY,Joined/end/shirt fields are incomplete or invalid,KEEP_EXISTING,EXTERNALLY_RESOLVED_NO_CHANGE,NO_CHANGE_KEEP_EXISTING,1376271,,,,Current club already matches the 2026/27 roster target; only incomplete chronology/metadata triggered review.,HIGH,https://www.transfermarkt.de/sv-werder-bremen/kader/verein/86/saison_id/2026/plus/1,https://www.transfermarkt.de/sv-werder-bremen/kader/verein/86/saison_id/2026/plus/1,Do not change football state. Remove this row from sprint-blocking coverage.
FM27-916cf75fb62556847ca4cd6c,Stefan Smarkalev,2007-05-14,GER1,SV Werder Bremen,CONTRACT_CHRONOLOGY,Joined/end/shirt fields are incomplete or invalid,KEEP_EXISTING,EXTERNALLY_RESOLVED_NO_CHANGE,NO_CHANGE_KEEP_EXISTING,1376271,,,,Current club already matches the 2026/27 roster target; only incomplete chronology/metadata triggered review.,HIGH,https://www.transfermarkt.de/sv-werder-bremen/kader/verein/86/saison_id/2026/plus/1,https://www.transfermarkt.de/sv-werder-bremen/kader/verein/86/saison_id/2026/plus/1,Do not change football state. Remove this row from sprint-blocking coverage.
FM27-efcd184e4f7f32a4f2dcbfba,Berkay Yılmaz,2005-02-25,GER1,Sport-Club Freiburg,CONTRACT_CHRONOLOGY,Joined/end/shirt fields are incomplete or invalid,ESCALATE_TECHNICAL,FOOTBALL_RESOLVED_TECHNICAL_PLAN_REQUIRED,MOVE_TO_TARGET_PRESERVE_METADATA,1376270,,,,2026/27 current roster places player at target club_id 1376270; native club_id is 1376258.,HIGH,https://www.transfermarkt.de/sc-freiburg/kader/verein/60/saison_id/2026/plus/1,https://www.transfermarkt.de/sc-freiburg/kader/verein/60/saison_id/2026/plus/1,Build the exact native guarded move plan locally; preserve unresolved joined/contract/shirt fields.
FM27-2a99d0c304979060df8c862a,Bambasé Conté,2003-07-07,GER1,TSG 1899 Hoffenheim,CONTRACT_CHRONOLOGY,Joined/end/shirt fields are incomplete or invalid,ESCALATE_TECHNICAL,FOOTBALL_RESOLVED_TECHNICAL_PLAN_REQUIRED,MOVE_TO_TARGET_PRESERVE_METADATA,1376433,,,,2026/27 current roster places player at target club_id 1376433; native club_id is 1376432.,HIGH,https://www.transfermarkt.de/tsg-1899-hoffenheim/kader/verein/533/saison_id/2026/plus/1,https://www.transfermarkt.de/tsg-1899-hoffenheim/kader/verein/533/saison_id/2026/plus/1,Build the exact native guarded move plan locally; preserve unresolved joined/contract/shirt fields.
FM27-0da804f78c39e2bdc05b9599,David Schramm,2006-06-28,GER2,1. FC Kaiserslautern,CONTRACT_CHRONOLOGY,Joined/end/shirt fields are incomplete or invalid,KEEP_EXISTING,EXTERNALLY_RESOLVED_NO_CHANGE,NO_CHANGE_KEEP_EXISTING,1376257,,,,Current club already matches the 2026/27 roster target; only incomplete chronology/metadata triggered review.,HIGH,https://www.transfermarkt.de/1-fc-kaiserslautern/kader/verein/2/saison_id/2026/plus/1,https://www.transfermarkt.de/1-fc-kaiserslautern/kader/verein/2/saison_id/2026/plus/1,Do not change football state. Remove this row from sprint-blocking coverage.
FM27-24fadf3ac0edfe6b2e2c54fc,Enis Kamga,2007-07-08,GER2,1. FC Kaiserslautern,CONTRACT_CHRONOLOGY,Joined/end/shirt fields are incomplete or invalid,KEEP_EXISTING,EXTERNALLY_RESOLVED_NO_CHANGE,NO_CHANGE_KEEP_EXISTING,1376257,,,,Current club already matches the 2026/27 roster target; only incomplete chronology/metadata triggered review.,HIGH,https://www.transfermarkt.de/1-fc-kaiserslautern/kader/verein/2/saison_id/2026/plus/1,https://www.transfermarkt.de/1-fc-kaiserslautern/kader/verein/2/saison_id/2026/plus/1,Do not change football state. Remove this row from sprint-blocking coverage.
FM27-10ab3f86b3c6b5d5f69c9a33,Erik Müller,2006-06-11,GER2,1. FC Kaiserslautern,CONTRACT_CHRONOLOGY,Joined/end/shirt fields are incomplete or invalid,KEEP_EXISTING,EXTERNALLY_RESOLVED_NO_CHANGE,NO_CHANGE_KEEP_EXISTING,1376257,,,,Current club already matches the 2026/27 roster target; only incomplete chronology/metadata triggered review.,HIGH,https://www.transfermarkt.de/1-fc-kaiserslautern/kader/verein/2/saison_id/2026/plus/1,https://www.transfermarkt.de/1-fc-kaiserslautern/kader/verein/2/saison_id/2026/plus/1,Do not change football state. Remove this row from sprint-blocking coverage.
FM27-2d8e90de1d7ac283657b763c,Kian Scheer,2007-06-30,GER2,1. FC Kaiserslautern,CONTRACT_CHRONOLOGY,Joined/end/shirt fields are incomplete or invalid,KEEP_EXISTING,EXTERNALLY_RESOLVED_NO_CHANGE,NO_CHANGE_KEEP_EXISTING,1376257,,,,Current club already matches the 2026/27 roster target; only incomplete chronology/metadata triggered review.,HIGH,https://www.transfermarkt.de/1-fc-kaiserslautern/kader/verein/2/saison_id/2026/plus/1,https://www.transfermarkt.de/1-fc-kaiserslautern/kader/verein/2/saison_id/2026/plus/1,Do not change football state. Remove this row from sprint-blocking coverage.
FM27-0ff11df5aa0bf34bad10c590,Thierry Tazemeta,2007-07-27,GER2,1. FC Kaiserslautern,CONTRACT_CHRONOLOGY,Joined/end/shirt fields are incomplete or invalid,ESCALATE_TECHNICAL,FOOTBALL_RESOLVED_TECHNICAL_PLAN_REQUIRED,MOVE_TO_TARGET_PRESERVE_METADATA,1376257,,,,2026/27 current roster places player at target club_id 1376257; native club_id is 1376262.,HIGH,https://www.transfermarkt.de/1-fc-kaiserslautern/kader/verein/2/saison_id/2026/plus/1,https://www.transfermarkt.de/1-fc-kaiserslautern/kader/verein/2/saison_id/2026/plus/1,Build the exact native guarded move plan locally; preserve unresolved joined/contract/shirt fields.
FM27-24ff43732e2ac7b01e3fb6cd,Yannick Onohiol,2004-08-21,GER2,1. FC Kaiserslautern,CONTRACT_CHRONOLOGY,Joined/end/shirt fields are incomplete or invalid,ESCALATE_TECHNICAL,FOOTBALL_RESOLVED_TECHNICAL_PLAN_REQUIRED,MOVE_TO_TARGET_PRESERVE_METADATA,1376257,,,,2026/27 current roster places player at target club_id 1376257; native club_id is 1376433.,HIGH,https://www.transfermarkt.de/1-fc-kaiserslautern/kader/verein/2/saison_id/2026/plus/1,https://www.transfermarkt.de/1-fc-kaiserslautern/kader/verein/2/saison_id/2026/plus/1,Build the exact native guarded move plan locally; preserve unresolved joined/contract/shirt fields.
FM27-37646cc1a5db41bf573e66df,Anselmo García MacNulty,2003-02-19,GER2,1. FC Magdeburg,CONTRACT_CHRONOLOGY,Joined/end/shirt fields are incomplete or invalid,ESCALATE_TECHNICAL,FOOTBALL_RESOLVED_TECHNICAL_PLAN_REQUIRED,MOVE_TO_TARGET_PRESERVE_METADATA,1376373,,,,2026/27 current roster places player at target club_id 1376373; native club_id is 2228260.,HIGH,https://www.transfermarkt.de/1-fc-magdeburg/kader/verein/187/saison_id/2026/plus/1,https://www.transfermarkt.de/1-fc-magdeburg/kader/verein/187/saison_id/2026/plus/1,Build the exact native guarded move plan locally; preserve unresolved joined/contract/shirt fields.
FM27-386d4f1fcc6fbefa5ee615a4,Emmanuel Iyoha,1997-10-11,GER2,1. FC Magdeburg,CONTRACT_CHRONOLOGY,Joined/end/shirt fields are incomplete or invalid,ESCALATE_TECHNICAL,FOOTBALL_RESOLVED_TECHNICAL_PLAN_REQUIRED,MOVE_TO_TARGET_PRESERVE_METADATA,1376373,,,,2026/27 current roster places player at target club_id 1376373; native club_id is 1376429.,HIGH,https://www.transfermarkt.de/1-fc-magdeburg/kader/verein/187/saison_id/2026/plus/1,https://www.transfermarkt.de/1-fc-magdeburg/kader/verein/187/saison_id/2026/plus/1,Build the exact native guarded move plan locally; preserve unresolved joined/contract/shirt fields.
FM27-d7f98e2daae0225dc5ba3dad,Kevin Manthey,2007-05-29,GER2,1. FC Magdeburg,CONTRACT_CHRONOLOGY,Joined/end/shirt fields are incomplete or invalid,ESCALATE_TECHNICAL,FOOTBALL_RESOLVED_TECHNICAL_PLAN_REQUIRED,MOVE_TO_TARGET_PRESERVE_METADATA,1376373,,,,2026/27 current roster places player at target club_id 1376373; native club_id is 1376271.,HIGH,https://www.transfermarkt.de/1-fc-magdeburg/kader/verein/187/saison_id/2026/plus/1,https://www.transfermarkt.de/1-fc-magdeburg/kader/verein/187/saison_id/2026/plus/1,Build the exact native guarded move plan locally; preserve unresolved joined/contract/shirt fields.
FM27-408a045f8122383c1224650e,Paul Jaeckel,1998-07-22,GER2,1. FC Magdeburg,CONTRACT_CHRONOLOGY,Joined/end/shirt fields are incomplete or invalid,ESCALATE_TECHNICAL,FOOTBALL_RESOLVED_TECHNICAL_PLAN_REQUIRED,MOVE_TO_TARGET_PRESERVE_METADATA,1376373,,,,2026/27 current roster places player at target club_id 1376373; native club_id is 1376419.,HIGH,https://www.transfermarkt.de/1-fc-magdeburg/kader/verein/187/saison_id/2026/plus/1,https://www.transfermarkt.de/1-fc-magdeburg/kader/verein/187/saison_id/2026/plus/1,Build the exact native guarded move plan locally; preserve unresolved joined/contract/shirt fields.
FM27-05e6e6d32ab5c410b8add184,Pierre Nadjombe,2003-05-10,GER2,1. FC Magdeburg,CONTRACT_CHRONOLOGY,Joined/end/shirt fields are incomplete or invalid,ESCALATE_TECHNICAL,FOOTBALL_RESOLVED_TECHNICAL_PLAN_REQUIRED,MOVE_TO_TARGET_PRESERVE_METADATA,1376373,,,,2026/27 current roster places player at target club_id 1376373; native club_id is 1376276.,HIGH,https://www.transfermarkt.de/1-fc-magdeburg/kader/verein/187/saison_id/2026/plus/1,https://www.transfermarkt.de/1-fc-magdeburg/kader/verein/187/saison_id/2026/plus/1,Build the exact native guarded move plan locally; preserve unresolved joined/contract/shirt fields.
FM27-04b1dafba4d53c26ccd1838d,Richmond Tachie,1999-04-21,GER2,1. FC Magdeburg,CONTRACT_CHRONOLOGY,Joined/end/shirt fields are incomplete or invalid,ESCALATE_TECHNICAL,FOOTBALL_RESOLVED_TECHNICAL_PLAN_REQUIRED,MOVE_TO_TARGET_PRESERVE_METADATA,1376373,,,,2026/27 current roster places player at target club_id 1376373; native club_id is 1376257.,HIGH,https://www.transfermarkt.de/1-fc-magdeburg/kader/verein/187/saison_id/2026/plus/1,https://www.transfermarkt.de/1-fc-magdeburg/kader/verein/187/saison_id/2026/plus/1,Build the exact native guarded move plan locally; preserve unresolved joined/contract/shirt fields.
FM27-0115ab060749c1fa615ff6b1,Tjark Möbius,2008-07-29,GER2,1. FC Magdeburg,CONTRACT_CHRONOLOGY,Joined/end/shirt fields are incomplete or invalid,KEEP_EXISTING,EXTERNALLY_RESOLVED_NO_CHANGE,NO_CHANGE_KEEP_EXISTING,1376373,,,,Current club already matches the 2026/27 roster target; only incomplete chronology/metadata triggered review.,HIGH,https://www.transfermarkt.de/1-fc-magdeburg/kader/verein/187/saison_id/2026/plus/1,https://www.transfermarkt.de/1-fc-magdeburg/kader/verein/187/saison_id/2026/plus/1,Do not change football state. Remove this row from sprint-blocking coverage.
FM27-e0d89d4c54da6df10b7ecde8,Torben Müsel,1999-07-25,GER2,1. FC Magdeburg,CONTRACT_CHRONOLOGY,Joined/end/shirt fields are incomplete or invalid,ESCALATE_TECHNICAL,FOOTBALL_RESOLVED_TECHNICAL_PLAN_REQUIRED,MOVE_TO_TARGET_PRESERVE_METADATA,1376373,,,,2026/27 current roster places player at target club_id 1376373; native club_id is 1376282.,HIGH,https://www.transfermarkt.de/1-fc-magdeburg/kader/verein/187/saison_id/2026/plus/1,https://www.transfermarkt.de/1-fc-magdeburg/kader/verein/187/saison_id/2026/plus/1,Build the exact native guarded move plan locally; preserve unresolved joined/contract/shirt fields.
FM27-44ad4dadc31cbd1a3bc94c4c,Fynn Otto,2002-03-08,GER2,1. FC Nürnberg,CONTRACT_CHRONOLOGY,Joined/end/shirt fields are incomplete or invalid,ESCALATE_TECHNICAL,FOOTBALL_RESOLVED_TECHNICAL_PLAN_REQUIRED,MOVE_TO_TARGET_PRESERVE_METADATA,1376258,,,,2026/27 current roster places player at target club_id 1376258; native club_id is 1376406.,HIGH,https://www.transfermarkt.de/1-fc-nurnberg/kader/verein/4/saison_id/2026/plus/1,https://www.transfermarkt.de/1-fc-nurnberg/kader/verein/4/saison_id/2026/plus/1,Build the exact native guarded move plan locally; preserve unresolved joined/contract/shirt fields.
FM27-fc4a69996581a7006c3b6527,Giannis Masouras,1996-08-24,GER2,1. FC Nürnberg,CONTRACT_CHRONOLOGY,Joined/end/shirt fields are incomplete or invalid,ESCALATE_TECHNICAL,FOOTBALL_RESOLVED_TECHNICAL_PLAN_REQUIRED,MOVE_TO_TARGET_PRESERVE_METADATA,1376258,,,,2026/27 current roster places player at target club_id 1376258; native club_id is 720903.,HIGH,https://www.transfermarkt.de/1-fc-nurnberg/kader/verein/4/saison_id/2026/plus/1,https://www.transfermarkt.de/1-fc-nurnberg/kader/verein/4/saison_id/2026/plus/1,Build the exact native guarded move plan locally; preserve unresolved joined/contract/shirt fields.
FM27-f449558035d0eac66691e9ff,Kristian Mandic,2007-10-02,GER2,1. FC Nürnberg,CONTRACT_CHRONOLOGY,Joined/end/shirt fields are incomplete or invalid,KEEP_EXISTING,EXTERNALLY_RESOLVED_NO_CHANGE,NO_CHANGE_KEEP_EXISTING,1376258,,,,Current club already matches the 2026/27 roster target; only incomplete chronology/metadata triggered review.,HIGH,https://www.transfermarkt.de/1-fc-nurnberg/kader/verein/4/saison_id/2026/plus/1,https://www.transfermarkt.de/1-fc-nurnberg/kader/verein/4/saison_id/2026/plus/1,Do not change football state. Remove this row from sprint-blocking coverage.
FM27-604ae84fed600b76a13e4645,Marc Kornwachs Barjuan,2009-02-21,GER2,1. FC Nürnberg,CONTRACT_CHRONOLOGY,Joined/end/shirt fields are incomplete or invalid,KEEP_EXISTING,EXTERNALLY_RESOLVED_NO_CHANGE,NO_CHANGE_KEEP_EXISTING,1376258,,,,Current club already matches the 2026/27 roster target; only incomplete chronology/metadata triggered review.,HIGH,https://www.transfermarkt.de/1-fc-nurnberg/kader/verein/4/saison_id/2026/plus/1,https://www.transfermarkt.de/1-fc-nurnberg/kader/verein/4/saison_id/2026/plus/1,Do not change football state. Remove this row from sprint-blocking coverage.
FM27-f962e0a29319ca9304cdb391,Marko Soldic,2010-01-06,GER2,1. FC Nürnberg,CONTRACT_CHRONOLOGY,Joined/end/shirt fields are incomplete or invalid,KEEP_EXISTING,EXTERNALLY_RESOLVED_NO_CHANGE,NO_CHANGE_KEEP_EXISTING,1376258,,,,Current club already matches the 2026/27 roster target; only incomplete chronology/metadata triggered review.,HIGH,https://www.transfermarkt.de/1-fc-nurnberg/kader/verein/4/saison_id/2026/plus/1,https://www.transfermarkt.de/1-fc-nurnberg/kader/verein/4/saison_id/2026/plus/1,Do not change football state. Remove this row from sprint-blocking coverage.
FM27-a4f7ec9a48d6aeaea2531caa,Marvin Mehlem,1997-09-11,GER2,DSC Arminia Bielefeld,CONTRACT_CHRONOLOGY,Joined/end/shirt fields are incomplete or invalid,KEEP_EXISTING,EXTERNALLY_RESOLVED_NO_CHANGE,NO_CHANGE_KEEP_EXISTING,1376260,,,,Current club already matches the 2026/27 roster target; only incomplete chronology/metadata triggered review.,HIGH,https://www.transfermarkt.de/arminia-bielefeld/kader/verein/10/saison_id/2026/plus/1,https://www.transfermarkt.de/arminia-bielefeld/kader/verein/10/saison_id/2026/plus/1,Do not change football state. Remove this row from sprint-blocking coverage.
FM27-c3c4e838e729ff6fe804dcca,Philip Hildesheim,2005-02-09,GER2,DSC Arminia Bielefeld,CONTRACT_CHRONOLOGY,Joined/end/shirt fields are incomplete or invalid,KEEP_EXISTING,EXTERNALLY_RESOLVED_NO_CHANGE,NO_CHANGE_KEEP_EXISTING,1376260,,,,Current club already matches the 2026/27 roster target; only incomplete chronology/metadata triggered review.,HIGH,https://www.transfermarkt.de/arminia-bielefeld/kader/verein/10/saison_id/2026/plus/1,https://www.transfermarkt.de/arminia-bielefeld/kader/verein/10/saison_id/2026/plus/1,Do not change football state. Remove this row from sprint-blocking coverage.
FM27-5c6240d8e1d371dd691e5291,Aaron Reschke,2008-08-07,GER2,FC Energie Cottbus,CONTRACT_CHRONOLOGY,Joined/end/shirt fields are incomplete or invalid,KEEP_EXISTING,EXTERNALLY_RESOLVED_NO_CHANGE,NO_CHANGE_KEEP_EXISTING,1376280,,,,Current club already matches the 2026/27 roster target; only incomplete chronology/metadata triggered review.,HIGH,https://www.transfermarkt.de/fc-energie-cottbus/kader/verein/25/saison_id/2026/plus/1,https://www.transfermarkt.de/fc-energie-cottbus/kader/verein/25/saison_id/2026/plus/1,Do not change football state. Remove this row from sprint-blocking coverage.
FM27-f50838ddaaac8f12f3901d05,Christian Kinsombi,1999-08-24,GER2,FC Energie Cottbus,CONTRACT_CHRONOLOGY,Joined/end/shirt fields are incomplete or invalid,ESCALATE_TECHNICAL,FOOTBALL_RESOLVED_TECHNICAL_PLAN_REQUIRED,MOVE_TO_TARGET_PRESERVE_METADATA,1376280,,,,2026/27 current roster places player at target club_id 1376280; native club_id is 1376265.,HIGH,https://www.transfermarkt.de/fc-energie-cottbus/kader/verein/25/saison_id/2026/plus/1,https://www.transfermarkt.de/fc-energie-cottbus/kader/verein/25/saison_id/2026/plus/1,Build the exact native guarded move plan locally; preserve unresolved joined/contract/shirt fields.
FM27-2a31e323a09cfd52b60b865d,Joey Taubeneck,2007-04-12,GER2,FC Energie Cottbus,CONTRACT_CHRONOLOGY,Joined/end/shirt fields are incomplete or invalid,KEEP_EXISTING,EXTERNALLY_RESOLVED_NO_CHANGE,NO_CHANGE_KEEP_EXISTING,1376280,,,,Current club already matches the 2026/27 roster target; only incomplete chronology/metadata triggered review.,HIGH,https://www.transfermarkt.de/fc-energie-cottbus/kader/verein/25/saison_id/2026/plus/1,https://www.transfermarkt.de/fc-energie-cottbus/kader/verein/25/saison_id/2026/plus/1,Do not change football state. Remove this row from sprint-blocking coverage.
FM27-788996b5122dc2972f6c3c9b,Leonardo Bittencourt,1993-12-19,GER2,FC Energie Cottbus,CONTRACT_CHRONOLOGY,Joined/end/shirt fields are incomplete or invalid,ESCALATE_TECHNICAL,FOOTBALL_RESOLVED_TECHNICAL_PLAN_REQUIRED,MOVE_TO_TARGET_PRESERVE_METADATA,1376280,,,,2026/27 current roster places player at target club_id 1376280; native club_id is 1376271.,HIGH,https://www.transfermarkt.de/fc-energie-cottbus/kader/verein/25/saison_id/2026/plus/1,https://www.transfermarkt.de/fc-energie-cottbus/kader/verein/25/saison_id/2026/plus/1,Build the exact native guarded move plan locally; preserve unresolved joined/contract/shirt fields.
FM27-f5978ddefdab52b7be685763,Branimir Hrgota,1993-01-12,GER2,FC St. Pauli,CONTRACT_CHRONOLOGY,Joined/end/shirt fields are incomplete or invalid,ESCALATE_TECHNICAL,FOOTBALL_RESOLVED_TECHNICAL_PLAN_REQUIRED,MOVE_TO_TARGET_PRESERVE_METADATA,1376425,,,,2026/27 current roster places player at target club_id 1376425; native club_id is 1376288.,HIGH,https://www.transfermarkt.de/fc-st-pauli/kader/verein/35/saison_id/2026/plus/1,https://www.transfermarkt.de/fc-st-pauli/kader/verein/35/saison_id/2026/plus/1,Build the exact native guarded move plan locally; preserve unresolved joined/contract/shirt fields.
FM27-62965c95be19e5204f8b9561,Marcus Mathisen,1996-02-27,GER2,FC St. Pauli,CONTRACT_CHRONOLOGY,Joined/end/shirt fields are incomplete or invalid,ESCALATE_TECHNICAL,FOOTBALL_RESOLVED_TECHNICAL_PLAN_REQUIRED,MOVE_TO_TARGET_PRESERVE_METADATA,1376425,,,,2026/27 current roster places player at target club_id 1376425; native club_id is 1376373.,HIGH,https://www.transfermarkt.de/fc-st-pauli/kader/verein/35/saison_id/2026/plus/1,https://www.transfermarkt.de/fc-st-pauli/kader/verein/35/saison_id/2026/plus/1,Build the exact native guarded move plan locally; preserve unresolved joined/contract/shirt fields.
FM27-03cc6c66c7bd23bec44ca9eb,Marwin Schmitz,2007-01-07,GER2,FC St. Pauli,CONTRACT_CHRONOLOGY,Joined/end/shirt fields are incomplete or invalid,KEEP_EXISTING,EXTERNALLY_RESOLVED_NO_CHANGE,NO_CHANGE_KEEP_EXISTING,1376425,,,,Current club already matches the 2026/27 roster target; only incomplete chronology/metadata triggered review.,HIGH,https://www.transfermarkt.de/fc-st-pauli/kader/verein/35/saison_id/2026/plus/1,https://www.transfermarkt.de/fc-st-pauli/kader/verein/35/saison_id/2026/plus/1,Do not change football state. Remove this row from sprint-blocking coverage.
FM27-df2b4b6f586f7c086e2919f1,Nick Schmidt,2007-09-12,GER2,FC St. Pauli,CONTRACT_CHRONOLOGY,Joined/end/shirt fields are incomplete or invalid,KEEP_EXISTING,EXTERNALLY_RESOLVED_NO_CHANGE,NO_CHANGE_KEEP_EXISTING,1376425,,,,Current club already matches the 2026/27 roster target; only incomplete chronology/metadata triggered review.,HIGH,https://www.transfermarkt.de/fc-st-pauli/kader/verein/35/saison_id/2026/plus/1,https://www.transfermarkt.de/fc-st-pauli/kader/verein/35/saison_id/2026/plus/1,Do not change football state. Remove this row from sprint-blocking coverage.
FM27-5ab7c3ef36f2711e513553b9,Scott Banks,2001-09-26,GER2,FC St. Pauli,CONTRACT_CHRONOLOGY,Joined/end/shirt fields are incomplete or invalid,ESCALATE_TECHNICAL,FOOTBALL_RESOLVED_TECHNICAL_PLAN_REQUIRED,MOVE_TO_TARGET_PRESERVE_METADATA,1376425,,,,2026/27 current roster places player at target club_id 1376425; native club_id is 917566.,HIGH,https://www.transfermarkt.de/fc-st-pauli/kader/verein/35/saison_id/2026/plus/1,https://www.transfermarkt.de/fc-st-pauli/kader/verein/35/saison_id/2026/plus/1,Build the exact native guarded move plan locally; preserve unresolved joined/contract/shirt fields.
FM27-bc716ff64a7ca7802b3134be,Taichi Hara,1999-05-05,GER2,FC St. Pauli,CONTRACT_CHRONOLOGY,Joined/end/shirt fields are incomplete or invalid,ESCALATE_TECHNICAL,FOOTBALL_RESOLVED_TECHNICAL_PLAN_REQUIRED,MOVE_TO_TARGET_PRESERVE_METADATA,1376425,,,,2026/27 current roster places player at target club_id 1376425; native club_id is 10682386.,HIGH,https://www.transfermarkt.de/fc-st-pauli/kader/verein/35/saison_id/2026/plus/1,https://www.transfermarkt.de/fc-st-pauli/kader/verein/35/saison_id/2026/plus/1,Build the exact native guarded move plan locally; preserve unresolved joined/contract/shirt fields.
FM27-2a82898c4d27d2fb0c15ba15,Tomoya Ando,1999-01-10,GER2,FC St. Pauli,CONTRACT_CHRONOLOGY,Joined/end/shirt fields are incomplete or invalid,ESCALATE_TECHNICAL,FOOTBALL_RESOLVED_TECHNICAL_PLAN_REQUIRED,MOVE_TO_TARGET_PRESERVE_METADATA,1376425,,,,2026/27 current roster places player at target club_id 1376425; native club_id is 10682387.,HIGH,https://www.transfermarkt.de/fc-st-pauli/kader/verein/35/saison_id/2026/plus/1,https://www.transfermarkt.de/fc-st-pauli/kader/verein/35/saison_id/2026/plus/1,Build the exact native guarded move plan locally; preserve unresolved joined/contract/shirt fields.
FM27-6630e28696ab8e94ebd295bc,Taycan Kurt,2008-05-18,GER2,Hannover 96,CONTRACT_CHRONOLOGY,Joined/end/shirt fields are incomplete or invalid,KEEP_EXISTING,EXTERNALLY_RESOLVED_NO_CHANGE,NO_CHANGE_KEEP_EXISTING,1376268,,,,Current club already matches the 2026/27 roster target; only incomplete chronology/metadata triggered review.,HIGH,https://www.transfermarkt.de/hannover-96/kader/verein/42/saison_id/2026/plus/1,https://www.transfermarkt.de/hannover-96/kader/verein/42/saison_id/2026/plus/1,Do not change football state. Remove this row from sprint-blocking coverage.
FM27-2af1837f603d147af35768bd,Jelani Ndi,2007-08-04,GER2,Hertha BSC,CONTRACT_CHRONOLOGY,Joined/end/shirt fields are incomplete or invalid,KEEP_EXISTING,EXTERNALLY_RESOLVED_NO_CHANGE,NO_CHANGE_KEEP_EXISTING,1376269,,,,Current club already matches the 2026/27 roster target; only incomplete chronology/metadata triggered review.,HIGH,https://www.transfermarkt.de/hertha-bsc/kader/verein/44/saison_id/2026/plus/1,https://www.transfermarkt.de/hertha-bsc/kader/verein/44/saison_id/2026/plus/1,Do not change football state. Remove this row from sprint-blocking coverage.
FM27-876f4e823dcace83f68cc776,Jerome Diallo,2009-06-13,GER2,Hertha BSC,CONTRACT_CHRONOLOGY,Joined/end/shirt fields are incomplete or invalid,KEEP_EXISTING,EXTERNALLY_RESOLVED_NO_CHANGE,NO_CHANGE_KEEP_EXISTING,1376269,,,,Current club already matches the 2026/27 roster target; only incomplete chronology/metadata triggered review.,HIGH,https://www.transfermarkt.de/hertha-bsc/kader/verein/44/saison_id/2026/plus/1,https://www.transfermarkt.de/hertha-bsc/kader/verein/44/saison_id/2026/plus/1,Do not change football state. Remove this row from sprint-blocking coverage.
FM27-b1d3bec87155852e280983f9,Kian Todorovic,2007-04-18,GER2,Hertha BSC,CONTRACT_CHRONOLOGY,Joined/end/shirt fields are incomplete or invalid,KEEP_EXISTING,EXTERNALLY_RESOLVED_NO_CHANGE,NO_CHANGE_KEEP_EXISTING,1376269,,,,Current club already matches the 2026/27 roster target; only incomplete chronology/metadata triggered review.,HIGH,https://www.transfermarkt.de/hertha-bsc/kader/verein/44/saison_id/2026/plus/1,https://www.transfermarkt.de/hertha-bsc/kader/verein/44/saison_id/2026/plus/1,Do not change football state. Remove this row from sprint-blocking coverage.
FM27-247f46959400ad35c9d3d839,Mayson Grothe,2009-01-21,GER2,Hertha BSC,CONTRACT_CHRONOLOGY,Joined/end/shirt fields are incomplete or invalid,KEEP_EXISTING,EXTERNALLY_RESOLVED_NO_CHANGE,NO_CHANGE_KEEP_EXISTING,1376269,,,,Current club already matches the 2026/27 roster target; only incomplete chronology/metadata triggered review.,HIGH,https://www.transfermarkt.de/hertha-bsc/kader/verein/44/saison_id/2026/plus/1,https://www.transfermarkt.de/hertha-bsc/kader/verein/44/saison_id/2026/plus/1,Do not change football state. Remove this row from sprint-blocking coverage.
FM27-88a606ee32f51e41854b14a4,Niklas Hildebrandt,2008-07-08,GER2,Hertha BSC,CONTRACT_CHRONOLOGY,Joined/end/shirt fields are incomplete or invalid,KEEP_EXISTING,EXTERNALLY_RESOLVED_NO_CHANGE,NO_CHANGE_KEEP_EXISTING,1376269,,,,Current club already matches the 2026/27 roster target; only incomplete chronology/metadata triggered review.,HIGH,https://www.transfermarkt.de/hertha-bsc/kader/verein/44/saison_id/2026/plus/1,https://www.transfermarkt.de/hertha-bsc/kader/verein/44/saison_id/2026/plus/1,Do not change football state. Remove this row from sprint-blocking coverage.
FM27-71fc2cddd20abe5926f0001f,Caspar Medlin,2007-03-13,GER2,Holstein Kiel,CONTRACT_CHRONOLOGY,Joined/end/shirt fields are incomplete or invalid,KEEP_EXISTING,EXTERNALLY_RESOLVED_NO_CHANGE,NO_CHANGE_KEEP_EXISTING,1376418,,,,Current club already matches the 2026/27 roster target; only incomplete chronology/metadata triggered review.,HIGH,https://www.transfermarkt.de/holstein-kiel/kader/verein/269/saison_id/2026/plus/1,https://www.transfermarkt.de/holstein-kiel/kader/verein/269/saison_id/2026/plus/1,Do not change football state. Remove this row from sprint-blocking coverage.
FM27-c92faf65bfd85cb12a23668f,Eymen Laghrissi,2008-06-04,GER2,Karlsruher SC,CONTRACT_CHRONOLOGY,Joined/end/shirt fields are incomplete or invalid,KEEP_EXISTING,EXTERNALLY_RESOLVED_NO_CHANGE,NO_CHANGE_KEEP_EXISTING,1376283,,,,Current club already matches the 2026/27 roster target; only incomplete chronology/metadata triggered review.,HIGH,https://www.transfermarkt.de/karlsruher-sc/kader/verein/48/saison_id/2026/plus/1,https://www.transfermarkt.de/karlsruher-sc/kader/verein/48/saison_id/2026/plus/1,Do not change football state. Remove this row from sprint-blocking coverage.
FM27-1bffe61103e5622fa08dba39,Ferdinand Gebert,2006-04-05,GER2,Karlsruher SC,CONTRACT_CHRONOLOGY,Joined/end/shirt fields are incomplete or invalid,ESCALATE_TECHNICAL,FOOTBALL_RESOLVED_TECHNICAL_PLAN_REQUIRED,MOVE_TO_TARGET_PRESERVE_METADATA,1376283,,,,2026/27 current roster places player at target club_id 1376283; native club_id is 1376560.,HIGH,https://www.transfermarkt.de/karlsruher-sc/kader/verein/48/saison_id/2026/plus/1,https://www.transfermarkt.de/karlsruher-sc/kader/verein/48/saison_id/2026/plus/1,Build the exact native guarded move plan locally; preserve unresolved joined/contract/shirt fields.
FM27-81e746ed09a172de0047f5f0,Hyeok-kyu Kwon,2001-03-13,GER2,Karlsruher SC,CONTRACT_CHRONOLOGY,Joined/end/shirt fields are incomplete or invalid,ESCALATE_TECHNICAL,FOOTBALL_RESOLVED_TECHNICAL_PLAN_REQUIRED,MOVE_TO_TARGET_PRESERVE_METADATA,1376283,,,,2026/27 current roster places player at target club_id 1376283; native club_id is 1179650.,HIGH,https://www.transfermarkt.de/karlsruher-sc/kader/verein/48/saison_id/2026/plus/1,https://www.transfermarkt.de/karlsruher-sc/kader/verein/48/saison_id/2026/plus/1,Build the exact native guarded move plan locally; preserve unresolved joined/contract/shirt fields.
FM27-bf6553043fc648b02041f183,Héliton,1995-11-13,GER2,Karlsruher SC,CONTRACT_CHRONOLOGY,Joined/end/shirt fields are incomplete or invalid,ESCALATE_TECHNICAL,FOOTBALL_RESOLVED_TECHNICAL_PLAN_REQUIRED,MOVE_TO_TARGET_PRESERVE_METADATA,1376283,,,,2026/27 current roster places player at target club_id 1376283; native club_id is 3145820.,HIGH,https://www.transfermarkt.de/karlsruher-sc/kader/verein/48/saison_id/2026/plus/1,https://www.transfermarkt.de/karlsruher-sc/kader/verein/48/saison_id/2026/plus/1,Build the exact native guarded move plan locally; preserve unresolved joined/contract/shirt fields.
FM27-7b0f3e0f216afa29990be124,Jason Ponente-Ramirez,2007-02-02,GER2,Karlsruher SC,CONTRACT_CHRONOLOGY,Joined/end/shirt fields are incomplete or invalid,ESCALATE_TECHNICAL,FOOTBALL_RESOLVED_TECHNICAL_PLAN_REQUIRED,MOVE_TO_TARGET_PRESERVE_METADATA,1376283,,,,2026/27 current roster places player at target club_id 1376283; native club_id is 1376275.,HIGH,https://www.transfermarkt.de/karlsruher-sc/kader/verein/48/saison_id/2026/plus/1,https://www.transfermarkt.de/karlsruher-sc/kader/verein/48/saison_id/2026/plus/1,Build the exact native guarded move plan locally; preserve unresolved joined/contract/shirt fields.
FM27-16c53f335257a792fd968fe8,Kevin Wiethaup,2005-08-06,GER2,Karlsruher SC,CONTRACT_CHRONOLOGY,Joined/end/shirt fields are incomplete or invalid,ESCALATE_TECHNICAL,FOOTBALL_RESOLVED_TECHNICAL_PLAN_REQUIRED,MOVE_TO_TARGET_PRESERVE_METADATA,1376283,,,,2026/27 current roster places player at target club_id 1376283; native club_id is 1376420.,HIGH,https://www.transfermarkt.de/karlsruher-sc/kader/verein/48/saison_id/2026/plus/1,https://www.transfermarkt.de/karlsruher-sc/kader/verein/48/saison_id/2026/plus/1,Build the exact native guarded move plan locally; preserve unresolved joined/contract/shirt fields.
FM27-fe9faf3e7dfe4f3e9508a55a,Noel Eichinger,2001-08-02,GER2,Karlsruher SC,CONTRACT_CHRONOLOGY,Joined/end/shirt fields are incomplete or invalid,ESCALATE_TECHNICAL,FOOTBALL_RESOLVED_TECHNICAL_PLAN_REQUIRED,MOVE_TO_TARGET_PRESERVE_METADATA,1376283,,,,2026/27 current roster places player at target club_id 1376283; native club_id is 1376436.,HIGH,https://www.transfermarkt.de/karlsruher-sc/kader/verein/48/saison_id/2026/plus/1,https://www.transfermarkt.de/karlsruher-sc/kader/verein/48/saison_id/2026/plus/1,Build the exact native guarded move plan locally; preserve unresolved joined/contract/shirt fields.
FM27-d8fd510762685607c8eec844,Sandro Trémoulet,1999-11-18,GER2,Karlsruher SC,CONTRACT_CHRONOLOGY,Joined/end/shirt fields are incomplete or invalid,ESCALATE_TECHNICAL,FOOTBALL_RESOLVED_TECHNICAL_PLAN_REQUIRED,MOVE_TO_TARGET_PRESERVE_METADATA,1376283,,,,2026/27 current roster places player at target club_id 1376283; native club_id is 3346467.,HIGH,https://www.transfermarkt.de/karlsruher-sc/kader/verein/48/saison_id/2026/plus/1,https://www.transfermarkt.de/karlsruher-sc/kader/verein/48/saison_id/2026/plus/1,Build the exact native guarded move plan locally; preserve unresolved joined/contract/shirt fields.
FM27-ed0639e82779ebce98f33633,Santeri Väänänen,2002-01-01,GER2,Karlsruher SC,CONTRACT_CHRONOLOGY,Joined/end/shirt fields are incomplete or invalid,ESCALATE_TECHNICAL,FOOTBALL_RESOLVED_TECHNICAL_PLAN_REQUIRED,MOVE_TO_TARGET_PRESERVE_METADATA,1376283,,,,2026/27 current roster places player at target club_id 1376283; native club_id is 2359305.,HIGH,https://www.transfermarkt.de/karlsruher-sc/kader/verein/48/saison_id/2026/plus/1,https://www.transfermarkt.de/karlsruher-sc/kader/verein/48/saison_id/2026/plus/1,Build the exact native guarded move plan locally; preserve unresolved joined/contract/shirt fields.
FM27-98c2e64a90ae1fa587d42e10,Tim Civeja,2002-01-04,GER2,Karlsruher SC,CONTRACT_CHRONOLOGY,Joined/end/shirt fields are incomplete or invalid,ESCALATE_TECHNICAL,FOOTBALL_RESOLVED_TECHNICAL_PLAN_REQUIRED,MOVE_TO_TARGET_PRESERVE_METADATA,1376283,,,,2026/27 current roster places player at target club_id 1376283; native club_id is 1376287.,HIGH,https://www.transfermarkt.de/karlsruher-sc/kader/verein/48/saison_id/2026/plus/1,https://www.transfermarkt.de/karlsruher-sc/kader/verein/48/saison_id/2026/plus/1,Build the exact native guarded move plan locally; preserve unresolved joined/contract/shirt fields.
FM27-e4bc54681efef05e32744d55,Ahmet Muhamedbegovic,1998-10-30,GER2,SG Dynamo Dresden,CONTRACT_CHRONOLOGY,Joined/end/shirt fields are incomplete or invalid,ESCALATE_TECHNICAL,FOOTBALL_RESOLVED_TECHNICAL_PLAN_REQUIRED,MOVE_TO_TARGET_PRESERVE_METADATA,1376278,,,,2026/27 current roster places player at target club_id 1376278; native club_id is 2883604.,HIGH,https://www.transfermarkt.de/sg-dynamo-dresden/kader/verein/129/saison_id/2026/plus/1,https://www.transfermarkt.de/sg-dynamo-dresden/kader/verein/129/saison_id/2026/plus/1,Build the exact native guarded move plan locally; preserve unresolved joined/contract/shirt fields.
FM27-ff321fc7173590fbb448cd4c,Brooklyn Ezeh,2001-06-23,GER2,SG Dynamo Dresden,CONTRACT_CHRONOLOGY,Joined/end/shirt fields are incomplete or invalid,ESCALATE_TECHNICAL,FOOTBALL_RESOLVED_TECHNICAL_PLAN_REQUIRED,MOVE_TO_TARGET_PRESERVE_METADATA,1376278,,,,2026/27 current roster places player at target club_id 1376278; native club_id is 1376268.,HIGH,https://www.transfermarkt.de/sg-dynamo-dresden/kader/verein/129/saison_id/2026/plus/1,https://www.transfermarkt.de/sg-dynamo-dresden/kader/verein/129/saison_id/2026/plus/1,Build the exact native guarded move plan locally; preserve unresolved joined/contract/shirt fields.
FM27-6d31dbb78c8a949ad5455dd7,Friedrich Müller,2006-02-14,GER2,SG Dynamo Dresden,CONTRACT_CHRONOLOGY,Joined/end/shirt fields are incomplete or invalid,KEEP_EXISTING,EXTERNALLY_RESOLVED_NO_CHANGE,NO_CHANGE_KEEP_EXISTING,1376278,,,,Current club already matches the 2026/27 roster target; only incomplete chronology/metadata triggered review.,HIGH,https://www.transfermarkt.de/sg-dynamo-dresden/kader/verein/129/saison_id/2026/plus/1,https://www.transfermarkt.de/sg-dynamo-dresden/kader/verein/129/saison_id/2026/plus/1,Do not change football state. Remove this row from sprint-blocking coverage.
FM27-9597e5a2cc078d7b6eb848f4,Simon Straudi,1999-01-27,GER2,SG Dynamo Dresden,CONTRACT_CHRONOLOGY,Joined/end/shirt fields are incomplete or invalid,ESCALATE_TECHNICAL,FOOTBALL_RESOLVED_TECHNICAL_PLAN_REQUIRED,MOVE_TO_TARGET_PRESERVE_METADATA,1376278,,,,2026/27 current roster places player at target club_id 1376278; native club_id is 1376280.,HIGH,https://www.transfermarkt.de/sg-dynamo-dresden/kader/verein/129/saison_id/2026/plus/1,https://www.transfermarkt.de/sg-dynamo-dresden/kader/verein/129/saison_id/2026/plus/1,Build the exact native guarded move plan locally; preserve unresolved joined/contract/shirt fields.
FM27-adb23813dc7346027f1b2c6a,Tobias Raschl,2000-02-21,GER2,SG Dynamo Dresden,CONTRACT_CHRONOLOGY,Joined/end/shirt fields are incomplete or invalid,ESCALATE_TECHNICAL,FOOTBALL_RESOLVED_TECHNICAL_PLAN_REQUIRED,MOVE_TO_TARGET_PRESERVE_METADATA,1376278,,,,2026/27 current roster places player at target club_id 1376278; native club_id is 1376257.,HIGH,https://www.transfermarkt.de/sg-dynamo-dresden/kader/verein/129/saison_id/2026/plus/1,https://www.transfermarkt.de/sg-dynamo-dresden/kader/verein/129/saison_id/2026/plus/1,Build the exact native guarded move plan locally; preserve unresolved joined/contract/shirt fields.
FM27-dacf94d931b549a384816f13,Florian Kleinhansl,2000-08-11,GER2,SV Darmstadt 98,CONTRACT_CHRONOLOGY,Joined/end/shirt fields are incomplete or invalid,ESCALATE_TECHNICAL,FOOTBALL_RESOLVED_TECHNICAL_PLAN_REQUIRED,MOVE_TO_TARGET_PRESERVE_METADATA,1376442,,,,2026/27 current roster places player at target club_id 1376442; native club_id is 1376257.,HIGH,https://www.transfermarkt.de/sv-darmstadt-98/kader/verein/105/saison_id/2026/plus/1,https://www.transfermarkt.de/sv-darmstadt-98/kader/verein/105/saison_id/2026/plus/1,Build the exact native guarded move plan locally; preserve unresolved joined/contract/shirt fields.
FM27-3ffd3813d5f125d85a463b53,Lars Kehl,2002-04-08,GER2,SV Darmstadt 98,CONTRACT_CHRONOLOGY,Joined/end/shirt fields are incomplete or invalid,ESCALATE_TECHNICAL,FOOTBALL_RESOLVED_TECHNICAL_PLAN_REQUIRED,MOVE_TO_TARGET_PRESERVE_METADATA,1376442,,,,2026/27 current roster places player at target club_id 1376442; native club_id is 1376420.,HIGH,https://www.transfermarkt.de/sv-darmstadt-98/kader/verein/105/saison_id/2026/plus/1,https://www.transfermarkt.de/sv-darmstadt-98/kader/verein/105/saison_id/2026/plus/1,Build the exact native guarded move plan locally; preserve unresolved joined/contract/shirt fields.
FM27-05686f0480329515e73f5ac4,Marco Richter,1997-11-24,GER2,SV Darmstadt 98,CONTRACT_CHRONOLOGY,Joined/end/shirt fields are incomplete or invalid,KEEP_EXISTING,EXTERNALLY_RESOLVED_NO_CHANGE,NO_CHANGE_KEEP_EXISTING,1376442,,,,Current club already matches the 2026/27 roster target; only incomplete chronology/metadata triggered review.,HIGH,https://www.transfermarkt.de/sv-darmstadt-98/kader/verein/105/saison_id/2026/plus/1,https://www.transfermarkt.de/sv-darmstadt-98/kader/verein/105/saison_id/2026/plus/1,Do not change football state. Remove this row from sprint-blocking coverage.
FM27-98f64a8a0387044cb6b6f4a4,Nicolas Verkooijen,2006-12-05,GER2,SV Darmstadt 98,CONTRACT_CHRONOLOGY,Joined/end/shirt fields are incomplete or invalid,ESCALATE_TECHNICAL,FOOTBALL_RESOLVED_TECHNICAL_PLAN_REQUIRED,MOVE_TO_TARGET_PRESERVE_METADATA,1376442,,,,2026/27 current roster places player at target club_id 1376442; native club_id is 2228236.,HIGH,https://www.transfermarkt.de/sv-darmstadt-98/kader/verein/105/saison_id/2026/plus/1,https://www.transfermarkt.de/sv-darmstadt-98/kader/verein/105/saison_id/2026/plus/1,Build the exact native guarded move plan locally; preserve unresolved joined/contract/shirt fields.
FM27-80eda5f11578b7ab5665e349,Raoul Petretta,1997-03-24,GER2,SV Darmstadt 98,CONTRACT_CHRONOLOGY,Joined/end/shirt fields are incomplete or invalid,ESCALATE_TECHNICAL,FOOTBALL_RESOLVED_TECHNICAL_PLAN_REQUIRED,MOVE_TO_TARGET_PRESERVE_METADATA,1376442,,,,2026/27 current roster places player at target club_id 1376442; native club_id is 6225954.,HIGH,https://www.transfermarkt.de/sv-darmstadt-98/kader/verein/105/saison_id/2026/plus/1,https://www.transfermarkt.de/sv-darmstadt-98/kader/verein/105/saison_id/2026/plus/1,Build the exact native guarded move plan locally; preserve unresolved joined/contract/shirt fields.
FM27-cdb3e5ade069540f377da4ca,William Mikelbrencis,2004-02-25,GER2,SV Darmstadt 98,CONTRACT_CHRONOLOGY,Joined/end/shirt fields are incomplete or invalid,ESCALATE_TECHNICAL,FOOTBALL_RESOLVED_TECHNICAL_PLAN_REQUIRED,MOVE_TO_TARGET_PRESERVE_METADATA,1376442,,,,2026/27 current roster places player at target club_id 1376442; native club_id is 1376267.,HIGH,https://www.transfermarkt.de/sv-darmstadt-98/kader/verein/105/saison_id/2026/plus/1,https://www.transfermarkt.de/sv-darmstadt-98/kader/verein/105/saison_id/2026/plus/1,Build the exact native guarded move plan locally; preserve unresolved joined/contract/shirt fields.
FM27-e4d63d15efbbff2945a894ca,Yannik Lührs,2003-09-09,GER2,SV Darmstadt 98,CONTRACT_CHRONOLOGY,Joined/end/shirt fields are incomplete or invalid,ESCALATE_TECHNICAL,FOOTBALL_RESOLVED_TECHNICAL_PLAN_REQUIRED,MOVE_TO_TARGET_PRESERVE_METADATA,1376442,,,,2026/27 current roster places player at target club_id 1376442; native club_id is 1376433.,HIGH,https://www.transfermarkt.de/sv-darmstadt-98/kader/verein/105/saison_id/2026/plus/1,https://www.transfermarkt.de/sv-darmstadt-98/kader/verein/105/saison_id/2026/plus/1,Build the exact native guarded move plan locally; preserve unresolved joined/contract/shirt fields.
FM27-03351a546ebd75805fd49cc5,Silas Prüfrock,2005-01-25,GER2,SpVgg Greuther Fürth,CONTRACT_CHRONOLOGY,Joined/end/shirt fields are incomplete or invalid,KEEP_EXISTING,EXTERNALLY_RESOLVED_NO_CHANGE,NO_CHANGE_KEEP_EXISTING,1376288,,,,Current club already matches the 2026/27 roster target; only incomplete chronology/metadata triggered review.,HIGH,https://www.transfermarkt.de/spvgg-greuther-furth/kader/verein/65/saison_id/2026/plus/1,https://www.transfermarkt.de/spvgg-greuther-furth/kader/verein/65/saison_id/2026/plus/1,Do not change football state. Remove this row from sprint-blocking coverage.
FM27-b373655d1a488fdbde7d3ce2,Daniel-Kofi Kyereh,1996-03-08,GER2,VfL Osnabrück,CONTRACT_CHRONOLOGY,Joined/end/shirt fields are incomplete or invalid,ESCALATE_TECHNICAL,FOOTBALL_RESOLVED_TECHNICAL_PLAN_REQUIRED,MOVE_TO_TARGET_PRESERVE_METADATA,1376420,,,,2026/27 current roster places player at target club_id 1376420; native club_id is 1376270.,HIGH,https://www.transfermarkt.de/vfl-osnabruck/kader/verein/81/saison_id/2026/plus/1,https://www.transfermarkt.de/vfl-osnabruck/kader/verein/81/saison_id/2026/plus/1,Build the exact native guarded move plan locally; preserve unresolved joined/contract/shirt fields.
FM27-81d7789070d37f3d5525fb32,Joel Abu Hanna,1998-01-22,GER2,VfL Osnabrück,CONTRACT_CHRONOLOGY,Joined/end/shirt fields are incomplete or invalid,ESCALATE_TECHNICAL,FOOTBALL_RESOLVED_TECHNICAL_PLAN_REQUIRED,MOVE_TO_TARGET_PRESERVE_METADATA,1376420,,,,2026/27 current roster places player at target club_id 1376420; native club_id is 1441882.,HIGH,https://www.transfermarkt.de/vfl-osnabruck/kader/verein/81/saison_id/2026/plus/1,https://www.transfermarkt.de/vfl-osnabruck/kader/verein/81/saison_id/2026/plus/1,Build the exact native guarded move plan locally; preserve unresolved joined/contract/shirt fields.
FM27-b651bb5e18106a02a52bf294,Jonathan Wensing,2004-04-05,GER2,VfL Osnabrück,CONTRACT_CHRONOLOGY,Joined/end/shirt fields are incomplete or invalid,ESCALATE_TECHNICAL,FOOTBALL_RESOLVED_TECHNICAL_PLAN_REQUIRED,MOVE_TO_TARGET_PRESERVE_METADATA,1376420,,,,2026/27 current roster places player at target club_id 1376420; native club_id is 1376347.,HIGH,https://www.transfermarkt.de/vfl-osnabruck/kader/verein/81/saison_id/2026/plus/1,https://www.transfermarkt.de/vfl-osnabruck/kader/verein/81/saison_id/2026/plus/1,Build the exact native guarded move plan locally; preserve unresolved joined/contract/shirt fields.
FM27-80fe22723b39f89c3cd82a18,Luca Böggemann,2004-03-11,GER2,VfL Osnabrück,CONTRACT_CHRONOLOGY,Joined/end/shirt fields are incomplete or invalid,ESCALATE_TECHNICAL,FOOTBALL_RESOLVED_TECHNICAL_PLAN_REQUIRED,MOVE_TO_TARGET_PRESERVE_METADATA,1376420,,,,2026/27 current roster places player at target club_id 1376420; native club_id is 1376414.,HIGH,https://www.transfermarkt.de/vfl-osnabruck/kader/verein/81/saison_id/2026/plus/1,https://www.transfermarkt.de/vfl-osnabruck/kader/verein/81/saison_id/2026/plus/1,Build the exact native guarded move plan locally; preserve unresolved joined/contract/shirt fields.
FM27-1d32fac2763c27d7881631e0,Erik Maurer,2006-07-19,GER3,FC Hansa Rostock,CONTRACT_CHRONOLOGY,Joined/end/shirt fields are incomplete or invalid,KEEP_EXISTING,EXTERNALLY_RESOLVED_NO_CHANGE,NO_CHANGE_KEEP_EXISTING,1376265,,,,Current club already matches the 2026/27 roster target; only incomplete chronology/metadata triggered review.,HIGH,https://www.transfermarkt.de/fc-hansa-rostock/kader/verein/30/saison_id/2026/plus/1,https://www.transfermarkt.de/fc-hansa-rostock/kader/verein/30/saison_id/2026/plus/1,Do not change football state. Remove this row from sprint-blocking coverage.
FM27-d03f1c0bb3ce145d925bd7ce,Nishan Velupillay,2001-05-07,GER3,FC Ingolstadt 04,CONTRACT_CHRONOLOGY,Joined/end/shirt fields are incomplete or invalid,ESCALATE_TECHNICAL,FOOTBALL_RESOLVED_TECHNICAL_PLAN_REQUIRED,MOVE_TO_TARGET_PRESERVE_METADATA,1376315,,,,2026/27 current roster places player at target club_id 1376315; native club_id is 12779523.,HIGH,https://www.transfermarkt.de/fc-ingolstadt-04/kader/verein/4795/saison_id/2026/plus/1,https://www.transfermarkt.de/fc-ingolstadt-04/kader/verein/4795/saison_id/2026/plus/1,Build the exact native guarded move plan locally; preserve unresolved joined/contract/shirt fields.
FM27-2e11abe931f904384c02141e,Kasra Ghawilu,1999-02-11,GER3,SV Meppen,CONTRACT_CHRONOLOGY,Joined/end/shirt fields are incomplete or invalid,ESCALATE_TECHNICAL,FOOTBALL_RESOLVED_TECHNICAL_PLAN_REQUIRED,MOVE_TO_TARGET_PRESERVE_METADATA,1376347,,,,2026/27 current roster places player at target club_id 1376347; native club_id is 1378814.,HIGH,https://www.transfermarkt.de/sv-meppen/kader/verein/247/saison_id/2026/plus/1,https://www.transfermarkt.de/sv-meppen/kader/verein/247/saison_id/2026/plus/1,Build the exact native guarded move plan locally; preserve unresolved joined/contract/shirt fields.
FM27-89d37ee93faa3e47da37d0a3,Gonçalo Gregório,1995-06-14,GER3,SV Waldhof Mannheim 07,CONTRACT_CHRONOLOGY,Joined/end/shirt fields are incomplete or invalid,ESCALATE_TECHNICAL,FOOTBALL_RESOLVED_TECHNICAL_PLAN_REQUIRED,MOVE_TO_TARGET_PRESERVE_METADATA,1376301,,,,2026/27 current roster places player at target club_id 1376301; native club_id is 200709.,HIGH,https://www.transfermarkt.de/sv-waldhof-mannheim/kader/verein/85/saison_id/2026/plus/1,https://www.transfermarkt.de/sv-waldhof-mannheim/kader/verein/85/saison_id/2026/plus/1,Build the exact native guarded move plan locally; preserve unresolved joined/contract/shirt fields.
FM27-0cb01390ed086e6db81d0004,Masca,2000-05-15,GER3,SV Waldhof Mannheim 07,CONTRACT_CHRONOLOGY,Joined/end/shirt fields are incomplete or invalid,KEEP_EXISTING,EXTERNALLY_RESOLVED_NO_CHANGE,NO_CHANGE_KEEP_EXISTING,1376301,,,,Current club already matches the 2026/27 roster target; only incomplete chronology/metadata triggered review.,HIGH,https://www.transfermarkt.de/sv-waldhof-mannheim/kader/verein/85/saison_id/2026/plus/1,https://www.transfermarkt.de/sv-waldhof-mannheim/kader/verein/85/saison_id/2026/plus/1,Do not change football state. Remove this row from sprint-blocking coverage.
FM27-252ef9bef22b54c66a8fd031,Blessing Makanda,2006-02-14,GER3,TSG 1899 Hoffenheim,CONTRACT_CHRONOLOGY,Joined/end/shirt fields are incomplete or invalid,KEEP_EXISTING,EXTERNALLY_RESOLVED_NO_CHANGE,NO_CHANGE_KEEP_EXISTING,1376433,,,,Current club already matches the 2026/27 roster target; only incomplete chronology/metadata triggered review.,HIGH,https://www.transfermarkt.de/tsg-1899-hoffenheim-ii/kader/verein/983/saison_id/2026/plus/1,https://www.transfermarkt.de/tsg-1899-hoffenheim-ii/kader/verein/983/saison_id/2026/plus/1,Do not change football state. Remove this row from sprint-blocking coverage.
FM27-aba2f02bd5edd99e9d1f4e12,Florian Micheler,2005-05-17,GER3,TSG 1899 Hoffenheim,CONTRACT_CHRONOLOGY,Joined/end/shirt fields are incomplete or invalid,ESCALATE_TECHNICAL,FOOTBALL_RESOLVED_TECHNICAL_PLAN_REQUIRED,MOVE_TO_TARGET_PRESERVE_METADATA,1376433,,,,2026/27 current roster places player at target club_id 1376433; native club_id is 1376260.,HIGH,https://www.transfermarkt.de/tsg-1899-hoffenheim-ii/kader/verein/983/saison_id/2026/plus/1,https://www.transfermarkt.de/tsg-1899-hoffenheim-ii/kader/verein/983/saison_id/2026/plus/1,Build the exact native guarded move plan locally; preserve unresolved joined/contract/shirt fields.
FM27-fd9ab6980a0abaa7a5456709,Lion Wagenbach,2007-04-16,GER3,TSG 1899 Hoffenheim,CONTRACT_CHRONOLOGY,Joined/end/shirt fields are incomplete or invalid,KEEP_EXISTING,EXTERNALLY_RESOLVED_NO_CHANGE,NO_CHANGE_KEEP_EXISTING,1376433,,,,Current club already matches the 2026/27 roster target; only incomplete chronology/metadata triggered review.,HIGH,https://www.transfermarkt.de/tsg-1899-hoffenheim-ii/kader/verein/983/saison_id/2026/plus/1,https://www.transfermarkt.de/tsg-1899-hoffenheim-ii/kader/verein/983/saison_id/2026/plus/1,Do not change football state. Remove this row from sprint-blocking coverage.
FM27-e5e093f15db87a75879d8083,Nico Biedermann,2008-02-19,GER3,TSG 1899 Hoffenheim,CONTRACT_CHRONOLOGY,Joined/end/shirt fields are incomplete or invalid,KEEP_EXISTING,EXTERNALLY_RESOLVED_NO_CHANGE,NO_CHANGE_KEEP_EXISTING,1376433,,,,Current club already matches the 2026/27 roster target; only incomplete chronology/metadata triggered review.,HIGH,https://www.transfermarkt.de/tsg-1899-hoffenheim-ii/kader/verein/983/saison_id/2026/plus/1,https://www.transfermarkt.de/tsg-1899-hoffenheim-ii/kader/verein/983/saison_id/2026/plus/1,Do not change football state. Remove this row from sprint-blocking coverage.
FM27-023d44c7d114fdd3cd23c287,Yasin Zor,2005-10-25,GER3,TSG 1899 Hoffenheim,CONTRACT_CHRONOLOGY,Joined/end/shirt fields are incomplete or invalid,ESCALATE_TECHNICAL,FOOTBALL_RESOLVED_TECHNICAL_PLAN_REQUIRED,MOVE_TO_TARGET_PRESERVE_METADATA,1376433,,,,2026/27 current roster places player at target club_id 1376433; native club_id is 1376560.,HIGH,https://www.transfermarkt.de/tsg-1899-hoffenheim-ii/kader/verein/983/saison_id/2026/plus/1,https://www.transfermarkt.de/tsg-1899-hoffenheim-ii/kader/verein/983/saison_id/2026/plus/1,Build the exact native guarded move plan locally; preserve unresolved joined/contract/shirt fields.
FM27-2b116aa19db68661d44d5565,Zain Biazid,2008-01-14,GER3,TSG 1899 Hoffenheim,CONTRACT_CHRONOLOGY,Joined/end/shirt fields are incomplete or invalid,KEEP_EXISTING,EXTERNALLY_RESOLVED_NO_CHANGE,NO_CHANGE_KEEP_EXISTING,1376433,,,,Current club already matches the 2026/27 roster target; only incomplete chronology/metadata triggered review.,HIGH,https://www.transfermarkt.de/tsg-1899-hoffenheim-ii/kader/verein/983/saison_id/2026/plus/1,https://www.transfermarkt.de/tsg-1899-hoffenheim-ii/kader/verein/983/saison_id/2026/plus/1,Do not change football state. Remove this row from sprint-blocking coverage.
FM27-0750386296568c137a22392d,Jannis Krug,2007-04-27,GER3,TSV Havelse 1912,CONTRACT_CHRONOLOGY,Joined/end/shirt fields are incomplete or invalid,KEEP_EXISTING,EXTERNALLY_RESOLVED_NO_CHANGE,NO_CHANGE_KEEP_EXISTING,1376539,,,,Current club already matches the 2026/27 roster target; only incomplete chronology/metadata triggered review.,HIGH,https://www.transfermarkt.de/tsv-havelse/kader/verein/476/saison_id/2026/plus/1,https://www.transfermarkt.de/tsv-havelse/kader/verein/476/saison_id/2026/plus/1,Do not change football state. Remove this row from sprint-blocking coverage.
FM27-f2c662579953a9eb27037156,Eliot Bujupi,2006-07-03,GER3,VfB Stuttgart,CONTRACT_CHRONOLOGY,Joined/end/shirt fields are incomplete or invalid,ESCALATE_TECHNICAL,FOOTBALL_RESOLVED_TECHNICAL_PLAN_REQUIRED,MOVE_TO_TARGET_PRESERVE_METADATA,1376272,,,,2026/27 current roster places player at target club_id 1376272; native club_id is 458763.,HIGH,https://www.transfermarkt.de/vfb-stuttgart-ii/kader/verein/102/saison_id/2026/plus/1,https://www.transfermarkt.de/vfb-stuttgart-ii/kader/verein/102/saison_id/2026/plus/1,Build the exact native guarded move plan locally; preserve unresolved joined/contract/shirt fields.
FM27-f553b5b5648224129de2e77d,Enis Redzepi,2008-03-12,GER3,VfB Stuttgart,CONTRACT_CHRONOLOGY,Joined/end/shirt fields are incomplete or invalid,KEEP_EXISTING,EXTERNALLY_RESOLVED_NO_CHANGE,NO_CHANGE_KEEP_EXISTING,1376272,,,,Current club already matches the 2026/27 roster target; only incomplete chronology/metadata triggered review.,HIGH,https://www.transfermarkt.de/vfb-stuttgart-ii/kader/verein/102/saison_id/2026/plus/1,https://www.transfermarkt.de/vfb-stuttgart-ii/kader/verein/102/saison_id/2026/plus/1,Do not change football state. Remove this row from sprint-blocking coverage.
FM27-14849f555e5cda2d8a81a1db,Kian Speidel,2009-02-20,GER3,VfB Stuttgart,CONTRACT_CHRONOLOGY,Joined/end/shirt fields are incomplete or invalid,KEEP_EXISTING,EXTERNALLY_RESOLVED_NO_CHANGE,NO_CHANGE_KEEP_EXISTING,1376272,,,,Current club already matches the 2026/27 roster target; only incomplete chronology/metadata triggered review.,HIGH,https://www.transfermarkt.de/vfb-stuttgart-ii/kader/verein/102/saison_id/2026/plus/1,https://www.transfermarkt.de/vfb-stuttgart-ii/kader/verein/102/saison_id/2026/plus/1,Do not change football state. Remove this row from sprint-blocking coverage.
FM27-985a0649b060060b81d1eb4f,Luca Berreth,2009-11-25,GER3,VfB Stuttgart,CONTRACT_CHRONOLOGY,Joined/end/shirt fields are incomplete or invalid,KEEP_EXISTING,EXTERNALLY_RESOLVED_NO_CHANGE,NO_CHANGE_KEEP_EXISTING,1376272,,,,Current club already matches the 2026/27 roster target; only incomplete chronology/metadata triggered review.,HIGH,https://www.transfermarkt.de/vfb-stuttgart-ii/kader/verein/102/saison_id/2026/plus/1,https://www.transfermarkt.de/vfb-stuttgart-ii/kader/verein/102/saison_id/2026/plus/1,Do not change football state. Remove this row from sprint-blocking coverage.
FM27-564c981f19c8a9da89697af6,Mathis Mout,2007-08-06,ITA1,AC Monza,CONTRACT_CHRONOLOGY,Joined/end/shirt fields are incomplete or invalid,KEEP_EXISTING,EXTERNALLY_RESOLVED_NO_CHANGE,NO_CHANGE_KEEP_EXISTING,1769533,,,,Current club already matches the 2026/27 roster target; only incomplete chronology/metadata triggered review.,HIGH,https://www.transfermarkt.de/ac-monza/kader/verein/2919/saison_id/2026/plus/1,https://www.transfermarkt.de/ac-monza/kader/verein/2919/saison_id/2026/plus/1,Do not change football state. Remove this row from sprint-blocking coverage.
FM27-a2ffb0090569f40f71076a92,Thomas Pompei,2006-07-04,ITA1,Atalanta Bergamo,CONTRACT_CHRONOLOGY,Joined/end/shirt fields are incomplete or invalid,ESCALATE_TECHNICAL,FOOTBALL_RESOLVED_TECHNICAL_PLAN_REQUIRED,MOVE_TO_TARGET_PRESERVE_METADATA,1769477,,,,2026/27 current roster places player at target club_id 1769477; native club_id is 1769573.,HIGH,https://www.transfermarkt.de/atalanta-bergamo/kader/verein/800/saison_id/2026/plus/1,https://www.transfermarkt.de/atalanta-bergamo/kader/verein/800/saison_id/2026/plus/1,Build the exact native guarded move plan locally; preserve unresolved joined/contract/shirt fields.
FM27-5bb7af104350569eb110dfc5,Marco Libra,2008-03-21,ITA1,FC Bologna,CONTRACT_CHRONOLOGY,Joined/end/shirt fields are incomplete or invalid,KEEP_EXISTING,EXTERNALLY_RESOLVED_NO_CHANGE,NO_CHANGE_KEEP_EXISTING,1769478,,,,Current club already matches the 2026/27 roster target; only incomplete chronology/metadata triggered review.,HIGH,https://www.transfermarkt.de/fc-bologna/kader/verein/1025/saison_id/2026/plus/1,https://www.transfermarkt.de/fc-bologna/kader/verein/1025/saison_id/2026/plus/1,Do not change football state. Remove this row from sprint-blocking coverage.
FM27-a6b23727f02eddbf193e5cff,Ukko Happonen,2007-03-13,ITA1,FC Bologna,CONTRACT_CHRONOLOGY,Joined/end/shirt fields are incomplete or invalid,KEEP_EXISTING,EXTERNALLY_RESOLVED_NO_CHANGE,NO_CHANGE_KEEP_EXISTING,1769478,,,,Current club already matches the 2026/27 roster target; only incomplete chronology/metadata triggered review.,HIGH,https://www.transfermarkt.de/fc-bologna/kader/verein/1025/saison_id/2026/plus/1,https://www.transfermarkt.de/fc-bologna/kader/verein/1025/saison_id/2026/plus/1,Do not change football state. Remove this row from sprint-blocking coverage.
FM27-4edb4527ed133d90f36f454e,Francesco Gelli,1996-10-15,ITA1,Frosinone Calcio,CONTRACT_CHRONOLOGY,Joined/end/shirt fields are incomplete or invalid,KEEP_EXISTING,EXTERNALLY_RESOLVED_NO_CHANGE,NO_CHANGE_KEEP_EXISTING,1769528,,,,Current club already matches the 2026/27 roster target; only incomplete chronology/metadata triggered review.,HIGH,https://www.transfermarkt.de/frosinone-calcio/kader/verein/8970/saison_id/2026/plus/1,https://www.transfermarkt.de/frosinone-calcio/kader/verein/8970/saison_id/2026/plus/1,Do not change football state. Remove this row from sprint-blocking coverage.
FM27-3f01e6077f6d1de6355812cf,Matteo Pisseri,1991-11-21,ITA1,Frosinone Calcio,CONTRACT_CHRONOLOGY,Joined/end/shirt fields are incomplete or invalid,KEEP_EXISTING,EXTERNALLY_RESOLVED_NO_CHANGE,NO_CHANGE_KEEP_EXISTING,1769528,,,,Current club already matches the 2026/27 roster target; only incomplete chronology/metadata triggered review.,HIGH,https://www.transfermarkt.de/frosinone-calcio/kader/verein/8970/saison_id/2026/plus/1,https://www.transfermarkt.de/frosinone-calcio/kader/verein/8970/saison_id/2026/plus/1,Do not change football state. Remove this row from sprint-blocking coverage.
FM27-7d22d974f97c852e2f658b51,Mamedi Doucouré,2007-01-19,ITA1,Genua CFC,CONTRACT_CHRONOLOGY,Joined/end/shirt fields are incomplete or invalid,KEEP_EXISTING,EXTERNALLY_RESOLVED_NO_CHANGE,NO_CHANGE_KEEP_EXISTING,1769510,,,,Current club already matches the 2026/27 roster target; only incomplete chronology/metadata triggered review.,HIGH,https://www.transfermarkt.de/genua-cfc/kader/verein/252/saison_id/2026/plus/1,https://www.transfermarkt.de/genua-cfc/kader/verein/252/saison_id/2026/plus/1,Do not change football state. Remove this row from sprint-blocking coverage.
FM27-fa374f8401f2c9deb268b76d,Federico Serra,2006-01-03,ITA1,Lazio Rom,CONTRACT_CHRONOLOGY,Joined/end/shirt fields are incomplete or invalid,KEEP_EXISTING,EXTERNALLY_RESOLVED_NO_CHANGE,NO_CHANGE_KEEP_EXISTING,1769487,,,,Current club already matches the 2026/27 roster target; only incomplete chronology/metadata triggered review.,HIGH,https://www.transfermarkt.de/lazio-rom/kader/verein/398/saison_id/2026/plus/1,https://www.transfermarkt.de/lazio-rom/kader/verein/398/saison_id/2026/plus/1,Do not change football state. Remove this row from sprint-blocking coverage.
FM27-080deb419d6cdd8625a7000a,Dominik Drobnic,2007-04-05,ITA1,Parma Calcio 1913,CONTRACT_CHRONOLOGY,Joined/end/shirt fields are incomplete or invalid,KEEP_EXISTING,EXTERNALLY_RESOLVED_NO_CHANGE,NO_CHANGE_KEEP_EXISTING,1769475,,,,Current club already matches the 2026/27 roster target; only incomplete chronology/metadata triggered review.,HIGH,https://www.transfermarkt.de/parma-calcio-1913/kader/verein/130/saison_id/2026/plus/1,https://www.transfermarkt.de/parma-calcio-1913/kader/verein/130/saison_id/2026/plus/1,Do not change football state. Remove this row from sprint-blocking coverage.
FM27-f4420a7d7e0ce232261d56c7,Claudio Pugliese,2008-04-15,ITA1,SSC Neapel,CONTRACT_CHRONOLOGY,Joined/end/shirt fields are incomplete or invalid,KEEP_EXISTING,EXTERNALLY_RESOLVED_NO_CHANGE,NO_CHANGE_KEEP_EXISTING,1769517,,,,Current club already matches the 2026/27 roster target; only incomplete chronology/metadata triggered review.,HIGH,https://www.transfermarkt.de/ssc-neapel/kader/verein/6195/saison_id/2026/plus/1,https://www.transfermarkt.de/ssc-neapel/kader/verein/6195/saison_id/2026/plus/1,Do not change football state. Remove this row from sprint-blocking coverage.
FM27-a87f40b34dbc781597ebb507,Sebastian Esposito,2005-04-21,ITA1,US Lecce,CONTRACT_CHRONOLOGY,Joined/end/shirt fields are incomplete or invalid,ESCALATE_TECHNICAL,FOOTBALL_RESOLVED_TECHNICAL_PLAN_REQUIRED,MOVE_TO_TARGET_PRESERVE_METADATA,1769483,,,,2026/27 current roster places player at target club_id 1769483; native club_id is 12779523.,HIGH,https://www.transfermarkt.de/us-lecce/kader/verein/1005/saison_id/2026/plus/1,https://www.transfermarkt.de/us-lecce/kader/verein/1005/saison_id/2026/plus/1,Build the exact native guarded move plan locally; preserve unresolved joined/contract/shirt fields.
FM27-1c1eb8a639fe13555a32b4c0,Giorgio Vezzosi,2007-01-14,ITA1,US Sassuolo,CONTRACT_CHRONOLOGY,Joined/end/shirt fields are incomplete or invalid,KEEP_EXISTING,EXTERNALLY_RESOLVED_NO_CHANGE,NO_CHANGE_KEEP_EXISTING,1769542,,,,Current club already matches the 2026/27 roster target; only incomplete chronology/metadata triggered review.,HIGH,https://www.transfermarkt.de/us-sassuolo/kader/verein/6574/saison_id/2026/plus/1,https://www.transfermarkt.de/us-sassuolo/kader/verein/6574/saison_id/2026/plus/1,Do not change football state. Remove this row from sprint-blocking coverage.
FM27-a4b7aad91cb75257ddec3f0e,Lorenzo Nyarko,2007-10-20,ITA1,US Sassuolo,CONTRACT_CHRONOLOGY,Joined/end/shirt fields are incomplete or invalid,KEEP_EXISTING,EXTERNALLY_RESOLVED_NO_CHANGE,NO_CHANGE_KEEP_EXISTING,1769542,,,,Current club already matches the 2026/27 roster target; only incomplete chronology/metadata triggered review.,HIGH,https://www.transfermarkt.de/us-sassuolo/kader/verein/6574/saison_id/2026/plus/1,https://www.transfermarkt.de/us-sassuolo/kader/verein/6574/saison_id/2026/plus/1,Do not change football state. Remove this row from sprint-blocking coverage.
FM27-3fac8dfee9e1de01b0fff607,Mohamed Malang Touré,2006-12-31,ITA1,Venezia FC,CONTRACT_CHRONOLOGY,Joined/end/shirt fields are incomplete or invalid,ESCALATE_TECHNICAL,FOOTBALL_RESOLVED_TECHNICAL_PLAN_REQUIRED,MOVE_TO_TARGET_PRESERVE_METADATA,1769500,,,,2026/27 current roster places player at target club_id 1769500; native club_id is 0.,HIGH,https://www.transfermarkt.de/venezia-fc/kader/verein/607/saison_id/2026/plus/1,https://www.transfermarkt.de/venezia-fc/kader/verein/607/saison_id/2026/plus/1,Build the exact native guarded move plan locally; preserve unresolved joined/contract/shirt fields.
FM27-a199aca998dbfbd38dfff853,Jahelille Hall,2007-11-25,NED1,FC Groningen,CONTRACT_CHRONOLOGY,Joined/end/shirt fields are incomplete or invalid,KEEP_EXISTING,EXTERNALLY_RESOLVED_NO_CHANGE,NO_CHANGE_KEEP_EXISTING,2228233,,,,Current club already matches the 2026/27 roster target; only incomplete chronology/metadata triggered review.,HIGH,https://www.transfermarkt.de/fc-groningen/kader/verein/202/saison_id/2026/plus/1,https://www.transfermarkt.de/fc-groningen/kader/verein/202/saison_id/2026/plus/1,Do not change football state. Remove this row from sprint-blocking coverage.
FM27-a4d03d7e1d5fd55f149ab309,Nordin Amrabat,1987-03-31,NED1,FC Utrecht,CONTRACT_CHRONOLOGY,Joined/end/shirt fields are incomplete or invalid,ESCALATE_TECHNICAL,FOOTBALL_RESOLVED_TECHNICAL_PLAN_REQUIRED,MOVE_TO_TARGET_PRESERVE_METADATA,2228241,,,,2026/27 current roster places player at target club_id 2228241; native club_id is 8454145.,HIGH,https://www.transfermarkt.de/fc-utrecht/kader/verein/200/saison_id/2026/plus/1,https://www.transfermarkt.de/fc-utrecht/kader/verein/200/saison_id/2026/plus/1,Build the exact native guarded move plan locally; preserve unresolved joined/contract/shirt fields.
FM27-458988276a30d78e1b3c3aeb,Joep Geneste,2007-01-15,NED1,NEC Nijmegen,CONTRACT_CHRONOLOGY,Joined/end/shirt fields are incomplete or invalid,KEEP_EXISTING,EXTERNALLY_RESOLVED_NO_CHANGE,NO_CHANGE_KEEP_EXISTING,2228235,,,,Current club already matches the 2026/27 roster target; only incomplete chronology/metadata triggered review.,HIGH,https://www.transfermarkt.de/nec-nijmegen/kader/verein/467/saison_id/2026/plus/1,https://www.transfermarkt.de/nec-nijmegen/kader/verein/467/saison_id/2026/plus/1,Do not change football state. Remove this row from sprint-blocking coverage.
FM27-69517808e08315a655602c30,Timo Schreuder,2006-09-25,NED1,SC Heerenveen,CONTRACT_CHRONOLOGY,Joined/end/shirt fields are incomplete or invalid,KEEP_EXISTING,EXTERNALLY_RESOLVED_NO_CHANGE,NO_CHANGE_KEEP_EXISTING,2228234,,,,Current club already matches the 2026/27 roster target; only incomplete chronology/metadata triggered review.,HIGH,https://www.transfermarkt.de/sc-heerenveen/kader/verein/306/saison_id/2026/plus/1,https://www.transfermarkt.de/sc-heerenveen/kader/verein/306/saison_id/2026/plus/1,Do not change football state. Remove this row from sprint-blocking coverage.
FM27-87503327866bbd2abc061401,Fernando Nava,2004-06-08,POR1,CD Nacional,CONTRACT_CHRONOLOGY,Joined/end/shirt fields are incomplete or invalid,ESCALATE_TECHNICAL,FOOTBALL_RESOLVED_TECHNICAL_PLAN_REQUIRED,MOVE_TO_TARGET_PRESERVE_METADATA,2490378,,,,2026/27 current roster places player at target club_id 2490378; native club_id is 3473412.,HIGH,https://www.transfermarkt.de/cd-nacional/kader/verein/982/saison_id/2026/plus/1,https://www.transfermarkt.de/cd-nacional/kader/verein/982/saison_id/2026/plus/1,Build the exact native guarded move plan locally; preserve unresolved joined/contract/shirt fields.
FM27-0e88dbc64fc45f78a53e12eb,Min-kyu Song,1999-09-12,POR1,CD Nacional,CONTRACT_CHRONOLOGY,Joined/end/shirt fields are incomplete or invalid,ESCALATE_TECHNICAL,FOOTBALL_RESOLVED_TECHNICAL_PLAN_REQUIRED,MOVE_TO_TARGET_PRESERVE_METADATA,2490378,,,,2026/27 current roster places player at target club_id 2490378; native club_id is 10944515.,HIGH,https://www.transfermarkt.de/cd-nacional/kader/verein/982/saison_id/2026/plus/1,https://www.transfermarkt.de/cd-nacional/kader/verein/982/saison_id/2026/plus/1,Build the exact native guarded move plan locally; preserve unresolved joined/contract/shirt fields.
FM27-98e92b2123948f2b6cd72b39,Wesley Gasolina,2000-03-13,POR1,CD Nacional,CONTRACT_CHRONOLOGY,Joined/end/shirt fields are incomplete or invalid,ESCALATE_TECHNICAL,FOOTBALL_RESOLVED_TECHNICAL_PLAN_REQUIRED,MOVE_TO_TARGET_PRESERVE_METADATA,2490378,,,,2026/27 current roster places player at target club_id 2490378; native club_id is 3552671.,HIGH,https://www.transfermarkt.de/cd-nacional/kader/verein/982/saison_id/2026/plus/1,https://www.transfermarkt.de/cd-nacional/kader/verein/982/saison_id/2026/plus/1,Build the exact native guarded move plan locally; preserve unresolved joined/contract/shirt fields.
FM27-cb301e152f166ee611f8d90a,Si-woo Yang,2006-09-18,POR1,CF Estrela Amadora,CONTRACT_CHRONOLOGY,Joined/end/shirt fields are incomplete or invalid,ESCALATE_TECHNICAL,FOOTBALL_RESOLVED_TECHNICAL_PLAN_REQUIRED,MOVE_TO_TARGET_PRESERVE_METADATA,2490394,,,,2026/27 current roster places player at target club_id 2490394; native club_id is 1376429.,HIGH,https://www.transfermarkt.de/cf-estrela-amadora/kader/verein/2431/saison_id/2026/plus/1,https://www.transfermarkt.de/cf-estrela-amadora/kader/verein/2431/saison_id/2026/plus/1,Build the exact native guarded move plan locally; preserve unresolved joined/contract/shirt fields.
FM27-39c3821ee56c3e6f3da3b1cc,Tiago Octávio,2004-07-08,POR1,FC Alverca,CONTRACT_CHRONOLOGY,Joined/end/shirt fields are incomplete or invalid,ESCALATE_TECHNICAL,FOOTBALL_RESOLVED_TECHNICAL_PLAN_REQUIRED,MOVE_TO_TARGET_PRESERVE_METADATA,2490393,,,,2026/27 current roster places player at target club_id 2490393; native club_id is 2490401.,HIGH,https://www.transfermarkt.de/fc-alverca/kader/verein/2521/saison_id/2026/plus/1,https://www.transfermarkt.de/fc-alverca/kader/verein/2521/saison_id/2026/plus/1,Build the exact native guarded move plan locally; preserve unresolved joined/contract/shirt fields.
FM27-4bfcb1ba1dd326b0cec6bb3f,Ertuğrul Taşkıran,1989-11-05,TUR1,Erzurumspor FK,CONTRACT_CHRONOLOGY,Joined/end/shirt fields are incomplete or invalid,ESCALATE_TECHNICAL,FOOTBALL_RESOLVED_TECHNICAL_PLAN_REQUIRED,MOVE_TO_TARGET_PRESERVE_METADATA,3145765,,,,2026/27 current roster places player at target club_id 3145765; native club_id is 3145783.,HIGH,https://www.transfermarkt.de/erzurumspor-fk/kader/verein/39722/saison_id/2026/plus/1,https://www.transfermarkt.de/erzurumspor-fk/kader/verein/39722/saison_id/2026/plus/1,Build the exact native guarded move plan locally; preserve unresolved joined/contract/shirt fields.
FM27-776d9d8bba2e9c8f87ab4896,Gyrano Kerk,1995-12-02,TUR1,Erzurumspor FK,CONTRACT_CHRONOLOGY,Joined/end/shirt fields are incomplete or invalid,ESCALATE_TECHNICAL,FOOTBALL_RESOLVED_TECHNICAL_PLAN_REQUIRED,MOVE_TO_TARGET_PRESERVE_METADATA,3145765,,,,2026/27 current roster places player at target club_id 3145765; native club_id is 458785.,HIGH,https://www.transfermarkt.de/erzurumspor-fk/kader/verein/39722/saison_id/2026/plus/1,https://www.transfermarkt.de/erzurumspor-fk/kader/verein/39722/saison_id/2026/plus/1,Build the exact native guarded move plan locally; preserve unresolved joined/contract/shirt fields.
FM27-4c5fc7f64293e999bbc454d5,Abdelhamid Sabiri,1996-11-28,TUR1,Eyüpspor,CONTRACT_CHRONOLOGY,Joined/end/shirt fields are incomplete or invalid,ESCALATE_TECHNICAL,FOOTBALL_RESOLVED_TECHNICAL_PLAN_REQUIRED,MOVE_TO_TARGET_PRESERVE_METADATA,3145777,,,,2026/27 current roster places player at target club_id 3145777; native club_id is 1769492.,HIGH,https://www.transfermarkt.de/eyupspor/kader/verein/7160/saison_id/2026/plus/1,https://www.transfermarkt.de/eyupspor/kader/verein/7160/saison_id/2026/plus/1,Build the exact native guarded move plan locally; preserve unresolved joined/contract/shirt fields.
FM27-c0237c05af525dafe9584722,Jawad El Yamiq,1992-02-29,TUR1,Eyüpspor,CONTRACT_CHRONOLOGY,Joined/end/shirt fields are incomplete or invalid,ESCALATE_TECHNICAL,FOOTBALL_RESOLVED_TECHNICAL_PLAN_REQUIRED,MOVE_TO_TARGET_PRESERVE_METADATA,3145777,,,,2026/27 current roster places player at target club_id 3145777; native club_id is 11997190.,HIGH,https://www.transfermarkt.de/eyupspor/kader/verein/7160/saison_id/2026/plus/1,https://www.transfermarkt.de/eyupspor/kader/verein/7160/saison_id/2026/plus/1,Build the exact native guarded move plan locally; preserve unresolved joined/contract/shirt fields.
FM27-cc7bb7aa50c0ab0e03f48bd9,Konrad Michalak,1997-09-19,TUR1,Eyüpspor,CONTRACT_CHRONOLOGY,Joined/end/shirt fields are incomplete or invalid,ESCALATE_TECHNICAL,FOOTBALL_RESOLVED_TECHNICAL_PLAN_REQUIRED,MOVE_TO_TARGET_PRESERVE_METADATA,3145777,,,,2026/27 current roster places player at target club_id 3145777; native club_id is 1441832.,HIGH,https://www.transfermarkt.de/eyupspor/kader/verein/7160/saison_id/2026/plus/1,https://www.transfermarkt.de/eyupspor/kader/verein/7160/saison_id/2026/plus/1,Build the exact native guarded move plan locally; preserve unresolved joined/contract/shirt fields.
FM27-0e12009b3ff7a7f5f8df330b,Mete Demir,1998-05-13,TUR1,Eyüpspor,CONTRACT_CHRONOLOGY,Joined/end/shirt fields are incomplete or invalid,ESCALATE_TECHNICAL,FOOTBALL_RESOLVED_TECHNICAL_PLAN_REQUIRED,MOVE_TO_TARGET_PRESERVE_METADATA,3145777,,,,2026/27 current roster places player at target club_id 3145777; native club_id is 3145838.,HIGH,https://www.transfermarkt.de/eyupspor/kader/verein/7160/saison_id/2026/plus/1,https://www.transfermarkt.de/eyupspor/kader/verein/7160/saison_id/2026/plus/1,Build the exact native guarded move plan locally; preserve unresolved joined/contract/shirt fields.
FM27-bd706f2d006c64f0e0836997,Zak Jules,1997-02-07,TUR1,Eyüpspor,CONTRACT_CHRONOLOGY,Joined/end/shirt fields are incomplete or invalid,ESCALATE_TECHNICAL,FOOTBALL_RESOLVED_TECHNICAL_PLAN_REQUIRED,MOVE_TO_TARGET_PRESERVE_METADATA,3145777,,,,2026/27 current roster places player at target club_id 3145777; native club_id is 917551.,HIGH,https://www.transfermarkt.de/eyupspor/kader/verein/7160/saison_id/2026/plus/1,https://www.transfermarkt.de/eyupspor/kader/verein/7160/saison_id/2026/plus/1,Build the exact native guarded move plan locally; preserve unresolved joined/contract/shirt fields.
FM27-d63baec9bf9140cbd0e82fe2,Mirza Cihan,2000-10-26,TUR1,Gaziantep FK,CONTRACT_CHRONOLOGY,Joined/end/shirt fields are incomplete or invalid,ESCALATE_TECHNICAL,FOOTBALL_RESOLVED_TECHNICAL_PLAN_REQUIRED,MOVE_TO_TARGET_PRESERVE_METADATA,3145773,,,,2026/27 current roster places player at target club_id 3145773; native club_id is 3145838.,HIGH,https://www.transfermarkt.de/gaziantep-fk/kader/verein/2832/saison_id/2026/plus/1,https://www.transfermarkt.de/gaziantep-fk/kader/verein/2832/saison_id/2026/plus/1,Build the exact native guarded move plan locally; preserve unresolved joined/contract/shirt fields.
FM27-2f7d8e47f05dcf4b5957f648,Ömer Bayram,1991-07-27,TUR1,Kasimpasa,CONTRACT_CHRONOLOGY,Joined/end/shirt fields are incomplete or invalid,ESCALATE_TECHNICAL,FOOTBALL_RESOLVED_TECHNICAL_PLAN_REQUIRED,MOVE_TO_TARGET_PRESERVE_METADATA,3145843,,,,2026/27 current roster places player at target club_id 3145843; native club_id is 3145757.,HIGH,https://www.transfermarkt.de/kasimpasa/kader/verein/10484/saison_id/2026/plus/1,https://www.transfermarkt.de/kasimpasa/kader/verein/10484/saison_id/2026/plus/1,Build the exact native guarded move plan locally; preserve unresolved joined/contract/shirt fields.
FM27-abcfd07881e880c066a1f855,Abdourahman Badamosi,2007-01-10,CZE1,FK Teplice,CONTRACT_END_PRESERVED,"Confirmed permanent move; public end unavailable, so still-valid native contract end is preserved",NONBLOCKING,PREEXISTING_RESOLUTION,,786443,,,,,,https://www.transfermarkt.de/fk-teplice/kader/verein/814/saison_id/2026/plus/1,https://www.transfermarkt.de/fk-teplice/kader/verein/814/saison_id/2026/plus/1,
FM27-209239680e754b6f6c1839a5,Igor Brzyski,2007-03-15,CZE1,SK Sigma Olmütz,CONTRACT_END_PRESERVED,"Confirmed permanent move; public end unavailable, so still-valid native contract end is preserved",NONBLOCKING,PREEXISTING_RESOLUTION,,786439,,,,,,https://www.transfermarkt.de/sk-sigma-olmutz/kader/verein/2311/saison_id/2026/plus/1,https://www.transfermarkt.de/sk-sigma-olmutz/kader/verein/2311/saison_id/2026/plus/1,
FM27-22fcaf565cb1ed008c9ac10e,Yann Gboho,2001-01-14,ENG1,Coventry City,CONTRACT_END_PRESERVED,"Confirmed permanent move; public end unavailable, so still-valid native contract end is preserved",NONBLOCKING,PREEXISTING_RESOLUTION,,917530,,,,,,https://www.transfermarkt.de/coventry-city/kader/verein/990/saison_id/2026/plus/1,https://www.transfermarkt.de/coventry-city/kader/verein/990/saison_id/2026/plus/1,
FM27-a1bbbba23e55ad05fbc8054b,Romain Faivre,1998-07-14,FRA1,AJ Auxerre,EARLY_BORROWER_SWITCH,Current profile proves the same owner switched borrowers before the stale native loan end,NONBLOCKING,PREEXISTING_RESOLUTION,,1179654,,,,,,https://www.transfermarkt.de/aj-auxerre/kader/verein/290/saison_id/2026/plus/1,https://www.transfermarkt.de/aj-auxerre/kader/verein/290/saison_id/2026/plus/1,
FM27-269da445a56389bdf780cb9e,Jovan Mijatovic,2005-07-11,GER2,Braunschweig TSV Eintracht,EARLY_BORROWER_SWITCH,Current profile proves the same owner switched borrowers before the stale native loan end,NONBLOCKING,PREEXISTING_RESOLUTION,,1376426,,,,,,https://www.transfermarkt.de/eintracht-braunschweig/kader/verein/23/saison_id/2026/plus/1,https://www.transfermarkt.de/eintracht-braunschweig/kader/verein/23/saison_id/2026/plus/1,
FM27-fe7bb030ffe3d1da420e89e2,Artem Stepanov,2007-08-10,NED1,FC Utrecht,EARLY_BORROWER_SWITCH,Current profile proves the same owner switched borrowers before the stale native loan end,NONBLOCKING,PREEXISTING_RESOLUTION,,2228241,,,,,,https://www.transfermarkt.de/fc-utrecht/kader/verein/200/saison_id/2026/plus/1,https://www.transfermarkt.de/fc-utrecht/kader/verein/200/saison_id/2026/plus/1,
FM27-2b882875df94fc88c215c6de,Yasin Özcan,2006-04-20,TUR1,Besiktas JK,EARLY_BORROWER_SWITCH,Current profile proves the same owner switched borrowers before the stale native loan end,NONBLOCKING,PREEXISTING_RESOLUTION,,3145824,,,,,,https://www.transfermarkt.de/besiktas-jk/kader/verein/114/saison_id/2026/plus/1,https://www.transfermarkt.de/besiktas-jk/kader/verein/114/saison_id/2026/plus/1,
FM27-00f7e3d9a098f725ba6fa942,Anıl Yaşar,2002-07-01,TUR1,Eyüpspor,EARLY_BORROWER_SWITCH,Current profile proves the same owner switched borrowers before the stale native loan end,NONBLOCKING,PREEXISTING_RESOLUTION,,3145777,,,,,,https://www.transfermarkt.de/eyupspor/kader/verein/7160/saison_id/2026/plus/1,https://www.transfermarkt.de/eyupspor/kader/verein/7160/saison_id/2026/plus/1,
FM27-5225e5ca90c6d86dc9aad597,Gianluca Okon-Engstler,2009-01-24,BEL1,Club Brügge,PLAYER_CREATION,No unique Native08 identity by exact DOB and normalized full name,NONBLOCKING,PREEXISTING_RESOLUTION,,458756,,,,,,https://www.transfermarkt.de/club-brugge/kader/verein/2282/saison_id/2026/plus/1,https://www.transfermarkt.de/club-brugge/kader/verein/2282/saison_id/2026/plus/1,
FM27-d5311fc6c2bdd764eeb4ed51,Elie Mbavu,2009-10-20,BEL1,KRC Genk,PLAYER_CREATION,No unique Native08 identity by exact DOB and normalized full name,NONBLOCKING,PREEXISTING_RESOLUTION,,458768,,,,,,https://www.transfermarkt.de/krc-genk/kader/verein/1184/saison_id/2026/plus/1,https://www.transfermarkt.de/krc-genk/kader/verein/1184/saison_id/2026/plus/1,
FM27-f4530a066cf25d7551e109fd,Guust Lamerand,2008-03-21,BEL1,KV Kortrijk,PLAYER_CREATION,No unique Native08 identity by exact DOB and normalized full name,NONBLOCKING,PREEXISTING_RESOLUTION,,458781,,,,,,https://www.transfermarkt.de/kv-kortrijk/kader/verein/601/saison_id/2026/plus/1,https://www.transfermarkt.de/kv-kortrijk/kader/verein/601/saison_id/2026/plus/1,
FM27-1e005007bc4531ffe912af65,Amine Ouahabi,2008-07-04,BEL1,KV Mechelen,PLAYER_CREATION,No unique Native08 identity by exact DOB and normalized full name,NONBLOCKING,PREEXISTING_RESOLUTION,,458787,,,,,,https://www.transfermarkt.de/kv-mechelen/kader/verein/354/saison_id/2026/plus/1,https://www.transfermarkt.de/kv-mechelen/kader/verein/354/saison_id/2026/plus/1,
FM27-d96c8eb07340b35a0c6043cf,Axel Willockx,2007-02-07,BEL1,KV Mechelen,PLAYER_CREATION,No unique Native08 identity by exact DOB and normalized full name,NONBLOCKING,PREEXISTING_RESOLUTION,,458787,,,,,,https://www.transfermarkt.de/kv-mechelen/kader/verein/354/saison_id/2026/plus/1,https://www.transfermarkt.de/kv-mechelen/kader/verein/354/saison_id/2026/plus/1,
FM27-9ce340dc1c54effa81c98548,Malcolm Lohunanu-Mbasi,2008-05-11,BEL1,KV Mechelen,PLAYER_CREATION,No unique Native08 identity by exact DOB and normalized full name,ESCALATE_TECHNICAL,FOOTBALL_RESOLVED_NATIVE_IDENTITY_REQUIRED,CREATE_OR_BRIDGE_IDENTITY,458787,,,,Roster-confirmed player Malcolm Lohunanu-Mbasi (2008-05-11) belongs to target club_id 458787.,HIGH,https://www.transfermarkt.de/kv-mechelen/kader/verein/354/saison_id/2026/plus/1,https://www.transfermarkt.de/kv-mechelen/kader/verein/354/saison_id/2026/plus/1,"Search native/local identity index only. If no safe match exists, CREATE via guarded pipeline; no public football research."
FM27-6a3bb8fa3488df57ecad827b,Jahnilo Wiegel-Triebel,2005-03-13,BEL1,KVC Westerlo,PLAYER_CREATION,No unique Native08 identity by exact DOB and normalized full name,ESCALATE_TECHNICAL,FOOTBALL_RESOLVED_NATIVE_IDENTITY_REQUIRED,CREATE_OR_BRIDGE_IDENTITY,458763,,,,Roster-confirmed player Jahnilo Wiegel-Triebel (2005-03-13) belongs to target club_id 458763.,HIGH,https://www.transfermarkt.de/kvc-westerlo/kader/verein/968/saison_id/2026/plus/1,https://www.transfermarkt.de/kvc-westerlo/kader/verein/968/saison_id/2026/plus/1,"Search native/local identity index only. If no safe match exists, CREATE via guarded pipeline; no public football research."
FM27-52de27cc7f233d2d0e3a573e,Philippe Bibout,2008-06-01,BEL1,KVC Westerlo,PLAYER_CREATION,No unique Native08 identity by exact DOB and normalized full name,NONBLOCKING,PREEXISTING_RESOLUTION,,458763,,,,,,https://www.transfermarkt.de/kvc-westerlo/kader/verein/968/saison_id/2026/plus/1,https://www.transfermarkt.de/kvc-westerlo/kader/verein/968/saison_id/2026/plus/1,
FM27-d4c54738ecf7354b30b5e560,Alexander Reumers,2007-04-27,BEL1,Lommel SK,PLAYER_CREATION,No unique Native08 identity by exact DOB and normalized full name,NONBLOCKING,PREEXISTING_RESOLUTION,,458783,,,,,,https://www.transfermarkt.de/lommel-sk/kader/verein/5026/saison_id/2026/plus/1,https://www.transfermarkt.de/lommel-sk/kader/verein/5026/saison_id/2026/plus/1,
FM27-de1dc552a80f80559101e3cb,Djordje Gordic,2004-11-05,BEL1,Lommel SK,PLAYER_CREATION,No unique Native08 identity by exact DOB and normalized full name,ESCALATE_TECHNICAL,FOOTBALL_RESOLVED_NATIVE_IDENTITY_REQUIRED,CREATE_OR_BRIDGE_IDENTITY,458783,,,,Roster-confirmed player Djordje Gordic (2004-11-05) belongs to target club_id 458783.,HIGH,https://www.transfermarkt.de/lommel-sk/kader/verein/5026/saison_id/2026/plus/1,https://www.transfermarkt.de/lommel-sk/kader/verein/5026/saison_id/2026/plus/1,"Search native/local identity index only. If no safe match exists, CREATE via guarded pipeline; no public football research."
FM27-56296507350f1421269f379d,Jeff Godelaine,2007-04-26,BEL1,Royal Antwerpen FC,PLAYER_CREATION,No unique Native08 identity by exact DOB and normalized full name,NONBLOCKING,PREEXISTING_RESOLUTION,,458785,,,,,,https://www.transfermarkt.de/royal-antwerpen-fc/kader/verein/1096/saison_id/2026/plus/1,https://www.transfermarkt.de/royal-antwerpen-fc/kader/verein/1096/saison_id/2026/plus/1,
FM27-d3ab62b072268278d3398829,Lowie Piselé,2009-09-17,BEL1,Royal Antwerpen FC,PLAYER_CREATION,No unique Native08 identity by exact DOB and normalized full name,NONBLOCKING,PREEXISTING_RESOLUTION,,458785,,,,,,https://www.transfermarkt.de/royal-antwerpen-fc/kader/verein/1096/saison_id/2026/plus/1,https://www.transfermarkt.de/royal-antwerpen-fc/kader/verein/1096/saison_id/2026/plus/1,
FM27-81617ee3a90990da14b2cfd6,Luca Schelfhout,2007-09-17,BEL1,Royal Antwerpen FC,PLAYER_CREATION,No unique Native08 identity by exact DOB and normalized full name,NONBLOCKING,PREEXISTING_RESOLUTION,,458785,,,,,,https://www.transfermarkt.de/royal-antwerpen-fc/kader/verein/1096/saison_id/2026/plus/1,https://www.transfermarkt.de/royal-antwerpen-fc/kader/verein/1096/saison_id/2026/plus/1,
FM27-cb93e1b7db8415b3e965f654,Mukhammadali Urinboev,2005-04-24,BEL1,Royal Antwerpen FC,PLAYER_CREATION,No unique Native08 identity by exact DOB and normalized full name,ESCALATE_TECHNICAL,FOOTBALL_RESOLVED_NATIVE_IDENTITY_REQUIRED,CREATE_OR_BRIDGE_IDENTITY,458785,,,,Roster-confirmed player Mukhammadali Urinboev (2005-04-24) belongs to target club_id 458785.,HIGH,https://www.transfermarkt.de/royal-antwerpen-fc/kader/verein/1096/saison_id/2026/plus/1,https://www.transfermarkt.de/royal-antwerpen-fc/kader/verein/1096/saison_id/2026/plus/1,"Search native/local identity index only. If no safe match exists, CREATE via guarded pipeline; no public football research."
FM27-57554062caf31e252da76807,Mory Kera,2008-06-26,BEL1,Royal Charleroi SC,PLAYER_CREATION,No unique Native08 identity by exact DOB and normalized full name,NONBLOCKING,PREEXISTING_RESOLUTION,,458761,,,,,,https://www.transfermarkt.de/royal-charleroi-sc/kader/verein/172/saison_id/2026/plus/1,https://www.transfermarkt.de/royal-charleroi-sc/kader/verein/172/saison_id/2026/plus/1,
FM27-3e8e553778701f9d1d735d46,Naël Piron,2008-09-28,BEL1,Royal Charleroi SC,PLAYER_CREATION,No unique Native08 identity by exact DOB and normalized full name,NONBLOCKING,PREEXISTING_RESOLUTION,,458761,,,,,,https://www.transfermarkt.de/royal-charleroi-sc/kader/verein/172/saison_id/2026/plus/1,https://www.transfermarkt.de/royal-charleroi-sc/kader/verein/172/saison_id/2026/plus/1,
FM27-6fa67131270d8e2c77b6e4e0,Yanis Ngoy,2008-08-24,BEL1,VV St. Truiden,PLAYER_CREATION,No unique Native08 identity by exact DOB and normalized full name,NONBLOCKING,PREEXISTING_RESOLUTION,,458759,,,,,,https://www.transfermarkt.de/vv-st-truiden/kader/verein/475/saison_id/2026/plus/1,https://www.transfermarkt.de/vv-st-truiden/kader/verein/475/saison_id/2026/plus/1,
FM27-9e1c058fd67b6967d58e2527,Filip Hruska,2008-08-29,CZE1,1.FC Slovacko,PLAYER_CREATION,No unique Native08 identity by exact DOB and normalized full name,NONBLOCKING,PREEXISTING_RESOLUTION,,786461,,,,,,https://www.transfermarkt.de/1-fc-slovacko/kader/verein/5544/saison_id/2026/plus/1,https://www.transfermarkt.de/1-fc-slovacko/kader/verein/5544/saison_id/2026/plus/1,
FM27-1dd0c9a3be7a52be63242b02,Gibril Sosseh,2007-01-01,CZE1,1.FC Slovacko,PLAYER_CREATION,No unique Native08 identity by exact DOB and normalized full name,ESCALATE_TECHNICAL,FOOTBALL_RESOLVED_NATIVE_IDENTITY_REQUIRED,CREATE_OR_BRIDGE_IDENTITY,786461,,,,Roster-confirmed player Gibril Sosseh (2007-01-01) belongs to target club_id 786461.,HIGH,https://www.transfermarkt.de/1-fc-slovacko/kader/verein/5544/saison_id/2026/plus/1,https://www.transfermarkt.de/1-fc-slovacko/kader/verein/5544/saison_id/2026/plus/1,"Search native/local identity index only. If no safe match exists, CREATE via guarded pipeline; no public football research."
FM27-f8c879bb6501a16d01f9076c,Samuel Obinaya,2005-08-28,CZE1,Bohemians Prag 1905,PLAYER_CREATION,No unique Native08 identity by exact DOB and normalized full name,ESCALATE_TECHNICAL,FOOTBALL_RESOLVED_NATIVE_IDENTITY_REQUIRED,CREATE_OR_BRIDGE_IDENTITY,786453,,,,Roster-confirmed player Samuel Obinaya (2005-08-28) belongs to target club_id 786453.,HIGH,https://www.transfermarkt.de/bohemians-prag-1905/kader/verein/715/saison_id/2026/plus/1,https://www.transfermarkt.de/bohemians-prag-1905/kader/verein/715/saison_id/2026/plus/1,"Search native/local identity index only. If no safe match exists, CREATE via guarded pipeline; no public football research."
FM27-40219c30887b60ece6f11377,Maksym Dyachuk,2003-07-21,CZE1,FC Banik Ostrau,PLAYER_CREATION,No unique Native08 identity by exact DOB and normalized full name,ESCALATE_TECHNICAL,FOOTBALL_RESOLVED_NATIVE_IDENTITY_REQUIRED,CREATE_OR_BRIDGE_IDENTITY,786446,,,,Roster-confirmed player Maksym Dyachuk (2003-07-21) belongs to target club_id 786446.,HIGH,https://www.transfermarkt.de/fc-banik-ostrau/kader/verein/377/saison_id/2026/plus/1,https://www.transfermarkt.de/fc-banik-ostrau/kader/verein/377/saison_id/2026/plus/1,"Search native/local identity index only. If no safe match exists, CREATE via guarded pipeline; no public football research."
FM27-260226f100ea862dc4e7733e,Colin Andrew,2004-02-25,CZE1,FC Zbrojovka Brünn,PLAYER_CREATION,No unique Native08 identity by exact DOB and normalized full name,ESCALATE_TECHNICAL,FOOTBALL_RESOLVED_NATIVE_IDENTITY_REQUIRED,CREATE_OR_BRIDGE_IDENTITY,786447,,,,Roster-confirmed player Colin Andrew (2004-02-25) belongs to target club_id 786447.,HIGH,https://www.transfermarkt.de/fc-zbrojovka-brunn/kader/verein/5225/saison_id/2026/plus/1,https://www.transfermarkt.de/fc-zbrojovka-brunn/kader/verein/5225/saison_id/2026/plus/1,"Search native/local identity index only. If no safe match exists, CREATE via guarded pipeline; no public football research."
FM27-54e4d930023d233ca0e0d082,Moustapha Toure,2007-10-04,CZE1,FC Zlin,PLAYER_CREATION,No unique Native08 identity by exact DOB and normalized full name,NONBLOCKING,PREEXISTING_RESOLUTION,,786445,,,,,,https://www.transfermarkt.de/fc-zlin/kader/verein/5545/saison_id/2026/plus/1,https://www.transfermarkt.de/fc-zlin/kader/verein/5545/saison_id/2026/plus/1,
FM27-c137708e784c73526231a56f,Bolu Ogungbayi,2004-05-16,CZE1,FK Mlada Boleslav,PLAYER_CREATION,No unique Native08 identity by exact DOB and normalized full name,ESCALATE_TECHNICAL,FOOTBALL_RESOLVED_NATIVE_IDENTITY_REQUIRED,CREATE_OR_BRIDGE_IDENTITY,786434,,,,Roster-confirmed player Bolu Ogungbayi (2004-05-16) belongs to target club_id 786434.,HIGH,https://www.transfermarkt.de/fk-mlada-boleslav/kader/verein/5546/saison_id/2026/plus/1,https://www.transfermarkt.de/fk-mlada-boleslav/kader/verein/5546/saison_id/2026/plus/1,"Search native/local identity index only. If no safe match exists, CREATE via guarded pipeline; no public football research."
FM27-aefefc2f74b233d38b7dae17,Dominik Mares,2003-02-03,CZE1,FK Mlada Boleslav,PLAYER_CREATION,No unique Native08 identity by exact DOB and normalized full name,ESCALATE_TECHNICAL,FOOTBALL_RESOLVED_NATIVE_IDENTITY_REQUIRED,CREATE_OR_BRIDGE_IDENTITY,786434,,,,Roster-confirmed player Dominik Mares (2003-02-03) belongs to target club_id 786434.,HIGH,https://www.transfermarkt.de/fk-mlada-boleslav/kader/verein/5546/saison_id/2026/plus/1,https://www.transfermarkt.de/fk-mlada-boleslav/kader/verein/5546/saison_id/2026/plus/1,"Search native/local identity index only. If no safe match exists, CREATE via guarded pipeline; no public football research."
FM27-122e54be8300b17d762ba73e,Jan Jinoch,2006-05-02,CZE1,FK Mlada Boleslav,PLAYER_CREATION,No unique Native08 identity by exact DOB and normalized full name,ESCALATE_TECHNICAL,FOOTBALL_RESOLVED_NATIVE_IDENTITY_REQUIRED,CREATE_OR_BRIDGE_IDENTITY,786434,,,,Roster-confirmed player Jan Jinoch (2006-05-02) belongs to target club_id 786434.,HIGH,https://www.transfermarkt.de/fk-mlada-boleslav/kader/verein/5546/saison_id/2026/plus/1,https://www.transfermarkt.de/fk-mlada-boleslav/kader/verein/5546/saison_id/2026/plus/1,"Search native/local identity index only. If no safe match exists, CREATE via guarded pipeline; no public football research."
FM27-982fb480e9df42d16644360f,Martin Reil,2006-05-05,CZE1,FK Pardubice,PLAYER_CREATION,No unique Native08 identity by exact DOB and normalized full name,ESCALATE_TECHNICAL,FOOTBALL_RESOLVED_NATIVE_IDENTITY_REQUIRED,CREATE_OR_BRIDGE_IDENTITY,790538,,,,Roster-confirmed player Martin Reil (2006-05-05) belongs to target club_id 790538.,HIGH,https://www.transfermarkt.de/fk-pardubice/kader/verein/1496/saison_id/2026/plus/1,https://www.transfermarkt.de/fk-pardubice/kader/verein/1496/saison_id/2026/plus/1,"Search native/local identity index only. If no safe match exists, CREATE via guarded pipeline; no public football research."
FM27-6772e32e627a533beca72e61,Mouhamed Tidjane Traore,2003-03-21,CZE1,FK Pardubice,PLAYER_CREATION,No unique Native08 identity by exact DOB and normalized full name,ESCALATE_TECHNICAL,FOOTBALL_RESOLVED_NATIVE_IDENTITY_REQUIRED,CREATE_OR_BRIDGE_IDENTITY,790538,,,,Roster-confirmed player Mouhamed Tidjane Traore (2003-03-21) belongs to target club_id 790538.,HIGH,https://www.transfermarkt.de/fk-pardubice/kader/verein/1496/saison_id/2026/plus/1,https://www.transfermarkt.de/fk-pardubice/kader/verein/1496/saison_id/2026/plus/1,"Search native/local identity index only. If no safe match exists, CREATE via guarded pipeline; no public football research."
FM27-8f73d7513418b4a48ce40d29,Ismael Sylla,2008-02-07,CZE1,SK Artis Brünn,PLAYER_CREATION,No unique Native08 identity by exact DOB and normalized full name,NONBLOCKING,PREEXISTING_RESOLUTION,,790564,,,,,,https://www.transfermarkt.de/sk-artis-brunn/kader/verein/24325/saison_id/2026/plus/1,https://www.transfermarkt.de/sk-artis-brunn/kader/verein/24325/saison_id/2026/plus/1,
FM27-fc09ca6d15551cca7ecd08b3,John Paul Dembe,2005-07-03,CZE1,SK Sigma Olmütz,PLAYER_CREATION,No unique Native08 identity by exact DOB and normalized full name,ESCALATE_TECHNICAL,FOOTBALL_RESOLVED_NATIVE_IDENTITY_REQUIRED,CREATE_OR_BRIDGE_IDENTITY,786439,,,,Roster-confirmed player John Paul Dembe (2005-07-03) belongs to target club_id 786439.,HIGH,https://www.transfermarkt.de/sk-sigma-olmutz/kader/verein/2311/saison_id/2026/plus/1,https://www.transfermarkt.de/sk-sigma-olmutz/kader/verein/2311/saison_id/2026/plus/1,"Search native/local identity index only. If no safe match exists, CREATE via guarded pipeline; no public football research."
FM27-d92c69e3daf89372b7b29db0,Juanlu Sánchez,2003-08-15,ENG1,AFC Bournemouth,PLAYER_CREATION,No unique Native08 identity by exact DOB and normalized full name,ESCALATE_TECHNICAL,FOOTBALL_RESOLVED_NATIVE_IDENTITY_REQUIRED,CREATE_OR_BRIDGE_IDENTITY,917553,,,,Roster-confirmed player Juanlu Sánchez (2003-08-15) belongs to target club_id 917553.,HIGH,https://www.transfermarkt.de/afc-bournemouth/kader/verein/989/saison_id/2026/plus/1,https://www.transfermarkt.de/afc-bournemouth/kader/verein/989/saison_id/2026/plus/1,"Search native/local identity index only. If no safe match exists, CREATE via guarded pipeline; no public football research."
FM27-dc8eaf45bf38632551510ba5,Junior Kroupi,2006-06-23,ENG1,AFC Bournemouth,PLAYER_CREATION,No unique Native08 identity by exact DOB and normalized full name,ESCALATE_TECHNICAL,FOOTBALL_RESOLVED_NATIVE_IDENTITY_REQUIRED,CREATE_OR_BRIDGE_IDENTITY,917553,,,,Roster-confirmed player Junior Kroupi (2006-06-23) belongs to target club_id 917553.,HIGH,https://www.transfermarkt.de/afc-bournemouth/kader/verein/989/saison_id/2026/plus/1,https://www.transfermarkt.de/afc-bournemouth/kader/verein/989/saison_id/2026/plus/1,"Search native/local identity index only. If no safe match exists, CREATE via guarded pipeline; no public football research."
FM27-cee39c8f73847c4b1c3d397a,Ben White,1997-10-08,ENG1,Arsenal,PLAYER_CREATION,No unique Native08 identity by exact DOB and normalized full name,ESCALATE_TECHNICAL,FOOTBALL_RESOLVED_NATIVE_IDENTITY_REQUIRED,CREATE_OR_BRIDGE_IDENTITY,917505,,,,Roster-confirmed player Ben White (1997-10-08) belongs to target club_id 917505.,HIGH,https://www.transfermarkt.de/fc-arsenal/kader/verein/11/saison_id/2026/plus/1,https://www.transfermarkt.de/fc-arsenal/kader/verein/11/saison_id/2026/plus/1,"Search native/local identity index only. If no safe match exists, CREATE via guarded pipeline; no public football research."
FM27-729ba0037708e8ae2436b6ed,Alysson,2006-05-05,ENG1,Aston Villa,PLAYER_CREATION,Two-attempt creation triage remains blocked: IDENTITY_AMBIGUITY_FUZZY_CANDIDATE,ESCALATE_TECHNICAL,FOOTBALL_RESOLVED_NATIVE_IDENTITY_REQUIRED,CREATE_OR_BRIDGE_IDENTITY,917506,,,,Roster-confirmed player Alysson (2006-05-05) belongs to target club_id 917506.,HIGH,https://www.transfermarkt.de/aston-villa/kader/verein/405/saison_id/2026/plus/1,https://www.transfermarkt.de/aston-villa/kader/verein/405/saison_id/2026/plus/1,"Search native/local identity index only. If no safe match exists, CREATE via guarded pipeline; no public football research."
FM27-b106df6866c47382093854d9,El Hadji Malick Diouf,2004-12-29,ENG1,Brentford,PLAYER_CREATION,Two-attempt creation triage remains blocked: IDENTITY_AMBIGUITY_DUPLICATE_REVIEW_LEAD,ESCALATE_TECHNICAL,FOOTBALL_RESOLVED_NATIVE_IDENTITY_REQUIRED,CREATE_OR_BRIDGE_IDENTITY,917569,,,,Roster-confirmed player El Hadji Malick Diouf (2004-12-29) belongs to target club_id 917569.,HIGH,https://www.transfermarkt.de/fc-brentford/kader/verein/1148/saison_id/2026/plus/1,https://www.transfermarkt.de/fc-brentford/kader/verein/1148/saison_id/2026/plus/1,"Search native/local identity index only. If no safe match exists, CREATE via guarded pipeline; no public football research."
FM27-7d46635af9d53c051d6392e7,Tom McGill,2000-03-25,ENG1,Brighton & Hove Albion,PLAYER_CREATION,No unique Native08 identity by exact DOB and normalized full name,ESCALATE_TECHNICAL,FOOTBALL_RESOLVED_NATIVE_IDENTITY_REQUIRED,CREATE_OR_BRIDGE_IDENTITY,917529,,,,Roster-confirmed player Tom McGill (2000-03-25) belongs to target club_id 917529.,HIGH,https://www.transfermarkt.de/brighton-hove-albion/kader/verein/1237/saison_id/2026/plus/1,https://www.transfermarkt.de/brighton-hove-albion/kader/verein/1237/saison_id/2026/plus/1,"Search native/local identity index only. If no safe match exists, CREATE via guarded pipeline; no public football research."
FM27-8655b5e48e5cee5b1dfc4ce7,Emmanuel Emegha,2003-02-03,ENG1,Chelsea,PLAYER_CREATION,No unique Native08 identity by exact DOB and normalized full name,ESCALATE_TECHNICAL,FOOTBALL_RESOLVED_NATIVE_IDENTITY_REQUIRED,CREATE_OR_BRIDGE_IDENTITY,917513,,,,Roster-confirmed player Emmanuel Emegha (2003-02-03) belongs to target club_id 917513.,HIGH,https://www.transfermarkt.de/fc-chelsea/kader/verein/631/saison_id/2026/plus/1,https://www.transfermarkt.de/fc-chelsea/kader/verein/631/saison_id/2026/plus/1,"Search native/local identity index only. If no safe match exists, CREATE via guarded pipeline; no public football research."
FM27-a0a2e006fffa142c9ccfa557,Gabriel Slonina,2004-05-15,ENG1,Chelsea,PLAYER_CREATION,Two-attempt creation triage remains blocked: IDENTITY_AMBIGUITY_DUPLICATE_REVIEW_LEAD,ESCALATE_TECHNICAL,FOOTBALL_RESOLVED_NATIVE_IDENTITY_REQUIRED,CREATE_OR_BRIDGE_IDENTITY,917513,,,,Roster-confirmed player Gabriel Slonina (2004-05-15) belongs to target club_id 917513.,HIGH,https://www.transfermarkt.de/fc-chelsea/kader/verein/631/saison_id/2026/plus/1,https://www.transfermarkt.de/fc-chelsea/kader/verein/631/saison_id/2026/plus/1,"Search native/local identity index only. If no safe match exists, CREATE via guarded pipeline; no public football research."
FM27-66922401988ce4f54c6127dd,Matt Targett,1995-09-18,ENG1,Hull City,PLAYER_CREATION,Two-attempt creation triage remains blocked: IDENTITY_AMBIGUITY_DUPLICATE_REVIEW_LEAD | IDENTITY_AMBIGUITY_FUZZY_CANDIDATE,ESCALATE_TECHNICAL,FOOTBALL_RESOLVED_NATIVE_IDENTITY_REQUIRED,CREATE_OR_BRIDGE_IDENTITY,917532,,,,Roster-confirmed player Matt Targett (1995-09-18) belongs to target club_id 917532.,HIGH,https://www.transfermarkt.de/hull-city/kader/verein/3008/saison_id/2026/plus/1,https://www.transfermarkt.de/hull-city/kader/verein/3008/saison_id/2026/plus/1,"Search native/local identity index only. If no safe match exists, CREATE via guarded pipeline; no public football research."
FM27-a09bb966e088548a3240cbb6,Ilia Gruev,2000-05-06,ENG1,Leeds United,PLAYER_CREATION,No unique Native08 identity by exact DOB and normalized full name,ESCALATE_TECHNICAL,FOOTBALL_RESOLVED_NATIVE_IDENTITY_REQUIRED,CREATE_OR_BRIDGE_IDENTITY,917545,,,,Roster-confirmed player Ilia Gruev (2000-05-06) belongs to target club_id 917545.,HIGH,https://www.transfermarkt.de/leeds-united/kader/verein/399/saison_id/2026/plus/1,https://www.transfermarkt.de/leeds-united/kader/verein/399/saison_id/2026/plus/1,"Search native/local identity index only. If no safe match exists, CREATE via guarded pipeline; no public football research."
FM27-f159246749c3cbb533d053c0,Iliman Ndiaye,2000-03-06,ENG1,Manchester City,PLAYER_CREATION,No unique Native08 identity by exact DOB and normalized full name,ESCALATE_TECHNICAL,FOOTBALL_RESOLVED_NATIVE_IDENTITY_REQUIRED,CREATE_OR_BRIDGE_IDENTITY,917518,,,,Roster-confirmed player Iliman Ndiaye (2000-03-06) belongs to target club_id 917518.,HIGH,https://www.transfermarkt.de/manchester-city/kader/verein/281/saison_id/2026/plus/1,https://www.transfermarkt.de/manchester-city/kader/verein/281/saison_id/2026/plus/1,"Search native/local identity index only. If no safe match exists, CREATE via guarded pipeline; no public football research."
FM27-0455f5d8f00ac5f775a4456b,Reinildo Mandava,1994-01-21,ENG1,Sunderland,PLAYER_CREATION,No unique Native08 identity by exact DOB and normalized full name,ESCALATE_TECHNICAL,FOOTBALL_RESOLVED_NATIVE_IDENTITY_REQUIRED,CREATE_OR_BRIDGE_IDENTITY,917524,,,,Roster-confirmed player Reinildo Mandava (1994-01-21) belongs to target club_id 917524.,HIGH,https://www.transfermarkt.de/afc-sunderland/kader/verein/289/saison_id/2026/plus/1,https://www.transfermarkt.de/afc-sunderland/kader/verein/289/saison_id/2026/plus/1,"Search native/local identity index only. If no safe match exists, CREATE via guarded pipeline; no public football research."
FM27-6ea4edee758becfcc2748115,Sávio,2004-04-10,ENG1,Tottenham Hotspur,PLAYER_CREATION,Two-attempt creation triage remains blocked: IDENTITY_AMBIGUITY_FUZZY_CANDIDATE,ESCALATE_TECHNICAL,FOOTBALL_RESOLVED_NATIVE_IDENTITY_REQUIRED,CREATE_OR_BRIDGE_IDENTITY,917514,,,,Roster-confirmed player Sávio (2004-04-10) belongs to target club_id 917514.,HIGH,https://www.transfermarkt.de/tottenham-hotspur/kader/verein/148/saison_id/2026/plus/1,https://www.transfermarkt.de/tottenham-hotspur/kader/verein/148/saison_id/2026/plus/1,"Search native/local identity index only. If no safe match exists, CREATE via guarded pipeline; no public football research."
FM27-55d0dc415421a558f1da8ca8,Carlos Protesoni,1998-03-30,ESP1,Deportivo Alavés,PLAYER_CREATION,No unique Native08 identity by exact DOB and normalized full name,ESCALATE_TECHNICAL,FOOTBALL_RESOLVED_NATIVE_IDENTITY_REQUIRED,CREATE_OR_BRIDGE_IDENTITY,2949141,,,,Roster-confirmed player Carlos Protesoni (1998-03-30) belongs to target club_id 2949141.,HIGH,https://www.transfermarkt.de/deportivo-alaves/kader/verein/1108/saison_id/2026/plus/1,https://www.transfermarkt.de/deportivo-alaves/kader/verein/1108/saison_id/2026/plus/1,"Search native/local identity index only. If no safe match exists, CREATE via guarded pipeline; no public football research."
FM27-a3ca870616d17efd83513da8,Jonny Otto,1994-03-03,ESP1,Deportivo Alavés,PLAYER_CREATION,No unique Native08 identity by exact DOB and normalized full name,ESCALATE_TECHNICAL,FOOTBALL_RESOLVED_NATIVE_IDENTITY_REQUIRED,CREATE_OR_BRIDGE_IDENTITY,2949141,,,,Roster-confirmed player Jonny Otto (1994-03-03) belongs to target club_id 2949141.,HIGH,https://www.transfermarkt.de/deportivo-alaves/kader/verein/1108/saison_id/2026/plus/1,https://www.transfermarkt.de/deportivo-alaves/kader/verein/1108/saison_id/2026/plus/1,"Search native/local identity index only. If no safe match exists, CREATE via guarded pipeline; no public football research."
FM27-82154161bdfcb63a9112e921,Peque Fernández,2002-10-04,ESP1,FC Sevilla,PLAYER_CREATION,No unique Native08 identity by exact DOB and normalized full name,ESCALATE_TECHNICAL,FOOTBALL_RESOLVED_NATIVE_IDENTITY_REQUIRED,CREATE_OR_BRIDGE_IDENTITY,2949138,,,,Roster-confirmed player Peque Fernández (2002-10-04) belongs to target club_id 2949138.,HIGH,https://www.transfermarkt.de/fc-sevilla/kader/verein/368/saison_id/2026/plus/1,https://www.transfermarkt.de/fc-sevilla/kader/verein/368/saison_id/2026/plus/1,"Search native/local identity index only. If no safe match exists, CREATE via guarded pipeline; no public football research."
FM27-12b343061a60e8953bd841c4,Marc Santos,2010-11-09,ESP1,UD Levante,PLAYER_CREATION,No unique Native08 identity by exact DOB and normalized full name,NONBLOCKING,PREEXISTING_RESOLUTION,,2949128,,,,,,https://www.transfermarkt.de/ud-levante/kader/verein/3368/saison_id/2026/plus/1,https://www.transfermarkt.de/ud-levante/kader/verein/3368/saison_id/2026/plus/1,
FM27-fb26ba897b6c25e290b1b68b,Nacho Pérez,2008-08-29,ESP1,UD Levante,PLAYER_CREATION,No unique Native08 identity by exact DOB and normalized full name,NONBLOCKING,PREEXISTING_RESOLUTION,,2949128,,,,,,https://www.transfermarkt.de/ud-levante/kader/verein/3368/saison_id/2026/plus/1,https://www.transfermarkt.de/ud-levante/kader/verein/3368/saison_id/2026/plus/1,
FM27-a9e807859aa81eb221bb1fa1,Xiangxin Wei,2008-03-05,FRA1,AJ Auxerre,PLAYER_CREATION,No unique Native08 identity by exact DOB and normalized full name,NONBLOCKING,PREEXISTING_RESOLUTION,,1179654,,,,,,https://www.transfermarkt.de/aj-auxerre/kader/verein/290/saison_id/2026/plus/1,https://www.transfermarkt.de/aj-auxerre/kader/verein/290/saison_id/2026/plus/1,
FM27-95c21b42e21766b4720dd470,Nosa Edward Obaretin,2003-01-26,FRA1,FC Lorient,PLAYER_CREATION,No unique Native08 identity by exact DOB and normalized full name,ESCALATE_TECHNICAL,FOOTBALL_RESOLVED_NATIVE_IDENTITY_REQUIRED,CREATE_OR_BRIDGE_IDENTITY,1179673,,,,Roster-confirmed player Nosa Edward Obaretin (2003-01-26) belongs to target club_id 1179673.,HIGH,https://www.transfermarkt.de/fc-lorient/kader/verein/1158/saison_id/2026/plus/1,https://www.transfermarkt.de/fc-lorient/kader/verein/1158/saison_id/2026/plus/1,"Search native/local identity index only. If no safe match exists, CREATE via guarded pipeline; no public football research."
FM27-7cc03c84581c10032e084d90,Elías Legendre Quiñónez,2008-04-22,FRA1,FC Stade Rennes,PLAYER_CREATION,No unique Native08 identity by exact DOB and normalized full name,NONBLOCKING,PREEXISTING_RESOLUTION,,1179656,,,,,,https://www.transfermarkt.de/fc-stade-rennes/kader/verein/273/saison_id/2026/plus/1,https://www.transfermarkt.de/fc-stade-rennes/kader/verein/273/saison_id/2026/plus/1,
FM27-6958bd7e7e0bdc743b5e204a,Mousa Al-Tamari,1997-06-10,FRA1,FC Stade Rennes,PLAYER_CREATION,No unique Native08 identity by exact DOB and normalized full name,ESCALATE_TECHNICAL,FOOTBALL_RESOLVED_NATIVE_IDENTITY_REQUIRED,CREATE_OR_BRIDGE_IDENTITY,1179656,,,,Roster-confirmed player Mousa Al-Tamari (1997-06-10) belongs to target club_id 1179656.,HIGH,https://www.transfermarkt.de/fc-stade-rennes/kader/verein/273/saison_id/2026/plus/1,https://www.transfermarkt.de/fc-stade-rennes/kader/verein/273/saison_id/2026/plus/1,"Search native/local identity index only. If no safe match exists, CREATE via guarded pipeline; no public football research."
FM27-f2e9b677ad85b489f6925e16,Mbwana Samatta,1992-12-23,FRA1,Le Havre AC,PLAYER_CREATION,No unique Native08 identity by exact DOB and normalized full name,ESCALATE_TECHNICAL,FOOTBALL_RESOLVED_NATIVE_IDENTITY_REQUIRED,CREATE_OR_BRIDGE_IDENTITY,1179681,,,,Roster-confirmed player Mbwana Samatta (1992-12-23) belongs to target club_id 1179681.,HIGH,https://www.transfermarkt.de/le-havre-ac/kader/verein/738/saison_id/2026/plus/1,https://www.transfermarkt.de/le-havre-ac/kader/verein/738/saison_id/2026/plus/1,"Search native/local identity index only. If no safe match exists, CREATE via guarded pipeline; no public football research."
FM27-37f5f62c947eceac0a83c013,Lucas Beraldo,2003-11-24,FRA1,Paris Saint-Germain,PLAYER_CREATION,No unique Native08 identity by exact DOB and normalized full name,ESCALATE_TECHNICAL,FOOTBALL_RESOLVED_NATIVE_IDENTITY_REQUIRED,CREATE_OR_BRIDGE_IDENTITY,1179663,,,,Roster-confirmed player Lucas Beraldo (2003-11-24) belongs to target club_id 1179663.,HIGH,https://www.transfermarkt.de/paris-saint-germain/kader/verein/583/saison_id/2026/plus/1,https://www.transfermarkt.de/paris-saint-germain/kader/verein/583/saison_id/2026/plus/1,"Search native/local identity index only. If no safe match exists, CREATE via guarded pipeline; no public football research."
FM27-9821e258d36aa84761a41b35,Mezian Mesloub,2009-11-08,FRA1,RC Lens,PLAYER_CREATION,No unique Native08 identity by exact DOB and normalized full name,NONBLOCKING,PREEXISTING_RESOLUTION,,1179664,,,,,,https://www.transfermarkt.de/rc-lens/kader/verein/826/saison_id/2026/plus/1,https://www.transfermarkt.de/rc-lens/kader/verein/826/saison_id/2026/plus/1,
FM27-82e53da036c9f8e8981457c5,Alynho Haidara,2008-07-26,GER1,1. FSV Mainz 05,PLAYER_CREATION,No unique Native08 identity by exact DOB and normalized full name,NONBLOCKING,PREEXISTING_RESOLUTION,,1376259,,,,,,https://www.transfermarkt.de/1-fsv-mainz-05/kader/verein/39/saison_id/2026/plus/1,https://www.transfermarkt.de/1-fsv-mainz-05/kader/verein/39/saison_id/2026/plus/1,
FM27-f2fa4d2479d168b5bd33b57d,Phillipp Mwene,1994-01-29,GER1,1. FSV Mainz 05,PLAYER_CREATION,No unique Native08 identity by exact DOB and normalized full name,ESCALATE_TECHNICAL,FOOTBALL_RESOLVED_NATIVE_IDENTITY_REQUIRED,CREATE_OR_BRIDGE_IDENTITY,1376259,,,,Roster-confirmed player Phillipp Mwene (1994-01-29) belongs to target club_id 1376259.,HIGH,https://www.transfermarkt.de/1-fsv-mainz-05/kader/verein/39/saison_id/2026/plus/1,https://www.transfermarkt.de/1-fsv-mainz-05/kader/verein/39/saison_id/2026/plus/1,"Search native/local identity index only. If no safe match exists, CREATE via guarded pipeline; no public football research."
FM27-699f06535f53dca1703632c1,Equi Fernández,2002-07-25,GER1,Bayer 04 Leverkusen,PLAYER_CREATION,No unique Native08 identity by exact DOB and normalized full name,ESCALATE_TECHNICAL,FOOTBALL_RESOLVED_NATIVE_IDENTITY_REQUIRED,CREATE_OR_BRIDGE_IDENTITY,1376261,,,,Roster-confirmed player Equi Fernández (2002-07-25) belongs to target club_id 1376261.,HIGH,https://www.transfermarkt.de/bayer-04-leverkusen/kader/verein/15/saison_id/2026/plus/1,https://www.transfermarkt.de/bayer-04-leverkusen/kader/verein/15/saison_id/2026/plus/1,"Search native/local identity index only. If no safe match exists, CREATE via guarded pipeline; no public football research."
FM27-a029a05da86870f369881484,Enzo dos Santos,2009-01-28,GER1,Borussia Dortmund,PLAYER_CREATION,No unique Native08 identity by exact DOB and normalized full name,NONBLOCKING,PREEXISTING_RESOLUTION,,1376262,,,,,,https://www.transfermarkt.de/borussia-dortmund/kader/verein/16/saison_id/2026/plus/1,https://www.transfermarkt.de/borussia-dortmund/kader/verein/16/saison_id/2026/plus/1,
FM27-ab7b623a25cac25c662a1735,Yukhym Konoplya,1999-08-26,GER1,Borussia Mönchengladbach,PLAYER_CREATION,No unique Native08 identity by exact DOB and normalized full name,ESCALATE_TECHNICAL,FOOTBALL_RESOLVED_NATIVE_IDENTITY_REQUIRED,CREATE_OR_BRIDGE_IDENTITY,1376263,,,,Roster-confirmed player Yukhym Konoplya (1999-08-26) belongs to target club_id 1376263.,HIGH,https://www.transfermarkt.de/borussia-monchengladbach/kader/verein/18/saison_id/2026/plus/1,https://www.transfermarkt.de/borussia-monchengladbach/kader/verein/18/saison_id/2026/plus/1,"Search native/local identity index only. If no safe match exists, CREATE via guarded pipeline; no public football research."
FM27-22d9d9b74881ddab6abc76c1,Young-woo Seol,1998-12-05,GER1,FC Augsburg,PLAYER_CREATION,No unique Native08 identity by exact DOB and normalized full name,ESCALATE_TECHNICAL,FOOTBALL_RESOLVED_NATIVE_IDENTITY_REQUIRED,CREATE_OR_BRIDGE_IDENTITY,1376431,,,,Roster-confirmed player Young-woo Seol (1998-12-05) belongs to target club_id 1376431.,HIGH,https://www.transfermarkt.de/fc-augsburg/kader/verein/167/saison_id/2026/plus/1,https://www.transfermarkt.de/fc-augsburg/kader/verein/167/saison_id/2026/plus/1,"Search native/local identity index only. If no safe match exists, CREATE via guarded pipeline; no public football research."
FM27-eb08499bf262b1e3970c8670,Paul Erevbenagie,2007-08-19,GER1,SV Werder Bremen,PLAYER_CREATION,No unique Native08 identity by exact DOB and normalized full name,NONBLOCKING,PREEXISTING_RESOLUTION,,1376271,,,,,,https://www.transfermarkt.de/sv-werder-bremen/kader/verein/86/saison_id/2026/plus/1,https://www.transfermarkt.de/sv-werder-bremen/kader/verein/86/saison_id/2026/plus/1,
FM27-0942977303c64196f93fbdf0,Alexios Kalogeropoulos,2004-07-26,GER2,1. FC Nürnberg,PLAYER_CREATION,No unique Native08 identity by exact DOB and normalized full name,ESCALATE_TECHNICAL,FOOTBALL_RESOLVED_NATIVE_IDENTITY_REQUIRED,CREATE_OR_BRIDGE_IDENTITY,1376258,,,,Roster-confirmed player Alexios Kalogeropoulos (2004-07-26) belongs to target club_id 1376258.,HIGH,https://www.transfermarkt.de/1-fc-nurnberg/kader/verein/4/saison_id/2026/plus/1,https://www.transfermarkt.de/1-fc-nurnberg/kader/verein/4/saison_id/2026/plus/1,"Search native/local identity index only. If no safe match exists, CREATE via guarded pipeline; no public football research."
FM27-96dab708a88d6c48732dc2e9,Can Moustfa,2004-11-19,GER2,1. FC Nürnberg,PLAYER_CREATION,No unique Native08 identity by exact DOB and normalized full name,ESCALATE_TECHNICAL,FOOTBALL_RESOLVED_NATIVE_IDENTITY_REQUIRED,CREATE_OR_BRIDGE_IDENTITY,1376258,,,,Roster-confirmed player Can Moustfa (2004-11-19) belongs to target club_id 1376258.,HIGH,https://www.transfermarkt.de/1-fc-nurnberg/kader/verein/4/saison_id/2026/plus/1,https://www.transfermarkt.de/1-fc-nurnberg/kader/verein/4/saison_id/2026/plus/1,"Search native/local identity index only. If no safe match exists, CREATE via guarded pipeline; no public football research."
FM27-fe6180509f82e4fd3c72ee1e,Malte Wilke,2007-06-25,GER2,FC Energie Cottbus,PLAYER_CREATION,No unique Native08 identity by exact DOB and normalized full name,NONBLOCKING,PREEXISTING_RESOLUTION,,1376280,,,,,,https://www.transfermarkt.de/fc-energie-cottbus/kader/verein/25/saison_id/2026/plus/1,https://www.transfermarkt.de/fc-energie-cottbus/kader/verein/25/saison_id/2026/plus/1,
FM27-078e966810d9ce430c7898b4,Joschua Siewert,2009-05-24,GER2,Hannover 96,PLAYER_CREATION,No unique Native08 identity by exact DOB and normalized full name,NONBLOCKING,PREEXISTING_RESOLUTION,,1376268,,,,,,https://www.transfermarkt.de/hannover-96/kader/verein/42/saison_id/2026/plus/1,https://www.transfermarkt.de/hannover-96/kader/verein/42/saison_id/2026/plus/1,
FM27-ed00790ed8927adca2e6c567,Fynn Lakenmacher,2000-05-10,GER2,SV Darmstadt 98,PLAYER_CREATION,No unique Native08 identity by exact DOB and normalized full name,ESCALATE_TECHNICAL,FOOTBALL_RESOLVED_NATIVE_IDENTITY_REQUIRED,CREATE_OR_BRIDGE_IDENTITY,1376442,,,,Roster-confirmed player Fynn Lakenmacher (2000-05-10) belongs to target club_id 1376442.,HIGH,https://www.transfermarkt.de/sv-darmstadt-98/kader/verein/105/saison_id/2026/plus/1,https://www.transfermarkt.de/sv-darmstadt-98/kader/verein/105/saison_id/2026/plus/1,"Search native/local identity index only. If no safe match exists, CREATE via guarded pipeline; no public football research."
FM27-e68ab142225791e9c5413de3,Joseph Ganda,1997-03-10,GER3,FC Ingolstadt 04,PLAYER_CREATION,No unique Native08 identity by exact DOB and normalized full name,ESCALATE_TECHNICAL,FOOTBALL_RESOLVED_NATIVE_IDENTITY_REQUIRED,CREATE_OR_BRIDGE_IDENTITY,1376315,,,,Roster-confirmed player Joseph Ganda (1997-03-10) belongs to target club_id 1376315.,HIGH,https://www.transfermarkt.de/fc-ingolstadt-04/kader/verein/4795/saison_id/2026/plus/1,https://www.transfermarkt.de/fc-ingolstadt-04/kader/verein/4795/saison_id/2026/plus/1,"Search native/local identity index only. If no safe match exists, CREATE via guarded pipeline; no public football research."
FM27-d8efc5e9ee5fae00227ccf8e,David Kamm Al-Azzawe,1992-06-05,GER3,SC Fortuna Köln,PLAYER_CREATION,Two-attempt creation triage remains blocked: IDENTITY_AMBIGUITY_DUPLICATE_REVIEW_LEAD | IDENTITY_AMBIGUITY_FUZZY_CANDIDATE,ESCALATE_TECHNICAL,FOOTBALL_RESOLVED_NATIVE_IDENTITY_REQUIRED,CREATE_OR_BRIDGE_IDENTITY,1376444,,,,Roster-confirmed player David Kamm Al-Azzawe (1992-06-05) belongs to target club_id 1376444.,HIGH,https://www.transfermarkt.de/sc-fortuna-koln/kader/verein/92/saison_id/2026/plus/1,https://www.transfermarkt.de/sc-fortuna-koln/kader/verein/92/saison_id/2026/plus/1,"Search native/local identity index only. If no safe match exists, CREATE via guarded pipeline; no public football research."
FM27-0810a84eafa1e4b9cb14a258,Samuel Althaus,2006-01-10,GER3,SC Preußen Münster,PLAYER_CREATION,No unique Native08 identity by exact DOB and normalized full name,ESCALATE_TECHNICAL,FOOTBALL_RESOLVED_NATIVE_IDENTITY_REQUIRED,CREATE_OR_BRIDGE_IDENTITY,1376419,,,,Roster-confirmed player Samuel Althaus (2006-01-10) belongs to target club_id 1376419.,HIGH,https://www.transfermarkt.de/preussen-munster/kader/verein/91/saison_id/2026/plus/1,https://www.transfermarkt.de/preussen-munster/kader/verein/91/saison_id/2026/plus/1,"Search native/local identity index only. If no safe match exists, CREATE via guarded pipeline; no public football research."
FM27-b12da4f7d36b241fb6154176,Emmanuel Bamba,2007-10-29,GER3,SC Verl,PLAYER_CREATION,No unique Native08 identity by exact DOB and normalized full name,NONBLOCKING,PREEXISTING_RESOLUTION,,1376406,,,,,,https://www.transfermarkt.de/sc-verl/kader/verein/93/saison_id/2026/plus/1,https://www.transfermarkt.de/sc-verl/kader/verein/93/saison_id/2026/plus/1,
FM27-86f662480665f5b1a4d5315f,Leroy Mickels,1995-06-25,GER3,SV Waldhof Mannheim 07,PLAYER_CREATION,No unique Native08 identity by exact DOB and normalized full name,ESCALATE_TECHNICAL,FOOTBALL_RESOLVED_NATIVE_IDENTITY_REQUIRED,CREATE_OR_BRIDGE_IDENTITY,1376301,,,,Roster-confirmed player Leroy Mickels (1995-06-25) belongs to target club_id 1376301.,HIGH,https://www.transfermarkt.de/sv-waldhof-mannheim/kader/verein/85/saison_id/2026/plus/1,https://www.transfermarkt.de/sv-waldhof-mannheim/kader/verein/85/saison_id/2026/plus/1,"Search native/local identity index only. If no safe match exists, CREATE via guarded pipeline; no public football research."
FM27-601a7c7acd9c760b6cb6410c,Jesse Tugbenyo,2001-08-07,GER3,TSV Havelse 1912,PLAYER_CREATION,No unique Native08 identity by exact DOB and normalized full name,ESCALATE_TECHNICAL,FOOTBALL_RESOLVED_NATIVE_IDENTITY_REQUIRED,CREATE_OR_BRIDGE_IDENTITY,1376539,,,,Roster-confirmed player Jesse Tugbenyo (2001-08-07) belongs to target club_id 1376539.,HIGH,https://www.transfermarkt.de/tsv-havelse/kader/verein/476/saison_id/2026/plus/1,https://www.transfermarkt.de/tsv-havelse/kader/verein/476/saison_id/2026/plus/1,"Search native/local identity index only. If no safe match exists, CREATE via guarded pipeline; no public football research."
FM27-7eed6111241436d5ffc025f2,Kwasi Wriedt,1994-07-10,GER3,TSV Havelse 1912,PLAYER_CREATION,No unique Native08 identity by exact DOB and normalized full name,ESCALATE_TECHNICAL,FOOTBALL_RESOLVED_NATIVE_IDENTITY_REQUIRED,CREATE_OR_BRIDGE_IDENTITY,1376539,,,,Roster-confirmed player Kwasi Wriedt (1994-07-10) belongs to target club_id 1376539.,HIGH,https://www.transfermarkt.de/tsv-havelse/kader/verein/476/saison_id/2026/plus/1,https://www.transfermarkt.de/tsv-havelse/kader/verein/476/saison_id/2026/plus/1,"Search native/local identity index only. If no safe match exists, CREATE via guarded pipeline; no public football research."
FM27-d24aac955f1d7f586428c025,Leon Sommer-Deiss,2001-03-10,GER3,TSV Havelse 1912,PLAYER_CREATION,No unique Native08 identity by exact DOB and normalized full name,ESCALATE_TECHNICAL,FOOTBALL_RESOLVED_NATIVE_IDENTITY_REQUIRED,CREATE_OR_BRIDGE_IDENTITY,1376539,,,,Roster-confirmed player Leon Sommer-Deiss (2001-03-10) belongs to target club_id 1376539.,HIGH,https://www.transfermarkt.de/tsv-havelse/kader/verein/476/saison_id/2026/plus/1,https://www.transfermarkt.de/tsv-havelse/kader/verein/476/saison_id/2026/plus/1,"Search native/local identity index only. If no safe match exists, CREATE via guarded pipeline; no public football research."
FM27-07a12857a5061420f9ba526c,Federico Croci,2010-07-01,ITA1,AC Florenz,PLAYER_CREATION,No unique Native08 identity by exact DOB and normalized full name,NONBLOCKING,PREEXISTING_RESOLUTION,,1769492,,,,,,https://www.transfermarkt.de/ac-florenz/kader/verein/430/saison_id/2026/plus/1,https://www.transfermarkt.de/ac-florenz/kader/verein/430/saison_id/2026/plus/1,
FM27-bff6044dddadaef8f668f1b9,Eddy Kouadio,2006-05-03,ITA1,AC Monza,PLAYER_CREATION,No unique Native08 identity by exact DOB and normalized full name,ESCALATE_TECHNICAL,FOOTBALL_RESOLVED_NATIVE_IDENTITY_REQUIRED,CREATE_OR_BRIDGE_IDENTITY,1769533,,,,Roster-confirmed player Eddy Kouadio (2006-05-03) belongs to target club_id 1769533.,HIGH,https://www.transfermarkt.de/ac-monza/kader/verein/2919/saison_id/2026/plus/1,https://www.transfermarkt.de/ac-monza/kader/verein/2919/saison_id/2026/plus/1,"Search native/local identity index only. If no safe match exists, CREATE via guarded pipeline; no public football research."
FM27-878515e39e6c35d645816020,Gaspar,1997-09-27,ITA1,US Lecce,PLAYER_CREATION,No unique Native08 identity by exact DOB and normalized full name,ESCALATE_TECHNICAL,FOOTBALL_RESOLVED_NATIVE_IDENTITY_REQUIRED,CREATE_OR_BRIDGE_IDENTITY,1769483,,,,Roster-confirmed player Gaspar (1997-09-27) belongs to target club_id 1769483.,HIGH,https://www.transfermarkt.de/us-lecce/kader/verein/1005/saison_id/2026/plus/1,https://www.transfermarkt.de/us-lecce/kader/verein/1005/saison_id/2026/plus/1,"Search native/local identity index only. If no safe match exists, CREATE via guarded pipeline; no public football research."
FM27-ccf58733d37f480e27c2b878,Ale Gomes,2008-02-14,ITA1,Venezia FC,PLAYER_CREATION,No unique Native08 identity by exact DOB and normalized full name,NONBLOCKING,PREEXISTING_RESOLUTION,,1769500,,,,,,https://www.transfermarkt.de/venezia-fc/kader/verein/607/saison_id/2026/plus/1,https://www.transfermarkt.de/venezia-fc/kader/verein/607/saison_id/2026/plus/1,
FM27-2c1212242282dbe3094dd73b,Gani Büyükhan,2009-10-07,NED1,Fortuna Sittard,PLAYER_CREATION,No unique Native08 identity by exact DOB and normalized full name,NONBLOCKING,PREEXISTING_RESOLUTION,,2228247,,,,,,https://www.transfermarkt.de/fortuna-sittard/kader/verein/385/saison_id/2026/plus/1,https://www.transfermarkt.de/fortuna-sittard/kader/verein/385/saison_id/2026/plus/1,
FM27-2ffb99d8ee8d0a372f579c12,Dele Thomas,2007-07-23,NED1,NEC Nijmegen,PLAYER_CREATION,No unique Native08 identity by exact DOB and normalized full name,NONBLOCKING,PREEXISTING_RESOLUTION,,2228235,,,,,,https://www.transfermarkt.de/nec-nijmegen/kader/verein/467/saison_id/2026/plus/1,https://www.transfermarkt.de/nec-nijmegen/kader/verein/467/saison_id/2026/plus/1,
FM27-61848961e6d37e8efca778f7,Gilles van der Wal,2008-06-24,NED1,PEC Zwolle,PLAYER_CREATION,No unique Native08 identity by exact DOB and normalized full name,NONBLOCKING,PREEXISTING_RESOLUTION,,2228260,,,,,,https://www.transfermarkt.de/pec-zwolle/kader/verein/1269/saison_id/2026/plus/1,https://www.transfermarkt.de/pec-zwolle/kader/verein/1269/saison_id/2026/plus/1,
FM27-cc57c992a163036d192d6698,Kirayno Schaken,2008-08-08,NED1,SC Heerenveen,PLAYER_CREATION,No unique Native08 identity by exact DOB and normalized full name,NONBLOCKING,PREEXISTING_RESOLUTION,,2228234,,,,,,https://www.transfermarkt.de/sc-heerenveen/kader/verein/306/saison_id/2026/plus/1,https://www.transfermarkt.de/sc-heerenveen/kader/verein/306/saison_id/2026/plus/1,
FM27-1a9613daa64c3ac29e532604,Matias Silva,2008-11-21,POR1,CD Nacional,PLAYER_CREATION,No unique Native08 identity by exact DOB and normalized full name,NONBLOCKING,PREEXISTING_RESOLUTION,,2490378,,,,,,https://www.transfermarkt.de/cd-nacional/kader/verein/982/saison_id/2026/plus/1,https://www.transfermarkt.de/cd-nacional/kader/verein/982/saison_id/2026/plus/1,
FM27-b23fa94e32a13fbe31c161ed,Dani Borges,2003-04-06,POR1,CD Santa Clara,PLAYER_CREATION,No unique Native08 identity by exact DOB and normalized full name,ESCALATE_TECHNICAL,FOOTBALL_RESOLVED_NATIVE_IDENTITY_REQUIRED,CREATE_OR_BRIDGE_IDENTITY,2490388,,,,Roster-confirmed player Dani Borges (2003-04-06) belongs to target club_id 2490388.,HIGH,https://www.transfermarkt.de/cd-santa-clara/kader/verein/2423/saison_id/2026/plus/1,https://www.transfermarkt.de/cd-santa-clara/kader/verein/2423/saison_id/2026/plus/1,"Search native/local identity index only. If no safe match exists, CREATE via guarded pipeline; no public football research."
FM27-f6256f4730fd4699165a12cb,Fernando,2005-04-12,POR1,CD Santa Clara,PLAYER_CREATION,No unique Native08 identity by exact DOB and normalized full name,ESCALATE_TECHNICAL,FOOTBALL_RESOLVED_NATIVE_IDENTITY_REQUIRED,CREATE_OR_BRIDGE_IDENTITY,2490388,,,,Roster-confirmed player Fernando (2005-04-12) belongs to target club_id 2490388.,HIGH,https://www.transfermarkt.de/cd-santa-clara/kader/verein/2423/saison_id/2026/plus/1,https://www.transfermarkt.de/cd-santa-clara/kader/verein/2423/saison_id/2026/plus/1,"Search native/local identity index only. If no safe match exists, CREATE via guarded pipeline; no public football research."
FM27-490bc4056a8010dfaf16e1ee,Gabi,2000-04-18,POR1,Casa Pia AC,PLAYER_CREATION,No unique Native08 identity by exact DOB and normalized full name,ESCALATE_TECHNICAL,FOOTBALL_RESOLVED_NATIVE_IDENTITY_REQUIRED,CREATE_OR_BRIDGE_IDENTITY,2494469,,,,Roster-confirmed player Gabi (2000-04-18) belongs to target club_id 2494469.,HIGH,https://www.transfermarkt.de/casa-pia-ac/kader/verein/3268/saison_id/2026/plus/1,https://www.transfermarkt.de/casa-pia-ac/kader/verein/3268/saison_id/2026/plus/1,"Search native/local identity index only. If no safe match exists, CREATE via guarded pipeline; no public football research."
FM27-c475db69b1b870241ee8802a,Samy Jr. Merheg,2006-12-06,POR1,FC Alverca,PLAYER_CREATION,No unique Native08 identity by exact DOB and normalized full name,NONBLOCKING,PREEXISTING_RESOLUTION,,2490393,,,,,,https://www.transfermarkt.de/fc-alverca/kader/verein/2521/saison_id/2026/plus/1,https://www.transfermarkt.de/fc-alverca/kader/verein/2521/saison_id/2026/plus/1,
FM27-2b2aa0fdb8b58d279057cdee,Georgios Koutsias,2004-02-08,POR1,FC Famalicão,PLAYER_CREATION,No unique Native08 identity by exact DOB and normalized full name,ESCALATE_TECHNICAL,FOOTBALL_RESOLVED_NATIVE_IDENTITY_REQUIRED,CREATE_OR_BRIDGE_IDENTITY,2490398,,,,Roster-confirmed player Georgios Koutsias (2004-02-08) belongs to target club_id 2490398.,HIGH,https://www.transfermarkt.de/fc-famalicao/kader/verein/3329/saison_id/2026/plus/1,https://www.transfermarkt.de/fc-famalicao/kader/verein/3329/saison_id/2026/plus/1,"Search native/local identity index only. If no safe match exists, CREATE via guarded pipeline; no public football research."
FM27-230d12a9726f671e769dc69a,Léo Realpe,2001-02-26,POR1,FC Famalicão,PLAYER_CREATION,No unique Native08 identity by exact DOB and normalized full name,ESCALATE_TECHNICAL,FOOTBALL_RESOLVED_NATIVE_IDENTITY_REQUIRED,CREATE_OR_BRIDGE_IDENTITY,2490398,,,,Roster-confirmed player Léo Realpe (2001-02-26) belongs to target club_id 2490398.,HIGH,https://www.transfermarkt.de/fc-famalicao/kader/verein/3329/saison_id/2026/plus/1,https://www.transfermarkt.de/fc-famalicao/kader/verein/3329/saison_id/2026/plus/1,"Search native/local identity index only. If no safe match exists, CREATE via guarded pipeline; no public football research."
FM27-a4b8fb7b33c251bafe5314df,Pato,2004-02-17,POR1,FC Famalicão,PLAYER_CREATION,No unique Native08 identity by exact DOB and normalized full name,ESCALATE_TECHNICAL,FOOTBALL_RESOLVED_NATIVE_IDENTITY_REQUIRED,CREATE_OR_BRIDGE_IDENTITY,2490398,,,,Roster-confirmed player Pato (2004-02-17) belongs to target club_id 2490398.,HIGH,https://www.transfermarkt.de/fc-famalicao/kader/verein/3329/saison_id/2026/plus/1,https://www.transfermarkt.de/fc-famalicao/kader/verein/3329/saison_id/2026/plus/1,"Search native/local identity index only. If no safe match exists, CREATE via guarded pipeline; no public football research."
FM27-88e78348dac98ec247b16edd,Israel Salazar,2003-05-10,POR1,GD Estoril Praia,PLAYER_CREATION,No unique Native08 identity by exact DOB and normalized full name,ESCALATE_TECHNICAL,FOOTBALL_RESOLVED_NATIVE_IDENTITY_REQUIRED,CREATE_OR_BRIDGE_IDENTITY,2490386,,,,Roster-confirmed player Israel Salazar (2003-05-10) belongs to target club_id 2490386.,HIGH,https://www.transfermarkt.de/gd-estoril-praia/kader/verein/1465/saison_id/2026/plus/1,https://www.transfermarkt.de/gd-estoril-praia/kader/verein/1465/saison_id/2026/plus/1,"Search native/local identity index only. If no safe match exists, CREATE via guarded pipeline; no public football research."
FM27-11b3c686a382f6c1cd8ecf0d,Sam Amissah,2007-03-07,POR1,GD Estoril Praia,PLAYER_CREATION,No unique Native08 identity by exact DOB and normalized full name,NONBLOCKING,PREEXISTING_RESOLUTION,,2490386,,,,,,https://www.transfermarkt.de/gd-estoril-praia/kader/verein/1465/saison_id/2026/plus/1,https://www.transfermarkt.de/gd-estoril-praia/kader/verein/1465/saison_id/2026/plus/1,
FM27-c65bc0c457967e5ad1c241d4,Buatu,1993-09-27,POR1,Gil Vicente FC,PLAYER_CREATION,No unique Native08 identity by exact DOB and normalized full name,ESCALATE_TECHNICAL,FOOTBALL_RESOLVED_NATIVE_IDENTITY_REQUIRED,CREATE_OR_BRIDGE_IDENTITY,2490375,,,,Roster-confirmed player Buatu (1993-09-27) belongs to target club_id 2490375.,HIGH,https://www.transfermarkt.de/gil-vicente-fc/kader/verein/2424/saison_id/2026/plus/1,https://www.transfermarkt.de/gil-vicente-fc/kader/verein/2424/saison_id/2026/plus/1,"Search native/local identity index only. If no safe match exists, CREATE via guarded pipeline; no public football research."
FM27-9f526ef771e4ffed20b445f9,Tiago Ferreira,2009-01-12,POR1,Gil Vicente FC,PLAYER_CREATION,No unique Native08 identity by exact DOB and normalized full name,NONBLOCKING,PREEXISTING_RESOLUTION,,2490375,,,,,,https://www.transfermarkt.de/gil-vicente-fc/kader/verein/2424/saison_id/2026/plus/1,https://www.transfermarkt.de/gil-vicente-fc/kader/verein/2424/saison_id/2026/plus/1,
FM27-ac6a5dded7107d385cc1a968,Alexandre Parsemain,2003-05-27,POR1,Moreirense FC,PLAYER_CREATION,No unique Native08 identity by exact DOB and normalized full name,ESCALATE_TECHNICAL,FOOTBALL_RESOLVED_NATIVE_IDENTITY_REQUIRED,CREATE_OR_BRIDGE_IDENTITY,2490377,,,,Roster-confirmed player Alexandre Parsemain (2003-05-27) belongs to target club_id 2490377.,HIGH,https://www.transfermarkt.de/moreirense-fc/kader/verein/979/saison_id/2026/plus/1,https://www.transfermarkt.de/moreirense-fc/kader/verein/979/saison_id/2026/plus/1,"Search native/local identity index only. If no safe match exists, CREATE via guarded pipeline; no public football research."
FM27-413d9e7a6c90c08d2c955eec,Gorby,2002-07-25,POR1,SC Braga,PLAYER_CREATION,No unique Native08 identity by exact DOB and normalized full name,ESCALATE_TECHNICAL,FOOTBALL_RESOLVED_NATIVE_IDENTITY_REQUIRED,CREATE_OR_BRIDGE_IDENTITY,2490374,,,,Roster-confirmed player Gorby (2002-07-25) belongs to target club_id 2490374.,HIGH,https://www.transfermarkt.de/sc-braga/kader/verein/1075/saison_id/2026/plus/1,https://www.transfermarkt.de/sc-braga/kader/verein/1075/saison_id/2026/plus/1,"Search native/local identity index only. If no safe match exists, CREATE via guarded pipeline; no public football research."
FM27-81ba1320e2b2ed4f2abb047d,Tommy Marqués,2006-10-30,POR1,SC Braga,PLAYER_CREATION,No unique Native08 identity by exact DOB and normalized full name,NONBLOCKING,PREEXISTING_RESOLUTION,,2490374,,,,,,https://www.transfermarkt.de/sc-braga/kader/verein/1075/saison_id/2026/plus/1,https://www.transfermarkt.de/sc-braga/kader/verein/1075/saison_id/2026/plus/1,
FM27-22d485b1533283af8550a8da,Georgios Vagiannidis,2001-09-12,POR1,Sporting Lissabon,PLAYER_CREATION,No unique Native08 identity by exact DOB and normalized full name,ESCALATE_TECHNICAL,FOOTBALL_RESOLVED_NATIVE_IDENTITY_REQUIRED,CREATE_OR_BRIDGE_IDENTITY,2490382,,,,Roster-confirmed player Georgios Vagiannidis (2001-09-12) belongs to target club_id 2490382.,HIGH,https://www.transfermarkt.de/sporting-lissabon/kader/verein/336/saison_id/2026/plus/1,https://www.transfermarkt.de/sporting-lissabon/kader/verein/336/saison_id/2026/plus/1,"Search native/local identity index only. If no safe match exists, CREATE via guarded pipeline; no public football research."
FM27-a3c6eef7868b52f5724486f8,Maxi Araújo,2000-02-15,POR1,Sporting Lissabon,PLAYER_CREATION,No unique Native08 identity by exact DOB and normalized full name,ESCALATE_TECHNICAL,FOOTBALL_RESOLVED_NATIVE_IDENTITY_REQUIRED,CREATE_OR_BRIDGE_IDENTITY,2490382,,,,Roster-confirmed player Maxi Araújo (2000-02-15) belongs to target club_id 2490382.,HIGH,https://www.transfermarkt.de/sporting-lissabon/kader/verein/336/saison_id/2026/plus/1,https://www.transfermarkt.de/sporting-lissabon/kader/verein/336/saison_id/2026/plus/1,"Search native/local identity index only. If no safe match exists, CREATE via guarded pipeline; no public football research."
FM27-bf2abb3889e3acbe8d247fdc,Santi Verdi,2008-05-05,POR1,Vitória Guimarães SC,PLAYER_CREATION,No unique Native08 identity by exact DOB and normalized full name,NONBLOCKING,PREEXISTING_RESOLUTION,,2490397,,,,,,https://www.transfermarkt.de/vitoria-guimaraes-sc/kader/verein/2420/saison_id/2026/plus/1,https://www.transfermarkt.de/vitoria-guimaraes-sc/kader/verein/2420/saison_id/2026/plus/1,
FM27-5c3270b168052f588cedeb4f,Mahmut Can Kara,2006-01-01,TUR1,Alanyaspor,PLAYER_CREATION,No unique Native08 identity by exact DOB and normalized full name,ESCALATE_TECHNICAL,FOOTBALL_RESOLVED_NATIVE_IDENTITY_REQUIRED,CREATE_OR_BRIDGE_IDENTITY,3145783,,,,Roster-confirmed player Mahmut Can Kara (2006-01-01) belongs to target club_id 3145783.,HIGH,https://www.transfermarkt.de/alanyaspor/kader/verein/11282/saison_id/2026/plus/1,https://www.transfermarkt.de/alanyaspor/kader/verein/11282/saison_id/2026/plus/1,"Search native/local identity index only. If no safe match exists, CREATE via guarded pipeline; no public football research."
FM27-0059c4cbd441b01d52a4dd1c,Muhammed Damar,2008-02-26,TUR1,Amed SK,PLAYER_CREATION,No unique Native08 identity by exact DOB and normalized full name,NONBLOCKING,PREEXISTING_RESOLUTION,,3145856,,,,,,https://www.transfermarkt.de/amed-sk/kader/verein/12382/saison_id/2026/plus/1,https://www.transfermarkt.de/amed-sk/kader/verein/12382/saison_id/2026/plus/1,
FM27-176ff6bbe7351e059e7d9d60,Abbosbek Fayzullaev,2003-10-03,TUR1,Basaksehir FK,PLAYER_CREATION,No unique Native08 identity by exact DOB and normalized full name,ESCALATE_TECHNICAL,FOOTBALL_RESOLVED_NATIVE_IDENTITY_REQUIRED,CREATE_OR_BRIDGE_IDENTITY,3145841,,,,Roster-confirmed player Abbosbek Fayzullaev (2003-10-03) belongs to target club_id 3145841.,HIGH,https://www.transfermarkt.de/basaksehir-fk/kader/verein/6890/saison_id/2026/plus/1,https://www.transfermarkt.de/basaksehir-fk/kader/verein/6890/saison_id/2026/plus/1,"Search native/local identity index only. If no safe match exists, CREATE via guarded pipeline; no public football research."
FM27-66432f694aa0182e391ac95d,Ege Öztürk,2007-12-04,TUR1,Basaksehir FK,PLAYER_CREATION,No unique Native08 identity by exact DOB and normalized full name,NONBLOCKING,PREEXISTING_RESOLUTION,,3145841,,,,,,https://www.transfermarkt.de/basaksehir-fk/kader/verein/6890/saison_id/2026/plus/1,https://www.transfermarkt.de/basaksehir-fk/kader/verein/6890/saison_id/2026/plus/1,
FM27-6bdb1b1bb334f1f66c7564b4,Ahmet Sami Bircan,2007-01-24,TUR1,Besiktas JK,PLAYER_CREATION,No unique Native08 identity by exact DOB and normalized full name,NONBLOCKING,PREEXISTING_RESOLUTION,,3145824,,,,,,https://www.transfermarkt.de/besiktas-jk/kader/verein/114/saison_id/2026/plus/1,https://www.transfermarkt.de/besiktas-jk/kader/verein/114/saison_id/2026/plus/1,
FM27-72e1fc3fb7227c97ff92dbf0,Hasan Yağız Döne,2010-09-17,TUR1,Caykur Rizespor,PLAYER_CREATION,No unique Native08 identity by exact DOB and normalized full name,NONBLOCKING,PREEXISTING_RESOLUTION,,3145837,,,,,,https://www.transfermarkt.de/caykur-rizespor/kader/verein/126/saison_id/2026/plus/1,https://www.transfermarkt.de/caykur-rizespor/kader/verein/126/saison_id/2026/plus/1,
FM27-d0042469a20d0bca73a72a11,Mustafa Coşkun Tosun,2009-01-06,TUR1,Caykur Rizespor,PLAYER_CREATION,No unique Native08 identity by exact DOB and normalized full name,NONBLOCKING,PREEXISTING_RESOLUTION,,3145837,,,,,,https://www.transfermarkt.de/caykur-rizespor/kader/verein/126/saison_id/2026/plus/1,https://www.transfermarkt.de/caykur-rizespor/kader/verein/126/saison_id/2026/plus/1,
FM27-75ef0140ed4207b2ba898121,Furkan Çetinkaya,2009-03-03,TUR1,Corum FK,PLAYER_CREATION,No unique Native08 identity by exact DOB and normalized full name,NONBLOCKING,PREEXISTING_RESOLUTION,,3149867,,,,,,https://www.transfermarkt.de/corum-fk/kader/verein/37951/saison_id/2026/plus/1,https://www.transfermarkt.de/corum-fk/kader/verein/37951/saison_id/2026/plus/1,
FM27-0efeabbade07f74e15aa4e3c,Hasanege Akdoğan,2008-03-08,TUR1,Corum FK,PLAYER_CREATION,No unique Native08 identity by exact DOB and normalized full name,NONBLOCKING,PREEXISTING_RESOLUTION,,3149867,,,,,,https://www.transfermarkt.de/corum-fk/kader/verein/37951/saison_id/2026/plus/1,https://www.transfermarkt.de/corum-fk/kader/verein/37951/saison_id/2026/plus/1,
FM27-7cd88da0d89bc0cfd7f6ae53,Nariman Akhundzada,2004-04-23,TUR1,Erzurumspor FK,PLAYER_CREATION,No unique Native08 identity by exact DOB and normalized full name,ESCALATE_TECHNICAL,FOOTBALL_RESOLVED_NATIVE_IDENTITY_REQUIRED,CREATE_OR_BRIDGE_IDENTITY,3145765,,,,Roster-confirmed player Nariman Akhundzada (2004-04-23) belongs to target club_id 3145765.,HIGH,https://www.transfermarkt.de/erzurumspor-fk/kader/verein/39722/saison_id/2026/plus/1,https://www.transfermarkt.de/erzurumspor-fk/kader/verein/39722/saison_id/2026/plus/1,"Search native/local identity index only. If no safe match exists, CREATE via guarded pipeline; no public football research."
FM27-77d1c2b647b5fb8f1251323a,Ömer Arda Kara,2007-10-31,TUR1,Erzurumspor FK,PLAYER_CREATION,No unique Native08 identity by exact DOB and normalized full name,NONBLOCKING,PREEXISTING_RESOLUTION,,3145765,,,,,,https://www.transfermarkt.de/erzurumspor-fk/kader/verein/39722/saison_id/2026/plus/1,https://www.transfermarkt.de/erzurumspor-fk/kader/verein/39722/saison_id/2026/plus/1,
FM27-ccf27461bbf7709d63329ece,Ada Yüzgeç,2009-04-03,TUR1,Galatasaray,PLAYER_CREATION,No unique Native08 identity by exact DOB and normalized full name,NONBLOCKING,PREEXISTING_RESOLUTION,,3145825,,,,,,https://www.transfermarkt.de/galatasaray/kader/verein/141/saison_id/2026/plus/1,https://www.transfermarkt.de/galatasaray/kader/verein/141/saison_id/2026/plus/1,
FM27-8ce58108d95a7941a36133b8,Ali Osman Kalın,2008-03-23,TUR1,Gaziantep FK,PLAYER_CREATION,No unique Native08 identity by exact DOB and normalized full name,NONBLOCKING,PREEXISTING_RESOLUTION,,3145773,,,,,,https://www.transfermarkt.de/gaziantep-fk/kader/verein/2832/saison_id/2026/plus/1,https://www.transfermarkt.de/gaziantep-fk/kader/verein/2832/saison_id/2026/plus/1,
FM27-a7eb2b776ddad07717c1175b,Burak Enes Yıkıcı,2004-03-29,TUR1,Gaziantep FK,PLAYER_CREATION,No unique Native08 identity by exact DOB and normalized full name,ESCALATE_TECHNICAL,FOOTBALL_RESOLVED_NATIVE_IDENTITY_REQUIRED,CREATE_OR_BRIDGE_IDENTITY,3145773,,,,Roster-confirmed player Burak Enes Yıkıcı (2004-03-29) belongs to target club_id 3145773.,HIGH,https://www.transfermarkt.de/gaziantep-fk/kader/verein/2832/saison_id/2026/plus/1,https://www.transfermarkt.de/gaziantep-fk/kader/verein/2832/saison_id/2026/plus/1,"Search native/local identity index only. If no safe match exists, CREATE via guarded pipeline; no public football research."
FM27-79f741d20b4f26e0466c0b7c,Muhammet Akmelek,2009-06-06,TUR1,Gaziantep FK,PLAYER_CREATION,No unique Native08 identity by exact DOB and normalized full name,NONBLOCKING,PREEXISTING_RESOLUTION,,3145773,,,,,,https://www.transfermarkt.de/gaziantep-fk/kader/verein/2832/saison_id/2026/plus/1,https://www.transfermarkt.de/gaziantep-fk/kader/verein/2832/saison_id/2026/plus/1,
FM27-601fbe5cfd24a77945dc8b1a,Taha Güneş,2006-01-01,TUR1,Gaziantep FK,PLAYER_CREATION,No unique Native08 identity by exact DOB and normalized full name,ESCALATE_TECHNICAL,FOOTBALL_RESOLVED_NATIVE_IDENTITY_REQUIRED,CREATE_OR_BRIDGE_IDENTITY,3145773,,,,Roster-confirmed player Taha Güneş (2006-01-01) belongs to target club_id 3145773.,HIGH,https://www.transfermarkt.de/gaziantep-fk/kader/verein/2832/saison_id/2026/plus/1,https://www.transfermarkt.de/gaziantep-fk/kader/verein/2832/saison_id/2026/plus/1,"Search native/local identity index only. If no safe match exists, CREATE via guarded pipeline; no public football research."
FM27-571c339b39a3b79b2870ddee,Ayaz Özcan,2009-10-01,TUR1,Genclerbirligi Ankara,PLAYER_CREATION,No unique Native08 identity by exact DOB and normalized full name,NONBLOCKING,PREEXISTING_RESOLUTION,,3145836,,,,,,https://www.transfermarkt.de/genclerbirligi-ankara/kader/verein/820/saison_id/2026/plus/1,https://www.transfermarkt.de/genclerbirligi-ankara/kader/verein/820/saison_id/2026/plus/1,
FM27-03a2b311b314bc308f74ac3c,Berk Deniz Çukurcu,2008-01-02,TUR1,Genclerbirligi Ankara,PLAYER_CREATION,No unique Native08 identity by exact DOB and normalized full name,NONBLOCKING,PREEXISTING_RESOLUTION,,3145836,,,,,,https://www.transfermarkt.de/genclerbirligi-ankara/kader/verein/820/saison_id/2026/plus/1,https://www.transfermarkt.de/genclerbirligi-ankara/kader/verein/820/saison_id/2026/plus/1,
FM27-71264a27d217dd17dfd5bb7e,Erk Aslan,2008-11-07,TUR1,Genclerbirligi Ankara,PLAYER_CREATION,No unique Native08 identity by exact DOB and normalized full name,NONBLOCKING,PREEXISTING_RESOLUTION,,3145836,,,,,,https://www.transfermarkt.de/genclerbirligi-ankara/kader/verein/820/saison_id/2026/plus/1,https://www.transfermarkt.de/genclerbirligi-ankara/kader/verein/820/saison_id/2026/plus/1,
FM27-925d5a72200dc07d0c21902f,Hamza Aydar,2008-09-20,TUR1,Genclerbirligi Ankara,PLAYER_CREATION,No unique Native08 identity by exact DOB and normalized full name,NONBLOCKING,PREEXISTING_RESOLUTION,,3145836,,,,,,https://www.transfermarkt.de/genclerbirligi-ankara/kader/verein/820/saison_id/2026/plus/1,https://www.transfermarkt.de/genclerbirligi-ankara/kader/verein/820/saison_id/2026/plus/1,
FM27-66232c4645f848ca86b86693,Ousmane Diabate,2007-09-24,TUR1,Genclerbirligi Ankara,PLAYER_CREATION,No unique Native08 identity by exact DOB and normalized full name,ESCALATE_TECHNICAL,FOOTBALL_RESOLVED_NATIVE_IDENTITY_REQUIRED,CREATE_OR_BRIDGE_IDENTITY,3145836,,,,Roster-confirmed player Ousmane Diabate (2007-09-24) belongs to target club_id 3145836.,HIGH,https://www.transfermarkt.de/genclerbirligi-ankara/kader/verein/820/saison_id/2026/plus/1,https://www.transfermarkt.de/genclerbirligi-ankara/kader/verein/820/saison_id/2026/plus/1,"Search native/local identity index only. If no safe match exists, CREATE via guarded pipeline; no public football research."
FM27-b995e9c2557e4c5b976d52d8,Prince Martor Jr.,2007-07-09,TUR1,Genclerbirligi Ankara,PLAYER_CREATION,No unique Native08 identity by exact DOB and normalized full name,NONBLOCKING,PREEXISTING_RESOLUTION,,3145836,,,,,,https://www.transfermarkt.de/genclerbirligi-ankara/kader/verein/820/saison_id/2026/plus/1,https://www.transfermarkt.de/genclerbirligi-ankara/kader/verein/820/saison_id/2026/plus/1,
FM27-a4a7a3227e70a5a21ce66d06,Juan,2002-03-07,TUR1,Göztepe,PLAYER_CREATION,No unique Native08 identity by exact DOB and normalized full name,ESCALATE_TECHNICAL,FOOTBALL_RESOLVED_NATIVE_IDENTITY_REQUIRED,CREATE_OR_BRIDGE_IDENTITY,3145820,,,,Roster-confirmed player Juan (2002-03-07) belongs to target club_id 3145820.,HIGH,https://www.transfermarkt.de/goztepe/kader/verein/1467/saison_id/2026/plus/1,https://www.transfermarkt.de/goztepe/kader/verein/1467/saison_id/2026/plus/1,"Search native/local identity index only. If no safe match exists, CREATE via guarded pipeline; no public football research."
FM27-8ccb03ed2c8f6904d068f928,Tino Anjorin,2001-11-23,TUR1,Göztepe,PLAYER_CREATION,No unique Native08 identity by exact DOB and normalized full name,ESCALATE_TECHNICAL,FOOTBALL_RESOLVED_NATIVE_IDENTITY_REQUIRED,CREATE_OR_BRIDGE_IDENTITY,3145820,,,,Roster-confirmed player Tino Anjorin (2001-11-23) belongs to target club_id 3145820.,HIGH,https://www.transfermarkt.de/goztepe/kader/verein/1467/saison_id/2026/plus/1,https://www.transfermarkt.de/goztepe/kader/verein/1467/saison_id/2026/plus/1,"Search native/local identity index only. If no safe match exists, CREATE via guarded pipeline; no public football research."
FM27-30eede71297f53576e84dd41,Muhammed Emin Bektaş,2006-07-01,TUR1,Kasimpasa,PLAYER_CREATION,No unique Native08 identity by exact DOB and normalized full name,ESCALATE_TECHNICAL,FOOTBALL_RESOLVED_NATIVE_IDENTITY_REQUIRED,CREATE_OR_BRIDGE_IDENTITY,3145843,,,,Roster-confirmed player Muhammed Emin Bektaş (2006-07-01) belongs to target club_id 3145843.,HIGH,https://www.transfermarkt.de/kasimpasa/kader/verein/10484/saison_id/2026/plus/1,https://www.transfermarkt.de/kasimpasa/kader/verein/10484/saison_id/2026/plus/1,"Search native/local identity index only. If no safe match exists, CREATE via guarded pipeline; no public football research."
FM27-341225613caf72cb9d862070,Salih Arıcı,2008-03-27,TUR1,Kasimpasa,PLAYER_CREATION,No unique Native08 identity by exact DOB and normalized full name,NONBLOCKING,PREEXISTING_RESOLUTION,,3145843,,,,,,https://www.transfermarkt.de/kasimpasa/kader/verein/10484/saison_id/2026/plus/1,https://www.transfermarkt.de/kasimpasa/kader/verein/10484/saison_id/2026/plus/1,
FM27-f7298cb4012091ba72470f05,Emir Gündoğdu,2009-10-16,TUR1,Konyaspor,PLAYER_CREATION,No unique Native08 identity by exact DOB and normalized full name,NONBLOCKING,PREEXISTING_RESOLUTION,,3145839,,,,,,https://www.transfermarkt.de/konyaspor/kader/verein/2293/saison_id/2026/plus/1,https://www.transfermarkt.de/konyaspor/kader/verein/2293/saison_id/2026/plus/1,
FM27-561d02e9a6820c801cf7572b,Efe Yiğit Üstün,2008-05-07,TUR1,Samsunspor,PLAYER_CREATION,No unique Native08 identity by exact DOB and normalized full name,NONBLOCKING,PREEXISTING_RESOLUTION,,3145745,,,,,,https://www.transfermarkt.de/samsunspor/kader/verein/152/saison_id/2026/plus/1,https://www.transfermarkt.de/samsunspor/kader/verein/152/saison_id/2026/plus/1,
FM27-e6bbc1e6681c22f1be7c236a,Mustafa Tan,2005-04-27,TUR1,Samsunspor,PLAYER_CREATION,No unique Native08 identity by exact DOB and normalized full name,ESCALATE_TECHNICAL,FOOTBALL_RESOLVED_NATIVE_IDENTITY_REQUIRED,CREATE_OR_BRIDGE_IDENTITY,3145745,,,,Roster-confirmed player Mustafa Tan (2005-04-27) belongs to target club_id 3145745.,HIGH,https://www.transfermarkt.de/samsunspor/kader/verein/152/saison_id/2026/plus/1,https://www.transfermarkt.de/samsunspor/kader/verein/152/saison_id/2026/plus/1,"Search native/local identity index only. If no safe match exists, CREATE via guarded pipeline; no public football research."
FM27-edd07c00705419209ef5f1d6,Noah Lahmadi,2005-01-05,,Toulouse FC,PRIMARY_EXCEPTION,Two meaningful source searches exhausted. Escalated to Sol; do not guess destination.,ESCALATE_TECHNICAL,FOOTBALL_RESOLVED_EXTERNAL_CLUB_MAPPING_REQUIRED,MOVE_TO_EXTERNAL_IF_CLUB_EXISTS_ELSE_FREE_AGENT,,,,,Noah Lahmadi joined Aviron Bayonnais Football Club on a free transfer on 2026-07-24.,HIGH,https://www.besoccer.com/player/transfers/n-lahmadi-3210092,https://www.toulousefc.com/play/blog/2026/05/des-departs-au-sein-de-l-effectif,"Search LOCAL native club index for Aviron Bayonnais only; if absent, set free agent. No web research."
FM27-7cd32066feec390cc192852f,Rica Rocha,2003-09-07,POR1,Vitória Guimarães SC,PROFILE_CONFLICT,Current player profile club 15136 conflicts with roster club 2420,NONBLOCKING,EXTERNALLY_RESOLVED_NONBLOCKING,NO_CHANGE_NONBLOCKING_DUAL_PROFILE,2490397,,,,Rica Rocha is part of Vitória SC's 2026/27 first-team squad/preseason while also having B-team profile usage.,HIGH,https://www.uefa.com/nationalassociations/teams/50097--vitoria-sc/squad/,https://www.transfermarkt.de/vitoria-guimaraes-sc/kader/verein/2420/saison_id/2026/plus/1,Keep current club assignment; remove from release-blocking queue.
FM27-584d44ac5a1768175568acce,Bas Langenbick,2003-06-16,BEL1,Cercle Brügge,PROVISIONAL_CREATION_RATING,Native creation is identity/source complete; neutral rating seed remains provisional,NONBLOCKING,PREEXISTING_RESOLUTION,,458755,,,,,,https://www.transfermarkt.de/cercle-brugge/kader/verein/520/saison_id/2026/plus/1,https://www.transfermarkt.de/cercle-brugge/kader/verein/520/saison_id/2026/plus/1,
FM27-0d9bc696a175800bf35d47c9,Ibrahima Cissé,2007-09-24,BEL1,KAA Gent,PROVISIONAL_CREATION_RATING,Native creation is identity/source complete; neutral rating seed remains provisional,NONBLOCKING,PREEXISTING_RESOLUTION,,458753,,,,,,https://www.transfermarkt.de/kaa-gent/kader/verein/157/saison_id/2026/plus/1,https://www.transfermarkt.de/kaa-gent/kader/verein/157/saison_id/2026/plus/1,
FM27-0ff43d0f2df394fce9e4d1d2,Abdoulaye Koné,2006-02-01,BEL1,KVC Westerlo,PROVISIONAL_CREATION_RATING,Native creation is identity/source complete; neutral rating seed remains provisional,NONBLOCKING,PREEXISTING_RESOLUTION,,458763,,,,,,https://www.transfermarkt.de/kvc-westerlo/kader/verein/968/saison_id/2026/plus/1,https://www.transfermarkt.de/kvc-westerlo/kader/verein/968/saison_id/2026/plus/1,
FM27-14e09af3cda877be92c8bdab,Matteo Heremans,2006-01-08,BEL1,Oud-Heverlee Leuven,PROVISIONAL_CREATION_RATING,Native creation is identity/source complete; neutral rating seed remains provisional,NONBLOCKING,PREEXISTING_RESOLUTION,,458775,,,,,,https://www.transfermarkt.de/oud-heverlee-leuven/kader/verein/2727/saison_id/2026/plus/1,https://www.transfermarkt.de/oud-heverlee-leuven/kader/verein/2727/saison_id/2026/plus/1,
FM27-ad920e7221f538354147266d,Viktor Damjanic,2005-11-03,BEL1,Oud-Heverlee Leuven,PROVISIONAL_CREATION_RATING,Native creation is identity/source complete; neutral rating seed remains provisional,NONBLOCKING,PREEXISTING_RESOLUTION,,458775,,,,,,https://www.transfermarkt.de/oud-heverlee-leuven/kader/verein/2727/saison_id/2026/plus/1,https://www.transfermarkt.de/oud-heverlee-leuven/kader/verein/2727/saison_id/2026/plus/1,
FM27-0c35ff20f9204aa12843b02a,Farouck Adekami,2006-08-07,BEL1,Royal Antwerpen FC,PROVISIONAL_CREATION_RATING,Native creation is identity/source complete; neutral rating seed remains provisional,NONBLOCKING,PREEXISTING_RESOLUTION,,458785,,,,,,https://www.transfermarkt.de/royal-antwerpen-fc/kader/verein/1096/saison_id/2026/plus/1,https://www.transfermarkt.de/royal-antwerpen-fc/kader/verein/1096/saison_id/2026/plus/1,
FM27-51dddd7834430e1baaecf48b,Luis Narh,2007-12-25,BEL1,Royal Antwerpen FC,PROVISIONAL_CREATION_RATING,Native creation is identity/source complete; neutral rating seed remains provisional,NONBLOCKING,PREEXISTING_RESOLUTION,,458785,,,,,,https://www.transfermarkt.de/royal-antwerpen-fc/kader/verein/1096/saison_id/2026/plus/1,https://www.transfermarkt.de/royal-antwerpen-fc/kader/verein/1096/saison_id/2026/plus/1,
FM27-01fb8bf6e8f629c843ccd45b,Modibo Fofana,2007-11-03,BEL1,Royal Antwerpen FC,PROVISIONAL_CREATION_RATING,Native creation is identity/source complete; neutral rating seed remains provisional,NONBLOCKING,PREEXISTING_RESOLUTION,,458785,,,,,,https://www.transfermarkt.de/royal-antwerpen-fc/kader/verein/1096/saison_id/2026/plus/1,https://www.transfermarkt.de/royal-antwerpen-fc/kader/verein/1096/saison_id/2026/plus/1,
FM27-ce1d613dc74aa42fd5229da4,Junior Diouf,2007-08-16,BEL1,SK Beveren,PROVISIONAL_CREATION_RATING,Native creation is identity/source complete; neutral rating seed remains provisional,NONBLOCKING,PREEXISTING_RESOLUTION,,458788,,,,,,https://www.transfermarkt.de/sk-beveren/kader/verein/28643/saison_id/2026/plus/1,https://www.transfermarkt.de/sk-beveren/kader/verein/28643/saison_id/2026/plus/1,
FM27-3d5d04049a95479d3e80808c,Ondrej Kricfalusi,2004-03-09,BEL1,Union Saint-Gilloise,PROVISIONAL_CREATION_RATING,Native creation is identity/source complete; neutral rating seed remains provisional,NONBLOCKING,PREEXISTING_RESOLUTION,,458780,,,,,,https://www.transfermarkt.de/union-saint-gilloise/kader/verein/3948/saison_id/2026/plus/1,https://www.transfermarkt.de/union-saint-gilloise/kader/verein/3948/saison_id/2026/plus/1,
FM27-1fc90b10dfc0ea1c149acdd1,Shion Shinkawa,2007-08-06,BEL1,VV St. Truiden,PROVISIONAL_CREATION_RATING,Native creation is identity/source complete; neutral rating seed remains provisional,NONBLOCKING,PREEXISTING_RESOLUTION,,458759,,,,,,https://www.transfermarkt.de/vv-st-truiden/kader/verein/475/saison_id/2026/plus/1,https://www.transfermarkt.de/vv-st-truiden/kader/verein/475/saison_id/2026/plus/1,
FM27-19e5e35e78c2470764431436,Mouhamadou Sall,2007-10-21,BEL1,Zulte Waregem,PROVISIONAL_CREATION_RATING,Native creation is identity/source complete; neutral rating seed remains provisional,NONBLOCKING,PREEXISTING_RESOLUTION,,458782,,,,,,https://www.transfermarkt.de/zulte-waregem/kader/verein/3508/saison_id/2026/plus/1,https://www.transfermarkt.de/zulte-waregem/kader/verein/3508/saison_id/2026/plus/1,
FM27-18574f71c4a51bb9e9bfe5a2,Mohamed Yasser,2001-05-05,CZE1,Bohemians Prag 1905,PROVISIONAL_CREATION_RATING,Native creation is identity/source complete; neutral rating seed remains provisional,NONBLOCKING,PREEXISTING_RESOLUTION,,786453,,,,,,https://www.transfermarkt.de/bohemians-prag-1905/kader/verein/715/saison_id/2026/plus/1,https://www.transfermarkt.de/bohemians-prag-1905/kader/verein/715/saison_id/2026/plus/1,
FM27-fcb71b3168bf22fa21948c08,Qëndrim Zyba,2001-02-03,CZE1,FC Slovan Liberec,PROVISIONAL_CREATION_RATING,Native creation is identity/source complete; neutral rating seed remains provisional,NONBLOCKING,PREEXISTING_RESOLUTION,,786438,,,,,,https://www.transfermarkt.de/fc-slovan-liberec/kader/verein/697/saison_id/2026/plus/1,https://www.transfermarkt.de/fc-slovan-liberec/kader/verein/697/saison_id/2026/plus/1,
FM27-e74bf9b6a1ef92a12dfc40cc,Filip Novak,1990-06-26,CZE1,FK Jablonec,PROVISIONAL_CREATION_RATING,Native creation is identity/source complete; neutral rating seed remains provisional,NONBLOCKING,PREEXISTING_RESOLUTION,,786437,,,,,,https://www.transfermarkt.de/fk-jablonec/kader/verein/1322/saison_id/2026/plus/1,https://www.transfermarkt.de/fk-jablonec/kader/verein/1322/saison_id/2026/plus/1,
FM27-c1ef39010f1efb46e6840f37,Jiri Zima,2007-12-21,CZE1,FK Pardubice,PROVISIONAL_CREATION_RATING,Native creation is identity/source complete; neutral rating seed remains provisional,NONBLOCKING,PREEXISTING_RESOLUTION,,790538,,,,,,https://www.transfermarkt.de/fk-pardubice/kader/verein/1496/saison_id/2026/plus/1,https://www.transfermarkt.de/fk-pardubice/kader/verein/1496/saison_id/2026/plus/1,
FM27-0d85fd2bbc6d4171356270c0,Victor Samuel,2006-06-29,CZE1,FK Pardubice,PROVISIONAL_CREATION_RATING,Native creation is identity/source complete; neutral rating seed remains provisional,NONBLOCKING,PREEXISTING_RESOLUTION,,790538,,,,,,https://www.transfermarkt.de/fk-pardubice/kader/verein/1496/saison_id/2026/plus/1,https://www.transfermarkt.de/fk-pardubice/kader/verein/1496/saison_id/2026/plus/1,
FM27-1fa6fd12211dbfe804a26ee9,Lucas Herrington,2007-09-05,ENG1,Hull City,PROVISIONAL_CREATION_RATING,Native creation is identity/source complete; neutral rating seed remains provisional,NONBLOCKING,PREEXISTING_RESOLUTION,,917532,,,,,,https://www.transfermarkt.de/hull-city/kader/verein/3008/saison_id/2026/plus/1,https://www.transfermarkt.de/hull-city/kader/verein/3008/saison_id/2026/plus/1,
FM27-3faf775a2c0434892c2ee790,Jules Ahoka,2006-05-08,ENG1,Sunderland,PROVISIONAL_CREATION_RATING,Native creation is identity/source complete; neutral rating seed remains provisional,NONBLOCKING,PREEXISTING_RESOLUTION,,917524,,,,,,https://www.transfermarkt.de/afc-sunderland/kader/verein/289/saison_id/2026/plus/1,https://www.transfermarkt.de/afc-sunderland/kader/verein/289/saison_id/2026/plus/1,
FM27-d341d5964663a3927259dc06,Álvaro Ferllo,1998-04-13,ESP1,Deportivo A Coruña,PROVISIONAL_CREATION_RATING,Native creation is identity/source complete; neutral rating seed remains provisional,NONBLOCKING,PREEXISTING_RESOLUTION,,2949127,,,,,,https://www.transfermarkt.de/deportivo-a-coruna/kader/verein/897/saison_id/2026/plus/1,https://www.transfermarkt.de/deportivo-a-coruna/kader/verein/897/saison_id/2026/plus/1,
FM27-3a44391ba8e6788077985333,Yacouba Koné,2007-06-21,FRA1,ESTAC Troyes,PROVISIONAL_CREATION_RATING,Native creation is identity/source complete; neutral rating seed remains provisional,NONBLOCKING,PREEXISTING_RESOLUTION,,1179683,,,,,,https://www.transfermarkt.de/estac-troyes/kader/verein/1095/saison_id/2026/plus/1,https://www.transfermarkt.de/estac-troyes/kader/verein/1095/saison_id/2026/plus/1,
FM27-3294c3e989ac22d6d34873fb,Romain Cagnon,1997-05-12,FRA1,Stade Brest 29,PROVISIONAL_CREATION_RATING,Native creation is identity/source complete; neutral rating seed remains provisional,NONBLOCKING,PREEXISTING_RESOLUTION,,1179685,,,,,,https://www.transfermarkt.de/stade-brest-29/kader/verein/3911/saison_id/2026/plus/1,https://www.transfermarkt.de/stade-brest-29/kader/verein/3911/saison_id/2026/plus/1,
FM27-81913980414564a392a21a6e,Ndjicoura Bomba,2008-03-12,GER1,Bayer 04 Leverkusen,PROVISIONAL_CREATION_RATING,Native creation is identity/source complete; neutral rating seed remains provisional,NONBLOCKING,PREEXISTING_RESOLUTION,,1376261,,,,,,https://www.transfermarkt.de/bayer-04-leverkusen/kader/verein/15/saison_id/2026/plus/1,https://www.transfermarkt.de/bayer-04-leverkusen/kader/verein/15/saison_id/2026/plus/1,
FM27-a25e8663a640cc3932bcd6f8,Bara Sapoko Ndiaye,2007-12-31,GER1,FC Bayern München,PROVISIONAL_CREATION_RATING,Native creation is identity/source complete; neutral rating seed remains provisional,NONBLOCKING,PREEXISTING_RESOLUTION,,1376264,,,,,,https://www.transfermarkt.de/fc-bayern-munchen/kader/verein/27/saison_id/2026/plus/1,https://www.transfermarkt.de/fc-bayern-munchen/kader/verein/27/saison_id/2026/plus/1,
FM27-d5ffa9b498e4d984e4ce50e7,Chung-hyun Lee,2007-09-12,GER2,1. FC Magdeburg,PROVISIONAL_CREATION_RATING,Native creation is identity/source complete; neutral rating seed remains provisional,NONBLOCKING,PREEXISTING_RESOLUTION,,1376373,,,,,,https://www.transfermarkt.de/1-fc-magdeburg/kader/verein/187/saison_id/2026/plus/1,https://www.transfermarkt.de/1-fc-magdeburg/kader/verein/187/saison_id/2026/plus/1,
FM27-7dc598ff0d680a0d11c95646,Gyan de Regt,2003-08-18,GER2,Holstein Kiel,PROVISIONAL_CREATION_RATING,Native creation is identity/source complete; neutral rating seed remains provisional,NONBLOCKING,PREEXISTING_RESOLUTION,,1376418,,,,,,https://www.transfermarkt.de/holstein-kiel/kader/verein/269/saison_id/2026/plus/1,https://www.transfermarkt.de/holstein-kiel/kader/verein/269/saison_id/2026/plus/1,
FM27-b483ae076b0e64535cf92eba,Eric Verstappen,1994-05-19,GER3,Rot-Weiss Essen 1907,PROVISIONAL_CREATION_RATING,Native creation is identity/source complete; neutral rating seed remains provisional,NONBLOCKING,PREEXISTING_RESOLUTION,,1376282,,,,,,https://www.transfermarkt.de/rot-weiss-essen/kader/verein/56/saison_id/2026/plus/1,https://www.transfermarkt.de/rot-weiss-essen/kader/verein/56/saison_id/2026/plus/1,
FM27-2b66d1949da03e823807810d,Lorenz Ender,2001-01-06,GER3,SG Sonnenhof Großaspach,PROVISIONAL_CREATION_RATING,Native creation is identity/source complete; neutral rating seed remains provisional,NONBLOCKING,PREEXISTING_RESOLUTION,,1376306,,,,,,https://www.transfermarkt.de/sg-sonnenhof-grossaspach/kader/verein/2589/saison_id/2026/plus/1,https://www.transfermarkt.de/sg-sonnenhof-grossaspach/kader/verein/2589/saison_id/2026/plus/1,
FM27-ea23a0df07385594f0c1a27b,Noah Santiago Lorch,2005-12-09,GER3,SG Sonnenhof Großaspach,PROVISIONAL_CREATION_RATING,Native creation is identity/source complete; neutral rating seed remains provisional,NONBLOCKING,PREEXISTING_RESOLUTION,,1376306,,,,,,https://www.transfermarkt.de/sg-sonnenhof-grossaspach/kader/verein/2589/saison_id/2026/plus/1,https://www.transfermarkt.de/sg-sonnenhof-grossaspach/kader/verein/2589/saison_id/2026/plus/1,
FM27-84fcccede54410e9e3a856f6,Joel Darko Ampem,2007-03-08,GER3,TSV Havelse 1912,PROVISIONAL_CREATION_RATING,Native creation is identity/source complete; neutral rating seed remains provisional,NONBLOCKING,PREEXISTING_RESOLUTION,,1376539,,,,,,https://www.transfermarkt.de/tsv-havelse/kader/verein/476/saison_id/2026/plus/1,https://www.transfermarkt.de/tsv-havelse/kader/verein/476/saison_id/2026/plus/1,
FM27-857f1fac0705af113e25085f,Temilola Awoyale,2005-07-23,GER3,TSV Havelse 1912,PROVISIONAL_CREATION_RATING,Native creation is identity/source complete; neutral rating seed remains provisional,NONBLOCKING,PREEXISTING_RESOLUTION,,1376539,,,,,,https://www.transfermarkt.de/tsv-havelse/kader/verein/476/saison_id/2026/plus/1,https://www.transfermarkt.de/tsv-havelse/kader/verein/476/saison_id/2026/plus/1,
FM27-4f4b14f65a2e01ea1f4c6d5d,Demi Akarakiri,2007-09-29,ITA1,Cagliari Calcio,PROVISIONAL_CREATION_RATING,Native creation is identity/source complete; neutral rating seed remains provisional,NONBLOCKING,PREEXISTING_RESOLUTION,,1769480,,,,,,https://www.transfermarkt.de/cagliari-calcio/kader/verein/1390/saison_id/2026/plus/1,https://www.transfermarkt.de/cagliari-calcio/kader/verein/1390/saison_id/2026/plus/1,
FM27-eb678bd76af640d97e7fdd30,Kaylen,2004-04-05,NED1,Fortuna Sittard,PROVISIONAL_CREATION_RATING,Native creation is identity/source complete; neutral rating seed remains provisional,NONBLOCKING,PREEXISTING_RESOLUTION,,2228247,,,,,,https://www.transfermarkt.de/fortuna-sittard/kader/verein/385/saison_id/2026/plus/1,https://www.transfermarkt.de/fortuna-sittard/kader/verein/385/saison_id/2026/plus/1,
FM27-012fbfd6533d583b98a5ae84,Gabi Caschili,2003-07-14,NED1,SC Telstar,PROVISIONAL_CREATION_RATING,Native creation is identity/source complete; neutral rating seed remains provisional,NONBLOCKING,PREEXISTING_RESOLUTION,,2228252,,,,,,https://www.transfermarkt.de/sc-telstar/kader/verein/1434/saison_id/2026/plus/1,https://www.transfermarkt.de/sc-telstar/kader/verein/1434/saison_id/2026/plus/1,
FM27-abd352677d5096f57c3c933e,Gabriel Índio,2008-07-26,POR1,Benfica Lissabon,PROVISIONAL_CREATION_RATING,Native creation is identity/source complete; neutral rating seed remains provisional,NONBLOCKING,PREEXISTING_RESOLUTION,,2490372,,,,,,https://www.transfermarkt.de/benfica-lissabon/kader/verein/294/saison_id/2026/plus/1,https://www.transfermarkt.de/benfica-lissabon/kader/verein/294/saison_id/2026/plus/1,
FM27-2673632bd08eb1bb702c4740,Fredy,2006-05-25,POR1,CD Santa Clara,PROVISIONAL_CREATION_RATING,Native creation is identity/source complete; neutral rating seed remains provisional,NONBLOCKING,PREEXISTING_RESOLUTION,,2490388,,,,,,https://www.transfermarkt.de/cd-santa-clara/kader/verein/2423/saison_id/2026/plus/1,https://www.transfermarkt.de/cd-santa-clara/kader/verein/2423/saison_id/2026/plus/1,
FM27-bd70711aaba4f5ffd22ccc71,Bénito,2003-08-21,POR1,CF Estrela Amadora,PROVISIONAL_CREATION_RATING,Native creation is identity/source complete; neutral rating seed remains provisional,NONBLOCKING,PREEXISTING_RESOLUTION,,2490394,,,,,,https://www.transfermarkt.de/cf-estrela-amadora/kader/verein/2431/saison_id/2026/plus/1,https://www.transfermarkt.de/cf-estrela-amadora/kader/verein/2431/saison_id/2026/plus/1,
FM27-47e71b94e36cc19393558883,Abdu Dafe,2008-06-10,POR1,Casa Pia AC,PROVISIONAL_CREATION_RATING,Native creation is identity/source complete; neutral rating seed remains provisional,NONBLOCKING,PREEXISTING_RESOLUTION,,2494469,,,,,,https://www.transfermarkt.de/casa-pia-ac/kader/verein/3268/saison_id/2026/plus/1,https://www.transfermarkt.de/casa-pia-ac/kader/verein/3268/saison_id/2026/plus/1,
FM27-c091fad53bf0a48987f8baf0,Costinha,2008-08-04,POR1,FC Arouca,PROVISIONAL_CREATION_RATING,Native creation is identity/source complete; neutral rating seed remains provisional,NONBLOCKING,PREEXISTING_RESOLUTION,,2494470,,,,,,https://www.transfermarkt.de/fc-arouca/kader/verein/8024/saison_id/2026/plus/1,https://www.transfermarkt.de/fc-arouca/kader/verein/8024/saison_id/2026/plus/1,
FM27-feb7ffe80c0dfd93339e2804,Si-hoo Park,2007-08-18,POR1,FC Arouca,PROVISIONAL_CREATION_RATING,Native creation is identity/source complete; neutral rating seed remains provisional,NONBLOCKING,PREEXISTING_RESOLUTION,,2494470,,,,,,https://www.transfermarkt.de/fc-arouca/kader/verein/8024/saison_id/2026/plus/1,https://www.transfermarkt.de/fc-arouca/kader/verein/8024/saison_id/2026/plus/1,
FM27-5e929bf7fa90812250f31578,Chipyoka Songa,2004-09-24,POR1,Moreirense FC,PROVISIONAL_CREATION_RATING,Native creation is identity/source complete; neutral rating seed remains provisional,NONBLOCKING,PREEXISTING_RESOLUTION,,2490377,,,,,,https://www.transfermarkt.de/moreirense-fc/kader/verein/979/saison_id/2026/plus/1,https://www.transfermarkt.de/moreirense-fc/kader/verein/979/saison_id/2026/plus/1,
FM27-3525eaec176afd9d0d8c1a01,Pedro Jesus,2007-12-25,POR1,Moreirense FC,PROVISIONAL_CREATION_RATING,Native creation is identity/source complete; neutral rating seed remains provisional,NONBLOCKING,PREEXISTING_RESOLUTION,,2490377,,,,,,https://www.transfermarkt.de/moreirense-fc/kader/verein/979/saison_id/2026/plus/1,https://www.transfermarkt.de/moreirense-fc/kader/verein/979/saison_id/2026/plus/1,
FM27-4e78a4040855479e37495012,Arouna Soro,2007-07-12,TUR1,Alanyaspor,PROVISIONAL_CREATION_RATING,Native creation is identity/source complete; neutral rating seed remains provisional,NONBLOCKING,PREEXISTING_RESOLUTION,,3145783,,,,,,https://www.transfermarkt.de/alanyaspor/kader/verein/11282/saison_id/2026/plus/1,https://www.transfermarkt.de/alanyaspor/kader/verein/11282/saison_id/2026/plus/1,
FM27-db1d5ab5bae86a8b5c8ed4fa,Yiğit Baran Karaoğlan,2006-02-16,TUR1,Erzurumspor FK,PROVISIONAL_CREATION_RATING,Native creation is identity/source complete; neutral rating seed remains provisional,NONBLOCKING,PREEXISTING_RESOLUTION,,3145765,,,,,,https://www.transfermarkt.de/erzurumspor-fk/kader/verein/39722/saison_id/2026/plus/1,https://www.transfermarkt.de/erzurumspor-fk/kader/verein/39722/saison_id/2026/plus/1,
FM27-3692a8aec4bb3ca8f8a0a082,Abdou Khadre Sy,2007-12-15,TUR1,Eyüpspor,PROVISIONAL_CREATION_RATING,Native creation is identity/source complete; neutral rating seed remains provisional,NONBLOCKING,PREEXISTING_RESOLUTION,,3145777,,,,,,https://www.transfermarkt.de/eyupspor/kader/verein/7160/saison_id/2026/plus/1,https://www.transfermarkt.de/eyupspor/kader/verein/7160/saison_id/2026/plus/1,
FM27-2831b6368615279511ce43b2,Berhan Kutlay Şatlı,2006-01-14,TUR1,Eyüpspor,PROVISIONAL_CREATION_RATING,Native creation is identity/source complete; neutral rating seed remains provisional,NONBLOCKING,PREEXISTING_RESOLUTION,,3145777,,,,,,https://www.transfermarkt.de/eyupspor/kader/verein/7160/saison_id/2026/plus/1,https://www.transfermarkt.de/eyupspor/kader/verein/7160/saison_id/2026/plus/1,
FM27-0a1d47e0b35d9927eee3a601,Diabel Ndoye,2007-08-27,TUR1,Eyüpspor,PROVISIONAL_CREATION_RATING,Native creation is identity/source complete; neutral rating seed remains provisional,NONBLOCKING,PREEXISTING_RESOLUTION,,3145777,,,,,,https://www.transfermarkt.de/eyupspor/kader/verein/7160/saison_id/2026/plus/1,https://www.transfermarkt.de/eyupspor/kader/verein/7160/saison_id/2026/plus/1,
FM27-9f09484e97aed183c298047b,Ömer Ahmet Ceyhan,2007-08-22,TUR1,Eyüpspor,PROVISIONAL_CREATION_RATING,Native creation is identity/source complete; neutral rating seed remains provisional,NONBLOCKING,PREEXISTING_RESOLUTION,,3145777,,,,,,https://www.transfermarkt.de/eyupspor/kader/verein/7160/saison_id/2026/plus/1,https://www.transfermarkt.de/eyupspor/kader/verein/7160/saison_id/2026/plus/1,
FM27-05813e06b47cb25056dd599a,Cemilhan Aslan,2008-05-07,TUR1,Gaziantep FK,PROVISIONAL_CREATION_RATING,Native creation is identity/source complete; neutral rating seed remains provisional,NONBLOCKING,PREEXISTING_RESOLUTION,,3145773,,,,,,https://www.transfermarkt.de/gaziantep-fk/kader/verein/2832/saison_id/2026/plus/1,https://www.transfermarkt.de/gaziantep-fk/kader/verein/2832/saison_id/2026/plus/1,
FM27-7f4e84e8277c7664b3dc9543,Kadir Gümüş,2003-11-15,TUR1,Gaziantep FK,PROVISIONAL_CREATION_RATING,Native creation is identity/source complete; neutral rating seed remains provisional,NONBLOCKING,PREEXISTING_RESOLUTION,,3145773,,,,,,https://www.transfermarkt.de/gaziantep-fk/kader/verein/2832/saison_id/2026/plus/1,https://www.transfermarkt.de/gaziantep-fk/kader/verein/2832/saison_id/2026/plus/1,
FM27-41433d7dd2a05a37fab3bd8d,Arda Özyar,2007-04-16,TUR1,Kocaelispor,PROVISIONAL_CREATION_RATING,Native creation is identity/source complete; neutral rating seed remains provisional,NONBLOCKING,PREEXISTING_RESOLUTION,,3145754,,,,,,https://www.transfermarkt.de/kocaelispor/kader/verein/120/saison_id/2026/plus/1,https://www.transfermarkt.de/kocaelispor/kader/verein/120/saison_id/2026/plus/1,
FM27-bcd49402b7f97273a629afe8,Hulusi Destici,2008-08-06,TUR1,Kocaelispor,PROVISIONAL_CREATION_RATING,Native creation is identity/source complete; neutral rating seed remains provisional,NONBLOCKING,PREEXISTING_RESOLUTION,,3145754,,,,,,https://www.transfermarkt.de/kocaelispor/kader/verein/120/saison_id/2026/plus/1,https://www.transfermarkt.de/kocaelispor/kader/verein/120/saison_id/2026/plus/1,
FM27-3d8f55caece9bff4f06193c7,Talha Polat,2006-11-17,TUR1,Kocaelispor,PROVISIONAL_CREATION_RATING,Native creation is identity/source complete; neutral rating seed remains provisional,NONBLOCKING,PREEXISTING_RESOLUTION,,3145754,,,,,,https://www.transfermarkt.de/kocaelispor/kader/verein/120/saison_id/2026/plus/1,https://www.transfermarkt.de/kocaelispor/kader/verein/120/saison_id/2026/plus/1,
FM27-e19f6142242d91c8ad150743,Ömer Çobanoğlu,2007-07-04,TUR1,Konyaspor,PROVISIONAL_CREATION_RATING,Native creation is identity/source complete; neutral rating seed remains provisional,NONBLOCKING,PREEXISTING_RESOLUTION,,3145839,,,,,,https://www.transfermarkt.de/konyaspor/kader/verein/2293/saison_id/2026/plus/1,https://www.transfermarkt.de/konyaspor/kader/verein/2293/saison_id/2026/plus/1,
FM27-005289484b479f43cfdff503,David Latal,2003-01-21,CZE1,FC Banik Ostrau,SOURCE_ABSENCE,Confirmed prior roster member is absent now; destination/release evidence required,NONBLOCKING,PREEXISTING_RESOLUTION,,786446,,,,,,https://www.transfermarkt.de/fc-banik-ostrau/kader/verein/377/saison_id/2026/plus/1,https://www.transfermarkt.de/fc-banik-ostrau/kader/verein/377/saison_id/2026/plus/1,
FM27-a8c878716f473949ff65a527,Martin Gjorgievski,2005-02-28,CZE1,FC Zbrojovka Brünn,SOURCE_ABSENCE,Confirmed prior roster member is absent now; destination/release evidence required,NONBLOCKING,PREEXISTING_RESOLUTION,,786447,,,,,,https://www.transfermarkt.de/fc-zbrojovka-brunn/kader/verein/5225/saison_id/2026/plus/1,https://www.transfermarkt.de/fc-zbrojovka-brunn/kader/verein/5225/saison_id/2026/plus/1,
FM27-301a53b40c097e134adc0bcd,Daniel Samek,2004-02-19,CZE1,SK Artis Brünn,SOURCE_ABSENCE,Confirmed prior roster member is absent now; destination/release evidence required,NONBLOCKING,PREEXISTING_RESOLUTION,,790564,,,,,,https://www.transfermarkt.de/sk-artis-brunn/kader/verein/24325/saison_id/2026/plus/1,https://www.transfermarkt.de/sk-artis-brunn/kader/verein/24325/saison_id/2026/plus/1,
FM27-0597f7475e2376d8b33a7839,David Akintola,1996-01-13,ENG1,Hull City,SOURCE_ABSENCE,Confirmed prior roster member is absent now; destination/release evidence required,NONBLOCKING,PREEXISTING_RESOLUTION,,917532,,,,,,https://www.transfermarkt.de/hull-city/kader/verein/3008/saison_id/2026/plus/1,https://www.transfermarkt.de/hull-city/kader/verein/3008/saison_id/2026/plus/1,
FM27-abcc242bbe438a5bb6ef9ac4,Josué Casimir,2001-09-24,FRA1,AJ Auxerre,SOURCE_ABSENCE,Confirmed prior roster member is absent now; destination/release evidence required,NONBLOCKING,PREEXISTING_RESOLUTION,,1179654,,,,,,https://www.transfermarkt.de/aj-auxerre/kader/verein/290/saison_id/2026/plus/1,https://www.transfermarkt.de/aj-auxerre/kader/verein/290/saison_id/2026/plus/1,
FM27-34d915b922ee223ee16aed7d,Kristijan Jakic,1997-05-14,GER1,FC Augsburg,SOURCE_ABSENCE,Confirmed prior roster member is absent now; destination/release evidence required,NONBLOCKING,PREEXISTING_RESOLUTION,,1376431,,,,,,https://www.transfermarkt.de/fc-augsburg/kader/verein/167/saison_id/2026/plus/1,https://www.transfermarkt.de/fc-augsburg/kader/verein/167/saison_id/2026/plus/1,
FM27-5d2bbfb4fbfe54c7b4448578,Suleman Sani,2006-09-01,GER1,RB Leipzig,SOURCE_ABSENCE,Confirmed prior roster member is absent now; destination/release evidence required,NONBLOCKING,PREEXISTING_RESOLUTION,,1376555,,,,,,https://www.transfermarkt.de/rb-leipzig/kader/verein/23826/saison_id/2026/plus/1,https://www.transfermarkt.de/rb-leipzig/kader/verein/23826/saison_id/2026/plus/1,
FM27-90d0a92cd37c7196b9ed468a,Moritz Jenz,1999-04-30,GER2,VfL Wolfsburg,SOURCE_ABSENCE,Confirmed prior roster member is absent now; destination/release evidence required,NONBLOCKING,PREEXISTING_RESOLUTION,,1376274,,,,,,https://www.transfermarkt.de/vfl-wolfsburg/kader/verein/82/saison_id/2026/plus/1,https://www.transfermarkt.de/vfl-wolfsburg/kader/verein/82/saison_id/2026/plus/1,
FM27-95c1d221d0524d18069a58de,Jamie Schuldes,2007-01-26,NED1,FC Utrecht,SOURCE_ABSENCE,Confirmed prior roster member is absent now; destination/release evidence required,NONBLOCKING,PREEXISTING_RESOLUTION,,2228241,,,,,,https://www.transfermarkt.de/fc-utrecht/kader/verein/200/saison_id/2026/plus/1,https://www.transfermarkt.de/fc-utrecht/kader/verein/200/saison_id/2026/plus/1,
FM27-b000c729dc628e2dc312c58f,Tomás Silva,2003-10-25,POR1,Académico Viseu FC,SOURCE_ABSENCE,Confirmed prior roster member is absent now; destination/release evidence required,NONBLOCKING,PREEXISTING_RESOLUTION,,2494468,,,,,,https://www.transfermarkt.de/academico-viseu-fc/kader/verein/7788/saison_id/2026/plus/1,https://www.transfermarkt.de/academico-viseu-fc/kader/verein/7788/saison_id/2026/plus/1,
FM27-ba384b3194ac232703856424,Stéphane Diarra,1998-12-09,POR1,FC Alverca,SOURCE_ABSENCE,Confirmed prior roster member is absent now; destination/release evidence required,NONBLOCKING,PREEXISTING_RESOLUTION,,2490393,,,,,,https://www.transfermarkt.de/fc-alverca/kader/verein/2521/saison_id/2026/plus/1,https://www.transfermarkt.de/fc-alverca/kader/verein/2521/saison_id/2026/plus/1,
FM27-aeabae19023bff1b04b3302b,Gonçalo Costa,2000-02-18,POR1,GD Estoril Praia,SOURCE_ABSENCE,Confirmed prior roster member is absent now; destination/release evidence required,NONBLOCKING,PREEXISTING_RESOLUTION,,2490386,,,,,,https://www.transfermarkt.de/gd-estoril-praia/kader/verein/1465/saison_id/2026/plus/1,https://www.transfermarkt.de/gd-estoril-praia/kader/verein/1465/saison_id/2026/plus/1,
FM27-28c555252043c399f4fdfde0,Khayon Edwards,2003-09-12,POR1,GD Estoril Praia,SOURCE_ABSENCE,Confirmed prior roster member is absent now; destination/release evidence required,NONBLOCKING,PREEXISTING_RESOLUTION,,2490386,,,,,,https://www.transfermarkt.de/gd-estoril-praia/kader/verein/1465/saison_id/2026/plus/1,https://www.transfermarkt.de/gd-estoril-praia/kader/verein/1465/saison_id/2026/plus/1,
FM27-2cce968d3900569dc08617d4,Carlos Eduardo,2002-08-10,POR1,Gil Vicente FC,SOURCE_ABSENCE,Confirmed prior roster member is absent now; destination/release evidence required,NONBLOCKING,PREEXISTING_RESOLUTION,,2490375,,,,,,https://www.transfermarkt.de/gil-vicente-fc/kader/verein/2424/saison_id/2026/plus/1,https://www.transfermarkt.de/gil-vicente-fc/kader/verein/2424/saison_id/2026/plus/1,
FM27-7debfa00a424e6da23700796,Jonatás Noro,2005-07-09,POR1,SC Braga,SOURCE_ABSENCE,Confirmed prior roster member is absent now; destination/release evidence required,NONBLOCKING,PREEXISTING_RESOLUTION,,2490374,,,,,,https://www.transfermarkt.de/sc-braga/kader/verein/1075/saison_id/2026/plus/1,https://www.transfermarkt.de/sc-braga/kader/verein/1075/saison_id/2026/plus/1,
FM27-4b40b80391feec2c11d02d4c,Rodrigo Becão,1996-01-19,TUR1,Fenerbahce,SOURCE_ABSENCE,Confirmed prior roster member is absent now; destination/release evidence required,NONBLOCKING,PREEXISTING_RESOLUTION,,3145823,,,,,,https://www.transfermarkt.de/fenerbahce/kader/verein/36/saison_id/2026/plus/1,https://www.transfermarkt.de/fenerbahce/kader/verein/36/saison_id/2026/plus/1,
FM27-da712647a0c02462a94c5072,Adam Kadlec,2003-07-06,CZE1,FK Mlada Boleslav,TIMELINE_RESOLUTION,"Confirmed timeline row failed exact native, source, or loan chronology guards",ESCALATE_TECHNICAL,FOOTBALL_RESOLVED_GUARD_REPAIR_REQUIRED,APPLY_CONFIRMED_TIMELINE_WITH_GUARD_REPAIR,786434,,,,Confirmed current target club_id 786434; remaining issue is native guard/application.,HIGH,https://www.transfermarkt.de/fk-mlada-boleslav/kader/verein/5546/saison_id/2026/plus/1,https://www.transfermarkt.de/fk-mlada-boleslav/kader/verein/5546/saison_id/2026/plus/1,Use existing confirmed timeline data; repair local guard/identity/condition mismatch only.
FM27-0d4ee56383e851028668f34a,Robinio Vaz,2007-02-17,ENG1,Hull City,TIMELINE_RESOLUTION,"Confirmed timeline row failed exact native, source, or loan chronology guards",ESCALATE_TECHNICAL,FOOTBALL_RESOLVED_GUARD_REPAIR_REQUIRED,APPLY_CONFIRMED_TIMELINE_WITH_GUARD_REPAIR,917532,,,,Confirmed current target club_id 917532; remaining issue is native guard/application.,HIGH,https://www.transfermarkt.de/hull-city/kader/verein/3008/saison_id/2026/plus/1,https://www.transfermarkt.de/hull-city/kader/verein/3008/saison_id/2026/plus/1,Use existing confirmed timeline data; repair local guard/identity/condition mismatch only.
FM27-66275737cfb962f84258643b,Yassir Zabiri,2005-02-23,ESP1,Racing Santander,TIMELINE_RESOLUTION,"Confirmed timeline row failed exact native, source, or loan chronology guards",ESCALATE_TECHNICAL,FOOTBALL_RESOLVED_GUARD_REPAIR_REQUIRED,APPLY_CONFIRMED_TIMELINE_WITH_GUARD_REPAIR,2949137,,,,Confirmed current target club_id 2949137; remaining issue is native guard/application.,HIGH,https://www.transfermarkt.de/racing-santander/kader/verein/630/saison_id/2026/plus/1,https://www.transfermarkt.de/racing-santander/kader/verein/630/saison_id/2026/plus/1,Use existing confirmed timeline data; repair local guard/identity/condition mismatch only.
FM27-114d5c4b67282886ff11b937,Petar Ratkov,2003-08-18,ESP1,UD Levante,TIMELINE_RESOLUTION,"Confirmed timeline row failed exact native, source, or loan chronology guards",ESCALATE_TECHNICAL,FOOTBALL_RESOLVED_GUARD_REPAIR_REQUIRED,APPLY_CONFIRMED_TIMELINE_WITH_GUARD_REPAIR,2949128,,,,Confirmed current target club_id 2949128; remaining issue is native guard/application.,HIGH,https://www.transfermarkt.de/ud-levante/kader/verein/3368/saison_id/2026/plus/1,https://www.transfermarkt.de/ud-levante/kader/verein/3368/saison_id/2026/plus/1,Use existing confirmed timeline data; repair local guard/identity/condition mismatch only.
FM27-5fa3faff92231634c45f8433,Souleymane Faye,2003-02-08,FRA1,FC Lorient,TIMELINE_RESOLUTION,"Confirmed timeline row failed exact native, source, or loan chronology guards",ESCALATE_TECHNICAL,FOOTBALL_RESOLVED_GUARD_REPAIR_REQUIRED,APPLY_CONFIRMED_TIMELINE_WITH_GUARD_REPAIR,1179673,,,,Confirmed current target club_id 1179673; remaining issue is native guard/application.,HIGH,https://www.transfermarkt.de/fc-lorient/kader/verein/1158/saison_id/2026/plus/1,https://www.transfermarkt.de/fc-lorient/kader/verein/1158/saison_id/2026/plus/1,Use existing confirmed timeline data; repair local guard/identity/condition mismatch only.
FM27-7aaf023765f86b01a6e71a75,Noah Edjouma,2005-10-04,FRA1,Stade Brest 29,TIMELINE_RESOLUTION,"Confirmed timeline row failed exact native, source, or loan chronology guards",ESCALATE_TECHNICAL,FOOTBALL_RESOLVED_GUARD_REPAIR_REQUIRED,APPLY_CONFIRMED_TIMELINE_WITH_GUARD_REPAIR,1179685,,,,Confirmed current target club_id 1179685; remaining issue is native guard/application.,HIGH,https://www.transfermarkt.de/stade-brest-29/kader/verein/3911/saison_id/2026/plus/1,https://www.transfermarkt.de/stade-brest-29/kader/verein/3911/saison_id/2026/plus/1,Use existing confirmed timeline data; repair local guard/identity/condition mismatch only.
FM27-c8937c28b9cf68fd70016b4e,Yanis Massolin,2002-09-20,ITA1,Cagliari Calcio,TIMELINE_RESOLUTION,"Confirmed timeline row failed exact native, source, or loan chronology guards",ESCALATE_TECHNICAL,FOOTBALL_RESOLVED_GUARD_REPAIR_REQUIRED,APPLY_CONFIRMED_TIMELINE_WITH_GUARD_REPAIR,1769480,,,,Confirmed current target club_id 1769480; remaining issue is native guard/application.,HIGH,https://www.transfermarkt.de/cagliari-calcio/kader/verein/1390/saison_id/2026/plus/1,https://www.transfermarkt.de/cagliari-calcio/kader/verein/1390/saison_id/2026/plus/1,Use existing confirmed timeline data; repair local guard/identity/condition mismatch only.
FM27-5595ddc15451879dc30423ed,Othniël Raterink,2006-04-07,NED1,ADO Den Haag,TIMELINE_RESOLUTION,"Confirmed timeline row failed exact native, source, or loan chronology guards",ESCALATE_TECHNICAL,FOOTBALL_RESOLVED_GUARD_REPAIR_REQUIRED,APPLY_CONFIRMED_TIMELINE_WITH_GUARD_REPAIR,2228225,,,,Confirmed current target club_id 2228225; remaining issue is native guard/application.,HIGH,https://www.transfermarkt.de/ado-den-haag/kader/verein/1268/saison_id/2026/plus/1,https://www.transfermarkt.de/ado-den-haag/kader/verein/1268/saison_id/2026/plus/1,Use existing confirmed timeline data; repair local guard/identity/condition mismatch only.
FM27-0ca773156b68400301c6b3c7,Sydney van Hooijdonk,2000-02-06,NED1,PEC Zwolle,TIMELINE_RESOLUTION,"Confirmed timeline row failed exact native, source, or loan chronology guards",ESCALATE_TECHNICAL,FOOTBALL_RESOLVED_GUARD_REPAIR_REQUIRED,APPLY_CONFIRMED_TIMELINE_WITH_GUARD_REPAIR,2228260,,,,Confirmed current target club_id 2228260; remaining issue is native guard/application.,HIGH,https://www.transfermarkt.de/pec-zwolle/kader/verein/1269/saison_id/2026/plus/1,https://www.transfermarkt.de/pec-zwolle/kader/verein/1269/saison_id/2026/plus/1,Use existing confirmed timeline data; repair local guard/identity/condition mismatch only.
FM27-b2da3debeff989bf91717722,Abdelnour Soualhia,2001-06-27,NED1,SC Telstar,TIMELINE_RESOLUTION,"Confirmed timeline row failed exact native, source, or loan chronology guards",ESCALATE_TECHNICAL,FOOTBALL_RESOLVED_GUARD_REPAIR_REQUIRED,APPLY_CONFIRMED_TIMELINE_WITH_GUARD_REPAIR,2228252,,,,Confirmed current target club_id 2228252; remaining issue is native guard/application.,HIGH,https://www.transfermarkt.de/sc-telstar/kader/verein/1434/saison_id/2026/plus/1,https://www.transfermarkt.de/sc-telstar/kader/verein/1434/saison_id/2026/plus/1,Use existing confirmed timeline data; repair local guard/identity/condition mismatch only.
FM27-f19fc478f87df76ff5eb2711,Jeremy Arévalo,2005-03-19,POR1,CF Estrela Amadora,TIMELINE_RESOLUTION,"Confirmed timeline row failed exact native, source, or loan chronology guards",ESCALATE_TECHNICAL,FOOTBALL_RESOLVED_GUARD_REPAIR_REQUIRED,APPLY_CONFIRMED_TIMELINE_WITH_GUARD_REPAIR,2490394,,,,Confirmed current target club_id 2490394; remaining issue is native guard/application.,HIGH,https://www.transfermarkt.de/cf-estrela-amadora/kader/verein/2431/saison_id/2026/plus/1,https://www.transfermarkt.de/cf-estrela-amadora/kader/verein/2431/saison_id/2026/plus/1,Use existing confirmed timeline data; repair local guard/identity/condition mismatch only.
FM27-eafc3186bd5ee904c8838d53,Aymen Zouin,2006-12-29,POR1,Casa Pia AC,TIMELINE_RESOLUTION,"Confirmed timeline row failed exact native, source, or loan chronology guards",ESCALATE_TECHNICAL,FOOTBALL_RESOLVED_GUARD_REPAIR_REQUIRED,APPLY_CONFIRMED_TIMELINE_WITH_GUARD_REPAIR,2494469,,,,Confirmed current target club_id 2494469; remaining issue is native guard/application.,HIGH,https://www.transfermarkt.de/casa-pia-ac/kader/verein/3268/saison_id/2026/plus/1,https://www.transfermarkt.de/casa-pia-ac/kader/verein/3268/saison_id/2026/plus/1,Use existing confirmed timeline data; repair local guard/identity/condition mismatch only.
FM27-168354ebdd9bb58a7f14161d,Souza,2006-06-16,POR1,FC Porto,TIMELINE_RESOLUTION,"Confirmed timeline row failed exact native, source, or loan chronology guards",ESCALATE_TECHNICAL,FOOTBALL_RESOLVED_GUARD_REPAIR_REQUIRED,APPLY_CONFIRMED_TIMELINE_WITH_GUARD_REPAIR,2490380,,,,Confirmed current target club_id 2490380; remaining issue is native guard/application.,HIGH,https://www.transfermarkt.de/fc-porto/kader/verein/720/saison_id/2026/plus/1,https://www.transfermarkt.de/fc-porto/kader/verein/720/saison_id/2026/plus/1,Use existing confirmed timeline data; repair local guard/identity/condition mismatch only.
FM27-d84274e3cb1fb16d30d65d5b,Dante Vanzeir,1998-04-16,BEL1,Cercle Brügge,TRANSFER_TIMELINE,No unique confirmed permanent event for changed native club,ESCALATE_TECHNICAL,FOOTBALL_RESOLVED_TECHNICAL_PLAN_REQUIRED,MOVE_TO_TARGET_PRESERVE_METADATA,458755,,,,Current 2026/27 roster places player at target club_id 458755; native club_id is 458753.,HIGH,https://www.transfermarkt.de/cercle-brugge/kader/verein/520/saison_id/2026/plus/1,https://www.transfermarkt.de/cercle-brugge/kader/verein/520/saison_id/2026/plus/1,Create exact native current-club delta locally; do not perform football web research.
FM27-3a3ca801ff48c420a142744d,Royer Caicedo,2006-05-05,BEL1,Cercle Brügge,TRANSFER_TIMELINE,No unique confirmed permanent event for changed native club,ESCALATE_TECHNICAL,FOOTBALL_RESOLVED_TECHNICAL_PLAN_REQUIRED,MOVE_TO_TARGET_PRESERVE_METADATA,458755,,,,Current 2026/27 roster places player at target club_id 458755; native club_id is 3670018.,HIGH,https://www.transfermarkt.de/cercle-brugge/kader/verein/520/saison_id/2026/plus/1,https://www.transfermarkt.de/cercle-brugge/kader/verein/520/saison_id/2026/plus/1,Create exact native current-club delta locally; do not perform football web research.
FM27-370e6cd3d7def658e427c9d9,Benjamin Tahirović,2003-03-03,BEL1,KRC Genk,TRANSFER_TIMELINE,Current loan requires owner and return-date evidence,ESCALATE_TECHNICAL,FOOTBALL_RESOLVED_TECHNICAL_PLAN_REQUIRED,SET_CURRENT_LOAN,458768,851977,2026-07-01,2027-06-30,Current loan: owner club_id 851977 -> target club_id 458768; runtime start 2026-07-01; return/end 2027-06-30.,HIGH,https://www.krcgenk.be/en/news/6437/bosnian-international-tahirovi-23-joins-krc-genk,https://www.transfermarkt.de/krc-genk/kader/verein/1184/saison_id/2026/plus/1,Synthesize the existing native loan-condition schema using these resolved football facts; no web research.
FM27-06a3877101dd8e195b453def,Rok Storman,2004-09-04,BEL1,KV Kortrijk,TRANSFER_TIMELINE,Current loan requires owner and return-date evidence,ESCALATE_TECHNICAL,FOOTBALL_RESOLVED_TECHNICAL_PLAN_REQUIRED,SET_CURRENT_LOAN,458781,790540,2026-07-01,2027-06-30,Current loan: owner club_id 790540 -> target club_id 458781; runtime start 2026-07-01; return/end 2027-06-30.,HIGH,https://www.kvk.be/nieuws/rok-storman/,https://www.transfermarkt.de/kv-kortrijk/kader/verein/601/saison_id/2026/plus/1,Synthesize the existing native loan-condition schema using these resolved football facts; no web research.
FM27-e7378becc3d38c519902b72c,Dylan Ourega,2004-10-06,BEL1,KVC Westerlo,TRANSFER_TIMELINE,No unique confirmed permanent event for changed native club,ESCALATE_TECHNICAL,FOOTBALL_RESOLVED_TECHNICAL_PLAN_REQUIRED,MOVE_TO_TARGET_PRESERVE_METADATA,458763,,,,Current 2026/27 roster places player at target club_id 458763; native club_id is 1179674.,HIGH,https://www.transfermarkt.de/kvc-westerlo/kader/verein/968/saison_id/2026/plus/1,https://www.transfermarkt.de/kvc-westerlo/kader/verein/968/saison_id/2026/plus/1,Create exact native current-club delta locally; do not perform football web research.
FM27-e5a379ad70403a127bbb8c9c,Michée Ndembi,2007-07-04,BEL1,KVC Westerlo,TRANSFER_TIMELINE,No unique confirmed permanent event for changed native club,ESCALATE_TECHNICAL,FOOTBALL_RESOLVED_TECHNICAL_PLAN_REQUIRED,MOVE_TO_TARGET_PRESERVE_METADATA,458763,,,,Current 2026/27 roster places player at target club_id 458763; native club_id is 2490372.,HIGH,https://www.transfermarkt.de/kvc-westerlo/kader/verein/968/saison_id/2026/plus/1,https://www.transfermarkt.de/kvc-westerlo/kader/verein/968/saison_id/2026/plus/1,Create exact native current-club delta locally; do not perform football web research.
FM27-09cbab854bc1276777511684,Isaiah Dada-Mascoll,2006-05-24,BEL1,Lommel SK,TRANSFER_TIMELINE,Current loan requires owner and return-date evidence,ESCALATE_TECHNICAL,FOOTBALL_RESOLVED_TECHNICAL_PLAN_REQUIRED,SET_CURRENT_LOAN,458783,917518,2026-07-01,2027-06-30,Current loan: owner club_id 917518 -> target club_id 458783; runtime start 2026-07-01; return/end 2027-06-30.,HIGH,https://www.transfermarkt.de/lommel-sk/kader/verein/5026/saison_id/2026/plus/1,https://www.transfermarkt.de/lommel-sk/kader/verein/5026/saison_id/2026/plus/1,Synthesize the existing native loan-condition schema using these resolved football facts; no web research.
FM27-c231952829d1c679d510a6b9,Marcel Van Dijck,2008-01-10,BEL1,Oud-Heverlee Leuven,TRANSFER_TIMELINE,No unique confirmed permanent event for changed native club,ESCALATE_TECHNICAL,FOOTBALL_RESOLVED_TECHNICAL_PLAN_REQUIRED,MOVE_TO_TARGET_PRESERVE_METADATA,458775,,,,Current 2026/27 roster places player at target club_id 458775; native club_id is 458785.,HIGH,https://www.transfermarkt.de/oud-heverlee-leuven/kader/verein/2727/saison_id/2026/plus/1,https://www.transfermarkt.de/oud-heverlee-leuven/kader/verein/2727/saison_id/2026/plus/1,Create exact native current-club delta locally; do not perform football web research.
FM27-e5665f7d067e734b83445291,Takuya Ogiwara,1999-11-23,BEL1,Oud-Heverlee Leuven,TRANSFER_TIMELINE,Current loan requires owner and return-date evidence,ESCALATE_TECHNICAL,FOOTBALL_RESOLVED_TECHNICAL_PLAN_REQUIRED,SET_CURRENT_LOAN,458775,10682378,2026-07-01,2027-06-30,Current loan: owner club_id 10682378 -> target club_id 458775; runtime start 2026-07-01; return/end 2027-06-30.,HIGH,https://www.urawa-reds.co.jp/en/topteamtopics/243897/,https://www.transfermarkt.de/oud-heverlee-leuven/kader/verein/2727/saison_id/2026/plus/1,Synthesize the existing native loan-condition schema using these resolved football facts; no web research.
FM27-b72900e044dae5e00d1c4b92,Bryan Soumaré,1999-02-11,BEL1,RAAL La Louvière,TRANSFER_TIMELINE,No unique confirmed permanent event for changed native club,ESCALATE_TECHNICAL,FOOTBALL_RESOLVED_TECHNICAL_PLAN_REQUIRED,MOVE_TO_TARGET_PRESERVE_METADATA,471041,,,,Current 2026/27 roster places player at target club_id 471041; native club_id is 0.,HIGH,https://www.transfermarkt.de/raal-la-louviere/kader/verein/3901/saison_id/2026/plus/1,https://www.transfermarkt.de/raal-la-louviere/kader/verein/3901/saison_id/2026/plus/1,Create exact native current-club delta locally; do not perform football web research.
FM27-c8f32b13e56a786343fa473e,Marius Courcoul,2007-01-01,BEL1,RAAL La Louvière,TRANSFER_TIMELINE,Current loan requires owner and return-date evidence,ESCALATE_TECHNICAL,FOOTBALL_RESOLVED_TECHNICAL_PLAN_REQUIRED,SET_CURRENT_LOAN,471041,1179782,2026-07-01,2027-06-30,Current loan: owner club_id 1179782 -> target club_id 471041; runtime start 2026-07-01; return/end 2027-06-30.,HIGH,https://www.transfermarkt.de/raal-la-louviere/kader/verein/3901/saison_id/2026/plus/1,https://www.transfermarkt.de/raal-la-louviere/kader/verein/3901/saison_id/2026/plus/1,Synthesize the existing native loan-condition schema using these resolved football facts; no web research.
FM27-4d5cbfd5f590c3b3067dcb8e,Tiago Pereira Cardoso,2006-04-07,BEL1,RAAL La Louvière,TRANSFER_TIMELINE,Current loan requires owner and return-date evidence,ESCALATE_TECHNICAL,FOOTBALL_RESOLVED_TECHNICAL_PLAN_REQUIRED,SET_CURRENT_LOAN,471041,1376263,2026-07-01,2027-06-30,Current loan: owner club_id 1376263 -> target club_id 471041; runtime start 2026-07-01; return/end 2027-06-30.,HIGH,https://www.transfermarkt.de/raal-la-louviere/kader/verein/3901/saison_id/2026/plus/1,https://www.transfermarkt.de/raal-la-louviere/kader/verein/3901/saison_id/2026/plus/1,Synthesize the existing native loan-condition schema using these resolved football facts; no web research.
FM27-125a27020cb89a47028a639a,Chris Lokesa,2004-11-07,BEL1,SK Beveren,TRANSFER_TIMELINE,No unique confirmed permanent event for changed native club,ESCALATE_TECHNICAL,FOOTBALL_RESOLVED_TECHNICAL_PLAN_REQUIRED,MOVE_TO_TARGET_PRESERVE_METADATA,458788,,,,Current 2026/27 roster places player at target club_id 458788; native club_id is 2228242.,HIGH,https://www.transfermarkt.de/sk-beveren/kader/verein/28643/saison_id/2026/plus/1,https://www.transfermarkt.de/sk-beveren/kader/verein/28643/saison_id/2026/plus/1,Create exact native current-club delta locally; do not perform football web research.
FM27-751f5876ec4886dd2368d79d,Elohim Kaboré,2006-12-20,BEL1,SK Beveren,TRANSFER_TIMELINE,Current loan requires owner and return-date evidence,ESCALATE_TECHNICAL,FOOTBALL_RESOLVED_TECHNICAL_PLAN_REQUIRED,SET_CURRENT_LOAN,458788,3014661,2026-07-01,2027-06-30,Current loan: owner club_id 3014661 -> target club_id 458788; runtime start 2026-07-01; return/end 2027-06-30.,HIGH,https://www.skbeveren.be/2026/08/welkom-kabore-26-27/,https://www.transfermarkt.de/sk-beveren/kader/verein/28643/saison_id/2026/plus/1,Synthesize the existing native loan-condition schema using these resolved football facts; no web research.
FM27-6704a57b047bcdf3734f8513,Stephane Keller,2001-08-20,BEL1,SK Beveren,TRANSFER_TIMELINE,Current loan requires owner and return-date evidence,ESCALATE_TECHNICAL,FOOTBALL_RESOLVED_TECHNICAL_PLAN_REQUIRED,SET_CURRENT_LOAN,458788,720907,2026-07-01,2027-06-30,Current loan: owner club_id 720907 -> target club_id 458788; runtime start 2026-07-01; return/end 2027-06-30.,HIGH,https://www.skbeveren.be/2026/09/welkom-keller/,https://www.transfermarkt.de/sk-beveren/kader/verein/28643/saison_id/2026/plus/1,Synthesize the existing native loan-condition schema using these resolved football facts; no web research.
FM27-bd96b06dcfc5871220f9510a,Belmin Dizdarevic,2001-08-09,BEL1,Standard Lüttich,TRANSFER_TIMELINE,No unique confirmed permanent event for changed native club,ESCALATE_TECHNICAL,FOOTBALL_RESOLVED_TECHNICAL_PLAN_REQUIRED,MOVE_TO_TARGET_PRESERVE_METADATA,458760,,,,Current 2026/27 roster places player at target club_id 458760; native club_id is 528393.,HIGH,https://www.transfermarkt.de/standard-luttich/kader/verein/3057/saison_id/2026/plus/1,https://www.transfermarkt.de/standard-luttich/kader/verein/3057/saison_id/2026/plus/1,Create exact native current-club delta locally; do not perform football web research.
FM27-dbf3f34e1875b25b8f6defe4,Massiré Sylla,2005-01-07,BEL1,Union Saint-Gilloise,TRANSFER_TIMELINE,No unique confirmed permanent event for changed native club,ESCALATE_TECHNICAL,FOOTBALL_RESOLVED_TECHNICAL_PLAN_REQUIRED,MOVE_TO_TARGET_PRESERVE_METADATA,458780,,,,Current 2026/27 roster places player at target club_id 458780; native club_id is 2359302.,HIGH,https://www.transfermarkt.de/union-saint-gilloise/kader/verein/3948/saison_id/2026/plus/1,https://www.transfermarkt.de/union-saint-gilloise/kader/verein/3948/saison_id/2026/plus/1,Create exact native current-club delta locally; do not perform football web research.
FM27-2b2631356af24c7f6bc4fcbc,Oumar Diouf,2003-05-15,BEL1,VV St. Truiden,TRANSFER_TIMELINE,No unique confirmed permanent event for changed native club,ESCALATE_TECHNICAL,FOOTBALL_RESOLVED_TECHNICAL_PLAN_REQUIRED,MOVE_TO_TARGET_PRESERVE_METADATA,458759,,,,Current 2026/27 roster places player at target club_id 458759; native club_id is 458801.,HIGH,https://www.transfermarkt.de/vv-st-truiden/kader/verein/475/saison_id/2026/plus/1,https://www.transfermarkt.de/vv-st-truiden/kader/verein/475/saison_id/2026/plus/1,Create exact native current-club delta locally; do not perform football web research.
FM27-99e1fee5569f4facd0339cd8,Tristan Panduro,2008-01-10,BEL1,Zulte Waregem,TRANSFER_TIMELINE,No unique confirmed permanent event for changed native club,ESCALATE_TECHNICAL,FOOTBALL_RESOLVED_TECHNICAL_PLAN_REQUIRED,MOVE_TO_TARGET_PRESERVE_METADATA,458782,,,,Current 2026/27 roster places player at target club_id 458782; native club_id is 851972.,HIGH,https://www.transfermarkt.de/zulte-waregem/kader/verein/3508/saison_id/2026/plus/1,https://www.transfermarkt.de/zulte-waregem/kader/verein/3508/saison_id/2026/plus/1,Create exact native current-club delta locally; do not perform football web research.
FM27-50a6b7e6d6edb473118689e6,Rhodri Smith,2006-09-09,CZE1,FC Banik Ostrau,TRANSFER_TIMELINE,Current loan requires owner and return-date evidence,ESCALATE_TECHNICAL,FOOTBALL_RESOLVED_TECHNICAL_PLAN_REQUIRED,SET_CURRENT_LOAN,786446,3080193,2026-07-01,2027-06-30,Current loan: owner club_id 3080193 -> target club_id 786446; runtime start 2026-07-01; return/end 2027-06-30.,HIGH,https://www.bscyb.ch/news?nID=17581,https://www.transfermarkt.de/fc-banik-ostrau/kader/verein/377/saison_id/2026/plus/1,Synthesize the existing native loan-condition schema using these resolved football facts; no web research.
FM27-1d3a63bc701d86b36c1f1431,David Hamansenya,2007-06-24,CZE1,FC Slovan Liberec,TRANSFER_TIMELINE,Current loan requires owner and return-date evidence,ESCALATE_TECHNICAL,FOOTBALL_RESOLVED_TECHNICAL_PLAN_REQUIRED,SET_CURRENT_LOAN,786438,2949167,2026-07-01,2027-06-30,Current loan: owner club_id 2949167 -> target club_id 786438; runtime start 2026-07-01; return/end 2027-06-30.,HIGH,https://www.transfermarkt.de/fc-slovan-liberec/kader/verein/697/saison_id/2026/plus/1,https://www.transfermarkt.de/fc-slovan-liberec/kader/verein/697/saison_id/2026/plus/1,Synthesize the existing native loan-condition schema using these resolved football facts; no web research.
FM27-937364de9e9e54d0197aadcd,Dominik Hollý,2003-11-11,CZE1,FK Jablonec,TRANSFER_TIMELINE,Current loan requires owner and return-date evidence,ESCALATE_TECHNICAL,FOOTBALL_RESOLVED_TECHNICAL_PLAN_REQUIRED,SET_CURRENT_LOAN,786437,786442,2026-07-01,2027-06-30,Current loan: owner club_id 786442 -> target club_id 786437; runtime start 2026-07-01; return/end 2027-06-30.,HIGH,https://www.fkjablonec.cz/article/11942-Do-Jablonce-se-vraci-znama-tvar-na-hostovani-prichazi-Dominik-Holly,https://www.transfermarkt.de/fk-jablonec/kader/verein/1322/saison_id/2026/plus/1,Synthesize the existing native loan-condition schema using these resolved football facts; no web research.
FM27-9690cc6350a2633b61dcc53f,Filip Vecheta,2003-02-15,CZE1,FK Jablonec,TRANSFER_TIMELINE,Current loan requires owner and return-date evidence,ESCALATE_TECHNICAL,FOOTBALL_RESOLVED_TECHNICAL_PLAN_REQUIRED,SET_CURRENT_LOAN,786437,790538,2026-07-01,2027-06-30,Current loan: owner club_id 790538 -> target club_id 786437; runtime start 2026-07-01; return/end 2027-06-30.,HIGH,https://www.fkjablonec.cz/article/11822,https://www.transfermarkt.de/fk-jablonec/kader/verein/1322/saison_id/2026/plus/1,Synthesize the existing native loan-condition schema using these resolved football facts; no web research.
FM27-9def8fca9460a1970f08d9a8,Jan Harustak,2005-04-16,CZE1,FK Mlada Boleslav,TRANSFER_TIMELINE,No unique confirmed permanent event for changed native club,ESCALATE_TECHNICAL,FOOTBALL_RESOLVED_TECHNICAL_PLAN_REQUIRED,MOVE_TO_TARGET_PRESERVE_METADATA,786434,,,,Current 2026/27 roster places player at target club_id 786434; native club_id is 786446.,HIGH,https://www.transfermarkt.de/fk-mlada-boleslav/kader/verein/5546/saison_id/2026/plus/1,https://www.transfermarkt.de/fk-mlada-boleslav/kader/verein/5546/saison_id/2026/plus/1,Create exact native current-club delta locally; do not perform football web research.
FM27-433075700fb6b410f9387c65,Tomas Jelinek,2005-12-27,CZE1,FK Pardubice,TRANSFER_TIMELINE,No unique confirmed permanent event for changed native club,ESCALATE_TECHNICAL,FOOTBALL_RESOLVED_TECHNICAL_PLAN_REQUIRED,MOVE_TO_TARGET_PRESERVE_METADATA,790538,,,,Current 2026/27 roster places player at target club_id 790538; native club_id is 786441.,HIGH,https://www.transfermarkt.de/fk-pardubice/kader/verein/1496/saison_id/2026/plus/1,https://www.transfermarkt.de/fk-pardubice/kader/verein/1496/saison_id/2026/plus/1,Create exact native current-club delta locally; do not perform football web research.
FM27-ee4290f7ccd638c2bf06b01b,Vladimir Neuman,2000-02-10,CZE1,FK Pardubice,TRANSFER_TIMELINE,Current loan requires owner and return-date evidence,ESCALATE_TECHNICAL,FOOTBALL_RESOLVED_TECHNICAL_PLAN_REQUIRED,SET_CURRENT_LOAN,790538,790540,2026-07-01,2026-12-31,Current loan: owner club_id 790540 -> target club_id 790538; runtime start 2026-07-01; return/end 2026-12-31.,HIGH,https://www.fkpardubice.cz/article/5865-Do-Pardubic-prichazi-z-Karvine-brankar-Vladimir-Neuman-opacnym-smerem-miri-Misek-a-Hamza,https://www.transfermarkt.de/fk-pardubice/kader/verein/1496/saison_id/2026/plus/1,Synthesize the existing native loan-condition schema using these resolved football facts; no web research.
FM27-c9c7e63748004abec6d4a8fe,Daniel Toula,2005-02-19,CZE1,SK Artis Brünn,TRANSFER_TIMELINE,No unique confirmed permanent event for changed native club,ESCALATE_TECHNICAL,FOOTBALL_RESOLVED_TECHNICAL_PLAN_REQUIRED,MOVE_TO_TARGET_PRESERVE_METADATA,790564,,,,Current 2026/27 roster places player at target club_id 790564; native club_id is 786441.,HIGH,https://www.transfermarkt.de/sk-artis-brunn/kader/verein/24325/saison_id/2026/plus/1,https://www.transfermarkt.de/sk-artis-brunn/kader/verein/24325/saison_id/2026/plus/1,Create exact native current-club delta locally; do not perform football web research.
FM27-1858687d4d8990e93b1d35d6,Dominik Plechaty,1999-04-18,CZE1,SK Artis Brünn,TRANSFER_TIMELINE,No unique confirmed permanent event for changed native club,ESCALATE_TECHNICAL,FOOTBALL_RESOLVED_TECHNICAL_PLAN_REQUIRED,MOVE_TO_TARGET_PRESERVE_METADATA,790564,,,,Current 2026/27 roster places player at target club_id 790564; native club_id is 786438.,HIGH,https://www.transfermarkt.de/sk-artis-brunn/kader/verein/24325/saison_id/2026/plus/1,https://www.transfermarkt.de/sk-artis-brunn/kader/verein/24325/saison_id/2026/plus/1,Create exact native current-club delta locally; do not perform football web research.
FM27-fe454ba9c56cb738a3851ac2,Jakub Fulnek,1994-04-26,CZE1,SK Artis Brünn,TRANSFER_TIMELINE,No unique confirmed permanent event for changed native club,ESCALATE_TECHNICAL,FOOTBALL_RESOLVED_TECHNICAL_PLAN_REQUIRED,MOVE_TO_TARGET_PRESERVE_METADATA,790564,,,,Current 2026/27 roster places player at target club_id 790564; native club_id is 786434.,HIGH,https://www.transfermarkt.de/sk-artis-brunn/kader/verein/24325/saison_id/2026/plus/1,https://www.transfermarkt.de/sk-artis-brunn/kader/verein/24325/saison_id/2026/plus/1,Create exact native current-club delta locally; do not perform football web research.
FM27-f6b8a3d0f4acc48a341cbd28,Jan Navratil,1990-04-13,CZE1,SK Artis Brünn,TRANSFER_TIMELINE,No unique confirmed permanent event for changed native club,ESCALATE_TECHNICAL,FOOTBALL_RESOLVED_TECHNICAL_PLAN_REQUIRED,MOVE_TO_TARGET_PRESERVE_METADATA,790564,,,,Current 2026/27 roster places player at target club_id 790564; native club_id is 786439.,HIGH,https://www.transfermarkt.de/sk-artis-brunn/kader/verein/24325/saison_id/2026/plus/1,https://www.transfermarkt.de/sk-artis-brunn/kader/verein/24325/saison_id/2026/plus/1,Create exact native current-club delta locally; do not perform football web research.
FM27-c30c10f7f8c37074e89843c9,Jiri Borek,2002-09-23,CZE1,SK Artis Brünn,TRANSFER_TIMELINE,No unique confirmed permanent event for changed native club,ESCALATE_TECHNICAL,FOOTBALL_RESOLVED_TECHNICAL_PLAN_REQUIRED,MOVE_TO_TARGET_PRESERVE_METADATA,790564,,,,Current 2026/27 roster places player at target club_id 790564; native club_id is 786461.,HIGH,https://www.transfermarkt.de/sk-artis-brunn/kader/verein/24325/saison_id/2026/plus/1,https://www.transfermarkt.de/sk-artis-brunn/kader/verein/24325/saison_id/2026/plus/1,Create exact native current-club delta locally; do not perform football web research.
FM27-6160d4599e790553f4a1e0b7,Stéphane Noumbissie,2006-12-25,CZE1,SK Sigma Olmütz,TRANSFER_TIMELINE,Current loan requires owner and return-date evidence,ESCALATE_TECHNICAL,FOOTBALL_RESOLVED_TECHNICAL_PLAN_REQUIRED,SET_CURRENT_LOAN,786439,1179665,2026-07-01,2027-06-30,Current loan: owner club_id 1179665 -> target club_id 786439; runtime start 2026-07-01; return/end 2027-06-30.,HIGH,https://losc.fr/actualites/2026-06-30/stephane-noumbissie-prete-au-sk-sigma-olomouc,https://www.transfermarkt.de/sk-sigma-olmutz/kader/verein/2311/saison_id/2026/plus/1,Synthesize the existing native loan-condition schema using these resolved football facts; no web research.
FM27-f5610eb9d48237362a580599,Samuel Isife,2004-07-13,CZE1,SK Slavia Prag,TRANSFER_TIMELINE,No unique confirmed permanent event for changed native club,ESCALATE_TECHNICAL,FOOTBALL_RESOLVED_TECHNICAL_PLAN_REQUIRED,MOVE_TO_TARGET_PRESERVE_METADATA,786441,,,,Current 2026/27 roster places player at target club_id 786441; native club_id is 790532.,HIGH,https://www.transfermarkt.de/sk-slavia-prag/kader/verein/62/saison_id/2026/plus/1,https://www.transfermarkt.de/sk-slavia-prag/kader/verein/62/saison_id/2026/plus/1,Create exact native current-club delta locally; do not perform football web research.
FM27-309d5e2b641e844b30aa8192,Alex Tóth,2005-10-23,ENG1,AFC Bournemouth,TRANSFER_TIMELINE,No unique confirmed permanent event for changed native club,ESCALATE_TECHNICAL,FOOTBALL_RESOLVED_TECHNICAL_PLAN_REQUIRED,MOVE_TO_TARGET_PRESERVE_METADATA,917553,,,,Current 2026/27 roster places player at target club_id 917553; native club_id is 1507348.,HIGH,https://www.transfermarkt.de/afc-bournemouth/kader/verein/989/saison_id/2026/plus/1,https://www.transfermarkt.de/afc-bournemouth/kader/verein/989/saison_id/2026/plus/1,Create exact native current-club delta locally; do not perform football web research.
FM27-ec30b0602d09e3cafc0c690d,Fraser Forster,1988-03-17,ENG1,AFC Bournemouth,TRANSFER_TIMELINE,No unique confirmed permanent event for changed native club,ESCALATE_TECHNICAL,FOOTBALL_RESOLVED_TECHNICAL_PLAN_REQUIRED,MOVE_TO_TARGET_PRESERVE_METADATA,917553,,,,Current 2026/27 roster places player at target club_id 917553; native club_id is 0.,HIGH,https://www.transfermarkt.de/afc-bournemouth/kader/verein/989/saison_id/2026/plus/1,https://www.transfermarkt.de/afc-bournemouth/kader/verein/989/saison_id/2026/plus/1,Create exact native current-club delta locally; do not perform football web research.
FM27-2ec3ed0665fe9d464e674273,Rayan,2006-08-03,ENG1,AFC Bournemouth,TRANSFER_TIMELINE,No unique confirmed permanent event for changed native club,ESCALATE_TECHNICAL,FOOTBALL_RESOLVED_TECHNICAL_PLAN_REQUIRED,MOVE_TO_TARGET_PRESERVE_METADATA,917553,,,,Current 2026/27 roster places player at target club_id 917553; native club_id is 3538951.,HIGH,https://www.transfermarkt.de/afc-bournemouth/kader/verein/989/saison_id/2026/plus/1,https://www.transfermarkt.de/afc-bournemouth/kader/verein/989/saison_id/2026/plus/1,Create exact native current-club delta locally; do not perform football web research.
FM27-1b6607c64d7ec348edd65aee,Stephen Mfuni,2008-02-12,ENG1,Coventry City,TRANSFER_TIMELINE,Current loan requires owner and return-date evidence,ESCALATE_TECHNICAL,FOOTBALL_RESOLVED_TECHNICAL_PLAN_REQUIRED,SET_CURRENT_LOAN,917530,917518,2026-07-01,2027-06-30,Current loan: owner club_id 917518 -> target club_id 917530; runtime start 2026-07-01; return/end 2027-06-30.,HIGH,https://www.mancity.com/news/mens/stephen-mfuni-coventry-loan-move-63923683,https://www.transfermarkt.de/coventry-city/kader/verein/990/saison_id/2026/plus/1,Synthesize the existing native loan-condition schema using these resolved football facts; no web research.
FM27-9078c21a4eeb104c539d0c62,Evann Guessand,2001-07-01,ENG1,Crystal Palace,TRANSFER_TIMELINE,No unique confirmed permanent event for changed native club,ESCALATE_TECHNICAL,FOOTBALL_RESOLVED_TECHNICAL_PLAN_REQUIRED,MOVE_TO_TARGET_PRESERVE_METADATA,917535,,,,Current 2026/27 roster places player at target club_id 917535; native club_id is 917506.,HIGH,https://www.transfermarkt.de/crystal-palace/kader/verein/873/saison_id/2026/plus/1,https://www.transfermarkt.de/crystal-palace/kader/verein/873/saison_id/2026/plus/1,Create exact native current-club delta locally; do not perform football web research.
FM27-7267396c936f0821231611ee,Kieran Dowell,1997-10-10,ENG1,Hull City,TRANSFER_TIMELINE,No unique confirmed permanent event for changed native club,ESCALATE_TECHNICAL,FOOTBALL_RESOLVED_TECHNICAL_PLAN_REQUIRED,MOVE_TO_TARGET_PRESERVE_METADATA,917532,,,,Current 2026/27 roster places player at target club_id 917532; native club_id is 2752517.,HIGH,https://www.transfermarkt.de/hull-city/kader/verein/3008/saison_id/2026/plus/1,https://www.transfermarkt.de/hull-city/kader/verein/3008/saison_id/2026/plus/1,Create exact native current-club delta locally; do not perform football web research.
FM27-4b60667938f4f8bff27e0b66,Anis Mehmeti,2001-01-09,ENG1,Ipswich Town,TRANSFER_TIMELINE,No unique confirmed permanent event for changed native club,ESCALATE_TECHNICAL,FOOTBALL_RESOLVED_TECHNICAL_PLAN_REQUIRED,MOVE_TO_TARGET_PRESERVE_METADATA,917538,,,,Current 2026/27 roster places player at target club_id 917538; native club_id is 917555.,HIGH,https://www.transfermarkt.de/ipswich-town/kader/verein/677/saison_id/2026/plus/1,https://www.transfermarkt.de/ipswich-town/kader/verein/677/saison_id/2026/plus/1,Create exact native current-club delta locally; do not perform football web research.
FM27-1be870ca3940877c5a41ae76,Cody Gakpo,1999-05-07,ENG1,Liverpool,TRANSFER_TIMELINE,No unique confirmed permanent event for changed native club,ESCALATE_TECHNICAL,FOOTBALL_RESOLVED_TECHNICAL_PLAN_REQUIRED,MOVE_TO_TARGET_PRESERVE_METADATA,917509,,,,Current 2026/27 roster places player at target club_id 917509; native club_id is 2555907.,HIGH,https://www.transfermarkt.de/fc-liverpool/kader/verein/31/saison_id/2026/plus/1,https://www.transfermarkt.de/fc-liverpool/kader/verein/31/saison_id/2026/plus/1,Create exact native current-club delta locally; do not perform football web research.
FM27-27a833a447d188ca6480f619,Adrià Altimira,2001-03-28,ESP1,Deportivo A Coruña,TRANSFER_TIMELINE,No unique confirmed permanent event for changed native club,ESCALATE_TECHNICAL,FOOTBALL_RESOLVED_TECHNICAL_PLAN_REQUIRED,MOVE_TO_TARGET_PRESERVE_METADATA,2949127,,,,Current 2026/27 roster places player at target club_id 2949127; native club_id is 2949140.,HIGH,https://www.transfermarkt.de/deportivo-a-coruna/kader/verein/897/saison_id/2026/plus/1,https://www.transfermarkt.de/deportivo-a-coruna/kader/verein/897/saison_id/2026/plus/1,Create exact native current-club delta locally; do not perform football web research.
FM27-d1bc2383ce0f819672479ff7,Riki Rodríguez,1997-09-25,ESP1,Deportivo A Coruña,TRANSFER_TIMELINE,No unique confirmed permanent event for changed native club,ESCALATE_TECHNICAL,FOOTBALL_RESOLVED_TECHNICAL_PLAN_REQUIRED,MOVE_TO_TARGET_PRESERVE_METADATA,2949127,,,,Current 2026/27 roster places player at target club_id 2949127; native club_id is 2949123.,HIGH,https://www.transfermarkt.de/deportivo-a-coruna/kader/verein/897/saison_id/2026/plus/1,https://www.transfermarkt.de/deportivo-a-coruna/kader/verein/897/saison_id/2026/plus/1,Create exact native current-club delta locally; do not perform football web research.
FM27-118240670359ec789b6eb16a,Lucas Cepeda,2002-10-31,ESP1,FC Elche,TRANSFER_TIMELINE,No unique confirmed permanent event for changed native club,ESCALATE_TECHNICAL,FOOTBALL_RESOLVED_TECHNICAL_PLAN_REQUIRED,MOVE_TO_TARGET_PRESERVE_METADATA,2949148,,,,Current 2026/27 roster places player at target club_id 2949148; native club_id is 3604486.,HIGH,https://www.transfermarkt.de/fc-elche/kader/verein/1531/saison_id/2026/plus/1,https://www.transfermarkt.de/fc-elche/kader/verein/1531/saison_id/2026/plus/1,Create exact native current-club delta locally; do not perform football web research.
FM27-4806b8bf9a314443e5a80d65,Pablo Maffeo,1997-07-12,ESP1,FC Valencia,TRANSFER_TIMELINE,Current loan requires owner and return-date evidence,ESCALATE_TECHNICAL,FOOTBALL_RESOLVED_TECHNICAL_PLAN_REQUIRED,SET_CURRENT_LOAN,2949139,2949130,2026-07-01,2027-06-30,Current loan: owner club_id 2949130 -> target club_id 2949139; runtime start 2026-07-01; return/end 2027-06-30.,HIGH,https://www.valenciacf.com/comunicado-oficial-pablo-maffeo,https://www.transfermarkt.de/fc-valencia/kader/verein/1049/saison_id/2026/plus/1,Synthesize the existing native loan-condition schema using these resolved football facts; no web research.
FM27-bbac38037a1b51fa7eb59f1f,Giorgi Guliashvili,2001-09-05,ESP1,Racing Santander,TRANSFER_TIMELINE,No unique confirmed permanent event for changed native club,ESCALATE_TECHNICAL,FOOTBALL_RESOLVED_TECHNICAL_PLAN_REQUIRED,MOVE_TO_TARGET_PRESERVE_METADATA,2949137,,,,Current 2026/27 roster places player at target club_id 2949137; native club_id is 528390.,HIGH,https://www.transfermarkt.de/racing-santander/kader/verein/630/saison_id/2026/plus/1,https://www.transfermarkt.de/racing-santander/kader/verein/630/saison_id/2026/plus/1,Create exact native current-club delta locally; do not perform football web research.
FM27-233dde0169e7a4598e245fae,Simon Eriksson,2006-04-24,ESP1,Racing Santander,TRANSFER_TIMELINE,No unique confirmed permanent event for changed native club,ESCALATE_TECHNICAL,FOOTBALL_RESOLVED_TECHNICAL_PLAN_REQUIRED,MOVE_TO_TARGET_PRESERVE_METADATA,2949137,,,,Current 2026/27 roster places player at target club_id 2949137; native club_id is 3014663.,HIGH,https://www.transfermarkt.de/racing-santander/kader/verein/630/saison_id/2026/plus/1,https://www.transfermarkt.de/racing-santander/kader/verein/630/saison_id/2026/plus/1,Create exact native current-club delta locally; do not perform football web research.
FM27-06766128cb14870417ad61dc,Álvaro Fidalgo,1997-04-09,ESP1,Real Betis Sevilla,TRANSFER_TIMELINE,No unique confirmed permanent event for changed native club,ESCALATE_TECHNICAL,FOOTBALL_RESOLVED_TECHNICAL_PLAN_REQUIRED,MOVE_TO_TARGET_PRESERVE_METADATA,2949133,,,,Current 2026/27 roster places player at target club_id 2949133; native club_id is 5439489.,HIGH,https://www.transfermarkt.de/real-betis-sevilla/kader/verein/150/saison_id/2026/plus/1,https://www.transfermarkt.de/real-betis-sevilla/kader/verein/150/saison_id/2026/plus/1,Create exact native current-club delta locally; do not perform football web research.
FM27-21c18ae230c0214b4c25531e,Kandet Diawara,2000-02-10,FRA1,ESTAC Troyes,TRANSFER_TIMELINE,No unique confirmed permanent event for changed native club,ESCALATE_TECHNICAL,FOOTBALL_RESOLVED_TECHNICAL_PLAN_REQUIRED,MOVE_TO_TARGET_PRESERVE_METADATA,1179683,,,,Current 2026/27 roster places player at target club_id 1179683; native club_id is 1376373.,HIGH,https://www.transfermarkt.de/estac-troyes/kader/verein/1095/saison_id/2026/plus/1,https://www.transfermarkt.de/estac-troyes/kader/verein/1095/saison_id/2026/plus/1,Create exact native current-club delta locally; do not perform football web research.
FM27-b3ec9687ab0c1bac3a2d2e48,Adil Bourabaa,2005-03-09,FRA1,FC Le Mans,TRANSFER_TIMELINE,No unique confirmed permanent event for changed native club,ESCALATE_TECHNICAL,FOOTBALL_RESOLVED_TECHNICAL_PLAN_REQUIRED,MOVE_TO_TARGET_PRESERVE_METADATA,1179682,,,,Current 2026/27 roster places player at target club_id 1179682; native club_id is 1179848.,HIGH,https://www.transfermarkt.de/fc-le-mans/kader/verein/1164/saison_id/2026/plus/1,https://www.transfermarkt.de/fc-le-mans/kader/verein/1164/saison_id/2026/plus/1,Create exact native current-club delta locally; do not perform football web research.
FM27-d881b53f16806f9c4eac7f9f,Enzo Vagner,2006-07-28,FRA1,FC Le Mans,TRANSFER_TIMELINE,Current loan requires owner and return-date evidence,ESCALATE_TECHNICAL,FOOTBALL_RESOLVED_TECHNICAL_PLAN_REQUIRED,SET_CURRENT_LOAN,1179682,3538985,2026-07-01,2027-06-30,Current loan: owner club_id 3538985 -> target club_id 1179682; runtime start 2026-07-01; return/end 2027-06-30.,MEDIUM_HIGH,https://www.transfermarkt.de/fc-le-mans/kader/verein/1164/saison_id/2026/plus/1,https://www.transfermarkt.de/fc-le-mans/kader/verein/1164/saison_id/2026/plus/1,Synthesize the existing native loan-condition schema using these resolved football facts; no web research.
FM27-3f48477bd6469cb450c4b93d,Noah Nartey,2005-10-05,FRA1,Olympique Lyon,TRANSFER_TIMELINE,No unique confirmed permanent event for changed native club,ESCALATE_TECHNICAL,FOOTBALL_RESOLVED_TECHNICAL_PLAN_REQUIRED,MOVE_TO_TARGET_PRESERVE_METADATA,1179661,,,,Current 2026/27 roster places player at target club_id 1179661; native club_id is 851977.,HIGH,https://www.transfermarkt.de/olympique-lyon/kader/verein/1041/saison_id/2026/plus/1,https://www.transfermarkt.de/olympique-lyon/kader/verein/1041/saison_id/2026/plus/1,Create exact native current-club delta locally; do not perform football web research.
FM27-cc8c45ff7a76624165fbb41b,Junior Kadile,2002-12-16,FRA1,RC Lens,TRANSFER_TIMELINE,Current loan requires owner and return-date evidence,ESCALATE_TECHNICAL,FOOTBALL_RESOLVED_TECHNICAL_PLAN_REQUIRED,SET_CURRENT_LOAN,1179664,2228262,2026-07-01,2027-06-30,Current loan: owner club_id 2228262 -> target club_id 1179664; runtime start 2026-07-01; return/end 2027-06-30.,HIGH,https://servettefc.ch/junior-kadile-quitte-le-servette-fc/,https://www.transfermarkt.de/rc-lens/kader/verein/826/saison_id/2026/plus/1,Synthesize the existing native loan-condition schema using these resolved football facts; no web research.
FM27-aeab4a56b826c83471dfea7e,Mathieu Gorgelin,1990-08-05,FRA1,RC Lens,TRANSFER_TIMELINE,No unique confirmed permanent event for changed native club,ESCALATE_TECHNICAL,FOOTBALL_RESOLVED_TECHNICAL_PLAN_REQUIRED,MOVE_TO_TARGET_PRESERVE_METADATA,1179664,,,,Current 2026/27 roster places player at target club_id 1179664; native club_id is 0.,HIGH,https://www.transfermarkt.de/rc-lens/kader/verein/826/saison_id/2026/plus/1,https://www.transfermarkt.de/rc-lens/kader/verein/826/saison_id/2026/plus/1,Create exact native current-club delta locally; do not perform football web research.
FM27-384cc4138558480ae3d0dc84,Yaya Diémé,2007-10-16,FRA1,Racing Straßburg,TRANSFER_TIMELINE,No unique confirmed permanent event for changed native club,ESCALATE_TECHNICAL,FOOTBALL_RESOLVED_TECHNICAL_PLAN_REQUIRED,MOVE_TO_TARGET_PRESERVE_METADATA,1179667,,,,Current 2026/27 roster places player at target club_id 1179667; native club_id is 8917251.,HIGH,https://www.transfermarkt.de/racing-strassburg/kader/verein/667/saison_id/2026/plus/1,https://www.transfermarkt.de/racing-strassburg/kader/verein/667/saison_id/2026/plus/1,Create exact native current-club delta locally; do not perform football web research.
FM27-6ff909f30de6a0368bb81651,Rael Nakuzola,2007-04-28,GER1,1. FSV Mainz 05,TRANSFER_TIMELINE,No unique confirmed permanent event for changed native club,ESCALATE_TECHNICAL,FOOTBALL_RESOLVED_TECHNICAL_PLAN_REQUIRED,MOVE_TO_TARGET_PRESERVE_METADATA,1376259,,,,Current 2026/27 roster places player at target club_id 1376259; native club_id is 1376282.,HIGH,https://www.transfermarkt.de/1-fsv-mainz-05/kader/verein/39/saison_id/2026/plus/1,https://www.transfermarkt.de/1-fsv-mainz-05/kader/verein/39/saison_id/2026/plus/1,Create exact native current-club delta locally; do not perform football web research.
FM27-80e3f8f9a0617284d3ca01c7,Yannik Keitel,2000-02-15,GER1,FC Augsburg,TRANSFER_TIMELINE,No unique confirmed permanent event for changed native club,ESCALATE_TECHNICAL,FOOTBALL_RESOLVED_TECHNICAL_PLAN_REQUIRED,MOVE_TO_TARGET_PRESERVE_METADATA,1376431,,,,Current 2026/27 roster places player at target club_id 1376431; native club_id is 1376272.,HIGH,https://www.transfermarkt.de/fc-augsburg/kader/verein/167/saison_id/2026/plus/1,https://www.transfermarkt.de/fc-augsburg/kader/verein/167/saison_id/2026/plus/1,Create exact native current-club delta locally; do not perform football web research.
FM27-0a219292990e2dc2dfecf5d7,Dejan Ljubicic,1997-10-08,GER1,FC Schalke 04,TRANSFER_TIMELINE,No unique confirmed permanent event for changed native club,ESCALATE_TECHNICAL,FOOTBALL_RESOLVED_TECHNICAL_PLAN_REQUIRED,MOVE_TO_TARGET_PRESERVE_METADATA,1376266,,,,Current 2026/27 roster places player at target club_id 1376266; native club_id is 655362.,HIGH,https://www.transfermarkt.de/fc-schalke-04/kader/verein/33/saison_id/2026/plus/1,https://www.transfermarkt.de/fc-schalke-04/kader/verein/33/saison_id/2026/plus/1,Create exact native current-club delta locally; do not perform football web research.
FM27-98d74a8fea5daaf913f1d2e5,Edin Dzeko,1986-03-17,GER1,FC Schalke 04,TRANSFER_TIMELINE,No unique confirmed permanent event for changed native club,ESCALATE_TECHNICAL,FOOTBALL_RESOLVED_TECHNICAL_PLAN_REQUIRED,MOVE_TO_TARGET_PRESERVE_METADATA,1376266,,,,Current 2026/27 roster places player at target club_id 1376266; native club_id is 1769492.,HIGH,https://www.transfermarkt.de/fc-schalke-04/kader/verein/33/saison_id/2026/plus/1,https://www.transfermarkt.de/fc-schalke-04/kader/verein/33/saison_id/2026/plus/1,Create exact native current-club delta locally; do not perform football web research.
FM27-274d0856a90b207bf483ca0b,Brajan Gruda,2004-05-31,GER1,RasenBallsport Leipzig,TRANSFER_TIMELINE,No unique confirmed permanent event for changed native club,ESCALATE_TECHNICAL,FOOTBALL_RESOLVED_TECHNICAL_PLAN_REQUIRED,MOVE_TO_TARGET_PRESERVE_METADATA,1376555,,,,Current 2026/27 roster places player at target club_id 1376555; native club_id is 917529.,HIGH,https://www.transfermarkt.de/rb-leipzig/kader/verein/23826/saison_id/2026/plus/1,https://www.transfermarkt.de/rb-leipzig/kader/verein/23826/saison_id/2026/plus/1,Create exact native current-club delta locally; do not perform football web research.
FM27-241531f900caf204310a7388,Deniz Zeitler,2006-12-13,GER1,SC Paderborn 07,TRANSFER_TIMELINE,Current loan requires owner and return-date evidence,ESCALATE_TECHNICAL,FOOTBALL_RESOLVED_TECHNICAL_PLAN_REQUIRED,SET_CURRENT_LOAN,1376421,1376433,2026-07-01,2027-06-30,Current loan: owner club_id 1376433 -> target club_id 1376421; runtime start 2026-07-01; return/end 2027-06-30.,HIGH,https://www.bundesliga.com/de/bundesliga/news/offensivtalent-fur-den-scp-38558,https://www.transfermarkt.de/sc-paderborn-07/kader/verein/127/saison_id/2026/plus/1,Synthesize the existing native loan-condition schema using these resolved football facts; no web research.
FM27-681ee85090f38a0ed1011ff1,David Mokwa,2004-05-03,GER1,SV Elversberg,TRANSFER_TIMELINE,No unique confirmed permanent event for changed native club,ESCALATE_TECHNICAL,FOOTBALL_RESOLVED_TECHNICAL_PLAN_REQUIRED,MOVE_TO_TARGET_PRESERVE_METADATA,1376432,,,,Current 2026/27 roster places player at target club_id 1376432; native club_id is 1376433.,HIGH,https://www.transfermarkt.de/sv-07-elversberg/kader/verein/64/saison_id/2026/plus/1,https://www.transfermarkt.de/sv-07-elversberg/kader/verein/64/saison_id/2026/plus/1,Create exact native current-club delta locally; do not perform football web research.
FM27-9888d99d372489768972d62e,Noel Futkeu,2002-12-06,GER1,SV Elversberg,TRANSFER_TIMELINE,Current loan requires owner and return-date evidence,ESCALATE_TECHNICAL,FOOTBALL_RESOLVED_TECHNICAL_PLAN_REQUIRED,SET_CURRENT_LOAN,1376432,1376288,2026-07-01,2027-06-30,Current loan: owner club_id 1376288 -> target club_id 1376432; runtime start 2026-07-01; return/end 2027-06-30.,HIGH,https://en.eintracht.de/news/leihe-noel-futkeu-178685/,https://www.transfermarkt.de/sv-07-elversberg/kader/verein/64/saison_id/2026/plus/1,Synthesize the existing native loan-condition schema using these resolved football facts; no web research.
FM27-ef2b0dd47566ac23459230d6,Raif Adam,2005-09-07,GER1,SV Elversberg,TRANSFER_TIMELINE,No unique confirmed permanent event for changed native club,ESCALATE_TECHNICAL,FOOTBALL_RESOLVED_TECHNICAL_PLAN_REQUIRED,MOVE_TO_TARGET_PRESERVE_METADATA,1376432,,,,Current 2026/27 roster places player at target club_id 1376432; native club_id is 1376267.,HIGH,https://www.transfermarkt.de/sv-07-elversberg/kader/verein/64/saison_id/2026/plus/1,https://www.transfermarkt.de/sv-07-elversberg/kader/verein/64/saison_id/2026/plus/1,Create exact native current-club delta locally; do not perform football web research.
FM27-066e05b6c4579bb77c55e279,Eren Dinkçi,2001-12-13,GER1,SV Werder Bremen,TRANSFER_TIMELINE,Current loan requires owner and return-date evidence,ESCALATE_TECHNICAL,FOOTBALL_RESOLVED_TECHNICAL_PLAN_REQUIRED,SET_CURRENT_LOAN,1376271,1376270,2026-07-01,2027-06-30,Current loan: owner club_id 1376270 -> target club_id 1376271; runtime start 2026-07-01; return/end 2027-06-30.,HIGH,https://www.werder.de/en/news/first-team/2026-2027/dinkci-loan-17082026,https://www.transfermarkt.de/sv-werder-bremen/kader/verein/86/saison_id/2026/plus/1,Synthesize the existing native loan-condition schema using these resolved football facts; no web research.
FM27-520f201cd4f479c9fd0f6b5c,Christian Conteh,1999-08-27,GER2,1. FC Heidenheim 1846,TRANSFER_TIMELINE,No unique confirmed permanent event for changed native club,ESCALATE_TECHNICAL,FOOTBALL_RESOLVED_TECHNICAL_PLAN_REQUIRED,MOVE_TO_TARGET_PRESERVE_METADATA,1376302,,,,Current 2026/27 roster places player at target club_id 1376302; native club_id is 1376426.,HIGH,https://www.transfermarkt.de/1-fc-heidenheim-1846/kader/verein/2036/saison_id/2026/plus/1,https://www.transfermarkt.de/1-fc-heidenheim-1846/kader/verein/2036/saison_id/2026/plus/1,Create exact native current-club delta locally; do not perform football web research.
FM27-82afa192bced1d360e36db2a,Mathias Rasmussen,1997-11-25,GER2,FC St. Pauli,TRANSFER_TIMELINE,No unique confirmed permanent event for changed native club,ESCALATE_TECHNICAL,FOOTBALL_RESOLVED_TECHNICAL_PLAN_REQUIRED,MOVE_TO_TARGET_PRESERVE_METADATA,1376425,,,,Current 2026/27 roster places player at target club_id 1376425; native club_id is 458780.,HIGH,https://www.transfermarkt.de/fc-st-pauli/kader/verein/35/saison_id/2026/plus/1,https://www.transfermarkt.de/fc-st-pauli/kader/verein/35/saison_id/2026/plus/1,Create exact native current-club delta locally; do not perform football web research.
FM27-8a4bd8784f0598fa5d769188,Kennedy Okpala,2004-12-17,GER2,SG Dynamo Dresden,TRANSFER_TIMELINE,Current loan requires owner and return-date evidence,ESCALATE_TECHNICAL,FOOTBALL_RESOLVED_TECHNICAL_PLAN_REQUIRED,SET_CURRENT_LOAN,1376278,1376301,2026-07-01,2027-06-30,Current loan: owner club_id 1376301 -> target club_id 1376278; runtime start 2026-07-01; return/end 2027-06-30.,HIGH,https://www.dynamo-dresden.de/aktuelles/news/profis/sgd-leiht-kennedy-okpala,https://www.transfermarkt.de/sg-dynamo-dresden/kader/verein/129/saison_id/2026/plus/1,Synthesize the existing native loan-condition schema using these resolved football facts; no web research.
FM27-fc378fd08ff871fc0ec2f7b3,Patrice Covic,2007-06-25,GER2,SG Dynamo Dresden,TRANSFER_TIMELINE,Current loan requires owner and return-date evidence,ESCALATE_TECHNICAL,FOOTBALL_RESOLVED_TECHNICAL_PLAN_REQUIRED,SET_CURRENT_LOAN,1376278,1376271,2026-07-01,2027-06-30,Current loan: owner club_id 1376271 -> target club_id 1376278; runtime start 2026-07-01; return/end 2027-06-30.,HIGH,https://www.werder.de/en/news/first-team/2026-2027/covic-dynamo-dresden-loan-01092026,https://www.transfermarkt.de/sg-dynamo-dresden/kader/verein/129/saison_id/2026/plus/1,Synthesize the existing native loan-condition schema using these resolved football facts; no web research.
FM27-10fff72cddc1b0752ecd5abc,Oliver Olsen,2000-08-13,GER2,VfL Bochum 1848,TRANSFER_TIMELINE,No unique confirmed permanent event for changed native club,ESCALATE_TECHNICAL,FOOTBALL_RESOLVED_TECHNICAL_PLAN_REQUIRED,MOVE_TO_TARGET_PRESERVE_METADATA,1376273,,,,Current 2026/27 roster places player at target club_id 1376273; native club_id is 851970.,HIGH,https://www.transfermarkt.de/vfl-bochum/kader/verein/80/saison_id/2026/plus/1,https://www.transfermarkt.de/vfl-bochum/kader/verein/80/saison_id/2026/plus/1,Create exact native current-club delta locally; do not perform football web research.
FM27-274b038674a9bff7f2cf7f4d,Cleiton,2003-04-25,GER2,VfL Wolfsburg,TRANSFER_TIMELINE,No unique confirmed permanent event for changed native club,ESCALATE_TECHNICAL,FOOTBALL_RESOLVED_TECHNICAL_PLAN_REQUIRED,MOVE_TO_TARGET_PRESERVE_METADATA,1376274,,,,Current 2026/27 roster places player at target club_id 1376274; native club_id is 3538947.,HIGH,https://www.transfermarkt.de/vfl-wolfsburg/kader/verein/82/saison_id/2026/plus/1,https://www.transfermarkt.de/vfl-wolfsburg/kader/verein/82/saison_id/2026/plus/1,Create exact native current-club delta locally; do not perform football web research.
FM27-6cc74eac594bda7d58ed34ff,Jonas Adjetey,2003-12-13,GER2,VfL Wolfsburg,TRANSFER_TIMELINE,No unique confirmed permanent event for changed native club,ESCALATE_TECHNICAL,FOOTBALL_RESOLVED_TECHNICAL_PLAN_REQUIRED,MOVE_TO_TARGET_PRESERVE_METADATA,1376274,,,,Current 2026/27 roster places player at target club_id 1376274; native club_id is 3080195.,HIGH,https://www.transfermarkt.de/vfl-wolfsburg/kader/verein/82/saison_id/2026/plus/1,https://www.transfermarkt.de/vfl-wolfsburg/kader/verein/82/saison_id/2026/plus/1,Create exact native current-club delta locally; do not perform football web research.
FM27-8fcf3c42db30aa1e965b7272,Kento Shiogai,2005-03-26,GER2,VfL Wolfsburg,TRANSFER_TIMELINE,No unique confirmed permanent event for changed native club,ESCALATE_TECHNICAL,FOOTBALL_RESOLVED_TECHNICAL_PLAN_REQUIRED,MOVE_TO_TARGET_PRESERVE_METADATA,1376274,,,,Current 2026/27 roster places player at target club_id 1376274; native club_id is 2228235.,HIGH,https://www.transfermarkt.de/vfl-wolfsburg/kader/verein/82/saison_id/2026/plus/1,https://www.transfermarkt.de/vfl-wolfsburg/kader/verein/82/saison_id/2026/plus/1,Create exact native current-club delta locally; do not perform football web research.
FM27-facc36578e561d93f1dd7636,Ouassim Karada,2005-10-21,GER3,FC Hansa Rostock,TRANSFER_TIMELINE,Current loan requires owner and return-date evidence,ESCALATE_TECHNICAL,FOOTBALL_RESOLVED_TECHNICAL_PLAN_REQUIRED,SET_CURRENT_LOAN,1376265,1376434,2026-07-01,2027-06-30,Current loan: owner club_id 1376434 -> target club_id 1376265; runtime start 2026-07-01; return/end 2027-06-30.,HIGH,https://profis.eintracht.de/news/ouassim-karada-wechselt-leihweise-178153/,https://www.transfermarkt.de/fc-hansa-rostock/kader/verein/30/saison_id/2026/plus/1,Synthesize the existing native loan-condition schema using these resolved football facts; no web research.
FM27-f4f5ee4b668f9285a68f4b92,Jakob Sachse,2006-04-20,GER3,FC Viktoria Köln 1904,TRANSFER_TIMELINE,No unique confirmed permanent event for changed native club,ESCALATE_TECHNICAL,FOOTBALL_RESOLVED_TECHNICAL_PLAN_REQUIRED,MOVE_TO_TARGET_PRESERVE_METADATA,1376446,,,,Current 2026/27 roster places player at target club_id 1376446; native club_id is 1376266.,HIGH,https://www.transfermarkt.de/fc-viktoria-koln/kader/verein/1622/saison_id/2026/plus/1,https://www.transfermarkt.de/fc-viktoria-koln/kader/verein/1622/saison_id/2026/plus/1,Create exact native current-club delta locally; do not perform football web research.
FM27-06a2f7bfb1bbabf2ea1d5df2,Taylan Duman,1997-07-30,GER3,FC Viktoria Köln 1904,TRANSFER_TIMELINE,No unique confirmed permanent event for changed native club,ESCALATE_TECHNICAL,FOOTBALL_RESOLVED_TECHNICAL_PLAN_REQUIRED,MOVE_TO_TARGET_PRESERVE_METADATA,1376446,,,,Current 2026/27 roster places player at target club_id 1376446; native club_id is 0.,HIGH,https://www.transfermarkt.de/fc-viktoria-koln/kader/verein/1622/saison_id/2026/plus/1,https://www.transfermarkt.de/fc-viktoria-koln/kader/verein/1622/saison_id/2026/plus/1,Create exact native current-club delta locally; do not perform football web research.
FM27-d8d7932f7ba488c2f3f34cfa,Xaver Kiefersauer,2005-10-01,GER3,FC Würzburger Kickers,TRANSFER_TIMELINE,Current loan requires owner and return-date evidence,ESCALATE_TECHNICAL,FOOTBALL_RESOLVED_TECHNICAL_PLAN_REQUIRED,SET_CURRENT_LOAN,1376540,1376291,2026-07-01,2027-06-30,Current loan: owner club_id 1376291 -> target club_id 1376540; runtime start 2026-07-01; return/end 2027-06-30.,HIGH,https://www.wuerzburger-kickers.de/de/news/profis/2026-07-16-kickers-leihen-xaver-kiefersauer-vom-1-fc-nuernberg-aus,https://www.transfermarkt.de/wurzburger-kickers/kader/verein/1557/saison_id/2026/plus/1,Synthesize the existing native loan-condition schema using these resolved football facts; no web research.
FM27-a6dff50478fd295a3130d96d,Andreas Müller,2000-07-20,GER3,Fortuna Düsseldorf 1895,TRANSFER_TIMELINE,Current loan requires owner and return-date evidence,ESCALATE_TECHNICAL,FOOTBALL_RESOLVED_TECHNICAL_PLAN_REQUIRED,SET_CURRENT_LOAN,1376429,1376283,2026-07-01,2027-06-30,Current loan: owner club_id 1376283 -> target club_id 1376429; runtime start 2026-07-01; return/end 2027-06-30.,HIGH,https://datencenter.dfb.de/personen/andreas-mueller-358338/spieler,https://www.transfermarkt.de/fortuna-dusseldorf/kader/verein/38/saison_id/2026/plus/1,Synthesize the existing native loan-condition schema using these resolved football facts; no web research.
FM27-c8864c5baae29b244bdcde02,Jordi Paulina,2004-09-23,GER3,Fortuna Düsseldorf 1895,TRANSFER_TIMELINE,No unique confirmed permanent event for changed native club,ESCALATE_TECHNICAL,FOOTBALL_RESOLVED_TECHNICAL_PLAN_REQUIRED,MOVE_TO_TARGET_PRESERVE_METADATA,1376429,,,,Current 2026/27 roster places player at target club_id 1376429; native club_id is 1376262.,HIGH,https://www.transfermarkt.de/fortuna-dusseldorf/kader/verein/38/saison_id/2026/plus/1,https://www.transfermarkt.de/fortuna-dusseldorf/kader/verein/38/saison_id/2026/plus/1,Create exact native current-club delta locally; do not perform football web research.
FM27-db479f12f38dfdfbfbd443fb,Kilian Sauck,2007-03-27,GER3,Fortuna Düsseldorf 1895,TRANSFER_TIMELINE,No unique confirmed permanent event for changed native club,ESCALATE_TECHNICAL,FOOTBALL_RESOLVED_TECHNICAL_PLAN_REQUIRED,MOVE_TO_TARGET_PRESERVE_METADATA,1376429,,,,Current 2026/27 roster places player at target club_id 1376429; native club_id is 1376263.,HIGH,https://www.transfermarkt.de/fortuna-dusseldorf/kader/verein/38/saison_id/2026/plus/1,https://www.transfermarkt.de/fortuna-dusseldorf/kader/verein/38/saison_id/2026/plus/1,Create exact native current-club delta locally; do not perform football web research.
FM27-50bd18c646817442157b6659,Lukas Bornschein,2005-06-03,GER3,Fortuna Düsseldorf 1895,TRANSFER_TIMELINE,Current loan requires owner and return-date evidence,ESCALATE_TECHNICAL,FOOTBALL_RESOLVED_TECHNICAL_PLAN_REQUIRED,SET_CURRENT_LOAN,1376429,1376267,2026-07-01,2027-06-30,Current loan: owner club_id 1376267 -> target club_id 1376429; runtime start 2026-07-01; return/end 2027-06-30.,HIGH,https://www.vfl.de/news/bornschein-leihe,https://www.transfermarkt.de/fortuna-dusseldorf/kader/verein/38/saison_id/2026/plus/1,Synthesize the existing native loan-condition schema using these resolved football facts; no web research.
FM27-2404b9f9083726ee1bedabe6,Neo Telle,2005-04-24,GER3,SC Fortuna Köln,TRANSFER_TIMELINE,No unique confirmed permanent event for changed native club,ESCALATE_TECHNICAL,FOOTBALL_RESOLVED_TECHNICAL_PLAN_REQUIRED,MOVE_TO_TARGET_PRESERVE_METADATA,1376444,,,,Current 2026/27 roster places player at target club_id 1376444; native club_id is 1376275.,HIGH,https://www.transfermarkt.de/sc-fortuna-koln/kader/verein/92/saison_id/2026/plus/1,https://www.transfermarkt.de/sc-fortuna-koln/kader/verein/92/saison_id/2026/plus/1,Create exact native current-club delta locally; do not perform football web research.
FM27-e3fc90b88c9fcccceb6d8571,Romeo Aigbekaen,2004-06-22,GER3,SC Fortuna Köln,TRANSFER_TIMELINE,Current loan requires owner and return-date evidence,ESCALATE_TECHNICAL,FOOTBALL_RESOLVED_TECHNICAL_PLAN_REQUIRED,SET_CURRENT_LOAN,1376444,1376425,2026-07-01,2027-06-30,Current loan: owner club_id 1376425 -> target club_id 1376444; runtime start 2026-07-01; return/end 2027-06-30.,HIGH,https://www.fortuna-koeln.de/aktuelles/news/meldung/von-st-pauli-nach-koeln-romeo-aigbekaen-kehrt-zur-fortuna-zurueck/,https://www.transfermarkt.de/sc-fortuna-koln/kader/verein/92/saison_id/2026/plus/1,Synthesize the existing native loan-condition schema using these resolved football facts; no web research.
FM27-4e7f7b03a9929d5531a17513,Wesley Adeh,2007-01-08,GER3,SC Preußen Münster,TRANSFER_TIMELINE,Current loan requires owner and return-date evidence,ESCALATE_TECHNICAL,FOOTBALL_RESOLVED_TECHNICAL_PLAN_REQUIRED,SET_CURRENT_LOAN,1376419,1376271,2026-07-01,2027-06-30,Current loan: owner club_id 1376271 -> target club_id 1376419; runtime start 2026-07-01; return/end 2027-06-30.,HIGH,https://www.werder.de/en/news/first-team/2026-2027/wesley-extension-muenster-loan-300626,https://www.transfermarkt.de/preussen-munster/kader/verein/91/saison_id/2026/plus/1,Synthesize the existing native loan-condition schema using these resolved football facts; no web research.
FM27-d63022aab862d78ef39cc262,Raphael Araoye,2004-11-21,GER3,SC Verl,TRANSFER_TIMELINE,No unique confirmed permanent event for changed native club,ESCALATE_TECHNICAL,FOOTBALL_RESOLVED_TECHNICAL_PLAN_REQUIRED,MOVE_TO_TARGET_PRESERVE_METADATA,1376406,,,,Current 2026/27 roster places player at target club_id 1376406; native club_id is 917555.,HIGH,https://www.transfermarkt.de/sc-verl/kader/verein/93/saison_id/2026/plus/1,https://www.transfermarkt.de/sc-verl/kader/verein/93/saison_id/2026/plus/1,Create exact native current-club delta locally; do not perform football web research.
FM27-37821f6c507a7aec5d87d733,Lovis Bierschenk,2005-05-22,GER3,SV Waldhof Mannheim 07,TRANSFER_TIMELINE,No unique confirmed permanent event for changed native club,ESCALATE_TECHNICAL,FOOTBALL_RESOLVED_TECHNICAL_PLAN_REQUIRED,MOVE_TO_TARGET_PRESERVE_METADATA,1376301,,,,Current 2026/27 roster places player at target club_id 1376301; native club_id is 1376259.,HIGH,https://www.transfermarkt.de/sv-waldhof-mannheim/kader/verein/85/saison_id/2026/plus/1,https://www.transfermarkt.de/sv-waldhof-mannheim/kader/verein/85/saison_id/2026/plus/1,Create exact native current-club delta locally; do not perform football web research.
FM27-0e2d3f9bdc2ae414ec365884,Vincent Thill,2000-02-04,GER3,SV Waldhof Mannheim 07,TRANSFER_TIMELINE,No unique confirmed permanent event for changed native club,ESCALATE_TECHNICAL,FOOTBALL_RESOLVED_TECHNICAL_PLAN_REQUIRED,MOVE_TO_TARGET_PRESERVE_METADATA,1376301,,,,Current 2026/27 roster places player at target club_id 1376301; native club_id is 331829.,HIGH,https://www.transfermarkt.de/sv-waldhof-mannheim/kader/verein/85/saison_id/2026/plus/1,https://www.transfermarkt.de/sv-waldhof-mannheim/kader/verein/85/saison_id/2026/plus/1,Create exact native current-club delta locally; do not perform football web research.
FM27-36688177e6b9c8a1074ae3c1,Oskar Hencke,2007-10-02,GER3,TSG 1899 Hoffenheim,TRANSFER_TIMELINE,No unique confirmed permanent event for changed native club,ESCALATE_TECHNICAL,FOOTBALL_RESOLVED_TECHNICAL_PLAN_REQUIRED,MOVE_TO_TARGET_PRESERVE_METADATA,1376433,,,,Current 2026/27 roster places player at target club_id 1376433; native club_id is 1376438.,HIGH,https://www.transfermarkt.de/tsg-1899-hoffenheim-ii/kader/verein/983/saison_id/2026/plus/1,https://www.transfermarkt.de/tsg-1899-hoffenheim-ii/kader/verein/983/saison_id/2026/plus/1,Create exact native current-club delta locally; do not perform football web research.
FM27-80a966f061ae4886d5462ffb,Kacper Koscierski,2007-06-23,GER3,TSV Alemannia Aachen,TRANSFER_TIMELINE,Current loan requires owner and return-date evidence,ESCALATE_TECHNICAL,FOOTBALL_RESOLVED_TECHNICAL_PLAN_REQUIRED,SET_CURRENT_LOAN,1376276,1376273,2026-07-01,2027-06-30,Current loan: owner club_id 1376273 -> target club_id 1376276; runtime start 2026-07-01; return/end 2027-06-30.,HIGH,https://www.vfl-bochum.de/aktuelles/2026/08/kacper-koscierski-wird-verliehen/,https://www.transfermarkt.de/alemannia-aachen/kader/verein/8/saison_id/2026/plus/1,Synthesize the existing native loan-condition schema using these resolved football facts; no web research.
FM27-2edff63b05b060a60c10ec1a,Petros Bagkalianis,2001-02-06,GER3,TSV Alemannia Aachen,TRANSFER_TIMELINE,No unique confirmed permanent event for changed native club,ESCALATE_TECHNICAL,FOOTBALL_RESOLVED_TECHNICAL_PLAN_REQUIRED,MOVE_TO_TARGET_PRESERVE_METADATA,1376276,,,,Current 2026/27 roster places player at target club_id 1376276; native club_id is 1454082.,HIGH,https://www.transfermarkt.de/alemannia-aachen/kader/verein/8/saison_id/2026/plus/1,https://www.transfermarkt.de/alemannia-aachen/kader/verein/8/saison_id/2026/plus/1,Create exact native current-club delta locally; do not perform football web research.
FM27-944ff0d9f835811bad952b68,Alexander Guiddir,2006-12-12,GER3,TSV Havelse 1912,TRANSFER_TIMELINE,Current loan requires owner and return-date evidence,ESCALATE_TECHNICAL,FOOTBALL_RESOLVED_TECHNICAL_PLAN_REQUIRED,SET_CURRENT_LOAN,1376539,1376888,2026-07-01,2027-06-30,Current loan: owner club_id 1376888 -> target club_id 1376539; runtime start 2026-07-01; return/end 2027-06-30.,HIGH,https://tsv-havelse.de/leihspieler-vom-fc-schalke-04-alexander-guiddir-wechselt-zum-tsv/,https://www.transfermarkt.de/tsv-havelse/kader/verein/476/saison_id/2026/plus/1,Synthesize the existing native loan-condition schema using these resolved football facts; no web research.
FM27-e3c78f3bb91f4c5bff19a64c,Eric Voufack,2001-09-25,GER3,TSV Havelse 1912,TRANSFER_TIMELINE,Current loan requires owner and return-date evidence,ESCALATE_TECHNICAL,FOOTBALL_RESOLVED_TECHNICAL_PLAN_REQUIRED,SET_CURRENT_LOAN,1376539,856113,2026-07-01,2027-06-30,Current loan: owner club_id 856113 -> target club_id 1376539; runtime start 2026-07-01; return/end 2027-06-30.,HIGH,https://www.transfermarkt.de/tsv-havelse/kader/verein/476/saison_id/2026/plus/1,https://www.transfermarkt.de/tsv-havelse/kader/verein/476/saison_id/2026/plus/1,Synthesize the existing native loan-condition schema using these resolved football facts; no web research.
FM27-479574459f81b0ade32cdd54,Jonathan Akaegbobi,2006-04-25,GER3,VfB Stuttgart,TRANSFER_TIMELINE,Current loan requires owner and return-date evidence,ESCALATE_TECHNICAL,FOOTBALL_RESOLVED_TECHNICAL_PLAN_REQUIRED,SET_CURRENT_LOAN,1376272,1376273,2026-07-01,2027-06-30,Current loan: owner club_id 1376273 -> target club_id 1376272; runtime start 2026-07-01; return/end 2027-06-30.,HIGH,https://www.vfl-bochum.de/aktuelles/2026/09/vfl-verlangert-mit-jonathan-akaegbobi-und-verleiht-ihn-nach-stuttgart/,https://www.transfermarkt.de/vfb-stuttgart-ii/kader/verein/102/saison_id/2026/plus/1,Synthesize the existing native loan-condition schema using these resolved football facts; no web research.
FM27-eba20fa2933eacedc4ea1b07,Yvan Maye,2006-03-21,ITA1,AC Monza,TRANSFER_TIMELINE,Current loan requires owner and return-date evidence,ESCALATE_TECHNICAL,FOOTBALL_RESOLVED_TECHNICAL_PLAN_REQUIRED,SET_CURRENT_LOAN,1769533,1769481,2026-07-01,2027-06-30,Current loan: owner club_id 1769481 -> target club_id 1769533; runtime start 2026-07-01; return/end 2027-06-30.,HIGH,https://www.transfermarkt.de/ac-monza/kader/verein/2919/saison_id/2026/plus/1,https://www.transfermarkt.de/ac-monza/kader/verein/2919/saison_id/2026/plus/1,Synthesize the existing native loan-condition schema using these resolved football facts; no web research.
FM27-a1299c8d8bc5affeaeaa719f,Alessandro Romano,2006-06-17,ITA1,Cagliari Calcio,TRANSFER_TIMELINE,Current loan requires owner and return-date evidence,ESCALATE_TECHNICAL,FOOTBALL_RESOLVED_TECHNICAL_PLAN_REQUIRED,SET_CURRENT_LOAN,1769480,1769476,2026-07-01,2027-06-30,Current loan: owner club_id 1769476 -> target club_id 1769480; runtime start 2026-07-01; return/end 2027-06-30.,HIGH,https://www.transfermarkt.de/cagliari-calcio/kader/verein/1390/saison_id/2026/plus/1,https://www.transfermarkt.de/cagliari-calcio/kader/verein/1390/saison_id/2026/plus/1,Synthesize the existing native loan-condition schema using these resolved football facts; no web research.
FM27-0935ae4e6f49177f34f25bd1,Adrian Lahdo,2007-12-26,ITA1,Como 1907,TRANSFER_TIMELINE,No unique confirmed permanent event for changed native club,ESCALATE_TECHNICAL,FOOTBALL_RESOLVED_TECHNICAL_PLAN_REQUIRED,MOVE_TO_TARGET_PRESERVE_METADATA,1769516,,,,Current 2026/27 roster places player at target club_id 1769516; native club_id is 3014661.,HIGH,https://www.transfermarkt.de/como-1907/kader/verein/1047/saison_id/2026/plus/1,https://www.transfermarkt.de/como-1907/kader/verein/1047/saison_id/2026/plus/1,Create exact native current-club delta locally; do not perform football web research.
FM27-c4fecd9487fd4c3af8b37738,Daniel Bîrligea,2000-04-19,ITA1,Frosinone Calcio,TRANSFER_TIMELINE,Current loan requires owner and return-date evidence,ESCALATE_TECHNICAL,FOOTBALL_RESOLVED_TECHNICAL_PLAN_REQUIRED,SET_CURRENT_LOAN,1769528,2555909,2026-07-01,2027-06-30,Current loan: owner club_id 2555909 -> target club_id 1769528; runtime start 2026-07-01; return/end 2027-06-30.,HIGH,https://www.frosinonecalcio.com/birligea-e-giallazzurro/,https://www.transfermarkt.de/frosinone-calcio/kader/verein/8970/saison_id/2026/plus/1,Synthesize the existing native loan-condition schema using these resolved football facts; no web research.
FM27-f7ba611da4c3f3a26b1d0d0c,Seydou Fini,2006-06-02,ITA1,Frosinone Calcio,TRANSFER_TIMELINE,No unique confirmed permanent event for changed native club,ESCALATE_TECHNICAL,FOOTBALL_RESOLVED_TECHNICAL_PLAN_REQUIRED,MOVE_TO_TARGET_PRESERVE_METADATA,1769528,,,,Current 2026/27 roster places player at target club_id 1769528; native club_id is 1769510.,HIGH,https://www.transfermarkt.de/frosinone-calcio/kader/verein/8970/saison_id/2026/plus/1,https://www.transfermarkt.de/frosinone-calcio/kader/verein/8970/saison_id/2026/plus/1,Create exact native current-club delta locally; do not perform football web research.
FM27-dd6aafa7691dfa93c0f2b460,Robinho Junior,2007-12-17,ITA1,Genua CFC,TRANSFER_TIMELINE,Current loan requires owner and return-date evidence,ESCALATE_TECHNICAL,FOOTBALL_RESOLVED_TECHNICAL_PLAN_REQUIRED,SET_CURRENT_LOAN,1769510,3538955,2026-07-01,2027-06-30,Current loan: owner club_id 3538955 -> target club_id 1769510; runtime start 2026-07-01; return/end 2027-06-30.,HIGH,https://ge.globo.com/futebol/futebol-internacional/noticia/2026/09/02/robinho-jr-chega-a-italia-e-e-anunciado-pelo-genoa.ghtml,https://www.transfermarkt.de/genua-cfc/kader/verein/252/saison_id/2026/plus/1,Synthesize the existing native loan-condition schema using these resolved football facts; no web research.
FM27-48a39e80ae92bb0ecad7ca9a,Tommaso Baldanzi,2003-03-23,ITA1,Genua CFC,TRANSFER_TIMELINE,No unique confirmed permanent event for changed native club,ESCALATE_TECHNICAL,FOOTBALL_RESOLVED_TECHNICAL_PLAN_REQUIRED,MOVE_TO_TARGET_PRESERVE_METADATA,1769510,,,,Current 2026/27 roster places player at target club_id 1769510; native club_id is 1769476.,HIGH,https://www.transfermarkt.de/genua-cfc/kader/verein/252/saison_id/2026/plus/1,https://www.transfermarkt.de/genua-cfc/kader/verein/252/saison_id/2026/plus/1,Create exact native current-club delta locally; do not perform football web research.
FM27-31236c38e3cbd02d05229c92,Thomás De Martis,2008-06-26,ITA1,Parma Calcio 1913,TRANSFER_TIMELINE,Current loan requires owner and return-date evidence,ESCALATE_TECHNICAL,FOOTBALL_RESOLVED_TECHNICAL_PLAN_REQUIRED,SET_CURRENT_LOAN,1769475,3407882,2026-07-01,2027-06-30,Current loan: owner club_id 3407882 -> target club_id 1769475; runtime start 2026-07-01; return/end 2027-06-30.,HIGH,https://www.parmacalcio1913.com/en/main-news/thomas-de-martis-e-un-nuovo-calciatore-del-parma-calcio/,https://www.transfermarkt.de/parma-calcio-1913/kader/verein/130/saison_id/2026/plus/1,Synthesize the existing native loan-condition schema using these resolved football facts; no web research.
FM27-d775ee38452dd016667665e1,Sadik Fofana,2003-05-16,ITA1,US Lecce,TRANSFER_TIMELINE,No unique confirmed permanent event for changed native club,ESCALATE_TECHNICAL,FOOTBALL_RESOLVED_TECHNICAL_PLAN_REQUIRED,MOVE_TO_TARGET_PRESERVE_METADATA,1769483,,,,Current 2026/27 roster places player at target club_id 1769483; native club_id is 262147.,HIGH,https://www.transfermarkt.de/us-lecce/kader/verein/1005/saison_id/2026/plus/1,https://www.transfermarkt.de/us-lecce/kader/verein/1005/saison_id/2026/plus/1,Create exact native current-club delta locally; do not perform football web research.
FM27-aa7b5401c864d532eb81fe50,Kieron Bowie,2002-09-21,ITA1,US Sassuolo,TRANSFER_TIMELINE,Current loan requires owner and return-date evidence,ESCALATE_TECHNICAL,FOOTBALL_RESOLVED_TECHNICAL_PLAN_REQUIRED,SET_CURRENT_LOAN,1769542,2752519,2026-07-01,2027-06-30,Current loan: owner club_id 2752519 -> target club_id 1769542; runtime start 2026-07-01; return/end 2027-06-30.,HIGH,https://www.calciohellas.it/2026/07/31/ufficiale-bowie-passa-al-sassuolo/,https://www.transfermarkt.de/us-sassuolo/kader/verein/6574/saison_id/2026/plus/1,Synthesize the existing native loan-condition schema using these resolved football facts; no web research.
FM27-07f244c71b4ddabc8a1b6fc8,Juan Arizala,2005-10-10,ITA1,Udinese Calcio,TRANSFER_TIMELINE,No unique confirmed permanent event for changed native club,ESCALATE_TECHNICAL,FOOTBALL_RESOLVED_TECHNICAL_PLAN_REQUIRED,MOVE_TO_TARGET_PRESERVE_METADATA,1769488,,,,Current 2026/27 roster places player at target club_id 1769488; native club_id is 3670021.,HIGH,https://www.transfermarkt.de/udinese-calcio/kader/verein/410/saison_id/2026/plus/1,https://www.transfermarkt.de/udinese-calcio/kader/verein/410/saison_id/2026/plus/1,Create exact native current-club delta locally; do not perform football web research.
FM27-fe2e0afe3f124957983b7a2d,Lamine Fanne,2004-01-30,ITA1,Venezia FC,TRANSFER_TIMELINE,No unique confirmed permanent event for changed native club,ESCALATE_TECHNICAL,FOOTBALL_RESOLVED_TECHNICAL_PLAN_REQUIRED,MOVE_TO_TARGET_PRESERVE_METADATA,1769500,,,,Current 2026/27 roster places player at target club_id 1769500; native club_id is 917539.,HIGH,https://www.transfermarkt.de/venezia-fc/kader/verein/607/saison_id/2026/plus/1,https://www.transfermarkt.de/venezia-fc/kader/verein/607/saison_id/2026/plus/1,Create exact native current-club delta locally; do not perform football web research.
FM27-fd8831e29622ad43e6854a98,Lion Lauberbach,1998-02-15,ITA1,Venezia FC,TRANSFER_TIMELINE,No unique confirmed permanent event for changed native club,ESCALATE_TECHNICAL,FOOTBALL_RESOLVED_TECHNICAL_PLAN_REQUIRED,MOVE_TO_TARGET_PRESERVE_METADATA,1769500,,,,Current 2026/27 roster places player at target club_id 1769500; native club_id is 458787.,HIGH,https://www.transfermarkt.de/venezia-fc/kader/verein/607/saison_id/2026/plus/1,https://www.transfermarkt.de/venezia-fc/kader/verein/607/saison_id/2026/plus/1,Create exact native current-club delta locally; do not perform football web research.
FM27-fc655143916c530423ec18fd,Simone Panada,2002-06-02,ITA1,Venezia FC,TRANSFER_TIMELINE,No unique confirmed permanent event for changed native club,ESCALATE_TECHNICAL,FOOTBALL_RESOLVED_TECHNICAL_PLAN_REQUIRED,MOVE_TO_TARGET_PRESERVE_METADATA,1769500,,,,Current 2026/27 roster places player at target club_id 1769500; native club_id is 1769477.,HIGH,https://www.transfermarkt.de/venezia-fc/kader/verein/607/saison_id/2026/plus/1,https://www.transfermarkt.de/venezia-fc/kader/verein/607/saison_id/2026/plus/1,Create exact native current-club delta locally; do not perform football web research.
FM27-2755f791761e60b650ee480c,Jalen Hawkins,2001-01-24,NED1,ADO Den Haag,TRANSFER_TIMELINE,No unique confirmed permanent event for changed native club,ESCALATE_TECHNICAL,FOOTBALL_RESOLVED_TECHNICAL_PLAN_REQUIRED,MOVE_TO_TARGET_PRESERVE_METADATA,2228225,,,,Current 2026/27 roster places player at target club_id 2228225; native club_id is 2228245.,HIGH,https://www.transfermarkt.de/ado-den-haag/kader/verein/1268/saison_id/2026/plus/1,https://www.transfermarkt.de/ado-den-haag/kader/verein/1268/saison_id/2026/plus/1,Create exact native current-club delta locally; do not perform football web research.
FM27-317b12f864f0fa8dcfedb5eb,Pascal Mulder,1999-01-19,NED1,ADO Den Haag,TRANSFER_TIMELINE,No unique confirmed permanent event for changed native club,ESCALATE_TECHNICAL,FOOTBALL_RESOLVED_TECHNICAL_PLAN_REQUIRED,MOVE_TO_TARGET_PRESERVE_METADATA,2228225,,,,Current 2026/27 roster places player at target club_id 2228225; native club_id is 2228245.,HIGH,https://www.transfermarkt.de/ado-den-haag/kader/verein/1268/saison_id/2026/plus/1,https://www.transfermarkt.de/ado-den-haag/kader/verein/1268/saison_id/2026/plus/1,Create exact native current-club delta locally; do not perform football web research.
FM27-5bea8a0cd31b37336c43573e,Tolu Arokodare,2000-11-23,NED1,Ajax Amsterdam,TRANSFER_TIMELINE,Current loan requires owner and return-date evidence,ESCALATE_TECHNICAL,FOOTBALL_RESOLVED_TECHNICAL_PLAN_REQUIRED,SET_CURRENT_LOAN,2228227,917547,2026-07-01,2027-06-30,Current loan: owner club_id 917547 -> target club_id 2228227; runtime start 2026-07-01; return/end 2027-06-30.,HIGH,https://english.ajax.nl/teams/ajax-1/tolu-arokodare/,https://www.transfermarkt.de/ajax-amsterdam/kader/verein/610/saison_id/2026/plus/1,Synthesize the existing native loan-condition schema using these resolved football facts; no web research.
FM27-00c9a7c35e46f7b95415101a,Ferdinand Pohl,2007-02-02,NED1,FC Utrecht,TRANSFER_TIMELINE,No unique confirmed permanent event for changed native club,ESCALATE_TECHNICAL,FOOTBALL_RESOLVED_TECHNICAL_PLAN_REQUIRED,MOVE_TO_TARGET_PRESERVE_METADATA,2228241,,,,Current 2026/27 roster places player at target club_id 2228241; native club_id is 1376261.,HIGH,https://www.transfermarkt.de/fc-utrecht/kader/verein/200/saison_id/2026/plus/1,https://www.transfermarkt.de/fc-utrecht/kader/verein/200/saison_id/2026/plus/1,Create exact native current-club delta locally; do not perform football web research.
FM27-3f5695161da45837dadf7d0e,Rodrigo Guth,2000-11-10,NED1,Fortuna Sittard,TRANSFER_TIMELINE,Current loan requires owner and return-date evidence,ESCALATE_TECHNICAL,FOOTBALL_RESOLVED_TECHNICAL_PLAN_REQUIRED,SET_CURRENT_LOAN,2228247,3407896,2026-07-01,2027-06-30,Current loan: owner club_id 3407896 -> target club_id 2228247; runtime start 2026-07-01; return/end 2027-06-30.,MEDIUM_HIGH,https://fortunasittard.nl/en/news/guth-keert-op-huurbasis-terug-bij-fortuna,https://www.transfermarkt.de/fortuna-sittard/kader/verein/385/saison_id/2026/plus/1,Synthesize the existing native loan-condition schema using these resolved football facts; no web research.
FM27-82b9e1b394f35f5e25e60e87,Eus Waayers,2006-04-08,NED1,Go Ahead Eagles Deventer,TRANSFER_TIMELINE,No unique confirmed permanent event for changed native club,ESCALATE_TECHNICAL,FOOTBALL_RESOLVED_TECHNICAL_PLAN_REQUIRED,MOVE_TO_TARGET_PRESERVE_METADATA,2228248,,,,Current 2026/27 roster places player at target club_id 2228248; native club_id is 2228236.,HIGH,https://www.transfermarkt.de/go-ahead-eagles-deventer/kader/verein/1435/saison_id/2026/plus/1,https://www.transfermarkt.de/go-ahead-eagles-deventer/kader/verein/1435/saison_id/2026/plus/1,Create exact native current-club delta locally; do not perform football web research.
FM27-9a3a797472a9df3b64462642,Ethan Apkakou,2006-10-15,NED1,SC Cambuur Leeuwarden,TRANSFER_TIMELINE,No unique confirmed permanent event for changed native club,ESCALATE_TECHNICAL,FOOTBALL_RESOLVED_TECHNICAL_PLAN_REQUIRED,MOVE_TO_TARGET_PRESERVE_METADATA,2228253,,,,Current 2026/27 roster places player at target club_id 2228253; native club_id is 1179665.,HIGH,https://www.transfermarkt.de/sc-cambuur-leeuwarden/kader/verein/133/saison_id/2026/plus/1,https://www.transfermarkt.de/sc-cambuur-leeuwarden/kader/verein/133/saison_id/2026/plus/1,Create exact native current-club delta locally; do not perform football web research.
FM27-80eeed82a6012f2160b3a36c,Fabian Kvam,2005-10-18,NED1,SC Cambuur Leeuwarden,TRANSFER_TIMELINE,No unique confirmed permanent event for changed native club,ESCALATE_TECHNICAL,FOOTBALL_RESOLVED_TECHNICAL_PLAN_REQUIRED,MOVE_TO_TARGET_PRESERVE_METADATA,2228253,,,,Current 2026/27 roster places player at target club_id 2228253; native club_id is 2359341.,HIGH,https://www.transfermarkt.de/sc-cambuur-leeuwarden/kader/verein/133/saison_id/2026/plus/1,https://www.transfermarkt.de/sc-cambuur-leeuwarden/kader/verein/133/saison_id/2026/plus/1,Create exact native current-club delta locally; do not perform football web research.
FM27-5a351901669245e456b4b134,Luca Oyen,2003-03-14,NED1,SC Heerenveen,TRANSFER_TIMELINE,No unique confirmed permanent event for changed native club,ESCALATE_TECHNICAL,FOOTBALL_RESOLVED_TECHNICAL_PLAN_REQUIRED,MOVE_TO_TARGET_PRESERVE_METADATA,2228234,,,,Current 2026/27 roster places player at target club_id 2228234; native club_id is 458768.,HIGH,https://www.transfermarkt.de/sc-heerenveen/kader/verein/306/saison_id/2026/plus/1,https://www.transfermarkt.de/sc-heerenveen/kader/verein/306/saison_id/2026/plus/1,Create exact native current-club delta locally; do not perform football web research.
FM27-e08f396e6fc94de2438d52bc,Ar'jany Martha,2003-09-04,NED1,SC Telstar,TRANSFER_TIMELINE,Current loan requires owner and return-date evidence,ESCALATE_TECHNICAL,FOOTBALL_RESOLVED_TECHNICAL_PLAN_REQUIRED,SET_CURRENT_LOAN,2228252,917551,2026-07-01,2027-06-30,Current loan: owner club_id 917551 -> target club_id 2228252; runtime start 2026-07-01; return/end 2027-06-30.,HIGH,https://theanalyst.com/players/6590/arjany-martha/career,https://www.transfermarkt.de/sc-telstar/kader/verein/1434/saison_id/2026/plus/1,Synthesize the existing native loan-condition schema using these resolved football facts; no web research.
FM27-96bd51dd4a1e2e5529346545,Gerald Alders,2005-05-07,NED1,SC Telstar,TRANSFER_TIMELINE,No unique confirmed permanent event for changed native club,ESCALATE_TECHNICAL,FOOTBALL_RESOLVED_TECHNICAL_PLAN_REQUIRED,MOVE_TO_TARGET_PRESERVE_METADATA,2228252,,,,Current 2026/27 roster places player at target club_id 2228252; native club_id is 2228227.,HIGH,https://www.transfermarkt.de/sc-telstar/kader/verein/1434/saison_id/2026/plus/1,https://www.transfermarkt.de/sc-telstar/kader/verein/1434/saison_id/2026/plus/1,Create exact native current-club delta locally; do not perform football web research.
FM27-6dad7550a5e7d05084ef53c4,Jelani Seedorf,2004-12-12,NED1,SC Telstar,TRANSFER_TIMELINE,No unique confirmed permanent event for changed native club,ESCALATE_TECHNICAL,FOOTBALL_RESOLVED_TECHNICAL_PLAN_REQUIRED,MOVE_TO_TARGET_PRESERVE_METADATA,2228252,,,,Current 2026/27 roster places player at target club_id 2228252; native club_id is 2228256.,HIGH,https://www.transfermarkt.de/sc-telstar/kader/verein/1434/saison_id/2026/plus/1,https://www.transfermarkt.de/sc-telstar/kader/verein/1434/saison_id/2026/plus/1,Create exact native current-club delta locally; do not perform football web research.
FM27-49f810fbbc38d20d11181693,Chido Obi,2007-11-29,NED1,Willem II Tilburg,TRANSFER_TIMELINE,Current loan requires owner and return-date evidence,ESCALATE_TECHNICAL,FOOTBALL_RESOLVED_TECHNICAL_PLAN_REQUIRED,SET_CURRENT_LOAN,2228239,917519,2026-07-01,2027-06-30,Current loan: owner club_id 917519 -> target club_id 2228239; runtime start 2026-07-01; return/end 2027-06-30.,HIGH,https://www.willem-ii.nl/artikel/willem-ii-huurt-chido-obi-van-manchester-united,https://www.transfermarkt.de/willem-ii-tilburg/kader/verein/403/saison_id/2026/plus/1,Synthesize the existing native loan-condition schema using these resolved football facts; no web research.
FM27-f94c6661ed64cda0ea5882d4,André Ceitil,1995-03-11,POR1,Académico Viseu FC,TRANSFER_TIMELINE,No unique confirmed permanent event for changed native club,ESCALATE_TECHNICAL,FOOTBALL_RESOLVED_TECHNICAL_PLAN_REQUIRED,MOVE_TO_TARGET_PRESERVE_METADATA,2494468,,,,Current 2026/27 roster places player at target club_id 2494468; native club_id is 2494467.,HIGH,https://www.transfermarkt.de/academico-viseu-fc/kader/verein/7788/saison_id/2026/plus/1,https://www.transfermarkt.de/academico-viseu-fc/kader/verein/7788/saison_id/2026/plus/1,Create exact native current-club delta locally; do not perform football web research.
FM27-f7ae72b5d6593435246cd4b0,Paulinho,1999-09-21,POR1,Académico Viseu FC,TRANSFER_TIMELINE,Current loan requires owner and return-date evidence,ESCALATE_TECHNICAL,FOOTBALL_RESOLVED_TECHNICAL_PLAN_REQUIRED,SET_CURRENT_LOAN,2494468,2555910,2026-07-01,2027-06-30,Current loan: owner club_id 2555910 -> target club_id 2494468; runtime start 2026-07-01; return/end 2027-06-30.,HIGH,https://www.transfermarkt.de/academico-viseu-fc/kader/verein/7788/saison_id/2026/plus/1,https://www.transfermarkt.de/academico-viseu-fc/kader/verein/7788/saison_id/2026/plus/1,Synthesize the existing native loan-condition schema using these resolved football facts; no web research.
FM27-6c10dbc8468cd93ad773a377,Souffian El Karouani,2000-10-19,POR1,Benfica Lissabon,TRANSFER_TIMELINE,Current loan requires owner and return-date evidence,ESCALATE_TECHNICAL,FOOTBALL_RESOLVED_TECHNICAL_PLAN_REQUIRED,SET_CURRENT_LOAN,2490372,2228241,2026-07-01,2027-06-30,Current loan: owner club_id 2228241 -> target club_id 2490372; runtime start 2026-07-01; return/end 2027-06-30.,HIGH,https://media.slbenfica.pt/en-us/agora/noticias/2026/09/01/futebol-benfica-el-karouani-reforco-contratacao,https://www.transfermarkt.de/benfica-lissabon/kader/verein/294/saison_id/2026/plus/1,Synthesize the existing native loan-condition schema using these resolved football facts; no web research.
FM27-f67e9d23972165995d48e82d,Daniel de la Cruz,2004-03-06,POR1,CD Nacional,TRANSFER_TIMELINE,Current loan requires owner and return-date evidence,ESCALATE_TECHNICAL,FOOTBALL_RESOLVED_TECHNICAL_PLAN_REQUIRED,SET_CURRENT_LOAN,2490378,3735557,2026-07-01,2027-06-30,Current loan: owner club_id 3735557 -> target club_id 2490378; runtime start 2026-07-01; return/end 2027-06-30.,HIGH,https://www.abola.pt/noticias/mercado-oficial-nacional-contrata-lateral-equatoriano-2026070812591230812,https://www.transfermarkt.de/cd-nacional/kader/verein/982/saison_id/2026/plus/1,Synthesize the existing native loan-condition schema using these resolved football facts; no web research.
FM27-3b738acc3b58b70385bf3f54,Gonçalo Paciência,1994-08-01,POR1,CD Santa Clara,TRANSFER_TIMELINE,No unique confirmed permanent event for changed native club,ESCALATE_TECHNICAL,FOOTBALL_RESOLVED_TECHNICAL_PLAN_REQUIRED,MOVE_TO_TARGET_PRESERVE_METADATA,2490388,,,,Current 2026/27 roster places player at target club_id 2490388; native club_id is 3538985.,HIGH,https://www.transfermarkt.de/cd-santa-clara/kader/verein/2423/saison_id/2026/plus/1,https://www.transfermarkt.de/cd-santa-clara/kader/verein/2423/saison_id/2026/plus/1,Create exact native current-club delta locally; do not perform football web research.
FM27-1958c155a2831c18d6f63eb4,Guilherme Romão,1997-10-07,POR1,CD Santa Clara,TRANSFER_TIMELINE,No unique confirmed permanent event for changed native club,ESCALATE_TECHNICAL,FOOTBALL_RESOLVED_TECHNICAL_PLAN_REQUIRED,MOVE_TO_TARGET_PRESERVE_METADATA,2490388,,,,Current 2026/27 roster places player at target club_id 2490388; native club_id is 3539013.,HIGH,https://www.transfermarkt.de/cd-santa-clara/kader/verein/2423/saison_id/2026/plus/1,https://www.transfermarkt.de/cd-santa-clara/kader/verein/2423/saison_id/2026/plus/1,Create exact native current-club delta locally; do not perform football web research.
FM27-7dd19a7dfd273fc77734f479,Welinton Torrão,1999-06-30,POR1,CD Santa Clara,TRANSFER_TIMELINE,No unique confirmed permanent event for changed native club,ESCALATE_TECHNICAL,FOOTBALL_RESOLVED_TECHNICAL_PLAN_REQUIRED,MOVE_TO_TARGET_PRESERVE_METADATA,2490388,,,,Current 2026/27 roster places player at target club_id 2490388; native club_id is 3552671.,HIGH,https://www.transfermarkt.de/cd-santa-clara/kader/verein/2423/saison_id/2026/plus/1,https://www.transfermarkt.de/cd-santa-clara/kader/verein/2423/saison_id/2026/plus/1,Create exact native current-club delta locally; do not perform football web research.
FM27-42b246bebdfda6f4cc30fe74,Eddy Doué,2005-12-11,POR1,CF Estrela Amadora,TRANSFER_TIMELINE,No unique confirmed permanent event for changed native club,ESCALATE_TECHNICAL,FOOTBALL_RESOLVED_TECHNICAL_PLAN_REQUIRED,MOVE_TO_TARGET_PRESERVE_METADATA,2490394,,,,Current 2026/27 roster places player at target club_id 2490394; native club_id is 1179663.,HIGH,https://www.transfermarkt.de/cf-estrela-amadora/kader/verein/2431/saison_id/2026/plus/1,https://www.transfermarkt.de/cf-estrela-amadora/kader/verein/2431/saison_id/2026/plus/1,Create exact native current-club delta locally; do not perform football web research.
FM27-c1499b9efbcd99f3b3e6959d,Kevin Höög Jansson,2000-09-29,POR1,CF Estrela Amadora,TRANSFER_TIMELINE,No unique confirmed permanent event for changed native club,ESCALATE_TECHNICAL,FOOTBALL_RESOLVED_TECHNICAL_PLAN_REQUIRED,MOVE_TO_TARGET_PRESERVE_METADATA,2490394,,,,Current 2026/27 roster places player at target club_id 2490394; native club_id is 3014673.,HIGH,https://www.transfermarkt.de/cf-estrela-amadora/kader/verein/2431/saison_id/2026/plus/1,https://www.transfermarkt.de/cf-estrela-amadora/kader/verein/2431/saison_id/2026/plus/1,Create exact native current-club delta locally; do not perform football web research.
FM27-5e9624034d1c42b1f1aaaa5a,Léo Linck,2001-03-03,POR1,CF Estrela Amadora,TRANSFER_TIMELINE,No unique confirmed permanent event for changed native club,ESCALATE_TECHNICAL,FOOTBALL_RESOLVED_TECHNICAL_PLAN_REQUIRED,MOVE_TO_TARGET_PRESERVE_METADATA,2490394,,,,Current 2026/27 roster places player at target club_id 2490394; native club_id is 3538945.,HIGH,https://www.transfermarkt.de/cf-estrela-amadora/kader/verein/2431/saison_id/2026/plus/1,https://www.transfermarkt.de/cf-estrela-amadora/kader/verein/2431/saison_id/2026/plus/1,Create exact native current-club delta locally; do not perform football web research.
FM27-c071730d62e966d5d9d57551,Rodrigo Dudok,2007-07-23,POR1,CF Estrela Amadora,TRANSFER_TIMELINE,Current loan requires owner and return-date evidence,ESCALATE_TECHNICAL,FOOTBALL_RESOLVED_TECHNICAL_PLAN_REQUIRED,SET_CURRENT_LOAN,2490394,3932165,2026-07-01,2027-06-30,Current loan: owner club_id 3932165 -> target club_id 2490394; runtime start 2026-07-01; return/end 2027-06-30.,HIGH,https://estrelamadora.pt/rodrigo-dudok-e-reforco-do-estrela-da-amadora/,https://www.transfermarkt.de/cf-estrela-amadora/kader/verein/2431/saison_id/2026/plus/1,Synthesize the existing native loan-condition schema using these resolved football facts; no web research.
FM27-913437793a917d9d477779ea,Alfonso Pastor,2000-10-04,POR1,CS Marítimo,TRANSFER_TIMELINE,No unique confirmed permanent event for changed native club,ESCALATE_TECHNICAL,FOOTBALL_RESOLVED_TECHNICAL_PLAN_REQUIRED,MOVE_TO_TARGET_PRESERVE_METADATA,2490376,,,,Current 2026/27 roster places player at target club_id 2490376; native club_id is 2490381.,HIGH,https://www.transfermarkt.de/cs-maritimo/kader/verein/1301/saison_id/2026/plus/1,https://www.transfermarkt.de/cs-maritimo/kader/verein/1301/saison_id/2026/plus/1,Create exact native current-club delta locally; do not perform football web research.
FM27-2017caa6c2c4cd8716cc8cc8,Gábor Szalai,2000-06-09,POR1,CS Marítimo,TRANSFER_TIMELINE,Current loan requires owner and return-date evidence,ESCALATE_TECHNICAL,FOOTBALL_RESOLVED_TECHNICAL_PLAN_REQUIRED,SET_CURRENT_LOAN,2490376,1507348,2026-07-01,2027-06-30,Current loan: owner club_id 1507348 -> target club_id 2490376; runtime start 2026-07-01; return/end 2027-06-30.,HIGH,https://www.sofascore.com/football/player/gabor-szalai/1147932,https://www.transfermarkt.de/cs-maritimo/kader/verein/1301/saison_id/2026/plus/1,Synthesize the existing native loan-condition schema using these resolved football facts; no web research.
FM27-d355c939fad636a10f493574,José Melro,2004-05-26,POR1,CS Marítimo,TRANSFER_TIMELINE,No unique confirmed permanent event for changed native club,ESCALATE_TECHNICAL,FOOTBALL_RESOLVED_TECHNICAL_PLAN_REQUIRED,MOVE_TO_TARGET_PRESERVE_METADATA,2490376,,,,Current 2026/27 roster places player at target club_id 2490376; native club_id is 2490372.,HIGH,https://www.transfermarkt.de/cs-maritimo/kader/verein/1301/saison_id/2026/plus/1,https://www.transfermarkt.de/cs-maritimo/kader/verein/1301/saison_id/2026/plus/1,Create exact native current-club delta locally; do not perform football web research.
FM27-ad59c0f319e8cac0453cd63f,Lucca Giuntini,2005-12-07,POR1,FC Alverca,TRANSFER_TIMELINE,No unique confirmed permanent event for changed native club,ESCALATE_TECHNICAL,FOOTBALL_RESOLVED_TECHNICAL_PLAN_REQUIRED,MOVE_TO_TARGET_PRESERVE_METADATA,2490393,,,,Current 2026/27 roster places player at target club_id 2490393; native club_id is 2494483.,HIGH,https://www.transfermarkt.de/fc-alverca/kader/verein/2521/saison_id/2026/plus/1,https://www.transfermarkt.de/fc-alverca/kader/verein/2521/saison_id/2026/plus/1,Create exact native current-club delta locally; do not perform football web research.
FM27-2791ce24abd367071604400c,Zakaria Kassary,2006-01-25,POR1,FC Alverca,TRANSFER_TIMELINE,No unique confirmed permanent event for changed native club,ESCALATE_TECHNICAL,FOOTBALL_RESOLVED_TECHNICAL_PLAN_REQUIRED,MOVE_TO_TARGET_PRESERVE_METADATA,2490393,,,,Current 2026/27 roster places player at target club_id 2490393; native club_id is 8466434.,HIGH,https://www.transfermarkt.de/fc-alverca/kader/verein/2521/saison_id/2026/plus/1,https://www.transfermarkt.de/fc-alverca/kader/verein/2521/saison_id/2026/plus/1,Create exact native current-club delta locally; do not perform football web research.
FM27-388419e764f5540974879953,Ignacio de Arruabarrena,1997-01-16,POR1,FC Arouca,TRANSFER_TIMELINE,No unique confirmed permanent event for changed native club,ESCALATE_TECHNICAL,FOOTBALL_RESOLVED_TECHNICAL_PLAN_REQUIRED,MOVE_TO_TARGET_PRESERVE_METADATA,2494470,,,,Current 2026/27 roster places player at target club_id 2494470; native club_id is 3735553.,HIGH,https://www.transfermarkt.de/fc-arouca/kader/verein/8024/saison_id/2026/plus/1,https://www.transfermarkt.de/fc-arouca/kader/verein/8024/saison_id/2026/plus/1,Create exact native current-club delta locally; do not perform football web research.
FM27-368a9fc1c791742490596b81,Héctor Hernández,1995-09-14,POR1,Gil Vicente FC,TRANSFER_TIMELINE,No unique confirmed permanent event for changed native club,ESCALATE_TECHNICAL,FOOTBALL_RESOLVED_TECHNICAL_PLAN_REQUIRED,MOVE_TO_TARGET_PRESERVE_METADATA,2490375,,,,Current 2026/27 roster places player at target club_id 2490375; native club_id is 3538959.,HIGH,https://www.transfermarkt.de/gil-vicente-fc/kader/verein/2424/saison_id/2026/plus/1,https://www.transfermarkt.de/gil-vicente-fc/kader/verein/2424/saison_id/2026/plus/1,Create exact native current-club delta locally; do not perform football web research.
FM27-8f9ac327321fd28ac2752ca4,Weverson,2000-07-05,POR1,Gil Vicente FC,TRANSFER_TIMELINE,No unique confirmed permanent event for changed native club,ESCALATE_TECHNICAL,FOOTBALL_RESOLVED_TECHNICAL_PLAN_REQUIRED,MOVE_TO_TARGET_PRESERVE_METADATA,2490375,,,,Current 2026/27 roster places player at target club_id 2490375; native club_id is 3538968.,HIGH,https://www.transfermarkt.de/gil-vicente-fc/kader/verein/2424/saison_id/2026/plus/1,https://www.transfermarkt.de/gil-vicente-fc/kader/verein/2424/saison_id/2026/plus/1,Create exact native current-club delta locally; do not perform football web research.
FM27-aec99bbe12ca35643390256e,Afonso Vieira,2007-01-12,POR1,Moreirense FC,TRANSFER_TIMELINE,No unique confirmed permanent event for changed native club,ESCALATE_TECHNICAL,FOOTBALL_RESOLVED_TECHNICAL_PLAN_REQUIRED,MOVE_TO_TARGET_PRESERVE_METADATA,2490377,,,,Current 2026/27 roster places player at target club_id 2490377; native club_id is 2490397.,HIGH,https://www.transfermarkt.de/moreirense-fc/kader/verein/979/saison_id/2026/plus/1,https://www.transfermarkt.de/moreirense-fc/kader/verein/979/saison_id/2026/plus/1,Create exact native current-club delta locally; do not perform football web research.
FM27-291d9cefd53be1e90e00ff77,Aranha,2005-02-07,POR1,Moreirense FC,TRANSFER_TIMELINE,Current loan requires owner and return-date evidence,ESCALATE_TECHNICAL,FOOTBALL_RESOLVED_TECHNICAL_PLAN_REQUIRED,SET_CURRENT_LOAN,2490377,3538952,2026-07-01,2027-06-30,Current loan: owner club_id 3538952 -> target club_id 2490377; runtime start 2026-07-01; return/end 2027-06-30.,HIGH,https://ge.globo.com/google/amp/futebol/times/palmeiras/noticia/2026/06/26/palmeiras-empresta-o-goleiro-aranha-ao-moreirense.ghtml,https://www.transfermarkt.de/moreirense-fc/kader/verein/979/saison_id/2026/plus/1,Synthesize the existing native loan-condition schema using these resolved football facts; no web research.
FM27-5b5942d167ea7c8d4a43a49e,Diogo Bezerra,2002-07-16,POR1,Rio Ave FC,TRANSFER_TIMELINE,No unique confirmed permanent event for changed native club,ESCALATE_TECHNICAL,FOOTBALL_RESOLVED_TECHNICAL_PLAN_REQUIRED,MOVE_TO_TARGET_PRESERVE_METADATA,2490381,,,,Current 2026/27 roster places player at target club_id 2490381; native club_id is 3342339.,HIGH,https://www.transfermarkt.de/rio-ave-fc/kader/verein/2425/saison_id/2026/plus/1,https://www.transfermarkt.de/rio-ave-fc/kader/verein/2425/saison_id/2026/plus/1,Create exact native current-club delta locally; do not perform football web research.
FM27-0dd69e5f90d68ed63e26741c,Gustavo Mancha,2004-07-25,POR1,Rio Ave FC,TRANSFER_TIMELINE,No unique confirmed permanent event for changed native club,ESCALATE_TECHNICAL,FOOTBALL_RESOLVED_TECHNICAL_PLAN_REQUIRED,MOVE_TO_TARGET_PRESERVE_METADATA,2490381,,,,Current 2026/27 roster places player at target club_id 2490381; native club_id is 1441800.,HIGH,https://www.transfermarkt.de/rio-ave-fc/kader/verein/2425/saison_id/2026/plus/1,https://www.transfermarkt.de/rio-ave-fc/kader/verein/2425/saison_id/2026/plus/1,Create exact native current-club delta locally; do not perform football web research.
FM27-7f292f403ed58269ccc15e98,Bilal Demirağ,2009-04-27,TUR1,Alanyaspor,TRANSFER_TIMELINE,No unique confirmed permanent event for changed native club,ESCALATE_TECHNICAL,FOOTBALL_RESOLVED_TECHNICAL_PLAN_REQUIRED,MOVE_TO_TARGET_PRESERVE_METADATA,3145783,,,,Current 2026/27 roster places player at target club_id 3145783; native club_id is 3145864.,HIGH,https://www.transfermarkt.de/alanyaspor/kader/verein/11282/saison_id/2026/plus/1,https://www.transfermarkt.de/alanyaspor/kader/verein/11282/saison_id/2026/plus/1,Create exact native current-club delta locally; do not perform football web research.
FM27-14fffbfe3613997d7d03846c,Cem Üstündag,2001-01-20,TUR1,Amed SK,TRANSFER_TIMELINE,No unique confirmed permanent event for changed native club,ESCALATE_TECHNICAL,FOOTBALL_RESOLVED_TECHNICAL_PLAN_REQUIRED,MOVE_TO_TARGET_PRESERVE_METADATA,3145856,,,,Current 2026/27 roster places player at target club_id 3145856; native club_id is 3145843.,HIGH,https://www.transfermarkt.de/amed-sk/kader/verein/12382/saison_id/2026/plus/1,https://www.transfermarkt.de/amed-sk/kader/verein/12382/saison_id/2026/plus/1,Create exact native current-club delta locally; do not perform football web research.
FM27-b1dba31603d8d80c18fa8fe6,Ahmed Ildız,1996-11-28,TUR1,Corum FK,TRANSFER_TIMELINE,No unique confirmed permanent event for changed native club,ESCALATE_TECHNICAL,FOOTBALL_RESOLVED_TECHNICAL_PLAN_REQUIRED,MOVE_TO_TARGET_PRESERVE_METADATA,3149867,,,,Current 2026/27 roster places player at target club_id 3149867; native club_id is 3145820.,HIGH,https://www.transfermarkt.de/corum-fk/kader/verein/37951/saison_id/2026/plus/1,https://www.transfermarkt.de/corum-fk/kader/verein/37951/saison_id/2026/plus/1,Create exact native current-club delta locally; do not perform football web research.
FM27-0d26ca7cc05486014d555c53,Fredy,1990-03-27,TUR1,Corum FK,TRANSFER_TIMELINE,No unique confirmed permanent event for changed native club,ESCALATE_TECHNICAL,FOOTBALL_RESOLVED_TECHNICAL_PLAN_REQUIRED,MOVE_TO_TARGET_PRESERVE_METADATA,3149867,,,,Current 2026/27 roster places player at target club_id 3149867; native club_id is 3149900.,HIGH,https://www.transfermarkt.de/corum-fk/kader/verein/37951/saison_id/2026/plus/1,https://www.transfermarkt.de/corum-fk/kader/verein/37951/saison_id/2026/plus/1,Create exact native current-club delta locally; do not perform football web research.
FM27-7c714c05abf29b0dd47ade72,Mame Thiam,1992-10-09,TUR1,Corum FK,TRANSFER_TIMELINE,No unique confirmed permanent event for changed native club,ESCALATE_TECHNICAL,FOOTBALL_RESOLVED_TECHNICAL_PLAN_REQUIRED,MOVE_TO_TARGET_PRESERVE_METADATA,3149867,,,,Current 2026/27 roster places player at target club_id 3149867; native club_id is 3145777.,HIGH,https://www.transfermarkt.de/corum-fk/kader/verein/37951/saison_id/2026/plus/1,https://www.transfermarkt.de/corum-fk/kader/verein/37951/saison_id/2026/plus/1,Create exact native current-club delta locally; do not perform football web research.
FM27-2102680d865113aa47e5572a,Lenny Pintor,2000-08-05,TUR1,Eyüpspor,TRANSFER_TIMELINE,No unique confirmed permanent event for changed native club,ESCALATE_TECHNICAL,FOOTBALL_RESOLVED_TECHNICAL_PLAN_REQUIRED,MOVE_TO_TARGET_PRESERVE_METADATA,3145777,,,,Current 2026/27 roster places player at target club_id 3145777; native club_id is 262159.,HIGH,https://www.transfermarkt.de/eyupspor/kader/verein/7160/saison_id/2026/plus/1,https://www.transfermarkt.de/eyupspor/kader/verein/7160/saison_id/2026/plus/1,Create exact native current-club delta locally; do not perform football web research.
FM27-4aa4495b397d5dce30a1f0ed,Umut Keseci,2004-02-05,TUR1,Eyüpspor,TRANSFER_TIMELINE,No unique confirmed permanent event for changed native club,ESCALATE_TECHNICAL,FOOTBALL_RESOLVED_TECHNICAL_PLAN_REQUIRED,MOVE_TO_TARGET_PRESERVE_METADATA,3145777,,,,Current 2026/27 roster places player at target club_id 3145777; native club_id is 3145864.,HIGH,https://www.transfermarkt.de/eyupspor/kader/verein/7160/saison_id/2026/plus/1,https://www.transfermarkt.de/eyupspor/kader/verein/7160/saison_id/2026/plus/1,Create exact native current-club delta locally; do not perform football web research.
FM27-146a1d5069e3b379a5f8fc39,Armando Güner,2008-01-07,TUR1,Galatasaray,TRANSFER_TIMELINE,No unique confirmed permanent event for changed native club,ESCALATE_TECHNICAL,FOOTBALL_RESOLVED_TECHNICAL_PLAN_REQUIRED,MOVE_TO_TARGET_PRESERVE_METADATA,3145825,,,,Current 2026/27 roster places player at target club_id 3145825; native club_id is 1376263.,HIGH,https://www.transfermarkt.de/galatasaray/kader/verein/141/saison_id/2026/plus/1,https://www.transfermarkt.de/galatasaray/kader/verein/141/saison_id/2026/plus/1,Create exact native current-club delta locally; do not perform football web research.
FM27-80751647d7d87674c9a404d6,Richard Akonnor,2004-02-06,TUR1,Göztepe,TRANSFER_TIMELINE,Current loan requires owner and return-date evidence,ESCALATE_TECHNICAL,FOOTBALL_RESOLVED_TECHNICAL_PLAN_REQUIRED,SET_CURRENT_LOAN,3145820,12451844,2026-07-01,2027-06-30,Current loan: owner club_id 12451844 -> target club_id 3145820; runtime start 2026-07-01; return/end 2027-06-30.,HIGH,https://beinsports.com.tr/haber/goztepe-richard-akonnoru-transfer-etti,https://www.transfermarkt.de/goztepe/kader/verein/1467/saison_id/2026/plus/1,Synthesize the existing native loan-condition schema using these resolved football facts; no web research.
FM27-3eb1a1e9b96eb20cba25e88b,Kamil Ahmet Çörekçi,1992-02-01,TUR1,Kasimpasa,TRANSFER_TIMELINE,No unique confirmed permanent event for changed native club,ESCALATE_TECHNICAL,FOOTBALL_RESOLVED_TECHNICAL_PLAN_REQUIRED,MOVE_TO_TARGET_PRESERVE_METADATA,3145843,,,,Current 2026/27 roster places player at target club_id 3145843; native club_id is 3145814.,HIGH,https://www.transfermarkt.de/kasimpasa/kader/verein/10484/saison_id/2026/plus/1,https://www.transfermarkt.de/kasimpasa/kader/verein/10484/saison_id/2026/plus/1,Create exact native current-club delta locally; do not perform football web research.
FM27-e1a7063a07d0a4811c39c884,Diogo Gonçalves,1997-02-06,TUR1,Konyaspor,TRANSFER_TIMELINE,No unique confirmed permanent event for changed native club,ESCALATE_TECHNICAL,FOOTBALL_RESOLVED_TECHNICAL_PLAN_REQUIRED,MOVE_TO_TARGET_PRESERVE_METADATA,3145839,,,,Current 2026/27 roster places player at target club_id 3145839; native club_id is 6225931.,HIGH,https://www.transfermarkt.de/konyaspor/kader/verein/2293/saison_id/2026/plus/1,https://www.transfermarkt.de/konyaspor/kader/verein/2293/saison_id/2026/plus/1,Create exact native current-club delta locally; do not perform football web research.
FM27-ea6e2f6e100bd9c0ad6a8541,Chibuike Nwaiwu,2003-07-23,TUR1,Trabzonspor,TRANSFER_TIMELINE,No unique confirmed permanent event for changed native club,ESCALATE_TECHNICAL,FOOTBALL_RESOLVED_TECHNICAL_PLAN_REQUIRED,MOVE_TO_TARGET_PRESERVE_METADATA,3145826,,,,Current 2026/27 roster places player at target club_id 3145826; native club_id is 262193.,HIGH,https://www.transfermarkt.de/trabzonspor/kader/verein/449/saison_id/2026/plus/1,https://www.transfermarkt.de/trabzonspor/kader/verein/449/saison_id/2026/plus/1,Create exact native current-club delta locally; do not perform football web research.
FM27-6aded435fa79092151c393f1,Triston Rowe,2006-10-02,BEL1,Royal Charleroi SC,TYPED_CONDITION,Existing native loan condition requires verified current owner and return chronology,ESCALATE_TECHNICAL,FOOTBALL_RESOLVED_TECHNICAL_PLAN_REQUIRED,SET_CURRENT_LOAN_PRESERVE_TYPED_CONDITION,458761,1193182,2026-07-01,2027-06-30,"Active 2026/27 loan: owner 1193182 -> target 458761, through 2027-06-30.",HIGH,https://www.sporting-charleroi.be/news/triston-rowe-prete-au-sporting-de-charleroi/,https://www.transfermarkt.de/royal-charleroi-sc/kader/verein/172/saison_id/2026/plus/1,Repair/replace the stale typed condition with the exact current-loan native condition; no web research.
FM27-b2018033704f9daa0b79b9ea,Filip Sancl,2005-06-23,CZE1,FC Banik Ostrau,TYPED_CONDITION,Existing native loan condition requires verified current owner and return chronology,ESCALATE_TECHNICAL,FOOTBALL_RESOLVED_TECHNICAL_PLAN_REQUIRED,CLEAR_STALE_LOAN_KEEP_TARGET,786446,,,,Permanent/current target club_id 786446; old loan/future condition no longer represents 2026/27 state.,HIGH,https://www.transfermarkt.de/fc-banik-ostrau/kader/verein/377/saison_id/2026/plus/1,https://www.transfermarkt.de/fc-banik-ostrau/kader/verein/377/saison_id/2026/plus/1,"Clear stale condition safely, retain target club and other valid contract/profile data."
FM27-548f8180244cbff767d3df19,Ales Mandous,1992-04-21,CZE1,FK Pardubice,TYPED_CONDITION,Existing native loan condition requires verified current owner and return chronology,ESCALATE_TECHNICAL,FOOTBALL_RESOLVED_TECHNICAL_PLAN_REQUIRED,CLEAR_STALE_LOAN_KEEP_TARGET,790538,,,,Permanent/current target club_id 790538; old loan/future condition no longer represents 2026/27 state.,HIGH,https://fkpardubice.cz/article/4951-Ales-Mandous-prestupuje-do-Pardubic,https://www.transfermarkt.de/fk-pardubice/kader/verein/1496/saison_id/2026/plus/1,"Clear stale condition safely, retain target club and other valid contract/profile data."
FM27-71f37dcf6424f2eabf50b246,Emmanuel Fully,2006-03-20,CZE1,SK Artis Brünn,TYPED_CONDITION,Existing native loan condition requires verified current owner and return chronology,ESCALATE_TECHNICAL,FOOTBALL_RESOLVED_TECHNICAL_PLAN_REQUIRED,SET_CURRENT_LOAN_PRESERVE_TYPED_CONDITION,790564,786441,2026-07-01,2027-06-30,"Active 2026/27 loan: owner 786441 -> target 790564, through 2027-06-30.",HIGH,https://www.365scores.com/football/player/emmanuel-fully-217375,https://www.transfermarkt.de/sk-artis-brunn/kader/verein/24325/saison_id/2026/plus/1,Repair/replace the stale typed condition with the exact current-loan native condition; no web research.
FM27-306b37e9af41226c2c53ded3,David Jurásek,2000-08-07,CZE1,SK Slavia Prag,TYPED_CONDITION,Existing native loan condition requires verified current owner and return chronology,ESCALATE_TECHNICAL,FOOTBALL_RESOLVED_TECHNICAL_PLAN_REQUIRED,CLEAR_STALE_LOAN_KEEP_TARGET,786441,,,,Permanent/current target club_id 786441; old loan/future condition no longer represents 2026/27 state.,HIGH,https://www.slavia.cz/article/23773,https://www.transfermarkt.de/sk-slavia-prag/kader/verein/62/saison_id/2026/plus/1,"Clear stale condition safely, retain target club and other valid contract/profile data."
FM27-922c3121e7a27cd5d2aead70,Tammy Abraham,1997-10-02,ENG1,Aston Villa,TYPED_CONDITION,Existing native loan condition requires verified current owner and return chronology,ESCALATE_TECHNICAL,FOOTBALL_RESOLVED_TECHNICAL_PLAN_REQUIRED,CLEAR_STALE_LOAN_KEEP_TARGET,917506,,,,Permanent/current target club_id 917506; old loan/future condition no longer represents 2026/27 state.,HIGH,https://www.avfc.co.uk/news/2026/january/27/signing-abraham-out-to-create-more-villa-memories/,https://www.transfermarkt.de/aston-villa/kader/verein/405/saison_id/2026/plus/1,"Clear stale condition safely, retain target club and other valid contract/profile data."
FM27-717a086a3615b7b2ad94acad,Paddy McNair,1995-04-27,ENG1,Hull City,TYPED_CONDITION,"Existing future, retirement, ban, or other condition requires a preserving typed plan",APPLY,PREEXISTING_RESOLUTION,,917532,,,,,,https://www.transfermarkt.de/hull-city/kader/verein/3008/saison_id/2026/plus/1,https://www.transfermarkt.de/hull-city/kader/verein/3008/saison_id/2026/plus/1,
FM27-eccd0a8f0889fd46c0876009,Jocelin Ta Bi,2005-02-09,ENG1,Sunderland,TYPED_CONDITION,Existing native loan condition requires verified current owner and return chronology,ESCALATE_TECHNICAL,FOOTBALL_RESOLVED_TECHNICAL_PLAN_REQUIRED,CLEAR_STALE_LOAN_KEEP_TARGET,917524,,,,Permanent/current target club_id 917524; old loan/future condition no longer represents 2026/27 state.,HIGH,https://www.safc.com/news/2026/january/16/jocelin-ta-bi-joins-sunderland-/,https://www.transfermarkt.de/afc-sunderland/kader/verein/289/saison_id/2026/plus/1,"Clear stale condition safely, retain target club and other valid contract/profile data."
FM27-ff88d94adb6748dc4f6bc138,Mykhaylo Mudryk,2001-01-05,ENG1,Tottenham Hotspur,TYPED_CONDITION,"Existing future, retirement, ban, or other condition requires a preserving typed plan",APPLY,PREEXISTING_RESOLUTION,,917514,,,,,,https://www.transfermarkt.de/tottenham-hotspur/kader/verein/148/saison_id/2026/plus/1,https://www.transfermarkt.de/tottenham-hotspur/kader/verein/148/saison_id/2026/plus/1,
FM27-8972043bd61e75ac138b4f3e,Jeanuël Belocian,2005-02-17,ESP1,Racing Santander,TYPED_CONDITION,"Existing future, retirement, ban, or other condition requires a preserving typed plan",APPLY,PREEXISTING_RESOLUTION,,2949137,,,,,,https://www.transfermarkt.de/racing-santander/kader/verein/630/saison_id/2026/plus/1,https://www.transfermarkt.de/racing-santander/kader/verein/630/saison_id/2026/plus/1,
FM27-e1c852485bb75c71d42944bb,Thiago Fernández,2004-04-03,ESP1,UD Levante,TYPED_CONDITION,"Existing future, retirement, ban, or other condition requires a preserving typed plan",ESCALATE_TECHNICAL,FOOTBALL_RESOLVED_TECHNICAL_PLAN_REQUIRED,SET_CURRENT_LOAN_PRESERVE_TYPED_CONDITION,2949128,3407878,2026-07-01,2027-06-30,"Active 2026/27 loan: owner 3407878 -> target 2949128, through 2027-06-30.",HIGH,https://villarrealcf.es/en/acuerdo-de-cesion-con-el-levante-por-thiago-fernandez/,https://www.transfermarkt.de/ud-levante/kader/verein/3368/saison_id/2026/plus/1,Repair/replace the stale typed condition with the exact current-loan native condition; no web research.
FM27-ceec33ada9d0ce5a084aa31b,Lucas Bretelle,2002-04-17,FRA1,FC Le Mans,TYPED_CONDITION,"Existing future, retirement, ban, or other condition requires a preserving typed plan",APPLY,PREEXISTING_RESOLUTION,,1179682,,,,,,https://www.transfermarkt.de/fc-le-mans/kader/verein/1164/saison_id/2026/plus/1,https://www.transfermarkt.de/fc-le-mans/kader/verein/1164/saison_id/2026/plus/1,
FM27-dc5e8f41abd4968711e95897,Adil Aouchiche,2002-07-15,GER1,FC Schalke 04,TYPED_CONDITION,Existing native loan condition requires verified current owner and return chronology,ESCALATE_TECHNICAL,FOOTBALL_RESOLVED_TECHNICAL_PLAN_REQUIRED,CLEAR_STALE_LOAN_KEEP_TARGET,1376266,,,,Permanent/current target club_id 1376266; old loan/future condition no longer represents 2026/27 state.,HIGH,https://www.bundesliga.com/en/2bundesliga/news/schalke-sign-adil-aouchiche-sunderland-psg-france-35878,https://www.transfermarkt.de/fc-schalke-04/kader/verein/33/saison_id/2026/plus/1,"Clear stale condition safely, retain target club and other valid contract/profile data."
FM27-f5e831c255ad6d2a92a8af45,Krisztián Keresztes,2000-01-04,GER2,SpVgg Greuther Fürth,TYPED_CONDITION,Existing native loan condition requires verified current owner and return chronology,ESCALATE_TECHNICAL,FOOTBALL_RESOLVED_TECHNICAL_PLAN_REQUIRED,SET_CURRENT_LOAN_PRESERVE_TYPED_CONDITION,1376288,2752515,2026-07-01,2027-06-30,"Active 2026/27 loan: owner 2752515 -> target 1376288, through 2027-06-30.",HIGH,https://www.sgf1903.de/news/profis-personal/kleeblatt-holt-innenverteidiger-keresztes,https://www.transfermarkt.de/spvgg-greuther-furth/kader/verein/65/saison_id/2026/plus/1,Repair/replace the stale typed condition with the exact current-loan native condition; no web research.
FM27-dfc472c5f7aa295a7b58ddd4,Jaaso Jantunen,2005-01-31,GER3,FC Hansa Rostock,TYPED_CONDITION,"Existing future, retirement, ban, or other condition requires a preserving typed plan",ESCALATE_TECHNICAL,FOOTBALL_RESOLVED_TECHNICAL_PLAN_REQUIRED,SET_CURRENT_LOAN_PRESERVE_TYPED_CONDITION,1376265,1376270,2026-07-01,2027-06-30,"Active 2026/27 loan: owner 1376270 -> target 1376265, through 2027-06-30.",HIGH,https://www.scfreiburg.com/aktuell/nachrichten/news-u23/2026/27/news/jantunen-auf-leihbasis-nach-rostock/,https://www.transfermarkt.de/fc-hansa-rostock/kader/verein/30/saison_id/2026/plus/1,Repair/replace the stale typed condition with the exact current-loan native condition; no web research.
FM27-1f3bfe3bfff60e88de0ceef8,John Posselt,2003-12-31,GER3,SSV Jahn Regensburg,TYPED_CONDITION,Existing native loan condition requires verified current owner and return chronology,ESCALATE_TECHNICAL,FOOTBALL_RESOLVED_TECHNICAL_PLAN_REQUIRED,CLEAR_STALE_LOAN_KEEP_TARGET,1376436,,,,Permanent/current target club_id 1376436; old loan/future condition no longer represents 2026/27 state.,HIGH,https://www.ssv-jahn.de/aktuelles/detail/ssv-jahn-verpflichtet-offensivkraft-john-posselt,https://www.transfermarkt.de/ssv-jahn-regensburg/kader/verein/109/saison_id/2026/plus/1,"Clear stale condition safely, retain target club and other valid contract/profile data."
FM27-bb81b979f364b88ba1370858,Manuel Riemann,1988-09-09,GER3,TSV Alemannia Aachen,TYPED_CONDITION,"Existing future, retirement, ban, or other condition requires a preserving typed plan",APPLY,PREEXISTING_RESOLUTION,,1376276,,,,,,https://www.transfermarkt.de/alemannia-aachen/kader/verein/8/saison_id/2026/plus/1,https://www.transfermarkt.de/alemannia-aachen/kader/verein/8/saison_id/2026/plus/1,
FM27-bec82c8ddf863cb45d6eef00,Alphadjo Cissè,2006-10-22,ITA1,AC Mailand,TYPED_CONDITION,Existing native loan condition requires verified current owner and return chronology,ESCALATE_TECHNICAL,FOOTBALL_RESOLVED_TECHNICAL_PLAN_REQUIRED,CLEAR_STALE_LOAN_KEEP_TARGET,1769474,,,,Permanent/current target club_id 1769474; old loan/future condition no longer represents 2026/27 state.,HIGH,https://www.acmilan.com/en/news/articles/media/2026-02-02/official-statement-alphadjo-cisse,https://www.transfermarkt.de/ac-mailand/kader/verein/5/saison_id/2026/plus/1,"Clear stale condition safely, retain target club and other valid contract/profile data."
FM27-3c9e04616a101200260024ea,Milos Jovic,2006-05-22,ITA1,US Lecce,TYPED_CONDITION,Existing native loan condition requires verified current owner and return chronology,ESCALATE_TECHNICAL,FOOTBALL_RESOLVED_TECHNICAL_PLAN_REQUIRED,CLEAR_STALE_LOAN_KEEP_TARGET,1769483,,,,Permanent/current target club_id 1769483; old loan/future condition no longer represents 2026/27 state.,HIGH,https://www.transfermarkt.de/us-lecce/kader/verein/1005/saison_id/2026/plus/1,https://www.transfermarkt.de/us-lecce/kader/verein/1005/saison_id/2026/plus/1,"Clear stale condition safely, retain target club and other valid contract/profile data."
FM27-76626eb1e2d10cf84095eef8,Matteo Dagasso,2004-04-01,ITA1,Venezia FC,TYPED_CONDITION,"Existing future, retirement, ban, or other condition requires a preserving typed plan",APPLY,PREEXISTING_RESOLUTION,,1769500,,,,,,https://www.transfermarkt.de/venezia-fc/kader/verein/607/saison_id/2026/plus/1,https://www.transfermarkt.de/venezia-fc/kader/verein/607/saison_id/2026/plus/1,
FM27-0a9032083dfc18532fede5aa,Shiloh 't Zand,2003-05-14,NED1,Fortuna Sittard,TYPED_CONDITION,"Existing future, retirement, ban, or other condition requires a preserving typed plan",ESCALATE_TECHNICAL,FOOTBALL_RESOLVED_TECHNICAL_PLAN_REQUIRED,SET_CURRENT_LOAN_PRESERVE_TYPED_CONDITION,2228247,2228232,2026-07-01,2027-06-30,"Active 2026/27 loan: owner 2228232 -> target 2228247, through 2027-06-30.",HIGH,https://www.feyenoord.com/nl/news/shiloh-t-zand-verhuurd-aan-fortuna-sittard-160726,https://www.transfermarkt.de/fortuna-sittard/kader/verein/385/saison_id/2026/plus/1,Repair/replace the stale typed condition with the exact current-loan native condition; no web research.
FM27-ce52bba1b4a84020d610df40,Amine Et-Taïbi,2003-02-05,NED1,Willem II Tilburg,TYPED_CONDITION,Existing native loan condition requires verified current owner and return chronology,ESCALATE_TECHNICAL,FOOTBALL_RESOLVED_TECHNICAL_PLAN_REQUIRED,CLEAR_STALE_LOAN_KEEP_TARGET,2228239,,,,Permanent/current target club_id 2228239; old loan/future condition no longer represents 2026/27 state.,HIGH,https://www.willem-ii.nl/artikel/willem-ii-contracteert-amine-et-taibi,https://www.transfermarkt.de/willem-ii-tilburg/kader/verein/403/saison_id/2026/plus/1,"Clear stale condition safely, retain target club and other valid contract/profile data."
FM27-2c6e317a9f19c990b1569faa,Vitinho,2003-03-25,POR1,CD Santa Clara,TYPED_CONDITION,Existing native loan condition requires verified current owner and return chronology,ESCALATE_TECHNICAL,FOOTBALL_RESOLVED_TECHNICAL_PLAN_REQUIRED,CLEAR_STALE_LOAN_KEEP_TARGET,2490388,,,,Permanent/current target club_id 2490388; old loan/future condition no longer represents 2026/27 state.,HIGH,https://www.transfermarkt.de/cd-santa-clara/kader/verein/2423/saison_id/2026/plus/1,https://www.transfermarkt.de/cd-santa-clara/kader/verein/2423/saison_id/2026/plus/1,"Clear stale condition safely, retain target club and other valid contract/profile data."
FM27-22101142207f0ae432fd30e5,Diogo Spencer,2004-04-17,POR1,FC Alverca,TYPED_CONDITION,Existing native loan condition requires verified current owner and return chronology,ESCALATE_TECHNICAL,FOOTBALL_RESOLVED_TECHNICAL_PLAN_REQUIRED,CLEAR_STALE_LOAN_KEEP_TARGET,2490393,,,,Permanent/current target club_id 2490393; old loan/future condition no longer represents 2026/27 state.,HIGH,https://www.transfermarkt.de/fc-alverca/kader/verein/2521/saison_id/2026/plus/1,https://www.transfermarkt.de/fc-alverca/kader/verein/2521/saison_id/2026/plus/1,"Clear stale condition safely, retain target club and other valid contract/profile data."
FM27-a971a51aff0f591e4a4463db,Mahamadou Susoho,2005-01-20,TUR1,Kocaelispor,TYPED_CONDITION,Existing native loan condition requires verified current owner and return chronology,ESCALATE_TECHNICAL,FOOTBALL_RESOLVED_TECHNICAL_PLAN_REQUIRED,CLEAR_STALE_LOAN_KEEP_TARGET,3145754,,,,Permanent/current target club_id 3145754; old loan/future condition no longer represents 2026/27 state.,HIGH,https://www.transfermarkt.de/kocaelispor/kader/verein/120/saison_id/2026/plus/1,https://www.transfermarkt.de/kocaelispor/kader/verein/120/saison_id/2026/plus/1,"Clear stale condition safely, retain target club and other valid contract/profile data."
FM27-1784f6005f4c04ccf26931f0,Elayis Tavsan,2001-04-30,TUR1,Samsunspor,TYPED_CONDITION,Existing native loan condition requires verified current owner and return chronology,ESCALATE_TECHNICAL,FOOTBALL_RESOLVED_TECHNICAL_PLAN_REQUIRED,CLEAR_STALE_LOAN_KEEP_TARGET,3145745,,,,Permanent/current target club_id 3145745; old loan/future condition no longer represents 2026/27 state.,HIGH,https://www.tff.org/Default.aspx?kisiId=2880795&pageId=30,https://www.transfermarkt.de/samsunspor/kader/verein/152/saison_id/2026/plus/1,"Clear stale condition safely, retain target club and other valid contract/profile data."
