league,club,club_tm_id,player_tm_id,source_player_name,profile_name,dob,native_fm_id,native_fifa_id,native_name,native_dob,native_club_id,target_club_id,status,identity_method,attempts,escalation,source_url,source_sha256,queue_source,queue_source_sha256,profile_retrieved_at,snapshot_date,provenance,candidate_fm_id,candidate_fifa_id,candidate_name,candidate_club_id
BEL1,Cercle Brügge,520,1086381,Erick Nunes,Erick Nunes,2004-02-29,,,,,,458755,REVIEW_REQUIRED,REVIEW_REQUIRED_AFTER_TWO_ATTEMPTS,fresh_profile_capture:NO_MATCH;native08_bridge:NO_UNIQUE_MATCH,Sol,https://www.transfermarkt.de/erick-nunes/profil/spieler/1086381,652cb2588f81bafc1d6ec1b37e98d4be542542a9ac03a88da6fe325742373258,https://www.transfermarkt.de/cercle-brugge/kader/verein/520/saison_id/2026/plus/1,7cdfb59fb0a1a9a437a93f97e502615933029fa25dc8530a34a7715ac5027f03,2026-09-12T20:10:35.506342+00:00,2026-09-12,Transfermarkt profile https://www.transfermarkt.de/erick-nunes/profil/spieler/1086381 sha256=652cb2588f81bafc1d6ec1b37e98d4be542542a9ac03a88da6fe325742373258; Native08 reread C:/FM27CommunityOverhaul/data/generated/native08-integrated-20260912-01-reread/native_players.csv produced no safe unique identity,236115,70115,Erick,458755
BEL1,Cercle Brügge,520,923838,Steve Ngoura,Steve Eyrolle Ngoura,2005-02-22,,,,,,458755,REVIEW_REQUIRED,REVIEW_REQUIRED_AFTER_TWO_ATTEMPTS,fresh_profile_capture:NO_MATCH;native08_bridge:NO_UNIQUE_MATCH,Sol,https://www.transfermarkt.de/steve-ngoura/profil/spieler/923838,801a7ec45ce0cebb70424af894a35433f00cd03a0c5f894a1aaee91470792df6,https://www.transfermarkt.de/cercle-brugge/kader/verein/520/saison_id/2026/plus/1,7cdfb59fb0a1a9a437a93f97e502615933029fa25dc8530a34a7715ac5027f03,2026-09-12T20:30:25.243250+00:00,2026-09-12,Transfermarkt profile https://www.transfermarkt.de/steve-ngoura/profil/spieler/923838 sha256=801a7ec45ce0cebb70424af894a35433f00cd03a0c5f894a1aaee91470792df6; Native08 reread C:/FM27CommunityOverhaul/data/generated/native08-integrated-20260912-01-reread/native_players.csv produced no safe unique identity,236110,271256,Steve N'Goura,458755
BEL1,Cercle Brügge,520,993333,Bas Langenbick,Bas Langenbick,2003-06-16,,,,,,458755,REVIEW_REQUIRED,REVIEW_REQUIRED_AFTER_TWO_ATTEMPTS,fresh_profile_capture:NO_MATCH;native08_bridge:NO_UNIQUE_MATCH,Sol,https://www.transfermarkt.de/bas-langenbick/profil/spieler/993333,ebc502a2296e4beff2a886c4df64de3fa45df382e2cbff13fa91e1ed1bb56bd6,https://www.transfermarkt.de/cercle-brugge/kader/verein/520/saison_id/2026/plus/1,7cdfb59fb0a1a9a437a93f97e502615933029fa25dc8530a34a7715ac5027f03,2026-09-12T20:09:58.489014+00:00,2026-09-12,Transfermarkt profile https://www.transfermarkt.de/bas-langenbick/profil/spieler/993333 sha256=ebc502a2296e4beff2a886c4df64de3fa45df382e2cbff13fa91e1ed1bb56bd6; Native08 reread C:/FM27CommunityOverhaul/data/generated/native08-integrated-20260912-01-reread/native_players.csv produced no safe unique identity,,,,
BEL1,Club Brügge,2282,1334900,Gianluca Okon-Engstler,Gianluca Tommaso	Okon-Engstler,2009-01-24,,,,,,458756,REVIEW_REQUIRED,REVIEW_REQUIRED_AFTER_TWO_ATTEMPTS,fresh_profile_capture:NO_MATCH;native08_bridge:NO_UNIQUE_MATCH,Sol,https://www.transfermarkt.de/gianluca-okon-engstler/profil/spieler/1334900,592070b80740a38e8dd277f3221f628d581b2e70eb4467c7ceff9818b0879393,https://www.transfermarkt.de/club-brugge/kader/verein/2282/saison_id/2026/plus/1,1fee205997362283be46f8cb9c009c85aa038ae7b79a372e8ad66b82b032cebd,2026-09-12T20:30:53.802626+00:00,2026-09-12,Transfermarkt profile https://www.transfermarkt.de/gianluca-okon-engstler/profil/spieler/1334900 sha256=592070b80740a38e8dd277f3221f628d581b2e70eb4467c7ceff9818b0879393; Native08 reread C:/FM27CommunityOverhaul/data/generated/native08-integrated-20260912-01-reread/native_players.csv produced no safe unique identity,235097,0,Gianluca Okon,458756
BEL1,KAA Gent,157,1473866,Ibrahima Cissé,Ibrahima Cissé,2007-09-24,,,,,,458753,REVIEW_REQUIRED,REVIEW_REQUIRED_AFTER_TWO_ATTEMPTS,fresh_profile_capture:NO_MATCH;native08_bridge:NO_UNIQUE_MATCH,Sol,https://www.transfermarkt.de/ibrahima-cisse/profil/spieler/1473866,962f8763e7843d37a826b84277a931df3b074eedeb4dc3750fb4d3cb7d1fe5a5,https://www.transfermarkt.de/kaa-gent/kader/verein/157/saison_id/2026/plus/1,a5b71d08783f71f42f77878fb8e7c874a9219213a9eb349e06a527ae5323fbd1,2026-09-12T20:12:59.310209+00:00,2026-09-12,Transfermarkt profile https://www.transfermarkt.de/ibrahima-cisse/profil/spieler/1473866 sha256=962f8763e7843d37a826b84277a931df3b074eedeb4dc3750fb4d3cb7d1fe5a5; Native08 reread C:/FM27CommunityOverhaul/data/generated/native08-integrated-20260912-01-reread/native_players.csv produced no safe unique identity,,,,
BEL1,KRC Genk,1184,1232104,Elie Mbavu,Elie Mbavu,2009-10-20,,,,,,458768,REVIEW_REQUIRED,REVIEW_REQUIRED_AFTER_TWO_ATTEMPTS,fresh_profile_capture:NO_MATCH;native08_bridge:NO_UNIQUE_MATCH,Sol,https://www.transfermarkt.de/elie-mbavu/profil/spieler/1232104,73559f6d1b60ecfdb1269a8ebd0bba8189aabb781ddc5a37a45044cc5d0d26a9,https://www.transfermarkt.de/krc-genk/kader/verein/1184/saison_id/2026/plus/1,85979abe0c47d79971cc0cee642e1248d1cad9da00ea0a7a7add7591bfc915c0,2026-09-12T20:11:41.187786+00:00,2026-09-12,Transfermarkt profile https://www.transfermarkt.de/elie-mbavu/profil/spieler/1232104 sha256=73559f6d1b60ecfdb1269a8ebd0bba8189aabb781ddc5a37a45044cc5d0d26a9; Native08 reread C:/FM27CommunityOverhaul/data/generated/native08-integrated-20260912-01-reread/native_players.csv produced no safe unique identity,,,,
BEL1,KV Kortrijk,601,1456177,Guust Lamerand,Guust Lamerand,2008-03-21,,,,,,458781,REVIEW_REQUIRED,REVIEW_REQUIRED_AFTER_TWO_ATTEMPTS,fresh_profile_capture:NO_MATCH;native08_bridge:NO_UNIQUE_MATCH,Sol,https://www.transfermarkt.de/guust-lamerand/profil/spieler/1456177,1d53ef1f742dc0e44b3ff979f5c6eca8281bf96698ac9afbe16eee7471f4eda9,https://www.transfermarkt.de/kv-kortrijk/kader/verein/601/saison_id/2026/plus/1,a4999f54d8da64602d94dda7998adfe30af76e24e0c684550e581e845d6cfc0c,2026-09-12T20:12:54.378028+00:00,2026-09-12,Transfermarkt profile https://www.transfermarkt.de/guust-lamerand/profil/spieler/1456177 sha256=1d53ef1f742dc0e44b3ff979f5c6eca8281bf96698ac9afbe16eee7471f4eda9; Native08 reread C:/FM27CommunityOverhaul/data/generated/native08-integrated-20260912-01-reread/native_players.csv produced no safe unique identity,,,,
BEL1,KV Mechelen,354,1192697,Axel Willockx,Axel Willockx,2007-02-07,,,,,,458787,REVIEW_REQUIRED,REVIEW_REQUIRED_AFTER_TWO_ATTEMPTS,fresh_profile_capture:NO_MATCH;native08_bridge:NO_UNIQUE_MATCH,Sol,https://www.transfermarkt.de/axel-willockx/profil/spieler/1192697,090df29cf949afbe408214080197a126c937135e21e8de5d55f5bf2e0745f6f2,https://www.transfermarkt.de/kv-mechelen/kader/verein/354/saison_id/2026/plus/1,def54d86d9d3b7a97807ef82c6b867bdf78c5b32694c9ea844fc271b85c916a5,2026-09-12T20:11:28.568339+00:00,2026-09-12,Transfermarkt profile https://www.transfermarkt.de/axel-willockx/profil/spieler/1192697 sha256=090df29cf949afbe408214080197a126c937135e21e8de5d55f5bf2e0745f6f2; Native08 reread C:/FM27CommunityOverhaul/data/generated/native08-integrated-20260912-01-reread/native_players.csv produced no safe unique identity,,,,
BEL1,KV Mechelen,354,1269453,Amine Ouahabi,أمين الوهابي,2008-07-04,,,,,,458787,REVIEW_REQUIRED,REVIEW_REQUIRED_AFTER_TWO_ATTEMPTS,fresh_profile_capture:NO_MATCH;native08_bridge:NO_UNIQUE_MATCH,Sol,https://www.transfermarkt.de/amine-ouahabi/profil/spieler/1269453,08ef3ae9993ac946d25bb8e6f9224a8aa2c2c509ff326ea21d17d7b0fe0af80f,https://www.transfermarkt.de/kv-mechelen/kader/verein/354/saison_id/2026/plus/1,def54d86d9d3b7a97807ef82c6b867bdf78c5b32694c9ea844fc271b85c916a5,2026-09-12T20:11:53.652606+00:00,2026-09-12,Transfermarkt profile https://www.transfermarkt.de/amine-ouahabi/profil/spieler/1269453 sha256=08ef3ae9993ac946d25bb8e6f9224a8aa2c2c509ff326ea21d17d7b0fe0af80f; Native08 reread C:/FM27CommunityOverhaul/data/generated/native08-integrated-20260912-01-reread/native_players.csv produced no safe unique identity,,,,
BEL1,KV Mechelen,354,1318352,Malcolm Lohunanu-Mbasi,Malcolm Bendele Lohunanu-Mbasi,2008-05-11,,,,,,458787,REVIEW_REQUIRED,REVIEW_REQUIRED_AFTER_TWO_ATTEMPTS,fresh_profile_capture:NO_MATCH;native08_bridge:NO_UNIQUE_MATCH,Sol,https://www.transfermarkt.de/malcolm-lohunanu-mbasi/profil/spieler/1318352,7fa78f1dbc32d0d993fd650d90615a86dcc0e0c822ed09f35739f840b995e4e2,https://www.transfermarkt.de/kv-mechelen/kader/verein/354/saison_id/2026/plus/1,def54d86d9d3b7a97807ef82c6b867bdf78c5b32694c9ea844fc271b85c916a5,2026-09-12T20:30:52.747151+00:00,2026-09-12,Transfermarkt profile https://www.transfermarkt.de/malcolm-lohunanu-mbasi/profil/spieler/1318352 sha256=7fa78f1dbc32d0d993fd650d90615a86dcc0e0c822ed09f35739f840b995e4e2; Native08 reread C:/FM27CommunityOverhaul/data/generated/native08-integrated-20260912-01-reread/native_players.csv produced no safe unique identity,235965,0,Malcolm,458787
BEL1,KV Mechelen,354,661208,Leo Hjelde,Leo Fuhr Hjelde,2003-08-26,23927,253969,Leo Fuhr Hjelde,2003-08-26,458787,458787,CONFIRMED,EXACT_PROFILE_DOB_NAME,fresh_profile_capture;native08_bridge,,https://www.transfermarkt.de/leo-hjelde/profil/spieler/661208,5a4ae600c04625c9e2c548ef1c1a8e32cd2e7b50cfce267ce38d1667d3c87781,https://www.transfermarkt.de/kv-mechelen/kader/verein/354/saison_id/2026/plus/1,def54d86d9d3b7a97807ef82c6b867bdf78c5b32694c9ea844fc271b85c916a5,2026-09-12T20:30:02.997416+00:00,2026-09-12,Transfermarkt profile https://www.transfermarkt.de/leo-hjelde/profil/spieler/661208 sha256=5a4ae600c04625c9e2c548ef1c1a8e32cd2e7b50cfce267ce38d1667d3c87781; Native08 reread C:/FM27CommunityOverhaul/data/generated/native08-integrated-20260912-01-reread/native_players.csv matched by EXACT_PROFILE_DOB_NAME,,,,
BEL1,KVC Westerlo,968,1047424,Jahnilo Wiegel-Triebel,Jahnilo Davon Jahzeël Wiegel-Triebel,2005-03-13,,,,,,458763,REVIEW_REQUIRED,REVIEW_REQUIRED_AFTER_TWO_ATTEMPTS,fresh_profile_capture:NO_MATCH;native08_bridge:NO_UNIQUE_MATCH,Sol,https://www.transfermarkt.de/jahnilo-wiegel-triebel/profil/spieler/1047424,69ba41b494867d5c8c842654260cb8097acec4c8d681b77ce24d552a56c524d0,https://www.transfermarkt.de/kvc-westerlo/kader/verein/968/saison_id/2026/plus/1,4b321535def794641a57896ea3b395b11fb16964a25bb51fab6f75bf5e2a3382,2026-09-12T20:10:14.441368+00:00,2026-09-12,Transfermarkt profile https://www.transfermarkt.de/jahnilo-wiegel-triebel/profil/spieler/1047424 sha256=69ba41b494867d5c8c842654260cb8097acec4c8d681b77ce24d552a56c524d0; Native08 reread C:/FM27CommunityOverhaul/data/generated/native08-integrated-20260912-01-reread/native_players.csv produced no safe unique identity,,,,
BEL1,KVC Westerlo,968,1467124,Abdoulaye Koné,Abdoulaye Koné,2006-02-01,,,,,,458763,REVIEW_REQUIRED,REVIEW_REQUIRED_AFTER_TWO_ATTEMPTS,fresh_profile_capture:NO_MATCH;native08_bridge:NO_UNIQUE_MATCH,Sol,https://www.transfermarkt.de/abdoulaye-kone/profil/spieler/1467124,eaf5d4dd6fc78df4dc3501f18a02a10b5c733770f1b91365129c1fbd08de0919,https://www.transfermarkt.de/kvc-westerlo/kader/verein/968/saison_id/2026/plus/1,4b321535def794641a57896ea3b395b11fb16964a25bb51fab6f75bf5e2a3382,2026-09-12T20:12:58.395837+00:00,2026-09-12,Transfermarkt profile https://www.transfermarkt.de/abdoulaye-kone/profil/spieler/1467124 sha256=eaf5d4dd6fc78df4dc3501f18a02a10b5c733770f1b91365129c1fbd08de0919; Native08 reread C:/FM27CommunityOverhaul/data/generated/native08-integrated-20260912-01-reread/native_players.csv produced no safe unique identity,,,,
BEL1,KVC Westerlo,968,1577556,Philippe Bibout,Philippe Didier Bibout,2008-06-01,,,,,,458763,REVIEW_REQUIRED,REVIEW_REQUIRED_AFTER_TWO_ATTEMPTS,fresh_profile_capture:NO_MATCH;native08_bridge:NO_UNIQUE_MATCH,Sol,https://www.transfermarkt.de/philippe-bibout/profil/spieler/1577556,103f3f667244b2bdb56b5f3805be2e931c0b51ca4604b4f2c0acb56ee364700a,https://www.transfermarkt.de/kvc-westerlo/kader/verein/968/saison_id/2026/plus/1,4b321535def794641a57896ea3b395b11fb16964a25bb51fab6f75bf5e2a3382,2026-09-12T20:13:22.882504+00:00,2026-09-12,Transfermarkt profile https://www.transfermarkt.de/philippe-bibout/profil/spieler/1577556 sha256=103f3f667244b2bdb56b5f3805be2e931c0b51ca4604b4f2c0acb56ee364700a; Native08 reread C:/FM27CommunityOverhaul/data/generated/native08-integrated-20260912-01-reread/native_players.csv produced no safe unique identity,,,,
BEL1,Lommel SK,5026,1072029,Alexander Reumers,Alexander Reumers,2007-04-27,,,,,,458783,REVIEW_REQUIRED,REVIEW_REQUIRED_AFTER_TWO_ATTEMPTS,fresh_profile_capture:NO_MATCH;native08_bridge:NO_UNIQUE_MATCH,Sol,https://www.transfermarkt.de/alexander-reumers/profil/spieler/1072029,9a612032df021fe7eacc87d224c12f1756eed717be41cbc211b68d6b3bb61909,https://www.transfermarkt.de/lommel-sk/kader/verein/5026/saison_id/2026/plus/1,9ff756a9f65fb1a83d753e141d2c89530fd8a9311bba2096f5846c718c381d8a,2026-09-12T20:10:24.504409+00:00,2026-09-12,Transfermarkt profile https://www.transfermarkt.de/alexander-reumers/profil/spieler/1072029 sha256=9a612032df021fe7eacc87d224c12f1756eed717be41cbc211b68d6b3bb61909; Native08 reread C:/FM27CommunityOverhaul/data/generated/native08-integrated-20260912-01-reread/native_players.csv produced no safe unique identity,,,,
BEL1,Lommel SK,5026,406559,Timothy Eyoma,Timothy Joel Eyoma,2000-01-29,,,,,,458783,REVIEW_REQUIRED,REVIEW_REQUIRED_AFTER_TWO_ATTEMPTS,fresh_profile_capture:NO_MATCH;native08_bridge:NO_UNIQUE_MATCH,Sol,https://www.transfermarkt.de/timothy-eyoma/profil/spieler/406559,31868a1506eec4eb7873adc0676ff9161ac9063ee3ec46be9d5996ed75882e5a,https://www.transfermarkt.de/lommel-sk/kader/verein/5026/saison_id/2026/plus/1,9ff756a9f65fb1a83d753e141d2c89530fd8a9311bba2096f5846c718c381d8a,2026-09-12T20:29:43.614419+00:00,2026-09-12,Transfermarkt profile https://www.transfermarkt.de/timothy-eyoma/profil/spieler/406559 sha256=31868a1506eec4eb7873adc0676ff9161ac9063ee3ec46be9d5996ed75882e5a; Native08 reread C:/FM27CommunityOverhaul/data/generated/native08-integrated-20260912-01-reread/native_players.csv produced no safe unique identity,237025,241040,TJ Eyoma,458783
BEL1,Lommel SK,5026,858324,Djordje Gordic,Ђорђе Гордић,2004-11-05,,,,,,458783,REVIEW_REQUIRED,REVIEW_REQUIRED_AFTER_TWO_ATTEMPTS,fresh_profile_capture:NO_MATCH;native08_bridge:NO_UNIQUE_MATCH,Sol,https://www.transfermarkt.de/djordje-gordic/profil/spieler/858324,45736d88af2b5f6c84b7fbbfaa86ea72f3533997b4d157708a9f14b8711f706f,https://www.transfermarkt.de/lommel-sk/kader/verein/5026/saison_id/2026/plus/1,9ff756a9f65fb1a83d753e141d2c89530fd8a9311bba2096f5846c718c381d8a,2026-09-12T20:09:29.471389+00:00,2026-09-12,Transfermarkt profile https://www.transfermarkt.de/djordje-gordic/profil/spieler/858324 sha256=45736d88af2b5f6c84b7fbbfaa86ea72f3533997b4d157708a9f14b8711f706f; Native08 reread C:/FM27CommunityOverhaul/data/generated/native08-integrated-20260912-01-reread/native_players.csv produced no safe unique identity,,,,
BEL1,Oud-Heverlee Leuven,2727,1211302,Matteo Heremans,Matteo Heremans,2006-01-08,,,,,,458775,REVIEW_REQUIRED,REVIEW_REQUIRED_AFTER_TWO_ATTEMPTS,fresh_profile_capture:NO_MATCH;native08_bridge:NO_UNIQUE_MATCH,Sol,https://www.transfermarkt.de/matteo-heremans/profil/spieler/1211302,992d51f9e5521fa8a0ad096d973e2ae9eb52d600a8ad4e951d93ce82ca4dd650,https://www.transfermarkt.de/oud-heverlee-leuven/kader/verein/2727/saison_id/2026/plus/1,13369b1472ae4137934608499f3a290781d8b7a96223b8e0488ea6f56621495e,2026-09-12T20:11:34.428066+00:00,2026-09-12,Transfermarkt profile https://www.transfermarkt.de/matteo-heremans/profil/spieler/1211302 sha256=992d51f9e5521fa8a0ad096d973e2ae9eb52d600a8ad4e951d93ce82ca4dd650; Native08 reread C:/FM27CommunityOverhaul/data/generated/native08-integrated-20260912-01-reread/native_players.csv produced no safe unique identity,,,,
BEL1,Oud-Heverlee Leuven,2727,946964,Viktor Damjanic,Viktor Damjanić,2005-11-03,,,,,,458775,REVIEW_REQUIRED,REVIEW_REQUIRED_AFTER_TWO_ATTEMPTS,fresh_profile_capture:NO_MATCH;native08_bridge:NO_UNIQUE_MATCH,Sol,https://www.transfermarkt.de/viktor-damjanic/profil/spieler/946964,44103bff85743ef630b92ac7603855af785b9a6cd3c0b9278ee0388af5c0bfb0,https://www.transfermarkt.de/oud-heverlee-leuven/kader/verein/2727/saison_id/2026/plus/1,13369b1472ae4137934608499f3a290781d8b7a96223b8e0488ea6f56621495e,2026-09-12T20:09:48.555404+00:00,2026-09-12,Transfermarkt profile https://www.transfermarkt.de/viktor-damjanic/profil/spieler/946964 sha256=44103bff85743ef630b92ac7603855af785b9a6cd3c0b9278ee0388af5c0bfb0; Native08 reread C:/FM27CommunityOverhaul/data/generated/native08-integrated-20260912-01-reread/native_players.csv produced no safe unique identity,,,,
BEL1,Royal Antwerpen FC,1096,1191562,Lowie Piselé,Lowie Peter Piselé,2009-09-17,,,,,,458785,REVIEW_REQUIRED,REVIEW_REQUIRED_AFTER_TWO_ATTEMPTS,fresh_profile_capture:NO_MATCH;native08_bridge:NO_UNIQUE_MATCH,Sol,https://www.transfermarkt.de/lowie-pisele/profil/spieler/1191562,b2a88fc3a528fdb750d898cf8a4726a743277e1d3845733c771b3b4486622c04,https://www.transfermarkt.de/royal-antwerpen-fc/kader/verein/1096/saison_id/2026/plus/1,eb2b5eea86d19deaf123189c966bf44bae4a2d94614134be4d229233c58d37aa,2026-09-12T20:11:27.622366+00:00,2026-09-12,Transfermarkt profile https://www.transfermarkt.de/lowie-pisele/profil/spieler/1191562 sha256=b2a88fc3a528fdb750d898cf8a4726a743277e1d3845733c771b3b4486622c04; Native08 reread C:/FM27CommunityOverhaul/data/generated/native08-integrated-20260912-01-reread/native_players.csv produced no safe unique identity,,,,
BEL1,Royal Antwerpen FC,1096,1293796,Farouck Adekami,Muhammed Farouck Adekami,2006-08-07,,,,,,458785,REVIEW_REQUIRED,REVIEW_REQUIRED_AFTER_TWO_ATTEMPTS,fresh_profile_capture:NO_MATCH;native08_bridge:NO_UNIQUE_MATCH,Sol,https://www.transfermarkt.de/farouck-adekami/profil/spieler/1293796,5db1d224c0af63d206a51643605a1b2c27a05cf96223e684ae16619d5c8c07d2,https://www.transfermarkt.de/royal-antwerpen-fc/kader/verein/1096/saison_id/2026/plus/1,eb2b5eea86d19deaf123189c966bf44bae4a2d94614134be4d229233c58d37aa,2026-09-12T20:11:57.783518+00:00,2026-09-12,Transfermarkt profile https://www.transfermarkt.de/farouck-adekami/profil/spieler/1293796 sha256=5db1d224c0af63d206a51643605a1b2c27a05cf96223e684ae16619d5c8c07d2; Native08 reread C:/FM27CommunityOverhaul/data/generated/native08-integrated-20260912-01-reread/native_players.csv produced no safe unique identity,,,,
BEL1,Royal Antwerpen FC,1096,1318279,Luca Schelfhout,Luca Schelfhout,2007-09-17,,,,,,458785,REVIEW_REQUIRED,REVIEW_REQUIRED_AFTER_TWO_ATTEMPTS,fresh_profile_capture:NO_MATCH;native08_bridge:NO_UNIQUE_MATCH,Sol,https://www.transfermarkt.de/luca-schelfhout/profil/spieler/1318279,68859ad378bc71a1de2ffe6c9f12e09a49c7f21e410babd622a254f9c74c1770,https://www.transfermarkt.de/royal-antwerpen-fc/kader/verein/1096/saison_id/2026/plus/1,eb2b5eea86d19deaf123189c966bf44bae4a2d94614134be4d229233c58d37aa,2026-09-12T20:12:15.049574+00:00,2026-09-12,Transfermarkt profile https://www.transfermarkt.de/luca-schelfhout/profil/spieler/1318279 sha256=68859ad378bc71a1de2ffe6c9f12e09a49c7f21e410babd622a254f9c74c1770; Native08 reread C:/FM27CommunityOverhaul/data/generated/native08-integrated-20260912-01-reread/native_players.csv produced no safe unique identity,,,,
BEL1,Royal Antwerpen FC,1096,1510005,Modibo Fofana,Modibo Fofana,2007-11-03,,,,,,458785,REVIEW_REQUIRED,REVIEW_REQUIRED_AFTER_TWO_ATTEMPTS,fresh_profile_capture:NO_MATCH;native08_bridge:NO_UNIQUE_MATCH,Sol,https://www.transfermarkt.de/modibo-fofana/profil/spieler/1510005,aa3bdef89be8a8b2cb3d01eb14438b3570827c96f1309b1e1d66b3e829413c06,https://www.transfermarkt.de/royal-antwerpen-fc/kader/verein/1096/saison_id/2026/plus/1,eb2b5eea86d19deaf123189c966bf44bae4a2d94614134be4d229233c58d37aa,2026-09-12T20:13:13.769378+00:00,2026-09-12,Transfermarkt profile https://www.transfermarkt.de/modibo-fofana/profil/spieler/1510005 sha256=aa3bdef89be8a8b2cb3d01eb14438b3570827c96f1309b1e1d66b3e829413c06; Native08 reread C:/FM27CommunityOverhaul/data/generated/native08-integrated-20260912-01-reread/native_players.csv produced no safe unique identity,,,,
BEL1,Royal Antwerpen FC,1096,1551902,Carlos Mejia,Carlos Daniel Mejía Klinger,2007-07-24,1628,0,Carlos Daniel Mejia Klinger,2007-07-24,458785,458785,CONFIRMED,EXACT_PROFILE_DOB_NAME,fresh_profile_capture;native08_bridge,,https://www.transfermarkt.de/carlos-mejia/profil/spieler/1551902,266652d7894686582ff0d631b9d99a39d1696071cf68556d46041b64fe063da9,https://www.transfermarkt.de/royal-antwerpen-fc/kader/verein/1096/saison_id/2026/plus/1,eb2b5eea86d19deaf123189c966bf44bae4a2d94614134be4d229233c58d37aa,2026-09-12T20:30:55.770675+00:00,2026-09-12,Transfermarkt profile https://www.transfermarkt.de/carlos-mejia/profil/spieler/1551902 sha256=266652d7894686582ff0d631b9d99a39d1696071cf68556d46041b64fe063da9; Native08 reread C:/FM27CommunityOverhaul/data/generated/native08-integrated-20260912-01-reread/native_players.csv matched by EXACT_PROFILE_DOB_NAME,,,,
BEL1,Royal Antwerpen FC,1096,1555142,Luis Narh,Luis Narh,2007-12-25,,,,,,458785,REVIEW_REQUIRED,REVIEW_REQUIRED_AFTER_TWO_ATTEMPTS,fresh_profile_capture:NO_MATCH;native08_bridge:NO_UNIQUE_MATCH,Sol,https://www.transfermarkt.de/luis-narh/profil/spieler/1555142,9450cae04eacdbfe9b1b044bd585bbbee9f28605c86ad15f153d17d816675cbc,https://www.transfermarkt.de/royal-antwerpen-fc/kader/verein/1096/saison_id/2026/plus/1,eb2b5eea86d19deaf123189c966bf44bae4a2d94614134be4d229233c58d37aa,2026-09-12T20:13:20.733340+00:00,2026-09-12,Transfermarkt profile https://www.transfermarkt.de/luis-narh/profil/spieler/1555142 sha256=9450cae04eacdbfe9b1b044bd585bbbee9f28605c86ad15f153d17d816675cbc; Native08 reread C:/FM27CommunityOverhaul/data/generated/native08-integrated-20260912-01-reread/native_players.csv produced no safe unique identity,,,,
BEL1,Royal Antwerpen FC,1096,763090,Mukhammadali Urinboev,Муҳаммадали Бахтиёр ўғли Ўринбоев,2005-04-24,,,,,,458785,REVIEW_REQUIRED,REVIEW_REQUIRED_AFTER_TWO_ATTEMPTS,fresh_profile_capture:NO_MATCH;native08_bridge:NO_UNIQUE_MATCH,Sol,https://www.transfermarkt.de/mukhammadali-urinboev/profil/spieler/763090,f3cbeafaadb5d41bbb8fa837dccd3a2cd722f1be41afcfbfeb265266b343827f,https://www.transfermarkt.de/royal-antwerpen-fc/kader/verein/1096/saison_id/2026/plus/1,eb2b5eea86d19deaf123189c966bf44bae4a2d94614134be4d229233c58d37aa,2026-09-12T20:30:18.179206+00:00,2026-09-12,Transfermarkt profile https://www.transfermarkt.de/mukhammadali-urinboev/profil/spieler/763090 sha256=f3cbeafaadb5d41bbb8fa837dccd3a2cd722f1be41afcfbfeb265266b343827f; Native08 reread C:/FM27CommunityOverhaul/data/generated/native08-integrated-20260912-01-reread/native_players.csv produced no safe unique identity,235347,79458,Muhammadali O'rinboyev,458785
BEL1,Royal Charleroi SC,172,1308524,Mory Kera,Mory Kera,2008-06-26,,,,,,458761,REVIEW_REQUIRED,REVIEW_REQUIRED_AFTER_TWO_ATTEMPTS,fresh_profile_capture:NO_MATCH;native08_bridge:NO_UNIQUE_MATCH,Sol,https://www.transfermarkt.de/mory-kera/profil/spieler/1308524,c606a5fdcc353cb09fd14eee8bf22c16de37edc9bd0fb8156620d53399d69231,https://www.transfermarkt.de/royal-charleroi-sc/kader/verein/172/saison_id/2026/plus/1,be345af7e14ab40246420c64e873b34283e56e8aafa6f5b344acf44cf11dfec1,2026-09-12T20:12:07.604064+00:00,2026-09-12,Transfermarkt profile https://www.transfermarkt.de/mory-kera/profil/spieler/1308524 sha256=c606a5fdcc353cb09fd14eee8bf22c16de37edc9bd0fb8156620d53399d69231; Native08 reread C:/FM27CommunityOverhaul/data/generated/native08-integrated-20260912-01-reread/native_players.csv produced no safe unique identity,,,,
BEL1,Royal Charleroi SC,172,1318685,Naël Piron,Naël Lucas Piron,2008-09-28,,,,,,458761,REVIEW_REQUIRED,REVIEW_REQUIRED_AFTER_TWO_ATTEMPTS,fresh_profile_capture:NO_MATCH;native08_bridge:NO_UNIQUE_MATCH,Sol,https://www.transfermarkt.de/nael-piron/profil/spieler/1318685,9cbca79ada9327192440a7582ea9727a07810617bb9e30459b31beead8ff4a38,https://www.transfermarkt.de/royal-charleroi-sc/kader/verein/172/saison_id/2026/plus/1,be345af7e14ab40246420c64e873b34283e56e8aafa6f5b344acf44cf11dfec1,2026-09-12T20:12:17.254318+00:00,2026-09-12,Transfermarkt profile https://www.transfermarkt.de/nael-piron/profil/spieler/1318685 sha256=9cbca79ada9327192440a7582ea9727a07810617bb9e30459b31beead8ff4a38; Native08 reread C:/FM27CommunityOverhaul/data/generated/native08-integrated-20260912-01-reread/native_players.csv produced no safe unique identity,,,,
BEL1,Royal Charleroi SC,172,820146,Check Keita,Check Keita,2003-04-02,,,,,,458761,REVIEW_REQUIRED,REVIEW_REQUIRED_AFTER_TWO_ATTEMPTS,fresh_profile_capture:NO_MATCH;native08_bridge:NO_UNIQUE_MATCH,Sol,https://www.transfermarkt.de/check-keita/profil/spieler/820146,8d790d89a7700fc2dd8ef7bf9c07c789b4839a8881af9ecee892f374d8ee37d0,https://www.transfermarkt.de/royal-charleroi-sc/kader/verein/172/saison_id/2026/plus/1,be345af7e14ab40246420c64e873b34283e56e8aafa6f5b344acf44cf11dfec1,2026-09-12T20:30:20.101054+00:00,2026-09-12,Transfermarkt profile https://www.transfermarkt.de/check-keita/profil/spieler/820146 sha256=8d790d89a7700fc2dd8ef7bf9c07c789b4839a8881af9ecee892f374d8ee37d0; Native08 reread C:/FM27CommunityOverhaul/data/generated/native08-integrated-20260912-01-reread/native_players.csv produced no safe unique identity,235539,272407,Cheick Keita,458761
BEL1,SK Beveren,28643,1492856,Junior Diouf,Raymond Junior Devis Diouf,2007-08-16,,,,,,458788,REVIEW_REQUIRED,REVIEW_REQUIRED_AFTER_TWO_ATTEMPTS,fresh_profile_capture:NO_MATCH;native08_bridge:NO_UNIQUE_MATCH,Sol,https://www.transfermarkt.de/junior-diouf/profil/spieler/1492856,ee8768f4049a7eab2621a80f0b7e50dd4ee882eeae447cbd3f43d0458f1ab5d7,https://www.transfermarkt.de/sk-beveren/kader/verein/28643/saison_id/2026/plus/1,7bd09a7ce8449fd8a09e77af941f3d0069233ed39a454f5073c6ab7bfe083ae7,2026-09-12T20:13:11.705541+00:00,2026-09-12,Transfermarkt profile https://www.transfermarkt.de/junior-diouf/profil/spieler/1492856 sha256=ee8768f4049a7eab2621a80f0b7e50dd4ee882eeae447cbd3f43d0458f1ab5d7; Native08 reread C:/FM27CommunityOverhaul/data/generated/native08-integrated-20260912-01-reread/native_players.csv produced no safe unique identity,,,,
BEL1,SK Beveren,28643,743377,Noah Mawete,Noah Emmanuel M. Mawete Kinsiona,2005-10-17,,,,,,458788,REVIEW_REQUIRED,REVIEW_REQUIRED_AFTER_TWO_ATTEMPTS,fresh_profile_capture:NO_MATCH;native08_bridge:NO_UNIQUE_MATCH,Sol,https://www.transfermarkt.de/noah-mawete/profil/spieler/743377,e5652f7dda03cd4e6acaa21bab2daeccf23cdb35b94c1f086e81f1327c8c6862,https://www.transfermarkt.de/sk-beveren/kader/verein/28643/saison_id/2026/plus/1,7bd09a7ce8449fd8a09e77af941f3d0069233ed39a454f5073c6ab7bfe083ae7,2026-09-12T20:30:16.761990+00:00,2026-09-12,Transfermarkt profile https://www.transfermarkt.de/noah-mawete/profil/spieler/743377 sha256=e5652f7dda03cd4e6acaa21bab2daeccf23cdb35b94c1f086e81f1327c8c6862; Native08 reread C:/FM27CommunityOverhaul/data/generated/native08-integrated-20260912-01-reread/native_players.csv produced no safe unique identity,236612,0,Noah Mawete Kinsiona,458788
BEL1,Union Saint-Gilloise,3948,839551,Ondrej Kricfalusi,Ondřej Kričfaluši,2004-03-09,,,,,,458780,REVIEW_REQUIRED,REVIEW_REQUIRED_AFTER_TWO_ATTEMPTS,fresh_profile_capture:NO_MATCH;native08_bridge:NO_UNIQUE_MATCH,Sol,https://www.transfermarkt.de/ondrej-kricfalusi/profil/spieler/839551,ddff822ca38b5b072162f8b442ad5ae213100c1ecb6d17b00bcdc2c284d04d99,https://www.transfermarkt.de/union-saint-gilloise/kader/verein/3948/saison_id/2026/plus/1,6678f90f37564c9f8683b893f1bf4bed395816093e2ee4489ebbda3dc900e98e,2026-09-12T20:09:28.430176+00:00,2026-09-12,Transfermarkt profile https://www.transfermarkt.de/ondrej-kricfalusi/profil/spieler/839551 sha256=ddff822ca38b5b072162f8b442ad5ae213100c1ecb6d17b00bcdc2c284d04d99; Native08 reread C:/FM27CommunityOverhaul/data/generated/native08-integrated-20260912-01-reread/native_players.csv produced no safe unique identity,,,,
BEL1,VV St. Truiden,475,1153358,Shion Shinkawa,新川 志音,2007-08-06,,,,,,458759,REVIEW_REQUIRED,REVIEW_REQUIRED_AFTER_TWO_ATTEMPTS,fresh_profile_capture:NO_MATCH;native08_bridge:NO_UNIQUE_MATCH,Sol,https://www.transfermarkt.de/shion-shinkawa/profil/spieler/1153358,bc580aeb52c778092300ea46eab8670e423ce11176b3684fe88417c19157910f,https://www.transfermarkt.de/vv-st-truiden/kader/verein/475/saison_id/2026/plus/1,c0e976a963b2c1507ec52e39bab62ae405f89e7c2149e5b8ecc88e56b4f6ff7a,2026-09-12T20:11:05.544425+00:00,2026-09-12,Transfermarkt profile https://www.transfermarkt.de/shion-shinkawa/profil/spieler/1153358 sha256=bc580aeb52c778092300ea46eab8670e423ce11176b3684fe88417c19157910f; Native08 reread C:/FM27CommunityOverhaul/data/generated/native08-integrated-20260912-01-reread/native_players.csv produced no safe unique identity,,,,
BEL1,VV St. Truiden,475,1231354,Jeremy Mbambi,Jeremy Kandje Mbambi,2008-05-04,287510,80810,Jeremy Kandje Mbambi,2008-05-04,458759,458759,CONFIRMED,EXACT_PROFILE_DOB_NAME,fresh_profile_capture;native08_bridge,,https://www.transfermarkt.de/jeremy-mbambi/profil/spieler/1231354,f217c9d24eadfac4ae25e7d6d52db59443eacf7c6053c83e417bb8d37f37502e,https://www.transfermarkt.de/vv-st-truiden/kader/verein/475/saison_id/2026/plus/1,c0e976a963b2c1507ec52e39bab62ae405f89e7c2149e5b8ecc88e56b4f6ff7a,2026-09-12T20:30:49.865987+00:00,2026-09-12,Transfermarkt profile https://www.transfermarkt.de/jeremy-mbambi/profil/spieler/1231354 sha256=f217c9d24eadfac4ae25e7d6d52db59443eacf7c6053c83e417bb8d37f37502e; Native08 reread C:/FM27CommunityOverhaul/data/generated/native08-integrated-20260912-01-reread/native_players.csv matched by EXACT_PROFILE_DOB_NAME,,,,
BEL1,VV St. Truiden,475,1389531,Yanis Ngoy,Nkima Yanis Ngoy,2008-08-24,,,,,,458759,REVIEW_REQUIRED,REVIEW_REQUIRED_AFTER_TWO_ATTEMPTS,fresh_profile_capture:NO_MATCH;native08_bridge:NO_UNIQUE_MATCH,Sol,https://www.transfermarkt.de/yanis-ngoy/profil/spieler/1389531,dcd72a8a3a2c6eb50cc9971f4dd872325ec88aab2e57a91dfee12255156bea04,https://www.transfermarkt.de/vv-st-truiden/kader/verein/475/saison_id/2026/plus/1,c0e976a963b2c1507ec52e39bab62ae405f89e7c2149e5b8ecc88e56b4f6ff7a,2026-09-12T20:12:39.277293+00:00,2026-09-12,Transfermarkt profile https://www.transfermarkt.de/yanis-ngoy/profil/spieler/1389531 sha256=dcd72a8a3a2c6eb50cc9971f4dd872325ec88aab2e57a91dfee12255156bea04; Native08 reread C:/FM27CommunityOverhaul/data/generated/native08-integrated-20260912-01-reread/native_players.csv produced no safe unique identity,,,,
BEL1,Zulte Waregem,3508,1507561,Mouhamadou Sall,Mouhamadou Yoro Sall,2007-10-21,,,,,,458782,REVIEW_REQUIRED,REVIEW_REQUIRED_AFTER_TWO_ATTEMPTS,fresh_profile_capture:NO_MATCH;native08_bridge:NO_UNIQUE_MATCH,Sol,https://www.transfermarkt.de/mouhamadou-sall/profil/spieler/1507561,475f80c7ffb6b3c585765053fd43b35bbad380e1d60831782067a08b7f0740db,https://www.transfermarkt.de/zulte-waregem/kader/verein/3508/saison_id/2026/plus/1,0acbb0eca1723445958969f80be44f59778e527ba0095de244c35e56e3b9068e,2026-09-12T20:13:12.732552+00:00,2026-09-12,Transfermarkt profile https://www.transfermarkt.de/mouhamadou-sall/profil/spieler/1507561 sha256=475f80c7ffb6b3c585765053fd43b35bbad380e1d60831782067a08b7f0740db; Native08 reread C:/FM27CommunityOverhaul/data/generated/native08-integrated-20260912-01-reread/native_players.csv produced no safe unique identity,,,,
CZE1,1.FC Slovacko,5544,1339658,Filip Hruska,Filip Hruška,2008-08-29,,,,,,786461,REVIEW_REQUIRED,REVIEW_REQUIRED_AFTER_TWO_ATTEMPTS,fresh_profile_capture:NO_MATCH;native08_bridge:NO_UNIQUE_MATCH,Sol,https://www.transfermarkt.de/filip-hruska/profil/spieler/1339658,0877e14f910b171b4357f9efccede8ad2bb9772a601331008cd00082c8b64ff1,https://www.transfermarkt.de/1-fc-slovacko/kader/verein/5544/saison_id/2026/plus/1,42dab36a10cfd13d442ece1bb7499f652fac54d38b8eba2248452673a53bcacf,2026-09-12T20:12:20.704832+00:00,2026-09-12,Transfermarkt profile https://www.transfermarkt.de/filip-hruska/profil/spieler/1339658 sha256=0877e14f910b171b4357f9efccede8ad2bb9772a601331008cd00082c8b64ff1; Native08 reread C:/FM27CommunityOverhaul/data/generated/native08-integrated-20260912-01-reread/native_players.csv produced no safe unique identity,,,,
CZE1,1.FC Slovacko,5544,1372149,Gibril Sosseh,Gibril Sosseh,2007-01-01,,,,,,786461,REVIEW_REQUIRED,REVIEW_REQUIRED_AFTER_TWO_ATTEMPTS,fresh_profile_capture:NO_MATCH;native08_bridge:NO_UNIQUE_MATCH,Sol,https://www.transfermarkt.de/gibril-sosseh/profil/spieler/1372149,974f3a7d623eaed2a984bc1e8363f922e8fb7eafc791c45aafd902f36aa04c03,https://www.transfermarkt.de/1-fc-slovacko/kader/verein/5544/saison_id/2026/plus/1,42dab36a10cfd13d442ece1bb7499f652fac54d38b8eba2248452673a53bcacf,2026-09-12T20:12:35.384787+00:00,2026-09-12,Transfermarkt profile https://www.transfermarkt.de/gibril-sosseh/profil/spieler/1372149 sha256=974f3a7d623eaed2a984bc1e8363f922e8fb7eafc791c45aafd902f36aa04c03; Native08 reread C:/FM27CommunityOverhaul/data/generated/native08-integrated-20260912-01-reread/native_players.csv produced no safe unique identity,,,,
CZE1,AC Sparta Prag,197,1118150,Emmanuel Uchenna,Emmanuel Uchenna Aririerisim,2003-12-04,,,,,,786442,REVIEW_REQUIRED,REVIEW_REQUIRED_AFTER_TWO_ATTEMPTS,fresh_profile_capture:NO_MATCH;native08_bridge:NO_UNIQUE_MATCH,Sol,https://www.transfermarkt.de/emmanuel-uchenna/profil/spieler/1118150,13f3f1f45cde9943f86bd88cfd9aad1451b9848785dcf2140ceb90863b227f82,https://www.transfermarkt.de/ac-sparta-prag/kader/verein/197/saison_id/2026/plus/1,6b74c895ae1857517e5325904312eb2643155a1ddb4be2ba7e884a9840dcea35,2026-09-12T20:30:43.866207+00:00,2026-09-12,Transfermarkt profile https://www.transfermarkt.de/emmanuel-uchenna/profil/spieler/1118150 sha256=13f3f1f45cde9943f86bd88cfd9aad1451b9848785dcf2140ceb90863b227f82; Native08 reread C:/FM27CommunityOverhaul/data/generated/native08-integrated-20260912-01-reread/native_players.csv produced no safe unique identity,295986,76097,Uchenna Aririerisim,786442
CZE1,Bohemians Prag 1905,715,1237999,Samuel Obinaya,Обінайя Самуель Стівович,2005-08-28,,,,,,786453,REVIEW_REQUIRED,REVIEW_REQUIRED_AFTER_TWO_ATTEMPTS,fresh_profile_capture:NO_MATCH;native08_bridge:NO_UNIQUE_MATCH,Sol,https://www.transfermarkt.de/samuel-obinaya/profil/spieler/1237999,cd866ee2530870c1f2c50fb07113fbad78453adb83db5dabd36cb9c927feb028,https://www.transfermarkt.de/bohemians-prag-1905/kader/verein/715/saison_id/2026/plus/1,ebdb6624691ca6718b5ca6df413da8f706167c604575caed018b5bb2940716cb,2026-09-12T20:11:44.664086+00:00,2026-09-12,Transfermarkt profile https://www.transfermarkt.de/samuel-obinaya/profil/spieler/1237999 sha256=cd866ee2530870c1f2c50fb07113fbad78453adb83db5dabd36cb9c927feb028; Native08 reread C:/FM27CommunityOverhaul/data/generated/native08-integrated-20260912-01-reread/native_players.csv produced no safe unique identity,,,,
CZE1,Bohemians Prag 1905,715,975321,Mohamed Yasser,Mohamed Yasser Nour,2001-05-05,,,,,,786453,REVIEW_REQUIRED,REVIEW_REQUIRED_AFTER_TWO_ATTEMPTS,fresh_profile_capture:NO_MATCH;native08_bridge:NO_UNIQUE_MATCH,Sol,https://www.transfermarkt.de/mohamed-yasser/profil/spieler/975321,4fb4d574fb4d8a7bbb8eec8ade97b3788a0dfba9b105db2f8af4f0eac624fe80,https://www.transfermarkt.de/bohemians-prag-1905/kader/verein/715/saison_id/2026/plus/1,ebdb6624691ca6718b5ca6df413da8f706167c604575caed018b5bb2940716cb,2026-09-12T20:09:57.415038+00:00,2026-09-12,Transfermarkt profile https://www.transfermarkt.de/mohamed-yasser/profil/spieler/975321 sha256=4fb4d574fb4d8a7bbb8eec8ade97b3788a0dfba9b105db2f8af4f0eac624fe80; Native08 reread C:/FM27CommunityOverhaul/data/generated/native08-integrated-20260912-01-reread/native_players.csv produced no safe unique identity,,,,
CZE1,FC Banik Ostrau,377,1052374,Yevgeniy Skyba,Скиба Євгеній Володимирович,2003-03-25,,,,,,786446,REVIEW_REQUIRED,REVIEW_REQUIRED_AFTER_TWO_ATTEMPTS,fresh_profile_capture:NO_MATCH;native08_bridge:NO_UNIQUE_MATCH,Sol,https://www.transfermarkt.de/yevgeniy-skyba/profil/spieler/1052374,e20940a39060e2fac9edd7d599a088d929316c07b6b416a655df17697a0d7d2e,https://www.transfermarkt.de/fc-banik-ostrau/kader/verein/377/saison_id/2026/plus/1,3717000ca143110b9cff7bc66843b5e54104cdaa75d0e196220c4e77c8b4d611,2026-09-12T20:10:17.590390+00:00,2026-09-12,Transfermarkt profile https://www.transfermarkt.de/yevgeniy-skyba/profil/spieler/1052374 sha256=e20940a39060e2fac9edd7d599a088d929316c07b6b416a655df17697a0d7d2e; Native08 reread C:/FM27CommunityOverhaul/data/generated/native08-integrated-20260912-01-reread/native_players.csv produced no safe unique identity,,,,
CZE1,FC Banik Ostrau,377,1118054,Abdullahi Bewene,Abdullahi Ibrahim Bewene,2004-11-29,,,,,,786446,REVIEW_REQUIRED,REVIEW_REQUIRED_AFTER_TWO_ATTEMPTS,fresh_profile_capture:NO_MATCH;native08_bridge:NO_UNIQUE_MATCH,Sol,https://www.transfermarkt.de/abdullahi-bewene/profil/spieler/1118054,247feea597ba63938c0834d076bbfdc5fc0a3482f850c5a30fc51b88d2b2dbb8,https://www.transfermarkt.de/fc-banik-ostrau/kader/verein/377/saison_id/2026/plus/1,3717000ca143110b9cff7bc66843b5e54104cdaa75d0e196220c4e77c8b4d611,2026-09-12T20:30:42.924718+00:00,2026-09-12,Transfermarkt profile https://www.transfermarkt.de/abdullahi-bewene/profil/spieler/1118054 sha256=247feea597ba63938c0834d076bbfdc5fc0a3482f850c5a30fc51b88d2b2dbb8; Native08 reread C:/FM27CommunityOverhaul/data/generated/native08-integrated-20260912-01-reread/native_players.csv produced no safe unique identity,296616,0,Ibrahim Bewene,786446
CZE1,FC Banik Ostrau,377,726014,Maksym Dyachuk,Дячук Максим Ростиславович,2003-07-21,,,,,,786446,REVIEW_REQUIRED,REVIEW_REQUIRED_AFTER_TWO_ATTEMPTS,fresh_profile_capture:NO_MATCH;native08_bridge:NO_UNIQUE_MATCH,Sol,https://www.transfermarkt.de/maksym-dyachuk/profil/spieler/726014,e9bd243126b449ba3bfe8a5dee044f51895766951da6d57cb53fedb88ec7e183,https://www.transfermarkt.de/fc-banik-ostrau/kader/verein/377/saison_id/2026/plus/1,3717000ca143110b9cff7bc66843b5e54104cdaa75d0e196220c4e77c8b4d611,2026-09-12T20:09:09.491948+00:00,2026-09-12,Transfermarkt profile https://www.transfermarkt.de/maksym-dyachuk/profil/spieler/726014 sha256=e9bd243126b449ba3bfe8a5dee044f51895766951da6d57cb53fedb88ec7e183; Native08 reread C:/FM27CommunityOverhaul/data/generated/native08-integrated-20260912-01-reread/native_players.csv produced no safe unique identity,,,,
CZE1,FC Slovan Liberec,697,482386,Qëndrim Zyba,Qëndrim Zyba,2001-02-03,,,,,,786438,REVIEW_REQUIRED,REVIEW_REQUIRED_AFTER_TWO_ATTEMPTS,fresh_profile_capture:NO_MATCH;native08_bridge:NO_UNIQUE_MATCH,Sol,https://www.transfermarkt.de/qendrim-zyba/profil/spieler/482386,747e9e5b05873968e9b8f2ef7b3cf86395ac48ce12574d8eedffdde0d355ac24,https://www.transfermarkt.de/fc-slovan-liberec/kader/verein/697/saison_id/2026/plus/1,6aba2d7156fcbb82e5f0f245492c388de338ad498bd8ff4bd953a9b7fb194317,2026-09-12T20:08:26.047428+00:00,2026-09-12,Transfermarkt profile https://www.transfermarkt.de/qendrim-zyba/profil/spieler/482386 sha256=747e9e5b05873968e9b8f2ef7b3cf86395ac48ce12574d8eedffdde0d355ac24; Native08 reread C:/FM27CommunityOverhaul/data/generated/native08-integrated-20260912-01-reread/native_players.csv produced no safe unique identity,,,,
CZE1,FC Viktoria Pilsen,941,569367,Cheick Souaré,Cheick Oumar Souaré,2002-09-03,296378,257306,Cheick Oumar Souaré,2002-09-03,786450,786450,CONFIRMED,EXACT_PROFILE_DOB_NAME,fresh_profile_capture;native08_bridge,,https://www.transfermarkt.de/cheick-souare/profil/spieler/569367,165e6570911b04ac198b3fdef29f2a52ff07d846c64d59161f7c6f13bf13be38,https://www.transfermarkt.de/fc-viktoria-pilsen/kader/verein/941/saison_id/2026/plus/1,996e90d35b62a49d97cf67985e3302e6eb90152f4e1be1f533a26fcd90f8e7ac,2026-09-12T20:29:57.096331+00:00,2026-09-12,Transfermarkt profile https://www.transfermarkt.de/cheick-souare/profil/spieler/569367 sha256=165e6570911b04ac198b3fdef29f2a52ff07d846c64d59161f7c6f13bf13be38; Native08 reread C:/FM27CommunityOverhaul/data/generated/native08-integrated-20260912-01-reread/native_players.csv matched by EXACT_PROFILE_DOB_NAME,,,,
CZE1,FC Zbrojovka Brünn,5225,943864,Colin Andrew,Colin Andrew,2004-02-25,,,,,,786447,REVIEW_REQUIRED,REVIEW_REQUIRED_AFTER_TWO_ATTEMPTS,fresh_profile_capture:NO_MATCH;native08_bridge:NO_UNIQUE_MATCH,Sol,https://www.transfermarkt.de/colin-andrew/profil/spieler/943864,478e45c4667ce3a674cc28930c9f63f75989a7667a6d5741ce79fb5918adc032,https://www.transfermarkt.de/fc-zbrojovka-brunn/kader/verein/5225/saison_id/2026/plus/1,1aeecf841a85ad9d35469b9ba37af49f38aee1b2e160fdd7ebc2df04f3863d83,2026-09-12T20:09:46.455913+00:00,2026-09-12,Transfermarkt profile https://www.transfermarkt.de/colin-andrew/profil/spieler/943864 sha256=478e45c4667ce3a674cc28930c9f63f75989a7667a6d5741ce79fb5918adc032; Native08 reread C:/FM27CommunityOverhaul/data/generated/native08-integrated-20260912-01-reread/native_players.csv produced no safe unique identity,,,,
CZE1,FC Zlin,5545,1180963,Prince Emmanuel,Prince Chibuzor Emmanuel,2005-03-30,134512,0,Prince Chibuzor Emmanuel,2005-03-30,786445,786445,CONFIRMED,EXACT_PROFILE_DOB_NAME,fresh_profile_capture;native08_bridge,,https://www.transfermarkt.de/prince-emmanuel/profil/spieler/1180963,ab0dbba3aa3e5771f772ca93b616e2eeb2ef7f2db0fe6eb413b4823e0413bfb4,https://www.transfermarkt.de/fc-zlin/kader/verein/5545/saison_id/2026/plus/1,145632bcb3322adba503e23b5de14e7fcaebb0cc067878f73ac83683b3023bd4,2026-09-12T20:30:45.754217+00:00,2026-09-12,Transfermarkt profile https://www.transfermarkt.de/prince-emmanuel/profil/spieler/1180963 sha256=ab0dbba3aa3e5771f772ca93b616e2eeb2ef7f2db0fe6eb413b4823e0413bfb4; Native08 reread C:/FM27CommunityOverhaul/data/generated/native08-integrated-20260912-01-reread/native_players.csv matched by EXACT_PROFILE_DOB_NAME,,,,
CZE1,FC Zlin,5545,1523194,Moustapha Toure,Mouhamed Moustapha Alassane Toure,2007-10-04,,,,,,786445,REVIEW_REQUIRED,REVIEW_REQUIRED_AFTER_TWO_ATTEMPTS,fresh_profile_capture:NO_MATCH;native08_bridge:NO_UNIQUE_MATCH,Sol,https://www.transfermarkt.de/moustapha-toure/profil/spieler/1523194,2962cf94562026350dcdad7a486b26f0b5953da89de36b5435ddc050bca75f48,https://www.transfermarkt.de/fc-zlin/kader/verein/5545/saison_id/2026/plus/1,145632bcb3322adba503e23b5de14e7fcaebb0cc067878f73ac83683b3023bd4,2026-09-12T20:13:15.708435+00:00,2026-09-12,Transfermarkt profile https://www.transfermarkt.de/moustapha-toure/profil/spieler/1523194 sha256=2962cf94562026350dcdad7a486b26f0b5953da89de36b5435ddc050bca75f48; Native08 reread C:/FM27CommunityOverhaul/data/generated/native08-integrated-20260912-01-reread/native_players.csv produced no safe unique identity,,,,
CZE1,FK Jablonec,1322,107665,Filip Novak,Filip Novák,1990-06-26,,,,,,786437,REVIEW_REQUIRED,REVIEW_REQUIRED_AFTER_TWO_ATTEMPTS,fresh_profile_capture:NO_MATCH;native08_bridge:NO_UNIQUE_MATCH,Sol,https://www.transfermarkt.de/filip-novak/profil/spieler/107665,c69c0dc8911eca0531b72da5db0cca21a191d6ff15952655509f2fd81b99b8ba,https://www.transfermarkt.de/fk-jablonec/kader/verein/1322/saison_id/2026/plus/1,fa6bc207fa67c20e0cd9ca574d81e19d3d8b6b77840b71993b1620a5a4b28b21,2026-09-12T20:07:53.779933+00:00,2026-09-12,Transfermarkt profile https://www.transfermarkt.de/filip-novak/profil/spieler/107665 sha256=c69c0dc8911eca0531b72da5db0cca21a191d6ff15952655509f2fd81b99b8ba; Native08 reread C:/FM27CommunityOverhaul/data/generated/native08-integrated-20260912-01-reread/native_players.csv produced no safe unique identity,,,,
CZE1,FK Mlada Boleslav,5546,1048442,Bolu Ogungbayi,Boluwatife Victor Ogungbayi,2004-05-16,,,,,,786434,REVIEW_REQUIRED,REVIEW_REQUIRED_AFTER_TWO_ATTEMPTS,fresh_profile_capture:NO_MATCH;native08_bridge:NO_UNIQUE_MATCH,Sol,https://www.transfermarkt.de/bolu-ogungbayi/profil/spieler/1048442,077d2f19049ad86899b91edfaf5bd5e47a5857673e316c0a930a9ecdae35deab,https://www.transfermarkt.de/fk-mlada-boleslav/kader/verein/5546/saison_id/2026/plus/1,5a8600e42926651e56482ac4dac8c6e5e0e3e1754eacf142566e811f0e9bca53,2026-09-12T20:10:16.524087+00:00,2026-09-12,Transfermarkt profile https://www.transfermarkt.de/bolu-ogungbayi/profil/spieler/1048442 sha256=077d2f19049ad86899b91edfaf5bd5e47a5857673e316c0a930a9ecdae35deab; Native08 reread C:/FM27CommunityOverhaul/data/generated/native08-integrated-20260912-01-reread/native_players.csv produced no safe unique identity,,,,
CZE1,FK Mlada Boleslav,5546,1166018,Jan Jinoch,Jan Jinoch,2006-05-02,,,,,,786434,REVIEW_REQUIRED,REVIEW_REQUIRED_AFTER_TWO_ATTEMPTS,fresh_profile_capture:NO_MATCH;native08_bridge:NO_UNIQUE_MATCH,Sol,https://www.transfermarkt.de/jan-jinoch/profil/spieler/1166018,9119e511266521455ef9eaddd55c99f68f462792165f0582b3493c4dc0b92894,https://www.transfermarkt.de/fk-mlada-boleslav/kader/verein/5546/saison_id/2026/plus/1,5a8600e42926651e56482ac4dac8c6e5e0e3e1754eacf142566e811f0e9bca53,2026-09-12T20:11:10.562073+00:00,2026-09-12,Transfermarkt profile https://www.transfermarkt.de/jan-jinoch/profil/spieler/1166018 sha256=9119e511266521455ef9eaddd55c99f68f462792165f0582b3493c4dc0b92894; Native08 reread C:/FM27CommunityOverhaul/data/generated/native08-integrated-20260912-01-reread/native_players.csv produced no safe unique identity,,,,
CZE1,FK Mlada Boleslav,5546,941029,Dominik Mares,Dominik Mareš,2003-02-03,,,,,,786434,REVIEW_REQUIRED,REVIEW_REQUIRED_AFTER_TWO_ATTEMPTS,fresh_profile_capture:NO_MATCH;native08_bridge:NO_UNIQUE_MATCH,Sol,https://www.transfermarkt.de/dominik-mares/profil/spieler/941029,5dea33fc95fc4c446139b5c9e266eb7ed1c876af3663d9d3020a0ad6b97ddea1,https://www.transfermarkt.de/fk-mlada-boleslav/kader/verein/5546/saison_id/2026/plus/1,5a8600e42926651e56482ac4dac8c6e5e0e3e1754eacf142566e811f0e9bca53,2026-09-12T20:09:45.973082+00:00,2026-09-12,Transfermarkt profile https://www.transfermarkt.de/dominik-mares/profil/spieler/941029 sha256=5dea33fc95fc4c446139b5c9e266eb7ed1c876af3663d9d3020a0ad6b97ddea1; Native08 reread C:/FM27CommunityOverhaul/data/generated/native08-integrated-20260912-01-reread/native_players.csv produced no safe unique identity,,,,
CZE1,FK Pardubice,1496,1013809,Jiri Zima,Jiří Zima,2007-12-21,,,,,,790538,REVIEW_REQUIRED,REVIEW_REQUIRED_AFTER_TWO_ATTEMPTS,fresh_profile_capture:NO_MATCH;native08_bridge:NO_UNIQUE_MATCH,Sol,https://www.transfermarkt.de/jiri-zima/profil/spieler/1013809,1bad1aecc0f2c4585928e17be1969f2ca10fec44513a706a08f4f835fd501028,https://www.transfermarkt.de/fk-pardubice/kader/verein/1496/saison_id/2026/plus/1,ff994ed3554101d4e2a5377d206e013ac142ca4f73f68a0c406e2cc0d305e0ef,2026-09-12T20:10:07.467349+00:00,2026-09-12,Transfermarkt profile https://www.transfermarkt.de/jiri-zima/profil/spieler/1013809 sha256=1bad1aecc0f2c4585928e17be1969f2ca10fec44513a706a08f4f835fd501028; Native08 reread C:/FM27CommunityOverhaul/data/generated/native08-integrated-20260912-01-reread/native_players.csv produced no safe unique identity,,,,
CZE1,FK Pardubice,1496,1063475,Mouhamed Tidjane Traore,Mouhamed Tidjane Traore,2003-03-21,,,,,,790538,REVIEW_REQUIRED,REVIEW_REQUIRED_AFTER_TWO_ATTEMPTS,fresh_profile_capture:NO_MATCH;native08_bridge:NO_UNIQUE_MATCH,Sol,https://www.transfermarkt.de/mouhamed-tidjane-traore/profil/spieler/1063475,eed91cb9db5d13265ee90a7935371dddf5586211544a531bd86fa96d9687a5e5,https://www.transfermarkt.de/fk-pardubice/kader/verein/1496/saison_id/2026/plus/1,ff994ed3554101d4e2a5377d206e013ac142ca4f73f68a0c406e2cc0d305e0ef,2026-09-12T20:10:22.438933+00:00,2026-09-12,Transfermarkt profile https://www.transfermarkt.de/mouhamed-tidjane-traore/profil/spieler/1063475 sha256=eed91cb9db5d13265ee90a7935371dddf5586211544a531bd86fa96d9687a5e5; Native08 reread C:/FM27CommunityOverhaul/data/generated/native08-integrated-20260912-01-reread/native_players.csv produced no safe unique identity,,,,
CZE1,FK Pardubice,1496,1143628,Martin Reil,Martin Reil,2006-05-05,,,,,,790538,REVIEW_REQUIRED,REVIEW_REQUIRED_AFTER_TWO_ATTEMPTS,fresh_profile_capture:NO_MATCH;native08_bridge:NO_UNIQUE_MATCH,Sol,https://www.transfermarkt.de/martin-reil/profil/spieler/1143628,b10c5f6507a141669a4968d5564a254c8d895fd386ad4d7799446a64f574b560,https://www.transfermarkt.de/fk-pardubice/kader/verein/1496/saison_id/2026/plus/1,ff994ed3554101d4e2a5377d206e013ac142ca4f73f68a0c406e2cc0d305e0ef,2026-09-12T20:10:58.766272+00:00,2026-09-12,Transfermarkt profile https://www.transfermarkt.de/martin-reil/profil/spieler/1143628 sha256=b10c5f6507a141669a4968d5564a254c8d895fd386ad4d7799446a64f574b560; Native08 reread C:/FM27CommunityOverhaul/data/generated/native08-integrated-20260912-01-reread/native_players.csv produced no safe unique identity,,,,
CZE1,FK Pardubice,1496,1381202,Victor Samuel,Victor Elem Samuel,2006-06-29,,,,,,790538,REVIEW_REQUIRED,REVIEW_REQUIRED_AFTER_TWO_ATTEMPTS,fresh_profile_capture:NO_MATCH;native08_bridge:NO_UNIQUE_MATCH,Sol,https://www.transfermarkt.de/victor-samuel/profil/spieler/1381202,06106210ad87e68c9232bbc6514c7249217e6eac184b138c29cdf34d0fca0b96,https://www.transfermarkt.de/fk-pardubice/kader/verein/1496/saison_id/2026/plus/1,ff994ed3554101d4e2a5377d206e013ac142ca4f73f68a0c406e2cc0d305e0ef,2026-09-12T20:12:37.391872+00:00,2026-09-12,Transfermarkt profile https://www.transfermarkt.de/victor-samuel/profil/spieler/1381202 sha256=06106210ad87e68c9232bbc6514c7249217e6eac184b138c29cdf34d0fca0b96; Native08 reread C:/FM27CommunityOverhaul/data/generated/native08-integrated-20260912-01-reread/native_players.csv produced no safe unique identity,,,,
CZE1,FK Teplice,814,303440,Laco Takacs,Ladislav Takács,1996-07-15,295259,253695,Ladislav Takács,1996-07-15,786443,786443,CONFIRMED,EXACT_PROFILE_DOB_NAME,fresh_profile_capture;native08_bridge,,https://www.transfermarkt.de/laco-takacs/profil/spieler/303440,620821fb6a6be523425178c78b5d6c77f533b27b5d5062f5f5548b41b47cfc21,https://www.transfermarkt.de/fk-teplice/kader/verein/814/saison_id/2026/plus/1,d56a4f10e63ee591f34d8043653f8dec1ff43e812697defcdc04274a50cee948,2026-09-12T20:29:35.599105+00:00,2026-09-12,Transfermarkt profile https://www.transfermarkt.de/laco-takacs/profil/spieler/303440 sha256=620821fb6a6be523425178c78b5d6c77f533b27b5d5062f5f5548b41b47cfc21; Native08 reread C:/FM27CommunityOverhaul/data/generated/native08-integrated-20260912-01-reread/native_players.csv matched by EXACT_PROFILE_DOB_NAME,,,,
CZE1,SK Artis Brünn,24325,1544985,Ismael Sylla,Ge Ismael Nicaise Sylla,2008-02-07,,,,,,790564,REVIEW_REQUIRED,REVIEW_REQUIRED_AFTER_TWO_ATTEMPTS,fresh_profile_capture:NO_MATCH;native08_bridge:NO_UNIQUE_MATCH,Sol,https://www.transfermarkt.de/ismael-sylla/profil/spieler/1544985,b7f3e9aa272961677152a372cea7f95f88b10ad48c91a535d4d1d9c58ba0d8f7,https://www.transfermarkt.de/sk-artis-brunn/kader/verein/24325/saison_id/2026/plus/1,587a867b1b6398028de49094330bc2934f1e7245d3ee79f2003e9ffe6410ac9f,2026-09-12T20:13:19.755670+00:00,2026-09-12,Transfermarkt profile https://www.transfermarkt.de/ismael-sylla/profil/spieler/1544985 sha256=b7f3e9aa272961677152a372cea7f95f88b10ad48c91a535d4d1d9c58ba0d8f7; Native08 reread C:/FM27CommunityOverhaul/data/generated/native08-integrated-20260912-01-reread/native_players.csv produced no safe unique identity,,,,
CZE1,SK Sigma Olmütz,2311,1111684,John Paul Dembe,John Paul Dembe,2005-07-03,,,,,,786439,REVIEW_REQUIRED,REVIEW_REQUIRED_AFTER_TWO_ATTEMPTS,fresh_profile_capture:NO_MATCH;native08_bridge:NO_UNIQUE_MATCH,Sol,https://www.transfermarkt.de/john-paul-dembe/profil/spieler/1111684,3484103a8184abc58b1c3eac873cd70f2a429db863f6cf20ccd18ce48600d759,https://www.transfermarkt.de/sk-sigma-olmutz/kader/verein/2311/saison_id/2026/plus/1,c61d1f22a4e21ac99834db236d5c613fdf98db28632452029778a0c82954b875,2026-09-12T20:10:46.696362+00:00,2026-09-12,Transfermarkt profile https://www.transfermarkt.de/john-paul-dembe/profil/spieler/1111684 sha256=3484103a8184abc58b1c3eac873cd70f2a429db863f6cf20ccd18ce48600d759; Native08 reread C:/FM27CommunityOverhaul/data/generated/native08-integrated-20260912-01-reread/native_players.csv produced no safe unique identity,,,,
ESP1,Atlético Madrid,13,945763,Dani Martinez,Daniel Martinez Moreno,2004-05-05,,,,,,2949122,REVIEW_REQUIRED,REVIEW_REQUIRED_AFTER_TWO_ATTEMPTS,fresh_profile_capture:NO_MATCH;native08_bridge:NO_UNIQUE_MATCH,Sol,https://www.transfermarkt.de/dani-martinez/profil/spieler/945763,cd4fb4bda33deb76e31267b408699ebc02fae4c21e16e0902f8fa4a3fde2e88f,https://www.transfermarkt.de/atletico-madrid/kader/verein/13/saison_id/2026/plus/1,336e6247c22b59b6319471ca685cbf8684fa5eddbe294526159e968ec82bff6f,2026-09-12T20:30:31.719446+00:00,2026-09-12,Transfermarkt profile https://www.transfermarkt.de/dani-martinez/profil/spieler/945763 sha256=cd4fb4bda33deb76e31267b408699ebc02fae4c21e16e0902f8fa4a3fde2e88f; Native08 reread C:/FM27CommunityOverhaul/data/generated/native08-integrated-20260912-01-reread/native_players.csv produced no safe unique identity,285015,0,Daniel Martínez,2949122
ESP1,Celta Vigo,940,1076815,Javi Rodríguez,Javier Rodríguez Galiano,2003-06-27,,,,,,2949159,REVIEW_REQUIRED,REVIEW_REQUIRED_AFTER_TWO_ATTEMPTS,fresh_profile_capture:NO_MATCH;native08_bridge:NO_UNIQUE_MATCH,Sol,https://www.transfermarkt.de/javi-rodriguez/profil/spieler/1076815,a3837987724c154dc4d30cf780aeb32c0a4fd259bfbd5399b03615e63cf948bd,https://www.transfermarkt.de/celta-vigo/kader/verein/940/saison_id/2026/plus/1,24c5622bc31c4ccddb0a3e4cccec59cb68030ee83522bc8b21c9a65048abb3a6,2026-09-12T20:30:40.800622+00:00,2026-09-12,Transfermarkt profile https://www.transfermarkt.de/javi-rodriguez/profil/spieler/1076815 sha256=a3837987724c154dc4d30cf780aeb32c0a4fd259bfbd5399b03615e63cf948bd; Native08 reread C:/FM27CommunityOverhaul/data/generated/native08-integrated-20260912-01-reread/native_players.csv produced no safe unique identity,283252,279027,Javier Rodríguez,2949159
ESP1,Deportivo A Coruña,897,453704,Álvaro Ferllo,Álvaro Fernández Llorente,1998-04-13,,,,,,2949127,REVIEW_REQUIRED,REVIEW_REQUIRED_AFTER_TWO_ATTEMPTS,fresh_profile_capture:NO_MATCH;native08_bridge:NO_UNIQUE_MATCH,Sol,https://www.transfermarkt.de/alvaro-ferllo/profil/spieler/453704,0005d0dc39f85f3cebec0b2eba809e611a426f9d841638ec859e700b92553551,https://www.transfermarkt.de/deportivo-a-coruna/kader/verein/897/saison_id/2026/plus/1,7550b0f31442bf21d6149b2642a4ee1c6a58307c97068ea0c26d45e205ddb6c5,2026-09-12T20:29:46.676787+00:00,2026-09-12,Transfermarkt profile https://www.transfermarkt.de/alvaro-ferllo/profil/spieler/453704 sha256=0005d0dc39f85f3cebec0b2eba809e611a426f9d841638ec859e700b92553551; Native08 reread C:/FM27CommunityOverhaul/data/generated/native08-integrated-20260912-01-reread/native_players.csv produced no safe unique identity,,,,
ESP1,Deportivo Alavés,1108,175446,Jonny Otto,Jonathan Castro Otto,1994-03-03,,,,,,2949141,REVIEW_REQUIRED,REVIEW_REQUIRED_AFTER_TWO_ATTEMPTS,fresh_profile_capture:NO_MATCH;native08_bridge:NO_UNIQUE_MATCH,Sol,https://www.transfermarkt.de/jonny-otto/profil/spieler/175446,8167a0072d69e483a108dfab62f9863d488149abcac44f5f6687ae4234f949e4,https://www.transfermarkt.de/deportivo-alaves/kader/verein/1108/saison_id/2026/plus/1,06d4598c609cd72aa3bf8bb397dd9ae34b37f736115a6b54149329247d4b6814,2026-09-12T20:29:30.638220+00:00,2026-09-12,Transfermarkt profile https://www.transfermarkt.de/jonny-otto/profil/spieler/175446 sha256=8167a0072d69e483a108dfab62f9863d488149abcac44f5f6687ae4234f949e4; Native08 reread C:/FM27CommunityOverhaul/data/generated/native08-integrated-20260912-01-reread/native_players.csv produced no safe unique identity,283825,210455,Jonny,2949141
ESP1,Deportivo Alavés,1108,431190,Carlos Protesoni,Carlos Nahuel Benavidez Protesoni,1998-03-30,,,,,,2949141,REVIEW_REQUIRED,REVIEW_REQUIRED_AFTER_TWO_ATTEMPTS,fresh_profile_capture:NO_MATCH;native08_bridge:NO_UNIQUE_MATCH,Sol,https://www.transfermarkt.de/carlos-protesoni/profil/spieler/431190,d98568c83361f080db62a6b4ec2a92433ef82d09a6dd6eb31b90654d3b229434,https://www.transfermarkt.de/deportivo-alaves/kader/verein/1108/saison_id/2026/plus/1,06d4598c609cd72aa3bf8bb397dd9ae34b37f736115a6b54149329247d4b6814,2026-09-12T20:29:44.805681+00:00,2026-09-12,Transfermarkt profile https://www.transfermarkt.de/carlos-protesoni/profil/spieler/431190 sha256=d98568c83361f080db62a6b4ec2a92433ef82d09a6dd6eb31b90654d3b229434; Native08 reread C:/FM27CommunityOverhaul/data/generated/native08-integrated-20260912-01-reread/native_players.csv produced no safe unique identity,283828,244948,Carlos Benavídez,2949141
ESP1,Espanyol Barcelona,714,1178721,Rafel Bauzà,Rafel Bauzà Sureda,2005-01-30,,,,,,2949125,REVIEW_REQUIRED,REVIEW_REQUIRED_AFTER_TWO_ATTEMPTS,fresh_profile_capture:NO_MATCH;native08_bridge:NO_UNIQUE_MATCH,Sol,https://www.transfermarkt.de/rafel-bauza/profil/spieler/1178721,a37c9f73d12d58edb849b075c7e38484a6db621e0f8b7c5c0dcd3635340fe401,https://www.transfermarkt.de/espanyol-barcelona/kader/verein/714/saison_id/2026/plus/1,f5fd71d6b5ea7b87f29f37eb3da79bb27abc3bb54aefcdd2f5ded14c3919697d,2026-09-12T20:11:16.679350+00:00,2026-09-12,Transfermarkt profile https://www.transfermarkt.de/rafel-bauza/profil/spieler/1178721 sha256=a37c9f73d12d58edb849b075c7e38484a6db621e0f8b7c5c0dcd3635340fe401; Native08 reread C:/FM27CommunityOverhaul/data/generated/native08-integrated-20260912-01-reread/native_players.csv produced no safe unique identity,,,,
ESP1,FC Málaga,1084,1057394,Rafa Rodríguez,Rafael Rodríguez Ruiz,2003-07-10,,,,,,2949129,REVIEW_REQUIRED,REVIEW_REQUIRED_AFTER_TWO_ATTEMPTS,fresh_profile_capture:NO_MATCH;native08_bridge:NO_UNIQUE_MATCH,Sol,https://www.transfermarkt.de/rafa-rodriguez/profil/spieler/1057394,748423d042e5cadb46212b7c80b3950e50cca20bda2964d1fbcd9019a68dd27a,https://www.transfermarkt.de/fc-malaga/kader/verein/1084/saison_id/2026/plus/1,010cc01e9ffddb589e8d4eee92742f40620b134f4175b7670f0053ce4e9c9309,2026-09-12T20:30:36.792491+00:00,2026-09-12,Transfermarkt profile https://www.transfermarkt.de/rafa-rodriguez/profil/spieler/1057394 sha256=748423d042e5cadb46212b7c80b3950e50cca20bda2964d1fbcd9019a68dd27a; Native08 reread C:/FM27CommunityOverhaul/data/generated/native08-integrated-20260912-01-reread/native_players.csv produced no safe unique identity,,,,
ESP1,FC Sevilla,368,1055220,Fran González,Francisco Javier González Pérez,2005-06-24,,,,,,2949138,REVIEW_REQUIRED,REVIEW_REQUIRED_AFTER_TWO_ATTEMPTS,fresh_profile_capture:NO_MATCH;native08_bridge:NO_UNIQUE_MATCH,Sol,https://www.transfermarkt.de/fran-gonzalez/profil/spieler/1055220,e244dd6c391d697c27db0e2a558125bc4aa7f82d6026fe2b632744860cc4552f,https://www.transfermarkt.de/fc-sevilla/kader/verein/368/saison_id/2026/plus/1,3d82cb81b17e3c88b8c27f6603b222e965a349dcb68187b46e8ce65da5194abd,2026-09-12T20:30:35.909208+00:00,2026-09-12,Transfermarkt profile https://www.transfermarkt.de/fran-gonzalez/profil/spieler/1055220 sha256=e244dd6c391d697c27db0e2a558125bc4aa7f82d6026fe2b632744860cc4552f; Native08 reread C:/FM27CommunityOverhaul/data/generated/native08-integrated-20260912-01-reread/native_players.csv produced no safe unique identity,281753,278394,Francisco González,2949138
ESP1,FC Sevilla,368,357628,Alfon González,Alfonso González Martínez,1999-05-04,,,,,,2949138,REVIEW_REQUIRED,REVIEW_REQUIRED_AFTER_TWO_ATTEMPTS,fresh_profile_capture:NO_MATCH;native08_bridge:NO_UNIQUE_MATCH,Sol,https://www.transfermarkt.de/alfon-gonzalez/profil/spieler/357628,958049c6ceb92413578fcd755664c9b3c7fad0fb68f46c2f023b3658e964d3bd,https://www.transfermarkt.de/fc-sevilla/kader/verein/368/saison_id/2026/plus/1,3d82cb81b17e3c88b8c27f6603b222e965a349dcb68187b46e8ce65da5194abd,2026-09-12T20:29:39.659498+00:00,2026-09-12,Transfermarkt profile https://www.transfermarkt.de/alfon-gonzalez/profil/spieler/357628 sha256=958049c6ceb92413578fcd755664c9b3c7fad0fb68f46c2f023b3658e964d3bd; Native08 reread C:/FM27CommunityOverhaul/data/generated/native08-integrated-20260912-01-reread/native_players.csv produced no safe unique identity,281324,243034,Alfonso González,2949138
ESP1,FC Sevilla,368,639733,Peque Fernández,Gerard Fernández Castellano,2002-10-04,,,,,,2949138,REVIEW_REQUIRED,REVIEW_REQUIRED_AFTER_TWO_ATTEMPTS,fresh_profile_capture:NO_MATCH;native08_bridge:NO_UNIQUE_MATCH,Sol,https://www.transfermarkt.de/peque-fernandez/profil/spieler/639733,513c83051ef53a9c560c9d798d0bb01638d70e40200239327d9a9c918c0461dc,https://www.transfermarkt.de/fc-sevilla/kader/verein/368/saison_id/2026/plus/1,3d82cb81b17e3c88b8c27f6603b222e965a349dcb68187b46e8ce65da5194abd,2026-09-12T20:30:01.054125+00:00,2026-09-12,Transfermarkt profile https://www.transfermarkt.de/peque-fernandez/profil/spieler/639733 sha256=513c83051ef53a9c560c9d798d0bb01638d70e40200239327d9a9c918c0461dc; Native08 reread C:/FM27CommunityOverhaul/data/generated/native08-integrated-20260912-01-reread/native_players.csv produced no safe unique identity,,,,
ESP1,FC Villarreal,1050,842420,Nathan Saliba,Nathan-Dylan Saliba,2004-02-07,235253,260398,Nathan-Dylan Saliba,2004-02-07,2949140,2949140,CONFIRMED,EXACT_PROFILE_DOB_NAME,fresh_profile_capture;native08_bridge,,https://www.transfermarkt.de/nathan-saliba/profil/spieler/842420,a56e57470a31fad89783866360802030b96c67143539b19f864d7f94cc5900ae,https://www.transfermarkt.de/fc-villarreal/kader/verein/1050/saison_id/2026/plus/1,76215b82832fece6d6de93123ad795d49311f510fff19b98aff2b25509707ccd,2026-09-12T20:30:22.061187+00:00,2026-09-12,Transfermarkt profile https://www.transfermarkt.de/nathan-saliba/profil/spieler/842420 sha256=a56e57470a31fad89783866360802030b96c67143539b19f864d7f94cc5900ae; Native08 reread C:/FM27CommunityOverhaul/data/generated/native08-integrated-20260912-01-reread/native_players.csv matched by EXACT_PROFILE_DOB_NAME,,,,
ESP1,Real Betis Sevilla,150,341264,Fran García,Francisco José García Torres,1999-08-14,,,,,,2949133,REVIEW_REQUIRED,REVIEW_REQUIRED_AFTER_TWO_ATTEMPTS,fresh_profile_capture:NO_MATCH;native08_bridge:NO_UNIQUE_MATCH,Sol,https://www.transfermarkt.de/fran-garcia/profil/spieler/341264,729ecb7ecc648e77f08151fb321dc499eed8dac9f4b617f8a99ca0151c20fea3,https://www.transfermarkt.de/real-betis-sevilla/kader/verein/150/saison_id/2026/plus/1,2aaeb64f077be646ab6ba33019bafa8f7b5b68e0e5fcd67c1dde6bed8f42133c,2026-09-12T20:29:37.648720+00:00,2026-09-12,Transfermarkt profile https://www.transfermarkt.de/fran-garcia/profil/spieler/341264 sha256=729ecb7ecc648e77f08151fb321dc499eed8dac9f4b617f8a99ca0151c20fea3; Native08 reread C:/FM27CommunityOverhaul/data/generated/native08-integrated-20260912-01-reread/native_players.csv produced no safe unique identity,281737,246606,Francisco García,2949133
ESP1,UD Levante,3368,1371830,Nacho Pérez,Nacho Pérez Gómez,2008-08-29,,,,,,2949128,REVIEW_REQUIRED,REVIEW_REQUIRED_AFTER_TWO_ATTEMPTS,fresh_profile_capture:NO_MATCH;native08_bridge:NO_UNIQUE_MATCH,Sol,https://www.transfermarkt.de/nacho-perez/profil/spieler/1371830,9ba7a598637306d5250875c10141e7ca55efc08ea80dca15bef47ccd4a61b397,https://www.transfermarkt.de/ud-levante/kader/verein/3368/saison_id/2026/plus/1,53cacbbeea38cb2a390a7eeec2d36d336b94cb75602793ff1a9bacce28891775,2026-09-12T20:12:33.376587+00:00,2026-09-12,Transfermarkt profile https://www.transfermarkt.de/nacho-perez/profil/spieler/1371830 sha256=9ba7a598637306d5250875c10141e7ca55efc08ea80dca15bef47ccd4a61b397; Native08 reread C:/FM27CommunityOverhaul/data/generated/native08-integrated-20260912-01-reread/native_players.csv produced no safe unique identity,,,,
ESP1,UD Levante,3368,1476132,Marc Santos,Marc Santos Gavilán,2010-11-09,,,,,,2949128,REVIEW_REQUIRED,REVIEW_REQUIRED_AFTER_TWO_ATTEMPTS,fresh_profile_capture:NO_MATCH;native08_bridge:NO_UNIQUE_MATCH,Sol,https://www.transfermarkt.de/marc-santos/profil/spieler/1476132,9eefd59fa12a70ffd0c2df812fe8fdec20e500bb50dd1c4443eb2536138933f6,https://www.transfermarkt.de/ud-levante/kader/verein/3368/saison_id/2026/plus/1,53cacbbeea38cb2a390a7eeec2d36d336b94cb75602793ff1a9bacce28891775,2026-09-12T20:13:07.077239+00:00,2026-09-12,Transfermarkt profile https://www.transfermarkt.de/marc-santos/profil/spieler/1476132 sha256=9eefd59fa12a70ffd0c2df812fe8fdec20e500bb50dd1c4443eb2536138933f6; Native08 reread C:/FM27CommunityOverhaul/data/generated/native08-integrated-20260912-01-reread/native_players.csv produced no safe unique identity,,,,
ESP1,UD Levante,3368,341263,Adrián Dela,Adrián de la Fuente Barquilla,1999-02-26,,,,,,2949128,REVIEW_REQUIRED,REVIEW_REQUIRED_AFTER_TWO_ATTEMPTS,fresh_profile_capture:NO_MATCH;native08_bridge:NO_UNIQUE_MATCH,Sol,https://www.transfermarkt.de/adrian-dela/profil/spieler/341263,5f92c5d4f201739d35e3048b8252fdd53273d0de0cd6ee5b01ea137a38b323a7,https://www.transfermarkt.de/ud-levante/kader/verein/3368/saison_id/2026/plus/1,53cacbbeea38cb2a390a7eeec2d36d336b94cb75602793ff1a9bacce28891775,2026-09-12T20:29:36.697267+00:00,2026-09-12,Transfermarkt profile https://www.transfermarkt.de/adrian-dela/profil/spieler/341263 sha256=5f92c5d4f201739d35e3048b8252fdd53273d0de0cd6ee5b01ea137a38b323a7; Native08 reread C:/FM27CommunityOverhaul/data/generated/native08-integrated-20260912-01-reread/native_players.csv produced no safe unique identity,281182,245290,Adrián de la Fuente,2949128
FRA1,AJ Auxerre,290,1205629,Ackah-Tidiane Zoukrou,Ackah-Tidiane Thiongane-Zoukrou,2008-09-13,284554,0,Ackah-Tidiane Thiongane-Zoukrou,2008-09-13,1179654,1179654,CONFIRMED,EXACT_PROFILE_DOB_NAME,fresh_profile_capture;native08_bridge,,https://www.transfermarkt.de/ackah-tidiane-zoukrou/profil/spieler/1205629,8d34f2f5e6131c1891574474a0760d8ec9be77eda7986bdbda0a7fbab3823a2b,https://www.transfermarkt.de/aj-auxerre/kader/verein/290/saison_id/2026/plus/1,bc56be6a329e8d45adc245c1a0891dc5af443b78ade6319a110e2ae8c5f635c2,2026-09-12T20:30:46.798331+00:00,2026-09-12,Transfermarkt profile https://www.transfermarkt.de/ackah-tidiane-zoukrou/profil/spieler/1205629 sha256=8d34f2f5e6131c1891574474a0760d8ec9be77eda7986bdbda0a7fbab3823a2b; Native08 reread C:/FM27CommunityOverhaul/data/generated/native08-integrated-20260912-01-reread/native_players.csv matched by EXACT_PROFILE_DOB_NAME,,,,
FRA1,AJ Auxerre,290,1265965,Xiangxin Wei,魏祥鑫,2008-03-05,,,,,,1179654,REVIEW_REQUIRED,REVIEW_REQUIRED_AFTER_TWO_ATTEMPTS,fresh_profile_capture:NO_MATCH;native08_bridge:NO_UNIQUE_MATCH,Sol,https://www.transfermarkt.de/xiangxin-wei/profil/spieler/1265965,35abc1571293fccfc3d2bdfdf0fb6971afa3a21f58bda6d7dc5e87015c19d09a,https://www.transfermarkt.de/aj-auxerre/kader/verein/290/saison_id/2026/plus/1,bc56be6a329e8d45adc245c1a0891dc5af443b78ade6319a110e2ae8c5f635c2,2026-09-12T20:11:51.714909+00:00,2026-09-12,Transfermarkt profile https://www.transfermarkt.de/xiangxin-wei/profil/spieler/1265965 sha256=35abc1571293fccfc3d2bdfdf0fb6971afa3a21f58bda6d7dc5e87015c19d09a; Native08 reread C:/FM27CommunityOverhaul/data/generated/native08-integrated-20260912-01-reread/native_players.csv produced no safe unique identity,,,,
FRA1,ESTAC Troyes,1095,1523861,Yacouba Koné,Yacouba Koné,2007-06-21,,,,,,1179683,REVIEW_REQUIRED,REVIEW_REQUIRED_AFTER_TWO_ATTEMPTS,fresh_profile_capture:NO_MATCH;native08_bridge:NO_UNIQUE_MATCH,Sol,https://www.transfermarkt.de/yacouba-kone/profil/spieler/1523861,6998e422c4a7fc1c8c302e0b08f793f5827df38d00cd2c512121aa9c62242cba,https://www.transfermarkt.de/estac-troyes/kader/verein/1095/saison_id/2026/plus/1,3de2a4a4e2246fa33a1e94b81459db264308feb0d186d61173bb4ee72e627faa,2026-09-12T20:13:16.699312+00:00,2026-09-12,Transfermarkt profile https://www.transfermarkt.de/yacouba-kone/profil/spieler/1523861 sha256=6998e422c4a7fc1c8c302e0b08f793f5827df38d00cd2c512121aa9c62242cba; Native08 reread C:/FM27CommunityOverhaul/data/generated/native08-integrated-20260912-01-reread/native_players.csv produced no safe unique identity,,,,
FRA1,FC Lorient,1158,1074628,Arthur Avom,Arthur Avom Ebong,2004-12-15,290610,69997,Arthur Avom Ebong,2004-12-15,1179673,1179673,CONFIRMED,EXACT_PROFILE_DOB_NAME,fresh_profile_capture;native08_bridge,,https://www.transfermarkt.de/arthur-avom/profil/spieler/1074628,722ce27365c7d258ddc018bd98d486eed3c5fbab52c066571b73a1693cb795e7,https://www.transfermarkt.de/fc-lorient/kader/verein/1158/saison_id/2026/plus/1,8985aded9368fca7ce5d7744ed4210e43a27554002fd29e32ed7f2454f7c3087,2026-09-12T20:30:39.707641+00:00,2026-09-12,Transfermarkt profile https://www.transfermarkt.de/arthur-avom/profil/spieler/1074628 sha256=722ce27365c7d258ddc018bd98d486eed3c5fbab52c066571b73a1693cb795e7; Native08 reread C:/FM27CommunityOverhaul/data/generated/native08-integrated-20260912-01-reread/native_players.csv matched by EXACT_PROFILE_DOB_NAME,,,,
FRA1,FC Lorient,1158,704456,Nosa Edward Obaretin,Nosa Edward Obaretin,2003-01-26,,,,,,1179673,REVIEW_REQUIRED,REVIEW_REQUIRED_AFTER_TWO_ATTEMPTS,fresh_profile_capture:NO_MATCH;native08_bridge:NO_UNIQUE_MATCH,Sol,https://www.transfermarkt.de/nosa-edward-obaretin/profil/spieler/704456,1dd679bf34aa81bee3f54c59e5c36fbc05f4896e849abe58759d9feb343df342,https://www.transfermarkt.de/fc-lorient/kader/verein/1158/saison_id/2026/plus/1,8985aded9368fca7ce5d7744ed4210e43a27554002fd29e32ed7f2454f7c3087,2026-09-12T20:30:11.039126+00:00,2026-09-12,Transfermarkt profile https://www.transfermarkt.de/nosa-edward-obaretin/profil/spieler/704456 sha256=1dd679bf34aa81bee3f54c59e5c36fbc05f4896e849abe58759d9feb343df342; Native08 reread C:/FM27CommunityOverhaul/data/generated/native08-integrated-20260912-01-reread/native_players.csv produced no safe unique identity,,,,
FRA1,FC Lorient,1158,722375,Srdjan Kuzmic,Srđan Kuzmić,2004-01-16,284831,277593,Srđan Kuzmić,2004-01-16,1179673,1179673,CONFIRMED,EXACT_PROFILE_DOB_NAME,fresh_profile_capture;native08_bridge,,https://www.transfermarkt.de/srdjan-kuzmic/profil/spieler/722375,43b0b15b706fc26af7395d83ce977c079160ed5052b0f05966a873304aa1f06e,https://www.transfermarkt.de/fc-lorient/kader/verein/1158/saison_id/2026/plus/1,8985aded9368fca7ce5d7744ed4210e43a27554002fd29e32ed7f2454f7c3087,2026-09-12T20:30:12.039346+00:00,2026-09-12,Transfermarkt profile https://www.transfermarkt.de/srdjan-kuzmic/profil/spieler/722375 sha256=43b0b15b706fc26af7395d83ce977c079160ed5052b0f05966a873304aa1f06e; Native08 reread C:/FM27CommunityOverhaul/data/generated/native08-integrated-20260912-01-reread/native_players.csv matched by EXACT_PROFILE_DOB_NAME,,,,
FRA1,FC Stade Rennes,273,1227106,Elías Legendre Quiñónez,Elías Alexander Legendre Quiñónez,2008-04-22,,,,,,1179656,REVIEW_REQUIRED,REVIEW_REQUIRED_AFTER_TWO_ATTEMPTS,fresh_profile_capture:NO_MATCH;native08_bridge:NO_UNIQUE_MATCH,Sol,https://www.transfermarkt.de/elias-legendre-quinonez/profil/spieler/1227106,93f2bd5d914a5392115f026e8a5758a2e47f10954dfe3ff7fdc6b3559db9ea79,https://www.transfermarkt.de/fc-stade-rennes/kader/verein/273/saison_id/2026/plus/1,00eacc4de7646d87b15affe96598d94d3f9f10626f41f9831e67065e98b85395,2026-09-12T20:30:48.989112+00:00,2026-09-12,Transfermarkt profile https://www.transfermarkt.de/elias-legendre-quinonez/profil/spieler/1227106 sha256=93f2bd5d914a5392115f026e8a5758a2e47f10954dfe3ff7fdc6b3559db9ea79; Native08 reread C:/FM27CommunityOverhaul/data/generated/native08-integrated-20260912-01-reread/native_players.csv produced no safe unique identity,292178,0,Elías Legendre,1179656
FRA1,FC Stade Rennes,273,551505,Mousa Al-Tamari,"Mousa Mohammad Mousa Sulaiman Al-Tamari, موسى محمد موسى سليمان التعمري",1997-06-10,,,,,,1179656,REVIEW_REQUIRED,REVIEW_REQUIRED_AFTER_TWO_ATTEMPTS,fresh_profile_capture:NO_MATCH;native08_bridge:NO_UNIQUE_MATCH,Sol,https://www.transfermarkt.de/mousa-al-tamari/profil/spieler/551505,4ab469dfa7e9ab35a217c6fcb57c45751d382443f1add855c2c43662a401197a,https://www.transfermarkt.de/fc-stade-rennes/kader/verein/273/saison_id/2026/plus/1,00eacc4de7646d87b15affe96598d94d3f9f10626f41f9831e67065e98b85395,2026-09-12T20:29:56.203209+00:00,2026-09-12,Transfermarkt profile https://www.transfermarkt.de/mousa-al-tamari/profil/spieler/551505 sha256=4ab469dfa7e9ab35a217c6fcb57c45751d382443f1add855c2c43662a401197a; Native08 reread C:/FM27CommunityOverhaul/data/generated/native08-integrated-20260912-01-reread/native_players.csv produced no safe unique identity,292155,259191,Mousa Tamari,1179656
FRA1,Le Havre AC,738,182201,Mbwana Samatta,Mbwana Ally Samatta,1992-12-23,,,,,,1179681,REVIEW_REQUIRED,REVIEW_REQUIRED_AFTER_TWO_ATTEMPTS,fresh_profile_capture:NO_MATCH;native08_bridge:NO_UNIQUE_MATCH,Sol,https://www.transfermarkt.de/mbwana-samatta/profil/spieler/182201,6b296f0eaea0d20ee4cbfc962a382c3910e5432f2d8b8499590cf964d6f83de0,https://www.transfermarkt.de/le-havre-ac/kader/verein/738/saison_id/2026/plus/1,c689367405332b2d53df382c7e86172b8f1c4f1721cf694d45fd4f70cea2659b,2026-09-12T20:29:32.547270+00:00,2026-09-12,Transfermarkt profile https://www.transfermarkt.de/mbwana-samatta/profil/spieler/182201 sha256=6b296f0eaea0d20ee4cbfc962a382c3910e5432f2d8b8499590cf964d6f83de0; Native08 reread C:/FM27CommunityOverhaul/data/generated/native08-integrated-20260912-01-reread/native_players.csv produced no safe unique identity,290015,218066,Ally Samatta,1179681
FRA1,Olympique Lyon,1041,802986,Justin Bengui,Justin Bengui Joao,2005-07-09,236521,278094,Justin Bengui Joao,2005-07-09,1179661,1179661,CONFIRMED,EXACT_PROFILE_DOB_NAME,fresh_profile_capture;native08_bridge,,https://www.transfermarkt.de/justin-bengui/profil/spieler/802986,2466c6b8946c0d1274345d3693d7eccc674cf6937ee953ab1939443a07618e5e,https://www.transfermarkt.de/olympique-lyon/kader/verein/1041/saison_id/2026/plus/1,d1e8c52088c164c738d95700ab10125d62a6b25b7393bf2f71320770c00926fe,2026-09-12T20:30:19.171573+00:00,2026-09-12,Transfermarkt profile https://www.transfermarkt.de/justin-bengui/profil/spieler/802986 sha256=2466c6b8946c0d1274345d3693d7eccc674cf6937ee953ab1939443a07618e5e; Native08 reread C:/FM27CommunityOverhaul/data/generated/native08-integrated-20260912-01-reread/native_players.csv matched by EXACT_PROFILE_DOB_NAME,,,,
FRA1,Paris Saint-Germain,583,350219,Fabián Ruiz,Fabián Ruiz Peña,1996-04-03,,,,,,1179663,REVIEW_REQUIRED,REVIEW_REQUIRED_AFTER_TWO_ATTEMPTS,fresh_profile_capture:NO_MATCH;native08_bridge:NO_UNIQUE_MATCH,Sol,https://www.transfermarkt.de/fabian-ruiz/profil/spieler/350219,bc633e4f4c5676cf3b20c6867a6802ab8fb542c7816a064a3e89e2670016dc7d,https://www.transfermarkt.de/paris-saint-germain/kader/verein/583/saison_id/2026/plus/1,2452d2a339d5db63bfbc01cd73c713435dedf75dc1ae9d023fcd82491e789d9d,2026-09-12T20:29:38.776832+00:00,2026-09-12,Transfermarkt profile https://www.transfermarkt.de/fabian-ruiz/profil/spieler/350219 sha256=bc633e4f4c5676cf3b20c6867a6802ab8fb542c7816a064a3e89e2670016dc7d; Native08 reread C:/FM27CommunityOverhaul/data/generated/native08-integrated-20260912-01-reread/native_players.csv produced no safe unique identity,283449,226271,Fabián,1179663
FRA1,Paris Saint-Germain,583,872171,Lucas Beraldo,Lucas Lopes Beraldo,2003-11-24,,,,,,1179663,REVIEW_REQUIRED,REVIEW_REQUIRED_AFTER_TWO_ATTEMPTS,fresh_profile_capture:NO_MATCH;native08_bridge:NO_UNIQUE_MATCH,Sol,https://www.transfermarkt.de/lucas-beraldo/profil/spieler/872171,544f3ca55d752562651e7c5c96c52eb428b87d5bdc84fed376fc2a3ef5612928,https://www.transfermarkt.de/paris-saint-germain/kader/verein/583/saison_id/2026/plus/1,2452d2a339d5db63bfbc01cd73c713435dedf75dc1ae9d023fcd82491e789d9d,2026-09-12T20:30:24.199026+00:00,2026-09-12,Transfermarkt profile https://www.transfermarkt.de/lucas-beraldo/profil/spieler/872171 sha256=544f3ca55d752562651e7c5c96c52eb428b87d5bdc84fed376fc2a3ef5612928; Native08 reread C:/FM27CommunityOverhaul/data/generated/native08-integrated-20260912-01-reread/native_players.csv produced no safe unique identity,283460,279709,Beraldo,1179663
FRA1,Stade Brest 29,3911,272619,Romain Cagnon,Romain Cagnon,1997-05-12,,,,,,1179685,REVIEW_REQUIRED,REVIEW_REQUIRED_AFTER_TWO_ATTEMPTS,fresh_profile_capture:NO_MATCH;native08_bridge:NO_UNIQUE_MATCH,Sol,https://www.transfermarkt.de/romain-cagnon/profil/spieler/272619,dd5a290c2ea07eebda93410295d4966a56c232a72a55a3218f14ee4b4ef3b29e,https://www.transfermarkt.de/stade-brest-29/kader/verein/3911/saison_id/2026/plus/1,52be2d44f637f0ec7c544f95926b9d75ac6bce6bd86bfa9e4cb57ec3bf957bda,2026-09-12T20:08:01.708481+00:00,2026-09-12,Transfermarkt profile https://www.transfermarkt.de/romain-cagnon/profil/spieler/272619 sha256=dd5a290c2ea07eebda93410295d4966a56c232a72a55a3218f14ee4b4ef3b29e; Native08 reread C:/FM27CommunityOverhaul/data/generated/native08-integrated-20260912-01-reread/native_players.csv produced no safe unique identity,,,,
ITA1,AC Florenz,430,1350478,Federico Croci,Federico Croci,2010-07-01,,,,,,1769492,REVIEW_REQUIRED,REVIEW_REQUIRED_AFTER_TWO_ATTEMPTS,fresh_profile_capture:NO_MATCH;native08_bridge:NO_UNIQUE_MATCH,Sol,https://www.transfermarkt.de/federico-croci/profil/spieler/1350478,e3f76244fae670148911a4ad609da7942d6140964f72b79447a3ecf089030b47,https://www.transfermarkt.de/ac-florenz/kader/verein/430/saison_id/2026/plus/1,5857be8fdb4f3fc0db1b4cdc9b4c664d3e7e976dd4b535b833de0fc4b70e26fc,2026-09-12T20:12:22.791601+00:00,2026-09-12,Transfermarkt profile https://www.transfermarkt.de/federico-croci/profil/spieler/1350478 sha256=e3f76244fae670148911a4ad609da7942d6140964f72b79447a3ecf089030b47; Native08 reread C:/FM27CommunityOverhaul/data/generated/native08-integrated-20260912-01-reread/native_players.csv produced no safe unique identity,,,,
ITA1,AC Mailand,5,1179195,Sankhoun Diawara,Sankhoun Bocoum Diawara,2006-01-13,,,,,,1769474,REVIEW_REQUIRED,REVIEW_REQUIRED_AFTER_TWO_ATTEMPTS,fresh_profile_capture:NO_MATCH;native08_bridge:NO_UNIQUE_MATCH,Sol,https://www.transfermarkt.de/sankhoun-diawara/profil/spieler/1179195,0901f45f0009326ae9c54ec66439bab2dc2443e77d53ea890b703f51d7c31ed6,https://www.transfermarkt.de/ac-mailand/kader/verein/5/saison_id/2026/plus/1,62f75de72ed1f23bb563a5fa890848e43b2c13847e4bdb7efb02d5b9d513dd38,2026-09-12T20:30:44.698429+00:00,2026-09-12,Transfermarkt profile https://www.transfermarkt.de/sankhoun-diawara/profil/spieler/1179195 sha256=0901f45f0009326ae9c54ec66439bab2dc2443e77d53ea890b703f51d7c31ed6; Native08 reread C:/FM27CommunityOverhaul/data/generated/native08-integrated-20260912-01-reread/native_players.csv produced no safe unique identity,280070,74510,Sankhoum Diawara,1769474
ITA1,AC Monza,2919,957822,Eddy Kouadio,Eddy Nda Konan Kouadio,2006-05-03,,,,,,1769533,REVIEW_REQUIRED,REVIEW_REQUIRED_AFTER_TWO_ATTEMPTS,fresh_profile_capture:NO_MATCH;native08_bridge:NO_UNIQUE_MATCH,Sol,https://www.transfermarkt.de/eddy-kouadio/profil/spieler/957822,68501dc01f8a14f0c6c9354e85ef827bc35e62a847f88f0d018ecde3aab70a4c,https://www.transfermarkt.de/ac-monza/kader/verein/2919/saison_id/2026/plus/1,8f193279202724cc57a68a08441deb0fe889b73d8d97804595e81268516bfe10,2026-09-12T20:09:52.602629+00:00,2026-09-12,Transfermarkt profile https://www.transfermarkt.de/eddy-kouadio/profil/spieler/957822 sha256=68501dc01f8a14f0c6c9354e85ef827bc35e62a847f88f0d018ecde3aab70a4c; Native08 reread C:/FM27CommunityOverhaul/data/generated/native08-integrated-20260912-01-reread/native_players.csv produced no safe unique identity,,,,
ITA1,AS Rom,12,371149,Evan Ndicka,Obite Evan Ndicka,1999-08-20,,,,,,1769476,REVIEW_REQUIRED,REVIEW_REQUIRED_AFTER_TWO_ATTEMPTS,fresh_profile_capture:NO_MATCH;native08_bridge:NO_UNIQUE_MATCH,Sol,https://www.transfermarkt.de/evan-ndicka/profil/spieler/371149,2fd2e7e03036e79e27dfaf59c5a880145330793e2f12d900eaa2619ebc4732b3,https://www.transfermarkt.de/as-rom/kader/verein/12/saison_id/2026/plus/1,f55f6808f1a16dc4af758e70a1b7cf576328d127813e2802fab9a8bca29de9ab,2026-09-12T20:29:41.791288+00:00,2026-09-12,Transfermarkt profile https://www.transfermarkt.de/evan-ndicka/profil/spieler/371149 sha256=2fd2e7e03036e79e27dfaf59c5a880145330793e2f12d900eaa2619ebc4732b3; Native08 reread C:/FM27CommunityOverhaul/data/generated/native08-integrated-20260912-01-reread/native_players.csv produced no safe unique identity,278472,236403,Evan N'Dicka,1769476
ITA1,AS Rom,12,669380,Konstantinos Koulierakis,Κωνσταντίνος Κουλιεράκης,2003-11-28,,,,,,1769476,REVIEW_REQUIRED,REVIEW_REQUIRED_AFTER_TWO_ATTEMPTS,fresh_profile_capture:NO_MATCH;native08_bridge:NO_UNIQUE_MATCH,Sol,https://www.transfermarkt.de/konstantinos-koulierakis/profil/spieler/669380,24b70e8cbf6f8eba06502e6c9f5dcafae2a2df99cc7e2d4ca2dc39d9c6feda87,https://www.transfermarkt.de/as-rom/kader/verein/12/saison_id/2026/plus/1,f55f6808f1a16dc4af758e70a1b7cf576328d127813e2802fab9a8bca29de9ab,2026-09-12T20:30:06.012724+00:00,2026-09-12,Transfermarkt profile https://www.transfermarkt.de/konstantinos-koulierakis/profil/spieler/669380 sha256=24b70e8cbf6f8eba06502e6c9f5dcafae2a2df99cc7e2d4ca2dc39d9c6feda87; Native08 reread C:/FM27CommunityOverhaul/data/generated/native08-integrated-20260912-01-reread/native_players.csv produced no safe unique identity,99998,270077,Kostas Koulierakis,1769476
ITA1,Cagliari Calcio,1390,1078164,Demi Akarakiri,Ademide Oreoluwa Abdulganiyu Ibuknoluwa Olamilekan Oluwajuedalo Ayomide Ishola Akarakiri,2007-09-29,,,,,,1769480,REVIEW_REQUIRED,REVIEW_REQUIRED_AFTER_TWO_ATTEMPTS,fresh_profile_capture:NO_MATCH;native08_bridge:NO_UNIQUE_MATCH,Sol,https://www.transfermarkt.de/demi-akarakiri/profil/spieler/1078164,7f01d1a4ae684ea32f49d96b1581eb93a87e86ea7d8504165781a066308336bd,https://www.transfermarkt.de/cagliari-calcio/kader/verein/1390/saison_id/2026/plus/1,4d01f720bf6b2fb484bfc759a9f95eef9ef2c8d8f167551e1c287b989aa09415,2026-09-12T20:10:31.576348+00:00,2026-09-12,Transfermarkt profile https://www.transfermarkt.de/demi-akarakiri/profil/spieler/1078164 sha256=7f01d1a4ae684ea32f49d96b1581eb93a87e86ea7d8504165781a066308336bd; Native08 reread C:/FM27CommunityOverhaul/data/generated/native08-integrated-20260912-01-reread/native_players.csv produced no safe unique identity,,,,
ITA1,Genua CFC,252,532937,Johan Vásquez,Johan Felipe Vásquez Ibarra,1998-10-22,,,,,,1769510,REVIEW_REQUIRED,REVIEW_REQUIRED_AFTER_TWO_ATTEMPTS,fresh_profile_capture:NO_MATCH;native08_bridge:NO_UNIQUE_MATCH,Sol,https://www.transfermarkt.de/johan-vasquez/profil/spieler/532937,b11614cafad2123a9da9565bd977dbd8a04e9bfd61f7e1a8f08ca3522c7ad54f,https://www.transfermarkt.de/genua-cfc/kader/verein/252/saison_id/2026/plus/1,28831c70a8bf2f1d0e0c5e7801240ba62008e42be2eb8761306fafe7c05e7da1,2026-09-12T20:29:49.690968+00:00,2026-09-12,Transfermarkt profile https://www.transfermarkt.de/johan-vasquez/profil/spieler/532937 sha256=b11614cafad2123a9da9565bd977dbd8a04e9bfd61f7e1a8f08ca3522c7ad54f; Native08 reread C:/FM27CommunityOverhaul/data/generated/native08-integrated-20260912-01-reread/native_players.csv produced no safe unique identity,285830,244349,Johan Felipe Vásquez,1769510
ITA1,Inter Mailand,46,441986,Yann Bisseck,Yann Aurel Ludger Bisseck,2000-11-29,,,,,,1769481,REVIEW_REQUIRED,REVIEW_REQUIRED_AFTER_TWO_ATTEMPTS,fresh_profile_capture:NO_MATCH;native08_bridge:NO_UNIQUE_MATCH,Sol,https://www.transfermarkt.de/yann-bisseck/profil/spieler/441986,452a09899f95e28939a6fdcf5a31be4467981558981bc9b5b2fa9ccec8bcfc65,https://www.transfermarkt.de/inter-mailand/kader/verein/46/saison_id/2026/plus/1,36b5796b9cbe02043c5ca5fffe2cd780ff4c5b55699997a233dec02d6da31e76,2026-09-12T20:29:45.627363+00:00,2026-09-12,Transfermarkt profile https://www.transfermarkt.de/yann-bisseck/profil/spieler/441986 sha256=452a09899f95e28939a6fdcf5a31be4467981558981bc9b5b2fa9ccec8bcfc65; Native08 reread C:/FM27CommunityOverhaul/data/generated/native08-integrated-20260912-01-reread/native_players.csv produced no safe unique identity,278085,241736,Yann Aurel Bisseck,1769481
ITA1,Inter Mailand,46,930781,Pio Esposito,Francesco Pio Esposito,2005-06-28,278088,277327,Francesco Pio Esposito,2005-06-28,1769481,1769481,CONFIRMED,EXACT_PROFILE_DOB_NAME,fresh_profile_capture;native08_bridge,,https://www.transfermarkt.de/pio-esposito/profil/spieler/930781,59b94c5245a3882ea0475de3bacebd7e98dd1eb0faefdcd04b4d919cb8f0ef0a,https://www.transfermarkt.de/inter-mailand/kader/verein/46/saison_id/2026/plus/1,36b5796b9cbe02043c5ca5fffe2cd780ff4c5b55699997a233dec02d6da31e76,2026-09-12T20:30:31.371816+00:00,2026-09-12,Transfermarkt profile https://www.transfermarkt.de/pio-esposito/profil/spieler/930781 sha256=59b94c5245a3882ea0475de3bacebd7e98dd1eb0faefdcd04b4d919cb8f0ef0a; Native08 reread C:/FM27CommunityOverhaul/data/generated/native08-integrated-20260912-01-reread/native_players.csv matched by EXACT_PROFILE_DOB_NAME,,,,
ITA1,Juventus Turin,506,486031,Nico González,Nicolás Iván Gonzalez,1998-04-06,,,,,,1769482,REVIEW_REQUIRED,REVIEW_REQUIRED_AFTER_TWO_ATTEMPTS,fresh_profile_capture:NO_MATCH;native08_bridge:NO_UNIQUE_MATCH,Sol,https://www.transfermarkt.de/nico-gonzalez/profil/spieler/486031,12668748b5dbe65eccb6378506203614448ce99292fceda631cb18e9207dfcbe,https://www.transfermarkt.de/juventus-turin/kader/verein/506/saison_id/2026/plus/1,0009d8e86a1fcff175fb368bcdc9cac816372b11375dc9917e504e11cc3f9b54,2026-09-12T20:29:48.663762+00:00,2026-09-12,Transfermarkt profile https://www.transfermarkt.de/nico-gonzalez/profil/spieler/486031 sha256=12668748b5dbe65eccb6378506203614448ce99292fceda631cb18e9207dfcbe; Native08 reread C:/FM27CommunityOverhaul/data/generated/native08-integrated-20260912-01-reread/native_players.csv produced no safe unique identity,,,,
ITA1,Juventus Turin,506,686965,Juan Cabal,Juan David Cabal Murillo,2001-01-08,,,,,,1769482,REVIEW_REQUIRED,REVIEW_REQUIRED_AFTER_TWO_ATTEMPTS,fresh_profile_capture:NO_MATCH;native08_bridge:NO_UNIQUE_MATCH,Sol,https://www.transfermarkt.de/juan-cabal/profil/spieler/686965,6bb8f5f55bcd7455f328a6d7f4d443664c63f928c38ec91d269cbefbbd436885,https://www.transfermarkt.de/juventus-turin/kader/verein/506/saison_id/2026/plus/1,0009d8e86a1fcff175fb368bcdc9cac816372b11375dc9917e504e11cc3f9b54,2026-09-12T20:30:08.003188+00:00,2026-09-12,Transfermarkt profile https://www.transfermarkt.de/juan-cabal/profil/spieler/686965 sha256=6bb8f5f55bcd7455f328a6d7f4d443664c63f928c38ec91d269cbefbbd436885; Native08 reread C:/FM27CommunityOverhaul/data/generated/native08-integrated-20260912-01-reread/native_players.csv produced no safe unique identity,278354,251870,Juan David Cabal,1769482
ITA1,US Lecce,1005,836441,Gaspar,Esmevânio Kialonda Gaspar,1997-09-27,,,,,,1769483,REVIEW_REQUIRED,REVIEW_REQUIRED_AFTER_TWO_ATTEMPTS,fresh_profile_capture:NO_MATCH;native08_bridge:NO_UNIQUE_MATCH,Sol,https://www.transfermarkt.de/gaspar/profil/spieler/836441,2952e4dc297e4b51baa3f630f6ef0e194684b05a487c4babd784054833ce8ede,https://www.transfermarkt.de/us-lecce/kader/verein/1005/saison_id/2026/plus/1,f70b73ab0beef18f4707e1b846172f928bd484c8e6abc3aab35570487739b4bc,2026-09-12T20:30:21.260183+00:00,2026-09-12,Transfermarkt profile https://www.transfermarkt.de/gaspar/profil/spieler/836441 sha256=2952e4dc297e4b51baa3f630f6ef0e194684b05a487c4babd784054833ce8ede; Native08 reread C:/FM27CommunityOverhaul/data/generated/native08-integrated-20260912-01-reread/native_players.csv produced no safe unique identity,287096,275783,Kialonda Gaspar,1769483
ITA1,US Sassuolo,6574,961022,Benja Domínguez,Benjamín Domínguez,2003-09-19,283142,269558,Benjamín Domínguez,2003-09-19,1769542,1769542,CONFIRMED,EXACT_PROFILE_DOB_NAME,fresh_profile_capture;native08_bridge,,https://www.transfermarkt.de/benja-dominguez/profil/spieler/961022,fda36bbda022664c8fc3a20160464279263b78720b14f701e78211775640a8a0,https://www.transfermarkt.de/us-sassuolo/kader/verein/6574/saison_id/2026/plus/1,686b0eaeb9362b4d66f8cc3a3779bc587286eed50ca422d498380ecfd974ed38,2026-09-12T20:30:33.084681+00:00,2026-09-12,Transfermarkt profile https://www.transfermarkt.de/benja-dominguez/profil/spieler/961022 sha256=fda36bbda022664c8fc3a20160464279263b78720b14f701e78211775640a8a0; Native08 reread C:/FM27CommunityOverhaul/data/generated/native08-integrated-20260912-01-reread/native_players.csv matched by EXACT_PROFILE_DOB_NAME,,,,
ITA1,Udinese Calcio,410,1118347,Juan Arizala,Juan David Arizala Micolta,2005-10-10,,,,,,1769488,REVIEW_REQUIRED,REVIEW_REQUIRED_AFTER_TWO_ATTEMPTS,fresh_profile_capture:NO_MATCH;native08_bridge:NO_UNIQUE_MATCH,Sol,https://www.transfermarkt.de/juan-arizala/profil/spieler/1118347,f167cea88fbb52ee13cc717f64bd8bdb8df087e1553b153bcd3279c811238738,https://www.transfermarkt.de/udinese-calcio/kader/verein/410/saison_id/2026/plus/1,7fdfe70ee199497c7c8bba7f008dea4b0f8e1ab4fec8c51d19f4eb9f681c5506,2026-09-12T20:10:49.778776+00:00,2026-09-12,Transfermarkt profile https://www.transfermarkt.de/juan-arizala/profil/spieler/1118347 sha256=f167cea88fbb52ee13cc717f64bd8bdb8df087e1553b153bcd3279c811238738; Native08 reread C:/FM27CommunityOverhaul/data/generated/native08-integrated-20260912-01-reread/native_players.csv produced no safe unique identity,,,,
ITA1,Udinese Calcio,410,375877,Vakoun Bayo,Vakoun Issouf Bayo,1997-01-10,282707,246832,Vakoun Issouf Bayo,1997-01-10,1769488,1769488,CONFIRMED,EXACT_PROFILE_DOB_NAME,fresh_profile_capture;native08_bridge,,https://www.transfermarkt.de/vakoun-bayo/profil/spieler/375877,0b8ab17fd92af5a937cd8f6b7f0f2875448e75b51a36a05c8f1bf901e8a3e54e,https://www.transfermarkt.de/udinese-calcio/kader/verein/410/saison_id/2026/plus/1,7fdfe70ee199497c7c8bba7f008dea4b0f8e1ab4fec8c51d19f4eb9f681c5506,2026-09-12T20:29:42.564114+00:00,2026-09-12,Transfermarkt profile https://www.transfermarkt.de/vakoun-bayo/profil/spieler/375877 sha256=0b8ab17fd92af5a937cd8f6b7f0f2875448e75b51a36a05c8f1bf901e8a3e54e; Native08 reread C:/FM27CommunityOverhaul/data/generated/native08-integrated-20260912-01-reread/native_players.csv matched by EXACT_PROFILE_DOB_NAME,,,,
NED1,Ajax Amsterdam,610,683571,Tolu Arokodare,Toluwalase Emmanuel Arokodare,2000-11-23,,,,,,2228227,REVIEW_REQUIRED,REVIEW_REQUIRED_AFTER_TWO_ATTEMPTS,fresh_profile_capture:NO_MATCH;native08_bridge:NO_UNIQUE_MATCH,Sol,https://www.transfermarkt.de/tolu-arokodare/profil/spieler/683571,23451a9129843a64086bf1e1cebeef5f16a0a006a4a71c3a253ae429f16f085c,https://www.transfermarkt.de/ajax-amsterdam/kader/verein/610/saison_id/2026/plus/1,f5e17e90fd0fa7a2962da880b80d3f5be8fc736c45ff9203a638be8e951725f8,2026-09-12T20:30:07.114157+00:00,2026-09-12,Transfermarkt profile https://www.transfermarkt.de/tolu-arokodare/profil/spieler/683571 sha256=23451a9129843a64086bf1e1cebeef5f16a0a006a4a71c3a253ae429f16f085c; Native08 reread C:/FM27CommunityOverhaul/data/generated/native08-integrated-20260912-01-reread/native_players.csv produced no safe unique identity,,,,
NED1,Ajax Amsterdam,610,74857,Marc ter Stegen,Marc-André ter Stegen,1992-04-30,283330,192448,Marc-André ter Stegen,1992-04-30,2228227,2228227,CONFIRMED,EXACT_PROFILE_DOB_NAME,fresh_profile_capture;native08_bridge,,https://www.transfermarkt.de/marc-ter-stegen/profil/spieler/74857,59f54d080c4b61255cfeab3485f9cb50ccfbe603cd8c0239bee76cdb264f6ee4,https://www.transfermarkt.de/ajax-amsterdam/kader/verein/610/saison_id/2026/plus/1,f5e17e90fd0fa7a2962da880b80d3f5be8fc736c45ff9203a638be8e951725f8,2026-09-12T20:29:28.646300+00:00,2026-09-12,Transfermarkt profile https://www.transfermarkt.de/marc-ter-stegen/profil/spieler/74857 sha256=59f54d080c4b61255cfeab3485f9cb50ccfbe603cd8c0239bee76cdb264f6ee4; Native08 reread C:/FM27CommunityOverhaul/data/generated/native08-integrated-20260912-01-reread/native_players.csv matched by EXACT_PROFILE_DOB_NAME,,,,
NED1,FC Twente Enschede,317,694186,Kristian Hlynsson,Kristian Nökkvi Hlynsson,2004-01-23,294988,274927,Kristian Nökkvi Hlynsson,2004-01-23,2228240,2228240,CONFIRMED,EXACT_PROFILE_DOB_NAME,fresh_profile_capture;native08_bridge,,https://www.transfermarkt.de/kristian-hlynsson/profil/spieler/694186,81abaf3aa303c2d2751df9a7ff52a12592d711c2680ebfeb165fe00c7d1a5774,https://www.transfermarkt.de/fc-twente-enschede/kader/verein/317/saison_id/2026/plus/1,3a88783defe3265cdb46e106767dac7174efc657a3cea53406b14dfc377cde23,2026-09-12T20:30:09.061662+00:00,2026-09-12,Transfermarkt profile https://www.transfermarkt.de/kristian-hlynsson/profil/spieler/694186 sha256=81abaf3aa303c2d2751df9a7ff52a12592d711c2680ebfeb165fe00c7d1a5774; Native08 reread C:/FM27CommunityOverhaul/data/generated/native08-integrated-20260912-01-reread/native_players.csv matched by EXACT_PROFILE_DOB_NAME,,,,
NED1,Fortuna Sittard,385,1491843,Gani Büyükhan,Gâni Durmuş Büyükhan,2009-10-07,,,,,,2228247,REVIEW_REQUIRED,REVIEW_REQUIRED_AFTER_TWO_ATTEMPTS,fresh_profile_capture:NO_MATCH;native08_bridge:NO_UNIQUE_MATCH,Sol,https://www.transfermarkt.de/gani-buyukhan/profil/spieler/1491843,38fa10a3ec300ff0b8dad2194f158c1405b9c47f00e378ab8c31fdf40a2f9a6f,https://www.transfermarkt.de/fortuna-sittard/kader/verein/385/saison_id/2026/plus/1,3459b44bdebecde47d2a1440be82d9c09e8f120a342ec34fc969ad1288f64fcd,2026-09-12T20:13:10.696222+00:00,2026-09-12,Transfermarkt profile https://www.transfermarkt.de/gani-buyukhan/profil/spieler/1491843 sha256=38fa10a3ec300ff0b8dad2194f158c1405b9c47f00e378ab8c31fdf40a2f9a6f; Native08 reread C:/FM27CommunityOverhaul/data/generated/native08-integrated-20260912-01-reread/native_players.csv produced no safe unique identity,,,,
NED1,Fortuna Sittard,385,810846,Kaylen,Kaylen,2004-04-05,,,,,,2228247,REVIEW_REQUIRED,REVIEW_REQUIRED_AFTER_TWO_ATTEMPTS,fresh_profile_capture:NO_MATCH;native08_bridge:NO_UNIQUE_MATCH,Sol,https://www.transfermarkt.de/kaylen/profil/spieler/810846,b186e93809e1c410f1aea6a45ae06f6e55c4c824242dd5688e149df946158333,https://www.transfermarkt.de/fortuna-sittard/kader/verein/385/saison_id/2026/plus/1,3459b44bdebecde47d2a1440be82d9c09e8f120a342ec34fc969ad1288f64fcd,2026-09-12T20:09:23.518635+00:00,2026-09-12,Transfermarkt profile https://www.transfermarkt.de/kaylen/profil/spieler/810846 sha256=b186e93809e1c410f1aea6a45ae06f6e55c4c824242dd5688e149df946158333; Native08 reread C:/FM27CommunityOverhaul/data/generated/native08-integrated-20260912-01-reread/native_players.csv produced no safe unique identity,,,,
NED1,PEC Zwolle,1269,1146470,Gilles van der Wal,Gilles van der Wal,2008-06-24,,,,,,2228260,REVIEW_REQUIRED,REVIEW_REQUIRED_AFTER_TWO_ATTEMPTS,fresh_profile_capture:NO_MATCH;native08_bridge:NO_UNIQUE_MATCH,Sol,https://www.transfermarkt.de/gilles-van-der-wal/profil/spieler/1146470,3592642c7eebeb8c8c6b609b21346c9cadb438b770c34feb00bc5c8fb1ddadd2,https://www.transfermarkt.de/pec-zwolle/kader/verein/1269/saison_id/2026/plus/1,3c97a5a53b9cc8a25985b1e3597862074bc3460631aa78e06a0c54cb3648771b,2026-09-12T20:11:00.530319+00:00,2026-09-12,Transfermarkt profile https://www.transfermarkt.de/gilles-van-der-wal/profil/spieler/1146470 sha256=3592642c7eebeb8c8c6b609b21346c9cadb438b770c34feb00bc5c8fb1ddadd2; Native08 reread C:/FM27CommunityOverhaul/data/generated/native08-integrated-20260912-01-reread/native_players.csv produced no safe unique identity,293796,0,Dex Nieuweweme,2228260
NED1,SC Heerenveen,306,1275103,Kirayno Schaken,Kirayno Schaken,2008-08-08,,,,,,2228234,REVIEW_REQUIRED,REVIEW_REQUIRED_AFTER_TWO_ATTEMPTS,fresh_profile_capture:NO_MATCH;native08_bridge:NO_UNIQUE_MATCH,Sol,https://www.transfermarkt.de/kirayno-schaken/profil/spieler/1275103,b2cf9e87d77e346ef5ef6c5bdb3d86905134abc88f7cc813baa53baae1cbdc60,https://www.transfermarkt.de/sc-heerenveen/kader/verein/306/saison_id/2026/plus/1,c5575ac3b7544ec0b6c6c259e7a480f6feb44060499802d16479d9d38d1f4bf6,2026-09-12T20:11:54.843377+00:00,2026-09-12,Transfermarkt profile https://www.transfermarkt.de/kirayno-schaken/profil/spieler/1275103 sha256=b2cf9e87d77e346ef5ef6c5bdb3d86905134abc88f7cc813baa53baae1cbdc60; Native08 reread C:/FM27CommunityOverhaul/data/generated/native08-integrated-20260912-01-reread/native_players.csv produced no safe unique identity,,,,
NED1,SC Telstar,1434,648541,Gabi Caschili,Gabrielle Caschili,2003-07-14,,,,,,2228252,REVIEW_REQUIRED,REVIEW_REQUIRED_AFTER_TWO_ATTEMPTS,fresh_profile_capture:NO_MATCH;native08_bridge:NO_UNIQUE_MATCH,Sol,https://www.transfermarkt.de/gabi-caschili/profil/spieler/648541,32aebda1d903bd78fe1ea2ee28c3b7ad20418b68617585cebd6a224544c0ee51,https://www.transfermarkt.de/sc-telstar/kader/verein/1434/saison_id/2026/plus/1,ae77e5dfbed0657e8ac7db9c5bfa54cdae9a9aa41389f9224cb5b1406e993f05,2026-09-12T20:08:45.629476+00:00,2026-09-12,Transfermarkt profile https://www.transfermarkt.de/gabi-caschili/profil/spieler/648541 sha256=32aebda1d903bd78fe1ea2ee28c3b7ad20418b68617585cebd6a224544c0ee51; Native08 reread C:/FM27CommunityOverhaul/data/generated/native08-integrated-20260912-01-reread/native_players.csv produced no safe unique identity,,,,
POR1,Académico Viseu FC,7788,211628,Mohamed Bouldini,محمد بولديني,1995-11-27,,,,,,2494468,REVIEW_REQUIRED,REVIEW_REQUIRED_AFTER_TWO_ATTEMPTS,fresh_profile_capture:NO_MATCH;native08_bridge:NO_UNIQUE_MATCH,Sol,https://www.transfermarkt.de/mohamed-bouldini/profil/spieler/211628,2e794db9c874f662a1b1740acaa0f324fb151e8512818b398c9a21f289d3556e,https://www.transfermarkt.de/academico-viseu-fc/kader/verein/7788/saison_id/2026/plus/1,340241555ec1793a42690aa5ffe614fb73194989e73960db5786f409bd3783e4,2026-09-12T20:07:55.768680+00:00,2026-09-12,Transfermarkt profile https://www.transfermarkt.de/mohamed-bouldini/profil/spieler/211628 sha256=2e794db9c874f662a1b1740acaa0f324fb151e8512818b398c9a21f289d3556e; Native08 reread C:/FM27CommunityOverhaul/data/generated/native08-integrated-20260912-01-reread/native_players.csv produced no safe unique identity,,,,
POR1,Académico Viseu FC,7788,584452,Nikolaos Michelis,Νικόλαος Μιχελής,2001-03-23,,,,,,2494468,REVIEW_REQUIRED,REVIEW_REQUIRED_AFTER_TWO_ATTEMPTS,fresh_profile_capture:NO_MATCH;native08_bridge:NO_UNIQUE_MATCH,Sol,https://www.transfermarkt.de/nikolaos-michelis/profil/spieler/584452,6fe07221674555f4bfd05c719acbb657c2fee56d3bc0dbf0b0cc999bb3231f83,https://www.transfermarkt.de/academico-viseu-fc/kader/verein/7788/saison_id/2026/plus/1,340241555ec1793a42690aa5ffe614fb73194989e73960db5786f409bd3783e4,2026-09-12T20:29:59.045773+00:00,2026-09-12,Transfermarkt profile https://www.transfermarkt.de/nikolaos-michelis/profil/spieler/584452 sha256=6fe07221674555f4bfd05c719acbb657c2fee56d3bc0dbf0b0cc999bb3231f83; Native08 reread C:/FM27CommunityOverhaul/data/generated/native08-integrated-20260912-01-reread/native_players.csv produced no safe unique identity,153244,263555,Nikos Michelis,2494468
POR1,Benfica Lissabon,294,1464920,Gabriel Índio,Gabriel Índio,2008-07-26,,,,,,2490372,REVIEW_REQUIRED,REVIEW_REQUIRED_AFTER_TWO_ATTEMPTS,fresh_profile_capture:NO_MATCH;native08_bridge:NO_UNIQUE_MATCH,Sol,https://www.transfermarkt.de/gabriel-indio/profil/spieler/1464920,46d2e17101af7fe0ba7a6180bf11d112c6e881024ac3e43ffa47db2086e66e83,https://www.transfermarkt.de/benfica-lissabon/kader/verein/294/saison_id/2026/plus/1,957c9f94e6a34a4cd8987a26892c35f410ec61ced30153d1842a28e3a5d61504,2026-09-12T20:12:57.440136+00:00,2026-09-12,Transfermarkt profile https://www.transfermarkt.de/gabriel-indio/profil/spieler/1464920 sha256=46d2e17101af7fe0ba7a6180bf11d112c6e881024ac3e43ffa47db2086e66e83; Native08 reread C:/FM27CommunityOverhaul/data/generated/native08-integrated-20260912-01-reread/native_players.csv produced no safe unique identity,,,,
POR1,Benfica Lissabon,294,537844,Anatoliy Trubin,Трубін Анатолій Володимирович,2001-08-01,,,,,,2490372,REVIEW_REQUIRED,REVIEW_REQUIRED_AFTER_TWO_ATTEMPTS,fresh_profile_capture:NO_MATCH;native08_bridge:NO_UNIQUE_MATCH,Sol,https://www.transfermarkt.de/anatoliy-trubin/profil/spieler/537844,f026c7abf7f57433572c38afd4cbf7924673c043ffc106ddd53f46bf38169590,https://www.transfermarkt.de/benfica-lissabon/kader/verein/294/saison_id/2026/plus/1,957c9f94e6a34a4cd8987a26892c35f410ec61ced30153d1842a28e3a5d61504,2026-09-12T20:29:54.690952+00:00,2026-09-12,Transfermarkt profile https://www.transfermarkt.de/anatoliy-trubin/profil/spieler/537844 sha256=f026c7abf7f57433572c38afd4cbf7924673c043ffc106ddd53f46bf38169590; Native08 reread C:/FM27CommunityOverhaul/data/generated/native08-integrated-20260912-01-reread/native_players.csv produced no safe unique identity,288116,250753,Anatolii Trubin,2490372
POR1,CD Nacional,982,1020652,Chico Gonçalves,Francisco Adriano Baptista Gonçalves,2004-03-05,,,,,,2490378,REVIEW_REQUIRED,REVIEW_REQUIRED_AFTER_TWO_ATTEMPTS,fresh_profile_capture:NO_MATCH;native08_bridge:NO_UNIQUE_MATCH,Sol,https://www.transfermarkt.de/chico-goncalves/profil/spieler/1020652,1f18ec9401c8803a94246dba05c189fdbefaa50d50a051083bdf8a6b0a9a3d3e,https://www.transfermarkt.de/cd-nacional/kader/verein/982/saison_id/2026/plus/1,85c1a326ea7d9109ff431c2a95c9c0488100e0183b1e7c799d926c40ecb8dba6,2026-09-12T20:30:33.842653+00:00,2026-09-12,Transfermarkt profile https://www.transfermarkt.de/chico-goncalves/profil/spieler/1020652 sha256=1f18ec9401c8803a94246dba05c189fdbefaa50d50a051083bdf8a6b0a9a3d3e; Native08 reread C:/FM27CommunityOverhaul/data/generated/native08-integrated-20260912-01-reread/native_players.csv produced no safe unique identity,286858,72691,Francisco Gonçalves,2490378
POR1,CD Nacional,982,1220180,Mateus Iseppe,Mateus José Iseppe,2006-05-02,,,,,,2490378,REVIEW_REQUIRED,REVIEW_REQUIRED_AFTER_TWO_ATTEMPTS,fresh_profile_capture:NO_MATCH;native08_bridge:NO_UNIQUE_MATCH,Sol,https://www.transfermarkt.de/mateus-iseppe/profil/spieler/1220180,a424a885739d72e1c24b0094a175158cd5d275c492e1d720c81051f765742fc6,https://www.transfermarkt.de/cd-nacional/kader/verein/982/saison_id/2026/plus/1,85c1a326ea7d9109ff431c2a95c9c0488100e0183b1e7c799d926c40ecb8dba6,2026-09-12T20:30:47.776492+00:00,2026-09-12,Transfermarkt profile https://www.transfermarkt.de/mateus-iseppe/profil/spieler/1220180 sha256=a424a885739d72e1c24b0094a175158cd5d275c492e1d720c81051f765742fc6; Native08 reread C:/FM27CommunityOverhaul/data/generated/native08-integrated-20260912-01-reread/native_players.csv produced no safe unique identity,222237,0,Iseppe,2490378
POR1,CD Nacional,982,1236397,Njoya Abdel,Kader Njoya Abdel,2003-10-05,,,,,,2490378,REVIEW_REQUIRED,REVIEW_REQUIRED_AFTER_TWO_ATTEMPTS,fresh_profile_capture:NO_MATCH;native08_bridge:NO_UNIQUE_MATCH,Sol,https://www.transfermarkt.de/njoya-abdel/profil/spieler/1236397,713418c213665a461112393650fd80cf2838d1a2545298f2d3ac90d5cc677faa,https://www.transfermarkt.de/cd-nacional/kader/verein/982/saison_id/2026/plus/1,85c1a326ea7d9109ff431c2a95c9c0488100e0183b1e7c799d926c40ecb8dba6,2026-09-12T20:30:50.725989+00:00,2026-09-12,Transfermarkt profile https://www.transfermarkt.de/njoya-abdel/profil/spieler/1236397 sha256=713418c213665a461112393650fd80cf2838d1a2545298f2d3ac90d5cc677faa; Native08 reread C:/FM27CommunityOverhaul/data/generated/native08-integrated-20260912-01-reread/native_players.csv produced no safe unique identity,130351,0,Abdel Kader Njoya,2490378
POR1,CD Nacional,982,1582195,Matias Silva,Pedro Matias Gouveia Silva,2008-11-21,,,,,,2490378,REVIEW_REQUIRED,REVIEW_REQUIRED_AFTER_TWO_ATTEMPTS,fresh_profile_capture:NO_MATCH;native08_bridge:NO_UNIQUE_MATCH,Sol,https://www.transfermarkt.de/matias-silva/profil/spieler/1582195,7c9a334f1b9ffea110186cc102535a32c7c090b22a4c1ab5ae649a1db037d139,https://www.transfermarkt.de/cd-nacional/kader/verein/982/saison_id/2026/plus/1,85c1a326ea7d9109ff431c2a95c9c0488100e0183b1e7c799d926c40ecb8dba6,2026-09-12T20:13:26.729458+00:00,2026-09-12,Transfermarkt profile https://www.transfermarkt.de/matias-silva/profil/spieler/1582195 sha256=7c9a334f1b9ffea110186cc102535a32c7c090b22a4c1ab5ae649a1db037d139; Native08 reread C:/FM27CommunityOverhaul/data/generated/native08-integrated-20260912-01-reread/native_players.csv produced no safe unique identity,,,,
POR1,CD Santa Clara,2423,1077990,Fredy,Fredy,2006-05-25,,,,,,2490388,REVIEW_REQUIRED,REVIEW_REQUIRED_AFTER_TWO_ATTEMPTS,fresh_profile_capture:NO_MATCH;native08_bridge:NO_UNIQUE_MATCH,Sol,https://www.transfermarkt.de/fredy/profil/spieler/1077990,da9024c80085fc732ee5a11831a99c12db169a93dec2451dd467c6c8ea5a8fff,https://www.transfermarkt.de/cd-santa-clara/kader/verein/2423/saison_id/2026/plus/1,996787cc90623dddfd5c425ca2df6aae95f8fd62b8b5cfb03677a214be6550e2,2026-09-12T20:10:30.597717+00:00,2026-09-12,Transfermarkt profile https://www.transfermarkt.de/fredy/profil/spieler/1077990 sha256=da9024c80085fc732ee5a11831a99c12db169a93dec2451dd467c6c8ea5a8fff; Native08 reread C:/FM27CommunityOverhaul/data/generated/native08-integrated-20260912-01-reread/native_players.csv produced no safe unique identity,,,,
POR1,CD Santa Clara,2423,1083604,Dani Borges,Daniel Borges da Silva,2003-04-06,,,,,,2490388,REVIEW_REQUIRED,REVIEW_REQUIRED_AFTER_TWO_ATTEMPTS,fresh_profile_capture:NO_MATCH;native08_bridge:NO_UNIQUE_MATCH,Sol,https://www.transfermarkt.de/dani-borges/profil/spieler/1083604,bd4e1efc525910356dbb37c5a55b3c2b8cff05ffac02b813bf4430a5307b2836,https://www.transfermarkt.de/cd-santa-clara/kader/verein/2423/saison_id/2026/plus/1,996787cc90623dddfd5c425ca2df6aae95f8fd62b8b5cfb03677a214be6550e2,2026-09-12T20:30:41.875531+00:00,2026-09-12,Transfermarkt profile https://www.transfermarkt.de/dani-borges/profil/spieler/1083604 sha256=bd4e1efc525910356dbb37c5a55b3c2b8cff05ffac02b813bf4430a5307b2836; Native08 reread C:/FM27CommunityOverhaul/data/generated/native08-integrated-20260912-01-reread/native_players.csv produced no safe unique identity,,,,
POR1,CD Santa Clara,2423,1091608,Fernando,Fernando,2005-04-12,,,,,,2490388,REVIEW_REQUIRED,REVIEW_REQUIRED_AFTER_TWO_ATTEMPTS,fresh_profile_capture:NO_MATCH;native08_bridge:NO_UNIQUE_MATCH,Sol,https://www.transfermarkt.de/fernando/profil/spieler/1091608,b22c55f2723e0012af6107fe1f703ecb45c40f440ffb2b93b737bd5359937b3f,https://www.transfermarkt.de/cd-santa-clara/kader/verein/2423/saison_id/2026/plus/1,996787cc90623dddfd5c425ca2df6aae95f8fd62b8b5cfb03677a214be6550e2,2026-09-12T20:10:39.594941+00:00,2026-09-12,Transfermarkt profile https://www.transfermarkt.de/fernando/profil/spieler/1091608 sha256=b22c55f2723e0012af6107fe1f703ecb45c40f440ffb2b93b737bd5359937b3f; Native08 reread C:/FM27CommunityOverhaul/data/generated/native08-integrated-20260912-01-reread/native_players.csv produced no safe unique identity,,,,
POR1,CF Estrela Amadora,2431,768562,Bénito,Bénito,2003-08-21,,,,,,2490394,REVIEW_REQUIRED,REVIEW_REQUIRED_AFTER_TWO_ATTEMPTS,fresh_profile_capture:NO_MATCH;native08_bridge:NO_UNIQUE_MATCH,Sol,https://www.transfermarkt.de/benito/profil/spieler/768562,bbaa708af7a31a7e761cd7fe1504987117052296dc7bc2ad3ccd658392440c16,https://www.transfermarkt.de/cf-estrela-amadora/kader/verein/2431/saison_id/2026/plus/1,518e3a2e95f5774700d01db49dd50f80d4ccbc790493950412b68c785a7de654,2026-09-12T20:09:20.375103+00:00,2026-09-12,Transfermarkt profile https://www.transfermarkt.de/benito/profil/spieler/768562 sha256=bbaa708af7a31a7e761cd7fe1504987117052296dc7bc2ad3ccd658392440c16; Native08 reread C:/FM27CommunityOverhaul/data/generated/native08-integrated-20260912-01-reread/native_players.csv produced no safe unique identity,,,,
POR1,CS Marítimo,1301,696656,Rodri Andrade,Rodrigo Marcos Rodrigues Andrade,2001-11-24,,,,,,2490376,REVIEW_REQUIRED,REVIEW_REQUIRED_AFTER_TWO_ATTEMPTS,fresh_profile_capture:NO_MATCH;native08_bridge:NO_UNIQUE_MATCH,Sol,https://www.transfermarkt.de/rodri-andrade/profil/spieler/696656,d9ba810179bf6419410ee75463960face506bc41969e2136c8a78efad16a709e,https://www.transfermarkt.de/cs-maritimo/kader/verein/1301/saison_id/2026/plus/1,5cfc233404ec9b89440eac630270b3e1ade7aaa468abf0d7c72a774e94f85e1b,2026-09-12T20:30:10.006191+00:00,2026-09-12,Transfermarkt profile https://www.transfermarkt.de/rodri-andrade/profil/spieler/696656 sha256=d9ba810179bf6419410ee75463960face506bc41969e2136c8a78efad16a709e; Native08 reread C:/FM27CommunityOverhaul/data/generated/native08-integrated-20260912-01-reread/native_players.csv produced no safe unique identity,153385,264308,Rodrigo Andrade,2490376
POR1,CS Marítimo,1301,927715,Xiko Gomes,Francisco Tomás Aguiar Gomes,2004-04-14,,,,,,2490376,REVIEW_REQUIRED,REVIEW_REQUIRED_AFTER_TWO_ATTEMPTS,fresh_profile_capture:NO_MATCH;native08_bridge:NO_UNIQUE_MATCH,Sol,https://www.transfermarkt.de/xiko-gomes/profil/spieler/927715,8dd0eacb58619be51a56d304e41fd65a8a0c467123eddde6d2695cd32d3b97e8,https://www.transfermarkt.de/cs-maritimo/kader/verein/1301/saison_id/2026/plus/1,5cfc233404ec9b89440eac630270b3e1ade7aaa468abf0d7c72a774e94f85e1b,2026-09-12T20:30:26.343056+00:00,2026-09-12,Transfermarkt profile https://www.transfermarkt.de/xiko-gomes/profil/spieler/927715 sha256=8dd0eacb58619be51a56d304e41fd65a8a0c467123eddde6d2695cd32d3b97e8; Native08 reread C:/FM27CommunityOverhaul/data/generated/native08-integrated-20260912-01-reread/native_players.csv produced no safe unique identity,153384,0,Francisco Gomes,2490376
POR1,Casa Pia AC,3268,1534934,Abdu Dafe,Abdu Dafe,2008-06-10,,,,,,2494469,REVIEW_REQUIRED,REVIEW_REQUIRED_AFTER_TWO_ATTEMPTS,fresh_profile_capture:NO_MATCH;native08_bridge:NO_UNIQUE_MATCH,Sol,https://www.transfermarkt.de/abdu-dafe/profil/spieler/1534934,46c579b1eb19164fba01c8bd47c735adbdd421817e19ed2bb311f55e8cc9ae36,https://www.transfermarkt.de/casa-pia-ac/kader/verein/3268/saison_id/2026/plus/1,a3e2a5277eff3871e27db7ef969d3905123f5c71aebb08128024f85e9a547b72,2026-09-12T20:13:18.712708+00:00,2026-09-12,Transfermarkt profile https://www.transfermarkt.de/abdu-dafe/profil/spieler/1534934 sha256=46c579b1eb19164fba01c8bd47c735adbdd421817e19ed2bb311f55e8cc9ae36; Native08 reread C:/FM27CommunityOverhaul/data/generated/native08-integrated-20260912-01-reread/native_players.csv produced no safe unique identity,,,,
POR1,Casa Pia AC,3268,182108,Seba Pérez,Sebastián Pérez Cardona,1993-03-29,,,,,,2494469,REVIEW_REQUIRED,REVIEW_REQUIRED_AFTER_TWO_ATTEMPTS,fresh_profile_capture:NO_MATCH;native08_bridge:NO_UNIQUE_MATCH,Sol,https://www.transfermarkt.de/seba-perez/profil/spieler/182108,c710a70cf255f90c114aa41a5d784e109a8c73cf9911024f0b4160811c1167fb,https://www.transfermarkt.de/casa-pia-ac/kader/verein/3268/saison_id/2026/plus/1,a3e2a5277eff3871e27db7ef969d3905123f5c71aebb08128024f85e9a547b72,2026-09-12T20:29:31.829314+00:00,2026-09-12,Transfermarkt profile https://www.transfermarkt.de/seba-perez/profil/spieler/182108 sha256=c710a70cf255f90c114aa41a5d784e109a8c73cf9911024f0b4160811c1167fb; Native08 reread C:/FM27CommunityOverhaul/data/generated/native08-integrated-20260912-01-reread/native_players.csv produced no safe unique identity,288025,214606,Sebastián Pérez,2494469
POR1,Casa Pia AC,3268,567516,Gabi,Gabi,2000-04-18,,,,,,2494469,REVIEW_REQUIRED,REVIEW_REQUIRED_AFTER_TWO_ATTEMPTS,fresh_profile_capture:NO_MATCH;native08_bridge:NO_UNIQUE_MATCH,Sol,https://www.transfermarkt.de/gabi/profil/spieler/567516,6ae77096870082b49cae73cbf2b2463e308c2703dd6e668927d87b5c282c62fd,https://www.transfermarkt.de/casa-pia-ac/kader/verein/3268/saison_id/2026/plus/1,a3e2a5277eff3871e27db7ef969d3905123f5c71aebb08128024f85e9a547b72,2026-09-12T20:08:32.077427+00:00,2026-09-12,Transfermarkt profile https://www.transfermarkt.de/gabi/profil/spieler/567516 sha256=6ae77096870082b49cae73cbf2b2463e308c2703dd6e668927d87b5c282c62fd; Native08 reread C:/FM27CommunityOverhaul/data/generated/native08-integrated-20260912-01-reread/native_players.csv produced no safe unique identity,,,,
POR1,FC Arouca,8024,1154528,Si-hoo Park,박시후,2007-08-18,,,,,,2494470,REVIEW_REQUIRED,REVIEW_REQUIRED_AFTER_TWO_ATTEMPTS,fresh_profile_capture:NO_MATCH;native08_bridge:NO_UNIQUE_MATCH,Sol,https://www.transfermarkt.de/si-hoo-park/profil/spieler/1154528,516aab70238a5a4b975b99ccc9445b7cce3ecc0f4b450dc52ac60c2c0f300812,https://www.transfermarkt.de/fc-arouca/kader/verein/8024/saison_id/2026/plus/1,6d5fb999d4383d6530153089e5d24d04871a61220be98a161a65baf303fba2ae,2026-09-12T20:11:06.860476+00:00,2026-09-12,Transfermarkt profile https://www.transfermarkt.de/si-hoo-park/profil/spieler/1154528 sha256=516aab70238a5a4b975b99ccc9445b7cce3ecc0f4b450dc52ac60c2c0f300812; Native08 reread C:/FM27CommunityOverhaul/data/generated/native08-integrated-20260912-01-reread/native_players.csv produced no safe unique identity,,,,
POR1,FC Arouca,8024,1582293,Costinha,Costinha,2008-08-04,,,,,,2494470,REVIEW_REQUIRED,REVIEW_REQUIRED_AFTER_TWO_ATTEMPTS,fresh_profile_capture:NO_MATCH;native08_bridge:NO_UNIQUE_MATCH,Sol,https://www.transfermarkt.de/costinha/profil/spieler/1582293,dab8f99b88704a1e944853bd92c294b76a8ccd5ce0fe61453f13845550f50e51,https://www.transfermarkt.de/fc-arouca/kader/verein/8024/saison_id/2026/plus/1,6d5fb999d4383d6530153089e5d24d04871a61220be98a161a65baf303fba2ae,2026-09-12T20:13:27.929254+00:00,2026-09-12,Transfermarkt profile https://www.transfermarkt.de/costinha/profil/spieler/1582293 sha256=dab8f99b88704a1e944853bd92c294b76a8ccd5ce0fe61453f13845550f50e51; Native08 reread C:/FM27CommunityOverhaul/data/generated/native08-integrated-20260912-01-reread/native_players.csv produced no safe unique identity,,,,
POR1,FC Famalicão,3329,1150372,Pato,Pato,2004-02-17,,,,,,2490398,REVIEW_REQUIRED,REVIEW_REQUIRED_AFTER_TWO_ATTEMPTS,fresh_profile_capture:NO_MATCH;native08_bridge:NO_UNIQUE_MATCH,Sol,https://www.transfermarkt.de/pato/profil/spieler/1150372,27601c4607ad4a203f019fb9b2e5851a583de10d2dfaa9573840804ee2c62a3c,https://www.transfermarkt.de/fc-famalicao/kader/verein/3329/saison_id/2026/plus/1,52ed6f3f188fcbdc2398a013bd0aa1005388801741871711df5ab62761c66f72,2026-09-12T20:11:03.564997+00:00,2026-09-12,Transfermarkt profile https://www.transfermarkt.de/pato/profil/spieler/1150372 sha256=27601c4607ad4a203f019fb9b2e5851a583de10d2dfaa9573840804ee2c62a3c; Native08 reread C:/FM27CommunityOverhaul/data/generated/native08-integrated-20260912-01-reread/native_players.csv produced no safe unique identity,,,,
POR1,FC Famalicão,3329,656409,Léo Realpe,Leonardo Javier Realpe Montaño,2001-02-26,,,,,,2490398,REVIEW_REQUIRED,REVIEW_REQUIRED_AFTER_TWO_ATTEMPTS,fresh_profile_capture:NO_MATCH;native08_bridge:NO_UNIQUE_MATCH,Sol,https://www.transfermarkt.de/leo-realpe/profil/spieler/656409,751c1e6d259733675a8858bb729b6e5a03f8c709fe103d52fbd6a6223e9d22a8,https://www.transfermarkt.de/fc-famalicao/kader/verein/3329/saison_id/2026/plus/1,52ed6f3f188fcbdc2398a013bd0aa1005388801741871711df5ab62761c66f72,2026-09-12T20:30:02.080110+00:00,2026-09-12,Transfermarkt profile https://www.transfermarkt.de/leo-realpe/profil/spieler/656409 sha256=751c1e6d259733675a8858bb729b6e5a03f8c709fe103d52fbd6a6223e9d22a8; Native08 reread C:/FM27CommunityOverhaul/data/generated/native08-integrated-20260912-01-reread/native_players.csv produced no safe unique identity,287688,253350,Leonardo Realpe,2490398
POR1,FC Famalicão,3329,724039,Georgios Koutsias,Γεώργιος Κούτσιας,2004-02-08,,,,,,2490398,REVIEW_REQUIRED,REVIEW_REQUIRED_AFTER_TWO_ATTEMPTS,fresh_profile_capture:NO_MATCH;native08_bridge:NO_UNIQUE_MATCH,Sol,https://www.transfermarkt.de/georgios-koutsias/profil/spieler/724039,9ffb9c24dd71b72b26eb8dbae77a8478ba39558e051c2de37e6b827f61f7d957,https://www.transfermarkt.de/fc-famalicao/kader/verein/3329/saison_id/2026/plus/1,52ed6f3f188fcbdc2398a013bd0aa1005388801741871711df5ab62761c66f72,2026-09-12T20:30:13.317037+00:00,2026-09-12,Transfermarkt profile https://www.transfermarkt.de/georgios-koutsias/profil/spieler/724039 sha256=9ffb9c24dd71b72b26eb8dbae77a8478ba39558e051c2de37e6b827f61f7d957; Native08 reread C:/FM27CommunityOverhaul/data/generated/native08-integrated-20260912-01-reread/native_players.csv produced no safe unique identity,,,,
POR1,GD Estoril Praia,1465,634430,Israel Salazar,Israel Salazar Píriz,2003-05-10,,,,,,2490386,REVIEW_REQUIRED,REVIEW_REQUIRED_AFTER_TWO_ATTEMPTS,fresh_profile_capture:NO_MATCH;native08_bridge:NO_UNIQUE_MATCH,Sol,https://www.transfermarkt.de/israel-salazar/profil/spieler/634430,899f34752b34ba5ece3535a1baeb89cf64f40beed85b54ee612462a2118243c9,https://www.transfermarkt.de/gd-estoril-praia/kader/verein/1465/saison_id/2026/plus/1,1f4451857a09faf4bc5a12d1790c126a29e1c7346930e118c1c73d3f15c8f2d8,2026-09-12T20:08:44.062555+00:00,2026-09-12,Transfermarkt profile https://www.transfermarkt.de/israel-salazar/profil/spieler/634430 sha256=899f34752b34ba5ece3535a1baeb89cf64f40beed85b54ee612462a2118243c9; Native08 reread C:/FM27CommunityOverhaul/data/generated/native08-integrated-20260912-01-reread/native_players.csv produced no safe unique identity,180149,259424,Sala,2490386
POR1,Gil Vicente FC,2424,1268194,Tiago Ferreira,Tiago Rêgo Ferreira,2009-01-12,,,,,,2490375,REVIEW_REQUIRED,REVIEW_REQUIRED_AFTER_TWO_ATTEMPTS,fresh_profile_capture:NO_MATCH;native08_bridge:NO_UNIQUE_MATCH,Sol,https://www.transfermarkt.de/tiago-ferreira/profil/spieler/1268194,4387187db2fcd1c816ea3145834e71b42984e1ebf17c31694bb0fceea729195e,https://www.transfermarkt.de/gil-vicente-fc/kader/verein/2424/saison_id/2026/plus/1,e615ed113cbf0012df4490859c154266a50a72247c7f67c260f2f4ab6c49e4d1,2026-09-12T20:11:52.860414+00:00,2026-09-12,Transfermarkt profile https://www.transfermarkt.de/tiago-ferreira/profil/spieler/1268194 sha256=4387187db2fcd1c816ea3145834e71b42984e1ebf17c31694bb0fceea729195e; Native08 reread C:/FM27CommunityOverhaul/data/generated/native08-integrated-20260912-01-reread/native_players.csv produced no safe unique identity,,,,
POR1,Gil Vicente FC,2424,137313,Buatu,Jonathan Buatu Mananga,1993-09-27,,,,,,2490375,REVIEW_REQUIRED,REVIEW_REQUIRED_AFTER_TWO_ATTEMPTS,fresh_profile_capture:NO_MATCH;native08_bridge:NO_UNIQUE_MATCH,Sol,https://www.transfermarkt.de/buatu/profil/spieler/137313,c96f74f52d0294e9d1081e2622bde04e7b9537e66799c12e227083e006cfc33f,https://www.transfermarkt.de/gil-vicente-fc/kader/verein/2424/saison_id/2026/plus/1,e615ed113cbf0012df4490859c154266a50a72247c7f67c260f2f4ab6c49e4d1,2026-09-12T20:29:29.693205+00:00,2026-09-12,Transfermarkt profile https://www.transfermarkt.de/buatu/profil/spieler/137313 sha256=c96f74f52d0294e9d1081e2622bde04e7b9537e66799c12e227083e006cfc33f; Native08 reread C:/FM27CommunityOverhaul/data/generated/native08-integrated-20260912-01-reread/native_players.csv produced no safe unique identity,287211,209816,Jonathan Buatu,2490375
POR1,Gil Vicente FC,2424,732096,Santi García,Santiago García González,2001-08-29,,,,,,2490375,REVIEW_REQUIRED,REVIEW_REQUIRED_AFTER_TWO_ATTEMPTS,fresh_profile_capture:NO_MATCH;native08_bridge:NO_UNIQUE_MATCH,Sol,https://www.transfermarkt.de/santi-garcia/profil/spieler/732096,e65bddc623f56fd6c81bbfebe29501913d8d8324dcc8e0811ca6f243e5390567,https://www.transfermarkt.de/gil-vicente-fc/kader/verein/2424/saison_id/2026/plus/1,e615ed113cbf0012df4490859c154266a50a72247c7f67c260f2f4ab6c49e4d1,2026-09-12T20:30:14.105036+00:00,2026-09-12,Transfermarkt profile https://www.transfermarkt.de/santi-garcia/profil/spieler/732096 sha256=e65bddc623f56fd6c81bbfebe29501913d8d8324dcc8e0811ca6f243e5390567; Native08 reread C:/FM27CommunityOverhaul/data/generated/native08-integrated-20260912-01-reread/native_players.csv produced no safe unique identity,287217,277878,Santiago García,2490375
POR1,Moreirense FC,979,1072324,Chipyoka Songa,Chipyoka Songa,2004-09-24,,,,,,2490377,REVIEW_REQUIRED,REVIEW_REQUIRED_AFTER_TWO_ATTEMPTS,fresh_profile_capture:NO_MATCH;native08_bridge:NO_UNIQUE_MATCH,Sol,https://www.transfermarkt.de/chipyoka-songa/profil/spieler/1072324,1942674e3a19e7f6b84a60448e350c896236f0f078c403fa90e7680454122a5d,https://www.transfermarkt.de/moreirense-fc/kader/verein/979/saison_id/2026/plus/1,9aa16aff197b371e36892b5321c0c1db769f09802a8338c111eb56304e7798bc,2026-09-12T20:10:25.904459+00:00,2026-09-12,Transfermarkt profile https://www.transfermarkt.de/chipyoka-songa/profil/spieler/1072324 sha256=1942674e3a19e7f6b84a60448e350c896236f0f078c403fa90e7680454122a5d; Native08 reread C:/FM27CommunityOverhaul/data/generated/native08-integrated-20260912-01-reread/native_players.csv produced no safe unique identity,,,,
POR1,Moreirense FC,979,1580906,Pedro Jesus,Pedro Lucas Rodrigues Mendes de Jesus,2007-12-25,,,,,,2490377,REVIEW_REQUIRED,REVIEW_REQUIRED_AFTER_TWO_ATTEMPTS,fresh_profile_capture:NO_MATCH;native08_bridge:NO_UNIQUE_MATCH,Sol,https://www.transfermarkt.de/pedro-jesus/profil/spieler/1580906,fa0400cd644a019043b7b78791005adc93820f6f4879f80729c07695a38426e1,https://www.transfermarkt.de/moreirense-fc/kader/verein/979/saison_id/2026/plus/1,9aa16aff197b371e36892b5321c0c1db769f09802a8338c111eb56304e7798bc,2026-09-12T20:13:24.048044+00:00,2026-09-12,Transfermarkt profile https://www.transfermarkt.de/pedro-jesus/profil/spieler/1580906 sha256=fa0400cd644a019043b7b78791005adc93820f6f4879f80729c07695a38426e1; Native08 reread C:/FM27CommunityOverhaul/data/generated/native08-integrated-20260912-01-reread/native_players.csv produced no safe unique identity,,,,
POR1,Moreirense FC,979,668178,Rodri Alonso,Rodrigo Alonso Martín,2003-01-04,,,,,,2490377,REVIEW_REQUIRED,REVIEW_REQUIRED_AFTER_TWO_ATTEMPTS,fresh_profile_capture:NO_MATCH;native08_bridge:NO_UNIQUE_MATCH,Sol,https://www.transfermarkt.de/rodri-alonso/profil/spieler/668178,cee9a0ffed3fdc16c31fd60805e90f3a28e1878c0432206a73e04c7e98b853e3,https://www.transfermarkt.de/moreirense-fc/kader/verein/979/saison_id/2026/plus/1,9aa16aff197b371e36892b5321c0c1db769f09802a8338c111eb56304e7798bc,2026-09-12T20:30:05.240546+00:00,2026-09-12,Transfermarkt profile https://www.transfermarkt.de/rodri-alonso/profil/spieler/668178 sha256=cee9a0ffed3fdc16c31fd60805e90f3a28e1878c0432206a73e04c7e98b853e3; Native08 reread C:/FM27CommunityOverhaul/data/generated/native08-integrated-20260912-01-reread/native_players.csv produced no safe unique identity,287070,270729,Rodrigo Alonso,2490377
POR1,Moreirense FC,979,739442,Guilherme Liberato,Guilherme Liberato Tomas de Aquino,2001-06-16,,,,,,2490377,REVIEW_REQUIRED,REVIEW_REQUIRED_AFTER_TWO_ATTEMPTS,fresh_profile_capture:NO_MATCH;native08_bridge:NO_UNIQUE_MATCH,Sol,https://www.transfermarkt.de/guilherme-liberato/profil/spieler/739442,1795eaccdb1cc6a7df976492e35a1d7a8e54bd4d27a3a043ec49a2d13c3ad647,https://www.transfermarkt.de/moreirense-fc/kader/verein/979/saison_id/2026/plus/1,9aa16aff197b371e36892b5321c0c1db769f09802a8338c111eb56304e7798bc,2026-09-12T20:30:15.077717+00:00,2026-09-12,Transfermarkt profile https://www.transfermarkt.de/guilherme-liberato/profil/spieler/739442 sha256=1795eaccdb1cc6a7df976492e35a1d7a8e54bd4d27a3a043ec49a2d13c3ad647; Native08 reread C:/FM27CommunityOverhaul/data/generated/native08-integrated-20260912-01-reread/native_players.csv produced no safe unique identity,152961,0,Liberato,2490377
POR1,Moreirense FC,979,811432,Alexandre Parsemain,Alexandre Nicolas Duville-Parsemain,2003-05-27,,,,,,2490377,REVIEW_REQUIRED,REVIEW_REQUIRED_AFTER_TWO_ATTEMPTS,fresh_profile_capture:NO_MATCH;native08_bridge:NO_UNIQUE_MATCH,Sol,https://www.transfermarkt.de/alexandre-parsemain/profil/spieler/811432,677f085a91f131802d70efd810db649a02f929c3bad24dda85a4440abd7f58bc,https://www.transfermarkt.de/moreirense-fc/kader/verein/979/saison_id/2026/plus/1,9aa16aff197b371e36892b5321c0c1db769f09802a8338c111eb56304e7798bc,2026-09-12T20:09:24.417386+00:00,2026-09-12,Transfermarkt profile https://www.transfermarkt.de/alexandre-parsemain/profil/spieler/811432 sha256=677f085a91f131802d70efd810db649a02f929c3bad24dda85a4440abd7f58bc; Native08 reread C:/FM27CommunityOverhaul/data/generated/native08-integrated-20260912-01-reread/native_players.csv produced no safe unique identity,,,,
POR1,Moreirense FC,979,854722,Michael Dacosta,Michael Dacosta González,2005-03-05,258555,0,Michael Dacosta González,2005-03-05,2490377,2490377,CONFIRMED,EXACT_PROFILE_DOB_NAME,fresh_profile_capture;native08_bridge,,https://www.transfermarkt.de/michael-dacosta/profil/spieler/854722,cd5f0fda8926ffc952f7007445ec6a7e91bf2226c463df0482384a9975bb4db7,https://www.transfermarkt.de/moreirense-fc/kader/verein/979/saison_id/2026/plus/1,9aa16aff197b371e36892b5321c0c1db769f09802a8338c111eb56304e7798bc,2026-09-12T20:30:23.094030+00:00,2026-09-12,Transfermarkt profile https://www.transfermarkt.de/michael-dacosta/profil/spieler/854722 sha256=cd5f0fda8926ffc952f7007445ec6a7e91bf2226c463df0482384a9975bb4db7; Native08 reread C:/FM27CommunityOverhaul/data/generated/native08-integrated-20260912-01-reread/native_players.csv matched by EXACT_PROFILE_DOB_NAME,,,,
POR1,SC Braga,1075,625206,Adrian Barisic,Adrian Leon Barišić,2001-07-19,295325,268468,Adrian Leon Barišić,2001-07-19,2490374,2490374,CONFIRMED,EXACT_PROFILE_DOB_NAME,fresh_profile_capture;native08_bridge,,https://www.transfermarkt.de/adrian-barisic/profil/spieler/625206,d56cf2c28a786a0aa4cbf190d9e64441297e2c7d1cb2035f9012b8364613384c,https://www.transfermarkt.de/sc-braga/kader/verein/1075/saison_id/2026/plus/1,a179610f71e6ea7b41b62a1d2448a6aa9ceac20ea3d9356ad08e919d3506e2a7,2026-09-12T20:30:00.050172+00:00,2026-09-12,Transfermarkt profile https://www.transfermarkt.de/adrian-barisic/profil/spieler/625206 sha256=d56cf2c28a786a0aa4cbf190d9e64441297e2c7d1cb2035f9012b8364613384c; Native08 reread C:/FM27CommunityOverhaul/data/generated/native08-integrated-20260912-01-reread/native_players.csv matched by EXACT_PROFILE_DOB_NAME,,,,
POR1,SC Braga,1075,631404,Gorby,Gorby,2002-07-25,,,,,,2490374,REVIEW_REQUIRED,REVIEW_REQUIRED_AFTER_TWO_ATTEMPTS,fresh_profile_capture:NO_MATCH;native08_bridge:NO_UNIQUE_MATCH,Sol,https://www.transfermarkt.de/gorby/profil/spieler/631404,550374f0e65dd2749126401a811d82d2c82ed3ed4e2bc3e57ed2ba96f49dd9eb,https://www.transfermarkt.de/sc-braga/kader/verein/1075/saison_id/2026/plus/1,a179610f71e6ea7b41b62a1d2448a6aa9ceac20ea3d9356ad08e919d3506e2a7,2026-09-12T20:08:41.593990+00:00,2026-09-12,Transfermarkt profile https://www.transfermarkt.de/gorby/profil/spieler/631404 sha256=550374f0e65dd2749126401a811d82d2c82ed3ed4e2bc3e57ed2ba96f49dd9eb; Native08 reread C:/FM27CommunityOverhaul/data/generated/native08-integrated-20260912-01-reread/native_players.csv produced no safe unique identity,286885,264418,Jean-Baptiste Gorby,2490374
POR1,Sporting Lissabon,336,546186,Georgios Vagiannidis,Γεώργιος Βαγιαννίδης,2001-09-12,,,,,,2490382,REVIEW_REQUIRED,REVIEW_REQUIRED_AFTER_TWO_ATTEMPTS,fresh_profile_capture:NO_MATCH;native08_bridge:NO_UNIQUE_MATCH,Sol,https://www.transfermarkt.de/georgios-vagiannidis/profil/spieler/546186,1e5e07e8a94157bbe0e9fbda7b753e53c2edd5b87b17ea28693748c8f2f9a3ac,https://www.transfermarkt.de/sporting-lissabon/kader/verein/336/saison_id/2026/plus/1,fce120a2b046675218521683927dd5d73c66a22ed96ac121140956eb3bee30ba,2026-09-12T20:29:55.216812+00:00,2026-09-12,Transfermarkt profile https://www.transfermarkt.de/georgios-vagiannidis/profil/spieler/546186 sha256=1e5e07e8a94157bbe0e9fbda7b753e53c2edd5b87b17ea28693748c8f2f9a3ac; Native08 reread C:/FM27CommunityOverhaul/data/generated/native08-integrated-20260912-01-reread/native_players.csv produced no safe unique identity,286426,255634,Giorgos Vagiannidis,2490382
POR1,Sporting Lissabon,336,572675,Maxi Araújo,Maximiliano Javier Araújo Vilches,2000-02-15,,,,,,2490382,REVIEW_REQUIRED,REVIEW_REQUIRED_AFTER_TWO_ATTEMPTS,fresh_profile_capture:NO_MATCH;native08_bridge:NO_UNIQUE_MATCH,Sol,https://www.transfermarkt.de/maxi-araujo/profil/spieler/572675,b5345e578d682b0170f7376025bb690c01948d6655b322df9188bb9fff738660,https://www.transfermarkt.de/sporting-lissabon/kader/verein/336/saison_id/2026/plus/1,fce120a2b046675218521683927dd5d73c66a22ed96ac121140956eb3bee30ba,2026-09-12T20:29:57.983931+00:00,2026-09-12,Transfermarkt profile https://www.transfermarkt.de/maxi-araujo/profil/spieler/572675 sha256=b5345e578d682b0170f7376025bb690c01948d6655b322df9188bb9fff738660; Native08 reread C:/FM27CommunityOverhaul/data/generated/native08-integrated-20260912-01-reread/native_players.csv produced no safe unique identity,286412,254817,Maximiliano Araújo,2490382
TUR1,Alanyaspor,11282,1175619,Mahmut Can Kara,Mahmut Can Kara,2006-01-01,,,,,,3145783,REVIEW_REQUIRED,REVIEW_REQUIRED_AFTER_TWO_ATTEMPTS,fresh_profile_capture:NO_MATCH;native08_bridge:NO_UNIQUE_MATCH,Sol,https://www.transfermarkt.de/mahmut-can-kara/profil/spieler/1175619,f9f619cf8a60751e396afc6ec4c3182c2d3b6bd8ad4a6755a535cc800c19cddd,https://www.transfermarkt.de/alanyaspor/kader/verein/11282/saison_id/2026/plus/1,433f3e66ff8083db45d3eda79b081cc9c234137060d5070be407da48d877ae43,2026-09-12T20:11:13.608371+00:00,2026-09-12,Transfermarkt profile https://www.transfermarkt.de/mahmut-can-kara/profil/spieler/1175619 sha256=f9f619cf8a60751e396afc6ec4c3182c2d3b6bd8ad4a6755a535cc800c19cddd; Native08 reread C:/FM27CommunityOverhaul/data/generated/native08-integrated-20260912-01-reread/native_players.csv produced no safe unique identity,,,,
TUR1,Alanyaspor,11282,1577095,Arouna Soro,Arouna Kigbafory Soro,2007-07-12,,,,,,3145783,REVIEW_REQUIRED,REVIEW_REQUIRED_AFTER_TWO_ATTEMPTS,fresh_profile_capture:NO_MATCH;native08_bridge:NO_UNIQUE_MATCH,Sol,https://www.transfermarkt.de/arouna-soro/profil/spieler/1577095,c4577c90883e60ab1e2f88342c5fd9d8f4e9201c71170b6c5bd8f5d63562c43b,https://www.transfermarkt.de/alanyaspor/kader/verein/11282/saison_id/2026/plus/1,433f3e66ff8083db45d3eda79b081cc9c234137060d5070be407da48d877ae43,2026-09-12T20:13:21.834573+00:00,2026-09-12,Transfermarkt profile https://www.transfermarkt.de/arouna-soro/profil/spieler/1577095 sha256=c4577c90883e60ab1e2f88342c5fd9d8f4e9201c71170b6c5bd8f5d63562c43b; Native08 reread C:/FM27CommunityOverhaul/data/generated/native08-integrated-20260912-01-reread/native_players.csv produced no safe unique identity,,,,
TUR1,Amed SK,12382,1583411,Muhammed Damar,Muhammed Damar,2008-02-26,,,,,,3145856,REVIEW_REQUIRED,REVIEW_REQUIRED_AFTER_TWO_ATTEMPTS,fresh_profile_capture:NO_MATCH;native08_bridge:NO_UNIQUE_MATCH,Sol,https://www.transfermarkt.de/muhammed-damar/profil/spieler/1583411,099fd694bbacc785f7f38d37b6fb20bbe74106e9394ef4c9ae79e73cb51c409d,https://www.transfermarkt.de/amed-sk/kader/verein/12382/saison_id/2026/plus/1,1c63291a94e83ca8d551f2c91a8979d5cadd6cad24fc5cbcdc3500f54ff03b8e,2026-09-12T20:13:28.711254+00:00,2026-09-12,Transfermarkt profile https://www.transfermarkt.de/muhammed-damar/profil/spieler/1583411 sha256=099fd694bbacc785f7f38d37b6fb20bbe74106e9394ef4c9ae79e73cb51c409d; Native08 reread C:/FM27CommunityOverhaul/data/generated/native08-integrated-20260912-01-reread/native_players.csv produced no safe unique identity,,,,
TUR1,Basaksehir FK,6890,1245279,Ege Öztürk,Ege Öztürk,2007-12-04,,,,,,3145841,REVIEW_REQUIRED,REVIEW_REQUIRED_AFTER_TWO_ATTEMPTS,fresh_profile_capture:NO_MATCH;native08_bridge:NO_UNIQUE_MATCH,Sol,https://www.transfermarkt.de/ege-ozturk/profil/spieler/1245279,deb33d390bfd423943a146433f43053946167271cbd7f468bbe3b039681905c0,https://www.transfermarkt.de/basaksehir-fk/kader/verein/6890/saison_id/2026/plus/1,ce3135bc2b2b9daa2d2bea05e7e218c5933214f172404552d071997b77f3b230,2026-09-12T20:11:49.747319+00:00,2026-09-12,Transfermarkt profile https://www.transfermarkt.de/ege-ozturk/profil/spieler/1245279 sha256=deb33d390bfd423943a146433f43053946167271cbd7f468bbe3b039681905c0; Native08 reread C:/FM27CommunityOverhaul/data/generated/native08-integrated-20260912-01-reread/native_players.csv produced no safe unique identity,,,,
TUR1,Basaksehir FK,6890,754037,Abbosbek Fayzullaev,Файзуллаев Аббосбек Саиджон угли,2003-10-03,,,,,,3145841,REVIEW_REQUIRED,REVIEW_REQUIRED_AFTER_TWO_ATTEMPTS,fresh_profile_capture:NO_MATCH;native08_bridge:NO_UNIQUE_MATCH,Sol,https://www.transfermarkt.de/abbosbek-fayzullaev/profil/spieler/754037,09938b09a05ff61f2d34b6e8c6c41a16ac30c2a63cb2a9ef8fc33c0cc08951ed,https://www.transfermarkt.de/basaksehir-fk/kader/verein/6890/saison_id/2026/plus/1,ce3135bc2b2b9daa2d2bea05e7e218c5933214f172404552d071997b77f3b230,2026-09-12T20:30:17.247922+00:00,2026-09-12,Transfermarkt profile https://www.transfermarkt.de/abbosbek-fayzullaev/profil/spieler/754037 sha256=09938b09a05ff61f2d34b6e8c6c41a16ac30c2a63cb2a9ef8fc33c0cc08951ed; Native08 reread C:/FM27CommunityOverhaul/data/generated/native08-integrated-20260912-01-reread/native_players.csv produced no safe unique identity,199935,80304,Abbosbek Fayzullayev,3145841
TUR1,Besiktas JK,114,461951,Kartal Yılmaz,Kartal Kayra Yılmaz,2000-11-04,199902,254296,Kartal Kayra Yılmaz,2000-11-04,3145824,3145824,CONFIRMED,EXACT_PROFILE_DOB_NAME,fresh_profile_capture;native08_bridge,,https://www.transfermarkt.de/kartal-yilmaz/profil/spieler/461951,c21427eeff8e0719d0bf892b6da40c226d26b7b0ef582985ae78c9f95da4ca64,https://www.transfermarkt.de/besiktas-jk/kader/verein/114/saison_id/2026/plus/1,f46df64dc3feb409a79ae254926c9517fdba2f5e40a9e4ebf8000fc6f191e791,2026-09-12T20:29:47.625932+00:00,2026-09-12,Transfermarkt profile https://www.transfermarkt.de/kartal-yilmaz/profil/spieler/461951 sha256=c21427eeff8e0719d0bf892b6da40c226d26b7b0ef582985ae78c9f95da4ca64; Native08 reread C:/FM27CommunityOverhaul/data/generated/native08-integrated-20260912-01-reread/native_players.csv matched by EXACT_PROFILE_DOB_NAME,,,,
TUR1,Caykur Rizespor,126,1474364,Mustafa Coşkun Tosun,Mustafa Coşkun Tosun,2009-01-06,,,,,,3145837,REVIEW_REQUIRED,REVIEW_REQUIRED_AFTER_TWO_ATTEMPTS,fresh_profile_capture:NO_MATCH;native08_bridge:NO_UNIQUE_MATCH,Sol,https://www.transfermarkt.de/mustafa-coskun-tosun/profil/spieler/1474364,d97a388c86aaca7605be090261b7a18ddda5a634f4b18b9b494dd35bca7a1ce4,https://www.transfermarkt.de/caykur-rizespor/kader/verein/126/saison_id/2026/plus/1,61fa6e9a84b4e36b36da70c3e8971eaf7870792667b136d236163fc072296fda,2026-09-12T20:13:05.190310+00:00,2026-09-12,Transfermarkt profile https://www.transfermarkt.de/mustafa-coskun-tosun/profil/spieler/1474364 sha256=d97a388c86aaca7605be090261b7a18ddda5a634f4b18b9b494dd35bca7a1ce4; Native08 reread C:/FM27CommunityOverhaul/data/generated/native08-integrated-20260912-01-reread/native_players.csv produced no safe unique identity,,,,
TUR1,Caykur Rizespor,126,1581401,Hasan Yağız Döne,Hasan Yağız Döne,2010-09-17,,,,,,3145837,REVIEW_REQUIRED,REVIEW_REQUIRED_AFTER_TWO_ATTEMPTS,fresh_profile_capture:NO_MATCH;native08_bridge:NO_UNIQUE_MATCH,Sol,https://www.transfermarkt.de/hasan-yagiz-done/profil/spieler/1581401,66c03035186e0472c2192489ce1a79709d6a7cb592ae617701aefc30717c49f0,https://www.transfermarkt.de/caykur-rizespor/kader/verein/126/saison_id/2026/plus/1,61fa6e9a84b4e36b36da70c3e8971eaf7870792667b136d236163fc072296fda,2026-09-12T20:13:25.798165+00:00,2026-09-12,Transfermarkt profile https://www.transfermarkt.de/hasan-yagiz-done/profil/spieler/1581401 sha256=66c03035186e0472c2192489ce1a79709d6a7cb592ae617701aefc30717c49f0; Native08 reread C:/FM27CommunityOverhaul/data/generated/native08-integrated-20260912-01-reread/native_players.csv produced no safe unique identity,,,,
TUR1,Corum FK,37951,1476544,Furkan Çetinkaya,Furkan Çetinkaya,2009-03-03,,,,,,3149867,REVIEW_REQUIRED,REVIEW_REQUIRED_AFTER_TWO_ATTEMPTS,fresh_profile_capture:NO_MATCH;native08_bridge:NO_UNIQUE_MATCH,Sol,https://www.transfermarkt.de/furkan-cetinkaya/profil/spieler/1476544,9c05d427f4faed1efc8ca22bb04f4fc436901b206d536d457162410cdf3890f1,https://www.transfermarkt.de/corum-fk/kader/verein/37951/saison_id/2026/plus/1,09798c50638e371505f186cb7a6cb29472c2df6e777856de0739225fb6d74803,2026-09-12T20:13:07.670473+00:00,2026-09-12,Transfermarkt profile https://www.transfermarkt.de/furkan-cetinkaya/profil/spieler/1476544 sha256=9c05d427f4faed1efc8ca22bb04f4fc436901b206d536d457162410cdf3890f1; Native08 reread C:/FM27CommunityOverhaul/data/generated/native08-integrated-20260912-01-reread/native_players.csv produced no safe unique identity,,,,
TUR1,Erzurumspor FK,39722,1487376,Yiğit Baran Karaoğlan,Yiğit Baran Karaoğlan,2006-02-16,,,,,,3145765,REVIEW_REQUIRED,REVIEW_REQUIRED_AFTER_TWO_ATTEMPTS,fresh_profile_capture:NO_MATCH;native08_bridge:NO_UNIQUE_MATCH,Sol,https://www.transfermarkt.de/yigit-baran-karaoglan/profil/spieler/1487376,1f5e4dba7655052890c4f030704ce18cca1020fc8b8291385afb93965f7774db,https://www.transfermarkt.de/erzurumspor-fk/kader/verein/39722/saison_id/2026/plus/1,aaa2316b00aefef231faf95d7f3e3871f7c712aaa423cb88c256177acd6d2902,2026-09-12T20:13:08.778352+00:00,2026-09-12,Transfermarkt profile https://www.transfermarkt.de/yigit-baran-karaoglan/profil/spieler/1487376 sha256=1f5e4dba7655052890c4f030704ce18cca1020fc8b8291385afb93965f7774db; Native08 reread C:/FM27CommunityOverhaul/data/generated/native08-integrated-20260912-01-reread/native_players.csv produced no safe unique identity,,,,
TUR1,Erzurumspor FK,39722,865793,Nariman Akhundzada,Nəriman Əhməd oğlu Axundzadə,2004-04-23,,,,,,3145765,REVIEW_REQUIRED,REVIEW_REQUIRED_AFTER_TWO_ATTEMPTS,fresh_profile_capture:NO_MATCH;native08_bridge:NO_UNIQUE_MATCH,Sol,https://www.transfermarkt.de/nariman-akhundzada/profil/spieler/865793,19b21ff9e61a1db1d24b14e4c2e2b3aa34ee25240ae8e7d1a618719358aa86b6,https://www.transfermarkt.de/erzurumspor-fk/kader/verein/39722/saison_id/2026/plus/1,aaa2316b00aefef231faf95d7f3e3871f7c712aaa423cb88c256177acd6d2902,2026-09-12T20:09:30.328704+00:00,2026-09-12,Transfermarkt profile https://www.transfermarkt.de/nariman-akhundzada/profil/spieler/865793 sha256=19b21ff9e61a1db1d24b14e4c2e2b3aa34ee25240ae8e7d1a618719358aa86b6; Native08 reread C:/FM27CommunityOverhaul/data/generated/native08-integrated-20260912-01-reread/native_players.csv produced no safe unique identity,,,,
TUR1,Eyüpspor,7160,1178853,Berhan Kutlay Şatlı,Berhan Kutlay Şatlı,2006-01-14,,,,,,3145777,REVIEW_REQUIRED,REVIEW_REQUIRED_AFTER_TWO_ATTEMPTS,fresh_profile_capture:NO_MATCH;native08_bridge:NO_UNIQUE_MATCH,Sol,https://www.transfermarkt.de/berhan-kutlay-satli/profil/spieler/1178853,46859891fa8f4fc6b0c466e8583b9191d0a220ccfee2465ba9f7da2580158025,https://www.transfermarkt.de/eyupspor/kader/verein/7160/saison_id/2026/plus/1,f4f3375da68b82c3bad1b9efcd11d29ed67584c0d829b173c80cc388820bec9c,2026-09-12T20:11:17.657360+00:00,2026-09-12,Transfermarkt profile https://www.transfermarkt.de/berhan-kutlay-satli/profil/spieler/1178853 sha256=46859891fa8f4fc6b0c466e8583b9191d0a220ccfee2465ba9f7da2580158025; Native08 reread C:/FM27CommunityOverhaul/data/generated/native08-integrated-20260912-01-reread/native_players.csv produced no safe unique identity,,,,
TUR1,Eyüpspor,7160,1374186,Ömer Ahmet Ceyhan,Ömer Ahmet Ceyhan,2007-08-22,,,,,,3145777,REVIEW_REQUIRED,REVIEW_REQUIRED_AFTER_TWO_ATTEMPTS,fresh_profile_capture:NO_MATCH;native08_bridge:NO_UNIQUE_MATCH,Sol,https://www.transfermarkt.de/omer-ahmet-ceyhan/profil/spieler/1374186,089c7d0f4a30b82c32ee445e756fc76f16aed2d6e7e081780227c0bd821773bc,https://www.transfermarkt.de/eyupspor/kader/verein/7160/saison_id/2026/plus/1,f4f3375da68b82c3bad1b9efcd11d29ed67584c0d829b173c80cc388820bec9c,2026-09-12T20:12:36.277097+00:00,2026-09-12,Transfermarkt profile https://www.transfermarkt.de/omer-ahmet-ceyhan/profil/spieler/1374186 sha256=089c7d0f4a30b82c32ee445e756fc76f16aed2d6e7e081780227c0bd821773bc; Native08 reread C:/FM27CommunityOverhaul/data/generated/native08-integrated-20260912-01-reread/native_players.csv produced no safe unique identity,,,,
TUR1,Eyüpspor,7160,1414664,Diabel Ndoye,Diabel Ndoye,2007-08-27,,,,,,3145777,REVIEW_REQUIRED,REVIEW_REQUIRED_AFTER_TWO_ATTEMPTS,fresh_profile_capture:NO_MATCH;native08_bridge:NO_UNIQUE_MATCH,Sol,https://www.transfermarkt.de/diabel-ndoye/profil/spieler/1414664,736e4b736b3d2cb950c1c93325af252ae2e5a87982a6a37c501d20705ca54a71,https://www.transfermarkt.de/eyupspor/kader/verein/7160/saison_id/2026/plus/1,f4f3375da68b82c3bad1b9efcd11d29ed67584c0d829b173c80cc388820bec9c,2026-09-12T20:12:42.457296+00:00,2026-09-12,Transfermarkt profile https://www.transfermarkt.de/diabel-ndoye/profil/spieler/1414664 sha256=736e4b736b3d2cb950c1c93325af252ae2e5a87982a6a37c501d20705ca54a71; Native08 reread C:/FM27CommunityOverhaul/data/generated/native08-integrated-20260912-01-reread/native_players.csv produced no safe unique identity,,,,
TUR1,Eyüpspor,7160,1414677,Abdou Khadre Sy,Abdou Khadre Sy,2007-12-15,,,,,,3145777,REVIEW_REQUIRED,REVIEW_REQUIRED_AFTER_TWO_ATTEMPTS,fresh_profile_capture:NO_MATCH;native08_bridge:NO_UNIQUE_MATCH,Sol,https://www.transfermarkt.de/abdou-khadre-sy/profil/spieler/1414677,8e510bf181a7b035718b983c150eefabd4dd92eec78d33cbea831673253cc2ec,https://www.transfermarkt.de/eyupspor/kader/verein/7160/saison_id/2026/plus/1,f4f3375da68b82c3bad1b9efcd11d29ed67584c0d829b173c80cc388820bec9c,2026-09-12T20:12:43.373329+00:00,2026-09-12,Transfermarkt profile https://www.transfermarkt.de/abdou-khadre-sy/profil/spieler/1414677 sha256=8e510bf181a7b035718b983c150eefabd4dd92eec78d33cbea831673253cc2ec; Native08 reread C:/FM27CommunityOverhaul/data/generated/native08-integrated-20260912-01-reread/native_players.csv produced no safe unique identity,,,,
TUR1,Eyüpspor,7160,282615,Mete Demir,Mete Kaan Demir,1998-05-13,201012,239333,Mete Kaan Demir,1998-05-13,3145838,3145777,CONFIRMED,EXACT_PROFILE_DOB_NAME,fresh_profile_capture;native08_bridge,,https://www.transfermarkt.de/mete-demir/profil/spieler/282615,d771b24653aefc6d1ce1e692fbc721f17f01f2a08601fc4efeec1a38f1fe80fe,https://www.transfermarkt.de/eyupspor/kader/verein/7160/saison_id/2026/plus/1,f4f3375da68b82c3bad1b9efcd11d29ed67584c0d829b173c80cc388820bec9c,2026-09-12T20:29:34.725353+00:00,2026-09-12,Transfermarkt profile https://www.transfermarkt.de/mete-demir/profil/spieler/282615 sha256=d771b24653aefc6d1ce1e692fbc721f17f01f2a08601fc4efeec1a38f1fe80fe; Native08 reread C:/FM27CommunityOverhaul/data/generated/native08-integrated-20260912-01-reread/native_players.csv matched by EXACT_PROFILE_DOB_NAME,,,,
TUR1,Galatasaray,141,1070983,Armando Güner,Can Armando Güner,2008-01-07,279872,0,Can Armando Güner,2008-01-07,1376263,3145825,CONFIRMED,EXACT_PROFILE_DOB_NAME,fresh_profile_capture;native08_bridge,,https://www.transfermarkt.de/armando-guner/profil/spieler/1070983,9f69ec65a51b1486e4d9da6ce4195d616d10a46a03e785ad4a88218b240445e3,https://www.transfermarkt.de/galatasaray/kader/verein/141/saison_id/2026/plus/1,66f1195fdd6d32bc947bb726ca4925adf5e39b928cebbb291569108f880a8f16,2026-09-12T20:30:38.728133+00:00,2026-09-12,Transfermarkt profile https://www.transfermarkt.de/armando-guner/profil/spieler/1070983 sha256=9f69ec65a51b1486e4d9da6ce4195d616d10a46a03e785ad4a88218b240445e3; Native08 reread C:/FM27CommunityOverhaul/data/generated/native08-integrated-20260912-01-reread/native_players.csv matched by EXACT_PROFILE_DOB_NAME,,,,
TUR1,Galatasaray,141,1223334,Ada Yüzgeç,Ada Yüzgeç,2009-04-03,,,,,,3145825,REVIEW_REQUIRED,REVIEW_REQUIRED_AFTER_TWO_ATTEMPTS,fresh_profile_capture:NO_MATCH;native08_bridge:NO_UNIQUE_MATCH,Sol,https://www.transfermarkt.de/ada-yuzgec/profil/spieler/1223334,96097e73be7447dad92b20d893548ec548f3a612110377bebcfcb7270476ac98,https://www.transfermarkt.de/galatasaray/kader/verein/141/saison_id/2026/plus/1,66f1195fdd6d32bc947bb726ca4925adf5e39b928cebbb291569108f880a8f16,2026-09-12T20:11:35.589521+00:00,2026-09-12,Transfermarkt profile https://www.transfermarkt.de/ada-yuzgec/profil/spieler/1223334 sha256=96097e73be7447dad92b20d893548ec548f3a612110377bebcfcb7270476ac98; Native08 reread C:/FM27CommunityOverhaul/data/generated/native08-integrated-20260912-01-reread/native_players.csv produced no safe unique identity,,,,
TUR1,Gaziantep FK,2832,1048119,Taha Güneş,Muhammet Taha Güneş,2006-01-01,,,,,,3145773,REVIEW_REQUIRED,REVIEW_REQUIRED_AFTER_TWO_ATTEMPTS,fresh_profile_capture:NO_MATCH;native08_bridge:NO_UNIQUE_MATCH,Sol,https://www.transfermarkt.de/taha-gunes/profil/spieler/1048119,8ab8956dd4613d6b7ae0475114534c739b9fefb6142d1e6e897c3eae945463d3,https://www.transfermarkt.de/gaziantep-fk/kader/verein/2832/saison_id/2026/plus/1,81446f340c520f2c5aff4253c251edc727d259530fe5221a6b24ee6cfb9e01e1,2026-09-12T20:30:34.815180+00:00,2026-09-12,Transfermarkt profile https://www.transfermarkt.de/taha-gunes/profil/spieler/1048119 sha256=8ab8956dd4613d6b7ae0475114534c739b9fefb6142d1e6e897c3eae945463d3; Native08 reread C:/FM27CommunityOverhaul/data/generated/native08-integrated-20260912-01-reread/native_players.csv produced no safe unique identity,,,,
TUR1,Gaziantep FK,2832,1197999,Cemilhan Aslan,Cemilhan Aslan,2008-05-07,,,,,,3145773,REVIEW_REQUIRED,REVIEW_REQUIRED_AFTER_TWO_ATTEMPTS,fresh_profile_capture:NO_MATCH;native08_bridge:NO_UNIQUE_MATCH,Sol,https://www.transfermarkt.de/cemilhan-aslan/profil/spieler/1197999,c8cca23fbca4d331ecc285be6e8c2cde3e84aa681434676430e754996f361722,https://www.transfermarkt.de/gaziantep-fk/kader/verein/2832/saison_id/2026/plus/1,81446f340c520f2c5aff4253c251edc727d259530fe5221a6b24ee6cfb9e01e1,2026-09-12T20:11:31.707362+00:00,2026-09-12,Transfermarkt profile https://www.transfermarkt.de/cemilhan-aslan/profil/spieler/1197999 sha256=c8cca23fbca4d331ecc285be6e8c2cde3e84aa681434676430e754996f361722; Native08 reread C:/FM27CommunityOverhaul/data/generated/native08-integrated-20260912-01-reread/native_players.csv produced no safe unique identity,,,,
TUR1,Gaziantep FK,2832,1261143,Ali Osman Kalın,Ali Osman Kalın,2008-03-23,,,,,,3145773,REVIEW_REQUIRED,REVIEW_REQUIRED_AFTER_TWO_ATTEMPTS,fresh_profile_capture:NO_MATCH;native08_bridge:NO_UNIQUE_MATCH,Sol,https://www.transfermarkt.de/ali-osman-kalin/profil/spieler/1261143,a54ee337e62daa0ef6f05b2dc51e489e7cc50daa163d5179091478ca3cc02e06,https://www.transfermarkt.de/gaziantep-fk/kader/verein/2832/saison_id/2026/plus/1,81446f340c520f2c5aff4253c251edc727d259530fe5221a6b24ee6cfb9e01e1,2026-09-12T20:30:51.841632+00:00,2026-09-12,Transfermarkt profile https://www.transfermarkt.de/ali-osman-kalin/profil/spieler/1261143 sha256=a54ee337e62daa0ef6f05b2dc51e489e7cc50daa163d5179091478ca3cc02e06; Native08 reread C:/FM27CommunityOverhaul/data/generated/native08-integrated-20260912-01-reread/native_players.csv produced no safe unique identity,200296,78867,Ali Kalın,3145773
TUR1,Gaziantep FK,2832,1474871,Muhammet Akmelek,Muhammet Akmelek,2009-06-06,,,,,,3145773,REVIEW_REQUIRED,REVIEW_REQUIRED_AFTER_TWO_ATTEMPTS,fresh_profile_capture:NO_MATCH;native08_bridge:NO_UNIQUE_MATCH,Sol,https://www.transfermarkt.de/muhammet-akmelek/profil/spieler/1474871,3b7b5c4fbf26e774dbb237503e968ebc7a23cb497a16b6f7cbb42b88d7980b85,https://www.transfermarkt.de/gaziantep-fk/kader/verein/2832/saison_id/2026/plus/1,81446f340c520f2c5aff4253c251edc727d259530fe5221a6b24ee6cfb9e01e1,2026-09-12T20:13:05.795520+00:00,2026-09-12,Transfermarkt profile https://www.transfermarkt.de/muhammet-akmelek/profil/spieler/1474871 sha256=3b7b5c4fbf26e774dbb237503e968ebc7a23cb497a16b6f7cbb42b88d7980b85; Native08 reread C:/FM27CommunityOverhaul/data/generated/native08-integrated-20260912-01-reread/native_players.csv produced no safe unique identity,,,,
TUR1,Gaziantep FK,2832,1581187,Kadir Gümüş,Kadir Gümüş,2003-11-15,,,,,,3145773,REVIEW_REQUIRED,REVIEW_REQUIRED_AFTER_TWO_ATTEMPTS,fresh_profile_capture:NO_MATCH;native08_bridge:NO_UNIQUE_MATCH,Sol,https://www.transfermarkt.de/kadir-gumus/profil/spieler/1581187,f6136a6f94437f6cae55b6725583d73ff56fd523e6323b2fb503f1b74a9816e5,https://www.transfermarkt.de/gaziantep-fk/kader/verein/2832/saison_id/2026/plus/1,81446f340c520f2c5aff4253c251edc727d259530fe5221a6b24ee6cfb9e01e1,2026-09-12T20:13:24.664855+00:00,2026-09-12,Transfermarkt profile https://www.transfermarkt.de/kadir-gumus/profil/spieler/1581187 sha256=f6136a6f94437f6cae55b6725583d73ff56fd523e6323b2fb503f1b74a9816e5; Native08 reread C:/FM27CommunityOverhaul/data/generated/native08-integrated-20260912-01-reread/native_players.csv produced no safe unique identity,,,,
TUR1,Gaziantep FK,2832,952093,Burak Enes Yıkıcı,Burak Enes Yıkıcı,2004-03-29,,,,,,3145773,REVIEW_REQUIRED,REVIEW_REQUIRED_AFTER_TWO_ATTEMPTS,fresh_profile_capture:NO_MATCH;native08_bridge:NO_UNIQUE_MATCH,Sol,https://www.transfermarkt.de/burak-enes-yikici/profil/spieler/952093,19f3036e8495e528beff991771e4fa84aef6e1861a3c8099b30829408f71805e,https://www.transfermarkt.de/gaziantep-fk/kader/verein/2832/saison_id/2026/plus/1,81446f340c520f2c5aff4253c251edc727d259530fe5221a6b24ee6cfb9e01e1,2026-09-12T20:09:50.560883+00:00,2026-09-12,Transfermarkt profile https://www.transfermarkt.de/burak-enes-yikici/profil/spieler/952093 sha256=19f3036e8495e528beff991771e4fa84aef6e1861a3c8099b30829408f71805e; Native08 reread C:/FM27CommunityOverhaul/data/generated/native08-integrated-20260912-01-reread/native_players.csv produced no safe unique identity,,,,
TUR1,Genclerbirligi Ankara,820,1417530,Hamza Aydar,Yiğit Hamza Aydar,2008-09-20,,,,,,3145836,REVIEW_REQUIRED,REVIEW_REQUIRED_AFTER_TWO_ATTEMPTS,fresh_profile_capture:NO_MATCH;native08_bridge:NO_UNIQUE_MATCH,Sol,https://www.transfermarkt.de/hamza-aydar/profil/spieler/1417530,5a4073b0e3aa860b87f329cf765d8999529980c611ab0a1cb85daaf8eb786603,https://www.transfermarkt.de/genclerbirligi-ankara/kader/verein/820/saison_id/2026/plus/1,9fb824ef54d8cf6c84b7b150acc7ac82c0b5fa7fc8222f7f3c24c366e83db062,2026-09-12T20:30:54.810529+00:00,2026-09-12,Transfermarkt profile https://www.transfermarkt.de/hamza-aydar/profil/spieler/1417530 sha256=5a4073b0e3aa860b87f329cf765d8999529980c611ab0a1cb85daaf8eb786603; Native08 reread C:/FM27CommunityOverhaul/data/generated/native08-integrated-20260912-01-reread/native_players.csv produced no safe unique identity,200427,0,Yiğit Aydar,3145836
TUR1,Genclerbirligi Ankara,820,1437503,Ayaz Özcan,Furkan Ayaz Özcan,2009-10-01,,,,,,3145836,REVIEW_REQUIRED,REVIEW_REQUIRED_AFTER_TWO_ATTEMPTS,fresh_profile_capture:NO_MATCH;native08_bridge:NO_UNIQUE_MATCH,Sol,https://www.transfermarkt.de/ayaz-ozcan/profil/spieler/1437503,c208ce368e2d89a5155ff97eaf5c3cbacfffb750b95e73d71dc9807a195eb303,https://www.transfermarkt.de/genclerbirligi-ankara/kader/verein/820/saison_id/2026/plus/1,9fb824ef54d8cf6c84b7b150acc7ac82c0b5fa7fc8222f7f3c24c366e83db062,2026-09-12T20:12:46.442317+00:00,2026-09-12,Transfermarkt profile https://www.transfermarkt.de/ayaz-ozcan/profil/spieler/1437503 sha256=c208ce368e2d89a5155ff97eaf5c3cbacfffb750b95e73d71dc9807a195eb303; Native08 reread C:/FM27CommunityOverhaul/data/generated/native08-integrated-20260912-01-reread/native_players.csv produced no safe unique identity,,,,
TUR1,Genclerbirligi Ankara,820,1438144,Erk Aslan,Erk Arda Aslan,2008-11-07,,,,,,3145836,REVIEW_REQUIRED,REVIEW_REQUIRED_AFTER_TWO_ATTEMPTS,fresh_profile_capture:NO_MATCH;native08_bridge:NO_UNIQUE_MATCH,Sol,https://www.transfermarkt.de/erk-aslan/profil/spieler/1438144,983e8a8fadcf18ad17a4dab6264bcca0c34b25a21ebf0ea5ef727747c53f7dcb,https://www.transfermarkt.de/genclerbirligi-ankara/kader/verein/820/saison_id/2026/plus/1,9fb824ef54d8cf6c84b7b150acc7ac82c0b5fa7fc8222f7f3c24c366e83db062,2026-09-12T20:12:49.419263+00:00,2026-09-12,Transfermarkt profile https://www.transfermarkt.de/erk-aslan/profil/spieler/1438144 sha256=983e8a8fadcf18ad17a4dab6264bcca0c34b25a21ebf0ea5ef727747c53f7dcb; Native08 reread C:/FM27CommunityOverhaul/data/generated/native08-integrated-20260912-01-reread/native_players.csv produced no safe unique identity,,,,
TUR1,Genclerbirligi Ankara,820,1489506,Ousmane Diabate,Ousmane Diabate,2007-09-24,,,,,,3145836,REVIEW_REQUIRED,REVIEW_REQUIRED_AFTER_TWO_ATTEMPTS,fresh_profile_capture:NO_MATCH;native08_bridge:NO_UNIQUE_MATCH,Sol,https://www.transfermarkt.de/ousmane-diabate/profil/spieler/1489506,cd0970c424a3bfbb8151bd549771a807132e190fe31d17b391531bd1013dee4c,https://www.transfermarkt.de/genclerbirligi-ankara/kader/verein/820/saison_id/2026/plus/1,9fb824ef54d8cf6c84b7b150acc7ac82c0b5fa7fc8222f7f3c24c366e83db062,2026-09-12T20:13:09.712631+00:00,2026-09-12,Transfermarkt profile https://www.transfermarkt.de/ousmane-diabate/profil/spieler/1489506 sha256=cd0970c424a3bfbb8151bd549771a807132e190fe31d17b391531bd1013dee4c; Native08 reread C:/FM27CommunityOverhaul/data/generated/native08-integrated-20260912-01-reread/native_players.csv produced no safe unique identity,,,,
TUR1,Genclerbirligi Ankara,820,191829,Dimitrios Goutas,Δημήτριος Γούτας,1994-04-04,,,,,,3145836,REVIEW_REQUIRED,REVIEW_REQUIRED_AFTER_TWO_ATTEMPTS,fresh_profile_capture:NO_MATCH;native08_bridge:NO_UNIQUE_MATCH,Sol,https://www.transfermarkt.de/dimitrios-goutas/profil/spieler/191829,fe2be9c537825fe64b369b25a5c7aac2d3c8a9098f306bc44241d234dba680b3,https://www.transfermarkt.de/genclerbirligi-ankara/kader/verein/820/saison_id/2026/plus/1,9fb824ef54d8cf6c84b7b150acc7ac82c0b5fa7fc8222f7f3c24c366e83db062,2026-09-12T20:29:34.032464+00:00,2026-09-12,Transfermarkt profile https://www.transfermarkt.de/dimitrios-goutas/profil/spieler/191829 sha256=fe2be9c537825fe64b369b25a5c7aac2d3c8a9098f306bc44241d234dba680b3; Native08 reread C:/FM27CommunityOverhaul/data/generated/native08-integrated-20260912-01-reread/native_players.csv produced no safe unique identity,200401,229703,Dimitris Goutas,3145836
TUR1,Göztepe,1467,433181,Tino Anjorin,Faustino Adebola Rasheed Anjorin,2001-11-23,,,,,,3145820,REVIEW_REQUIRED,REVIEW_REQUIRED_AFTER_TWO_ATTEMPTS,fresh_profile_capture:NO_MATCH;native08_bridge:NO_UNIQUE_MATCH,Sol,https://www.transfermarkt.de/tino-anjorin/profil/spieler/433181,082b2a445b8a4a71d5c62ac0ccb3831826e5168d7261f46f6226044404ab39d8,https://www.transfermarkt.de/goztepe/kader/verein/1467/saison_id/2026/plus/1,7e750ea20c17f8114b86f2de82ca9a2830fe95988c05d73fe5e72a2f70c29e0f,2026-09-12T20:08:16.714531+00:00,2026-09-12,Transfermarkt profile https://www.transfermarkt.de/tino-anjorin/profil/spieler/433181 sha256=082b2a445b8a4a71d5c62ac0ccb3831826e5168d7261f46f6226044404ab39d8; Native08 reread C:/FM27CommunityOverhaul/data/generated/native08-integrated-20260912-01-reread/native_players.csv produced no safe unique identity,200486,258898,Gökdeniz Bayrakdar,3145820
TUR1,Göztepe,1467,662332,Juan,Juan,2002-03-07,,,,,,3145820,REVIEW_REQUIRED,REVIEW_REQUIRED_AFTER_TWO_ATTEMPTS,fresh_profile_capture:NO_MATCH;native08_bridge:NO_UNIQUE_MATCH,Sol,https://www.transfermarkt.de/juan/profil/spieler/662332,9a7a5750e957c82c27c189f81a5f64f1f3f553a22b9c974558e5b199250b2fc0,https://www.transfermarkt.de/goztepe/kader/verein/1467/saison_id/2026/plus/1,7e750ea20c17f8114b86f2de82ca9a2830fe95988c05d73fe5e72a2f70c29e0f,2026-09-12T20:30:04.215623+00:00,2026-09-12,Transfermarkt profile https://www.transfermarkt.de/juan/profil/spieler/662332 sha256=9a7a5750e957c82c27c189f81a5f64f1f3f553a22b9c974558e5b199250b2fc0; Native08 reread C:/FM27CommunityOverhaul/data/generated/native08-integrated-20260912-01-reread/native_players.csv produced no safe unique identity,200016,73864,Juan Santos,3145820
TUR1,Kasimpasa,10484,1315482,Muhammed Emin Bektaş,Muhammed Emin Bektaş,2006-07-01,,,,,,3145843,REVIEW_REQUIRED,REVIEW_REQUIRED_AFTER_TWO_ATTEMPTS,fresh_profile_capture:NO_MATCH;native08_bridge:NO_UNIQUE_MATCH,Sol,https://www.transfermarkt.de/muhammed-emin-bektas/profil/spieler/1315482,9cfe68b6bdf5a7f73bb269e494afee371d6af27790b4e5de6455e46a337dc186,https://www.transfermarkt.de/kasimpasa/kader/verein/10484/saison_id/2026/plus/1,c67384cb86e5ab0489a71469deab8847f74c6c6c97729fe8853bfdf343f41060,2026-09-12T20:12:12.681361+00:00,2026-09-12,Transfermarkt profile https://www.transfermarkt.de/muhammed-emin-bektas/profil/spieler/1315482 sha256=9cfe68b6bdf5a7f73bb269e494afee371d6af27790b4e5de6455e46a337dc186; Native08 reread C:/FM27CommunityOverhaul/data/generated/native08-integrated-20260912-01-reread/native_players.csv produced no safe unique identity,,,,
TUR1,Kasimpasa,10484,1438186,Salih Arıcı,Ahmet Salih Arıcı,2008-03-27,,,,,,3145843,REVIEW_REQUIRED,REVIEW_REQUIRED_AFTER_TWO_ATTEMPTS,fresh_profile_capture:NO_MATCH;native08_bridge:NO_UNIQUE_MATCH,Sol,https://www.transfermarkt.de/salih-arici/profil/spieler/1438186,32a68f195ce984f80a80c9ee24d3e85139fa13e75c700c1c9ef0701a9edd9f45,https://www.transfermarkt.de/kasimpasa/kader/verein/10484/saison_id/2026/plus/1,c67384cb86e5ab0489a71469deab8847f74c6c6c97729fe8853bfdf343f41060,2026-09-12T20:12:50.406439+00:00,2026-09-12,Transfermarkt profile https://www.transfermarkt.de/salih-arici/profil/spieler/1438186 sha256=32a68f195ce984f80a80c9ee24d3e85139fa13e75c700c1c9ef0701a9edd9f45; Native08 reread C:/FM27CommunityOverhaul/data/generated/native08-integrated-20260912-01-reread/native_players.csv produced no safe unique identity,,,,
TUR1,Kocaelispor,120,1303365,Arda Özyar,Arda Özyar,2007-04-16,,,,,,3145754,REVIEW_REQUIRED,REVIEW_REQUIRED_AFTER_TWO_ATTEMPTS,fresh_profile_capture:NO_MATCH;native08_bridge:NO_UNIQUE_MATCH,Sol,https://www.transfermarkt.de/arda-ozyar/profil/spieler/1303365,b146ccbdd801b2367e1f34b7b97e7c09debe93dc0e96aa2c57aa83dc768523ad,https://www.transfermarkt.de/kocaelispor/kader/verein/120/saison_id/2026/plus/1,bda2ed30c80e868d465811681293fb83205ade381ad18055d9cd750ca9ce7817,2026-09-12T20:12:02.692474+00:00,2026-09-12,Transfermarkt profile https://www.transfermarkt.de/arda-ozyar/profil/spieler/1303365 sha256=b146ccbdd801b2367e1f34b7b97e7c09debe93dc0e96aa2c57aa83dc768523ad; Native08 reread C:/FM27CommunityOverhaul/data/generated/native08-integrated-20260912-01-reread/native_players.csv produced no safe unique identity,,,,
TUR1,Kocaelispor,120,1423296,Talha Polat,Talha Polat,2006-11-17,,,,,,3145754,REVIEW_REQUIRED,REVIEW_REQUIRED_AFTER_TWO_ATTEMPTS,fresh_profile_capture:NO_MATCH;native08_bridge:NO_UNIQUE_MATCH,Sol,https://www.transfermarkt.de/talha-polat/profil/spieler/1423296,099622816efa8a1a304005854b4b03a01fba39f1992a258d577af181dc38c379,https://www.transfermarkt.de/kocaelispor/kader/verein/120/saison_id/2026/plus/1,bda2ed30c80e868d465811681293fb83205ade381ad18055d9cd750ca9ce7817,2026-09-12T20:12:44.347127+00:00,2026-09-12,Transfermarkt profile https://www.transfermarkt.de/talha-polat/profil/spieler/1423296 sha256=099622816efa8a1a304005854b4b03a01fba39f1992a258d577af181dc38c379; Native08 reread C:/FM27CommunityOverhaul/data/generated/native08-integrated-20260912-01-reread/native_players.csv produced no safe unique identity,,,,
TUR1,Kocaelispor,120,1438140,Hulusi Destici,Hulusi Destici,2008-08-06,,,,,,3145754,REVIEW_REQUIRED,REVIEW_REQUIRED_AFTER_TWO_ATTEMPTS,fresh_profile_capture:NO_MATCH;native08_bridge:NO_UNIQUE_MATCH,Sol,https://www.transfermarkt.de/hulusi-destici/profil/spieler/1438140,5456f3e338421732f3b20a615d23e06847caa5d58c87e0642ac5c335db780393,https://www.transfermarkt.de/kocaelispor/kader/verein/120/saison_id/2026/plus/1,bda2ed30c80e868d465811681293fb83205ade381ad18055d9cd750ca9ce7817,2026-09-12T20:12:48.322769+00:00,2026-09-12,Transfermarkt profile https://www.transfermarkt.de/hulusi-destici/profil/spieler/1438140 sha256=5456f3e338421732f3b20a615d23e06847caa5d58c87e0642ac5c335db780393; Native08 reread C:/FM27CommunityOverhaul/data/generated/native08-integrated-20260912-01-reread/native_players.csv produced no safe unique identity,,,,
TUR1,Kocaelispor,120,367195,Dan Agyei,Daniel Ebenezer Agyei,1997-06-01,,,,,,3145754,REVIEW_REQUIRED,REVIEW_REQUIRED_AFTER_TWO_ATTEMPTS,fresh_profile_capture:NO_MATCH;native08_bridge:NO_UNIQUE_MATCH,Sol,https://www.transfermarkt.de/dan-agyei/profil/spieler/367195,878dafae5b21042c7f46b7a32d494ba920f58cb751929b05d22bbd7adde1bd34,https://www.transfermarkt.de/kocaelispor/kader/verein/120/saison_id/2026/plus/1,bda2ed30c80e868d465811681293fb83205ade381ad18055d9cd750ca9ce7817,2026-09-12T20:29:40.588893+00:00,2026-09-12,Transfermarkt profile https://www.transfermarkt.de/dan-agyei/profil/spieler/367195 sha256=878dafae5b21042c7f46b7a32d494ba920f58cb751929b05d22bbd7adde1bd34; Native08 reread C:/FM27CommunityOverhaul/data/generated/native08-integrated-20260912-01-reread/native_players.csv produced no safe unique identity,200378,228382,Daniel Agyei,3145754
TUR1,Konyaspor,2293,1304052,Ömer Çobanoğlu,Ömer Çobanoğlu,2007-07-04,,,,,,3145839,REVIEW_REQUIRED,REVIEW_REQUIRED_AFTER_TWO_ATTEMPTS,fresh_profile_capture:NO_MATCH;native08_bridge:NO_UNIQUE_MATCH,Sol,https://www.transfermarkt.de/omer-cobanoglu/profil/spieler/1304052,caea011e382abe888648e08f7c94c486cff9e762d76790887560e40d47729c07,https://www.transfermarkt.de/konyaspor/kader/verein/2293/saison_id/2026/plus/1,069dc7281d9365629f14ccbc97a6efb86e052d5f21328d42e8d7b49edfa417e6,2026-09-12T20:12:03.775956+00:00,2026-09-12,Transfermarkt profile https://www.transfermarkt.de/omer-cobanoglu/profil/spieler/1304052 sha256=caea011e382abe888648e08f7c94c486cff9e762d76790887560e40d47729c07; Native08 reread C:/FM27CommunityOverhaul/data/generated/native08-integrated-20260912-01-reread/native_players.csv produced no safe unique identity,,,,
TUR1,Konyaspor,2293,1347138,Emir Gündoğdu,Emir Gündoğdu,2009-10-16,,,,,,3145839,REVIEW_REQUIRED,REVIEW_REQUIRED_AFTER_TWO_ATTEMPTS,fresh_profile_capture:NO_MATCH;native08_bridge:NO_UNIQUE_MATCH,Sol,https://www.transfermarkt.de/emir-gundogdu/profil/spieler/1347138,bd84c39c4a366244882819eafb1d6addc14faf54ed6b16261dbc2de7c796ab4b,https://www.transfermarkt.de/konyaspor/kader/verein/2293/saison_id/2026/plus/1,069dc7281d9365629f14ccbc97a6efb86e052d5f21328d42e8d7b49edfa417e6,2026-09-12T20:12:21.838139+00:00,2026-09-12,Transfermarkt profile https://www.transfermarkt.de/emir-gundogdu/profil/spieler/1347138 sha256=bd84c39c4a366244882819eafb1d6addc14faf54ed6b16261dbc2de7c796ab4b; Native08 reread C:/FM27CommunityOverhaul/data/generated/native08-integrated-20260912-01-reread/native_players.csv produced no safe unique identity,,,,
TUR1,Samsunspor,152,1070009,Efe Berat Töruz,Efe Berat Töruz,2006-09-08,,,,,,3145745,REVIEW_REQUIRED,REVIEW_REQUIRED_AFTER_TWO_ATTEMPTS,fresh_profile_capture:NO_MATCH;native08_bridge:NO_UNIQUE_MATCH,Sol,https://www.transfermarkt.de/efe-berat-toruz/profil/spieler/1070009,a15eeecf2b42c8f3df31b467a7ea9bef710cb9bd792a3fae93ca0fefddaf963c,https://www.transfermarkt.de/samsunspor/kader/verein/152/saison_id/2026/plus/1,4e99640342d6c03de82a839147f9c53a0cc4bc14523c727d2894fc2df5432171,2026-09-12T20:30:37.740319+00:00,2026-09-12,Transfermarkt profile https://www.transfermarkt.de/efe-berat-toruz/profil/spieler/1070009 sha256=a15eeecf2b42c8f3df31b467a7ea9bef710cb9bd792a3fae93ca0fefddaf963c; Native08 reread C:/FM27CommunityOverhaul/data/generated/native08-integrated-20260912-01-reread/native_players.csv produced no safe unique identity,297323,75899,Efe Töruz,3145745
TUR1,Samsunspor,152,1161013,Mustafa Tan,Haluk Mustafa Tan,2005-04-27,,,,,,3145745,REVIEW_REQUIRED,REVIEW_REQUIRED_AFTER_TWO_ATTEMPTS,fresh_profile_capture:NO_MATCH;native08_bridge:NO_UNIQUE_MATCH,Sol,https://www.transfermarkt.de/mustafa-tan/profil/spieler/1161013,1ff017cd782325d9b93feedfa47f16dbe78c830b201ca05071dd08aa2fc72441,https://www.transfermarkt.de/samsunspor/kader/verein/152/saison_id/2026/plus/1,4e99640342d6c03de82a839147f9c53a0cc4bc14523c727d2894fc2df5432171,2026-09-12T20:11:08.637538+00:00,2026-09-12,Transfermarkt profile https://www.transfermarkt.de/mustafa-tan/profil/spieler/1161013 sha256=1ff017cd782325d9b93feedfa47f16dbe78c830b201ca05071dd08aa2fc72441; Native08 reread C:/FM27CommunityOverhaul/data/generated/native08-integrated-20260912-01-reread/native_players.csv produced no safe unique identity,,,,
