league,club,player,player_tm_id,status,issues,roster_club_tm_id,profile_club_tm_id,full_name,dob,nationality,loan_owner_tm_id,owner_contract_until,profile_source,profile_sha256,roster_source,roster_sha256,snapshot_date
BEL1,Royal Antwerpen FC,Lowie Piselé,1191562,HIGH_CONFIDENCE,,1096,1096,Lowie Peter Piselé,2009-09-17,Belgien,,,https://www.transfermarkt.de/lowie-pisele/profil/spieler/1191562,b2a88fc3a528fdb750d898cf8a4726a743277e1d3845733c771b3b4486622c04,https://www.transfermarkt.de/royal-antwerpen-fc/kader/verein/1096/saison_id/2026/plus/1,eb2b5eea86d19deaf123189c966bf44bae4a2d94614134be4d229233c58d37aa,2026-09-12
BEL1,Royal Antwerpen FC,Luca Schelfhout,1318279,HIGH_CONFIDENCE,,1096,1096,,2007-09-17,Belgien,,,https://www.transfermarkt.de/luca-schelfhout/profil/spieler/1318279,68859ad378bc71a1de2ffe6c9f12e09a49c7f21e410babd622a254f9c74c1770,https://www.transfermarkt.de/royal-antwerpen-fc/kader/verein/1096/saison_id/2026/plus/1,eb2b5eea86d19deaf123189c966bf44bae4a2d94614134be4d229233c58d37aa,2026-09-12
BEL1,Royal Antwerpen FC,Aaron Ibrahim,1135426,HIGH_CONFIDENCE,,1096,1096,,2008-08-02,Belgien,,,https://www.transfermarkt.de/aaron-ibrahim/profil/spieler/1135426,2f56bd0a66c27be6f823d7fa5276cde70c4a482124b93a326392e0af56db2e2a,https://www.transfermarkt.de/royal-antwerpen-fc/kader/verein/1096/saison_id/2026/plus/1,eb2b5eea86d19deaf123189c966bf44bae4a2d94614134be4d229233c58d37aa,2026-09-12
BEL1,Royal Antwerpen FC,Bahmed Deuff,1176215,HIGH_CONFIDENCE,,1096,1096,باهمد دوف,2006-03-10,Mauretanien Frankreich,995,2029-06-30,https://www.transfermarkt.de/bahmed-deuff/profil/spieler/1176215,d421cc6e77c640123f07acd9c9c7513a060f62af3f0e541dda75829945e79e84,https://www.transfermarkt.de/royal-antwerpen-fc/kader/verein/1096/saison_id/2026/plus/1,eb2b5eea86d19deaf123189c966bf44bae4a2d94614134be4d229233c58d37aa,2026-09-12
BEL1,Royal Antwerpen FC,Modibo Fofana,1510005,HIGH_CONFIDENCE,,1096,1096,,2007-11-03,Elfenbeinküste,,,https://www.transfermarkt.de/modibo-fofana/profil/spieler/1510005,aa3bdef89be8a8b2cb3d01eb14438b3570827c96f1309b1e1d66b3e829413c06,https://www.transfermarkt.de/royal-antwerpen-fc/kader/verein/1096/saison_id/2026/plus/1,eb2b5eea86d19deaf123189c966bf44bae4a2d94614134be4d229233c58d37aa,2026-09-12
BEL1,Royal Antwerpen FC,Farouck Adekami,1293796,HIGH_CONFIDENCE,,1096,1096,Muhammed Farouck Adekami,2006-08-07,Elfenbeinküste,,,https://www.transfermarkt.de/farouck-adekami/profil/spieler/1293796,5db1d224c0af63d206a51643605a1b2c27a05cf96223e684ae16619d5c8c07d2,https://www.transfermarkt.de/royal-antwerpen-fc/kader/verein/1096/saison_id/2026/plus/1,eb2b5eea86d19deaf123189c966bf44bae4a2d94614134be4d229233c58d37aa,2026-09-12
BEL1,Royal Antwerpen FC,Luis Narh,1555142,HIGH_CONFIDENCE,,1096,1096,,2007-12-25,Ghana,,,https://www.transfermarkt.de/luis-narh/profil/spieler/1555142,9450cae04eacdbfe9b1b044bd585bbbee9f28605c86ad15f153d17d816675cbc,https://www.transfermarkt.de/royal-antwerpen-fc/kader/verein/1096/saison_id/2026/plus/1,eb2b5eea86d19deaf123189c966bf44bae4a2d94614134be4d229233c58d37aa,2026-09-12
BEL1,Royal Antwerpen FC,Jeff Godelaine,1184725,HIGH_CONFIDENCE,,1096,1096,,2007-04-26,Belgien,,,https://www.transfermarkt.de/jeff-godelaine/profil/spieler/1184725,36b4cde7a71e4e61720dfa32270d82b1d068451509154698d243ba0adfda6b84,https://www.transfermarkt.de/royal-antwerpen-fc/kader/verein/1096/saison_id/2026/plus/1,eb2b5eea86d19deaf123189c966bf44bae4a2d94614134be4d229233c58d37aa,2026-09-12
BEL1,SK Beveren,Cheick Oumar Konaté,1108145,HIGH_CONFIDENCE,,28643,28643,,2004-04-02,Mali,,,https://www.transfermarkt.de/cheick-oumar-konate/profil/spieler/1108145,50c969c8fe96a5914d724d67a4ad681d401e88dd35e442fa3cfd680845e3e98b,https://www.transfermarkt.de/sk-beveren/kader/verein/28643/saison_id/2026/plus/1,7bd09a7ce8449fd8a09e77af941f3d0069233ed39a454f5073c6ab7bfe083ae7,2026-09-12
BEL1,SK Beveren,Arno Verschueren,250591,HIGH_CONFIDENCE,,28643,28643,,1997-04-08,Belgien,,,https://www.transfermarkt.de/arno-verschueren/profil/spieler/250591,7078864e5021e0850aeda883986c7137af10be571299d7cca444be18682fd165,https://www.transfermarkt.de/sk-beveren/kader/verein/28643/saison_id/2026/plus/1,7bd09a7ce8449fd8a09e77af941f3d0069233ed39a454f5073c6ab7bfe083ae7,2026-09-12
BEL1,SK Beveren,Junior Diouf,1492856,HIGH_CONFIDENCE,,28643,28643,Raymond Junior Devis Diouf,2007-08-16,Senegal,,,https://www.transfermarkt.de/junior-diouf/profil/spieler/1492856,ee8768f4049a7eab2621a80f0b7e50dd4ee882eeae447cbd3f43d0458f1ab5d7,https://www.transfermarkt.de/sk-beveren/kader/verein/28643/saison_id/2026/plus/1,7bd09a7ce8449fd8a09e77af941f3d0069233ed39a454f5073c6ab7bfe083ae7,2026-09-12
BEL1,Cercle Brügge,Bas Langenbick,993333,HIGH_CONFIDENCE,,520,520,,2003-06-16,Belgien,,,https://www.transfermarkt.de/bas-langenbick/profil/spieler/993333,ebc502a2296e4beff2a886c4df64de3fa45df382e2cbff13fa91e1ed1bb56bd6,https://www.transfermarkt.de/cercle-brugge/kader/verein/520/saison_id/2026/plus/1,7cdfb59fb0a1a9a437a93f97e502615933029fa25dc8530a34a7715ac5027f03,2026-09-12
BEL1,Cercle Brügge,Tiemen De Bel,1178478,HIGH_CONFIDENCE,,520,520,Tiemen Jens De Bel,2006-10-31,Belgien,,,https://www.transfermarkt.de/tiemen-de-bel/profil/spieler/1178478,5f1a0b6bbce0afedafc5b8c59fd3485dcf57a7d5a104692cc1c49b60e643835b,https://www.transfermarkt.de/cercle-brugge/kader/verein/520/saison_id/2026/plus/1,7cdfb59fb0a1a9a437a93f97e502615933029fa25dc8530a34a7715ac5027f03,2026-09-12
BEL1,Cercle Brügge,Sebbe Gheerardyns,1137815,HIGH_CONFIDENCE,,520,520,,2005-01-11,Belgien,,,https://www.transfermarkt.de/sebbe-gheerardyns/profil/spieler/1137815,ef239788eca827eea14457a55b5ef573375822456a7e3d36f26a47883629418e,https://www.transfermarkt.de/cercle-brugge/kader/verein/520/saison_id/2026/plus/1,7cdfb59fb0a1a9a437a93f97e502615933029fa25dc8530a34a7715ac5027f03,2026-09-12
BEL1,Cercle Brügge,Luke Le Roux,467616,HIGH_CONFIDENCE,,520,520,Luke Gareth Le Roux,2000-03-10,Südafrika,,,https://www.transfermarkt.de/luke-le-roux/profil/spieler/467616,8d67a157eebd79eaefd4fe7f79d147b789cb57ee9ea2e59ad125defe6842991a,https://www.transfermarkt.de/cercle-brugge/kader/verein/520/saison_id/2026/plus/1,7cdfb59fb0a1a9a437a93f97e502615933029fa25dc8530a34a7715ac5027f03,2026-09-12
BEL1,Cercle Brügge,Erick Nunes,1086381,HIGH_CONFIDENCE,,520,520,,2004-02-29,Brasilien,,,https://www.transfermarkt.de/erick-nunes/profil/spieler/1086381,652cb2588f81bafc1d6ec1b37e98d4be542542a9ac03a88da6fe325742373258,https://www.transfermarkt.de/cercle-brugge/kader/verein/520/saison_id/2026/plus/1,7cdfb59fb0a1a9a437a93f97e502615933029fa25dc8530a34a7715ac5027f03,2026-09-12
BEL1,Royal Charleroi SC,Naël Piron,1318685,HIGH_CONFIDENCE,,172,172,Naël Lucas Piron,2008-09-28,Belgien,,,https://www.transfermarkt.de/nael-piron/profil/spieler/1318685,9cbca79ada9327192440a7582ea9727a07810617bb9e30459b31beead8ff4a38,https://www.transfermarkt.de/royal-charleroi-sc/kader/verein/172/saison_id/2026/plus/1,be345af7e14ab40246420c64e873b34283e56e8aafa6f5b344acf44cf11dfec1,2026-09-12
BEL1,Royal Charleroi SC,Rafaël Teugels,1084207,HIGH_CONFIDENCE,,172,172,,2006-06-07,Belgien,,,https://www.transfermarkt.de/rafael-teugels/profil/spieler/1084207,f9d49f02d120165427d66d51e8c96c4a80c87575f62f3dc656764a1a478ede1b,https://www.transfermarkt.de/royal-charleroi-sc/kader/verein/172/saison_id/2026/plus/1,be345af7e14ab40246420c64e873b34283e56e8aafa6f5b344acf44cf11dfec1,2026-09-12
BEL1,Royal Charleroi SC,Mory Kera,1308524,HIGH_CONFIDENCE,,172,172,,2008-06-26,Belgien,,,https://www.transfermarkt.de/mory-kera/profil/spieler/1308524,c606a5fdcc353cb09fd14eee8bf22c16de37edc9bd0fb8156620d53399d69231,https://www.transfermarkt.de/royal-charleroi-sc/kader/verein/172/saison_id/2026/plus/1,be345af7e14ab40246420c64e873b34283e56e8aafa6f5b344acf44cf11dfec1,2026-09-12
BEL1,KRC Genk,Hendrik Van Crombrugge,137326,HIGH_CONFIDENCE,,1184,1184,,1993-04-30,Belgien,,,https://www.transfermarkt.de/hendrik-van-crombrugge/profil/spieler/137326,887d4eb1c734fae4cc0ff9bb8c1fa8f97974c92cac7d2a0bcb85eb1db858f608,https://www.transfermarkt.de/krc-genk/kader/verein/1184/saison_id/2026/plus/1,85979abe0c47d79971cc0cee642e1248d1cad9da00ea0a7a7add7591bfc915c0,2026-09-12
BEL1,KRC Genk,Elie Mbavu,1232104,HIGH_CONFIDENCE,,1184,1184,,2009-10-20,Belgien,,,https://www.transfermarkt.de/elie-mbavu/profil/spieler/1232104,73559f6d1b60ecfdb1269a8ebd0bba8189aabb781ddc5a37a45044cc5d0d26a9,https://www.transfermarkt.de/krc-genk/kader/verein/1184/saison_id/2026/plus/1,85979abe0c47d79971cc0cee642e1248d1cad9da00ea0a7a7add7591bfc915c0,2026-09-12
BEL1,KRC Genk,Emmanuel Sarfo,1318195,HIGH_CONFIDENCE,,1184,1184,Emmanuel Jeriel Sarfo,2007-07-12,Belgien,,,https://www.transfermarkt.de/emmanuel-sarfo/profil/spieler/1318195,7c96403ff731fa2fcd44db963bb265302f382795907dbe9111cfd735a5480ee2,https://www.transfermarkt.de/krc-genk/kader/verein/1184/saison_id/2026/plus/1,85979abe0c47d79971cc0cee642e1248d1cad9da00ea0a7a7add7591bfc915c0,2026-09-12
BEL1,KAA Gent,Abdoul Ayinde,1160184,HIGH_CONFIDENCE,,157,157,Abdoul Rachid Ayinde,2005-07-17,Burkina Faso,,,https://www.transfermarkt.de/abdoul-ayinde/profil/spieler/1160184,bd9a371ffc822763cd49d089f3834ce803a491c2e9cfbda411ae6d9e3a9bdf7e,https://www.transfermarkt.de/kaa-gent/kader/verein/157/saison_id/2026/plus/1,a5b71d08783f71f42f77878fb8e7c874a9219213a9eb349e06a527ae5323fbd1,2026-09-12
BEL1,KAA Gent,Ibrahima Cissé,1473866,HIGH_CONFIDENCE,,157,157,,2007-09-24,Senegal,,,https://www.transfermarkt.de/ibrahima-cisse/profil/spieler/1473866,962f8763e7843d37a826b84277a931df3b074eedeb4dc3750fb4d3cb7d1fe5a5,https://www.transfermarkt.de/kaa-gent/kader/verein/157/saison_id/2026/plus/1,a5b71d08783f71f42f77878fb8e7c874a9219213a9eb349e06a527ae5323fbd1,2026-09-12
BEL1,KV Kortrijk,Tristen Alliet,1226227,HIGH_CONFIDENCE,,601,601,,2005-04-19,Belgien,,,https://www.transfermarkt.de/tristen-alliet/profil/spieler/1226227,9cbe929c181bfc2e15c7bb930906ba9d6b9651b6d2111b4cd6bdb70d725c014f,https://www.transfermarkt.de/kv-kortrijk/kader/verein/601/saison_id/2026/plus/1,a4999f54d8da64602d94dda7998adfe30af76e24e0c684550e581e845d6cfc0c,2026-09-12
BEL1,KV Kortrijk,Axel Drouhin,935507,HIGH_CONFIDENCE,,601,601,,2000-03-18,Frankreich,,,https://www.transfermarkt.de/axel-drouhin/profil/spieler/935507,f4b672c7f57118a31acb38f0c24572b8167d0976515ce56a68c69b766c145e07,https://www.transfermarkt.de/kv-kortrijk/kader/verein/601/saison_id/2026/plus/1,a4999f54d8da64602d94dda7998adfe30af76e24e0c684550e581e845d6cfc0c,2026-09-12
BEL1,KV Kortrijk,Guust Lamerand,1456177,HIGH_CONFIDENCE,,601,601,,2008-03-21,Belgien,,,https://www.transfermarkt.de/guust-lamerand/profil/spieler/1456177,1d53ef1f742dc0e44b3ff979f5c6eca8281bf96698ac9afbe16eee7471f4eda9,https://www.transfermarkt.de/kv-kortrijk/kader/verein/601/saison_id/2026/plus/1,a4999f54d8da64602d94dda7998adfe30af76e24e0c684550e581e845d6cfc0c,2026-09-12
BEL1,KV Kortrijk,Sixtus Ogbuehi,1230201,HIGH_CONFIDENCE,,601,601,Nzubechi Sixtus Ogbuehi Ogbuehi,2003-03-15,Nigeria,,,https://www.transfermarkt.de/sixtus-ogbuehi/profil/spieler/1230201,3ced30cfcd8c2e3a6411b0991a26d2f84a60803e30b9d48ff41cffafdff2158c,https://www.transfermarkt.de/kv-kortrijk/kader/verein/601/saison_id/2026/plus/1,a4999f54d8da64602d94dda7998adfe30af76e24e0c684550e581e845d6cfc0c,2026-09-12
BEL1,Lommel SK,Melvin Ramundo,1451840,HIGH_CONFIDENCE,,5026,5026,,2007-09-07,Belgien,,,https://www.transfermarkt.de/melvin-ramundo/profil/spieler/1451840,3db96717e2fc3af6a262eeb76050c9e1ea477ea4445e96c2d2e5c91f546cf8a6,https://www.transfermarkt.de/lommel-sk/kader/verein/5026/saison_id/2026/plus/1,9ff756a9f65fb1a83d753e141d2c89530fd8a9311bba2096f5846c718c381d8a,2026-09-12
BEL1,Lommel SK,Emile Vandecraen,1335076,HIGH_CONFIDENCE,,5026,5026,,2008-05-11,Belgien,,,https://www.transfermarkt.de/emile-vandecraen/profil/spieler/1335076,49a309945f8adc41179b87df39226f9130dd637bf579bd8b834e88224c92abd3,https://www.transfermarkt.de/lommel-sk/kader/verein/5026/saison_id/2026/plus/1,9ff756a9f65fb1a83d753e141d2c89530fd8a9311bba2096f5846c718c381d8a,2026-09-12
BEL1,Lommel SK,Djordje Gordic,858324,HIGH_CONFIDENCE,,5026,5026,Ђорђе Гордић,2004-11-05,Serbien,,,https://www.transfermarkt.de/djordje-gordic/profil/spieler/858324,45736d88af2b5f6c84b7fbbfaa86ea72f3533997b4d157708a9f14b8711f706f,https://www.transfermarkt.de/lommel-sk/kader/verein/5026/saison_id/2026/plus/1,9ff756a9f65fb1a83d753e141d2c89530fd8a9311bba2096f5846c718c381d8a,2026-09-12
BEL1,Lommel SK,Elijah Odede,1372119,HIGH_CONFIDENCE,,5026,5026,Elijah Olaniyi Odede,2007-01-12,Nigeria,1095,2030-06-30,https://www.transfermarkt.de/elijah-odede/profil/spieler/1372119,09097fed4b92fe92a1ea74497fc1f42587da572fc222452e8791017ef6b3cfc5,https://www.transfermarkt.de/lommel-sk/kader/verein/5026/saison_id/2026/plus/1,9ff756a9f65fb1a83d753e141d2c89530fd8a9311bba2096f5846c718c381d8a,2026-09-12
BEL1,Lommel SK,Stredair Appuah,1004618,HIGH_CONFIDENCE,,5026,5026,Stredair Owusu Appuah,2004-06-27,Frankreich Ghana,458,2029-06-30,https://www.transfermarkt.de/stredair-appuah/profil/spieler/1004618,7ff784bf92e76865af8dab60acb152615576aad7f67b12f4548c0fc14518bad2,https://www.transfermarkt.de/lommel-sk/kader/verein/5026/saison_id/2026/plus/1,9ff756a9f65fb1a83d753e141d2c89530fd8a9311bba2096f5846c718c381d8a,2026-09-12
BEL1,Lommel SK,Alexander Reumers,1072029,HIGH_CONFIDENCE,,5026,5026,,2007-04-27,Belgien,,,https://www.transfermarkt.de/alexander-reumers/profil/spieler/1072029,9a612032df021fe7eacc87d224c12f1756eed717be41cbc211b68d6b3bb61909,https://www.transfermarkt.de/lommel-sk/kader/verein/5026/saison_id/2026/plus/1,9ff756a9f65fb1a83d753e141d2c89530fd8a9311bba2096f5846c718c381d8a,2026-09-12
BEL1,KV Mechelen,Axel Willockx,1192697,HIGH_CONFIDENCE,,354,354,,2007-02-07,Belgien,,,https://www.transfermarkt.de/axel-willockx/profil/spieler/1192697,090df29cf949afbe408214080197a126c937135e21e8de5d55f5bf2e0745f6f2,https://www.transfermarkt.de/kv-mechelen/kader/verein/354/saison_id/2026/plus/1,def54d86d9d3b7a97807ef82c6b867bdf78c5b32694c9ea844fc271b85c916a5,2026-09-12
BEL1,KV Mechelen,Ryan Teague,616431,HIGH_CONFIDENCE,,354,354,Ryan Graham Pun Teague,2002-01-24,Australien,,,https://www.transfermarkt.de/ryan-teague/profil/spieler/616431,485a464338f4348bcd3044073e83c182cc3159168bc872a9158011440eebc0bf,https://www.transfermarkt.de/kv-mechelen/kader/verein/354/saison_id/2026/plus/1,def54d86d9d3b7a97807ef82c6b867bdf78c5b32694c9ea844fc271b85c916a5,2026-09-12
BEL1,KV Mechelen,Amine Ouahabi,1269453,HIGH_CONFIDENCE,,354,354,أمين الوهابي,2008-07-04,Marokko Belgien,,,https://www.transfermarkt.de/amine-ouahabi/profil/spieler/1269453,08ef3ae9993ac946d25bb8e6f9224a8aa2c2c509ff326ea21d17d7b0fe0af80f,https://www.transfermarkt.de/kv-mechelen/kader/verein/354/saison_id/2026/plus/1,def54d86d9d3b7a97807ef82c6b867bdf78c5b32694c9ea844fc271b85c916a5,2026-09-12
BEL1,KV Mechelen,Marco Decherf,1188222,HIGH_CONFIDENCE,,354,354,,2006-10-23,Frankreich,,,https://www.transfermarkt.de/marco-decherf/profil/spieler/1188222,676399f5d46f3201977955dcf6fcbca1124d8154402e331f004acb3bb6acc948,https://www.transfermarkt.de/kv-mechelen/kader/verein/354/saison_id/2026/plus/1,def54d86d9d3b7a97807ef82c6b867bdf78c5b32694c9ea844fc271b85c916a5,2026-09-12
BEL1,KV Mechelen,Simion Michez,486054,HIGH_CONFIDENCE,,354,354,Simion Boubacar Michez,2002-02-09,Kamerun Belgien,,,https://www.transfermarkt.de/simion-michez/profil/spieler/486054,9a8fd46ca93f7f1379c69391cc46f3c920522e1bcbd30549161a3eaf7bfae479,https://www.transfermarkt.de/kv-mechelen/kader/verein/354/saison_id/2026/plus/1,def54d86d9d3b7a97807ef82c6b867bdf78c5b32694c9ea844fc271b85c916a5,2026-09-12
BEL1,KV Mechelen,Yanis Asghir,1276349,HIGH_CONFIDENCE,,354,354,يانيس أصغر,2009-01-05,Marokko Belgien,,,https://www.transfermarkt.de/yanis-asghir/profil/spieler/1276349,b14e81e20a93a45482eb4acbccad898606efc2a1ae037a462fd06328b65182b7,https://www.transfermarkt.de/kv-mechelen/kader/verein/354/saison_id/2026/plus/1,def54d86d9d3b7a97807ef82c6b867bdf78c5b32694c9ea844fc271b85c916a5,2026-09-12
BEL1,KV Mechelen,Mats Van Helden,1186566,HIGH_CONFIDENCE,,354,354,,2006-06-01,Belgien,,,https://www.transfermarkt.de/mats-van-helden/profil/spieler/1186566,2fc4f8cdd20506e9a1ee13092677fe455877540763a38082540bcb032c9ad928,https://www.transfermarkt.de/kv-mechelen/kader/verein/354/saison_id/2026/plus/1,def54d86d9d3b7a97807ef82c6b867bdf78c5b32694c9ea844fc271b85c916a5,2026-09-12
BEL1,KV Mechelen,Bill Antonio,956050,HIGH_CONFIDENCE,,354,354,Bill Leeroy Antonio,2002-09-03,Simbabwe,,,https://www.transfermarkt.de/bill-antonio/profil/spieler/956050,ef1806b70c1f80ff7a26b2968fea05cae8c31c4492836a2e60c71309fff82e69,https://www.transfermarkt.de/kv-mechelen/kader/verein/354/saison_id/2026/plus/1,def54d86d9d3b7a97807ef82c6b867bdf78c5b32694c9ea844fc271b85c916a5,2026-09-12
BEL1,Oud-Heverlee Leuven,Marcel Van Dijck,1318286,REVIEW_REQUIRED,CLUB_CONFLICT,2727,52563,,2008-01-10,Belgien,,,https://www.transfermarkt.de/marcel-van-dijck/profil/spieler/1318286,135eb9b193b0d3ba31c85804fe5275762578e4e8b145f03987121aa96d72cf8c,https://www.transfermarkt.de/oud-heverlee-leuven/kader/verein/2727/saison_id/2026/plus/1,13369b1472ae4137934608499f3a290781d8b7a96223b8e0488ea6f56621495e,2026-09-12
BEL1,Oud-Heverlee Leuven,Viktor Damjanic,946964,HIGH_CONFIDENCE,,2727,2727,Viktor Damjanić,2005-11-03,Kroatien,,,https://www.transfermarkt.de/viktor-damjanic/profil/spieler/946964,44103bff85743ef630b92ac7603855af785b9a6cd3c0b9278ee0388af5c0bfb0,https://www.transfermarkt.de/oud-heverlee-leuven/kader/verein/2727/saison_id/2026/plus/1,13369b1472ae4137934608499f3a290781d8b7a96223b8e0488ea6f56621495e,2026-09-12
BEL1,Oud-Heverlee Leuven,Matteo Heremans,1211302,HIGH_CONFIDENCE,,2727,2727,,2006-01-08,Belgien,,,https://www.transfermarkt.de/matteo-heremans/profil/spieler/1211302,992d51f9e5521fa8a0ad096d973e2ae9eb52d600a8ad4e951d93ce82ca4dd650,https://www.transfermarkt.de/oud-heverlee-leuven/kader/verein/2727/saison_id/2026/plus/1,13369b1472ae4137934608499f3a290781d8b7a96223b8e0488ea6f56621495e,2026-09-12
BEL1,VV St. Truiden,Yanis Ngoy,1389531,HIGH_CONFIDENCE,,475,475,Nkima Yanis Ngoy,2008-08-24,Belgien DR Kongo,,,https://www.transfermarkt.de/yanis-ngoy/profil/spieler/1389531,dcd72a8a3a2c6eb50cc9971f4dd872325ec88aab2e57a91dfee12255156bea04,https://www.transfermarkt.de/vv-st-truiden/kader/verein/475/saison_id/2026/plus/1,c0e976a963b2c1507ec52e39bab62ae405f89e7c2149e5b8ecc88e56b4f6ff7a,2026-09-12
BEL1,VV St. Truiden,Shion Shinkawa,1153358,HIGH_CONFIDENCE,,475,475,新川 志音,2007-08-06,Japan,,,https://www.transfermarkt.de/shion-shinkawa/profil/spieler/1153358,bc580aeb52c778092300ea46eab8670e423ce11176b3684fe88417c19157910f,https://www.transfermarkt.de/vv-st-truiden/kader/verein/475/saison_id/2026/plus/1,c0e976a963b2c1507ec52e39bab62ae405f89e7c2149e5b8ecc88e56b4f6ff7a,2026-09-12
BEL1,Standard Lüttich,Noah Sy,1165890,HIGH_CONFIDENCE,,3057,3057,Noah Abdoulaye Sy,2007-03-25,Belgien,,,https://www.transfermarkt.de/noah-sy/profil/spieler/1165890,7ad1bdf62b8f38a3d720fa085a1840ee1e364d49f2a689f70d7b9c5ed4ce4800,https://www.transfermarkt.de/standard-luttich/kader/verein/3057/saison_id/2026/plus/1,35f665c792bd0def9bfa349286927e0ef54a862cb91b5e4ab6b8ec3356dfa834,2026-09-12
BEL1,Union Saint-Gilloise,Ondrej Kricfalusi,839551,HIGH_CONFIDENCE,,3948,3948,Ondřej Kričfaluši,2004-03-09,Tschechien,,,https://www.transfermarkt.de/ondrej-kricfalusi/profil/spieler/839551,ddff822ca38b5b072162f8b442ad5ae213100c1ecb6d17b00bcdc2c284d04d99,https://www.transfermarkt.de/union-saint-gilloise/kader/verein/3948/saison_id/2026/plus/1,6678f90f37564c9f8683b893f1bf4bed395816093e2ee4489ebbda3dc900e98e,2026-09-12
BEL1,KVC Westerlo,Jahnilo Wiegel-Triebel,1047424,HIGH_CONFIDENCE,,968,968,Jahnilo Davon Jahzeël Wiegel-Triebel,2005-03-13,Suriname Niederlande,,,https://www.transfermarkt.de/jahnilo-wiegel-triebel/profil/spieler/1047424,69ba41b494867d5c8c842654260cb8097acec4c8d681b77ce24d552a56c524d0,https://www.transfermarkt.de/kvc-westerlo/kader/verein/968/saison_id/2026/plus/1,4b321535def794641a57896ea3b395b11fb16964a25bb51fab6f75bf5e2a3382,2026-09-12
BEL1,KVC Westerlo,Pape Diong,1183575,HIGH_CONFIDENCE,,968,968,Pape Daouda Diong,2006-06-15,Senegal,,,https://www.transfermarkt.de/pape-diong/profil/spieler/1183575,ae33ffcfbb5bd696bf9e25d09abad262e5929e08da79d1c2a2a3f75984a85e7b,https://www.transfermarkt.de/kvc-westerlo/kader/verein/968/saison_id/2026/plus/1,4b321535def794641a57896ea3b395b11fb16964a25bb51fab6f75bf5e2a3382,2026-09-12
BEL1,KVC Westerlo,Philippe Bibout,1577556,HIGH_CONFIDENCE,,968,968,Philippe Didier Bibout,2008-06-01,Kamerun,,,https://www.transfermarkt.de/philippe-bibout/profil/spieler/1577556,103f3f667244b2bdb56b5f3805be2e931c0b51ca4604b4f2c0acb56ee364700a,https://www.transfermarkt.de/kvc-westerlo/kader/verein/968/saison_id/2026/plus/1,4b321535def794641a57896ea3b395b11fb16964a25bb51fab6f75bf5e2a3382,2026-09-12
BEL1,KVC Westerlo,Abdoulaye Koné,1467124,HIGH_CONFIDENCE,,968,968,,2006-02-01,Elfenbeinküste,,,https://www.transfermarkt.de/abdoulaye-kone/profil/spieler/1467124,eaf5d4dd6fc78df4dc3501f18a02a10b5c733770f1b91365129c1fbd08de0919,https://www.transfermarkt.de/kvc-westerlo/kader/verein/968/saison_id/2026/plus/1,4b321535def794641a57896ea3b395b11fb16964a25bb51fab6f75bf5e2a3382,2026-09-12
BEL1,Zulte Waregem,Florian Van Bever,1314653,HIGH_CONFIDENCE,,3508,3508,Florian Mory Van Bever,2007-10-02,Belgien,,,https://www.transfermarkt.de/florian-van-bever/profil/spieler/1314653,513e07e0e2c33c60b983adbe550978b4cd1a8d778be335af35677c8dea1d0887,https://www.transfermarkt.de/zulte-waregem/kader/verein/3508/saison_id/2026/plus/1,0acbb0eca1723445958969f80be44f59778e527ba0095de244c35e56e3b9068e,2026-09-12
BEL1,Zulte Waregem,Mouhamadou Sall,1507561,HIGH_CONFIDENCE,,3508,3508,Mouhamadou Yoro Sall,2007-10-21,Senegal,,,https://www.transfermarkt.de/mouhamadou-sall/profil/spieler/1507561,475f80c7ffb6b3c585765053fd43b35bbad380e1d60831782067a08b7f0740db,https://www.transfermarkt.de/zulte-waregem/kader/verein/3508/saison_id/2026/plus/1,0acbb0eca1723445958969f80be44f59778e527ba0095de244c35e56e3b9068e,2026-09-12
BEL1,Zulte Waregem,Marley Aké,682032,HIGH_CONFIDENCE,,3508,3508,Marley Martin Mickaël Justin Aké,2001-01-05,Frankreich Elfenbeinküste,,,https://www.transfermarkt.de/marley-ake/profil/spieler/682032,44052f998a2318c3170dd88048e412cc7f1ed538dddfa9e87ea9373b69fc19e6,https://www.transfermarkt.de/zulte-waregem/kader/verein/3508/saison_id/2026/plus/1,0acbb0eca1723445958969f80be44f59778e527ba0095de244c35e56e3b9068e,2026-09-12
BEL1,Zulte Waregem,Malick Mbaye,707063,HIGH_CONFIDENCE,,3508,3508,,2004-04-06,Senegal,,,https://www.transfermarkt.de/malick-mbaye/profil/spieler/707063,eaeb613fb82a9ef9bd017c7bcea26e729af86345093a3705058b472080f1b20e,https://www.transfermarkt.de/zulte-waregem/kader/verein/3508/saison_id/2026/plus/1,0acbb0eca1723445958969f80be44f59778e527ba0095de244c35e56e3b9068e,2026-09-12
CZE1,SK Slavia Prag,Jakub Kolisek,1078215,REVIEW_REQUIRED,CLUB_CONFLICT,62,6541,Jakub Kolísek,2007-08-14,Tschechien,,,https://www.transfermarkt.de/jakub-kolisek/profil/spieler/1078215,5645adbeb83370dc2e5bd91ad9c2ba46b9fb0522c4b6be69324f0e10ace30fcb,https://www.transfermarkt.de/sk-slavia-prag/kader/verein/62/saison_id/2026/plus/1,ab5b3ad613592069fe87ed798140f18d5a2969fea81a54ddd36b6738aad74f72,2026-09-12
CZE1,AC Sparta Prag,Ondrej Penxa,1013797,REVIEW_REQUIRED,CLUB_CONFLICT,197,6483,Ondřej Penxa,2007-03-23,Tschechien,,,https://www.transfermarkt.de/ondrej-penxa/profil/spieler/1013797,e4cce081263353b686d719569faecbdb59be396cd94e367328c09268aa1046fe,https://www.transfermarkt.de/ac-sparta-prag/kader/verein/197/saison_id/2026/plus/1,6b74c895ae1857517e5325904312eb2643155a1ddb4be2ba7e884a9840dcea35,2026-09-12
CZE1,FC Hradec Kralove,Stepan Ponikelsky,1140173,REVIEW_REQUIRED,CLUB_CONFLICT,1897,37466,Štěpán Ponikelský,2007-06-25,Tschechien,,,https://www.transfermarkt.de/stepan-ponikelsky/profil/spieler/1140173,e8be259ed749dc43328315b0f34bf691c7080484b91299c0f811e5a595187fcd,https://www.transfermarkt.de/fc-hradec-kralove/kader/verein/1897/saison_id/2026/plus/1,9f165382686e89ef721bef5137a1368d6a21993eeb3b6a2f26d9e63870638938,2026-09-12
CZE1,FC Hradec Kralove,Abdullahi Umar,1405829,HIGH_CONFIDENCE,,1897,1897,,2007-01-16,Nigeria,,,https://www.transfermarkt.de/abdullahi-umar/profil/spieler/1405829,e5472a169d74555421e95eafbe66f83a410ac9fb497e4b89cd25f879002d6f5a,https://www.transfermarkt.de/fc-hradec-kralove/kader/verein/1897/saison_id/2026/plus/1,9f165382686e89ef721bef5137a1368d6a21993eeb3b6a2f26d9e63870638938,2026-09-12
CZE1,FK Jablonec,Filip Novak,107665,HIGH_CONFIDENCE,,1322,1322,Filip Novák,1990-06-26,Tschechien,,,https://www.transfermarkt.de/filip-novak/profil/spieler/107665,c69c0dc8911eca0531b72da5db0cca21a191d6ff15952655509f2fd81b99b8ba,https://www.transfermarkt.de/fk-jablonec/kader/verein/1322/saison_id/2026/plus/1,fa6bc207fa67c20e0cd9ca574d81e19d3d8b6b77840b71993b1620a5a4b28b21,2026-09-12
CZE1,FK Jablonec,David Nykrin,940793,REVIEW_REQUIRED,CLUB_CONFLICT,1322,6488,David Nykrín,2004-06-28,Tschechien,,,https://www.transfermarkt.de/david-nykrin/profil/spieler/940793,9fb551164fc1f2b3f3fd21294017510850d5020f7a4e34cc3594bb230ccf2245,https://www.transfermarkt.de/fk-jablonec/kader/verein/1322/saison_id/2026/plus/1,fa6bc207fa67c20e0cd9ca574d81e19d3d8b6b77840b71993b1620a5a4b28b21,2026-09-12
CZE1,FC Slovan Liberec,David Hamansenya,1401055,HIGH_CONFIDENCE,,697,697,,2007-06-24,Sambia,17686,,https://www.transfermarkt.de/david-hamansenya/profil/spieler/1401055,a08006499ecb0ae2d006f614a73c713495f9c0f20fe182fa2ac61a7075e2c47e,https://www.transfermarkt.de/fc-slovan-liberec/kader/verein/697/saison_id/2026/plus/1,6aba2d7156fcbb82e5f0f245492c388de338ad498bd8ff4bd953a9b7fb194317,2026-09-12
CZE1,FC Slovan Liberec,Qëndrim Zyba,482386,HIGH_CONFIDENCE,,697,697,,2001-02-03,Kosovo,,,https://www.transfermarkt.de/qendrim-zyba/profil/spieler/482386,747e9e5b05873968e9b8f2ef7b3cf86395ac48ce12574d8eedffdde0d355ac24,https://www.transfermarkt.de/fc-slovan-liberec/kader/verein/697/saison_id/2026/plus/1,6aba2d7156fcbb82e5f0f245492c388de338ad498bd8ff4bd953a9b7fb194317,2026-09-12
CZE1,FC Slovan Liberec,Matej Mikulenka,751681,HIGH_CONFIDENCE,,697,697,Matěj Mikulenka,2004-02-05,Tschechien,,,https://www.transfermarkt.de/matej-mikulenka/profil/spieler/751681,e1e1f431a328521040ee307d97b826e844f9708e9392b9dda9b277019bfcecb0,https://www.transfermarkt.de/fc-slovan-liberec/kader/verein/697/saison_id/2026/plus/1,6aba2d7156fcbb82e5f0f245492c388de338ad498bd8ff4bd953a9b7fb194317,2026-09-12
CZE1,SK Sigma Olmütz,Léo Borges,681692,HIGH_CONFIDENCE,,2311,2311,,2001-01-03,Brasilien,,,https://www.transfermarkt.de/leo-borges/profil/spieler/681692,ec50e02ff7b2fd0e2d4954f6a757d2d3cb100297cc5b40b6073516463f6b7d40,https://www.transfermarkt.de/sk-sigma-olmutz/kader/verein/2311/saison_id/2026/plus/1,c61d1f22a4e21ac99834db236d5c613fdf98db28632452029778a0c82954b875,2026-09-12
CZE1,SK Sigma Olmütz,Igor Brzyski,707499,HIGH_CONFIDENCE,,2311,2311,,2007-03-15,Polen,,,https://www.transfermarkt.de/igor-brzyski/profil/spieler/707499,3010de47b1d9e90bc80886cd65a737cdd0f780d5fafaf1c265a6419ba121e6f3,https://www.transfermarkt.de/sk-sigma-olmutz/kader/verein/2311/saison_id/2026/plus/1,c61d1f22a4e21ac99834db236d5c613fdf98db28632452029778a0c82954b875,2026-09-12
CZE1,SK Sigma Olmütz,Vaclav Zahradnicek,1115586,REVIEW_REQUIRED,CLUB_CONFLICT,2311,6038,Václav Zahradníček,2006-02-26,Tschechien,,,https://www.transfermarkt.de/vaclav-zahradnicek/profil/spieler/1115586,d5d0c643a688fa70e407f8058391e5bf43c0f36a2a04bfd18236205d50edf6dc,https://www.transfermarkt.de/sk-sigma-olmutz/kader/verein/2311/saison_id/2026/plus/1,c61d1f22a4e21ac99834db236d5c613fdf98db28632452029778a0c82954b875,2026-09-12
CZE1,SK Sigma Olmütz,Filip Urica,652048,REVIEW_REQUIRED,CLUB_CONFLICT,2311,6038,Filip Uriča,2003-09-10,Tschechien,,,https://www.transfermarkt.de/filip-urica/profil/spieler/652048,bdd37355554dc041f2ad30d28bf691e6a3c2a7d1698b5c99033d0d646ff0b88e,https://www.transfermarkt.de/sk-sigma-olmutz/kader/verein/2311/saison_id/2026/plus/1,c61d1f22a4e21ac99834db236d5c613fdf98db28632452029778a0c82954b875,2026-09-12
CZE1,SK Sigma Olmütz,John Paul Dembe,1111684,HIGH_CONFIDENCE,,2311,2311,,2005-07-03,Uganda,,,https://www.transfermarkt.de/john-paul-dembe/profil/spieler/1111684,3484103a8184abc58b1c3eac873cd70f2a429db863f6cf20ccd18ce48600d759,https://www.transfermarkt.de/sk-sigma-olmutz/kader/verein/2311/saison_id/2026/plus/1,c61d1f22a4e21ac99834db236d5c613fdf98db28632452029778a0c82954b875,2026-09-12
CZE1,FK Pardubice,Denis Halinsky,816875,HIGH_CONFIDENCE,,1496,1496,,2003-07-13,Tschechien,62,2030-06-30,https://www.transfermarkt.de/denis-halinsky/profil/spieler/816875,f4bfaf20311a25c5d87725c47acc0acfc42b513ba313df15d802f2184226ea18,https://www.transfermarkt.de/fk-pardubice/kader/verein/1496/saison_id/2026/plus/1,ff994ed3554101d4e2a5377d206e013ac142ca4f73f68a0c406e2cc0d305e0ef,2026-09-12
CZE1,FK Pardubice,Mouhamed Tidjane Traore,1063475,HIGH_CONFIDENCE,,1496,1496,,2003-03-21,Elfenbeinküste,,,https://www.transfermarkt.de/mouhamed-tidjane-traore/profil/spieler/1063475,eed91cb9db5d13265ee90a7935371dddf5586211544a531bd86fa96d9687a5e5,https://www.transfermarkt.de/fk-pardubice/kader/verein/1496/saison_id/2026/plus/1,ff994ed3554101d4e2a5377d206e013ac142ca4f73f68a0c406e2cc0d305e0ef,2026-09-12
CZE1,FK Pardubice,Jiri Zima,1013809,REVIEW_REQUIRED,CLUB_CONFLICT,1496,40315,Jiří Zima,2007-12-21,Tschechien,,,https://www.transfermarkt.de/jiri-zima/profil/spieler/1013809,1bad1aecc0f2c4585928e17be1969f2ca10fec44513a706a08f4f835fd501028,https://www.transfermarkt.de/fk-pardubice/kader/verein/1496/saison_id/2026/plus/1,ff994ed3554101d4e2a5377d206e013ac142ca4f73f68a0c406e2cc0d305e0ef,2026-09-12
CZE1,FK Pardubice,Martin Reil,1143628,REVIEW_REQUIRED,CLUB_CONFLICT,1496,40315,,2006-05-05,Tschechien,,,https://www.transfermarkt.de/martin-reil/profil/spieler/1143628,b10c5f6507a141669a4968d5564a254c8d895fd386ad4d7799446a64f574b560,https://www.transfermarkt.de/fk-pardubice/kader/verein/1496/saison_id/2026/plus/1,ff994ed3554101d4e2a5377d206e013ac142ca4f73f68a0c406e2cc0d305e0ef,2026-09-12
CZE1,FK Pardubice,Victor Samuel,1381202,HIGH_CONFIDENCE,,1496,1496,Victor Elem Samuel,2006-06-29,Nigeria,,,https://www.transfermarkt.de/victor-samuel/profil/spieler/1381202,06106210ad87e68c9232bbc6514c7249217e6eac184b138c29cdf34d0fca0b96,https://www.transfermarkt.de/fk-pardubice/kader/verein/1496/saison_id/2026/plus/1,ff994ed3554101d4e2a5377d206e013ac142ca4f73f68a0c406e2cc0d305e0ef,2026-09-12
CZE1,Bohemians Prag 1905,Jakub Tichy,1437642,REVIEW_REQUIRED,CLUB_CONFLICT,715,37465,Jakub Tichý,2006-11-14,Tschechien,,,https://www.transfermarkt.de/jakub-tichy/profil/spieler/1437642,48bbb638ac781ed0e382cfb0369853cf002093cf302bcd0a5f3671382222548f,https://www.transfermarkt.de/bohemians-prag-1905/kader/verein/715/saison_id/2026/plus/1,ebdb6624691ca6718b5ca6df413da8f706167c604575caed018b5bb2940716cb,2026-09-12
CZE1,Bohemians Prag 1905,Samuel Obinaya,1237999,HIGH_CONFIDENCE,,715,715,Обінайя Самуель Стівович,2005-08-28,Ukraine,1322,,https://www.transfermarkt.de/samuel-obinaya/profil/spieler/1237999,cd866ee2530870c1f2c50fb07113fbad78453adb83db5dabd36cb9c927feb028,https://www.transfermarkt.de/bohemians-prag-1905/kader/verein/715/saison_id/2026/plus/1,ebdb6624691ca6718b5ca6df413da8f706167c604575caed018b5bb2940716cb,2026-09-12
CZE1,Bohemians Prag 1905,Oliver Mikuda,1295123,REVIEW_REQUIRED,CLUB_CONFLICT,715,37465,,2005-06-01,Tschechien,,,https://www.transfermarkt.de/oliver-mikuda/profil/spieler/1295123,c2e81459c6cdd4e61a56f508a3e3e876b99c6e068a162ffd772899dd6d1a5c69,https://www.transfermarkt.de/bohemians-prag-1905/kader/verein/715/saison_id/2026/plus/1,ebdb6624691ca6718b5ca6df413da8f706167c604575caed018b5bb2940716cb,2026-09-12
CZE1,Bohemians Prag 1905,Matej Suryn,1240796,REVIEW_REQUIRED,CLUB_CONFLICT,715,37465,Matěj Šurýn,2004-09-22,Tschechien,,,https://www.transfermarkt.de/matej-suryn/profil/spieler/1240796,c2d09e59a757203e0b70b32bd6cf6e44573cd9dca41a031f84181561cfac1a77,https://www.transfermarkt.de/bohemians-prag-1905/kader/verein/715/saison_id/2026/plus/1,ebdb6624691ca6718b5ca6df413da8f706167c604575caed018b5bb2940716cb,2026-09-12
CZE1,Bohemians Prag 1905,Mohamed Yasser,975321,HIGH_CONFIDENCE,,715,715,Mohamed Yasser Nour,2001-05-05,Ägypten,,,https://www.transfermarkt.de/mohamed-yasser/profil/spieler/975321,4fb4d574fb4d8a7bbb8eec8ade97b3788a0dfba9b105db2f8af4f0eac624fe80,https://www.transfermarkt.de/bohemians-prag-1905/kader/verein/715/saison_id/2026/plus/1,ebdb6624691ca6718b5ca6df413da8f706167c604575caed018b5bb2940716cb,2026-09-12
CZE1,FK Teplice,Abdourahman Badamosi,1369811,HIGH_CONFIDENCE,,814,814,,2007-01-10,Gambia,,,https://www.transfermarkt.de/abdourahman-badamosi/profil/spieler/1369811,823718cf478e8991db9a69c491d8ea6426e171e5e6b7309e7770abc9826ebe71,https://www.transfermarkt.de/fk-teplice/kader/verein/814/saison_id/2026/plus/1,d56a4f10e63ee591f34d8043653f8dec1ff43e812697defcdc04274a50cee948,2026-09-12
CZE1,FC Zlin,David Grygera,1115680,REVIEW_REQUIRED,CLUB_CONFLICT,5545,13905,,2005-06-21,Tschechien,,,https://www.transfermarkt.de/david-grygera/profil/spieler/1115680,90fd606acac456f6650f5676ccdb510644b7c29e9a4803f2bfa87271e0f501ae,https://www.transfermarkt.de/fc-zlin/kader/verein/5545/saison_id/2026/plus/1,145632bcb3322adba503e23b5de14e7fcaebb0cc067878f73ac83683b3023bd4,2026-09-12
CZE1,FC Zlin,Stanislav Petruța,891070,HIGH_CONFIDENCE,,5545,5545,Stanislav Petruța,2005-10-16,Tschechien Moldawien,377,,https://www.transfermarkt.de/stanislav-petruta/profil/spieler/891070,7e7c308701f7b970cc5f9e55c2c9f9e909f1019b6eef75de7ac61844c49d2031,https://www.transfermarkt.de/fc-zlin/kader/verein/5545/saison_id/2026/plus/1,145632bcb3322adba503e23b5de14e7fcaebb0cc067878f73ac83683b3023bd4,2026-09-12
CZE1,FC Zlin,Jiri Stefan,1126043,REVIEW_REQUIRED,CLUB_CONFLICT,5545,13905,Jiří Štefan,2006-07-09,Tschechien,,,https://www.transfermarkt.de/jiri-stefan/profil/spieler/1126043,b052c44fcb551b437c0796af04d8a1ae65b737a85a6c0547b7c561856fd8c97a,https://www.transfermarkt.de/fc-zlin/kader/verein/5545/saison_id/2026/plus/1,145632bcb3322adba503e23b5de14e7fcaebb0cc067878f73ac83683b3023bd4,2026-09-12
CZE1,FC Zlin,Tomas Fojtu,748201,REVIEW_REQUIRED,CLUB_CONFLICT,5545,13905,Tomáš Fojtů,2003-08-02,Tschechien,,,https://www.transfermarkt.de/tomas-fojtu/profil/spieler/748201,687ba14c414f0e8d10a86d1b2285da21c48e596dae6ba5547cca0abf188ae275,https://www.transfermarkt.de/fc-zlin/kader/verein/5545/saison_id/2026/plus/1,145632bcb3322adba503e23b5de14e7fcaebb0cc067878f73ac83683b3023bd4,2026-09-12
CZE1,FC Zlin,Filip Dornak,1126044,REVIEW_REQUIRED,CLUB_CONFLICT,5545,13905,Filip Dorňák,2006-07-23,Tschechien,,,https://www.transfermarkt.de/filip-dornak/profil/spieler/1126044,e61b495d1868fb39f4088ef637697c9deb8d5b4cf2d74b16ae85ab3d4b05c9db,https://www.transfermarkt.de/fc-zlin/kader/verein/5545/saison_id/2026/plus/1,145632bcb3322adba503e23b5de14e7fcaebb0cc067878f73ac83683b3023bd4,2026-09-12
CZE1,FC Zlin,Moustapha Toure,1523194,REVIEW_REQUIRED,CLUB_CONFLICT,5545,13905,Mouhamed Moustapha Alassane Toure,2007-10-04,Senegal,,,https://www.transfermarkt.de/moustapha-toure/profil/spieler/1523194,2962cf94562026350dcdad7a486b26f0b5953da89de36b5435ddc050bca75f48,https://www.transfermarkt.de/fc-zlin/kader/verein/5545/saison_id/2026/plus/1,145632bcb3322adba503e23b5de14e7fcaebb0cc067878f73ac83683b3023bd4,2026-09-12
CZE1,FK Mlada Boleslav,Marek Obdrzalek,1013790,REVIEW_REQUIRED,CLUB_CONFLICT,5546,22729,Marek Obdržálek,2007-03-03,Tschechien,,,https://www.transfermarkt.de/marek-obdrzalek/profil/spieler/1013790,1a17b0f176cde81dc47206852a3e7d0f83b03bdd71a9715863f5cd9b5d7d9b45,https://www.transfermarkt.de/fk-mlada-boleslav/kader/verein/5546/saison_id/2026/plus/1,5a8600e42926651e56482ac4dac8c6e5e0e3e1754eacf142566e811f0e9bca53,2026-09-12
CZE1,FK Mlada Boleslav,Filip Kolar,839538,REVIEW_REQUIRED,CLUB_CONFLICT,5546,22729,Filip Kolář,2005-06-06,Tschechien,,,https://www.transfermarkt.de/filip-kolar/profil/spieler/839538,b8f390aac59b79cdab44e48d27e24fd7fe38ca6980350bf81561e08e86e35dd8,https://www.transfermarkt.de/fk-mlada-boleslav/kader/verein/5546/saison_id/2026/plus/1,5a8600e42926651e56482ac4dac8c6e5e0e3e1754eacf142566e811f0e9bca53,2026-09-12
CZE1,FK Mlada Boleslav,Dominik Mares,941029,HIGH_CONFIDENCE,,5546,5546,Dominik Mareš,2003-02-03,Tschechien,,,https://www.transfermarkt.de/dominik-mares/profil/spieler/941029,5dea33fc95fc4c446139b5c9e266eb7ed1c876af3663d9d3020a0ad6b97ddea1,https://www.transfermarkt.de/fk-mlada-boleslav/kader/verein/5546/saison_id/2026/plus/1,5a8600e42926651e56482ac4dac8c6e5e0e3e1754eacf142566e811f0e9bca53,2026-09-12
CZE1,FK Mlada Boleslav,Jan Jinoch,1166018,REVIEW_REQUIRED,CLUB_CONFLICT,5546,22729,,2006-05-02,Tschechien,,,https://www.transfermarkt.de/jan-jinoch/profil/spieler/1166018,9119e511266521455ef9eaddd55c99f68f462792165f0582b3493c4dc0b92894,https://www.transfermarkt.de/fk-mlada-boleslav/kader/verein/5546/saison_id/2026/plus/1,5a8600e42926651e56482ac4dac8c6e5e0e3e1754eacf142566e811f0e9bca53,2026-09-12
CZE1,FK Mlada Boleslav,Bolu Ogungbayi,1048442,HIGH_CONFIDENCE,,5546,5546,Boluwatife Victor Ogungbayi,2004-05-16,Nigeria,,,https://www.transfermarkt.de/bolu-ogungbayi/profil/spieler/1048442,077d2f19049ad86899b91edfaf5bd5e47a5857673e316c0a930a9ecdae35deab,https://www.transfermarkt.de/fk-mlada-boleslav/kader/verein/5546/saison_id/2026/plus/1,5a8600e42926651e56482ac4dac8c6e5e0e3e1754eacf142566e811f0e9bca53,2026-09-12
CZE1,1.FC Slovacko,Gibril Sosseh,1372149,HIGH_CONFIDENCE,,5544,5544,,2007-01-01,Gambia,62,2030-12-31,https://www.transfermarkt.de/gibril-sosseh/profil/spieler/1372149,974f3a7d623eaed2a984bc1e8363f922e8fb7eafc791c45aafd902f36aa04c03,https://www.transfermarkt.de/1-fc-slovacko/kader/verein/5544/saison_id/2026/plus/1,42dab36a10cfd13d442ece1bb7499f652fac54d38b8eba2248452673a53bcacf,2026-09-12
CZE1,1.FC Slovacko,Filip Hruska,1339658,REVIEW_REQUIRED,CLUB_CONFLICT,5544,8943,Filip Hruška,2008-08-29,Tschechien,,,https://www.transfermarkt.de/filip-hruska/profil/spieler/1339658,0877e14f910b171b4357f9efccede8ad2bb9772a601331008cd00082c8b64ff1,https://www.transfermarkt.de/1-fc-slovacko/kader/verein/5544/saison_id/2026/plus/1,42dab36a10cfd13d442ece1bb7499f652fac54d38b8eba2248452673a53bcacf,2026-09-12
CZE1,1.FC Slovacko,Jan Fiala,723528,HIGH_CONFIDENCE,,5544,5544,Jan Fiala,2001-05-04,Tschechien,2311,2028-06-30,https://www.transfermarkt.de/jan-fiala/profil/spieler/723528,d36be9b18dc42167edc6eac16e965b0a5024f35e8c2d2d6c330be139deecbdc6,https://www.transfermarkt.de/1-fc-slovacko/kader/verein/5544/saison_id/2026/plus/1,42dab36a10cfd13d442ece1bb7499f652fac54d38b8eba2248452673a53bcacf,2026-09-12
CZE1,1.FC Slovacko,Ousman Ceesay,1281438,REVIEW_REQUIRED,CLUB_CONFLICT,5544,8943,,2005-07-08,Gambia,,,https://www.transfermarkt.de/ousman-ceesay/profil/spieler/1281438,f93f4b56b9c6700463d98fa37dece10fe6f815bb77898eeed18fbb58a3ad16ea,https://www.transfermarkt.de/1-fc-slovacko/kader/verein/5544/saison_id/2026/plus/1,42dab36a10cfd13d442ece1bb7499f652fac54d38b8eba2248452673a53bcacf,2026-09-12
CZE1,FC Banik Ostrau,Maksym Dyachuk,726014,HIGH_CONFIDENCE,,377,377,Дячук Максим Ростиславович,2003-07-21,Ukraine,338,2028-06-30,https://www.transfermarkt.de/maksym-dyachuk/profil/spieler/726014,e9bd243126b449ba3bfe8a5dee044f51895766951da6d57cb53fedb88ec7e183,https://www.transfermarkt.de/fc-banik-ostrau/kader/verein/377/saison_id/2026/plus/1,3717000ca143110b9cff7bc66843b5e54104cdaa75d0e196220c4e77c8b4d611,2026-09-12
CZE1,FC Banik Ostrau,Yevgeniy Skyba,1052374,HIGH_CONFIDENCE,,377,377,Скиба Євгеній Володимирович,2003-03-25,Ukraine,,,https://www.transfermarkt.de/yevgeniy-skyba/profil/spieler/1052374,e20940a39060e2fac9edd7d599a088d929316c07b6b416a655df17697a0d7d2e,https://www.transfermarkt.de/fc-banik-ostrau/kader/verein/377/saison_id/2026/plus/1,3717000ca143110b9cff7bc66843b5e54104cdaa75d0e196220c4e77c8b4d611,2026-09-12
CZE1,FC Banik Ostrau,Jiri Micek,1013792,HIGH_CONFIDENCE,,377,377,Jiří Míček,2007-06-07,Tschechien,,,https://www.transfermarkt.de/jiri-micek/profil/spieler/1013792,8e9b1078bfed355d82909ce6b577267a2422ab9ab37199c36e4c73db1154b451,https://www.transfermarkt.de/fc-banik-ostrau/kader/verein/377/saison_id/2026/plus/1,3717000ca143110b9cff7bc66843b5e54104cdaa75d0e196220c4e77c8b4d611,2026-09-12
CZE1,FC Banik Ostrau,Rhodri Smith,1061048,HIGH_CONFIDENCE,,377,377,,2006-09-09,Schweiz England,452,2030-06-30,https://www.transfermarkt.de/rhodri-smith/profil/spieler/1061048,db5e9e4348815c24a21331114f9580c90aee0c9703ec4ad8c007c4305a416708,https://www.transfermarkt.de/fc-banik-ostrau/kader/verein/377/saison_id/2026/plus/1,3717000ca143110b9cff7bc66843b5e54104cdaa75d0e196220c4e77c8b4d611,2026-09-12
CZE1,FC Banik Ostrau,Jakub Elbel,673450,HIGH_CONFIDENCE,,377,377,,2000-07-06,Tschechien,,,https://www.transfermarkt.de/jakub-elbel/profil/spieler/673450,a75b643db5265712ce71954c93bac75370aa4f74b25835776352daf18e87c4f5,https://www.transfermarkt.de/fc-banik-ostrau/kader/verein/377/saison_id/2026/plus/1,3717000ca143110b9cff7bc66843b5e54104cdaa75d0e196220c4e77c8b4d611,2026-09-12
CZE1,FC Zbrojovka Brünn,Colin Andrew,943864,HIGH_CONFIDENCE,,5225,5225,,2004-02-25,Tschechien Nigeria,,,https://www.transfermarkt.de/colin-andrew/profil/spieler/943864,478e45c4667ce3a674cc28930c9f63f75989a7667a6d5741ce79fb5918adc032,https://www.transfermarkt.de/fc-zbrojovka-brunn/kader/verein/5225/saison_id/2026/plus/1,1aeecf841a85ad9d35469b9ba37af49f38aee1b2e160fdd7ebc2df04f3863d83,2026-09-12
CZE1,FC Zbrojovka Brünn,Ondrej Prodelal,993841,REVIEW_REQUIRED,CLUB_CONFLICT,5225,8890,Ondřej Prodělal,2005-11-29,Tschechien,,,https://www.transfermarkt.de/ondrej-prodelal/profil/spieler/993841,8b450014fdfabc247e3693eb5ebc8ddcb93b1469ecfd628b6504e27f4245b7d9,https://www.transfermarkt.de/fc-zbrojovka-brunn/kader/verein/5225/saison_id/2026/plus/1,1aeecf841a85ad9d35469b9ba37af49f38aee1b2e160fdd7ebc2df04f3863d83,2026-09-12
CZE1,FC Zbrojovka Brünn,Afolabi Soliu,1200278,HIGH_CONFIDENCE,,5225,5225,,2005-08-08,Nigeria,697,2029-06-30,https://www.transfermarkt.de/afolabi-soliu/profil/spieler/1200278,fe270cfeb1c89dff9e643a9efe470ee566682fe8025d4e83f2adc9094a61ce94,https://www.transfermarkt.de/fc-zbrojovka-brunn/kader/verein/5225/saison_id/2026/plus/1,1aeecf841a85ad9d35469b9ba37af49f38aee1b2e160fdd7ebc2df04f3863d83,2026-09-12
CZE1,SK Artis Brünn,Ismael Sylla,1544985,HIGH_CONFIDENCE,,24325,24325,Ge Ismael Nicaise Sylla,2008-02-07,Elfenbeinküste,,,https://www.transfermarkt.de/ismael-sylla/profil/spieler/1544985,b7f3e9aa272961677152a372cea7f95f88b10ad48c91a535d4d1d9c58ba0d8f7,https://www.transfermarkt.de/sk-artis-brunn/kader/verein/24325/saison_id/2026/plus/1,587a867b1b6398028de49094330bc2934f1e7245d3ee79f2003e9ffe6410ac9f,2026-09-12
CZE1,SK Artis Brünn,Youssoupha Sanyang,1238634,HIGH_CONFIDENCE,,24325,24325,,2005-08-31,Gambia Senegal,62,2030-06-30,https://www.transfermarkt.de/youssoupha-sanyang/profil/spieler/1238634,56607b29e8b1a55316020c2917a88f14c25af1aa8ac15bcbb10ce75b02b75682,https://www.transfermarkt.de/sk-artis-brunn/kader/verein/24325/saison_id/2026/plus/1,587a867b1b6398028de49094330bc2934f1e7245d3ee79f2003e9ffe6410ac9f,2026-09-12
CZE1,SK Artis Brünn,Vladimir Perisic,760492,HIGH_CONFIDENCE,,24325,24325,Владимир Перишић,2004-08-26,Montenegro,,,https://www.transfermarkt.de/vladimir-perisic/profil/spieler/760492,a1d698698520b8561ac8e656f5e451c785be29eb6ae5a08a979a5b2d4ba2e153,https://www.transfermarkt.de/sk-artis-brunn/kader/verein/24325/saison_id/2026/plus/1,587a867b1b6398028de49094330bc2934f1e7245d3ee79f2003e9ffe6410ac9f,2026-09-12
ESP1,FC Barcelona,Hamza Abdelkarim,1259085,HIGH_CONFIDENCE,,131,131,حمزة عبدالكريم Hamza Mohamed Abdelkarim Selim,2008-01-01,Ägypten,,,https://www.transfermarkt.de/hamza-abdelkarim/profil/spieler/1259085,75bb9cbf135e113f72703047f1f5f8b0366155657f2ed1e3b8051207592e8d84,https://www.transfermarkt.de/fc-barcelona/kader/verein/131/saison_id/2026/plus/1,48995ede060e2f10268fd330cd92886372ac077da45713b1cc6976bb8188de77,2026-09-12
ESP1,Real Madrid,Jorge Cestero,1186235,REVIEW_REQUIRED,CLUB_CONFLICT,418,6767,Jorge Cestero Sancho,2006-03-24,Spanien,,,https://www.transfermarkt.de/jorge-cestero/profil/spieler/1186235,25083f20353cc9e697e648279615707613758b0e554be45d38271bc973622433,https://www.transfermarkt.de/real-madrid/kader/verein/418/saison_id/2026/plus/1,3f55dd534696e733c74c272170e6a145e36bce435bd24d7cf90ec7f8c7fe62bc,2026-09-12
ESP1,Atlético Madrid,Jorge Domínguez,1460961,REVIEW_REQUIRED,CLUB_CONFLICT,13,3679,Jorge Domínguez Lituba,2009-12-21,Spanien Kongo,,,https://www.transfermarkt.de/jorge-dominguez/profil/spieler/1460961,fcd00265fbad739e141ec989161bbed5f89f7697fcb523ab6ce6f00a913f6893,https://www.transfermarkt.de/atletico-madrid/kader/verein/13/saison_id/2026/plus/1,336e6247c22b59b6319471ca685cbf8684fa5eddbe294526159e968ec82bff6f,2026-09-12
ESP1,Real Betis Sevilla,Iker Losada,632741,HIGH_CONFIDENCE,,150,150,Iker Losada Aragunde,2001-08-01,Spanien,,,https://www.transfermarkt.de/iker-losada/profil/spieler/632741,ea7fe2d3d07a13049849d1de8a2c3ed5edcfbc19673b7ff01e5ac42ef6f60c54,https://www.transfermarkt.de/real-betis-sevilla/kader/verein/150/saison_id/2026/plus/1,2aaeb64f077be646ab6ba33019bafa8f7b5b68e0e5fcd67c1dde6bed8f42133c,2026-09-12
ESP1,FC Valencia,Diego López,617081,HIGH_CONFIDENCE,,1049,1049,Diego López Noguerol,2002-05-13,Spanien,,,https://www.transfermarkt.de/diego-lopez/profil/spieler/617081,adc117decdde448a9d18fedafc65ca03067923516ccb6eadb407b58239463beb,https://www.transfermarkt.de/fc-valencia/kader/verein/1049/saison_id/2026/plus/1,5de2e980893b594e24db008458062bfc00ba2b8df17a120bf432b038f984588c,2026-09-12
ESP1,Espanyol Barcelona,Rafel Bauzà,1178721,HIGH_CONFIDENCE,,714,714,Rafel Bauzà Sureda,2005-01-30,Spanien,,,https://www.transfermarkt.de/rafel-bauza/profil/spieler/1178721,a37c9f73d12d58edb849b075c7e38484a6db621e0f8b7c5c0dcd3635340fe401,https://www.transfermarkt.de/espanyol-barcelona/kader/verein/714/saison_id/2026/plus/1,f5fd71d6b5ea7b87f29f37eb3da79bb27abc3bb54aefcdd2f5ded14c3919697d,2026-09-12
ESP1,Athletic Bilbao,Johaneko Louis-Jean,926766,REVIEW_REQUIRED,CLUB_CONFLICT,621,6688,,2004-06-28,Frankreich,,,https://www.transfermarkt.de/johaneko-louis-jean/profil/spieler/926766,bd858392874d8723ed5d87390d6446ab67c8b954f5e53f69a6359e3114d11df5,https://www.transfermarkt.de/athletic-bilbao/kader/verein/621/saison_id/2026/plus/1,ab659443e6b62a44b52f2d2bddfbd8dfab1041e92d677f7ed9d83c4f59284305,2026-09-12
ESP1,Athletic Bilbao,Beñat Gerenabarrena,709214,HIGH_CONFIDENCE,,621,621,Beñat Gerenabarrena Zendoia,2003-03-29,Spanien,,,https://www.transfermarkt.de/benat-gerenabarrena/profil/spieler/709214,ccef20452b8fbb3247c77cf4342d50d473dc896331766fbfd075d10cd7fa3c72,https://www.transfermarkt.de/athletic-bilbao/kader/verein/621/saison_id/2026/plus/1,ab659443e6b62a44b52f2d2bddfbd8dfab1041e92d677f7ed9d83c4f59284305,2026-09-12
ESP1,Athletic Bilbao,Peio Canales,1056966,HIGH_CONFIDENCE,,621,621,Peio Canales Urtasun,2005-01-17,Spanien,,,https://www.transfermarkt.de/peio-canales/profil/spieler/1056966,26b4146fb0eebb9cbd5fa7bfce970d9fe6f86d51e45ed491db72e79ca1e250bd,https://www.transfermarkt.de/athletic-bilbao/kader/verein/621/saison_id/2026/plus/1,ab659443e6b62a44b52f2d2bddfbd8dfab1041e92d677f7ed9d83c4f59284305,2026-09-12
ESP1,Athletic Bilbao,Iñaki Williams,255508,HIGH_CONFIDENCE,,621,621,Iñaki Williams Arthuer,1994-06-15,Ghana Spanien,,,https://www.transfermarkt.de/inaki-williams/profil/spieler/255508,b709c23edd9e1033bcb4e33c08125f9951acbc3766cc809f40ca322888b4c8d6,https://www.transfermarkt.de/athletic-bilbao/kader/verein/621/saison_id/2026/plus/1,ab659443e6b62a44b52f2d2bddfbd8dfab1041e92d677f7ed9d83c4f59284305,2026-09-12
ESP1,FC Sevilla,Nico Guillén,1236856,REVIEW_REQUIRED,CLUB_CONFLICT,368,8519,Nicolás Guillén Peguero,2008-01-30,Spanien,,,https://www.transfermarkt.de/nico-guillen/profil/spieler/1236856,95331918bf6249d0f586318e87a537aa07fceabab78de1a0f6b706c93a162f88,https://www.transfermarkt.de/fc-sevilla/kader/verein/368/saison_id/2026/plus/1,3d82cb81b17e3c88b8c27f6603b222e965a349dcb68187b46e8ce65da5194abd,2026-09-12
ESP1,UD Levante,Marc Santos,1476132,HIGH_CONFIDENCE,,3368,3368,Marc Santos Gavilán,2010-11-09,Spanien,,,https://www.transfermarkt.de/marc-santos/profil/spieler/1476132,9eefd59fa12a70ffd0c2df812fe8fdec20e500bb50dd1c4443eb2536138933f6,https://www.transfermarkt.de/ud-levante/kader/verein/3368/saison_id/2026/plus/1,53cacbbeea38cb2a390a7eeec2d36d336b94cb75602793ff1a9bacce28891775,2026-09-12
ESP1,UD Levante,Nacho Pérez,1371830,HIGH_CONFIDENCE,,3368,3368,Nacho Pérez Gómez,2008-08-29,Spanien,,,https://www.transfermarkt.de/nacho-perez/profil/spieler/1371830,9ba7a598637306d5250875c10141e7ca55efc08ea80dca15bef47ccd4a61b397,https://www.transfermarkt.de/ud-levante/kader/verein/3368/saison_id/2026/plus/1,53cacbbeea38cb2a390a7eeec2d36d336b94cb75602793ff1a9bacce28891775,2026-09-12
ESP1,Racing Santander,Aarón Martín,251878,HIGH_CONFIDENCE,,630,630,Aarón Martín Caricol,1997-04-22,Spanien,,,https://www.transfermarkt.de/aaron-martin/profil/spieler/251878,ead1253cf35a7d20bf56286ea58488bdf222c68d055b67feb0b4a6131278d2ca,https://www.transfermarkt.de/racing-santander/kader/verein/630/saison_id/2026/plus/1,18a40c3ef461fb12859ab644f10535935a6e0f3b45aa680347aab5a3a4eda60f,2026-09-12
ESP1,Racing Santander,Pablo García,961087,HIGH_CONFIDENCE,,630,630,Pablo García Fernández,2006-06-13,Spanien,,,https://www.transfermarkt.de/pablo-garcia/profil/spieler/961087,4ddd21713de9444dee966a6331b57da617d1c596cdc834584a9a8c964c37c001,https://www.transfermarkt.de/racing-santander/kader/verein/630/saison_id/2026/plus/1,18a40c3ef461fb12859ab644f10535935a6e0f3b45aa680347aab5a3a4eda60f,2026-09-12
FRA1,RC Lens,Mezian Mesloub,1297674,HIGH_CONFIDENCE,,826,826,Mezian Soares Mesloub,2009-11-08,Portugal Frankreich,,,https://www.transfermarkt.de/mezian-mesloub/profil/spieler/1297674,73e1292611388db0b810d6c2f29b43ecb90835ed28f6f1b499ddd0ea4e548347,https://www.transfermarkt.de/rc-lens/kader/verein/826/saison_id/2026/plus/1,7fb4fc29a59ca1fd1875a851a1378fb40304c090e369d517a86f6d13f80ab3c8,2026-09-12
FRA1,LOSC Lille,Maxima Goffi,1306455,HIGH_CONFIDENCE,,1082,1082,Maxima Adeagan Goffi,2008-01-23,Frankreich,,,https://www.transfermarkt.de/maxima-goffi/profil/spieler/1306455,4cb68168f75c1429479678c7ca12b43ea284d0ed629fc2c36fa8e27655ea0bd7,https://www.transfermarkt.de/losc-lille/kader/verein/1082/saison_id/2026/plus/1,c457b219cdc4b0b325e1ffc106944f12575f34ba418b01fe14ef82f00cc6a90d,2026-09-12
FRA1,Olympique Lyon,Lassine Diarra,1071430,REVIEW_REQUIRED,CLUB_CONFLICT,1041,12764,,2002-11-11,Mali,,,https://www.transfermarkt.de/lassine-diarra/profil/spieler/1071430,e2d776c4658f827074b17a92f6a2f95a87ec70d8b9c319071b5c60ec9ec427bf,https://www.transfermarkt.de/olympique-lyon/kader/verein/1041/saison_id/2026/plus/1,d1e8c52088c164c738d95700ab10125d62a6b25b7393bf2f71320770c00926fe,2026-09-12
FRA1,AS Monaco,Jules Stawiecki,1075582,HIGH_CONFIDENCE,,162,162,,2007-04-10,Frankreich Polen,,,https://www.transfermarkt.de/jules-stawiecki/profil/spieler/1075582,0b406aa87e1bc9b40e4fd2c514441bceee57e355a057d71084033292cf6edddf,https://www.transfermarkt.de/as-monaco/kader/verein/162/saison_id/2026/plus/1,817e580f3e85d6c1f9a5e667dc7e20a43281747a6e7686ccc15a288667f05712,2026-09-12
FRA1,AS Monaco,Anis Soubeir,1307000,REVIEW_REQUIRED,CLUB_CONFLICT,162,9668,أنيس صبير,2007-05-30,Marokko Frankreich,,,https://www.transfermarkt.de/anis-soubeir/profil/spieler/1307000,86308cbaabfe142753e70a73cf9fa56cf6040f726f737dc84b9e19dd59cd27e6,https://www.transfermarkt.de/as-monaco/kader/verein/162/saison_id/2026/plus/1,817e580f3e85d6c1f9a5e667dc7e20a43281747a6e7686ccc15a288667f05712,2026-09-12
FRA1,Racing Straßburg,Oso,1032280,HIGH_CONFIDENCE,,667,667,,2003-07-09,Spanien Argentinien,,,https://www.transfermarkt.de/osotm/profil/spieler/1032280,7796f4a0b4946a70d774172577d1715aa6f07e54f4b9b505c1076a09739d1387,https://www.transfermarkt.de/racing-strassburg/kader/verein/667/saison_id/2026/plus/1,fccce58645fe78054a145422d6552e5063a2af42aa0162b26c1d373f842bfa0c,2026-09-12
FRA1,Racing Straßburg,Yaya Diémé,1133733,REVIEW_REQUIRED,CLUB_CONFLICT,667,7968,,2007-10-16,Senegal,,,https://www.transfermarkt.de/yaya-dieme/profil/spieler/1133733,612fbc5c7cff76f7218cc1b68e01d04c7ac4df648fbbff98550046d8453d69cb,https://www.transfermarkt.de/racing-strassburg/kader/verein/667/saison_id/2026/plus/1,fccce58645fe78054a145422d6552e5063a2af42aa0162b26c1d373f842bfa0c,2026-09-12
FRA1,FC Toulouse,Cristian Cásseres Jr.,467632,HIGH_CONFIDENCE,,415,415,Cristian Sleiker Cásseres Yépes,2000-01-20,Venezuela,,,https://www.transfermarkt.de/cristian-casseres-jr-/profil/spieler/467632,9711887d5dfb4b2ceba3234519a7af878ce5e4f416eddcc748a16f773094d1e9,https://www.transfermarkt.de/fc-toulouse/kader/verein/415/saison_id/2026/plus/1,d434d63fc06ac1f14a7f835fa1f97d5282df684c350fe0b4b6cc6270c93f45a3,2026-09-12
FRA1,Stade Brest 29,Romain Cagnon,272619,HIGH_CONFIDENCE,,3911,3911,,1997-05-12,Frankreich,,,https://www.transfermarkt.de/romain-cagnon/profil/spieler/272619,dd5a290c2ea07eebda93410295d4966a56c232a72a55a3218f14ee4b4ef3b29e,https://www.transfermarkt.de/stade-brest-29/kader/verein/3911/saison_id/2026/plus/1,52be2d44f637f0ec7c544f95926b9d75ac6bce6bd86bfa9e4cb57ec3bf957bda,2026-09-12
FRA1,Le Havre AC,Djibril Ouziad,1524445,REVIEW_REQUIRED,CLUB_CONFLICT,738,12278,,2009-04-27,Frankreich Algerien,,,https://www.transfermarkt.de/djibril-ouziad/profil/spieler/1524445,bdb524bb8672222875169e8a01143490e7038cd3b21e29273345a9e644db8810,https://www.transfermarkt.de/le-havre-ac/kader/verein/738/saison_id/2026/plus/1,c689367405332b2d53df382c7e86172b8f1c4f1721cf694d45fd4f70cea2659b,2026-09-12
FRA1,AJ Auxerre,Louis Mezerette,1167216,REVIEW_REQUIRED,CLUB_CONFLICT,290,10820,,2006-08-30,Frankreich,,,https://www.transfermarkt.de/louis-mezerette/profil/spieler/1167216,2f3e4c0da4bb9f2d47d491767dd62d9ff2b4f9768968b581613fcaf816bc41d1,https://www.transfermarkt.de/aj-auxerre/kader/verein/290/saison_id/2026/plus/1,bc56be6a329e8d45adc245c1a0891dc5af443b78ade6319a110e2ae8c5f635c2,2026-09-12
FRA1,AJ Auxerre,Alvin Petit Dol,1144938,REVIEW_REQUIRED,CLUB_CONFLICT,290,10820,,2006-11-07,Frankreich Haiti,,,https://www.transfermarkt.de/alvin-petit-dol/profil/spieler/1144938,da09fb7cccd224b43d874c74cc7fa54e7fb7e005358a15c3ec69d38d106121cf,https://www.transfermarkt.de/aj-auxerre/kader/verein/290/saison_id/2026/plus/1,bc56be6a329e8d45adc245c1a0891dc5af443b78ade6319a110e2ae8c5f635c2,2026-09-12
FRA1,AJ Auxerre,Ryan Rodin,1010856,REVIEW_REQUIRED,CLUB_CONFLICT,290,10820,,2006-03-02,Frankreich Martinique,,,https://www.transfermarkt.de/ryan-rodin/profil/spieler/1010856,f4eefaa1864618113b417b612bedcb277fdd53f750dbff501572a659db138556,https://www.transfermarkt.de/aj-auxerre/kader/verein/290/saison_id/2026/plus/1,bc56be6a329e8d45adc245c1a0891dc5af443b78ade6319a110e2ae8c5f635c2,2026-09-12
FRA1,AJ Auxerre,Xiangxin Wei,1265965,HIGH_CONFIDENCE,,290,290,魏祥鑫,2008-03-05,China,,,https://www.transfermarkt.de/xiangxin-wei/profil/spieler/1265965,35abc1571293fccfc3d2bdfdf0fb6971afa3a21f58bda6d7dc5e87015c19d09a,https://www.transfermarkt.de/aj-auxerre/kader/verein/290/saison_id/2026/plus/1,bc56be6a329e8d45adc245c1a0891dc5af443b78ade6319a110e2ae8c5f635c2,2026-09-12
FRA1,ESTAC Troyes,Noah Donkor,1119840,HIGH_CONFIDENCE,,1095,1095,Noah Donkor Znamensky,2006-11-25,Frankreich Ghana,,,https://www.transfermarkt.de/noah-donkor/profil/spieler/1119840,92241be389eda3c808aaf40159444a3e8eb2ed799fca45eb239227b0122ddaaa,https://www.transfermarkt.de/estac-troyes/kader/verein/1095/saison_id/2026/plus/1,3de2a4a4e2246fa33a1e94b81459db264308feb0d186d61173bb4ee72e627faa,2026-09-12
FRA1,ESTAC Troyes,Idrissa Soukouna,1364925,HIGH_CONFIDENCE,,1095,1095,,2008-08-10,Frankreich Mali,,,https://www.transfermarkt.de/idrissa-soukouna/profil/spieler/1364925,52147ee4169f173566782185ad0f4c6474f91f70abb92060ca4c204c6b2da1ba,https://www.transfermarkt.de/estac-troyes/kader/verein/1095/saison_id/2026/plus/1,3de2a4a4e2246fa33a1e94b81459db264308feb0d186d61173bb4ee72e627faa,2026-09-12
FRA1,ESTAC Troyes,Yacouba Koné,1523861,HIGH_CONFIDENCE,,1095,1095,,2007-06-21,Elfenbeinküste,,,https://www.transfermarkt.de/yacouba-kone/profil/spieler/1523861,6998e422c4a7fc1c8c302e0b08f793f5827df38d00cd2c512121aa9c62242cba,https://www.transfermarkt.de/estac-troyes/kader/verein/1095/saison_id/2026/plus/1,3de2a4a4e2246fa33a1e94b81459db264308feb0d186d61173bb4ee72e627faa,2026-09-12
FRA1,ESTAC Troyes,Christ Batola,1337539,HIGH_CONFIDENCE,,1095,1095,Christ Brunel Neyjunior Batola,2009-06-03,Frankreich Kongo,,,https://www.transfermarkt.de/christ-batola/profil/spieler/1337539,72bfa3abe4cc1ea98636d87ec6fa451434360b9459a0fb2462d70fcebfb7757b,https://www.transfermarkt.de/estac-troyes/kader/verein/1095/saison_id/2026/plus/1,3de2a4a4e2246fa33a1e94b81459db264308feb0d186d61173bb4ee72e627faa,2026-09-12
FRA1,FC Le Mans,João Almeida,1092429,HIGH_CONFIDENCE,,1164,1164,João Vitor da Silva Almeida,2006-01-16,Brasilien,776,2029-12-31,https://www.transfermarkt.de/joao-almeida/profil/spieler/1092429,fa7798339c434e483515172215b79c29ba6f375f172cb3a236187baa39aa19c6,https://www.transfermarkt.de/fc-le-mans/kader/verein/1164/saison_id/2026/plus/1,3a1590b4702d0adc2e4906566f51e78d043b0e625e92b825b4e3d1a572fd483c,2026-09-12
ITA1,Juventus Turin,Augusto Owusu,925845,HIGH_CONFIDENCE,,506,506,Augusto Seedorf Owusu,2005-01-28,Italien Ghana,,,https://www.transfermarkt.de/augusto-owusu/profil/spieler/925845,27d1a74bdab538ceef5a6a8dd34d54a0004325ca0cca82eb492c8f8697dd0a47,https://www.transfermarkt.de/juventus-turin/kader/verein/506/saison_id/2026/plus/1,0009d8e86a1fcff175fb368bcdc9cac816372b11375dc9917e504e11cc3f9b54,2026-09-12
ITA1,FC Bologna,Marco Libra,1311378,HIGH_CONFIDENCE,,1025,1025,Marco Libra Alvarado,2008-03-21,Venezuela Italien,,,https://www.transfermarkt.de/marco-libra/profil/spieler/1311378,f786ad69002de47e9b6be74db4a0d6ca257c54590df739c0a3bab9d727fc645a,https://www.transfermarkt.de/fc-bologna/kader/verein/1025/saison_id/2026/plus/1,0110cf99718c64dae936d9a4905057d288279fe8328651a47c3a519a8bb10c74,2026-09-12
ITA1,Lazio Rom,Diogo Leite,357156,HIGH_CONFIDENCE,,398,398,Diogo Filipe Monteiro Pinto Leite,1999-01-23,Portugal,,,https://www.transfermarkt.de/diogo-leite/profil/spieler/357156,fb9a62d231468581a02ac4042276e179fcfc8510d14f902f597a3cf6e1936ee9,https://www.transfermarkt.de/lazio-rom/kader/verein/398/saison_id/2026/plus/1,9c76fbe0b5d68bfdb8d420274f6285cb7a4f149afb425f160c4bae3837bebead,2026-09-12
ITA1,Udinese Calcio,Juan Arizala,1118347,HIGH_CONFIDENCE,,410,410,Juan David Arizala Micolta,2005-10-10,Kolumbien,,,https://www.transfermarkt.de/juan-arizala/profil/spieler/1118347,f167cea88fbb52ee13cc717f64bd8bdb8df087e1553b153bcd3279c811238738,https://www.transfermarkt.de/udinese-calcio/kader/verein/410/saison_id/2026/plus/1,7fdfe70ee199497c7c8bba7f008dea4b0f8e1ab4fec8c51d19f4eb9f681c5506,2026-09-12
ITA1,FC Turin,Alessio Cacciamani,1188619,HIGH_CONFIDENCE,,416,416,,2007-06-29,Italien,,,https://www.transfermarkt.de/alessio-cacciamani/profil/spieler/1188619,b01ca4854428d8e73316745702645e60fba2ac21b3cd8954a3ea2636f42780fd,https://www.transfermarkt.de/fc-turin/kader/verein/416/saison_id/2026/plus/1,d73169d98efbcdf92ebc3fffb64ce90192a06803ac73b01c465488f442d6cf82,2026-09-12
ITA1,Cagliari Calcio,Yukinari Sugawara,405385,HIGH_CONFIDENCE,,1390,1390,菅原 由勢,2000-06-28,Japan,180,2028-06-30,https://www.transfermarkt.de/yukinari-sugawara/profil/spieler/405385,a4177a4594347e219f5795d833cf3775db22c9f8fcc132076618a330ac122ad8,https://www.transfermarkt.de/cagliari-calcio/kader/verein/1390/saison_id/2026/plus/1,4d01f720bf6b2fb484bfc759a9f95eef9ef2c8d8f167551e1c287b989aa09415,2026-09-12
ITA1,Cagliari Calcio,Demi Akarakiri,1078164,HIGH_CONFIDENCE,,1390,1390,Ademide Oreoluwa Abdulganiyu Ibuknoluwa Olamilekan Oluwajuedalo Ayomide Ishola Akarakiri,2007-09-29,England Nigeria,,,https://www.transfermarkt.de/demi-akarakiri/profil/spieler/1078164,7f01d1a4ae684ea32f49d96b1581eb93a87e86ea7d8504165781a066308336bd,https://www.transfermarkt.de/cagliari-calcio/kader/verein/1390/saison_id/2026/plus/1,4d01f720bf6b2fb484bfc759a9f95eef9ef2c8d8f167551e1c287b989aa09415,2026-09-12
ITA1,AC Florenz,Federico Croci,1350478,HIGH_CONFIDENCE,,430,430,,2010-07-01,Italien,,,https://www.transfermarkt.de/federico-croci/profil/spieler/1350478,e3f76244fae670148911a4ad609da7942d6140964f72b79447a3ecf089030b47,https://www.transfermarkt.de/ac-florenz/kader/verein/430/saison_id/2026/plus/1,5857be8fdb4f3fc0db1b4cdc9b4c664d3e7e976dd4b535b833de0fc4b70e26fc,2026-09-12
ITA1,Genua CFC,Robinho Junior,1355385,HIGH_CONFIDENCE,,252,252,,2007-12-17,Brasilien,221,2031-03-30,https://www.transfermarkt.de/robinho-junior/profil/spieler/1355385,10ff84d2ce60699050a661d46b8afedf1c9c90209555415ba3eabd9f5957a1eb,https://www.transfermarkt.de/genua-cfc/kader/verein/252/saison_id/2026/plus/1,28831c70a8bf2f1d0e0c5e7801240ba62008e42be2eb8761306fafe7c05e7da1,2026-09-12
ITA1,US Lecce,Alexandru Borbei,667640,HIGH_CONFIDENCE,,1005,1005,Alexandru Gabriel Borbei,2003-06-27,Rumänien,,,https://www.transfermarkt.de/alexandru-borbei/profil/spieler/667640,b8ffcaf17bf0220297f52c47ea7bef53614a397bb7f2de7118eeb3f1c9f726fd,https://www.transfermarkt.de/us-lecce/kader/verein/1005/saison_id/2026/plus/1,f70b73ab0beef18f4707e1b846172f928bd484c8e6abc3aab35570487739b4bc,2026-09-12
ITA1,US Lecce,Niko Kovač,866607,HIGH_CONFIDENCE,,1005,1005,,2005-04-08,Bosnien-Herzegowina Deutschland,,,https://www.transfermarkt.de/niko-kovac/profil/spieler/866607,1919b6387770a0e537f273e3e445d095382c24ba1e85af62416a30b794e8c017,https://www.transfermarkt.de/us-lecce/kader/verein/1005/saison_id/2026/plus/1,f70b73ab0beef18f4707e1b846172f928bd484c8e6abc3aab35570487739b4bc,2026-09-12
ITA1,US Lecce,Joël Monteiro,410787,HIGH_CONFIDENCE,,1005,1005,Joël Almada Monteiro,1999-08-05,Schweiz Portugal,,,https://www.transfermarkt.de/joel-monteiro/profil/spieler/410787,1878042742e92af23c410e1b5ea63e095d239d153f788c7750955310e1bd42e3,https://www.transfermarkt.de/us-lecce/kader/verein/1005/saison_id/2026/plus/1,f70b73ab0beef18f4707e1b846172f928bd484c8e6abc3aab35570487739b4bc,2026-09-12
ITA1,AC Monza,Eddy Kouadio,957822,HIGH_CONFIDENCE,,2919,2919,Eddy Nda Konan Kouadio,2006-05-03,Italien Elfenbeinküste,430,2030-06-30,https://www.transfermarkt.de/eddy-kouadio/profil/spieler/957822,68501dc01f8a14f0c6c9354e85ef827bc35e62a847f88f0d018ecde3aab70a4c,https://www.transfermarkt.de/ac-monza/kader/verein/2919/saison_id/2026/plus/1,8f193279202724cc57a68a08441deb0fe889b73d8d97804595e81268516bfe10,2026-09-12
NED1,Ajax Amsterdam,Abdellah Ouazane,1194905,REVIEW_REQUIRED,CLUB_CONFLICT,610,8817,عبد الله وزان,2009-01-15,Marokko Niederlande,,,https://www.transfermarkt.de/abdellah-ouazane/profil/spieler/1194905,644c5a141d656b01e2a9c93fb9d177bc438384889ec809d93fcf8fdb28d9866d,https://www.transfermarkt.de/ajax-amsterdam/kader/verein/610/saison_id/2026/plus/1,f5e17e90fd0fa7a2962da880b80d3f5be8fc736c45ff9203a638be8e951725f8,2026-09-12
NED1,AZ Alkmaar,Hessel de Wit,1024701,REVIEW_REQUIRED,CLUB_CONFLICT,1090,11368,,2007-01-08,Niederlande Suriname,,,https://www.transfermarkt.de/hessel-de-wit/profil/spieler/1024701,597baf28525e973deed38098df7db3e81da53adc636430822a8006065fbf4378,https://www.transfermarkt.de/az-alkmaar/kader/verein/1090/saison_id/2026/plus/1,531b9d310986cca2d1532dd964ed898fe77b83822fbfe9489507e4f0bf4aefc5,2026-09-12
NED1,FC Groningen,Jesper Mosselaar,1052786,REVIEW_REQUIRED,CLUB_CONFLICT,202,14725,,2005-02-14,Niederlande,,,https://www.transfermarkt.de/jesper-mosselaar/profil/spieler/1052786,3503dfbd079128d2e7d9964530e8be50d54957d60521a43c6f44c3a412bd5b68,https://www.transfermarkt.de/fc-groningen/kader/verein/202/saison_id/2026/plus/1,f0f5d8d6f23b2d3ed5dd60e9bd2366f7a483d8cdd5fc8a4003b210b61dd2451c,2026-09-12
NED1,FC Groningen,Jismerai Dillema,1024694,REVIEW_REQUIRED,CLUB_CONFLICT,202,14725,,2007-02-14,Niederlande Indonesien,,,https://www.transfermarkt.de/jismerai-dillema/profil/spieler/1024694,51b5b8e287fb292c607666450ac40f933cad5ebfa58bca54c7ab6be586e5ee1d,https://www.transfermarkt.de/fc-groningen/kader/verein/202/saison_id/2026/plus/1,f0f5d8d6f23b2d3ed5dd60e9bd2366f7a483d8cdd5fc8a4003b210b61dd2451c,2026-09-12
NED1,FC Groningen,Jahelille Hall,1174487,REVIEW_REQUIRED,CLUB_CONFLICT,202,14725,,2007-11-25,Niederlande,,,https://www.transfermarkt.de/jahelille-hall/profil/spieler/1174487,9f44543a4fd6cfcffb0df0ab971bf9111f5fe151396fcfaba2a61042aafca602,https://www.transfermarkt.de/fc-groningen/kader/verein/202/saison_id/2026/plus/1,f0f5d8d6f23b2d3ed5dd60e9bd2366f7a483d8cdd5fc8a4003b210b61dd2451c,2026-09-12
NED1,FC Utrecht,Sergio Padt,79573,HIGH_CONFIDENCE,,200,200,Sergio Vincenzo Roberto Padt,1990-06-06,Niederlande Italien,,,https://www.transfermarkt.de/sergio-padt/profil/spieler/79573,069b287429c39b2e82aa96c3e32f4067dd0c59d02be14f90124bb40de453a984,https://www.transfermarkt.de/fc-utrecht/kader/verein/200/saison_id/2026/plus/1,30172180fe0b90bafc4f2d8225a407eb91445c75b04c67bdb0bfe6d096d2e552,2026-09-12
NED1,FC Utrecht,Ferdinand Pohl,1041648,REVIEW_REQUIRED,CLUB_CONFLICT,200,17596,,2007-02-02,Deutschland,,,https://www.transfermarkt.de/ferdinand-pohl/profil/spieler/1041648,bb159da8a0df54b3fb4677d527afe3610dc26f3f1adf676db06ea238940c08b4,https://www.transfermarkt.de/fc-utrecht/kader/verein/200/saison_id/2026/plus/1,30172180fe0b90bafc4f2d8225a407eb91445c75b04c67bdb0bfe6d096d2e552,2026-09-12
NED1,Feyenoord Rotterdam,Tijme Wessels,1016034,REVIEW_REQUIRED,CLUB_CONFLICT,234,24366,,2007-02-23,Niederlande,,,https://www.transfermarkt.de/tijme-wessels/profil/spieler/1016034,221e222b60f3e0431bd3e1ffd403d01531a7f78d6d1b9f944bab21c7711ab8d4,https://www.transfermarkt.de/feyenoord-rotterdam/kader/verein/234/saison_id/2026/plus/1,0a89b967569a2864ad63a06bd5831472c80e45548525ac5b64cefc599d35295f,2026-09-12
NED1,Feyenoord Rotterdam,Jivayno Zinhagel,1242183,REVIEW_REQUIRED,CLUB_CONFLICT,234,24366,,2009-04-18,Niederlande Suriname,,,https://www.transfermarkt.de/jivayno-zinhagel/profil/spieler/1242183,078e7a3b642b60f682a79a26fa903fa41d5ca5b5f2c45e7305b7bdd714982ac0,https://www.transfermarkt.de/feyenoord-rotterdam/kader/verein/234/saison_id/2026/plus/1,0a89b967569a2864ad63a06bd5831472c80e45548525ac5b64cefc599d35295f,2026-09-12
NED1,Feyenoord Rotterdam,Jerayno Schaken,1353447,REVIEW_REQUIRED,CLUB_CONFLICT,234,24366,,2009-06-18,Niederlande Suriname,,,https://www.transfermarkt.de/jerayno-schaken/profil/spieler/1353447,050a391a6dc258088e822f1379cabdc9eecb80b69770d36cee05bfe1f582f359,https://www.transfermarkt.de/feyenoord-rotterdam/kader/verein/234/saison_id/2026/plus/1,0a89b967569a2864ad63a06bd5831472c80e45548525ac5b64cefc599d35295f,2026-09-12
NED1,Fortuna Sittard,Kaylen,810846,HIGH_CONFIDENCE,,385,385,,2004-04-05,Deutschland Brasilien,,,https://www.transfermarkt.de/kaylen/profil/spieler/810846,b186e93809e1c410f1aea6a45ae06f6e55c4c824242dd5688e149df946158333,https://www.transfermarkt.de/fortuna-sittard/kader/verein/385/saison_id/2026/plus/1,3459b44bdebecde47d2a1440be82d9c09e8f120a342ec34fc969ad1288f64fcd,2026-09-12
NED1,Fortuna Sittard,Gani Büyükhan,1491843,REVIEW_REQUIRED,CLUB_CONFLICT,385,18338,Gâni Durmuş Büyükhan,2009-10-07,Belgien Türkei,,,https://www.transfermarkt.de/gani-buyukhan/profil/spieler/1491843,38fa10a3ec300ff0b8dad2194f158c1405b9c47f00e378ab8c31fdf40a2f9a6f,https://www.transfermarkt.de/fortuna-sittard/kader/verein/385/saison_id/2026/plus/1,3459b44bdebecde47d2a1440be82d9c09e8f120a342ec34fc969ad1288f64fcd,2026-09-12
NED1,Go Ahead Eagles Deventer,Thomas Hulleman,1313181,HIGH_CONFIDENCE,,1435,1435,,2009-12-25,Niederlande,,,https://www.transfermarkt.de/thomas-hulleman/profil/spieler/1313181,acd637707ef491293fabb88a23972f2a6e67f92815baffbf401f63a2e8c38563,https://www.transfermarkt.de/go-ahead-eagles-deventer/kader/verein/1435/saison_id/2026/plus/1,9dde8a1e8b910be129c1938f1ab5cb614c94aaafe9ae1f3969e144108e3149a1,2026-09-12
NED1,Go Ahead Eagles Deventer,Dani Tijman,1309041,HIGH_CONFIDENCE,,1435,1435,,2006-06-13,Niederlande,,,https://www.transfermarkt.de/dani-tijman/profil/spieler/1309041,3d06b16de19303104c370c6285a8bb181df2ddf08665ceb30448aa5494d1659c,https://www.transfermarkt.de/go-ahead-eagles-deventer/kader/verein/1435/saison_id/2026/plus/1,9dde8a1e8b910be129c1938f1ab5cb614c94aaafe9ae1f3969e144108e3149a1,2026-09-12
NED1,Go Ahead Eagles Deventer,Terence Lantveld,1106645,HIGH_CONFIDENCE,,1435,1435,,2006-12-29,Niederlande,,,https://www.transfermarkt.de/terence-lantveld/profil/spieler/1106645,35845058014fc8be4352612983cd057aeb89ad94b69b5f8951ce7d37d3193f41,https://www.transfermarkt.de/go-ahead-eagles-deventer/kader/verein/1435/saison_id/2026/plus/1,9dde8a1e8b910be129c1938f1ab5cb614c94aaafe9ae1f3969e144108e3149a1,2026-09-12
NED1,PEC Zwolle,Gilles van der Wal,1146470,REVIEW_REQUIRED,CLUB_CONFLICT,1269,20300,,2008-06-24,Niederlande,,,https://www.transfermarkt.de/gilles-van-der-wal/profil/spieler/1146470,3592642c7eebeb8c8c6b609b21346c9cadb438b770c34feb00bc5c8fb1ddadd2,https://www.transfermarkt.de/pec-zwolle/kader/verein/1269/saison_id/2026/plus/1,3c97a5a53b9cc8a25985b1e3597862074bc3460631aa78e06a0c54cb3648771b,2026-09-12
NED1,PSV Eindhoven,Khadim Ngom,1146761,REVIEW_REQUIRED,CLUB_CONFLICT,383,9715,,2005-08-05,Niederlande Senegal,,,https://www.transfermarkt.de/khadim-ngom/profil/spieler/1146761,dfa47fae4dabcbd59d49ab326c0d315d949050b3e6baeafadc75f42a04f49233,https://www.transfermarkt.de/psv-eindhoven/kader/verein/383/saison_id/2026/plus/1,7dbc9bc024c3964913cf46e2f5d6226c804517cab0a7075d3a81e7c5d0c8053a,2026-09-12
NED1,PSV Eindhoven,Amir Bouhamdi,1146474,REVIEW_REQUIRED,CLUB_CONFLICT,383,9715,أمير بوحمدي,2008-06-17,Marokko Niederlande,,,https://www.transfermarkt.de/amir-bouhamdi/profil/spieler/1146474,f4e24ed5e9a7ed5dbfa63b30d3e8fc7e98aada1e416cb8181da734ca7f878788,https://www.transfermarkt.de/psv-eindhoven/kader/verein/383/saison_id/2026/plus/1,7dbc9bc024c3964913cf46e2f5d6226c804517cab0a7075d3a81e7c5d0c8053a,2026-09-12
NED1,SC Heerenveen,Timo Schreuder,946616,REVIEW_REQUIRED,CLUB_CONFLICT,306,24368,Timo Christian Schreuder,2006-09-25,Niederlande,,,https://www.transfermarkt.de/timo-schreuder/profil/spieler/946616,3bb981785e59e3128692088ee4a8c7a32b51738d9d449653163e82b76f06c28b,https://www.transfermarkt.de/sc-heerenveen/kader/verein/306/saison_id/2026/plus/1,c5575ac3b7544ec0b6c6c259e7a480f6feb44060499802d16479d9d38d1f4bf6,2026-09-12
NED1,SC Heerenveen,Jimte Scholten,951101,REVIEW_REQUIRED,CLUB_CONFLICT,306,24368,,2006-03-09,Niederlande,,,https://www.transfermarkt.de/jimte-scholten/profil/spieler/951101,9915347d2fcc0321dda1828a1bc3281076561046f30c539d70561a3012f8d4b9,https://www.transfermarkt.de/sc-heerenveen/kader/verein/306/saison_id/2026/plus/1,c5575ac3b7544ec0b6c6c259e7a480f6feb44060499802d16479d9d38d1f4bf6,2026-09-12
NED1,SC Heerenveen,Kirayno Schaken,1275103,REVIEW_REQUIRED,CLUB_CONFLICT,306,24368,,2008-08-08,Niederlande Suriname,,,https://www.transfermarkt.de/kirayno-schaken/profil/spieler/1275103,b2cf9e87d77e346ef5ef6c5bdb3d86905134abc88f7cc813baa53baae1cbdc60,https://www.transfermarkt.de/sc-heerenveen/kader/verein/306/saison_id/2026/plus/1,c5575ac3b7544ec0b6c6c259e7a480f6feb44060499802d16479d9d38d1f4bf6,2026-09-12
NED1,SC Telstar,Abdelraffie Benzzine,1086915,HIGH_CONFIDENCE,,1434,1434,,2006-04-04,Niederlande Marokko,,,https://www.transfermarkt.de/abdelraffie-benzzine/profil/spieler/1086915,73c64a2a986132fcb619427353fa1184b048ef61d560a6047edeecf81c409d4a,https://www.transfermarkt.de/sc-telstar/kader/verein/1434/saison_id/2026/plus/1,ae77e5dfbed0657e8ac7db9c5bfa54cdae9a9aa41389f9224cb5b1406e993f05,2026-09-12
NED1,SC Telstar,Gabi Caschili,648541,HIGH_CONFIDENCE,,1434,1434,Gabrielle Caschili,2003-07-14,Niederlande Italien,,,https://www.transfermarkt.de/gabi-caschili/profil/spieler/648541,32aebda1d903bd78fe1ea2ee28c3b7ad20418b68617585cebd6a224544c0ee51,https://www.transfermarkt.de/sc-telstar/kader/verein/1434/saison_id/2026/plus/1,ae77e5dfbed0657e8ac7db9c5bfa54cdae9a9aa41389f9224cb5b1406e993f05,2026-09-12
NED1,SC Telstar,Ar'jany Martha,572519,HIGH_CONFIDENCE,,1434,1434,Ar'jany Jainel Archenir Martha,2003-09-04,Curacao Niederlande,1194,,https://www.transfermarkt.de/arjany-martha/profil/spieler/572519,4697843863f4cd9c5908c168c110c23e5c4cc13a54d21692fee9ddb2f17487b7,https://www.transfermarkt.de/sc-telstar/kader/verein/1434/saison_id/2026/plus/1,ae77e5dfbed0657e8ac7db9c5bfa54cdae9a9aa41389f9224cb5b1406e993f05,2026-09-12
NED1,SC Telstar,Nökkvi Thórisson,381349,HIGH_CONFIDENCE,,1434,1434,Nökkvi Þeyr Þórisson,1999-08-13,Island,468,2028-06-30,https://www.transfermarkt.de/nokkvi-thorisson/profil/spieler/381349,80556b9e69f2617d2ec92ce488e35b108dacf4cd012ab456eb7fce5104f07a2c,https://www.transfermarkt.de/sc-telstar/kader/verein/1434/saison_id/2026/plus/1,ae77e5dfbed0657e8ac7db9c5bfa54cdae9a9aa41389f9224cb5b1406e993f05,2026-09-12
POR1,FC Porto,Duarte Cunha,1182538,REVIEW_REQUIRED,CLUB_CONFLICT,720,10331,Duarte Lopes da Cunha,2008-01-25,Portugal,,,https://www.transfermarkt.de/duarte-cunha/profil/spieler/1182538,5343a0e0e5f5ebb4d58b0be26714a07b61c180ab76a1fae2da5017462c9bbda9,https://www.transfermarkt.de/fc-porto/kader/verein/720/saison_id/2026/plus/1,f504c5834791d9c61a831eb02c7ad78c5d5b46e6bbc57108520832c20f2114e6,2026-09-12
POR1,Sporting Lissabon,Salvador Blopa,1294105,REVIEW_REQUIRED,CLUB_CONFLICT,336,10949,Salvador Uco Blopa,2007-06-13,Portugal,,,https://www.transfermarkt.de/salvador-blopa/profil/spieler/1294105,f623cfa1aa397140c2630f92de822fd8aec0c33748ffad3f3032e56a1798cda1,https://www.transfermarkt.de/sporting-lissabon/kader/verein/336/saison_id/2026/plus/1,fce120a2b046675218521683927dd5d73c66a22ed96ac121140956eb3bee30ba,2026-09-12
POR1,Sporting Lissabon,Geny Catamo,701979,HIGH_CONFIDENCE,,336,336,Geny Cipriano Catamo,2001-01-26,Mosambik,,,https://www.transfermarkt.de/geny-catamo/profil/spieler/701979,0ccbd358f2ab696042771bb227ad022a780a42cf661e32fc36f33e93050ed73c,https://www.transfermarkt.de/sporting-lissabon/kader/verein/336/saison_id/2026/plus/1,fce120a2b046675218521683927dd5d73c66a22ed96ac121140956eb3bee30ba,2026-09-12
POR1,Benfica Lissabon,Gabriel Índio,1464920,HIGH_CONFIDENCE,,294,294,,2008-07-26,Brasilien,,,https://www.transfermarkt.de/gabriel-indio/profil/spieler/1464920,46d2e17101af7fe0ba7a6180bf11d112c6e881024ac3e43ffa47db2086e66e83,https://www.transfermarkt.de/benfica-lissabon/kader/verein/294/saison_id/2026/plus/1,957c9f94e6a34a4cd8987a26892c35f410ec61ced30153d1842a28e3a5d61504,2026-09-12
POR1,Benfica Lissabon,José Neto,1233701,REVIEW_REQUIRED,CLUB_CONFLICT,294,10330,José Pedro Formoso Neto,2008-04-19,Portugal,,,https://www.transfermarkt.de/jose-neto/profil/spieler/1233701,02fdf1e26d68a1148c75b6894907718a9c82d290e9f83196d7bd06c685aaa248,https://www.transfermarkt.de/benfica-lissabon/kader/verein/294/saison_id/2026/plus/1,957c9f94e6a34a4cd8987a26892c35f410ec61ced30153d1842a28e3a5d61504,2026-09-12
POR1,Benfica Lissabon,Daniel Banjaqui,1134199,REVIEW_REQUIRED,CLUB_CONFLICT,294,10330,Daniel Armando Fonseca da Silva Banjaqui,2008-03-24,Portugal Guinea-Bissau,,,https://www.transfermarkt.de/daniel-banjaqui/profil/spieler/1134199,1713a5fc6ec2f6e5020d226bf300a9db4f0ee3a73d294a4d07449a4bedff576f,https://www.transfermarkt.de/benfica-lissabon/kader/verein/294/saison_id/2026/plus/1,957c9f94e6a34a4cd8987a26892c35f410ec61ced30153d1842a28e3a5d61504,2026-09-12
POR1,SC Braga,Sikou Niakaté,413118,HIGH_CONFIDENCE,,1075,1075,,1999-07-10,Mali Frankreich,,,https://www.transfermarkt.de/sikou-niakate/profil/spieler/413118,18773cfe077b0fb91009116d10f49e1c80cf8af7d9ef26656d880efe226ca8c7,https://www.transfermarkt.de/sc-braga/kader/verein/1075/saison_id/2026/plus/1,a179610f71e6ea7b41b62a1d2448a6aa9ceac20ea3d9356ad08e919d3506e2a7,2026-09-12
POR1,SC Braga,Víctor Gómez,495601,HIGH_CONFIDENCE,,1075,1075,Víctor Gómez Perea,2000-04-01,Spanien,,,https://www.transfermarkt.de/victor-gomez/profil/spieler/495601,13939cfeb6b4bf8d2bb93a6c55ad5232885375b26aa9d770cbcbf63e411ac5b1,https://www.transfermarkt.de/sc-braga/kader/verein/1075/saison_id/2026/plus/1,a179610f71e6ea7b41b62a1d2448a6aa9ceac20ea3d9356ad08e919d3506e2a7,2026-09-12
POR1,SC Braga,Gorby,631404,HIGH_CONFIDENCE,,1075,1075,,2002-07-25,Frankreich Haiti,,,https://www.transfermarkt.de/gorby/profil/spieler/631404,550374f0e65dd2749126401a811d82d2c82ed3ed4e2bc3e57ed2ba96f49dd9eb,https://www.transfermarkt.de/sc-braga/kader/verein/1075/saison_id/2026/plus/1,a179610f71e6ea7b41b62a1d2448a6aa9ceac20ea3d9356ad08e919d3506e2a7,2026-09-12
POR1,SC Braga,Ricardo Horta,261927,HIGH_CONFIDENCE,,1075,1075,Ricardo Jorge da Luz Horta,1994-09-15,Portugal,,,https://www.transfermarkt.de/ricardo-horta/profil/spieler/261927,e06aa235cfe31c3df1e6d13b73f65d306ebae96c9693d26cbbeaa95c732be260,https://www.transfermarkt.de/sc-braga/kader/verein/1075/saison_id/2026/plus/1,a179610f71e6ea7b41b62a1d2448a6aa9ceac20ea3d9356ad08e919d3506e2a7,2026-09-12
POR1,SC Braga,João Trovisco,959049,REVIEW_REQUIRED,CLUB_CONFLICT,1075,10789,João Pedro Costa Trovisco,2007-10-23,Portugal,,,https://www.transfermarkt.de/joao-trovisco/profil/spieler/959049,bcfd313b08375150ccbcb76e38861bbb2dd6d88cc77cda9d27c6930bcb42254f,https://www.transfermarkt.de/sc-braga/kader/verein/1075/saison_id/2026/plus/1,a179610f71e6ea7b41b62a1d2448a6aa9ceac20ea3d9356ad08e919d3506e2a7,2026-09-12
POR1,FC Famalicão,Matheus Mattara,1223956,REVIEW_REQUIRED,CLUB_CONFLICT,3329,75337,Matheus Mattara Colombo,2006-09-01,Brasilien Italien,,,https://www.transfermarkt.de/matheus-mattara/profil/spieler/1223956,b86b894e86d3ecca86aaf2a9ea95dd9a203fd44e9a41ced449532692b8795127,https://www.transfermarkt.de/fc-famalicao/kader/verein/3329/saison_id/2026/plus/1,52ed6f3f188fcbdc2398a013bd0aa1005388801741871711df5ab62761c66f72,2026-09-12
POR1,FC Famalicão,Pato,1150372,HIGH_CONFIDENCE,,3329,3329,,2004-02-17,Mexiko,3631,2028-06-30,https://www.transfermarkt.de/pato/profil/spieler/1150372,27601c4607ad4a203f019fb9b2e5851a583de10d2dfaa9573840804ee2c62a3c,https://www.transfermarkt.de/fc-famalicao/kader/verein/3329/saison_id/2026/plus/1,52ed6f3f188fcbdc2398a013bd0aa1005388801741871711df5ab62761c66f72,2026-09-12
POR1,Gil Vicente FC,Tiago Ferreira,1268194,REVIEW_REQUIRED,CLUB_CONFLICT,2424,15567,Tiago Rêgo Ferreira,2009-01-12,Portugal,,,https://www.transfermarkt.de/tiago-ferreira/profil/spieler/1268194,4387187db2fcd1c816ea3145834e71b42984e1ebf17c31694bb0fceea729195e,https://www.transfermarkt.de/gil-vicente-fc/kader/verein/2424/saison_id/2026/plus/1,e615ed113cbf0012df4490859c154266a50a72247c7f67c260f2f4ab6c49e4d1,2026-09-12
POR1,Gil Vicente FC,José Silva,1102159,HIGH_CONFIDENCE,,2424,2424,José Augusto Silva,2005-08-20,Portugal,,,https://www.transfermarkt.de/jose-silva/profil/spieler/1102159,c27a849ca82da4e6209bd167f69b5f9e8fd32361d92ce0fd77034e9b81d34dbc,https://www.transfermarkt.de/gil-vicente-fc/kader/verein/2424/saison_id/2026/plus/1,e615ed113cbf0012df4490859c154266a50a72247c7f67c260f2f4ab6c49e4d1,2026-09-12
POR1,Gil Vicente FC,Guilherme Gomes,1226703,HIGH_CONFIDENCE,,2424,2424,Guilherme Henrique Bernardineli Gomes,2006-02-02,Brasilien,,,https://www.transfermarkt.de/guilherme-gomes/profil/spieler/1226703,6f22746871b67118ed23a0a16f791329a7d3985efb2a709fc4822f1579435fac,https://www.transfermarkt.de/gil-vicente-fc/kader/verein/2424/saison_id/2026/plus/1,e615ed113cbf0012df4490859c154266a50a72247c7f67c260f2f4ab6c49e4d1,2026-09-12
POR1,Moreirense FC,Pedro Jesus,1580906,HIGH_CONFIDENCE,,979,979,Pedro Lucas Rodrigues Mendes de Jesus,2007-12-25,Brasilien,,,https://www.transfermarkt.de/pedro-jesus/profil/spieler/1580906,fa0400cd644a019043b7b78791005adc93820f6f4879f80729c07695a38426e1,https://www.transfermarkt.de/moreirense-fc/kader/verein/979/saison_id/2026/plus/1,9aa16aff197b371e36892b5321c0c1db769f09802a8338c111eb56304e7798bc,2026-09-12
POR1,Moreirense FC,Miguel Silva,1510255,REVIEW_REQUIRED,CLUB_CONFLICT,979,142579,Miguel Andrade Silva,2007-12-17,Portugal,,,https://www.transfermarkt.de/miguel-silva/profil/spieler/1510255,bf048d7dd832289f7223cf4e563239837e47dc06b368459cd9e1b7fcbc41bd9f,https://www.transfermarkt.de/moreirense-fc/kader/verein/979/saison_id/2026/plus/1,9aa16aff197b371e36892b5321c0c1db769f09802a8338c111eb56304e7798bc,2026-09-12
POR1,Moreirense FC,Chipyoka Songa,1072324,HIGH_CONFIDENCE,,979,979,,2004-09-24,Sambia,,,https://www.transfermarkt.de/chipyoka-songa/profil/spieler/1072324,1942674e3a19e7f6b84a60448e350c896236f0f078c403fa90e7680454122a5d,https://www.transfermarkt.de/moreirense-fc/kader/verein/979/saison_id/2026/plus/1,9aa16aff197b371e36892b5321c0c1db769f09802a8338c111eb56304e7798bc,2026-09-12
POR1,Moreirense FC,Afonso Vieira,958931,REVIEW_REQUIRED,CLUB_CONFLICT,979,142579,Afonso Fernandes Lopes Vieira,2007-01-12,Portugal,,,https://www.transfermarkt.de/afonso-vieira/profil/spieler/958931,7dc92e2d6dec24b6932ed52b27ecee6feb30ce15fb5d456126fc6db6aa176d8d,https://www.transfermarkt.de/moreirense-fc/kader/verein/979/saison_id/2026/plus/1,9aa16aff197b371e36892b5321c0c1db769f09802a8338c111eb56304e7798bc,2026-09-12
POR1,Moreirense FC,Alexandre Parsemain,811432,HIGH_CONFIDENCE,,979,979,Alexandre Nicolas Duville-Parsemain,2003-05-27,Martinique Frankreich,,,https://www.transfermarkt.de/alexandre-parsemain/profil/spieler/811432,677f085a91f131802d70efd810db649a02f929c3bad24dda85a4440abd7f58bc,https://www.transfermarkt.de/moreirense-fc/kader/verein/979/saison_id/2026/plus/1,9aa16aff197b371e36892b5321c0c1db769f09802a8338c111eb56304e7798bc,2026-09-12
POR1,FC Arouca,Si-hoo Park,1154528,HIGH_CONFIDENCE,,8024,8024,박시후,2007-08-18,Südkorea,,,https://www.transfermarkt.de/si-hoo-park/profil/spieler/1154528,516aab70238a5a4b975b99ccc9445b7cce3ecc0f4b450dc52ac60c2c0f300812,https://www.transfermarkt.de/fc-arouca/kader/verein/8024/saison_id/2026/plus/1,6d5fb999d4383d6530153089e5d24d04871a61220be98a161a65baf303fba2ae,2026-09-12
POR1,FC Arouca,Costinha,1582293,REVIEW_REQUIRED,CLUB_CONFLICT,8024,22265,,2008-08-04,Portugal,,,https://www.transfermarkt.de/costinha/profil/spieler/1582293,dab8f99b88704a1e944853bd92c294b76a8ccd5ce0fe61453f13845550f50e51,https://www.transfermarkt.de/fc-arouca/kader/verein/8024/saison_id/2026/plus/1,6d5fb999d4383d6530153089e5d24d04871a61220be98a161a65baf303fba2ae,2026-09-12
POR1,Vitória Guimarães SC,Francisco Dias,1335120,REVIEW_REQUIRED,CLUB_CONFLICT,2420,15136,Francisco Lagos Dias,2002-10-23,Portugal,,,https://www.transfermarkt.de/francisco-dias/profil/spieler/1335120,5274abe3ae554dc2129bada617d33a45613684cf3fab2584c8da9eea5e0226ad,https://www.transfermarkt.de/vitoria-guimaraes-sc/kader/verein/2420/saison_id/2026/plus/1,d099b13b522be7fac0425b4aea5d56eb91b99f04255377a276820a33f184d54a,2026-09-12
POR1,Vitória Guimarães SC,Rica Rocha,902869,REVIEW_REQUIRED,CLUB_CONFLICT,2420,15136,Ricardo Joaquim Ferreira Rocha,2003-09-07,Portugal,,,https://www.transfermarkt.de/rica-rocha/profil/spieler/902869,2d6114081ecf00accc2a3670ebbc81faed8ab51e5c7eeb6d48aaefa43ca30217,https://www.transfermarkt.de/vitoria-guimaraes-sc/kader/verein/2420/saison_id/2026/plus/1,d099b13b522be7fac0425b4aea5d56eb91b99f04255377a276820a33f184d54a,2026-09-12
POR1,Vitória Guimarães SC,Santi Verdi,1093061,HIGH_CONFIDENCE,,2420,2420,,2008-05-05,Portugal,,,https://www.transfermarkt.de/santi-verdi/profil/spieler/1093061,5f9b55be0b52b4330910a70797c48e1324fb081724deb3dbf0fe5febfb7cf285,https://www.transfermarkt.de/vitoria-guimaraes-sc/kader/verein/2420/saison_id/2026/plus/1,d099b13b522be7fac0425b4aea5d56eb91b99f04255377a276820a33f184d54a,2026-09-12
POR1,GD Estoril Praia,Diogo Dias,906307,HIGH_CONFIDENCE,,1465,1465,Diogo Alexandre Aranha Dias,2003-06-17,Portugal,,,https://www.transfermarkt.de/diogo-dias/profil/spieler/906307,04cf6925bec3a6cde18edcea2a8e4f23301455a3006837fa0331f4dc95bb32da,https://www.transfermarkt.de/gd-estoril-praia/kader/verein/1465/saison_id/2026/plus/1,1f4451857a09faf4bc5a12d1790c126a29e1c7346930e118c1c73d3f15c8f2d8,2026-09-12
POR1,GD Estoril Praia,Stelios Andreou,613964,HIGH_CONFIDENCE,,1465,1465,Στέλιος Ανδρέου,2002-07-24,Zypern Belgien,88,2029-06-30,https://www.transfermarkt.de/stelios-andreou/profil/spieler/613964,e55f5433e038c311ad887d8ef3d42636f307ae6bb489d58b3384ec0b280492a6,https://www.transfermarkt.de/gd-estoril-praia/kader/verein/1465/saison_id/2026/plus/1,1f4451857a09faf4bc5a12d1790c126a29e1c7346930e118c1c73d3f15c8f2d8,2026-09-12
POR1,GD Estoril Praia,Xavi Sintes,569876,HIGH_CONFIDENCE,,1465,1465,Xavier Sintes Egea,2001-08-05,Spanien,,,https://www.transfermarkt.de/xavi-sintes/profil/spieler/569876,a5b530393eea7bdbe6971dae0f42af829a5d90f59367d14a9116da711e06d19b,https://www.transfermarkt.de/gd-estoril-praia/kader/verein/1465/saison_id/2026/plus/1,1f4451857a09faf4bc5a12d1790c126a29e1c7346930e118c1c73d3f15c8f2d8,2026-09-12
POR1,GD Estoril Praia,Jordan Arnolin,1384113,REVIEW_REQUIRED,CLUB_CONFLICT,1465,68403,Jordan Miguel Silva Arnolin,2008-04-29,Portugal Martinique,,,https://www.transfermarkt.de/jordan-arnolin/profil/spieler/1384113,6f0575cbe09706eb1875f2850d64bb8bf5de0a994bd26902628f3ff55c5c1c3f,https://www.transfermarkt.de/gd-estoril-praia/kader/verein/1465/saison_id/2026/plus/1,1f4451857a09faf4bc5a12d1790c126a29e1c7346930e118c1c73d3f15c8f2d8,2026-09-12
POR1,GD Estoril Praia,Roko Jurisic,570721,HIGH_CONFIDENCE,,1465,1465,Roko Jurišić,2001-09-28,Kroatien,,,https://www.transfermarkt.de/roko-jurisic/profil/spieler/570721,c99b82d40b6f9ed439837516d5fefa673951d5b47415effd28bf08e27bf6649c,https://www.transfermarkt.de/gd-estoril-praia/kader/verein/1465/saison_id/2026/plus/1,1f4451857a09faf4bc5a12d1790c126a29e1c7346930e118c1c73d3f15c8f2d8,2026-09-12
POR1,GD Estoril Praia,Nail Omerovic,797824,HIGH_CONFIDENCE,,1465,1465,Nail Omerović,2002-10-20,Bosnien-Herzegowina,,,https://www.transfermarkt.de/nail-omerovic/profil/spieler/797824,0b85a25c47ba7f554ae324ed684d8b0667a24ca46202721da113cf9610d30af8,https://www.transfermarkt.de/gd-estoril-praia/kader/verein/1465/saison_id/2026/plus/1,1f4451857a09faf4bc5a12d1790c126a29e1c7346930e118c1c73d3f15c8f2d8,2026-09-12
POR1,GD Estoril Praia,Axel Camblan,924800,HIGH_CONFIDENCE,,1465,1465,Axel Jorge Serge Alain Camblan,2003-08-30,Frankreich,,,https://www.transfermarkt.de/axel-camblan/profil/spieler/924800,d8fda5333927b03469d8989ff95ed932c0494467f4a6e418fd9258513d851ed3,https://www.transfermarkt.de/gd-estoril-praia/kader/verein/1465/saison_id/2026/plus/1,1f4451857a09faf4bc5a12d1790c126a29e1c7346930e118c1c73d3f15c8f2d8,2026-09-12
POR1,GD Estoril Praia,Israel Salazar,634430,HIGH_CONFIDENCE,,1465,1465,Israel Salazar Píriz,2003-05-10,Spanien,,,https://www.transfermarkt.de/israel-salazar/profil/spieler/634430,899f34752b34ba5ece3535a1baeb89cf64f40beed85b54ee612462a2118243c9,https://www.transfermarkt.de/gd-estoril-praia/kader/verein/1465/saison_id/2026/plus/1,1f4451857a09faf4bc5a12d1790c126a29e1c7346930e118c1c73d3f15c8f2d8,2026-09-12
POR1,FC Alverca,Rayan Lucas,1087842,HIGH_CONFIDENCE,,2521,2521,,2005-01-03,Brasilien,,,https://www.transfermarkt.de/rayan-lucas/profil/spieler/1087842,3eb8740a77333f87b664d8238536feb7c2495ee9eaaf8c6168c850eec60303c2,https://www.transfermarkt.de/fc-alverca/kader/verein/2521/saison_id/2026/plus/1,7f5d01cde12ec5554a0cdae5ccc699031abd54d7e473e99ebf2c44e9a519b8ae,2026-09-12
POR1,FC Alverca,Tiago Octávio,742459,REVIEW_REQUIRED,CLUB_CONFLICT,2521,85471,Tiago André Facho Octávio,2004-07-08,Portugal,,,https://www.transfermarkt.de/tiago-octavio/profil/spieler/742459,abf4ae441d950ef44d037b95d6fd6e28de6d616a3ef10d3c38f168c8e8909f31,https://www.transfermarkt.de/fc-alverca/kader/verein/2521/saison_id/2026/plus/1,7f5d01cde12ec5554a0cdae5ccc699031abd54d7e473e99ebf2c44e9a519b8ae,2026-09-12
POR1,FC Alverca,Lucca Giuntini,1307181,REVIEW_REQUIRED,CLUB_CONFLICT,2521,85471,Lucca Giordano Giuntini Santiago,2005-12-07,Italien Brasilien,,,https://www.transfermarkt.de/lucca-giuntini/profil/spieler/1307181,a64cb6f84a2490503219513ecdb1f224721047a151f8ba5c925caf06d17d5aa9,https://www.transfermarkt.de/fc-alverca/kader/verein/2521/saison_id/2026/plus/1,7f5d01cde12ec5554a0cdae5ccc699031abd54d7e473e99ebf2c44e9a519b8ae,2026-09-12
POR1,FC Alverca,Rodrigo Catraio,1457605,REVIEW_REQUIRED,CLUB_CONFLICT,2521,85471,Rodrigo Maurício António Catraio,2005-06-04,Portugal,,,https://www.transfermarkt.de/rodrigo-catraio/profil/spieler/1457605,800ef37efd7fd901eb9fa566bfda3726d38241b5367de0a2c372adc8d3c573ec,https://www.transfermarkt.de/fc-alverca/kader/verein/2521/saison_id/2026/plus/1,7f5d01cde12ec5554a0cdae5ccc699031abd54d7e473e99ebf2c44e9a519b8ae,2026-09-12
POR1,Rio Ave FC,Zé Carlos,617679,HIGH_CONFIDENCE,,2425,2425,,1998-07-31,Portugal,,,https://www.transfermarkt.de/ze-carlos/profil/spieler/617679,977917a4c0cc2cc9191128a1d7289658bb94c53508873e24a4663ef16dca6de5,https://www.transfermarkt.de/rio-ave-fc/kader/verein/2425/saison_id/2026/plus/1,37a8a108e9b2165ce80a23cc2e2c874e6dbc5c341de869d1bdffc8cd3bf8f10c,2026-09-12
POR1,CD Santa Clara,Fredy,1077990,HIGH_CONFIDENCE,,2423,2423,,2006-05-25,Portugal,,,https://www.transfermarkt.de/fredy/profil/spieler/1077990,da9024c80085fc732ee5a11831a99c12db169a93dec2451dd467c6c8ea5a8fff,https://www.transfermarkt.de/cd-santa-clara/kader/verein/2423/saison_id/2026/plus/1,996787cc90623dddfd5c425ca2df6aae95f8fd62b8b5cfb03677a214be6550e2,2026-09-12
POR1,CD Santa Clara,Fernando,1091608,HIGH_CONFIDENCE,,2423,2423,,2005-04-12,Brasilien,,,https://www.transfermarkt.de/fernando/profil/spieler/1091608,b22c55f2723e0012af6107fe1f703ecb45c40f440ffb2b93b737bd5359937b3f,https://www.transfermarkt.de/cd-santa-clara/kader/verein/2423/saison_id/2026/plus/1,996787cc90623dddfd5c425ca2df6aae95f8fd62b8b5cfb03677a214be6550e2,2026-09-12
POR1,CD Nacional,Matias Silva,1582195,REVIEW_REQUIRED,CLUB_CONFLICT,982,15561,Pedro Matias Gouveia Silva,2008-11-21,Portugal,,,https://www.transfermarkt.de/matias-silva/profil/spieler/1582195,7c9a334f1b9ffea110186cc102535a32c7c090b22a4c1ab5ae649a1db037d139,https://www.transfermarkt.de/cd-nacional/kader/verein/982/saison_id/2026/plus/1,85c1a326ea7d9109ff431c2a95c9c0488100e0183b1e7c799d926c40ecb8dba6,2026-09-12
POR1,CD Nacional,Daniel Jr,746358,HIGH_CONFIDENCE,,982,982,,2002-05-09,Brasilien,,,https://www.transfermarkt.de/daniel-jr/profil/spieler/746358,77e1076ae4b957be2ee46748279e81e70c08a84bbb417c5cabda93a5f363f946,https://www.transfermarkt.de/cd-nacional/kader/verein/982/saison_id/2026/plus/1,85c1a326ea7d9109ff431c2a95c9c0488100e0183b1e7c799d926c40ecb8dba6,2026-09-12
POR1,CD Nacional,Watts,1047861,HIGH_CONFIDENCE,,982,982,,2005-07-14,Portugal Brasilien,,,https://www.transfermarkt.de/watts/profil/spieler/1047861,a49cbf8b95893f135926c2273db716dfc4c254198e8657f340307ed2247a5752,https://www.transfermarkt.de/cd-nacional/kader/verein/982/saison_id/2026/plus/1,85c1a326ea7d9109ff431c2a95c9c0488100e0183b1e7c799d926c40ecb8dba6,2026-09-12
POR1,CF Estrela Amadora,Bénito,768562,HIGH_CONFIDENCE,,2431,2431,,2003-08-21,Frankreich Kongo,,,https://www.transfermarkt.de/benito/profil/spieler/768562,bbaa708af7a31a7e761cd7fe1504987117052296dc7bc2ad3ccd658392440c16,https://www.transfermarkt.de/cf-estrela-amadora/kader/verein/2431/saison_id/2026/plus/1,518e3a2e95f5774700d01db49dd50f80d4ccbc790493950412b68c785a7de654,2026-09-12
POR1,CF Estrela Amadora,Henrique Poniewas,1433067,REVIEW_REQUIRED,CLUB_CONFLICT,2431,101419,,2006-09-25,Brasilien Deutschland,,,https://www.transfermarkt.de/henrique-poniewas/profil/spieler/1433067,f2ed4bb3f9f2e1635128bbc9c4e26835c47527bca2e58732d2557fcd67eaba9e,https://www.transfermarkt.de/cf-estrela-amadora/kader/verein/2431/saison_id/2026/plus/1,518e3a2e95f5774700d01db49dd50f80d4ccbc790493950412b68c785a7de654,2026-09-12
POR1,Casa Pia AC,Kaly,1241219,HIGH_CONFIDENCE,,3268,3268,,2003-11-27,Angola,,,https://www.transfermarkt.de/kaly/profil/spieler/1241219,9f0f842e9faa0eaf5294f330272f903dba92895be802da4a6619ec64ccb69f80,https://www.transfermarkt.de/casa-pia-ac/kader/verein/3268/saison_id/2026/plus/1,a3e2a5277eff3871e27db7ef969d3905123f5c71aebb08128024f85e9a547b72,2026-09-12
POR1,Casa Pia AC,Gabi,567516,HIGH_CONFIDENCE,,3268,3268,,2000-04-18,Portugal,,,https://www.transfermarkt.de/gabi/profil/spieler/567516,6ae77096870082b49cae73cbf2b2463e308c2703dd6e668927d87b5c282c62fd,https://www.transfermarkt.de/casa-pia-ac/kader/verein/3268/saison_id/2026/plus/1,a3e2a5277eff3871e27db7ef969d3905123f5c71aebb08128024f85e9a547b72,2026-09-12
POR1,Casa Pia AC,Abdu Dafe,1534934,HIGH_CONFIDENCE,,3268,3268,Abdu Dafe,2008-06-10,Portugal,,,https://www.transfermarkt.de/abdu-dafe/profil/spieler/1534934,46c579b1eb19164fba01c8bd47c735adbdd421817e19ed2bb311f55e8cc9ae36,https://www.transfermarkt.de/casa-pia-ac/kader/verein/3268/saison_id/2026/plus/1,a3e2a5277eff3871e27db7ef969d3905123f5c71aebb08128024f85e9a547b72,2026-09-12
POR1,CS Marítimo,Francisco Silva,1100298,REVIEW_REQUIRED,CLUB_CONFLICT,1301,67837,Francisco Freitas Silva,2007-02-08,Portugal,,,https://www.transfermarkt.de/francisco-silva/profil/spieler/1100298,af7b1cfac2e0aa0b0d95c021d4f6e7af4a1a863ef63a1d3aea6a6a0089011bae,https://www.transfermarkt.de/cs-maritimo/kader/verein/1301/saison_id/2026/plus/1,5cfc233404ec9b89440eac630270b3e1ade7aaa468abf0d7c72a774e94f85e1b,2026-09-12
POR1,CS Marítimo,Nélio Batista,1210902,REVIEW_REQUIRED,CLUB_CONFLICT,1301,67837,Nélio Francisco Santos Batista,2009-01-14,Portugal,,,https://www.transfermarkt.de/nelio-batista/profil/spieler/1210902,3c33cdb42465e5b07b0c211218274c16dace8a4327bd2e18b36e66cd33f0cbf5,https://www.transfermarkt.de/cs-maritimo/kader/verein/1301/saison_id/2026/plus/1,5cfc233404ec9b89440eac630270b3e1ade7aaa468abf0d7c72a774e94f85e1b,2026-09-12
POR1,Académico Viseu FC,Ewerton,682047,HIGH_CONFIDENCE,,7788,7788,,1998-05-07,Brasilien,52519,2027-12-31,https://www.transfermarkt.de/ewerton/profil/spieler/682047,471ebc63c1268d07a5040fb6881062c3bd4814bf92beceaba52e6ba9da9a9317,https://www.transfermarkt.de/academico-viseu-fc/kader/verein/7788/saison_id/2026/plus/1,340241555ec1793a42690aa5ffe614fb73194989e73960db5786f409bd3783e4,2026-09-12
POR1,Académico Viseu FC,Anthony Correia,478357,HIGH_CONFIDENCE,,7788,7788,Anthony Paulo Rodrigues Correia,1999-09-06,Frankreich Portugal,,,https://www.transfermarkt.de/anthony-correia/profil/spieler/478357,ba67c2a47f911cb1743d7a1803db507b08d4246d32766c0ceaf31e6482874acf,https://www.transfermarkt.de/academico-viseu-fc/kader/verein/7788/saison_id/2026/plus/1,340241555ec1793a42690aa5ffe614fb73194989e73960db5786f409bd3783e4,2026-09-12
POR1,Académico Viseu FC,Mohamed Bouldini,211628,HIGH_CONFIDENCE,,7788,7788,محمد بولديني,1995-11-27,Marokko,,,https://www.transfermarkt.de/mohamed-bouldini/profil/spieler/211628,2e794db9c874f662a1b1740acaa0f324fb151e8512818b398c9a21f289d3556e,https://www.transfermarkt.de/academico-viseu-fc/kader/verein/7788/saison_id/2026/plus/1,340241555ec1793a42690aa5ffe614fb73194989e73960db5786f409bd3783e4,2026-09-12
TUR1,Galatasaray,Berat Luş,1076981,HIGH_CONFIDENCE,,141,141,,2007-04-20,Türkei,,,https://www.transfermarkt.de/berat-lus/profil/spieler/1076981,c040ab36c886f0f22deb75357ebfd5a6eaef8725f049a8d74708d331167d4318,https://www.transfermarkt.de/galatasaray/kader/verein/141/saison_id/2026/plus/1,66f1195fdd6d32bc947bb726ca4925adf5e39b928cebbb291569108f880a8f16,2026-09-12
TUR1,Galatasaray,Ada Yüzgeç,1223334,HIGH_CONFIDENCE,,141,141,,2009-04-03,Türkei,,,https://www.transfermarkt.de/ada-yuzgec/profil/spieler/1223334,96097e73be7447dad92b20d893548ec548f3a612110377bebcfcb7270476ac98,https://www.transfermarkt.de/galatasaray/kader/verein/141/saison_id/2026/plus/1,66f1195fdd6d32bc947bb726ca4925adf5e39b928cebbb291569108f880a8f16,2026-09-12
TUR1,Trabzonspor,Erol Can Çolak,1152080,HIGH_CONFIDENCE,,449,449,,2006-01-02,Türkei,,,https://www.transfermarkt.de/erol-can-colak/profil/spieler/1152080,bb2f860c6cffda45a0a8c0c564b1368fb9dee3bee1dbd60aec38669552f790a6,https://www.transfermarkt.de/trabzonspor/kader/verein/449/saison_id/2026/plus/1,46d6b6df3f94c27fce5372bec00addc6ddbe5736f874af98f7a926a67acd515f,2026-09-12
TUR1,Trabzonspor,Cihan Çanak,743376,HIGH_CONFIDENCE,,449,449,,2005-01-24,Türkei Belgien,,,https://www.transfermarkt.de/cihan-canak/profil/spieler/743376,bbf514a5258741d59d11a33ee81dc105cda39666b24dae4d12281b98dd717592,https://www.transfermarkt.de/trabzonspor/kader/verein/449/saison_id/2026/plus/1,46d6b6df3f94c27fce5372bec00addc6ddbe5736f874af98f7a926a67acd515f,2026-09-12
TUR1,Besiktas JK,Ahmet Sami Bircan,1076666,HIGH_CONFIDENCE,,114,114,,2007-01-24,Türkei,,,https://www.transfermarkt.de/ahmet-sami-bircan/profil/spieler/1076666,0d622a9832d566d69f5ed165e4681c3e27d785d2cd4e688a600904f4a716b63c,https://www.transfermarkt.de/besiktas-jk/kader/verein/114/saison_id/2026/plus/1,f46df64dc3feb409a79ae254926c9517fdba2f5e40a9e4ebf8000fc6f191e791,2026-09-12
TUR1,Basaksehir FK,Ege Öztürk,1245279,HIGH_CONFIDENCE,,6890,6890,,2007-12-04,Türkei,,,https://www.transfermarkt.de/ege-ozturk/profil/spieler/1245279,deb33d390bfd423943a146433f43053946167271cbd7f468bbe3b039681905c0,https://www.transfermarkt.de/basaksehir-fk/kader/verein/6890/saison_id/2026/plus/1,ce3135bc2b2b9daa2d2bea05e7e218c5933214f172404552d071997b77f3b230,2026-09-12
TUR1,Göztepe,Tino Anjorin,433181,HIGH_CONFIDENCE,,1467,1467,Faustino Adebola Rasheed Anjorin,2001-11-23,England Nigeria,416,2028-06-30,https://www.transfermarkt.de/tino-anjorin/profil/spieler/433181,082b2a445b8a4a71d5c62ac0ccb3831826e5168d7261f46f6226044404ab39d8,https://www.transfermarkt.de/goztepe/kader/verein/1467/saison_id/2026/plus/1,7e750ea20c17f8114b86f2de82ca9a2830fe95988c05d73fe5e72a2f70c29e0f,2026-09-12
TUR1,Göztepe,Bekir Turaç Böke,500972,HIGH_CONFIDENCE,,1467,1467,,1999-06-21,Türkei,,,https://www.transfermarkt.de/bekir-turac-boke/profil/spieler/500972,892045712c6391d976054c633d9032f45424aa7bcafbeb83526fb509c180ce6a,https://www.transfermarkt.de/goztepe/kader/verein/1467/saison_id/2026/plus/1,7e750ea20c17f8114b86f2de82ca9a2830fe95988c05d73fe5e72a2f70c29e0f,2026-09-12
TUR1,Samsunspor,Efe Yiğit Üstün,1237420,HIGH_CONFIDENCE,,152,152,,2008-05-07,Türkei,,,https://www.transfermarkt.de/efe-yigit-ustun/profil/spieler/1237420,686f01bbf6404c0988831e8e8b78fdc5c1d7aec597f837dc9d272fab8d8e6199,https://www.transfermarkt.de/samsunspor/kader/verein/152/saison_id/2026/plus/1,4e99640342d6c03de82a839147f9c53a0cc4bc14523c727d2894fc2df5432171,2026-09-12
TUR1,Samsunspor,Mustafa Tan,1161013,HIGH_CONFIDENCE,,152,152,Haluk Mustafa Tan,2005-04-27,Türkei,,,https://www.transfermarkt.de/mustafa-tan/profil/spieler/1161013,1ff017cd782325d9b93feedfa47f16dbe78c830b201ca05071dd08aa2fc72441,https://www.transfermarkt.de/samsunspor/kader/verein/152/saison_id/2026/plus/1,4e99640342d6c03de82a839147f9c53a0cc4bc14523c727d2894fc2df5432171,2026-09-12
TUR1,Samsunspor,Mohamed Bayo,594991,HIGH_CONFIDENCE,,152,152,Mohamed Lamine Bayo,1998-06-04,Guinea Frankreich,,,https://www.transfermarkt.de/mohamed-bayo/profil/spieler/594991,e011d8855bc74c03eade9a8db7eacd40a8bdae307888e9fef63090b3d393e8c1,https://www.transfermarkt.de/samsunspor/kader/verein/152/saison_id/2026/plus/1,4e99640342d6c03de82a839147f9c53a0cc4bc14523c727d2894fc2df5432171,2026-09-12
TUR1,Samsunspor,Fatih Kaya,368825,HIGH_CONFIDENCE,,152,152,,1999-11-13,Deutschland Türkei,,,https://www.transfermarkt.de/fatih-kaya/profil/spieler/368825,ec71fd84083ed539d37c08a14bd3ce418c255d36f9af541c412e8d37af742d18,https://www.transfermarkt.de/samsunspor/kader/verein/152/saison_id/2026/plus/1,4e99640342d6c03de82a839147f9c53a0cc4bc14523c727d2894fc2df5432171,2026-09-12
TUR1,Caykur Rizespor,Hasan Yağız Döne,1581401,HIGH_CONFIDENCE,,126,126,,2010-09-17,Türkei,,,https://www.transfermarkt.de/hasan-yagiz-done/profil/spieler/1581401,66c03035186e0472c2192489ce1a79709d6a7cb592ae617701aefc30717c49f0,https://www.transfermarkt.de/caykur-rizespor/kader/verein/126/saison_id/2026/plus/1,61fa6e9a84b4e36b36da70c3e8971eaf7870792667b136d236163fc072296fda,2026-09-12
TUR1,Caykur Rizespor,Can Bozdogan,406609,HIGH_CONFIDENCE,,126,126,Can Bozdoğan,2001-04-05,Deutschland Türkei,,,https://www.transfermarkt.de/can-bozdogan/profil/spieler/406609,bdd33c774e066bbc449ec64f5f5488d0ddf90e689d539ee88ed693c1bd5f4d12,https://www.transfermarkt.de/caykur-rizespor/kader/verein/126/saison_id/2026/plus/1,61fa6e9a84b4e36b36da70c3e8971eaf7870792667b136d236163fc072296fda,2026-09-12
TUR1,Caykur Rizespor,Gennaro Borrelli,459988,HIGH_CONFIDENCE,,126,126,,2000-03-10,Italien,1390,2029-06-30,https://www.transfermarkt.de/gennaro-borrelli/profil/spieler/459988,e618c7bb6efa0d1ae214e21eb63cdae6ac05344a996688bafa943fc19776619d,https://www.transfermarkt.de/caykur-rizespor/kader/verein/126/saison_id/2026/plus/1,61fa6e9a84b4e36b36da70c3e8971eaf7870792667b136d236163fc072296fda,2026-09-12
TUR1,Caykur Rizespor,Mustafa Coşkun Tosun,1474364,HIGH_CONFIDENCE,,126,126,,2009-01-06,Türkei,,,https://www.transfermarkt.de/mustafa-coskun-tosun/profil/spieler/1474364,d97a388c86aaca7605be090261b7a18ddda5a634f4b18b9b494dd35bca7a1ce4,https://www.transfermarkt.de/caykur-rizespor/kader/verein/126/saison_id/2026/plus/1,61fa6e9a84b4e36b36da70c3e8971eaf7870792667b136d236163fc072296fda,2026-09-12
TUR1,Konyaspor,Emir Gündoğdu,1347138,HIGH_CONFIDENCE,,2293,2293,,2009-10-16,Türkei,,,https://www.transfermarkt.de/emir-gundogdu/profil/spieler/1347138,bd84c39c4a366244882819eafb1d6addc14faf54ed6b16261dbc2de7c796ab4b,https://www.transfermarkt.de/konyaspor/kader/verein/2293/saison_id/2026/plus/1,069dc7281d9365629f14ccbc97a6efb86e052d5f21328d42e8d7b49edfa417e6,2026-09-12
TUR1,Konyaspor,Ömer Çobanoğlu,1304052,HIGH_CONFIDENCE,,2293,2293,,2007-07-04,Türkei,,,https://www.transfermarkt.de/omer-cobanoglu/profil/spieler/1304052,caea011e382abe888648e08f7c94c486cff9e762d76790887560e40d47729c07,https://www.transfermarkt.de/konyaspor/kader/verein/2293/saison_id/2026/plus/1,069dc7281d9365629f14ccbc97a6efb86e052d5f21328d42e8d7b49edfa417e6,2026-09-12
TUR1,Konyaspor,Diogo Gonçalves,258015,HIGH_CONFIDENCE,,2293,2293,Diogo António Cupido Gonçalves,1997-02-06,Portugal,,,https://www.transfermarkt.de/diogo-goncalves/profil/spieler/258015,26f5151ad0ec112365aff4efc6692e459b3b36ba443f847c7fc291300968267e,https://www.transfermarkt.de/konyaspor/kader/verein/2293/saison_id/2026/plus/1,069dc7281d9365629f14ccbc97a6efb86e052d5f21328d42e8d7b49edfa417e6,2026-09-12
TUR1,Kocaelispor,Talha Polat,1423296,HIGH_CONFIDENCE,,120,120,,2006-11-17,Türkei,,,https://www.transfermarkt.de/talha-polat/profil/spieler/1423296,099622816efa8a1a304005854b4b03a01fba39f1992a258d577af181dc38c379,https://www.transfermarkt.de/kocaelispor/kader/verein/120/saison_id/2026/plus/1,bda2ed30c80e868d465811681293fb83205ade381ad18055d9cd750ca9ce7817,2026-09-12
TUR1,Kocaelispor,Hulusi Destici,1438140,HIGH_CONFIDENCE,,120,120,,2008-08-06,Türkei,,,https://www.transfermarkt.de/hulusi-destici/profil/spieler/1438140,5456f3e338421732f3b20a615d23e06847caa5d58c87e0642ac5c335db780393,https://www.transfermarkt.de/kocaelispor/kader/verein/120/saison_id/2026/plus/1,bda2ed30c80e868d465811681293fb83205ade381ad18055d9cd750ca9ce7817,2026-09-12
TUR1,Kocaelispor,Arda Özyar,1303365,HIGH_CONFIDENCE,,120,120,,2007-04-16,Türkei,,,https://www.transfermarkt.de/arda-ozyar/profil/spieler/1303365,b146ccbdd801b2367e1f34b7b97e7c09debe93dc0e96aa2c57aa83dc768523ad,https://www.transfermarkt.de/kocaelispor/kader/verein/120/saison_id/2026/plus/1,bda2ed30c80e868d465811681293fb83205ade381ad18055d9cd750ca9ce7817,2026-09-12
TUR1,Alanyaspor,Mahmut Can Kara,1175619,HIGH_CONFIDENCE,,11282,11282,,2006-01-01,Türkei,,,https://www.transfermarkt.de/mahmut-can-kara/profil/spieler/1175619,f9f619cf8a60751e396afc6ec4c3182c2d3b6bd8ad4a6755a535cc800c19cddd,https://www.transfermarkt.de/alanyaspor/kader/verein/11282/saison_id/2026/plus/1,433f3e66ff8083db45d3eda79b081cc9c234137060d5070be407da48d877ae43,2026-09-12
TUR1,Alanyaspor,Arouna Soro,1577095,HIGH_CONFIDENCE,,11282,11282,Arouna Kigbafory Soro,2007-07-12,Elfenbeinküste,,,https://www.transfermarkt.de/arouna-soro/profil/spieler/1577095,c4577c90883e60ab1e2f88342c5fd9d8f4e9201c71170b6c5bd8f5d63562c43b,https://www.transfermarkt.de/alanyaspor/kader/verein/11282/saison_id/2026/plus/1,433f3e66ff8083db45d3eda79b081cc9c234137060d5070be407da48d877ae43,2026-09-12
TUR1,Gaziantep FK,İbrahim Kağan Alkış,1181959,HIGH_CONFIDENCE,,2832,2832,,2006-01-01,Türkei,,,https://www.transfermarkt.de/ibrahim-kagan-alkis/profil/spieler/1181959,16da470fa60024442581b9264c6ca3d6ecb1cf53c77d2eff693976cb136d6c8d,https://www.transfermarkt.de/gaziantep-fk/kader/verein/2832/saison_id/2026/plus/1,81446f340c520f2c5aff4253c251edc727d259530fe5221a6b24ee6cfb9e01e1,2026-09-12
TUR1,Gaziantep FK,Cemilhan Aslan,1197999,HIGH_CONFIDENCE,,2832,2832,,2008-05-07,Türkei,,,https://www.transfermarkt.de/cemilhan-aslan/profil/spieler/1197999,c8cca23fbca4d331ecc285be6e8c2cde3e84aa681434676430e754996f361722,https://www.transfermarkt.de/gaziantep-fk/kader/verein/2832/saison_id/2026/plus/1,81446f340c520f2c5aff4253c251edc727d259530fe5221a6b24ee6cfb9e01e1,2026-09-12
TUR1,Gaziantep FK,Abakar Sylla,962555,HIGH_CONFIDENCE,,2832,2832,Abakar Loubadhe Sylla,2002-12-25,Elfenbeinküste,,,https://www.transfermarkt.de/abakar-sylla/profil/spieler/962555,37845a192952312c9c0a1eba739f019de2bc43ec65994172510be1791406fe14,https://www.transfermarkt.de/gaziantep-fk/kader/verein/2832/saison_id/2026/plus/1,81446f340c520f2c5aff4253c251edc727d259530fe5221a6b24ee6cfb9e01e1,2026-09-12
TUR1,Gaziantep FK,Burak Enes Yıkıcı,952093,HIGH_CONFIDENCE,,2832,2832,,2004-03-29,Türkei,,,https://www.transfermarkt.de/burak-enes-yikici/profil/spieler/952093,19f3036e8495e528beff991771e4fa84aef6e1861a3c8099b30829408f71805e,https://www.transfermarkt.de/gaziantep-fk/kader/verein/2832/saison_id/2026/plus/1,81446f340c520f2c5aff4253c251edc727d259530fe5221a6b24ee6cfb9e01e1,2026-09-12
TUR1,Gaziantep FK,Muhammet Akmelek,1474871,HIGH_CONFIDENCE,,2832,2832,,2009-06-06,Türkei,,,https://www.transfermarkt.de/muhammet-akmelek/profil/spieler/1474871,3b7b5c4fbf26e774dbb237503e968ebc7a23cb497a16b6f7cbb42b88d7980b85,https://www.transfermarkt.de/gaziantep-fk/kader/verein/2832/saison_id/2026/plus/1,81446f340c520f2c5aff4253c251edc727d259530fe5221a6b24ee6cfb9e01e1,2026-09-12
TUR1,Gaziantep FK,Kadir Gümüş,1581187,HIGH_CONFIDENCE,,2832,2832,,2003-11-15,Türkei,,,https://www.transfermarkt.de/kadir-gumus/profil/spieler/1581187,f6136a6f94437f6cae55b6725583d73ff56fd523e6323b2fb503f1b74a9816e5,https://www.transfermarkt.de/gaziantep-fk/kader/verein/2832/saison_id/2026/plus/1,81446f340c520f2c5aff4253c251edc727d259530fe5221a6b24ee6cfb9e01e1,2026-09-12
TUR1,Kasimpasa,Salih Arıcı,1438186,HIGH_CONFIDENCE,,10484,10484,Ahmet Salih Arıcı,2008-03-27,Türkei,,,https://www.transfermarkt.de/salih-arici/profil/spieler/1438186,32a68f195ce984f80a80c9ee24d3e85139fa13e75c700c1c9ef0701a9edd9f45,https://www.transfermarkt.de/kasimpasa/kader/verein/10484/saison_id/2026/plus/1,c67384cb86e5ab0489a71469deab8847f74c6c6c97729fe8853bfdf343f41060,2026-09-12
TUR1,Kasimpasa,Muhammed Emin Bektaş,1315482,HIGH_CONFIDENCE,,10484,10484,,2006-07-01,Türkei,,,https://www.transfermarkt.de/muhammed-emin-bektas/profil/spieler/1315482,9cfe68b6bdf5a7f73bb269e494afee371d6af27790b4e5de6455e46a337dc186,https://www.transfermarkt.de/kasimpasa/kader/verein/10484/saison_id/2026/plus/1,c67384cb86e5ab0489a71469deab8847f74c6c6c97729fe8853bfdf343f41060,2026-09-12
TUR1,Genclerbirligi Ankara,Berk Deniz Çukurcu,1189059,HIGH_CONFIDENCE,,820,820,,2008-01-02,Türkei,,,https://www.transfermarkt.de/berk-deniz-cukurcu/profil/spieler/1189059,b92ff4bdafd4aa44424f8df037dd3e14bd46930adea9976c06d7dbd57ded24a5,https://www.transfermarkt.de/genclerbirligi-ankara/kader/verein/820/saison_id/2026/plus/1,9fb824ef54d8cf6c84b7b150acc7ac82c0b5fa7fc8222f7f3c24c366e83db062,2026-09-12
TUR1,Genclerbirligi Ankara,Rafael Luís,637803,HIGH_CONFIDENCE,,820,820,Rafael Filipe Gonçalves Soares Luís,2005-02-18,Portugal,,,https://www.transfermarkt.de/rafael-luis/profil/spieler/637803,ee86b636eca49feb7467be637ddc1026bc21620337df6378b7c4c9abbbedc879,https://www.transfermarkt.de/genclerbirligi-ankara/kader/verein/820/saison_id/2026/plus/1,9fb824ef54d8cf6c84b7b150acc7ac82c0b5fa7fc8222f7f3c24c366e83db062,2026-09-12
TUR1,Genclerbirligi Ankara,Ousmane Diabate,1489506,HIGH_CONFIDENCE,,820,820,,2007-09-24,Guinea,9253,,https://www.transfermarkt.de/ousmane-diabate/profil/spieler/1489506,cd0970c424a3bfbb8151bd549771a807132e190fe31d17b391531bd1013dee4c,https://www.transfermarkt.de/genclerbirligi-ankara/kader/verein/820/saison_id/2026/plus/1,9fb824ef54d8cf6c84b7b150acc7ac82c0b5fa7fc8222f7f3c24c366e83db062,2026-09-12
TUR1,Genclerbirligi Ankara,Prince Martor Jr.,1442800,HIGH_CONFIDENCE,,820,820,,2007-07-09,Liberia,,,https://www.transfermarkt.de/prince-martor-jr-/profil/spieler/1442800,c639664fdd6e57a06b5abf3a471dd9aa97771ef79c5d4f344e11ea96b6c2ee77,https://www.transfermarkt.de/genclerbirligi-ankara/kader/verein/820/saison_id/2026/plus/1,9fb824ef54d8cf6c84b7b150acc7ac82c0b5fa7fc8222f7f3c24c366e83db062,2026-09-12
TUR1,Genclerbirligi Ankara,Erk Aslan,1438144,HIGH_CONFIDENCE,,820,820,Erk Arda Aslan,2008-11-07,Türkei,,,https://www.transfermarkt.de/erk-aslan/profil/spieler/1438144,983e8a8fadcf18ad17a4dab6264bcca0c34b25a21ebf0ea5ef727747c53f7dcb,https://www.transfermarkt.de/genclerbirligi-ankara/kader/verein/820/saison_id/2026/plus/1,9fb824ef54d8cf6c84b7b150acc7ac82c0b5fa7fc8222f7f3c24c366e83db062,2026-09-12
TUR1,Genclerbirligi Ankara,Sékou Koïta,402010,HIGH_CONFIDENCE,,820,820,,1999-11-28,Mali,,,https://www.transfermarkt.de/sekou-koita/profil/spieler/402010,d85e5b1884e2ee6c9b12d93a3c1ec56010a79b688ba9e85cb006979891f80afe,https://www.transfermarkt.de/genclerbirligi-ankara/kader/verein/820/saison_id/2026/plus/1,9fb824ef54d8cf6c84b7b150acc7ac82c0b5fa7fc8222f7f3c24c366e83db062,2026-09-12
TUR1,Genclerbirligi Ankara,Ayaz Özcan,1437503,HIGH_CONFIDENCE,,820,820,Furkan Ayaz Özcan,2009-10-01,Türkei,,,https://www.transfermarkt.de/ayaz-ozcan/profil/spieler/1437503,c208ce368e2d89a5155ff97eaf5c3cbacfffb750b95e73d71dc9807a195eb303,https://www.transfermarkt.de/genclerbirligi-ankara/kader/verein/820/saison_id/2026/plus/1,9fb824ef54d8cf6c84b7b150acc7ac82c0b5fa7fc8222f7f3c24c366e83db062,2026-09-12
TUR1,Eyüpspor,Diabel Ndoye,1414664,HIGH_CONFIDENCE,,7160,7160,,2007-08-27,Senegal,,,https://www.transfermarkt.de/diabel-ndoye/profil/spieler/1414664,736e4b736b3d2cb950c1c93325af252ae2e5a87982a6a37c501d20705ca54a71,https://www.transfermarkt.de/eyupspor/kader/verein/7160/saison_id/2026/plus/1,f4f3375da68b82c3bad1b9efcd11d29ed67584c0d829b173c80cc388820bec9c,2026-09-12
TUR1,Eyüpspor,Berhan Kutlay Şatlı,1178853,HIGH_CONFIDENCE,,7160,7160,,2006-01-14,Türkei,,,https://www.transfermarkt.de/berhan-kutlay-satli/profil/spieler/1178853,46859891fa8f4fc6b0c466e8583b9191d0a220ccfee2465ba9f7da2580158025,https://www.transfermarkt.de/eyupspor/kader/verein/7160/saison_id/2026/plus/1,f4f3375da68b82c3bad1b9efcd11d29ed67584c0d829b173c80cc388820bec9c,2026-09-12
TUR1,Eyüpspor,Ömer Ahmet Ceyhan,1374186,HIGH_CONFIDENCE,,7160,7160,,2007-08-22,Türkei,,,https://www.transfermarkt.de/omer-ahmet-ceyhan/profil/spieler/1374186,089c7d0f4a30b82c32ee445e756fc76f16aed2d6e7e081780227c0bd821773bc,https://www.transfermarkt.de/eyupspor/kader/verein/7160/saison_id/2026/plus/1,f4f3375da68b82c3bad1b9efcd11d29ed67584c0d829b173c80cc388820bec9c,2026-09-12
TUR1,Eyüpspor,Abdou Khadre Sy,1414677,HIGH_CONFIDENCE,,7160,7160,,2007-12-15,Senegal,,,https://www.transfermarkt.de/abdou-khadre-sy/profil/spieler/1414677,8e510bf181a7b035718b983c150eefabd4dd92eec78d33cbea831673253cc2ec,https://www.transfermarkt.de/eyupspor/kader/verein/7160/saison_id/2026/plus/1,f4f3375da68b82c3bad1b9efcd11d29ed67584c0d829b173c80cc388820bec9c,2026-09-12
TUR1,Erzurumspor FK,Ömer Arda Kara,1296109,HIGH_CONFIDENCE,,39722,39722,,2007-10-31,Türkei,,,https://www.transfermarkt.de/omer-arda-kara/profil/spieler/1296109,21965b5d96d558c0f3f4f0f59ecfee846d03d895568da0571d989136d4eb1191,https://www.transfermarkt.de/erzurumspor-fk/kader/verein/39722/saison_id/2026/plus/1,aaa2316b00aefef231faf95d7f3e3871f7c712aaa423cb88c256177acd6d2902,2026-09-12
TUR1,Erzurumspor FK,Yiğit Baran Karaoğlan,1487376,HIGH_CONFIDENCE,,39722,39722,,2006-02-16,Türkei,,,https://www.transfermarkt.de/yigit-baran-karaoglan/profil/spieler/1487376,1f5e4dba7655052890c4f030704ce18cca1020fc8b8291385afb93965f7774db,https://www.transfermarkt.de/erzurumspor-fk/kader/verein/39722/saison_id/2026/plus/1,aaa2316b00aefef231faf95d7f3e3871f7c712aaa423cb88c256177acd6d2902,2026-09-12
TUR1,Erzurumspor FK,Lawrence Agyekum,733410,HIGH_CONFIDENCE,,39722,39722,,2003-11-23,Ghana,520,2029-06-30,https://www.transfermarkt.de/lawrence-agyekum/profil/spieler/733410,1637c329489b513d0ada6a1ad0b4b66fe8f2aa153e0bdf89607c02dea1661f92,https://www.transfermarkt.de/erzurumspor-fk/kader/verein/39722/saison_id/2026/plus/1,aaa2316b00aefef231faf95d7f3e3871f7c712aaa423cb88c256177acd6d2902,2026-09-12
TUR1,Erzurumspor FK,Nariman Akhundzada,865793,HIGH_CONFIDENCE,,39722,39722,Nəriman Əhməd oğlu Axundzadə,2004-04-23,Aserbaidschan,813,2029-06-30,https://www.transfermarkt.de/nariman-akhundzada/profil/spieler/865793,19b21ff9e61a1db1d24b14e4c2e2b3aa34ee25240ae8e7d1a618719358aa86b6,https://www.transfermarkt.de/erzurumspor-fk/kader/verein/39722/saison_id/2026/plus/1,aaa2316b00aefef231faf95d7f3e3871f7c712aaa423cb88c256177acd6d2902,2026-09-12
TUR1,Amed SK,Muhammed Damar,1583411,HIGH_CONFIDENCE,,12382,12382,,2008-02-26,Türkei,,,https://www.transfermarkt.de/muhammed-damar/profil/spieler/1583411,099fd694bbacc785f7f38d37b6fb20bbe74106e9394ef4c9ae79e73cb51c409d,https://www.transfermarkt.de/amed-sk/kader/verein/12382/saison_id/2026/plus/1,1c63291a94e83ca8d551f2c91a8979d5cadd6cad24fc5cbcdc3500f54ff03b8e,2026-09-12
TUR1,Corum FK,Çağlar Söyüncü,320141,HIGH_CONFIDENCE,,37951,37951,Çağlar Söyüncü,1996-05-23,Türkei,,,https://www.transfermarkt.de/caglar-soyuncu/profil/spieler/320141,8551fcc660d3f39dc1f0d6e58d43194a8483f8f576d55f0e7ee788919eec4088,https://www.transfermarkt.de/corum-fk/kader/verein/37951/saison_id/2026/plus/1,09798c50638e371505f186cb7a6cb29472c2df6e777856de0739225fb6d74803,2026-09-12
TUR1,Corum FK,Furkan Çetinkaya,1476544,HIGH_CONFIDENCE,,37951,37951,,2009-03-03,Türkei,,,https://www.transfermarkt.de/furkan-cetinkaya/profil/spieler/1476544,9c05d427f4faed1efc8ca22bb04f4fc436901b206d536d457162410cdf3890f1,https://www.transfermarkt.de/corum-fk/kader/verein/37951/saison_id/2026/plus/1,09798c50638e371505f186cb7a6cb29472c2df6e777856de0739225fb6d74803,2026-09-12
TUR1,Corum FK,Hasanege Akdoğan,1197994,HIGH_CONFIDENCE,,37951,37951,,2008-03-08,Türkei,,,https://www.transfermarkt.de/hasanege-akdogan/profil/spieler/1197994,88cc0d43fd15aa9c6be7649a616dde5a6536fa3739930959420e221236bdb90f,https://www.transfermarkt.de/corum-fk/kader/verein/37951/saison_id/2026/plus/1,09798c50638e371505f186cb7a6cb29472c2df6e777856de0739225fb6d74803,2026-09-12
