player_tm_id,player,full_name,dob,club_tm_id,club,shirt_number,joined,contract_until,position,foot,height,nationality_text,loan_owner_tm_id,loan_owner,owner_contract_until,profile_notes,source_status,source,source_sha256,retrieved_at,snapshot_date,imported_at
79573,Sergio Padt,Sergio Vincenzo Roberto Padt,1990-06-06,200,FC Utrecht,22,2026-09-11,2028-06-30,Torwart,rechts,"1,92 m",Niederlande Italien,,,,"Name im Heimatland: Sergio Vincenzo Roberto Padt Geb./Alter: 06.06.1990 (36) Geburtsort: Amsterdam Größe: 1,92 m Staatsbürgerschaft: Niederlande Italien Position: Torwart Fuß: rechts Spielerberater: Muy Manero Aktueller Verein: FC Utrecht Im Team seit: 11.09.2026 Vertrag bis: 30.06.2028 Ausrüster: adidas Social Media:",CONFIRMED,https://www.transfermarkt.de/sergio-padt/profil/spieler/79573,069b287429c39b2e82aa96c3e32f4067dd0c59d02be14f90124bb40de453a984,2026-09-12T20:07:52.646514+00:00,2026-09-12,2026-09-12T20:15:01.423070+00:00
107665,Filip Novak,Filip Novák,1990-06-26,1322,FK Jablonec,57,2025-02-21,2027-06-30,Abwehr - Linker Verteidiger,links,"1,84 m",Tschechien,,,,"Name im Heimatland: Filip Novák Geb./Alter: 26.06.1990 (36) Geburtsort: Přerov Größe: 1,84 m Staatsbürgerschaft: Tschechien Position: Abwehr - Linker Verteidiger Fuß: links Spielerberater: SPORT INVEST Aktueller Verein: FK Jablonec Im Team seit: 21.02.2025 Vertrag bis: 30.06.2027 Ausrüster: Nike Social Media:",CONFIRMED,https://www.transfermarkt.de/filip-novak/profil/spieler/107665,c69c0dc8911eca0531b72da5db0cca21a191d6ff15952655509f2fd81b99b8ba,2026-09-12T20:07:53.779933+00:00,2026-09-12,2026-09-12T20:15:01.651483+00:00
137326,Hendrik Van Crombrugge,,1993-04-30,1184,KRC Genk,,2023-07-18,2027-06-30,Torwart,links,"1,89 m",Belgien,,,,"Geb./Alter: 30.04.1993 (33) Geburtsort: Leuven Größe: 1,89 m Staatsbürgerschaft: Belgien Position: Torwart Fuß: links Spielerberater: Stirr Associates Aktueller Verein: KRC Genk Im Team seit: 18.07.2023 Vertrag bis: 30.06.2027 Vertragsoption: vereinsseitig 1 Jahr Letzte Verlängerung: 03.12.2024 Social Media:",CONFIRMED,https://www.transfermarkt.de/hendrik-van-crombrugge/profil/spieler/137326,887d4eb1c734fae4cc0ff9bb8c1fa8f97974c92cac7d2a0bcb85eb1db858f608,2026-09-12T20:07:54.673677+00:00,2026-09-12,2026-09-12T20:15:01.860530+00:00
211628,Mohamed Bouldini,محمد بولديني,1995-11-27,7788,Académico Viseu FC,9,2026-08-05,2027-06-30,Sturm - Mittelstürmer,rechts,"1,87 m",Marokko,,,,"Name im Heimatland: محمد بولديني Geb./Alter: 27.11.1995 (30) Geburtsort: Casablanca Größe: 1,87 m Staatsbürgerschaft: Marokko Position: Sturm - Mittelstürmer Fuß: rechts Spielerberater: MRH Football Agency Aktueller Verein: Académico Viseu FC Im Team seit: 05.08.2026 Vertrag bis: 30.06.2027",CONFIRMED,https://www.transfermarkt.de/mohamed-bouldini/profil/spieler/211628,2e794db9c874f662a1b1740acaa0f324fb151e8512818b398c9a21f289d3556e,2026-09-12T20:07:55.768680+00:00,2026-09-12,2026-09-12T20:15:02.073600+00:00
250591,Arno Verschueren,,1997-04-08,28643,SK Beveren,24,2026-09-01,2029-06-30,Mittelfeld - Offensives Mittelfeld,rechts,"1,85 m",Belgien,,,,"Geb./Alter: 08.04.1997 (29) Geburtsort: Lier Größe: 1,85 m Staatsbürgerschaft: Belgien Position: Mittelfeld - Offensives Mittelfeld Fuß: rechts Spielerberater: Stirr Associates Aktueller Verein: SK Beveren Im Team seit: 01.09.2026 Vertrag bis: 30.06.2029 Social Media:",CONFIRMED,https://www.transfermarkt.de/arno-verschueren/profil/spieler/250591,7078864e5021e0850aeda883986c7137af10be571299d7cca444be18682fd165,2026-09-12T20:07:56.787881+00:00,2026-09-12,2026-09-12T20:15:02.281637+00:00
251878,Aarón Martín,Aarón Martín Caricol,1997-04-22,630,Racing Santander,3,2026-09-01,2027-06-30,Abwehr - Linker Verteidiger,links,"1,78 m",Spanien,,,,"Name im Heimatland: Aarón Martín Caricol Geb./Alter: 22.04.1997 (29) Geburtsort: Montmeló Größe: 1,78 m Staatsbürgerschaft: Spanien Position: Abwehr - Linker Verteidiger Fuß: links Spielerberater: PlayOn Aktueller Verein: Racing Santander Im Team seit: 01.09.2026 Vertrag bis: 30.06.2027 Vertragsoption: ein weiteres Jahr",CONFIRMED,https://www.transfermarkt.de/aaron-martin/profil/spieler/251878,ead1253cf35a7d20bf56286ea58488bdf222c68d055b67feb0b4a6131278d2ca,2026-09-12T20:07:57.651997+00:00,2026-09-12,2026-09-12T20:15:02.535793+00:00
255508,Iñaki Williams,Iñaki Williams Arthuer,1994-06-15,621,Athletic Bilbao,9,2015-07-01,2028-06-30,Sturm - Mittelstürmer,rechts,"1,86 m",Ghana Spanien,,,,"Name im Heimatland: Iñaki Williams Arthuer Geb./Alter: 15.06.1994 (32) Geburtsort: Bilbao Größe: 1,86 m Staatsbürgerschaft: Ghana Spanien Position: Sturm - Mittelstürmer Fuß: rechts Aktueller Verein: Athletic Bilbao Im Team seit: 01.07.2015 Vertrag bis: 30.06.2028 Letzte Verlängerung: 12.08.2019 Ausrüster: Nike Social Media:",CONFIRMED,https://www.transfermarkt.de/inaki-williams/profil/spieler/255508,b709c23edd9e1033bcb4e33c08125f9951acbc3766cc809f40ca322888b4c8d6,2026-09-12T20:07:58.613060+00:00,2026-09-12,2026-09-12T20:15:02.799982+00:00
258015,Diogo Gonçalves,Diogo António Cupido Gonçalves,1997-02-06,2293,Konyaspor,7,2026-02-05,2028-06-30,Mittelfeld - Offensives Mittelfeld,rechts,"1,78 m",Portugal,,,,"Name im Heimatland: Diogo António Cupido Gonçalves Geb./Alter: 06.02.1997 (29) Geburtsort: Almodôvar Größe: 1,78 m Staatsbürgerschaft: Portugal Position: Mittelfeld - Offensives Mittelfeld Fuß: rechts Spielerberater: Traquifoot Aktueller Verein: Konyaspor Im Team seit: 05.02.2026 Vertrag bis: 30.06.2028 Social Media:",CONFIRMED,https://www.transfermarkt.de/diogo-goncalves/profil/spieler/258015,26f5151ad0ec112365aff4efc6692e459b3b36ba443f847c7fc291300968267e,2026-09-12T20:07:59.552940+00:00,2026-09-12,2026-09-12T20:15:03.023107+00:00
261927,Ricardo Horta,Ricardo Jorge da Luz Horta,1994-09-15,1075,SC Braga,21,2017-07-18,2028-06-30,Mittelfeld - Offensives Mittelfeld,rechts,"1,73 m",Portugal,,,,"Name im Heimatland: Ricardo Jorge da Luz Horta Geb./Alter: 15.09.1994 (31) Geburtsort: Almada Größe: 1,73 m Staatsbürgerschaft: Portugal Position: Mittelfeld - Offensives Mittelfeld Fuß: rechts Spielerberater: Proeleven S.A. Aktueller Verein: SC Braga Im Team seit: 18.07.2017 Vertrag bis: 30.06.2028 Letzte Verlängerung: 05.04.2023 Social Media:",CONFIRMED,https://www.transfermarkt.de/ricardo-horta/profil/spieler/261927,e06aa235cfe31c3df1e6d13b73f65d306ebae96c9693d26cbbeaa95c732be260,2026-09-12T20:08:00.511573+00:00,2026-09-12,2026-09-12T20:15:03.246335+00:00
272619,Romain Cagnon,,1997-05-12,3911,Stade Brest 29,49,2026-08-19,2027-06-30,Torwart,rechts,"1,90 m",Frankreich,,,,"Geb./Alter: 12.05.1997 (29) Geburtsort: Angers Größe: 1,90 m Staatsbürgerschaft: Frankreich Position: Torwart Fuß: rechts Spielerberater: M.Y Management & ... Aktueller Verein: Stade Brest 29 Im Team seit: 19.08.2026 Vertrag bis: 30.06.2027 Social Media:",CONFIRMED,https://www.transfermarkt.de/romain-cagnon/profil/spieler/272619,dd5a290c2ea07eebda93410295d4966a56c232a72a55a3218f14ee4b4ef3b29e,2026-09-12T20:08:01.708481+00:00,2026-09-12,2026-09-12T20:15:03.497237+00:00
320141,Çağlar Söyüncü,Çağlar Söyüncü,1996-05-23,37951,Corum FK,2,2026-09-04,2028-06-30,Abwehr - Innenverteidiger,beidfüßig,"1,85 m",Türkei,,,,"Name im Heimatland: Çağlar Söyüncü Geb./Alter: 23.05.1996 (30) Geburtsort: İzmir Größe: 1,85 m Staatsbürgerschaft: Türkei Position: Abwehr - Innenverteidiger Fuß: beidfüßig Spielerberater: THE·TEAM Aktueller Verein: Corum FK Im Team seit: 04.09.2026 Vertrag bis: 30.06.2028 Ausrüster: Nike Social Media:",CONFIRMED,https://www.transfermarkt.de/caglar-soyuncu/profil/spieler/320141,8551fcc660d3f39dc1f0d6e58d43194a8483f8f576d55f0e7ee788919eec4088,2026-09-12T20:08:02.641223+00:00,2026-09-12,2026-09-12T20:15:03.718287+00:00
357156,Diogo Leite,Diogo Filipe Monteiro Pinto Leite,1999-01-23,398,Lazio Rom,2,2026-09-08,2028-06-30,Abwehr - Innenverteidiger,links,"1,90 m",Portugal,,,,"Name im Heimatland: Diogo Filipe Monteiro Pinto Leite Geb./Alter: 23.01.1999 (27) Geburtsort: Porto Größe: 1,90 m Staatsbürgerschaft: Portugal Position: Abwehr - Innenverteidiger Fuß: links Aktueller Verein: Lazio Rom Im Team seit: 08.09.2026 Vertrag bis: 30.06.2028 Vertragsoption: vereinsseitig 2 Jahre Social Media:",CONFIRMED,https://www.transfermarkt.de/diogo-leite/profil/spieler/357156,fb9a62d231468581a02ac4042276e179fcfc8510d14f902f597a3cf6e1936ee9,2026-09-12T20:08:03.637556+00:00,2026-09-12,2026-09-12T20:15:03.971226+00:00
367992,Jesper Karlsson,Karl Jesper Karlsson,1998-07-25,61,Servette FC,21,2026-09-08,2027-06-30,Sturm - Linksaußen,rechts,"1,80 m",Schweden,1025,FC Bologna,2028-06-30,"Name im Heimatland: Karl Jesper Karlsson Geb./Alter: 25.07.1998 (28) Geburtsort: Falkenberg Größe: 1,80 m Staatsbürgerschaft: Schweden Position: Sturm - Linksaußen Fuß: rechts Spielerberater: HCM Sports ... Aktueller Verein: Servette FC Im Team seit: 08.09.2026 Vertrag bis: 30.06.2027 Ausgeliehen von: FC Bologna Vertrag dort bis: 30.06.2028 Ausrüster: Nike Social Media:",CONFIRMED,https://www.transfermarkt.de/jesper-karlsson/profil/spieler/367992,32bb997bebede6161c1f8c2932f4e5036864227e5b96951a3317dcc2868ed363,2026-09-12T20:08:04.689472+00:00,2026-09-12,2026-09-12T20:15:04.184826+00:00
368825,Fatih Kaya,,1999-11-13,152,Samsunspor,14,2026-07-01,2029-06-30,Sturm - Mittelstürmer,rechts,"1,85 m",Deutschland Türkei,,,,"Geb./Alter: 13.11.1999 (26) Geburtsort: Gießen Größe: 1,85 m Staatsbürgerschaft: Deutschland Türkei Position: Sturm - Mittelstürmer Fuß: rechts Spielerberater: fair-sport GmbH Aktueller Verein: Samsunspor Im Team seit: 01.07.2026 Vertrag bis: 30.06.2029 Vertragsoption: ein weiteres Jahr",CONFIRMED,https://www.transfermarkt.de/fatih-kaya/profil/spieler/368825,ec71fd84083ed539d37c08a14bd3ce418c255d36f9af541c412e8d37af742d18,2026-09-12T20:08:05.779020+00:00,2026-09-12,2026-09-12T20:15:04.396794+00:00
371436,Francisco Sierralta,Francisco Andrés Sierralta Carvallo,1997-05-06,6112,Piast Gliwice,,2026-09-09,2027-06-30,Abwehr - Innenverteidiger,rechts,"1,92 m",Chile Spanien,290,AJ Auxerre,2029-06-30,"Name im Heimatland: Francisco Andrés Sierralta Carvallo Geb./Alter: 06.05.1997 (29) Geburtsort: Las Condes Größe: 1,92 m Staatsbürgerschaft: Chile Spanien Position: Abwehr - Innenverteidiger Fuß: rechts Spielerberater: Vibra Futbol Aktueller Verein: Piast Gliwice Im Team seit: 09.09.2026 Vertrag bis: 30.06.2027 Vertragsoption: Kaufoption Ausgeliehen von: AJ Auxerre Vertrag dort bis: 30.06.2029 Social Media:",CONFIRMED,https://www.transfermarkt.de/francisco-sierralta/profil/spieler/371436,1561ac014322aea31d8b93f984cb86c8d1f2f53a8efaef8cbc0020e3d0ba4eff,2026-09-12T20:08:06.783448+00:00,2026-09-12,2026-09-12T20:15:04.652617+00:00
381349,Nökkvi Thórisson,Nökkvi Þeyr Þórisson,1999-08-13,1434,SC Telstar,11,2026-08-29,2027-06-30,Sturm - Mittelstürmer,rechts,"1,88 m",Island,468,Sparta Rotterdam,2028-06-30,"Name im Heimatland: Nökkvi Þeyr Þórisson Geb./Alter: 13.08.1999 (27) Geburtsort: Dalvík Größe: 1,88 m Staatsbürgerschaft: Island Position: Sturm - Mittelstürmer Fuß: rechts Spielerberater: Stirr Associates Aktueller Verein: SC Telstar Im Team seit: 29.08.2026 Vertrag bis: 30.06.2027 Ausgeliehen von: Sparta Rotterdam Vertrag dort bis: 30.06.2028 Social Media:",CONFIRMED,https://www.transfermarkt.de/nokkvi-thorisson/profil/spieler/381349,80556b9e69f2617d2ec92ce488e35b108dacf4cd012ab456eb7fce5104f07a2c,2026-09-12T20:08:07.712453+00:00,2026-09-12,2026-09-12T20:15:04.866606+00:00
383014,Gonçalo Costa,Gonçalo Faria Costa,2000-02-18,24575,HNK Gorica,,2026-09-07,2027-06-30,Abwehr - Linker Verteidiger,links,"1,79 m",Portugal,1465,GD Estoril Praia,2028-06-30,"Name im Heimatland: Gonçalo Faria Costa Geb./Alter: 18.02.2000 (26) Geburtsort: Setúbal Größe: 1,79 m Staatsbürgerschaft: Portugal Position: Abwehr - Linker Verteidiger Fuß: links Spielerberater: Invictus Team Aktueller Verein: HNK Gorica Im Team seit: 07.09.2026 Vertrag bis: 30.06.2027 Vertragsoption: Kaufoption Ausgeliehen von: GD Estoril Praia Vertrag dort bis: 30.06.2028",CONFIRMED,https://www.transfermarkt.de/goncalo-costa/profil/spieler/383014,5a4033d4faa24443fb96e747460211a03826124a89ccd487a7e36a6c51d22bc3,2026-09-12T20:08:08.603556+00:00,2026-09-12,2026-09-12T20:15:05.075667+00:00
402010,Sékou Koïta,,1999-11-28,820,Genclerbirligi Ankara,20,2026-07-01,2028-06-30,Sturm - Mittelstürmer,links,"1,73 m",Mali,,,,"Geb./Alter: 28.11.1999 (26) Geburtsort: Kita Größe: 1,73 m Staatsbürgerschaft: Mali Position: Sturm - Mittelstürmer Fuß: links Spielerberater: Ahmet Caliskan Aktueller Verein: Genclerbirligi Ankara Im Team seit: 01.07.2026 Vertrag bis: 30.06.2028 Social Media:",CONFIRMED,https://www.transfermarkt.de/sekou-koita/profil/spieler/402010,d85e5b1884e2ee6c9b12d93a3c1ec56010a79b688ba9e85cb006979891f80afe,2026-09-12T20:08:09.811444+00:00,2026-09-12,2026-09-12T20:15:05.280808+00:00
405385,Yukinari Sugawara,菅原 由勢,2000-06-28,1390,Cagliari Calcio,28,2026-09-01,2027-06-30,Abwehr - Rechter Verteidiger,rechts,"1,79 m",Japan,180,FC Southampton,2028-06-30,"Name im Heimatland: 菅原 由勢 Geb./Alter: 28.06.2000 (26) Geburtsort: Toyokawa, Aichi Größe: 1,79 m Staatsbürgerschaft: Japan Position: Abwehr - Rechter Verteidiger Fuß: rechts Spielerberater: Sports360 GmbH Aktueller Verein: Cagliari Calcio Im Team seit: 01.09.2026 Vertrag bis: 30.06.2027 Vertragsoption: Kaufoption Ausgeliehen von: FC Southampton Vertrag dort bis: 30.06.2028 Social Media:",CONFIRMED,https://www.transfermarkt.de/yukinari-sugawara/profil/spieler/405385,a4177a4594347e219f5795d833cf3775db22c9f8fcc132076618a330ac122ad8,2026-09-12T20:08:10.626562+00:00,2026-09-12,2026-09-12T20:15:05.501245+00:00
406609,Can Bozdogan,Can Bozdoğan,2001-04-05,126,Caykur Rizespor,70,2026-09-04,2028-06-30,Mittelfeld - Zentrales Mittelfeld,links,"1,74 m",Deutschland Türkei,,,,"Name im Heimatland: Can Bozdoğan Geb./Alter: 05.04.2001 (25) Geburtsort: Köln Größe: 1,74 m Staatsbürgerschaft: Deutschland Türkei Position: Mittelfeld - Zentrales Mittelfeld Fuß: links Spielerberater: FOKUS Aktueller Verein: Caykur Rizespor Im Team seit: 04.09.2026 Vertrag bis: 30.06.2028 Ausrüster: adidas Social Media:",CONFIRMED,https://www.transfermarkt.de/can-bozdogan/profil/spieler/406609,bdd33c774e066bbc449ec64f5f5488d0ddf90e689d539ee88ed693c1bd5f4d12,2026-09-12T20:08:11.830057+00:00,2026-09-12,2026-09-12T20:15:05.711566+00:00
410158,Rodrigo Becão,,1996-01-19,59024,Rodina Moskau,50,2026-09-09,2027-06-30,Abwehr - Innenverteidiger,rechts,"1,91 m",Brasilien,36,Fenerbahce,2028-06-30,"Vollständiger Name: Rodrigo Nascimento França Geb./Alter: 19.01.1996 (30) Geburtsort: Salvador Größe: 1,91 m Staatsbürgerschaft: Brasilien Position: Abwehr - Innenverteidiger Fuß: rechts Spielerberater: Antoniu's Assessoria Aktueller Verein: Rodina Moskau Im Team seit: 09.09.2026 Vertrag bis: 30.06.2027 Ausgeliehen von: Fenerbahce Vertrag dort bis: 30.06.2028 Social Media:",CONFIRMED,https://www.transfermarkt.de/rodrigo-becao/profil/spieler/410158,15e370d7c7d59196f0b86a51bebd4ebcad4f99e0549a401b37008903b733945f,2026-09-12T20:08:12.624623+00:00,2026-09-12,2026-09-12T20:15:05.918612+00:00
410787,Joël Monteiro,Joël Almada Monteiro,1999-08-05,1005,US Lecce,99,2026-08-31,2029-06-30,Sturm - Linksaußen,rechts,"1,91 m",Schweiz Portugal,,,,"Name im Heimatland: Joël Almada Monteiro Geb./Alter: 05.08.1999 (27) Geburtsort: Sion Größe: 1,91 m Staatsbürgerschaft: Schweiz Portugal Position: Sturm - Linksaußen Fuß: rechts Spielerberater: THE·TEAM Aktueller Verein: US Lecce Im Team seit: 31.08.2026 Vertrag bis: 30.06.2029 Vertragsoption: spielerseitig 1 Jahr",CONFIRMED,https://www.transfermarkt.de/joel-monteiro/profil/spieler/410787,1878042742e92af23c410e1b5ea63e095d239d153f788c7750955310e1bd42e3,2026-09-12T20:08:13.658563+00:00,2026-09-12,2026-09-12T20:15:06.178286+00:00
413118,Sikou Niakaté,,1999-07-10,1075,SC Braga,4,2023-07-01,2030-06-30,Abwehr - Innenverteidiger,links,"1,86 m",Mali Frankreich,,,,"Geb./Alter: 10.07.1999 (27) Geburtsort: Montreuil Größe: 1,86 m Staatsbürgerschaft: Mali Frankreich Position: Abwehr - Innenverteidiger Fuß: links Spielerberater: BS Group ... Aktueller Verein: SC Braga Im Team seit: 01.07.2023 Vertrag bis: 30.06.2030 Social Media:",CONFIRMED,https://www.transfermarkt.de/sikou-niakate/profil/spieler/413118,18773cfe077b0fb91009116d10f49e1c80cf8af7d9ef26656d880efe226ca8c7,2026-09-12T20:08:14.599350+00:00,2026-09-12,2026-09-12T20:15:06.389907+00:00
428954,Stéphane Diarra,Stéphane Imad Diarra,1998-12-09,74155,UD Santarém,,2026-09-11,2027-06-30,Sturm - Rechtsaußen,links,"1,73 m",Elfenbeinküste Frankreich,2521,FC Alverca,2028-06-30,"Name im Heimatland: Stéphane Imad Diarra Geb./Alter: 09.12.1998 (27) Geburtsort: Abidjan Größe: 1,73 m Staatsbürgerschaft: Elfenbeinküste Frankreich Position: Sturm - Rechtsaußen Fuß: links Spielerberater: Horizon Aktueller Verein: UD Santarém Im Team seit: 11.09.2026 Vertrag bis: 30.06.2027 Ausgeliehen von: FC Alverca Vertrag dort bis: 30.06.2028 Ausrüster: adidas Social Media:",CONFIRMED,https://www.transfermarkt.de/stephane-diarra/profil/spieler/428954,847959f752daa43fc0b9a02f466e2ec9f57b19794780a41ec1229554efcbb025,2026-09-12T20:08:16.192482+00:00,2026-09-12,2026-09-12T20:15:06.598966+00:00
433181,Tino Anjorin,Faustino Adebola Rasheed Anjorin,2001-11-23,1467,Göztepe,18,2026-09-04,2027-06-30,Mittelfeld - Zentrales Mittelfeld,rechts,"1,86 m",England Nigeria,416,FC Turin,2028-06-30,"Name im Heimatland: Faustino Adebola Rasheed Anjorin Geb./Alter: 23.11.2001 (24) Geburtsort: Poole Größe: 1,86 m Staatsbürgerschaft: England Nigeria Position: Mittelfeld - Zentrales Mittelfeld Fuß: rechts Spielerberater: LP Sport Management Aktueller Verein: Göztepe Im Team seit: 04.09.2026 Vertrag bis: 30.06.2027 Vertragsoption: Kaufoption Ausgeliehen von: FC Turin Vertrag dort bis: 30.06.2028 Ausrüster: adidas Social Media:",CONFIRMED,https://www.transfermarkt.de/tino-anjorin/profil/spieler/433181,082b2a445b8a4a71d5c62ac0ccb3831826e5168d7261f46f6226044404ab39d8,2026-09-12T20:08:16.714531+00:00,2026-09-12,2026-09-12T20:15:06.812013+00:00
459988,Gennaro Borrelli,,2000-03-10,126,Caykur Rizespor,29,2026-09-04,2027-06-30,Sturm - Mittelstürmer,rechts,"1,94 m",Italien,1390,Cagliari Calcio,2029-06-30,"Geb./Alter: 10.03.2000 (26) Geburtsort: Campobasso Größe: 1,94 m Staatsbürgerschaft: Italien Position: Sturm - Mittelstürmer Fuß: rechts Spielerberater: LIAN Sports Group Aktueller Verein: Caykur Rizespor Im Team seit: 04.09.2026 Vertrag bis: 30.06.2027 Ausgeliehen von: Cagliari Calcio Vertrag dort bis: 30.06.2029",CONFIRMED,https://www.transfermarkt.de/gennaro-borrelli/profil/spieler/459988,e618c7bb6efa0d1ae214e21eb63cdae6ac05344a996688bafa943fc19776619d,2026-09-12T20:08:17.675838+00:00,2026-09-12,2026-09-12T20:15:07.027244+00:00
467616,Luke Le Roux,Luke Gareth Le Roux,2000-03-10,520,Cercle Brügge,18,2026-09-10,2028-06-30,Mittelfeld - Zentrales Mittelfeld,rechts,"1,84 m",Südafrika,,,,"Name im Heimatland: Luke Gareth Le Roux Geb./Alter: 10.03.2000 (26) Geburtsort: Stellenbosch, Western Cape Größe: 1,84 m Staatsbürgerschaft: Südafrika Position: Mittelfeld - Zentrales Mittelfeld Fuß: rechts Spielerberater: CCC Aktueller Verein: Cercle Brügge Im Team seit: 10.09.2026 Vertrag bis: 30.06.2028 Social Media:",CONFIRMED,https://www.transfermarkt.de/luke-le-roux/profil/spieler/467616,8d67a157eebd79eaefd4fe7f79d147b789cb57ee9ea2e59ad125defe6842991a,2026-09-12T20:08:18.709823+00:00,2026-09-12,2026-09-12T20:15:07.234290+00:00
467632,Cristian Cásseres Jr.,Cristian Sleiker Cásseres Yépes,2000-01-20,415,FC Toulouse,23,2023-07-07,2028-06-30,Mittelfeld - Zentrales Mittelfeld,rechts,"1,76 m",Venezuela,,,,"Name im Heimatland: Cristian Sleiker Cásseres Yépes Geb./Alter: 20.01.2000 (26) Geburtsort: Caracas Größe: 1,76 m Staatsbürgerschaft: Venezuela Position: Mittelfeld - Zentrales Mittelfeld Fuß: rechts Spielerberater: T&C Aktueller Verein: FC Toulouse Im Team seit: 07.07.2023 Vertrag bis: 30.06.2028 Letzte Verlängerung: 07.09.2026 Social Media:",CONFIRMED,https://www.transfermarkt.de/cristian-casseres-jr-/profil/spieler/467632,9711887d5dfb4b2ceba3234519a7af878ce5e4f416eddcc748a16f773094d1e9,2026-09-12T20:08:19.751917+00:00,2026-09-12,2026-09-12T20:15:07.446349+00:00
478357,Anthony Correia,Anthony Paulo Rodrigues Correia,1999-09-06,7788,Académico Viseu FC,41,2025-07-01,2027-06-30,Abwehr - Innenverteidiger,beidfüßig,"1,85 m",Frankreich Portugal,,,,"Name im Heimatland: Anthony Paulo Rodrigues Correia Geb./Alter: 06.09.1999 (27) Geburtsort: Castres Größe: 1,85 m Staatsbürgerschaft: Frankreich Portugal Position: Abwehr - Innenverteidiger Fuß: beidfüßig Spielerberater: PromoSport Aktueller Verein: Académico Viseu FC Im Team seit: 01.07.2025 Vertrag bis: 30.06.2027 Social Media:",CONFIRMED,https://www.transfermarkt.de/anthony-correia/profil/spieler/478357,ba67c2a47f911cb1743d7a1803db507b08d4246d32766c0ceaf31e6482874acf,2026-09-12T20:08:24.947425+00:00,2026-09-12,2026-09-12T20:15:07.648755+00:00
482386,Qëndrim Zyba,,2001-02-03,697,FC Slovan Liberec,10,2024-07-10,2027-06-30,Mittelfeld - Zentrales Mittelfeld,rechts,"1,84 m",Kosovo,,,,"Geb./Alter: 03.02.2001 (25) Geburtsort: Therandë Größe: 1,84 m Staatsbürgerschaft: Kosovo Position: Mittelfeld - Zentrales Mittelfeld Fuß: rechts Spielerberater: EEA9 Aktueller Verein: FC Slovan Liberec Im Team seit: 10.07.2024 Vertrag bis: 30.06.2027 Social Media:",CONFIRMED,https://www.transfermarkt.de/qendrim-zyba/profil/spieler/482386,747e9e5b05873968e9b8f2ef7b3cf86395ac48ce12574d8eedffdde0d355ac24,2026-09-12T20:08:26.047428+00:00,2026-09-12,2026-09-12T20:15:07.883836+00:00
486054,Simion Michez,Simion Boubacar Michez,2002-02-09,354,KV Mechelen,23,2026-08-27,2029-06-30,Mittelfeld - Rechtes Mittelfeld,rechts,"1,78 m",Kamerun Belgien,,,,"Name im Heimatland: Simion Boubacar Michez Geb./Alter: 09.02.2002 (24) Geburtsort: Charleroi Größe: 1,78 m Staatsbürgerschaft: Kamerun Belgien Position: Mittelfeld - Rechtes Mittelfeld Fuß: rechts Spielerberater: AXL Aktueller Verein: KV Mechelen Im Team seit: 27.08.2026 Vertrag bis: 30.06.2029",CONFIRMED,https://www.transfermarkt.de/simion-michez/profil/spieler/486054,9a8fd46ca93f7f1379c69391cc46f3c920522e1bcbd30549161a3eaf7bfae479,2026-09-12T20:08:26.506639+00:00,2026-09-12,2026-09-12T20:15:08.134849+00:00
486628,Nicolas Penner,,2001-06-19,2598,FK Pribram,29,2026-09-08,2026-12-31,Mittelfeld - Zentrales Mittelfeld,rechts,"1,78 m",Tschechien,5546,FK Mlada Boleslav,,"Geb./Alter: 19.06.2001 (25) Geburtsort: České Budějovice Größe: 1,78 m Staatsbürgerschaft: Tschechien Position: Mittelfeld - Zentrales Mittelfeld Fuß: rechts Spielerberater: ESAM Aktueller Verein: FK Pribram Im Team seit: 08.09.2026 Vertrag bis: 31.12.2026 Ausgeliehen von: FK Mlada Boleslav Vertrag dort bis: -",CONFIRMED,https://www.transfermarkt.de/nicolas-penner/profil/spieler/486628,8a9e73c12369145d18c11c0cae833bcf865e923abc1751d95761d2a54e8ee1f1,2026-09-12T20:08:27.572995+00:00,2026-09-12,2026-09-12T20:15:08.346200+00:00
495601,Víctor Gómez,Víctor Gómez Perea,2000-04-01,1075,SC Braga,2,2023-07-01,2030-06-30,Abwehr - Rechter Verteidiger,rechts,"1,71 m",Spanien,,,,"Name im Heimatland: Víctor Gómez Perea Geb./Alter: 01.04.2000 (26) Geburtsort: Olesa de Montserrat Größe: 1,71 m Staatsbürgerschaft: Spanien Position: Abwehr - Rechter Verteidiger Fuß: rechts Spielerberater: DV7 Management Aktueller Verein: SC Braga Im Team seit: 01.07.2023 Vertrag bis: 30.06.2030 Ausrüster: Nike Social Media:",CONFIRMED,https://www.transfermarkt.de/victor-gomez/profil/spieler/495601,13939cfeb6b4bf8d2bb93a6c55ad5232885375b26aa9d770cbcbf63e411ac5b1,2026-09-12T20:08:28.643557+00:00,2026-09-12,2026-09-12T20:15:08.555166+00:00
500972,Bekir Turaç Böke,,1999-06-21,1467,Göztepe,14,2026-08-18,2029-06-30,Sturm - Mittelstürmer,rechts,"1,90 m",Türkei,,,,"Geb./Alter: 21.06.1999 (27) Geburtsort: Ankara Größe: 1,90 m Staatsbürgerschaft: Türkei Position: Sturm - Mittelstürmer Fuß: rechts Spielerberater: TM AGENCY Aktueller Verein: Göztepe Im Team seit: 18.08.2026 Vertrag bis: 30.06.2029 Vertragsoption: ein weiteres Jahr Social Media:",CONFIRMED,https://www.transfermarkt.de/bekir-turac-boke/profil/spieler/500972,892045712c6391d976054c633d9032f45424aa7bcafbeb83526fb509c180ce6a,2026-09-12T20:08:29.511419+00:00,2026-09-12,2026-09-12T20:15:08.768076+00:00
518471,Dennis Owusu,,2001-01-05,479,Slezsky FC Opava,,2026-09-08,2027-06-30,Mittelfeld - Rechtes Mittelfeld,beidfüßig,"1,73 m",Deutschland Ghana,377,FC Banik Ostrau,2027-12-31,"Geb./Alter: 05.01.2001 (25) Geburtsort: Gießen Größe: 1,73 m Staatsbürgerschaft: Deutschland Ghana Position: Mittelfeld - Rechtes Mittelfeld Fuß: beidfüßig Spielerberater: JUNTOS Aktueller Verein: Slezsky FC Opava Im Team seit: 08.09.2026 Vertrag bis: 30.06.2027 Ausgeliehen von: FC Banik Ostrau Vertrag dort bis: 31.12.2027 Social Media:",CONFIRMED,https://www.transfermarkt.de/dennis-owusu/profil/spieler/518471,e4838e42e111c6875ce29bc0c4b3931d3148ed4295cb5e8a908c897dedea399c,2026-09-12T20:08:30.450159+00:00,2026-09-12,2026-09-12T20:15:08.976634+00:00
567516,Gabi,,2000-04-18,3268,Casa Pia AC,8,2026-07-10,2029-06-30,Mittelfeld - Zentrales Mittelfeld,links,"1,81 m",Portugal,,,,"Vollständiger Name: Márcio Gabriel Ferreira Pereira Geb./Alter: 18.04.2000 (26) Geburtsort: Guimarães Größe: 1,81 m Staatsbürgerschaft: Portugal Position: Mittelfeld - Zentrales Mittelfeld Fuß: links Spielerberater: Sportsbloom Aktueller Verein: Casa Pia AC Im Team seit: 10.07.2026 Vertrag bis: 30.06.2029",CONFIRMED,https://www.transfermarkt.de/gabi/profil/spieler/567516,6ae77096870082b49cae73cbf2b2463e308c2703dd6e668927d87b5c282c62fd,2026-09-12T20:08:32.077427+00:00,2026-09-12,2026-09-12T20:15:09.182696+00:00
569876,Xavi Sintes,Xavier Sintes Egea,2001-08-05,1465,GD Estoril Praia,6,2026-08-26,2027-06-30,Abwehr - Innenverteidiger,rechts,"1,90 m",Spanien,,,,"Name im Heimatland: Xavier Sintes Egea Geb./Alter: 05.08.2001 (25) Geburtsort: Mahón Größe: 1,90 m Staatsbürgerschaft: Spanien Position: Abwehr - Innenverteidiger Fuß: rechts Spielerberater: JV SPORTS Aktueller Verein: GD Estoril Praia Im Team seit: 26.08.2026 Vertrag bis: 30.06.2027 Social Media:",CONFIRMED,https://www.transfermarkt.de/xavi-sintes/profil/spieler/569876,a5b530393eea7bdbe6971dae0f42af829a5d90f59367d14a9116da711e06d19b,2026-09-12T20:08:32.645099+00:00,2026-09-12,2026-09-12T20:15:09.391947+00:00
570721,Roko Jurisic,Roko Jurišić,2001-09-28,1465,GD Estoril Praia,21,2026-09-04,2029-06-30,Abwehr - Linker Verteidiger,links,"1,73 m",Kroatien,,,,"Name im Heimatland: Roko Jurišić Geb./Alter: 28.09.2001 (24) Geburtsort: Zagreb Größe: 1,73 m Staatsbürgerschaft: Kroatien Position: Abwehr - Linker Verteidiger Fuß: links Spielerberater: Love Players Aktueller Verein: GD Estoril Praia Im Team seit: 04.09.2026 Vertrag bis: 30.06.2029",CONFIRMED,https://www.transfermarkt.de/roko-jurisic/profil/spieler/570721,c99b82d40b6f9ed439837516d5fefa673951d5b47415effd28bf08e27bf6649c,2026-09-12T20:08:33.448435+00:00,2026-09-12,2026-09-12T20:15:09.602281+00:00
572519,Ar'jany Martha,Ar'jany Jainel Archenir Martha,2003-09-04,1434,SC Telstar,42,2026-09-02,2027-06-30,Sturm - Rechtsaußen,links,"1,80 m",Curacao Niederlande,1194,Rotherham United,,"Name im Heimatland: Ar'jany Jainel Archenir Martha Geb./Alter: 04.09.2003 (23) Geburtsort: Rotterdam Größe: 1,80 m Staatsbürgerschaft: Curacao Niederlande Position: Sturm - Rechtsaußen Fuß: links Spielerberater: THE·TEAM Aktueller Verein: SC Telstar Im Team seit: 02.09.2026 Vertrag bis: 30.06.2027 Vertragsoption: Kaufoption Ausgeliehen von: Rotherham United Vertrag dort bis: - Ausrüster: Nike Social Media:",CONFIRMED,https://www.transfermarkt.de/arjany-martha/profil/spieler/572519,4697843863f4cd9c5908c168c110c23e5c4cc13a54d21692fee9ddb2f17487b7,2026-09-12T20:08:34.629293+00:00,2026-09-12,2026-09-12T20:15:09.823000+00:00
594991,Mohamed Bayo,Mohamed Lamine Bayo,1998-06-04,152,Samsunspor,18,2026-09-04,2030-06-30,Sturm - Mittelstürmer,rechts,"1,87 m",Guinea Frankreich,,,,"Name im Heimatland: Mohamed Lamine Bayo Geb./Alter: 04.06.1998 (28) Geburtsort: Clermont-Ferrand Größe: 1,87 m Staatsbürgerschaft: Guinea Frankreich Position: Sturm - Mittelstürmer Fuß: rechts Spielerberater: Soccermax Aktueller Verein: Samsunspor Im Team seit: 04.09.2026 Vertrag bis: 30.06.2030 Vertragsoption: ein weiteres Jahr Ausrüster: adidas Social Media:",CONFIRMED,https://www.transfermarkt.de/mohamed-bayo/profil/spieler/594991,e011d8855bc74c03eade9a8db7eacd40a8bdae307888e9fef63090b3d393e8c1,2026-09-12T20:08:35.559933+00:00,2026-09-12,2026-09-12T20:15:10.036791+00:00
612059,Edoardo Piana,,2003-09-29,433,FC Koper,90,2026-09-07,2027-06-30,Torwart,rechts,"1,98 m",Italien,,,,"Geb./Alter: 29.09.2003 (22) Geburtsort: Soave Größe: 1,98 m Staatsbürgerschaft: Italien Position: Torwart Fuß: rechts Spielerberater: IntProFoot Aktueller Verein: FC Koper Im Team seit: 07.09.2026 Vertrag bis: 30.06.2027",CONFIRMED,https://www.transfermarkt.de/edoardo-piana/profil/spieler/612059,87cdfad285d56c9a50456ffeea734b3fc967991eb01e854eb470f932dd4a937a,2026-09-12T20:08:36.857452+00:00,2026-09-12,2026-09-12T20:15:10.244870+00:00
613964,Stelios Andreou,Στέλιος Ανδρέου,2002-07-24,1465,GD Estoril Praia,25,2026-08-06,2027-06-30,Abwehr - Innenverteidiger,rechts,"1,87 m",Zypern Belgien,88,Widzew Lodz,2029-06-30,"Name im Heimatland: Στέλιος Ανδρέου Geb./Alter: 24.07.2002 (24) Geburtsort: Geri Größe: 1,87 m Staatsbürgerschaft: Zypern Belgien Position: Abwehr - Innenverteidiger Fuß: rechts Spielerberater: Mylogram Ltd Aktueller Verein: GD Estoril Praia Im Team seit: 06.08.2026 Vertrag bis: 30.06.2027 Vertragsoption: Kaufoption Ausgeliehen von: Widzew Lodz Vertrag dort bis: 30.06.2029",CONFIRMED,https://www.transfermarkt.de/stelios-andreou/profil/spieler/613964,e55f5433e038c311ad887d8ef3d42636f307ae6bb489d58b3384ec0b280492a6,2026-09-12T20:08:37.506439+00:00,2026-09-12,2026-09-12T20:15:10.455535+00:00
616431,Ryan Teague,Ryan Graham Pun Teague,2002-01-24,354,KV Mechelen,43,2025-07-01,2028-06-30,Mittelfeld - Defensives Mittelfeld,links,"1,82 m",Australien,,,,"Name im Heimatland: Ryan Graham Pun Teague Geb./Alter: 24.01.2002 (24) Geburtsort: Randwick Größe: 1,82 m Staatsbürgerschaft: Australien Position: Mittelfeld - Defensives Mittelfeld Fuß: links Spielerberater: Cove Agency Aktueller Verein: KV Mechelen Im Team seit: 01.07.2025 Vertrag bis: 30.06.2028 Social Media:",CONFIRMED,https://www.transfermarkt.de/ryan-teague/profil/spieler/616431,485a464338f4348bcd3044073e83c182cc3159168bc872a9158011440eebc0bf,2026-09-12T20:08:38.519050+00:00,2026-09-12,2026-09-12T20:15:10.663329+00:00
617081,Diego López,Diego López Noguerol,2002-05-13,1049,FC Valencia,,2023-07-01,2029-06-30,Sturm - Rechtsaußen,rechts,"1,72 m",Spanien,,,,"Name im Heimatland: Diego López Noguerol Geb./Alter: 13.05.2002 (24) Geburtsort: Turón Größe: 1,72 m Staatsbürgerschaft: Spanien Position: Sturm - Rechtsaußen Fuß: rechts Spielerberater: Balance ... Aktueller Verein: FC Valencia Im Team seit: 01.07.2023 Vertrag bis: 30.06.2029 Letzte Verlängerung: 25.08.2025",CONFIRMED,https://www.transfermarkt.de/diego-lopez/profil/spieler/617081,adc117decdde448a9d18fedafc65ca03067923516ccb6eadb407b58239463beb,2026-09-12T20:08:39.595334+00:00,2026-09-12,2026-09-12T20:15:10.920221+00:00
617679,Zé Carlos,,1998-07-31,2425,Rio Ave FC,,2026-09-10,2028-06-30,Abwehr - Rechter Verteidiger,rechts,"1,78 m",Portugal,,,,"Vollständiger Name: José Carlos Teixeira Lopes dos Reis Gonçalves Geb./Alter: 31.07.1998 (28) Geburtsort: Porto Größe: 1,78 m Staatsbürgerschaft: Portugal Position: Abwehr - Rechter Verteidiger Fuß: rechts Spielerberater: Sferico Sports ... Aktueller Verein: Rio Ave FC Im Team seit: 10.09.2026 Vertrag bis: 30.06.2028 Social Media:",CONFIRMED,https://www.transfermarkt.de/ze-carlos/profil/spieler/617679,977917a4c0cc2cc9191128a1d7289658bb94c53508873e24a4663ef16dca6de5,2026-09-12T20:08:40.689537+00:00,2026-09-12,2026-09-12T20:15:11.121296+00:00
631404,Gorby,,2002-07-25,1075,SC Braga,29,2021-12-01,2028-06-30,Mittelfeld - Zentrales Mittelfeld,rechts,"1,83 m",Frankreich Haiti,,,,"Vollständiger Name: Jean-Baptiste Gorby Geb./Alter: 25.07.2002 (24) Geburtsort: Paris Größe: 1,83 m Staatsbürgerschaft: Frankreich Haiti Position: Mittelfeld - Zentrales Mittelfeld Fuß: rechts Spielerberater: BS Group ... Aktueller Verein: SC Braga Im Team seit: 01.12.2021 Vertrag bis: 30.06.2028 Letzte Verlängerung: 10.12.2024",CONFIRMED,https://www.transfermarkt.de/gorby/profil/spieler/631404,550374f0e65dd2749126401a811d82d2c82ed3ed4e2bc3e57ed2ba96f49dd9eb,2026-09-12T20:08:41.593990+00:00,2026-09-12,2026-09-12T20:15:11.313403+00:00
632741,Iker Losada,Iker Losada Aragunde,2001-08-01,150,Real Betis Sevilla,14,2024-07-06,2029-06-30,Mittelfeld - Offensives Mittelfeld,rechts,"1,75 m",Spanien,,,,"Name im Heimatland: Iker Losada Aragunde Geb./Alter: 01.08.2001 (25) Geburtsort: Catoira Größe: 1,75 m Staatsbürgerschaft: Spanien Position: Mittelfeld - Offensives Mittelfeld Fuß: rechts Spielerberater: IGdreamsfootball Aktueller Verein: Real Betis Sevilla Im Team seit: 06.07.2024 Vertrag bis: 30.06.2029 Ausrüster: Skechers Social Media:",CONFIRMED,https://www.transfermarkt.de/iker-losada/profil/spieler/632741,ea7fe2d3d07a13049849d1de8a2c3ed5edcfbc19673b7ff01e5ac42ef6f60c54,2026-09-12T20:08:42.672452+00:00,2026-09-12,2026-09-12T20:15:11.495469+00:00
634430,Israel Salazar,Israel Salazar Píriz,2003-05-10,1465,GD Estoril Praia,38,2024-08-15,2028-06-30,Sturm - Mittelstürmer,rechts,"1,78 m",Spanien,,,,"Name im Heimatland: Israel Salazar Píriz Geb./Alter: 10.05.2003 (23) Geburtsort: Badajoz Größe: 1,78 m Staatsbürgerschaft: Spanien Position: Sturm - Mittelstürmer Fuß: rechts Spielerberater: CAA Base Ltd Aktueller Verein: GD Estoril Praia Im Team seit: 15.08.2024 Vertrag bis: 30.06.2028 Social Media:",CONFIRMED,https://www.transfermarkt.de/israel-salazar/profil/spieler/634430,899f34752b34ba5ece3535a1baeb89cf64f40beed85b54ee612462a2118243c9,2026-09-12T20:08:44.062555+00:00,2026-09-12,2026-09-12T20:15:11.675798+00:00
637803,Rafael Luís,Rafael Filipe Gonçalves Soares Luís,2005-02-18,820,Genclerbirligi Ankara,83,2026-09-04,2028-06-30,Mittelfeld - Defensives Mittelfeld,links,"1,88 m",Portugal,,,,"Name im Heimatland: Rafael Filipe Gonçalves Soares Luís Geb./Alter: 18.02.2005 (21) Geburtsort: Amadora Größe: 1,88 m Staatsbürgerschaft: Portugal Position: Mittelfeld - Defensives Mittelfeld Fuß: links Spielerberater: Gestifute Aktueller Verein: Genclerbirligi Ankara Im Team seit: 04.09.2026 Vertrag bis: 30.06.2028 Ausrüster: adidas Social Media:",CONFIRMED,https://www.transfermarkt.de/rafael-luis/profil/spieler/637803,ee86b636eca49feb7467be637ddc1026bc21620337df6378b7c4c9abbbedc879,2026-09-12T20:08:44.523626+00:00,2026-09-12,2026-09-12T20:15:11.858880+00:00
648541,Gabi Caschili,Gabrielle Caschili,2003-07-14,1434,SC Telstar,18,2026-08-04,2027-06-30,Abwehr - Rechter Verteidiger,rechts,"1,71 m",Niederlande Italien,,,,"Name im Heimatland: Gabrielle Caschili Geb./Alter: 14.07.2003 (23) Geburtsort: Emmen Größe: 1,71 m Staatsbürgerschaft: Niederlande Italien Position: Abwehr - Rechter Verteidiger Fuß: rechts Spielerberater: SEG Aktueller Verein: SC Telstar Im Team seit: 04.08.2026 Vertrag bis: 30.06.2027 Vertragsoption: vereinsseitig 1 Jahr",CONFIRMED,https://www.transfermarkt.de/gabi-caschili/profil/spieler/648541,32aebda1d903bd78fe1ea2ee28c3b7ad20418b68617585cebd6a224544c0ee51,2026-09-12T20:08:45.629476+00:00,2026-09-12,2026-09-12T20:15:12.039318+00:00
652048,Filip Urica,Filip Uriča,2003-09-10,6038,SK Sigma Olmütz B,,2021-07-01,2027-06-30,Sturm - Linksaußen,,"1,80 m",Tschechien,,,,"Name im Heimatland: Filip Uriča Geb./Alter: 10.09.2003 (23) Größe: 1,80 m Staatsbürgerschaft: Tschechien Position: Sturm - Linksaußen Spielerberater: Int. Sport ... Aktueller Verein: SK Sigma Olmütz B Im Team seit: 01.07.2021 Vertrag bis: 30.06.2027 2. Verein: SK Sigma Olmütz (#27)",CONFIRMED,https://www.transfermarkt.de/filip-urica/profil/spieler/652048,bdd37355554dc041f2ad30d28bf691e6a3c2a7d1698b5c99033d0d646ff0b88e,2026-09-12T20:08:46.689389+00:00,2026-09-12,2026-09-12T20:15:12.259554+00:00
667640,Alexandru Borbei,Alexandru Gabriel Borbei,2003-06-27,1005,US Lecce,32,2022-07-01,2028-06-30,Torwart,rechts,"1,91 m",Rumänien,,,,"Name im Heimatland: Alexandru Gabriel Borbei Geb./Alter: 27.06.2003 (23) Geburtsort: Petrila Größe: 1,91 m Staatsbürgerschaft: Rumänien Position: Torwart Fuß: rechts Spielerberater: Catalin Sarmasan Aktueller Verein: US Lecce Im Team seit: 01.07.2022 Vertrag bis: 30.06.2028 Letzte Verlängerung: 05.06.2024",CONFIRMED,https://www.transfermarkt.de/alexandru-borbei/profil/spieler/667640,b8ffcaf17bf0220297f52c47ea7bef53614a397bb7f2de7118eeb3f1c9f726fd,2026-09-12T20:08:47.687382+00:00,2026-09-12,2026-09-12T20:15:12.439183+00:00
671542,Daniel Samek,,2004-02-19,6380,SK Kladen,22,2026-09-08,2027-06-30,Mittelfeld - Zentrales Mittelfeld,rechts,"1,86 m",Tschechien,24325,SK Artis Brünn,2028-06-30,"Geb./Alter: 19.02.2004 (22) Geburtsort: Hradec Králové Größe: 1,86 m Staatsbürgerschaft: Tschechien Position: Mittelfeld - Zentrales Mittelfeld Fuß: rechts Spielerberater: TOP SPORT MANAGEMENT Aktueller Verein: SK Kladen Im Team seit: 08.09.2026 Vertrag bis: 30.06.2027 Ausgeliehen von: SK Artis Brünn Vertrag dort bis: 30.06.2028 Ausrüster: Puma",CONFIRMED,https://www.transfermarkt.de/daniel-samek/profil/spieler/671542,28d535430884b7954d2792ee36dbd33ff792927865973e020d273a98b8a602a8,2026-09-12T20:08:48.920421+00:00,2026-09-12,2026-09-12T20:15:12.644087+00:00
673450,Jakub Elbel,,2000-07-06,377,FC Banik Ostrau,,2026-09-08,,Abwehr - Linker Verteidiger,,"1,90 m",Tschechien,,,,"Geb./Alter: 06.07.2000 (26) Größe: 1,90 m Staatsbürgerschaft: Tschechien Position: Abwehr - Linker Verteidiger Spielerberater: AM-PRO Players ... Aktueller Verein: FC Banik Ostrau Im Team seit: 08.09.2026 Vertrag bis: -",CONFIRMED,https://www.transfermarkt.de/jakub-elbel/profil/spieler/673450,a75b643db5265712ce71954c93bac75370aa4f74b25835776352daf18e87c4f5,2026-09-12T20:08:49.603603+00:00,2026-09-12,2026-09-12T20:15:12.866316+00:00
681692,Léo Borges,,2001-01-03,2311,SK Sigma Olmütz,4,2026-09-06,,Abwehr - Linker Verteidiger,links,"1,81 m",Brasilien,,,,"Vollständiger Name: Leonardo Borges Da Silva Geb./Alter: 03.01.2001 (25) Geburtsort: Pelotas Größe: 1,81 m Staatsbürgerschaft: Brasilien Position: Abwehr - Linker Verteidiger Fuß: links Spielerberater: PRO Profil GmbH Aktueller Verein: SK Sigma Olmütz Im Team seit: 06.09.2026 Vertrag bis: -",CONFIRMED,https://www.transfermarkt.de/leo-borges/profil/spieler/681692,ec50e02ff7b2fd0e2d4954f6a757d2d3cb100297cc5b40b6073516463f6b7d40,2026-09-12T20:08:50.614321+00:00,2026-09-12,2026-09-12T20:15:13.051371+00:00
682032,Marley Aké,Marley Martin Mickaël Justin Aké,2001-01-05,3508,Zulte Waregem,11,2026-07-01,2028-06-30,Sturm - Linksaußen,rechts,"1,78 m",Frankreich Elfenbeinküste,,,,"Name im Heimatland: Marley Martin Mickaël Justin Aké Geb./Alter: 05.01.2001 (25) Geburtsort: Béziers Größe: 1,78 m Staatsbürgerschaft: Frankreich Elfenbeinküste Position: Sturm - Linksaußen Fuß: rechts Spielerberater: THE·TEAM Aktueller Verein: Zulte Waregem Im Team seit: 01.07.2026 Vertrag bis: 30.06.2028 Vertragsoption: vereinsseitig 1 Jahr Social Media:",CONFIRMED,https://www.transfermarkt.de/marley-ake/profil/spieler/682032,44052f998a2318c3170dd88048e412cc7f1ed538dddfa9e87ea9373b69fc19e6,2026-09-12T20:08:51.611455+00:00,2026-09-12,2026-09-12T20:15:13.236422+00:00
682047,Ewerton,,1998-05-07,7788,Académico Viseu FC,98,2026-07-23,2027-06-30,Torwart,rechts,"1,90 m",Brasilien,52519,Barra FC (SC),2027-12-31,"Vollständiger Name: Ewerton Ferreira da Silva Geb./Alter: 07.05.1998 (28) Geburtsort: Santo Antônio Größe: 1,90 m Staatsbürgerschaft: Brasilien Position: Torwart Fuß: rechts Spielerberater: ROGON Aktueller Verein: Académico Viseu FC Im Team seit: 23.07.2026 Vertrag bis: 30.06.2027 Vertragsoption: Kaufoption Ausgeliehen von: Barra FC (SC) Vertrag dort bis: 31.12.2027",CONFIRMED,https://www.transfermarkt.de/ewerton/profil/spieler/682047,471ebc63c1268d07a5040fb6881062c3bd4814bf92beceaba52e6ba9da9a9317,2026-09-12T20:08:52.525105+00:00,2026-09-12,2026-09-12T20:15:13.409304+00:00
698454,Pedro Teixeira,João Pedro Teixeira Silva,2001-11-20,5753,AD Camacha,,2026-09-08,2027-06-30,Torwart,rechts,"1,92 m",Portugal,1301,CS Marítimo,2027-06-30,"Name im Heimatland: João Pedro Teixeira Silva Geb./Alter: 20.11.2001 (24) Geburtsort: Funchal Größe: 1,92 m Staatsbürgerschaft: Portugal Position: Torwart Fuß: rechts Aktueller Verein: AD Camacha Im Team seit: 08.09.2026 Vertrag bis: 30.06.2027 Ausgeliehen von: CS Marítimo Vertrag dort bis: 30.06.2027",CONFIRMED,https://www.transfermarkt.de/pedro-teixeira/profil/spieler/698454,33692c21e30ee23b4eaeeb65610f4f0837adbcff9f4f7df79730dd6f7caf691d,2026-09-12T20:08:53.577338+00:00,2026-09-12,2026-09-12T20:15:13.582335+00:00
701979,Geny Catamo,Geny Cipriano Catamo,2001-01-26,336,Sporting Lissabon,10,2023-07-01,2029-06-30,Sturm - Rechtsaußen,links,"1,72 m",Mosambik,,,,"Name im Heimatland: Geny Cipriano Catamo Geb./Alter: 26.01.2001 (25) Geburtsort: Maputo Größe: 1,72 m Staatsbürgerschaft: Mosambik Position: Sturm - Rechtsaußen Fuß: links Spielerberater: Familienangehörige Aktueller Verein: Sporting Lissabon Im Team seit: 01.07.2023 Vertrag bis: 30.06.2029 Letzte Verlängerung: 13.02.2026 Social Media:",CONFIRMED,https://www.transfermarkt.de/geny-catamo/profil/spieler/701979,0ccbd358f2ab696042771bb227ad022a780a42cf661e32fc36f33e93050ed73c,2026-09-12T20:08:54.641694+00:00,2026-09-12,2026-09-12T20:15:13.765760+00:00
707063,Malick Mbaye,,2004-04-06,3508,Zulte Waregem,10,2026-02-02,2029-06-30,Sturm - Rechtsaußen,rechts,"1,73 m",Senegal,,,,"Geb./Alter: 06.04.2004 (22) Geburtsort: Mbour Größe: 1,73 m Staatsbürgerschaft: Senegal Position: Sturm - Rechtsaußen Fuß: rechts Spielerberater: Familienangehörige Aktueller Verein: Zulte Waregem Im Team seit: 02.02.2026 Vertrag bis: 30.06.2029 Vertragsoption: vereinsseitig 1 Jahr Social Media:",CONFIRMED,https://www.transfermarkt.de/malick-mbaye/profil/spieler/707063,eaeb613fb82a9ef9bd017c7bcea26e729af86345093a3705058b472080f1b20e,2026-09-12T20:08:55.469502+00:00,2026-09-12,2026-09-12T20:15:13.951708+00:00
707499,Igor Brzyski,,2007-03-15,2311,SK Sigma Olmütz,,2026-09-08,,Mittelfeld - Defensives Mittelfeld,beidfüßig,"1,88 m",Polen,,,,"Geb./Alter: 15.03.2007 (19) Geburtsort: Gdańsk Größe: 1,88 m Staatsbürgerschaft: Polen Position: Mittelfeld - Defensives Mittelfeld Fuß: beidfüßig Spielerberater: FBG Aktueller Verein: SK Sigma Olmütz Im Team seit: 08.09.2026 Vertrag bis: - Ausrüster: adidas",CONFIRMED,https://www.transfermarkt.de/igor-brzyski/profil/spieler/707499,3010de47b1d9e90bc80886cd65a737cdd0f780d5fafaf1c265a6419ba121e6f3,2026-09-12T20:09:06.155312+00:00,2026-09-12,2026-09-12T20:15:14.127690+00:00
709214,Beñat Gerenabarrena,Beñat Gerenabarrena Zendoia,2003-03-29,621,Athletic Bilbao,24,2025-07-01,2029-06-30,Mittelfeld - Zentrales Mittelfeld,rechts,"1,73 m",Spanien,,,,"Name im Heimatland: Beñat Gerenabarrena Zendoia Geb./Alter: 29.03.2003 (23) Geburtsort: Lekeitio Größe: 1,73 m Staatsbürgerschaft: Spanien Position: Mittelfeld - Zentrales Mittelfeld Fuß: rechts Spielerberater: CAA Stellar Aktueller Verein: Athletic Bilbao Im Team seit: 01.07.2025 Vertrag bis: 30.06.2029",CONFIRMED,https://www.transfermarkt.de/benat-gerenabarrena/profil/spieler/709214,ccef20452b8fbb3247c77cf4342d50d473dc896331766fbfd075d10cd7fa3c72,2026-09-12T20:09:07.987273+00:00,2026-09-12,2026-09-12T20:15:14.318320+00:00
723528,Jan Fiala,Jan Fiala,2001-05-04,5544,1.FC Slovacko,,2026-09-08,2027-06-30,Mittelfeld - Rechtes Mittelfeld,,"1,98 m",Tschechien,2311,SK Sigma Olmütz,2028-06-30,"Name im Heimatland: Jan Fiala Geb./Alter: 04.05.2001 (25) Größe: 1,98 m Staatsbürgerschaft: Tschechien Position: Mittelfeld - Rechtes Mittelfeld Spielerberater: Nehoda Sport Aktueller Verein: 1.FC Slovacko Im Team seit: 08.09.2026 Vertrag bis: 30.06.2027 Ausgeliehen von: SK Sigma Olmütz Vertrag dort bis: 30.06.2028",CONFIRMED,https://www.transfermarkt.de/jan-fiala/profil/spieler/723528,d36be9b18dc42167edc6eac16e965b0a5024f35e8c2d2d6c330be139deecbdc6,2026-09-12T20:09:08.501336+00:00,2026-09-12,2026-09-12T20:15:14.519313+00:00
726014,Maksym Dyachuk,Дячук Максим Ростиславович,2003-07-21,377,FC Banik Ostrau,16,2026-07-10,2027-06-30,Abwehr - Innenverteidiger,rechts,"1,87 m",Ukraine,338,Dynamo Kyiv,2028-06-30,"Name im Heimatland: Дячук Максим Ростиславович Geb./Alter: 21.07.2003 (23) Geburtsort: Yasinya, Zakarpattya Oblast Größe: 1,87 m Staatsbürgerschaft: Ukraine Position: Abwehr - Innenverteidiger Fuß: rechts Spielerberater: ProStar Aktueller Verein: FC Banik Ostrau Im Team seit: 10.07.2026 Vertrag bis: 30.06.2027 Ausgeliehen von: Dynamo Kyiv Vertrag dort bis: 30.06.2028",CONFIRMED,https://www.transfermarkt.de/maksym-dyachuk/profil/spieler/726014,e9bd243126b449ba3bfe8a5dee044f51895766951da6d57cb53fedb88ec7e183,2026-09-12T20:09:09.491948+00:00,2026-09-12,2026-09-12T20:15:14.714748+00:00
733410,Lawrence Agyekum,,2003-11-23,39722,Erzurumspor FK,77,2026-09-04,2027-06-30,Mittelfeld - Zentrales Mittelfeld,rechts,"1,74 m",Ghana,520,Cercle Brügge,2029-06-30,"Geb./Alter: 23.11.2003 (22) Größe: 1,74 m Staatsbürgerschaft: Ghana Position: Mittelfeld - Zentrales Mittelfeld Fuß: rechts Spielerberater: Familienangehörige Aktueller Verein: Erzurumspor FK Im Team seit: 04.09.2026 Vertrag bis: 30.06.2027 Ausgeliehen von: Cercle Brügge Vertrag dort bis: 30.06.2029 Ausrüster: Puma Social Media:",CONFIRMED,https://www.transfermarkt.de/lawrence-agyekum/profil/spieler/733410,1637c329489b513d0ada6a1ad0b4b66fe8f2aa153e0bdf89607c02dea1661f92,2026-09-12T20:09:10.405205+00:00,2026-09-12,2026-09-12T20:15:14.916867+00:00
741650,Khayon Edwards,,2003-09-12,515,Vereinslos,,2026-09-10,2027-06-30,Sturm - Mittelstürmer,rechts,"1,80 m",Jamaika England,,,,"Geb./Alter: 12.09.2003 (23) Happy Birthday Geburtsort: London Größe: 1,80 m Staatsbürgerschaft: Jamaika England Position: Sturm - Mittelstürmer Fuß: rechts Spielerberater: World in Motion Aktueller Verein: Vereinslos Im Team seit: 10.09.2026 Vertrag bis: 30.06.2027 Social Media:",CONFIRMED,https://www.transfermarkt.de/khayon-edwards/profil/spieler/741650,49ed93308745e21a9a6604d3879338a0d21c9162d6123d4a9ea00f948dd29b85,2026-09-12T20:09:11.878146+00:00,2026-09-12,2026-09-12T20:15:15.122781+00:00
742459,Tiago Octávio,Tiago André Facho Octávio,2004-07-08,85471,FC Alverca B,24,2026-07-14,,Mittelfeld - Zentrales Mittelfeld,rechts,"1,72 m",Portugal,,,,"Name im Heimatland: Tiago André Facho Octávio Geb./Alter: 08.07.2004 (22) Geburtsort: Amadora Größe: 1,72 m Staatsbürgerschaft: Portugal Position: Mittelfeld - Zentrales Mittelfeld Fuß: rechts Spielerberater: AS1 Aktueller Verein: FC Alverca B Im Team seit: 14.07.2026 Vertrag bis: - 2. Verein: FC Alverca (#90) Ausrüster: adidas Social Media:",CONFIRMED,https://www.transfermarkt.de/tiago-octavio/profil/spieler/742459,abf4ae441d950ef44d037b95d6fd6e28de6d616a3ef10d3c38f168c8e8909f31,2026-09-12T20:09:12.559384+00:00,2026-09-12,2026-09-12T20:15:15.306333+00:00
743376,Cihan Çanak,,2005-01-24,449,Trabzonspor,61,2024-07-01,2027-06-30,Sturm - Rechtsaußen,links,"1,75 m",Türkei Belgien,,,,"Geb./Alter: 24.01.2005 (21) Geburtsort: Verviers Größe: 1,75 m Staatsbürgerschaft: Türkei Belgien Position: Sturm - Rechtsaußen Fuß: links Spielerberater: PMK COMPANY Aktueller Verein: Trabzonspor Im Team seit: 01.07.2024 Vertrag bis: 30.06.2027 Social Media:",CONFIRMED,https://www.transfermarkt.de/cihan-canak/profil/spieler/743376,bbf514a5258741d59d11a33ee81dc105cda39666b24dae4d12281b98dd717592,2026-09-12T20:09:13.396076+00:00,2026-09-12,2026-09-12T20:15:15.502378+00:00
746358,Daniel Jr,,2002-05-09,982,CD Nacional,10,2025-08-28,2030-06-30,Mittelfeld - Offensives Mittelfeld,links,"1,74 m",Brasilien,,,,"Vollständiger Name: Daniel de Melo Araujo Júnior Geb./Alter: 09.05.2002 (24) Geburtsort: Santo André Größe: 1,74 m Staatsbürgerschaft: Brasilien Position: Mittelfeld - Offensives Mittelfeld Fuß: links Aktueller Verein: CD Nacional Im Team seit: 28.08.2025 Vertrag bis: 30.06.2030 Social Media:",CONFIRMED,https://www.transfermarkt.de/daniel-jr/profil/spieler/746358,77e1076ae4b957be2ee46748279e81e70c08a84bbb417c5cabda93a5f363f946,2026-09-12T20:09:14.415641+00:00,2026-09-12,2026-09-12T20:15:15.743613+00:00
748201,Tomas Fojtu,Tomáš Fojtů,2003-08-02,13905,FC Zlin B,10,2022-07-01,,Mittelfeld - Offensives Mittelfeld,,,Tschechien,,,,Name im Heimatland: Tomáš Fojtů Geb./Alter: 02.08.2003 (23) Staatsbürgerschaft: Tschechien Position: Mittelfeld - Offensives Mittelfeld Spielerberater: AM-PRO Players ... Aktueller Verein: FC Zlin B Im Team seit: 01.07.2022 Vertrag bis: - 2. Verein: FC Zlin (#37),CONFIRMED,https://www.transfermarkt.de/tomas-fojtu/profil/spieler/748201,687ba14c414f0e8d10a86d1b2285da21c48e596dae6ba5547cca0abf188ae275,2026-09-12T20:09:15.467615+00:00,2026-09-12,2026-09-12T20:15:15.920653+00:00
751681,Matej Mikulenka,Matěj Mikulenka,2004-02-05,697,FC Slovan Liberec,,2026-09-08,2031-06-30,Mittelfeld - Rechtes Mittelfeld,,"1,79 m",Tschechien,,,,"Name im Heimatland: Matěj Mikulenka Geb./Alter: 05.02.2004 (22) Größe: 1,79 m Staatsbürgerschaft: Tschechien Position: Mittelfeld - Rechtes Mittelfeld Spielerberater: SPORT INVEST Aktueller Verein: FC Slovan Liberec Im Team seit: 08.09.2026 Vertrag bis: 30.06.2031",CONFIRMED,https://www.transfermarkt.de/matej-mikulenka/profil/spieler/751681,e1e1f431a328521040ee307d97b826e844f9708e9392b9dda9b277019bfcecb0,2026-09-12T20:09:16.611397+00:00,2026-09-12,2026-09-12T20:15:16.111755+00:00
755211,German Barkovskiy,Барковский Герман Анатольевич,2002-06-25,2745,Polonia Warschau,63,2026-09-08,2027-06-30,Sturm - Mittelstürmer,links,"1,91 m",Belarus,1897,FC Hradec Kralove,2028-06-30,"Name im Heimatland: Барковский Герман Анатольевич Geb./Alter: 25.06.2002 (24) Geburtsort: Bobruisk Größe: 1,91 m Staatsbürgerschaft: Belarus Position: Sturm - Mittelstürmer Fuß: links Spielerberater: Intafa Aktueller Verein: Polonia Warschau Im Team seit: 08.09.2026 Vertrag bis: 30.06.2027 Vertragsoption: Kaufoption Ausgeliehen von: FC Hradec Kralove Vertrag dort bis: 30.06.2028",CONFIRMED,https://www.transfermarkt.de/german-barkovskiy/profil/spieler/755211,c5bf9e0c16af563803125eedcfb9fdc73f7f63d56fc8c190bb420bd342bee26f,2026-09-12T20:09:17.445839+00:00,2026-09-12,2026-09-12T20:15:16.306142+00:00
760492,Vladimir Perisic,Владимир Перишић,2004-08-26,24325,SK Artis Brünn,,2026-09-08,2028-06-30,Sturm - Mittelstürmer,rechts,"1,87 m",Montenegro,,,,"Name im Heimatland: Владимир Перишић Geb./Alter: 26.08.2004 (22) Geburtsort: Podgorica Größe: 1,87 m Staatsbürgerschaft: Montenegro Position: Sturm - Mittelstürmer Fuß: rechts Spielerberater: MTIM Group Aktueller Verein: SK Artis Brünn Im Team seit: 08.09.2026 Vertrag bis: 30.06.2028 Social Media:",CONFIRMED,https://www.transfermarkt.de/vladimir-perisic/profil/spieler/760492,a1d698698520b8561ac8e656f5e451c785be29eb6ae5a08a979a5b2d4ba2e153,2026-09-12T20:09:18.324530+00:00,2026-09-12,2026-09-12T20:15:16.500225+00:00
763182,Josué Casimir,,2001-09-24,121,Dinamo Moskau,77,2026-09-10,2027-06-30,Sturm - Rechtsaußen,rechts,"1,78 m",Haiti Guadeloupe,290,AJ Auxerre,2028-06-30,"Geb./Alter: 24.09.2001 (24) Geburtsort: Baie-Mahault Größe: 1,78 m Staatsbürgerschaft: Haiti Guadeloupe Position: Sturm - Rechtsaußen Fuß: rechts Spielerberater: ND SPORTS MANAGEMENT Aktueller Verein: Dinamo Moskau Im Team seit: 10.09.2026 Vertrag bis: 30.06.2027 Vertragsoption: Kaufoption Ausgeliehen von: AJ Auxerre Vertrag dort bis: 30.06.2028",CONFIRMED,https://www.transfermarkt.de/josue-casimir/profil/spieler/763182,1e233e11251c55a1e5360f02486aa46a827b821759cdf9cea9196301af3b1047,2026-09-12T20:09:19.444820+00:00,2026-09-12,2026-09-12T20:15:16.706281+00:00
768562,Bénito,,2003-08-21,2431,CF Estrela Amadora,92,2026-07-01,2029-06-30,Sturm - Linksaußen,beidfüßig,"1,91 m",Frankreich Kongo,,,,"Vollständiger Name: Beni Yvan Roy Loussakou Souza Geb./Alter: 21.08.2003 (23) Geburtsort: Tremblay-en-France Größe: 1,91 m Staatsbürgerschaft: Frankreich Kongo Position: Sturm - Linksaußen Fuß: beidfüßig Spielerberater: GF Soccer Aktueller Verein: CF Estrela Amadora Im Team seit: 01.07.2026 Vertrag bis: 30.06.2029 Ausrüster: adidas",CONFIRMED,https://www.transfermarkt.de/benito/profil/spieler/768562,bbaa708af7a31a7e761cd7fe1504987117052296dc7bc2ad3ccd658392440c16,2026-09-12T20:09:20.375103+00:00,2026-09-12,2026-09-12T20:15:16.917859+00:00
797824,Nail Omerovic,Nail Omerović,2002-10-20,1465,GD Estoril Praia,11,2026-09-04,2029-06-30,Sturm - Linksaußen,rechts,"1,74 m",Bosnien-Herzegowina,,,,"Name im Heimatland: Nail Omerović Geb./Alter: 20.10.2002 (23) Geburtsort: Tuzla Größe: 1,74 m Staatsbürgerschaft: Bosnien-Herzegowina Position: Sturm - Linksaußen Fuß: rechts Spielerberater: CAA Stellar Aktueller Verein: GD Estoril Praia Im Team seit: 04.09.2026 Vertrag bis: 30.06.2029",CONFIRMED,https://www.transfermarkt.de/nail-omerovic/profil/spieler/797824,0b85a25c47ba7f554ae324ed684d8b0667a24ca46202721da113cf9610d30af8,2026-09-12T20:09:21.455656+00:00,2026-09-12,2026-09-12T20:15:17.149211+00:00
800177,Rildo,Rildo Gonçalves de Amorim Filho,2000-01-21,2035,Avaí FC (SC),,2026-09-10,2027-06-30,Mittelfeld - Offensives Mittelfeld,rechts,"1,78 m",Brasilien,2423,CD Santa Clara,2027-06-30,"Name im Heimatland: Rildo Gonçalves de Amorim Filho Vollständiger Name: Rildo Gonçalves de Amorim Filho Geb./Alter: 21.01.2000 (26) Geburtsort: Rondonópolis Größe: 1,78 m Staatsbürgerschaft: Brasilien Position: Mittelfeld - Offensives Mittelfeld Fuß: rechts Spielerberater: Fama Sports Aktueller Verein: Avaí FC (SC) Im Team seit: 10.09.2026 Vertrag bis: 30.06.2027 Ausgeliehen von: CD Santa Clara Vertrag dort bis: 30.06.2027 Social Media:",CONFIRMED,https://www.transfermarkt.de/rildo/profil/spieler/800177,7b8fbde38150084626d7b0d7077639c584e1d29c41e5fbcdd52e203458ad36ca,2026-09-12T20:09:22.501868+00:00,2026-09-12,2026-09-12T20:15:17.341254+00:00
807689,Frank Magri,Frank Mario Magri,1999-09-04,6297,Al-Gharafa SC,9,2026-08-19,2028-06-30,Sturm - Mittelstürmer,rechts,"1,78 m",Kamerun Frankreich,,,,"Name im Heimatland: Frank Mario Magri Geb./Alter: 04.09.1999 (27) Geburtsort: Agen Größe: 1,78 m Staatsbürgerschaft: Kamerun Frankreich Position: Sturm - Mittelstürmer Fuß: rechts Spielerberater: DWMA Aktueller Verein: Al-Gharafa SC Im Team seit: 19.08.2026 Vertrag bis: 30.06.2028",CONFIRMED,https://www.transfermarkt.de/frank-magri/profil/spieler/807689,0b7a4bf8d0388150488d192f934c4ac624593b75d5078a676a825b5e8dad57d6,2026-09-12T20:15:18.077887+00:00,2026-09-12,2026-09-12T20:15:18.099892+00:00
810846,Kaylen,,2004-04-05,385,Fortuna Sittard,33,2026-08-07,2027-06-30,Torwart,,"2,00 m",Deutschland Brasilien,,,,"Vollständiger Name: Kaylen Lage de Santana Reitmaier Geb./Alter: 05.04.2004 (22) Größe: 2,00 m Staatsbürgerschaft: Deutschland Brasilien Position: Torwart Aktueller Verein: Fortuna Sittard Im Team seit: 07.08.2026 Vertrag bis: 30.06.2027 Vertragsoption: vereinsseitig 1 Jahr Ausrüster: adidas Social Media:",CONFIRMED,https://www.transfermarkt.de/kaylen/profil/spieler/810846,b186e93809e1c410f1aea6a45ae06f6e55c4c824242dd5688e149df946158333,2026-09-12T20:09:23.518635+00:00,2026-09-12,2026-09-12T20:15:18.328372+00:00
811432,Alexandre Parsemain,Alexandre Nicolas Duville-Parsemain,2003-05-27,979,Moreirense FC,9,2026-07-02,2030-06-30,Sturm - Mittelstürmer,rechts,"1,85 m",Martinique Frankreich,,,,"Name im Heimatland: Alexandre Nicolas Duville-Parsemain Geb./Alter: 27.05.2003 (23) Geburtsort: Fort-de-France Größe: 1,85 m Staatsbürgerschaft: Martinique Frankreich Position: Sturm - Mittelstürmer Fuß: rechts Spielerberater: THE·TEAM Aktueller Verein: Moreirense FC Im Team seit: 02.07.2026 Vertrag bis: 30.06.2030",CONFIRMED,https://www.transfermarkt.de/alexandre-parsemain/profil/spieler/811432,677f085a91f131802d70efd810db649a02f929c3bad24dda85a4440abd7f58bc,2026-09-12T20:09:24.417386+00:00,2026-09-12,2026-09-12T20:15:18.523266+00:00
812010,David Latal,David Látal,2003-01-21,2077,Sperre,,2026-08-04,,Sturm - Mittelstürmer,rechts,"1,89 m",Tschechien,,,,"Name im Heimatland: David Látal Geb./Alter: 21.01.2003 (23) Größe: 1,89 m Staatsbürgerschaft: Tschechien Position: Sturm - Mittelstürmer Fuß: rechts Spielerberater: Familienangehörige Aktueller Verein: Sperre Im Team seit: 04.08.2026 Vertrag bis: -",CONFIRMED,https://www.transfermarkt.de/david-latal/profil/spieler/812010,fabe5fc6adc993710fdc050086351ee222df1204271be7dae03dd9be19cedcd6,2026-09-12T20:09:25.408380+00:00,2026-09-12,2026-09-12T20:15:18.710908+00:00
816875,Denis Halinsky,,2003-07-13,1496,FK Pardubice,33,2026-09-04,2026-12-31,Abwehr - Innenverteidiger,rechts,"1,85 m",Tschechien,62,SK Slavia Prag,2030-06-30,"Geb./Alter: 13.07.2003 (23) Größe: 1,85 m Staatsbürgerschaft: Tschechien Position: Abwehr - Innenverteidiger Fuß: rechts Spielerberater: TOP SPORT MANAGEMENT Aktueller Verein: FK Pardubice Im Team seit: 04.09.2026 Vertrag bis: 31.12.2026 Ausgeliehen von: SK Slavia Prag Vertrag dort bis: 30.06.2030",CONFIRMED,https://www.transfermarkt.de/denis-halinsky/profil/spieler/816875,f4bfaf20311a25c5d87725c47acc0acfc42b513ba313df15d802f2184226ea18,2026-09-12T20:09:26.423938+00:00,2026-09-12,2026-09-12T20:15:18.904933+00:00
839538,Filip Kolar,Filip Kolář,2005-06-06,22729,FK Mlada Boleslav B,13,2024-07-01,,Abwehr - Linker Verteidiger,,"1,84 m",Tschechien,,,,"Name im Heimatland: Filip Kolář Geb./Alter: 06.06.2005 (21) Größe: 1,84 m Staatsbürgerschaft: Tschechien Position: Abwehr - Linker Verteidiger Aktueller Verein: FK Mlada Boleslav B Im Team seit: 01.07.2024 Vertrag bis: - 2. Verein: FK Mlada Boleslav (#38)",CONFIRMED,https://www.transfermarkt.de/filip-kolar/profil/spieler/839538,b8f390aac59b79cdab44e48d27e24fd7fe38ca6980350bf81561e08e86e35dd8,2026-09-12T20:09:27.525686+00:00,2026-09-12,2026-09-12T20:15:19.083972+00:00
839551,Ondrej Kricfalusi,Ondřej Kričfaluši,2004-03-09,3948,Union Saint-Gilloise,80,2026-07-01,2030-06-30,Mittelfeld - Defensives Mittelfeld,rechts,"1,95 m",Tschechien,,,,"Name im Heimatland: Ondřej Kričfaluši Geb./Alter: 09.03.2004 (22) Geburtsort: Sokolov Größe: 1,95 m Staatsbürgerschaft: Tschechien Position: Mittelfeld - Defensives Mittelfeld Fuß: rechts Spielerberater: SPORT INVEST Aktueller Verein: Union Saint-Gilloise Im Team seit: 01.07.2026 Vertrag bis: 30.06.2030",CONFIRMED,https://www.transfermarkt.de/ondrej-kricfalusi/profil/spieler/839551,ddff822ca38b5b072162f8b442ad5ae213100c1ecb6d17b00bcdc2c284d04d99,2026-09-12T20:09:28.430176+00:00,2026-09-12,2026-09-12T20:15:19.284284+00:00
858324,Djordje Gordic,Ђорђе Гордић,2004-11-05,5026,Lommel SK,22,2023-01-03,2027-06-30,Mittelfeld - Zentrales Mittelfeld,rechts,"1,88 m",Serbien,,,,"Name im Heimatland: Ђорђе Гордић Geb./Alter: 05.11.2004 (21) Geburtsort: Priboj Größe: 1,88 m Staatsbürgerschaft: Serbien Position: Mittelfeld - Zentrales Mittelfeld Fuß: rechts Spielerberater: MTIM Group Aktueller Verein: Lommel SK Im Team seit: 03.01.2023 Vertrag bis: 30.06.2027 Social Media:",CONFIRMED,https://www.transfermarkt.de/djordje-gordic/profil/spieler/858324,45736d88af2b5f6c84b7fbbfaa86ea72f3533997b4d157708a9f14b8711f706f,2026-09-12T20:09:29.471389+00:00,2026-09-12,2026-09-12T20:15:19.478328+00:00
865793,Nariman Akhundzada,Nəriman Əhməd oğlu Axundzadə,2004-04-23,39722,Erzurumspor FK,90,2026-08-03,2027-06-30,Sturm - Mittelstürmer,links,"1,85 m",Aserbaidschan,813,Columbus Crew,2029-06-30,"Name im Heimatland: Nəriman Əhməd oğlu Axundzadə Geb./Alter: 23.04.2004 (22) Geburtsort: Lankaran Größe: 1,85 m Staatsbürgerschaft: Aserbaidschan Position: Sturm - Mittelstürmer Fuß: links Spielerberater: FLM Aktueller Verein: Erzurumspor FK Im Team seit: 03.08.2026 Vertrag bis: 30.06.2027 Ausgeliehen von: Columbus Crew Vertrag dort bis: 30.06.2029",CONFIRMED,https://www.transfermarkt.de/nariman-akhundzada/profil/spieler/865793,19b21ff9e61a1db1d24b14e4c2e2b3aa34ee25240ae8e7d1a618719358aa86b6,2026-09-12T20:09:30.328704+00:00,2026-09-12,2026-09-12T20:15:19.674372+00:00
866607,Niko Kovač,,2005-04-08,1005,US Lecce,80,2026-07-01,2029-06-30,Mittelfeld - Defensives Mittelfeld,beidfüßig,"1,85 m",Bosnien-Herzegowina Deutschland,,,,"Geb./Alter: 08.04.2005 (21) Geburtsort: Frankfurt am Main Größe: 1,85 m Staatsbürgerschaft: Bosnien-Herzegowina Deutschland Position: Mittelfeld - Defensives Mittelfeld Fuß: beidfüßig Spielerberater: Familienangehörige Aktueller Verein: US Lecce Im Team seit: 01.07.2026 Vertrag bis: 30.06.2029",CONFIRMED,https://www.transfermarkt.de/niko-kovac/profil/spieler/866607,1919b6387770a0e537f273e3e445d095382c24ba1e85af62416a30b794e8c017,2026-09-12T20:09:31.354573+00:00,2026-09-12,2026-09-12T20:15:19.868416+00:00
890272,Karol Borys,,2006-09-28,759,Slask Wroclaw,18,2026-09-09,2029-06-30,Mittelfeld - Offensives Mittelfeld,links,"1,74 m",Polen,,,,"Geb./Alter: 28.09.2006 (19) Geburtsort: Otmuchów Größe: 1,74 m Staatsbürgerschaft: Polen Position: Mittelfeld - Offensives Mittelfeld Fuß: links Spielerberater: SEG Aktueller Verein: Slask Wroclaw Im Team seit: 09.09.2026 Vertrag bis: 30.06.2029",CONFIRMED,https://www.transfermarkt.de/karol-borys/profil/spieler/890272,54835a3a44952d7d5ce5fc56fbbf7dcbfa50d12c4bba48c5b42232d886bdc450,2026-09-12T20:09:32.539735+00:00,2026-09-12,2026-09-12T20:15:20.072368+00:00
891070,Stanislav Petruța,Stanislav Petruța,2005-10-16,5545,FC Zlin,10,2026-09-08,2027-06-30,Mittelfeld - Defensives Mittelfeld,,"1,81 m",Tschechien Moldawien,377,FC Banik Ostrau,,"Name im Heimatland: Stanislav Petruța Geb./Alter: 16.10.2005 (20) Geburtsort: Cahul Größe: 1,81 m Staatsbürgerschaft: Tschechien Moldawien Position: Mittelfeld - Defensives Mittelfeld Spielerberater: AM-PRO Players ... Aktueller Verein: FC Zlin Im Team seit: 08.09.2026 Vertrag bis: 30.06.2027 Ausgeliehen von: FC Banik Ostrau Vertrag dort bis: - Social Media:",CONFIRMED,https://www.transfermarkt.de/stanislav-petruta/profil/spieler/891070,7e7c308701f7b970cc5f9e55c2c9f9e909f1019b6eef75de7ac61844c49d2031,2026-09-12T20:09:33.385349+00:00,2026-09-12,2026-09-12T20:15:20.273412+00:00
898137,Martin Gjorgievski,Мартин Ѓоргиевски,2005-02-28,20758,MFK Dukla Banska Bystrica,,2026-09-11,2026-12-31,Mittelfeld - Zentrales Mittelfeld,rechts,"1,83 m",Nordmazedonien Bulgarien,5225,FC Zbrojovka Brünn,,"Name im Heimatland: Мартин Ѓоргиевски Geb./Alter: 28.02.2005 (21) Geburtsort: Ohrid Größe: 1,83 m Staatsbürgerschaft: Nordmazedonien Bulgarien Position: Mittelfeld - Zentrales Mittelfeld Fuß: rechts Spielerberater: Fisher Sport Ltd Aktueller Verein: MFK Dukla Banska Bystrica Im Team seit: 11.09.2026 Vertrag bis: 31.12.2026 Ausgeliehen von: FC Zbrojovka Brünn Vertrag dort bis: -",CONFIRMED,https://www.transfermarkt.de/martin-gjorgievski/profil/spieler/898137,80ead02db7b08e731fcfa9337150892749c1c71bc46c06fa04f3bf70301c878b,2026-09-12T20:09:34.440374+00:00,2026-09-12,2026-09-12T20:15:20.471514+00:00
900037,Tom Akpakoun,,2005-04-22,515,Vereinslos,,2026-07-01,,Abwehr - Innenverteidiger,rechts,"1,74 m",Frankreich Benin,,,,"Geb./Alter: 22.04.2005 (21) Geburtsort: Nîmes Größe: 1,74 m Staatsbürgerschaft: Frankreich Benin Position: Abwehr - Innenverteidiger Fuß: rechts Spielerberater: Soccermax Aktueller Verein: Vereinslos Im Team seit: 01.07.2026 Vertrag bis: - Social Media:",CONFIRMED,https://www.transfermarkt.de/tom-akpakoun/profil/spieler/900037,770c0913a9e6c1e27bd9764a006b54c32d72bbb7d2b2c2fdb686029078f57204,2026-09-12T20:09:35.389003+00:00,2026-09-12,2026-09-12T20:15:20.654022+00:00
902869,Rica Rocha,Ricardo Joaquim Ferreira Rocha,2003-09-07,15136,Vitória Guimarães SC B,80,2024-07-01,2028-06-30,Mittelfeld - Defensives Mittelfeld,beidfüßig,"1,82 m",Portugal,,,,"Name im Heimatland: Ricardo Joaquim Ferreira Rocha Geb./Alter: 07.09.2003 (23) Geburtsort: Espinho Größe: 1,82 m Staatsbürgerschaft: Portugal Position: Mittelfeld - Defensives Mittelfeld Fuß: beidfüßig Aktueller Verein: Vitória Guimarães SC B Im Team seit: 01.07.2024 Vertrag bis: 30.06.2028 2. Verein: Vitória Guimarães SC (#80)",CONFIRMED,https://www.transfermarkt.de/rica-rocha/profil/spieler/902869,2d6114081ecf00accc2a3670ebbc81faed8ab51e5c7eeb6d48aaefa43ca30217,2026-09-12T20:09:36.599523+00:00,2026-09-12,2026-09-12T20:15:20.892742+00:00
906307,Diogo Dias,Diogo Alexandre Aranha Dias,2003-06-17,1465,GD Estoril Praia,23,2025-07-01,2027-06-30,Torwart,rechts,"1,88 m",Portugal,,,,"Name im Heimatland: Diogo Alexandre Aranha Dias Geb./Alter: 17.06.2003 (23) Geburtsort: Cascais Größe: 1,88 m Staatsbürgerschaft: Portugal Position: Torwart Fuß: rechts Spielerberater: Sferico Sports ... Aktueller Verein: GD Estoril Praia Im Team seit: 01.07.2025 Vertrag bis: 30.06.2027 Letzte Verlängerung: 02.07.2026",CONFIRMED,https://www.transfermarkt.de/diogo-dias/profil/spieler/906307,04cf6925bec3a6cde18edcea2a8e4f23301455a3006837fa0331f4dc95bb32da,2026-09-12T20:09:37.823210+00:00,2026-09-12,2026-09-12T20:15:21.086791+00:00
924800,Axel Camblan,Axel Jorge Serge Alain Camblan,2003-08-30,1465,GD Estoril Praia,9,2026-09-03,2029-06-30,Sturm - Rechtsaußen,rechts,"1,74 m",Frankreich,,,,"Name im Heimatland: Axel Jorge Serge Alain Camblan Geb./Alter: 30.08.2003 (23) Geburtsort: Brest Größe: 1,74 m Staatsbürgerschaft: Frankreich Position: Sturm - Rechtsaußen Fuß: rechts Spielerberater: ARANEA Aktueller Verein: GD Estoril Praia Im Team seit: 03.09.2026 Vertrag bis: 30.06.2029",CONFIRMED,https://www.transfermarkt.de/axel-camblan/profil/spieler/924800,d8fda5333927b03469d8989ff95ed932c0494467f4a6e418fd9258513d851ed3,2026-09-12T20:09:38.607253+00:00,2026-09-12,2026-09-12T20:15:21.319117+00:00
925845,Augusto Owusu,Augusto Seedorf Owusu,2005-01-28,506,Juventus Turin,41,2026-09-07,2028-06-30,Mittelfeld - Zentrales Mittelfeld,rechts,"1,89 m",Italien Ghana,,,,"Name im Heimatland: Augusto Seedorf Owusu Geb./Alter: 28.01.2005 (21) Geburtsort: Torino Größe: 1,89 m Staatsbürgerschaft: Italien Ghana Position: Mittelfeld - Zentrales Mittelfeld Fuß: rechts Spielerberater: The Football Street Aktueller Verein: Juventus Turin Im Team seit: 07.09.2026 Vertrag bis: 30.06.2028 2. Verein: Juventus Next Gen (#8) Social Media:",CONFIRMED,https://www.transfermarkt.de/augusto-owusu/profil/spieler/925845,27d1a74bdab538ceef5a6a8dd34d54a0004325ca0cca82eb492c8f8697dd0a47,2026-09-12T20:09:39.513610+00:00,2026-09-12,2026-09-12T20:15:21.556076+00:00
926766,Johaneko Louis-Jean,,2004-06-28,6688,Bilbao Athletic,12,2024-08-07,2027-06-30,Abwehr - Rechter Verteidiger,rechts,"1,75 m",Frankreich,,,,"Geb./Alter: 28.06.2004 (22) Geburtsort: Bayonne Größe: 1,75 m Staatsbürgerschaft: Frankreich Position: Abwehr - Rechter Verteidiger Fuß: rechts Aktueller Verein: Bilbao Athletic Im Team seit: 07.08.2024 Vertrag bis: 30.06.2027 2. Verein: Athletic Bilbao (#31)",CONFIRMED,https://www.transfermarkt.de/johaneko-louis-jean/profil/spieler/926766,bd858392874d8723ed5d87390d6446ab67c8b954f5e53f69a6359e3114d11df5,2026-09-12T20:09:40.533838+00:00,2026-09-12,2026-09-12T20:15:21.752312+00:00
927714,Carlos Eduardo,,2002-08-10,63993,Sabah FK,,2026-09-09,2027-06-30,Sturm - Mittelstürmer,links,"1,92 m",Brasilien,2424,Gil Vicente FC,2028-06-30,"Vollständiger Name: Carlos Eduardo Borges Parente Geb./Alter: 10.08.2002 (24) Geburtsort: Santa Catarina Größe: 1,92 m Staatsbürgerschaft: Brasilien Position: Sturm - Mittelstürmer Fuß: links Spielerberater: Foottalent ... Aktueller Verein: Sabah FK Im Team seit: 09.09.2026 Vertrag bis: 30.06.2027 Vertragsoption: Kaufoption Ausgeliehen von: Gil Vicente FC Vertrag dort bis: 30.06.2028",CONFIRMED,https://www.transfermarkt.de/carlos-eduardo/profil/spieler/927714,5fea76b272e4c34e96e11dd5a501de7739ae74d16e93d146f31540a635881309,2026-09-12T20:09:41.421054+00:00,2026-09-12,2026-09-12T20:15:22.057079+00:00
935507,Axel Drouhin,,2000-03-18,601,KV Kortrijk,21,2026-09-03,2029-06-30,Abwehr - Innenverteidiger,rechts,"1,87 m",Frankreich,,,,"Geb./Alter: 18.03.2000 (26) Geburtsort: Dijon Größe: 1,87 m Staatsbürgerschaft: Frankreich Position: Abwehr - Innenverteidiger Fuß: rechts Spielerberater: PASSE-D Aktueller Verein: KV Kortrijk Im Team seit: 03.09.2026 Vertrag bis: 30.06.2029 Social Media:",CONFIRMED,https://www.transfermarkt.de/axel-drouhin/profil/spieler/935507,f4b672c7f57118a31acb38f0c24572b8167d0976515ce56a68c69b766c145e07,2026-09-12T20:09:42.485665+00:00,2026-09-12,2026-09-12T20:15:22.260603+00:00
936684,Saad El Haddad,سعد الحداد,2005-07-24,11083,NK Rudes,,2026-09-07,2026-12-31,Mittelfeld - Offensives Mittelfeld,rechts,"1,75 m",Marokko Italien,607,Venezia FC,2027-06-30,"Name im Heimatland: سعد الحداد Geb./Alter: 24.07.2005 (21) Geburtsort: Genova Größe: 1,75 m Staatsbürgerschaft: Marokko Italien Position: Mittelfeld - Offensives Mittelfeld Fuß: rechts Spielerberater: PDP s.r.l.  ... Aktueller Verein: NK Rudes Im Team seit: 07.09.2026 Vertrag bis: 31.12.2026 Ausgeliehen von: Venezia FC Vertrag dort bis: 30.06.2027",CONFIRMED,https://www.transfermarkt.de/saad-el-haddad/profil/spieler/936684,f12b0e943f8c2e9cebf9524d50754cd10e4a5235ce7b0935d65a98e51d31c703,2026-09-12T20:09:43.474331+00:00,2026-09-12,2026-09-12T20:15:22.482653+00:00
940793,David Nykrin,David Nykrín,2004-06-28,6488,FK Jablonec B,,2021-07-01,,Abwehr - Linker Verteidiger,links,"1,75 m",Tschechien,,,,"Name im Heimatland: David Nykrín Geb./Alter: 28.06.2004 (22) Größe: 1,75 m Staatsbürgerschaft: Tschechien Position: Abwehr - Linker Verteidiger Fuß: links Aktueller Verein: FK Jablonec B Im Team seit: 01.07.2021 Vertrag bis: - 2. Verein: FK Jablonec (#12)",CONFIRMED,https://www.transfermarkt.de/david-nykrin/profil/spieler/940793,9fb551164fc1f2b3f3fd21294017510850d5020f7a4e34cc3594bb230ccf2245,2026-09-12T20:09:44.677389+00:00,2026-09-12,2026-09-12T20:15:22.716539+00:00
941029,Dominik Mares,Dominik Mareš,2003-02-03,5546,FK Mlada Boleslav,24,2025-01-10,,Mittelfeld - Rechtes Mittelfeld,rechts,"1,86 m",Tschechien,,,,"Name im Heimatland: Dominik Mareš Geb./Alter: 03.02.2003 (23) Größe: 1,86 m Staatsbürgerschaft: Tschechien Position: Mittelfeld - Rechtes Mittelfeld Fuß: rechts Aktueller Verein: FK Mlada Boleslav Im Team seit: 10.01.2025 Vertrag bis: -",CONFIRMED,https://www.transfermarkt.de/dominik-mares/profil/spieler/941029,5dea33fc95fc4c446139b5c9e266eb7ed1c876af3663d9d3020a0ad6b97ddea1,2026-09-12T20:09:45.973082+00:00,2026-09-12,2026-09-12T20:15:22.904583+00:00
943864,Colin Andrew,,2004-02-25,5225,FC Zbrojovka Brünn,30,2026-02-11,,Torwart,links,"1,98 m",Tschechien Nigeria,,,,"Geb./Alter: 25.02.2004 (22) Geburtsort: Praha Größe: 1,98 m Staatsbürgerschaft: Tschechien Nigeria Position: Torwart Fuß: links Spielerberater: STIG Aktueller Verein: FC Zbrojovka Brünn Im Team seit: 11.02.2026 Vertrag bis: -",CONFIRMED,https://www.transfermarkt.de/colin-andrew/profil/spieler/943864,478e45c4667ce3a674cc28930c9f63f75989a7667a6d5741ce79fb5918adc032,2026-09-12T20:09:46.455913+00:00,2026-09-12,2026-09-12T20:15:23.155143+00:00
946616,Timo Schreuder,Timo Christian Schreuder,2006-09-25,24368,SC Heerenveen U21,,2025-07-01,2026-06-30,Torwart,,,Niederlande,,,,Name im Heimatland: Timo Christian Schreuder Geb./Alter: 25.09.2006 (19) Geburtsort: Purmerend Staatsbürgerschaft: Niederlande Position: Torwart Aktueller Verein: SC Heerenveen U21 Im Team seit: 01.07.2025 Vertrag bis: 30.06.2026 Vertragsoption: vereinsseitig 1 Jahr 2. Verein: SC Heerenveen (#30),CONFIRMED,https://www.transfermarkt.de/timo-schreuder/profil/spieler/946616,3bb981785e59e3128692088ee4a8c7a32b51738d9d449653163e82b76f06c28b,2026-09-12T20:09:47.453103+00:00,2026-09-12,2026-09-12T20:15:23.568677+00:00
946964,Viktor Damjanic,Viktor Damjanić,2005-11-03,2727,Oud-Heverlee Leuven,15,2025-07-23,2028-06-30,Abwehr - Innenverteidiger,links,"1,95 m",Kroatien,,,,"Name im Heimatland: Viktor Damjanić Geb./Alter: 03.11.2005 (20) Geburtsort: Šibenik Größe: 1,95 m Staatsbürgerschaft: Kroatien Position: Abwehr - Innenverteidiger Fuß: links Spielerberater: Universal Twenty Two Aktueller Verein: Oud-Heverlee Leuven Im Team seit: 23.07.2025 Vertrag bis: 30.06.2028 Social Media:",CONFIRMED,https://www.transfermarkt.de/viktor-damjanic/profil/spieler/946964,44103bff85743ef630b92ac7603855af785b9a6cd3c0b9278ee0388af5c0bfb0,2026-09-12T20:09:48.555404+00:00,2026-09-12,2026-09-12T20:15:24.011800+00:00
951101,Jimte Scholten,,2006-03-09,24368,SC Heerenveen U21,,2025-07-01,2027-06-30,Abwehr - Rechter Verteidiger,rechts,,Niederlande,,,,Geb./Alter: 09.03.2006 (20) Staatsbürgerschaft: Niederlande Position: Abwehr - Rechter Verteidiger Fuß: rechts Spielerberater: SportLife Management Aktueller Verein: SC Heerenveen U21 Im Team seit: 01.07.2025 Vertrag bis: 30.06.2027 Vertragsoption: vereinsseitig 1 Jahr Letzte Verlängerung: 10.06.2026 2. Verein: SC Heerenveen (#41),CONFIRMED,https://www.transfermarkt.de/jimte-scholten/profil/spieler/951101,9915347d2fcc0321dda1828a1bc3281076561046f30c539d70561a3012f8d4b9,2026-09-12T20:09:49.418682+00:00,2026-09-12,2026-09-12T20:15:24.435643+00:00
952093,Burak Enes Yıkıcı,,2004-03-29,2832,Gaziantep FK,,2024-07-01,2027-06-30,Mittelfeld - Offensives Mittelfeld,,,Türkei,,,,Geb./Alter: 29.03.2004 (22) Geburtsort: Gaziantep Staatsbürgerschaft: Türkei Position: Mittelfeld - Offensives Mittelfeld Aktueller Verein: Gaziantep FK Im Team seit: 01.07.2024 Vertrag bis: 30.06.2027,CONFIRMED,https://www.transfermarkt.de/burak-enes-yikici/profil/spieler/952093,19f3036e8495e528beff991771e4fa84aef6e1861a3c8099b30829408f71805e,2026-09-12T20:09:50.560883+00:00,2026-09-12,2026-09-12T20:15:24.887845+00:00
956050,Bill Antonio,Bill Leeroy Antonio,2002-09-03,354,KV Mechelen,29,2024-01-01,2027-06-30,Sturm - Rechtsaußen,rechts,"1,77 m",Simbabwe,,,,"Name im Heimatland: Bill Leeroy Antonio Geb./Alter: 03.09.2002 (24) Geburtsort: Harare Größe: 1,77 m Staatsbürgerschaft: Simbabwe Position: Sturm - Rechtsaußen Fuß: rechts Aktueller Verein: KV Mechelen Im Team seit: 01.01.2024 Vertrag bis: 30.06.2027 Vertragsoption: vereinsseitig 1 Jahr Letzte Verlängerung: 23.02.2024 Social Media:",CONFIRMED,https://www.transfermarkt.de/bill-antonio/profil/spieler/956050,ef1806b70c1f80ff7a26b2968fea05cae8c31c4492836a2e60c71309fff82e69,2026-09-12T20:09:51.639636+00:00,2026-09-12,2026-09-12T20:15:25.352328+00:00
957822,Eddy Kouadio,Eddy Nda Konan Kouadio,2006-05-03,2919,AC Monza,60,2026-07-08,2027-06-30,Abwehr - Innenverteidiger,rechts,"1,91 m",Italien Elfenbeinküste,430,AC Florenz,2030-06-30,"Name im Heimatland: Eddy Nda Konan Kouadio Geb./Alter: 03.05.2006 (20) Geburtsort: Prato Größe: 1,91 m Staatsbürgerschaft: Italien Elfenbeinküste Position: Abwehr - Innenverteidiger Fuß: rechts Spielerberater: GEA FIRST Aktueller Verein: AC Monza Im Team seit: 08.07.2026 Vertrag bis: 30.06.2027 Ausgeliehen von: AC Florenz Vertrag dort bis: 30.06.2030",CONFIRMED,https://www.transfermarkt.de/eddy-kouadio/profil/spieler/957822,68501dc01f8a14f0c6c9354e85ef827bc35e62a847f88f0d018ecde3aab70a4c,2026-09-12T20:09:52.602629+00:00,2026-09-12,2026-09-12T20:15:25.810453+00:00
958931,Afonso Vieira,Afonso Fernandes Lopes Vieira,2007-01-12,142579,Moreirense FC Sub-23,89,2026-07-01,2027-06-30,Sturm - Linksaußen,links,,Portugal,,,,Name im Heimatland: Afonso Fernandes Lopes Vieira Geb./Alter: 12.01.2007 (19) Geburtsort: Guimarães Staatsbürgerschaft: Portugal Position: Sturm - Linksaußen Fuß: links Spielerberater: MNM Sports ... Aktueller Verein: Moreirense FC Sub-23 Im Team seit: 01.07.2026 Vertrag bis: 30.06.2027 2. Verein: Moreirense FC (#89),CONFIRMED,https://www.transfermarkt.de/afonso-vieira/profil/spieler/958931,7dc92e2d6dec24b6932ed52b27ecee6feb30ce15fb5d456126fc6db6aa176d8d,2026-09-12T20:09:53.529195+00:00,2026-09-12,2026-09-12T20:15:26.262533+00:00
959049,João Trovisco,João Pedro Costa Trovisco,2007-10-23,10789,SC Braga B,87,2026-07-01,2029-06-30,Mittelfeld - Offensives Mittelfeld,rechts,,Portugal,,,,Name im Heimatland: João Pedro Costa Trovisco Geb./Alter: 23.10.2007 (18) Geburtsort: Braga Staatsbürgerschaft: Portugal Position: Mittelfeld - Offensives Mittelfeld Fuß: rechts Spielerberater: FIA Football Aktueller Verein: SC Braga B Im Team seit: 01.07.2026 Vertrag bis: 30.06.2029 2. Verein: SC Braga (#87),CONFIRMED,https://www.transfermarkt.de/joao-trovisco/profil/spieler/959049,bcfd313b08375150ccbcb76e38861bbb2dd6d88cc77cda9d27c6930bcb42254f,2026-09-12T20:09:54.395415+00:00,2026-09-12,2026-09-12T20:15:26.745642+00:00
961087,Pablo García,Pablo García Fernández,2006-06-13,630,Racing Santander,15,2026-09-01,2030-06-30,Sturm - Rechtsaußen,links,"1,75 m",Spanien,,,,"Name im Heimatland: Pablo García Fernández Geb./Alter: 13.06.2006 (20) Geburtsort: Sevilla Größe: 1,75 m Staatsbürgerschaft: Spanien Position: Sturm - Rechtsaußen Fuß: links Spielerberater: AS1 Aktueller Verein: Racing Santander Im Team seit: 01.09.2026 Vertrag bis: 30.06.2030 Ausrüster: adidas Social Media:",CONFIRMED,https://www.transfermarkt.de/pablo-garcia/profil/spieler/961087,4ddd21713de9444dee966a6331b57da617d1c596cdc834584a9a8c964c37c001,2026-09-12T20:09:55.444594+00:00,2026-09-12,2026-09-12T20:15:27.262823+00:00
962555,Abakar Sylla,Abakar Loubadhe Sylla,2002-12-25,2832,Gaziantep FK,21,2026-09-04,2028-06-30,Abwehr - Innenverteidiger,links,"1,88 m",Elfenbeinküste,,,,"Name im Heimatland: Abakar Loubadhe Sylla Geb./Alter: 25.12.2002 (23) Geburtsort: Daloa Größe: 1,88 m Staatsbürgerschaft: Elfenbeinküste Position: Abwehr - Innenverteidiger Fuß: links Spielerberater: Team Sylla Aktueller Verein: Gaziantep FK Im Team seit: 04.09.2026 Vertrag bis: 30.06.2028 Vertragsoption: ein weiteres Jahr Social Media:",CONFIRMED,https://www.transfermarkt.de/abakar-sylla/profil/spieler/962555,37845a192952312c9c0a1eba739f019de2bc43ec65994172510be1791406fe14,2026-09-12T20:09:56.654402+00:00,2026-09-12,2026-09-12T20:15:27.776631+00:00
975321,Mohamed Yasser,Mohamed Yasser Nour,2001-05-05,715,Bohemians Prag 1905,,2026-09-01,2029-06-30,Sturm - Mittelstürmer,,"1,93 m",Ägypten,,,,"Name im Heimatland: Mohamed Yasser Nour Geb./Alter: 05.05.2001 (25) Geburtsort: Sherbin Größe: 1,93 m Staatsbürgerschaft: Ägypten Position: Sturm - Mittelstürmer Spielerberater: JM Management,s.r.o. Aktueller Verein: Bohemians Prag 1905 Im Team seit: 01.09.2026 Vertrag bis: 30.06.2029",CONFIRMED,https://www.transfermarkt.de/mohamed-yasser/profil/spieler/975321,4fb4d574fb4d8a7bbb8eec8ade97b3788a0dfba9b105db2f8af4f0eac624fe80,2026-09-12T20:09:57.415038+00:00,2026-09-12,2026-09-12T20:15:28.297348+00:00
993333,Bas Langenbick,,2003-06-16,520,Cercle Brügge,84,2024-01-01,2028-06-30,Torwart,rechts,"1,89 m",Belgien,,,,"Geb./Alter: 16.06.2003 (23) Größe: 1,89 m Staatsbürgerschaft: Belgien Position: Torwart Fuß: rechts Spielerberater: International Sport ... Aktueller Verein: Cercle Brügge Im Team seit: 01.01.2024 Vertrag bis: 30.06.2028 Vertragsoption: vereinsseitig 1 Jahr Letzte Verlängerung: 09.03.2026 2. Verein: Jong Cercle (#84) Social Media:",CONFIRMED,https://www.transfermarkt.de/bas-langenbick/profil/spieler/993333,ebc502a2296e4beff2a886c4df64de3fa45df382e2cbff13fa91e1ed1bb56bd6,2026-09-12T20:09:58.489014+00:00,2026-09-12,2026-09-12T20:15:28.816858+00:00
993841,Ondrej Prodelal,Ondřej Prodělal,2005-11-29,8890,FC Zbrojovka Brünn B,71,2024-07-01,2029-06-30,Torwart,rechts,"1,93 m",Tschechien,,,,"Name im Heimatland: Ondřej Prodělal Geb./Alter: 29.11.2005 (20) Größe: 1,93 m Staatsbürgerschaft: Tschechien Position: Torwart Fuß: rechts Spielerberater: V&M agency Aktueller Verein: FC Zbrojovka Brünn B Im Team seit: 01.07.2024 Vertrag bis: 30.06.2029 Letzte Verlängerung: 04.03.2026 2. Verein: FC Zbrojovka Brünn (#78)",CONFIRMED,https://www.transfermarkt.de/ondrej-prodelal/profil/spieler/993841,8b450014fdfabc247e3693eb5ebc8ddcb93b1469ecfd628b6504e27f4245b7d9,2026-09-12T20:09:59.478383+00:00,2026-09-12,2026-09-12T20:15:29.321989+00:00
1004618,Stredair Appuah,Stredair Owusu Appuah,2004-06-27,5026,Lommel SK,11,2026-07-29,2027-06-30,Sturm - Rechtsaußen,links,"1,85 m",Frankreich Ghana,458,Palermo FC,2029-06-30,"Name im Heimatland: Stredair Owusu Appuah Geb./Alter: 27.06.2004 (22) Geburtsort: Sarcelles Größe: 1,85 m Staatsbürgerschaft: Frankreich Ghana Position: Sturm - Rechtsaußen Fuß: links Aktueller Verein: Lommel SK Im Team seit: 29.07.2026 Vertrag bis: 30.06.2027 Ausgeliehen von: Palermo FC Vertrag dort bis: 30.06.2029",CONFIRMED,https://www.transfermarkt.de/stredair-appuah/profil/spieler/1004618,7ff784bf92e76865af8dab60acb152615576aad7f67b12f4548c0fc14518bad2,2026-09-12T20:10:00.636711+00:00,2026-09-12,2026-09-12T20:15:29.895684+00:00
1005424,Pedro Jesus,Pedro Antonio Rei Jesus,2003-04-26,122445,CD Santa Clara B,88,2026-07-01,2027-06-30,Mittelfeld - Offensives Mittelfeld,rechts,"1,80 m",Portugal,,,,"Name im Heimatland: Pedro Antonio Rei Jesus Geb./Alter: 26.04.2003 (23) Größe: 1,80 m Staatsbürgerschaft: Portugal Position: Mittelfeld - Offensives Mittelfeld Fuß: rechts Spielerberater: INNER Aktueller Verein: CD Santa Clara B Im Team seit: 01.07.2026 Vertrag bis: 30.06.2027",CONFIRMED,https://www.transfermarkt.de/pedro-jesus/profil/spieler/1005424,c7ff54537120b04d1bee5b4f5904ade7e5734b09c3382de2727f1d7a19d08a4f,2026-09-12T20:10:01.438415+00:00,2026-09-12,2026-09-12T20:15:30.411998+00:00
1009633,David Pejičić,,2007-06-14,433,FC Koper,79,2026-09-08,2027-06-30,Mittelfeld - Offensives Mittelfeld,rechts,"1,77 m",Slowenien,410,Udinese Calcio,2028-06-30,"Geb./Alter: 14.06.2007 (19) Größe: 1,77 m Staatsbürgerschaft: Slowenien Position: Mittelfeld - Offensives Mittelfeld Fuß: rechts Spielerberater: Pro transfer Aktueller Verein: FC Koper Im Team seit: 08.09.2026 Vertrag bis: 30.06.2027 Ausgeliehen von: Udinese Calcio Vertrag dort bis: 30.06.2028 Social Media:",CONFIRMED,https://www.transfermarkt.de/david-pejicic/profil/spieler/1009633,37530f4324ed824748e888130f775a621e9a9945473363a58f773353656dcde6,2026-09-12T20:10:02.541582+00:00,2026-09-12,2026-09-12T20:15:30.969653+00:00
1010856,Ryan Rodin,,2006-03-02,10820,AJ Auxerre B,,2025-01-01,2028-06-30,Sturm - Mittelstürmer,rechts,"1,94 m",Frankreich Martinique,,,,"Geb./Alter: 02.03.2006 (20) Geburtsort: Bourg-la-Reine Größe: 1,94 m Staatsbürgerschaft: Frankreich Martinique Position: Sturm - Mittelstürmer Fuß: rechts Aktueller Verein: AJ Auxerre B Im Team seit: 01.01.2025 Vertrag bis: 30.06.2028 Letzte Verlängerung: 04.06.2025 2. Verein: AJ Auxerre (#31) Social Media:",CONFIRMED,https://www.transfermarkt.de/ryan-rodin/profil/spieler/1010856,f4eefaa1864618113b417b612bedcb277fdd53f750dbff501572a659db138556,2026-09-12T20:10:03.405592+00:00,2026-09-12,2026-09-12T20:15:31.542665+00:00
1013790,Marek Obdrzalek,Marek Obdržálek,2007-03-03,22729,FK Mlada Boleslav B,59,2026-07-01,,Torwart,,,Tschechien,,,,Name im Heimatland: Marek Obdržálek Geb./Alter: 03.03.2007 (19) Geburtsort: Brandýs nad Labem Staatsbürgerschaft: Tschechien Position: Torwart Aktueller Verein: FK Mlada Boleslav B Im Team seit: 01.07.2026 Vertrag bis: - 2. Verein: FK Mlada Boleslav (#47),CONFIRMED,https://www.transfermarkt.de/marek-obdrzalek/profil/spieler/1013790,1a17b0f176cde81dc47206852a3e7d0f83b03bdd71a9715863f5cd9b5d7d9b45,2026-09-12T20:10:04.525799+00:00,2026-09-12,2026-09-12T20:15:32.136775+00:00
1013792,Jiri Micek,Jiří Míček,2007-06-07,377,FC Banik Ostrau,42,2026-07-01,2029-06-30,Abwehr - Innenverteidiger,rechts,"1,89 m",Tschechien,,,,"Name im Heimatland: Jiří Míček Geb./Alter: 07.06.2007 (19) Größe: 1,89 m Staatsbürgerschaft: Tschechien Position: Abwehr - Innenverteidiger Fuß: rechts Spielerberater: SPOCS Global Sports Aktueller Verein: FC Banik Ostrau Im Team seit: 01.07.2026 Vertrag bis: 30.06.2029 Letzte Verlängerung: 12.06.2026",CONFIRMED,https://www.transfermarkt.de/jiri-micek/profil/spieler/1013792,8e9b1078bfed355d82909ce6b577267a2422ab9ab37199c36e4c73db1154b451,2026-09-12T20:10:05.585269+00:00,2026-09-12,2026-09-12T20:15:32.852151+00:00
1013797,Ondrej Penxa,Ondřej Penxa,2007-03-23,6483,AC Sparta Prag B,30,2024-09-16,,Sturm - Linksaußen,rechts,"1,87 m",Tschechien,,,,"Name im Heimatland: Ondřej Penxa Geb./Alter: 23.03.2007 (19) Größe: 1,87 m Staatsbürgerschaft: Tschechien Position: Sturm - Linksaußen Fuß: rechts Spielerberater: Patrik Berger ... Aktueller Verein: AC Sparta Prag B Im Team seit: 16.09.2024 Vertrag bis: - Letzte Verlängerung: 13.08.2025 2. Verein: AC Sparta Prag (#52)",CONFIRMED,https://www.transfermarkt.de/ondrej-penxa/profil/spieler/1013797,e4cce081263353b686d719569faecbdb59be396cd94e367328c09268aa1046fe,2026-09-12T20:10:06.475727+00:00,2026-09-12,2026-09-12T20:15:33.643785+00:00
1013809,Jiri Zima,Jiří Zima,2007-12-21,40315,FK Pardubice B,11,2026-01-01,2028-06-30,Mittelfeld - Offensives Mittelfeld,,,Tschechien,,,,Name im Heimatland: Jiří Zima Geb./Alter: 21.12.2007 (18) Staatsbürgerschaft: Tschechien Position: Mittelfeld - Offensives Mittelfeld Spielerberater: SPORT INVEST Aktueller Verein: FK Pardubice B Im Team seit: 01.01.2026 Vertrag bis: 30.06.2028 Letzte Verlängerung: 10.02.2026 2. Verein: FK Pardubice (#11),CONFIRMED,https://www.transfermarkt.de/jiri-zima/profil/spieler/1013809,1bad1aecc0f2c4585928e17be1969f2ca10fec44513a706a08f4f835fd501028,2026-09-12T20:10:07.467349+00:00,2026-09-12,2026-09-12T20:15:34.376782+00:00
1016034,Tijme Wessels,,2007-02-23,24366,Feyenoord Rotterdam U21,,2026-07-01,2029-06-30,Abwehr - Innenverteidiger,links,,Niederlande,,,,Geb./Alter: 23.02.2007 (19) Geburtsort: Hoek van Holland Staatsbürgerschaft: Niederlande Position: Abwehr - Innenverteidiger Fuß: links Spielerberater: Muy Manero Aktueller Verein: Feyenoord Rotterdam U21 Im Team seit: 01.07.2026 Vertrag bis: 30.06.2029 Letzte Verlängerung: 18.08.2026 2. Verein: Feyenoord Rotterdam (#32) 3. Verein: Feyenoord Rotterdam UEFA U19,CONFIRMED,https://www.transfermarkt.de/tijme-wessels/profil/spieler/1016034,221e222b60f3e0431bd3e1ffd403d01531a7f78d6d1b9f944bab21c7711ab8d4,2026-09-12T20:10:08.598390+00:00,2026-09-12,2026-09-12T20:15:35.163185+00:00
1024694,Jismerai Dillema,,2007-02-14,14725,FC Groningen U21,44,2025-07-01,2028-06-30,Mittelfeld - Zentrales Mittelfeld,rechts,,Niederlande Indonesien,,,,Geb./Alter: 14.02.2007 (19) Geburtsort: Groningen Staatsbürgerschaft: Niederlande Indonesien Position: Mittelfeld - Zentrales Mittelfeld Fuß: rechts Spielerberater: Bundled Aktueller Verein: FC Groningen U21 Im Team seit: 01.07.2025 Vertrag bis: 30.06.2028 Letzte Verlängerung: 09.10.2025 2. Verein: FC Groningen (#44),CONFIRMED,https://www.transfermarkt.de/jismerai-dillema/profil/spieler/1024694,51b5b8e287fb292c607666450ac40f933cad5ebfa58bca54c7ab6be586e5ee1d,2026-09-12T20:10:09.517867+00:00,2026-09-12,2026-09-12T20:15:36.170254+00:00
1024701,Hessel de Wit,,2007-01-08,11368,AZ Alkmaar II,,2026-07-01,2030-06-30,Mittelfeld - Offensives Mittelfeld,rechts,"1,85 m",Niederlande Suriname,,,,"Geb./Alter: 08.01.2007 (19) Geburtsort: Amstelveen Größe: 1,85 m Staatsbürgerschaft: Niederlande Suriname Position: Mittelfeld - Offensives Mittelfeld Fuß: rechts Spielerberater: MVO4Football Aktueller Verein: AZ Alkmaar II Im Team seit: 01.07.2026 Vertrag bis: 30.06.2030 Vertragsoption: vereinsseitig 1 Jahr Letzte Verlängerung: 01.11.2025 2. Verein: AZ Alkmaar (#75)",CONFIRMED,https://www.transfermarkt.de/hessel-de-wit/profil/spieler/1024701,597baf28525e973deed38098df7db3e81da53adc636430822a8006065fbf4378,2026-09-12T20:10:10.547377+00:00,2026-09-12,2026-09-12T20:15:37.201702+00:00
1032280,Oso,,2003-07-09,667,Racing Straßburg,36,2026-08-30,2031-06-30,Abwehr - Linker Verteidiger,links,"1,83 m",Spanien Argentinien,,,,"Vollständiger Name: Joaquín Martínez Gauna Geb./Alter: 09.07.2003 (23) Geburtsort: Torrevieja Größe: 1,83 m Staatsbürgerschaft: Spanien Argentinien Position: Abwehr - Linker Verteidiger Fuß: links Spielerberater: AS1 Aktueller Verein: Racing Straßburg Im Team seit: 30.08.2026 Vertrag bis: 30.06.2031",CONFIRMED,https://www.transfermarkt.de/osotm/profil/spieler/1032280,7796f4a0b4946a70d774172577d1715aa6f07e54f4b9b505c1076a09739d1387,2026-09-12T20:10:11.774038+00:00,2026-09-12,2026-09-12T20:15:38.338655+00:00
1041169,Tomás Silva,Tomás Tavares da Silva,2003-10-25,10140,SC Covilhã,,2026-09-10,2027-06-30,Mittelfeld - Zentrales Mittelfeld,links,"1,82 m",Portugal,7788,Académico Viseu FC,2027-06-30,"Name im Heimatland: Tomás Tavares da Silva Geb./Alter: 25.10.2003 (22) Geburtsort: Seia Größe: 1,82 m Staatsbürgerschaft: Portugal Position: Mittelfeld - Zentrales Mittelfeld Fuß: links Spielerberater: Pro Vision Foot Aktueller Verein: SC Covilhã Im Team seit: 10.09.2026 Vertrag bis: 30.06.2027 Ausgeliehen von: Académico Viseu FC Vertrag dort bis: 30.06.2027",CONFIRMED,https://www.transfermarkt.de/tomas-silva/profil/spieler/1041169,f8c22229c4ce339ad3fb946aa848480640fd58e541b618e92ce964941f0c642f,2026-09-12T20:10:12.832357+00:00,2026-09-12,2026-09-12T20:15:39.902692+00:00
1041648,Ferdinand Pohl,,2007-02-02,17596,FC Utrecht II,,2026-07-01,2029-06-30,Abwehr - Innenverteidiger,,"1,84 m",Deutschland,,,,"Geb./Alter: 02.02.2007 (19) Größe: 1,84 m Staatsbürgerschaft: Deutschland Position: Abwehr - Innenverteidiger Spielerberater: Sports360 GmbH Aktueller Verein: FC Utrecht II Im Team seit: 01.07.2026 Vertrag bis: 30.06.2029 2. Verein: FC Utrecht (#53) Social Media:",CONFIRMED,https://www.transfermarkt.de/ferdinand-pohl/profil/spieler/1041648,bb159da8a0df54b3fb4677d527afe3610dc26f3f1adf676db06ea238940c08b4,2026-09-12T20:10:13.595347+00:00,2026-09-12,2026-09-12T20:15:41.131089+00:00
1047424,Jahnilo Wiegel-Triebel,Jahnilo Davon Jahzeël Wiegel-Triebel,2005-03-13,968,KVC Westerlo,21,2026-07-01,2027-06-30,Torwart,rechts,"1,95 m",Suriname Niederlande,,,,"Name im Heimatland: Jahnilo Davon Jahzeël Wiegel-Triebel Geb./Alter: 13.03.2005 (21) Geburtsort: Amsterdam Größe: 1,95 m Staatsbürgerschaft: Suriname Niederlande Position: Torwart Fuß: rechts Spielerberater: Cherry Sports Aktueller Verein: KVC Westerlo Im Team seit: 01.07.2026 Vertrag bis: 30.06.2027 Social Media:",CONFIRMED,https://www.transfermarkt.de/jahnilo-wiegel-triebel/profil/spieler/1047424,69ba41b494867d5c8c842654260cb8097acec4c8d681b77ce24d552a56c524d0,2026-09-12T20:10:14.441368+00:00,2026-09-12,2026-09-12T20:15:41.522753+00:00
1047861,Watts,,2005-07-14,982,CD Nacional,30,2025-07-01,2028-06-30,Sturm - Rechtsaußen,rechts,"1,84 m",Portugal Brasilien,,,,"Vollständiger Name: Martim Gustavo Silva Watts Rodrigues Geb./Alter: 14.07.2005 (21) Geburtsort: Funchal Größe: 1,84 m Staatsbürgerschaft: Portugal Brasilien Position: Sturm - Rechtsaußen Fuß: rechts Spielerberater: Leaguepro LDA Aktueller Verein: CD Nacional Im Team seit: 01.07.2025 Vertrag bis: 30.06.2028 Social Media:",CONFIRMED,https://www.transfermarkt.de/watts/profil/spieler/1047861,a49cbf8b95893f135926c2273db716dfc4c254198e8657f340307ed2247a5752,2026-09-12T20:10:15.574536+00:00,2026-09-12,2026-09-12T20:15:41.919277+00:00
1048442,Bolu Ogungbayi,Boluwatife Victor Ogungbayi,2004-05-16,5546,FK Mlada Boleslav,90,2026-02-12,,Sturm - Mittelstürmer,,"1,76 m",Nigeria,,,,"Name im Heimatland: Boluwatife Victor Ogungbayi Geb./Alter: 16.05.2004 (22) Größe: 1,76 m Staatsbürgerschaft: Nigeria Position: Sturm - Mittelstürmer Spielerberater: IFM-M Aktueller Verein: FK Mlada Boleslav Im Team seit: 12.02.2026 Vertrag bis: -",CONFIRMED,https://www.transfermarkt.de/bolu-ogungbayi/profil/spieler/1048442,077d2f19049ad86899b91edfaf5bd5e47a5857673e316c0a930a9ecdae35deab,2026-09-12T20:10:16.524087+00:00,2026-09-12,2026-09-12T20:15:42.323474+00:00
1052374,Yevgeniy Skyba,Скиба Євгеній Володимирович,2003-03-25,377,FC Banik Ostrau,44,2026-07-14,2029-06-30,Abwehr - Innenverteidiger,rechts,"1,89 m",Ukraine,,,,"Name im Heimatland: Скиба Євгеній Володимирович Geb./Alter: 25.03.2003 (23) Geburtsort: Bila Tserkva, Kyiv Oblast Größe: 1,89 m Staatsbürgerschaft: Ukraine Position: Abwehr - Innenverteidiger Fuß: rechts Spielerberater: ProStar Aktueller Verein: FC Banik Ostrau Im Team seit: 14.07.2026 Vertrag bis: 30.06.2029 Social Media:",CONFIRMED,https://www.transfermarkt.de/yevgeniy-skyba/profil/spieler/1052374,e20940a39060e2fac9edd7d599a088d929316c07b6b416a655df17697a0d7d2e,2026-09-12T20:10:17.590390+00:00,2026-09-12,2026-09-12T20:15:42.729213+00:00
1052786,Jesper Mosselaar,,2005-02-14,14725,FC Groningen U21,42,2024-07-01,2027-06-30,Abwehr - Innenverteidiger,links,,Niederlande,,,,Geb./Alter: 14.02.2005 (21) Geburtsort: Hoogkerk Staatsbürgerschaft: Niederlande Position: Abwehr - Innenverteidiger Fuß: links Spielerberater: eLTee Soccer -The ... Aktueller Verein: FC Groningen U21 Im Team seit: 01.07.2024 Vertrag bis: 30.06.2027 Vertragsoption: vereinsseitig 1 Jahr Letzte Verlängerung: 27.05.2026 2. Verein: FC Groningen (#42),CONFIRMED,https://www.transfermarkt.de/jesper-mosselaar/profil/spieler/1052786,3503dfbd079128d2e7d9964530e8be50d54957d60521a43c6f44c3a412bd5b68,2026-09-12T20:10:18.670729+00:00,2026-09-12,2026-09-12T20:15:43.148644+00:00
1056966,Peio Canales,Peio Canales Urtasun,2005-01-17,621,Athletic Bilbao,28,2025-07-01,2029-06-30,Mittelfeld - Offensives Mittelfeld,rechts,"1,75 m",Spanien,,,,"Name im Heimatland: Peio Canales Urtasun Geb./Alter: 17.01.2005 (21) Geburtsort: Barrika Größe: 1,75 m Staatsbürgerschaft: Spanien Position: Mittelfeld - Offensives Mittelfeld Fuß: rechts Spielerberater: Podium Trade Aktueller Verein: Athletic Bilbao Im Team seit: 01.07.2025 Vertrag bis: 30.06.2029",CONFIRMED,https://www.transfermarkt.de/peio-canales/profil/spieler/1056966,26b4146fb0eebb9cbd5fa7bfce970d9fe6f86d51e45ed491db72e79ca1e250bd,2026-09-12T20:10:19.581430+00:00,2026-09-12,2026-09-12T20:15:43.556456+00:00
1061048,Rhodri Smith,,2006-09-09,377,FC Banik Ostrau,,2026-09-08,2027-06-30,Abwehr - Linker Verteidiger,links,"1,85 m",Schweiz England,452,BSC Young Boys,2030-06-30,"Geb./Alter: 09.09.2006 (20) Größe: 1,85 m Staatsbürgerschaft: Schweiz England Position: Abwehr - Linker Verteidiger Fuß: links Spielerberater: Footuro AG Aktueller Verein: FC Banik Ostrau Im Team seit: 08.09.2026 Vertrag bis: 30.06.2027 Vertragsoption: Kaufoption Ausgeliehen von: BSC Young Boys Vertrag dort bis: 30.06.2030 Social Media:",CONFIRMED,https://www.transfermarkt.de/rhodri-smith/profil/spieler/1061048,db5e9e4348815c24a21331114f9580c90aee0c9703ec4ad8c007c4305a416708,2026-09-12T20:10:20.632332+00:00,2026-09-12,2026-09-12T20:15:43.954481+00:00
1061378,Jonatás Noro,Jónatas Xavier Zamith Oliveira Noro,2005-07-09,45457,Pafos FC,,2026-09-09,2029-05-31,Abwehr - Innenverteidiger,rechts,"1,87 m",Portugal Madagaskar,,,,"Name im Heimatland: Jónatas Xavier Zamith Oliveira Noro Geb./Alter: 09.07.2005 (21) Geburtsort: Rio Maior Größe: 1,87 m Staatsbürgerschaft: Portugal Madagaskar Position: Abwehr - Innenverteidiger Fuß: rechts Spielerberater: Team of Future Aktueller Verein: Pafos FC Im Team seit: 09.09.2026 Vertrag bis: 31.05.2029 Vertragsoption: Kaufoption mit Rückkaufoption",CONFIRMED,https://www.transfermarkt.de/jonatas-noro/profil/spieler/1061378,dc9f79a795afe3c22b5c4e9141018c74f78f6ee4e88123b9e287e45a2264b16f,2026-09-12T20:10:21.608452+00:00,2026-09-12,2026-09-12T20:15:44.206611+00:00
1063475,Mouhamed Tidjane Traore,,2003-03-21,1496,FK Pardubice,21,2026-07-01,,Abwehr - Innenverteidiger,links,"1,90 m",Elfenbeinküste,,,,"Geb./Alter: 21.03.2003 (23) Geburtsort: Abobo Größe: 1,90 m Staatsbürgerschaft: Elfenbeinküste Position: Abwehr - Innenverteidiger Fuß: links Aktueller Verein: FK Pardubice Im Team seit: 01.07.2026 Vertrag bis: -",CONFIRMED,https://www.transfermarkt.de/mouhamed-tidjane-traore/profil/spieler/1063475,eed91cb9db5d13265ee90a7935371dddf5586211544a531bd86fa96d9687a5e5,2026-09-12T20:10:22.438933+00:00,2026-09-12,2026-09-12T20:15:44.389667+00:00
1071430,Lassine Diarra,,2002-11-11,12764,Olympique Lyon B,,2023-11-04,2028-06-30,Torwart,rechts,"1,90 m",Mali,,,,"Geb./Alter: 11.11.2002 (23) Geburtsort: Bamako Größe: 1,90 m Staatsbürgerschaft: Mali Position: Torwart Fuß: rechts Spielerberater: Myle's team Aktueller Verein: Olympique Lyon B Im Team seit: 04.11.2023 Vertrag bis: 30.06.2028 Letzte Verlängerung: 21.11.2025 2. Verein: Olympique Lyon (#50)",CONFIRMED,https://www.transfermarkt.de/lassine-diarra/profil/spieler/1071430,e2d776c4658f827074b17a92f6a2f95a87ec70d8b9c319071b5c60ec9ec427bf,2026-09-12T20:10:23.641622+00:00,2026-09-12,2026-09-12T20:15:44.566707+00:00
1072029,Alexander Reumers,,2007-04-27,5026,Lommel SK,73,2025-07-10,2028-06-30,Sturm - Mittelstürmer,,"1,89 m",Belgien,,,,"Geb./Alter: 27.04.2007 (19) Größe: 1,89 m Staatsbürgerschaft: Belgien Position: Sturm - Mittelstürmer Spielerberater: M.P. Sports Aktueller Verein: Lommel SK Im Team seit: 10.07.2025 Vertrag bis: 30.06.2028 Social Media:",CONFIRMED,https://www.transfermarkt.de/alexander-reumers/profil/spieler/1072029,9a612032df021fe7eacc87d224c12f1756eed717be41cbc211b68d6b3bb61909,2026-09-12T20:10:24.504409+00:00,2026-09-12,2026-09-12T20:15:44.787477+00:00
1072324,Chipyoka Songa,,2004-09-24,979,Moreirense FC,28,2026-09-04,2031-06-30,Mittelfeld - Offensives Mittelfeld,rechts,,Sambia,,,,Geb./Alter: 24.09.2004 (21) Geburtsort: Lusaka Staatsbürgerschaft: Sambia Position: Mittelfeld - Offensives Mittelfeld Fuß: rechts Spielerberater: Karin Football ... Aktueller Verein: Moreirense FC Im Team seit: 04.09.2026 Vertrag bis: 30.06.2031,CONFIRMED,https://www.transfermarkt.de/chipyoka-songa/profil/spieler/1072324,1942674e3a19e7f6b84a60448e350c896236f0f078c403fa90e7680454122a5d,2026-09-12T20:10:25.904459+00:00,2026-09-12,2026-09-12T20:15:44.980521+00:00
1075582,Jules Stawiecki,,2007-04-10,162,AS Monaco,40,2026-07-01,2029-06-30,Torwart,links,"1,86 m",Frankreich Polen,,,,"Geb./Alter: 10.04.2007 (19) Geburtsort: Dijon Größe: 1,86 m Staatsbürgerschaft: Frankreich Polen Position: Torwart Fuß: links Spielerberater: THE·TEAM Aktueller Verein: AS Monaco Im Team seit: 01.07.2026 Vertrag bis: 30.06.2029 Letzte Verlängerung: 28.05.2025",CONFIRMED,https://www.transfermarkt.de/jules-stawiecki/profil/spieler/1075582,0b406aa87e1bc9b40e4fd2c514441bceee57e355a057d71084033292cf6edddf,2026-09-12T20:10:26.574302+00:00,2026-09-12,2026-09-12T20:15:45.194442+00:00
1075884,João Aragão,João Soares Aragão,2008-03-24,10789,SC Braga B,72,2025-07-01,2027-06-30,Sturm - Rechtsaußen,rechts,"1,70 m",Portugal,,,,"Name im Heimatland: João Soares Aragão Geb./Alter: 24.03.2008 (18) Geburtsort: Coimbra Größe: 1,70 m Staatsbürgerschaft: Portugal Position: Sturm - Rechtsaußen Fuß: rechts Spielerberater: AS1 Aktueller Verein: SC Braga B Im Team seit: 01.07.2025 Vertrag bis: 30.06.2027",CONFIRMED,https://www.transfermarkt.de/joao-aragao/profil/spieler/1075884,abbbca2f6e880b741f17e99a024a438533cdbcf0c4016f6e3544f6fb4b8daf14,2026-09-12T20:10:27.784944+00:00,2026-09-12,2026-09-12T20:15:45.426552+00:00
1076666,Ahmet Sami Bircan,,2007-01-24,114,Besiktas JK,70,2026-07-01,2028-06-30,Sturm - Mittelstürmer,rechts,,Türkei,,,,Geb./Alter: 24.01.2007 (19) Geburtsort: İstanbul Staatsbürgerschaft: Türkei Position: Sturm - Mittelstürmer Fuß: rechts Aktueller Verein: Besiktas JK Im Team seit: 01.07.2026 Vertrag bis: 30.06.2028 Social Media:,CONFIRMED,https://www.transfermarkt.de/ahmet-sami-bircan/profil/spieler/1076666,0d622a9832d566d69f5ed165e4681c3e27d785d2cd4e688a600904f4a716b63c,2026-09-12T20:10:28.587579+00:00,2026-09-12,2026-09-12T20:15:45.659447+00:00
1076981,Berat Luş,,2007-04-20,141,Galatasaray,73,2025-07-01,2029-06-30,Sturm - Linksaußen,rechts,"1,78 m",Türkei,,,,"Geb./Alter: 20.04.2007 (19) Geburtsort: İstanbul Größe: 1,78 m Staatsbürgerschaft: Türkei Position: Sturm - Linksaußen Fuß: rechts Spielerberater: F-F SPORT Aktueller Verein: Galatasaray Im Team seit: 01.07.2025 Vertrag bis: 30.06.2029 Letzte Verlängerung: 13.08.2026 Social Media:",CONFIRMED,https://www.transfermarkt.de/berat-lus/profil/spieler/1076981,c040ab36c886f0f22deb75357ebfd5a6eaef8725f049a8d74708d331167d4318,2026-09-12T20:10:29.651520+00:00,2026-09-12,2026-09-12T20:15:45.856398+00:00
1077990,Fredy,,2006-05-25,2423,CD Santa Clara,25,2026-07-05,2029-06-30,Mittelfeld - Offensives Mittelfeld,rechts,"1,87 m",Portugal,,,,"Vollständiger Name: Frederico Medeiros Silva Geb./Alter: 25.05.2006 (20) Geburtsort: Rabo de Peixe Größe: 1,87 m Staatsbürgerschaft: Portugal Position: Mittelfeld - Offensives Mittelfeld Fuß: rechts Spielerberater: TAKE OVER Aktueller Verein: CD Santa Clara Im Team seit: 05.07.2026 Vertrag bis: 30.06.2029",CONFIRMED,https://www.transfermarkt.de/fredy/profil/spieler/1077990,da9024c80085fc732ee5a11831a99c12db169a93dec2451dd467c6c8ea5a8fff,2026-09-12T20:10:30.597717+00:00,2026-09-12,2026-09-12T20:15:46.054749+00:00
1078164,Demi Akarakiri,Ademide Oreoluwa Abdulganiyu Ibuknoluwa Olamilekan Oluwajuedalo Ayomide Ishola Akarakiri,2007-09-29,1390,Cagliari Calcio,30,2026-07-03,2030-06-30,Mittelfeld - Zentrales Mittelfeld,rechts,"1,90 m",England Nigeria,,,,"Name im Heimatland: Ademide Oreoluwa Abdulganiyu Ibuknoluwa Olamilekan Oluwajuedalo Ayomide Ishola Akarakiri Geb./Alter: 29.09.2007 (18) Geburtsort: London Größe: 1,90 m Staatsbürgerschaft: England Nigeria Position: Mittelfeld - Zentrales Mittelfeld Fuß: rechts Spielerberater: Entourage Football Aktueller Verein: Cagliari Calcio Im Team seit: 03.07.2026 Vertrag bis: 30.06.2030 Vertragsoption: vereinsseitig 3 Jahre 2. Verein: Cagliari Calcio U20 (#30) Social Media:",CONFIRMED,https://www.transfermarkt.de/demi-akarakiri/profil/spieler/1078164,7f01d1a4ae684ea32f49d96b1581eb93a87e86ea7d8504165781a066308336bd,2026-09-12T20:10:31.576348+00:00,2026-09-12,2026-09-12T20:15:46.239470+00:00
1078215,Jakub Kolisek,Jakub Kolísek,2007-08-14,6541,SK Slavia Prag B,24,2025-01-01,2030-06-30,Abwehr - Linker Verteidiger,links,"1,81 m",Tschechien,,,,"Name im Heimatland: Jakub Kolísek Geb./Alter: 14.08.2007 (19) Größe: 1,81 m Staatsbürgerschaft: Tschechien Position: Abwehr - Linker Verteidiger Fuß: links Spielerberater: SPORT INVEST Aktueller Verein: SK Slavia Prag B Im Team seit: 01.01.2025 Vertrag bis: 30.06.2030 Letzte Verlängerung: 11.07.2026 2. Verein: SK Slavia Prag (#45) 3. Verein: SK Slavia Prag UEFA U19 (#24)",CONFIRMED,https://www.transfermarkt.de/jakub-kolisek/profil/spieler/1078215,5645adbeb83370dc2e5bd91ad9c2ba46b9fb0522c4b6be69324f0e10ace30fcb,2026-09-12T20:10:32.443606+00:00,2026-09-12,2026-09-12T20:15:46.428025+00:00
1081906,Jamie Schuldes,Jamie Sean Schuldes,2007-01-26,17596,FC Utrecht II,,2026-07-01,2030-06-30,Abwehr - Innenverteidiger,rechts,"1,93 m",Deutschland,,,,"Name im Heimatland: Jamie Sean Schuldes Geb./Alter: 26.01.2007 (19) Geburtsort: Hannover Größe: 1,93 m Staatsbürgerschaft: Deutschland Position: Abwehr - Innenverteidiger Fuß: rechts Spielerberater: PRO Profil GmbH Aktueller Verein: FC Utrecht II Im Team seit: 01.07.2026 Vertrag bis: 30.06.2030 Social Media:",CONFIRMED,https://www.transfermarkt.de/jamie-schuldes/profil/spieler/1081906,4b5d06e17a367782b9ccf16fea9574500ca0dfd3e51ca43072d4796b7e72bec7,2026-09-12T20:10:33.524535+00:00,2026-09-12,2026-09-12T20:15:46.603292+00:00
1084207,Rafaël Teugels,,2006-06-07,172,Royal Charleroi SC,65,2026-07-01,,Abwehr - Linker Verteidiger,,,Belgien,,,,Geb./Alter: 07.06.2006 (20) Staatsbürgerschaft: Belgien Position: Abwehr - Linker Verteidiger Aktueller Verein: Royal Charleroi SC Im Team seit: 01.07.2026 Vertrag bis: - 2. Verein: Zébra Élites (#65),CONFIRMED,https://www.transfermarkt.de/rafael-teugels/profil/spieler/1084207,f9d49f02d120165427d66d51e8c96c4a80c87575f62f3dc656764a1a478ede1b,2026-09-12T20:10:34.579354+00:00,2026-09-12,2026-09-12T20:15:46.781565+00:00
1086381,Erick Nunes,,2004-02-29,520,Cercle Brügge,8,2025-07-01,2029-06-30,Mittelfeld - Rechtes Mittelfeld,rechts,"1,80 m",Brasilien,,,,"Vollständiger Name: Erick Nunes Barbosa dos Santos Geb./Alter: 29.02.2004 (22) Geburtsort: São Paulo Größe: 1,80 m Staatsbürgerschaft: Brasilien Position: Mittelfeld - Rechtes Mittelfeld Fuß: rechts Spielerberater: TINMO Aktueller Verein: Cercle Brügge Im Team seit: 01.07.2025 Vertrag bis: 30.06.2029 Social Media:",CONFIRMED,https://www.transfermarkt.de/erick-nunes/profil/spieler/1086381,652cb2588f81bafc1d6ec1b37e98d4be542542a9ac03a88da6fe325742373258,2026-09-12T20:10:35.506342+00:00,2026-09-12,2026-09-12T20:15:46.963242+00:00
1086590,Alejandro Cichero,Alejandro Gabriel Cichero Terrero,2006-07-11,48428,FC Paradiso,,2026-09-08,2027-06-30,Sturm - Mittelstürmer,rechts,"1,96 m",Venezuela Italien,8970,Frosinone Calcio,,"Name im Heimatland: Alejandro Gabriel Cichero Terrero Geb./Alter: 11.07.2006 (20) Geburtsort: Caracas, Distrito Capital Größe: 1,96 m Staatsbürgerschaft: Venezuela Italien Position: Sturm - Mittelstürmer Fuß: rechts Spielerberater: AS1 Aktueller Verein: FC Paradiso Im Team seit: 08.09.2026 Vertrag bis: 30.06.2027 Ausgeliehen von: Frosinone Calcio Vertrag dort bis: -",CONFIRMED,https://www.transfermarkt.de/alejandro-cichero/profil/spieler/1086590,8f6f8b7bb0586624fd94e28df2705efa1886d481c7598dbe0838e5a52828c9d5,2026-09-12T20:10:36.573320+00:00,2026-09-12,2026-09-12T20:15:47.157627+00:00
1086915,Abdelraffie Benzzine,,2006-04-04,1434,SC Telstar,24,2025-07-01,,Abwehr - Innenverteidiger,,,Niederlande Marokko,,,,Geb./Alter: 04.04.2006 (20) Staatsbürgerschaft: Niederlande Marokko Position: Abwehr - Innenverteidiger Aktueller Verein: SC Telstar Im Team seit: 01.07.2025 Vertrag bis: -,CONFIRMED,https://www.transfermarkt.de/abdelraffie-benzzine/profil/spieler/1086915,73c64a2a986132fcb619427353fa1184b048ef61d560a6047edeecf81c409d4a,2026-09-12T20:10:37.523412+00:00,2026-09-12,2026-09-12T20:15:47.341109+00:00
1087842,Rayan Lucas,,2005-01-03,2521,FC Alverca,35,2026-08-05,2030-06-30,Mittelfeld - Defensives Mittelfeld,rechts,"1,85 m",Brasilien,,,,"Vollständiger Name: Rayan Lucas Marques de Souza Geb./Alter: 03.01.2005 (21) Geburtsort: Rio de Janeiro Größe: 1,85 m Staatsbürgerschaft: Brasilien Position: Mittelfeld - Defensives Mittelfeld Fuß: rechts Spielerberater: Roc Nation Sports Aktueller Verein: FC Alverca Im Team seit: 05.08.2026 Vertrag bis: 30.06.2030 Social Media:",CONFIRMED,https://www.transfermarkt.de/rayan-lucas/profil/spieler/1087842,3eb8740a77333f87b664d8238536feb7c2495ee9eaaf8c6168c850eec60303c2,2026-09-12T20:10:38.574390+00:00,2026-09-12,2026-09-12T20:15:47.532463+00:00
1091608,Fernando,,2005-04-12,2423,CD Santa Clara,7,2026-02-02,2029-06-30,Sturm - Mittelstürmer,rechts,"1,75 m",Brasilien,,,,"Vollständiger Name: Luis Fernando Santos Oliveira Geb./Alter: 12.04.2005 (21) Geburtsort: São Bernardo do Campo Größe: 1,75 m Staatsbürgerschaft: Brasilien Position: Sturm - Mittelstürmer Fuß: rechts Spielerberater: LA Football ... Aktueller Verein: CD Santa Clara Im Team seit: 02.02.2026 Vertrag bis: 30.06.2029 Social Media:",CONFIRMED,https://www.transfermarkt.de/fernando/profil/spieler/1091608,b22c55f2723e0012af6107fe1f703ecb45c40f440ffb2b93b737bd5359937b3f,2026-09-12T20:10:39.594941+00:00,2026-09-12,2026-09-12T20:15:47.728663+00:00
1092429,João Almeida,João Vitor da Silva Almeida,2006-01-16,1164,FC Le Mans,12,2026-09-07,2027-06-30,Abwehr - Linker Verteidiger,links,"1,78 m",Brasilien,776,Coritiba FC,2029-12-31,"Name im Heimatland: João Vitor da Silva Almeida Geb./Alter: 16.01.2006 (20) Geburtsort: Colombo Größe: 1,78 m Staatsbürgerschaft: Brasilien Position: Abwehr - Linker Verteidiger Fuß: links Spielerberater: WELT Football Agency Aktueller Verein: FC Le Mans Im Team seit: 07.09.2026 Vertrag bis: 30.06.2027 Ausgeliehen von: Coritiba FC Vertrag dort bis: 31.12.2029 Social Media:",CONFIRMED,https://www.transfermarkt.de/joao-almeida/profil/spieler/1092429,fa7798339c434e483515172215b79c29ba6f375f172cb3a236187baa39aa19c6,2026-09-12T20:10:40.678397+00:00,2026-09-12,2026-09-12T20:15:47.912989+00:00
1093061,Santi Verdi,,2008-05-05,2420,Vitória Guimarães SC,56,2026-07-01,2031-06-30,Mittelfeld - Zentrales Mittelfeld,rechts,"1,78 m",Portugal,,,,"Vollständiger Name: Santiago Verdi Oliveira Silva Geb./Alter: 05.05.2008 (18) Geburtsort: Guimarães Größe: 1,78 m Staatsbürgerschaft: Portugal Position: Mittelfeld - Zentrales Mittelfeld Fuß: rechts Spielerberater: Footleet Aktueller Verein: Vitória Guimarães SC Im Team seit: 01.07.2026 Vertrag bis: 30.06.2031 Letzte Verlängerung: 27.07.2026 Social Media:",CONFIRMED,https://www.transfermarkt.de/santi-verdi/profil/spieler/1093061,5f9b55be0b52b4330910a70797c48e1324fb081724deb3dbf0fe5febfb7cf285,2026-09-12T20:10:41.577334+00:00,2026-09-12,2026-09-12T20:15:48.093030+00:00
1100298,Francisco Silva,Francisco Freitas Silva,2007-02-08,67837,CS Marítimo U23,16,2025-07-01,2027-06-30,Mittelfeld - Defensives Mittelfeld,rechts,"1,82 m",Portugal,,,,"Name im Heimatland: Francisco Freitas Silva Geb./Alter: 08.02.2007 (19) Geburtsort: Funchal Größe: 1,82 m Staatsbürgerschaft: Portugal Position: Mittelfeld - Defensives Mittelfeld Fuß: rechts Spielerberater: Sferico Sports ... Aktueller Verein: CS Marítimo U23 Im Team seit: 01.07.2025 Vertrag bis: 30.06.2027 2. Verein: CS Marítimo (#16)",CONFIRMED,https://www.transfermarkt.de/francisco-silva/profil/spieler/1100298,af7b1cfac2e0aa0b0d95c021d4f6e7af4a1a863ef63a1d3aea6a6a0089011bae,2026-09-12T20:10:42.590627+00:00,2026-09-12,2026-09-12T20:15:48.266687+00:00
1102159,José Silva,José Augusto Silva,2005-08-20,2424,Gil Vicente FC,2,2026-07-07,2029-06-30,Abwehr - Rechter Verteidiger,rechts,"1,80 m",Portugal,,,,"Name im Heimatland: José Augusto Silva Geb./Alter: 20.08.2005 (21) Geburtsort: Cascais Größe: 1,80 m Staatsbürgerschaft: Portugal Position: Abwehr - Rechter Verteidiger Fuß: rechts Spielerberater: CAA Base Ltd Aktueller Verein: Gil Vicente FC Im Team seit: 07.07.2026 Vertrag bis: 30.06.2029 Social Media:",CONFIRMED,https://www.transfermarkt.de/jose-silva/profil/spieler/1102159,c27a849ca82da4e6209bd167f69b5f9e8fd32361d92ce0fd77034e9b81d34dbc,2026-09-12T20:10:43.718309+00:00,2026-09-12,2026-09-12T20:15:48.504190+00:00
1106645,Terence Lantveld,,2006-12-29,1435,Go Ahead Eagles Deventer,35,2026-07-01,2028-06-30,Abwehr - Linker Verteidiger,links,,Niederlande,,,,Geb./Alter: 29.12.2006 (19) Staatsbürgerschaft: Niederlande Position: Abwehr - Linker Verteidiger Fuß: links Spielerberater: PUM Aktueller Verein: Go Ahead Eagles Deventer Im Team seit: 01.07.2026 Vertrag bis: 30.06.2028 Vertragsoption: vereinsseitig 1 Jahr Letzte Verlängerung: 17.08.2026,CONFIRMED,https://www.transfermarkt.de/terence-lantveld/profil/spieler/1106645,35845058014fc8be4352612983cd057aeb89ad94b69b5f8951ce7d37d3193f41,2026-09-12T20:10:44.645334+00:00,2026-09-12,2026-09-12T20:15:48.696939+00:00
1108145,Cheick Oumar Konaté,,2004-04-02,28643,SK Beveren,25,2026-09-03,2028-06-30,Abwehr - Rechter Verteidiger,rechts,"1,73 m",Mali,,,,"Geb./Alter: 02.04.2004 (22) Geburtsort: Bamako Größe: 1,73 m Staatsbürgerschaft: Mali Position: Abwehr - Rechter Verteidiger Fuß: rechts Spielerberater: BLACKSKILL Aktueller Verein: SK Beveren Im Team seit: 03.09.2026 Vertrag bis: 30.06.2028 Vertragsoption: vereinsseitig 1 Jahr Social Media:",CONFIRMED,https://www.transfermarkt.de/cheick-oumar-konate/profil/spieler/1108145,50c969c8fe96a5914d724d67a4ad681d401e88dd35e442fa3cfd680845e3e98b,2026-09-12T20:10:45.558193+00:00,2026-09-12,2026-09-12T20:15:48.929775+00:00
1111684,John Paul Dembe,,2005-07-03,2311,SK Sigma Olmütz,17,2026-01-18,,Sturm - Mittelstürmer,,"1,91 m",Uganda,,,,"Geb./Alter: 03.07.2005 (21) Geburtsort: Kampala Größe: 1,91 m Staatsbürgerschaft: Uganda Position: Sturm - Mittelstürmer Aktueller Verein: SK Sigma Olmütz Im Team seit: 18.01.2026 Vertrag bis: -",CONFIRMED,https://www.transfermarkt.de/john-paul-dembe/profil/spieler/1111684,3484103a8184abc58b1c3eac873cd70f2a429db863f6cf20ccd18ce48600d759,2026-09-12T20:10:46.696362+00:00,2026-09-12,2026-09-12T20:15:49.129339+00:00
1115586,Vaclav Zahradnicek,Václav Zahradníček,2006-02-26,6038,SK Sigma Olmütz B,80,2025-01-01,2027-06-30,Mittelfeld - Zentrales Mittelfeld,,,Tschechien,,,,Name im Heimatland: Václav Zahradníček Geb./Alter: 26.02.2006 (20) Staatsbürgerschaft: Tschechien Position: Mittelfeld - Zentrales Mittelfeld Aktueller Verein: SK Sigma Olmütz B Im Team seit: 01.01.2025 Vertrag bis: 30.06.2027 2. Verein: SK Sigma Olmütz (#80),CONFIRMED,https://www.transfermarkt.de/vaclav-zahradnicek/profil/spieler/1115586,d5d0c643a688fa70e407f8058391e5bf43c0f36a2a04bfd18236205d50edf6dc,2026-09-12T20:10:47.578332+00:00,2026-09-12,2026-09-12T20:15:49.316098+00:00
1115680,David Grygera,,2005-06-21,13905,FC Zlin B,21,2024-07-01,,Abwehr - Rechter Verteidiger,,,Tschechien,,,,Geb./Alter: 21.06.2005 (21) Staatsbürgerschaft: Tschechien Position: Abwehr - Rechter Verteidiger Aktueller Verein: FC Zlin B Im Team seit: 01.07.2024 Vertrag bis: - 2. Verein: FC Zlin (#21),CONFIRMED,https://www.transfermarkt.de/david-grygera/profil/spieler/1115680,90fd606acac456f6650f5676ccdb510644b7c29e9a4803f2bfa87271e0f501ae,2026-09-12T20:10:48.672365+00:00,2026-09-12,2026-09-12T20:15:49.490993+00:00
1118347,Juan Arizala,Juan David Arizala Micolta,2005-10-10,410,Udinese Calcio,20,2026-01-06,2030-06-30,Mittelfeld - Linkes Mittelfeld,links,"1,83 m",Kolumbien,,,,"Name im Heimatland: Juan David Arizala Micolta Geb./Alter: 10.10.2005 (20) Geburtsort: El Charco Größe: 1,83 m Staatsbürgerschaft: Kolumbien Position: Mittelfeld - Linkes Mittelfeld Fuß: links Spielerberater: JUAN CARLOS TORRES Aktueller Verein: Udinese Calcio Im Team seit: 06.01.2026 Vertrag bis: 30.06.2030",CONFIRMED,https://www.transfermarkt.de/juan-arizala/profil/spieler/1118347,f167cea88fbb52ee13cc717f64bd8bdb8df087e1553b153bcd3279c811238738,2026-09-12T20:10:49.778776+00:00,2026-09-12,2026-09-12T20:15:49.724394+00:00
1119840,Noah Donkor,Noah Donkor Znamensky,2006-11-25,1095,ESTAC Troyes,31,2026-07-01,2029-06-30,Abwehr - Rechter Verteidiger,rechts,"1,78 m",Frankreich Ghana,,,,"Name im Heimatland: Noah Donkor Znamensky Geb./Alter: 25.11.2006 (19) Geburtsort: Montfermeil Größe: 1,78 m Staatsbürgerschaft: Frankreich Ghana Position: Abwehr - Rechter Verteidiger Fuß: rechts Spielerberater: Familienangehörige Aktueller Verein: ESTAC Troyes Im Team seit: 01.07.2026 Vertrag bis: 30.06.2029 Letzte Verlängerung: 14.05.2026",CONFIRMED,https://www.transfermarkt.de/noah-donkor/profil/spieler/1119840,92241be389eda3c808aaf40159444a3e8eb2ed799fca45eb239227b0122ddaaa,2026-09-12T20:10:50.501821+00:00,2026-09-12,2026-09-12T20:15:49.909450+00:00
1126043,Jiri Stefan,Jiří Štefan,2006-07-09,13905,FC Zlin B,3,2025-07-01,,Mittelfeld - Zentrales Mittelfeld,,,Tschechien,,,,Name im Heimatland: Jiří Štefan Geb./Alter: 09.07.2006 (20) Staatsbürgerschaft: Tschechien Position: Mittelfeld - Zentrales Mittelfeld Aktueller Verein: FC Zlin B Im Team seit: 01.07.2025 Vertrag bis: - 2. Verein: FC Zlin (#3),CONFIRMED,https://www.transfermarkt.de/jiri-stefan/profil/spieler/1126043,b052c44fcb551b437c0796af04d8a1ae65b737a85a6c0547b7c561856fd8c97a,2026-09-12T20:10:51.570413+00:00,2026-09-12,2026-09-12T20:15:50.083510+00:00
1126044,Filip Dornak,Filip Dorňák,2006-07-23,13905,FC Zlin B,13,2025-07-01,,Sturm - Linksaußen,,,Tschechien,,,,Name im Heimatland: Filip Dorňák Geb./Alter: 23.07.2006 (20) Staatsbürgerschaft: Tschechien Position: Sturm - Linksaußen Aktueller Verein: FC Zlin B Im Team seit: 01.07.2025 Vertrag bis: - Letzte Verlängerung: 31.03.2025 2. Verein: FC Zlin (#13),CONFIRMED,https://www.transfermarkt.de/filip-dornak/profil/spieler/1126044,e61b495d1868fb39f4088ef637697c9deb8d5b4cf2d74b16ae85ab3d4b05c9db,2026-09-12T20:10:52.588658+00:00,2026-09-12,2026-09-12T20:15:50.256540+00:00
1133733,Yaya Diémé,,2007-10-16,7968,Racing Straßburg B,35,2026-01-05,2030-06-30,Sturm - Rechtsaußen,links,"1,80 m",Senegal,,,,"Geb./Alter: 16.10.2007 (18) Geburtsort: Bandjikaky Größe: 1,80 m Staatsbürgerschaft: Senegal Position: Sturm - Rechtsaußen Fuß: links Spielerberater: BMG Aktueller Verein: Racing Straßburg B Im Team seit: 05.01.2026 Vertrag bis: 30.06.2030 2. Verein: Racing Straßburg (#34) Social Media:",CONFIRMED,https://www.transfermarkt.de/yaya-dieme/profil/spieler/1133733,612fbc5c7cff76f7218cc1b68e01d04c7ac4df648fbbff98550046d8453d69cb,2026-09-12T20:10:53.711215+00:00,2026-09-12,2026-09-12T20:15:50.449583+00:00
1134199,Daniel Banjaqui,Daniel Armando Fonseca da Silva Banjaqui,2008-03-24,10330,Benfica Lissabon B,58,2025-07-01,2031-06-30,Abwehr - Rechter Verteidiger,rechts,"1,84 m",Portugal Guinea-Bissau,,,,"Name im Heimatland: Daniel Armando Fonseca da Silva Banjaqui Geb./Alter: 24.03.2008 (18) Geburtsort: Lisboa Größe: 1,84 m Staatsbürgerschaft: Portugal Guinea-Bissau Position: Abwehr - Rechter Verteidiger Fuß: rechts Spielerberater: Team of Future Aktueller Verein: Benfica Lissabon B Im Team seit: 01.07.2025 Vertrag bis: 30.06.2031 Letzte Verlängerung: 02.04.2026 2. Verein: Benfica Lissabon (#58) 3. Verein: SL Benfica Youth League (#2)",CONFIRMED,https://www.transfermarkt.de/daniel-banjaqui/profil/spieler/1134199,1713a5fc6ec2f6e5020d226bf300a9db4f0ee3a73d294a4d07449a4bedff576f,2026-09-12T20:10:54.675825+00:00,2026-09-12,2026-09-12T20:15:50.695228+00:00
1135426,Aaron Ibrahim,,2008-08-02,1096,Royal Antwerpen FC,46,2026-07-01,,Abwehr - Linker Verteidiger,links,,Belgien,,,,Geb./Alter: 02.08.2008 (18) Staatsbürgerschaft: Belgien Position: Abwehr - Linker Verteidiger Fuß: links Aktueller Verein: Royal Antwerpen FC Im Team seit: 01.07.2026 Vertrag bis: - Letzte Verlängerung: 07.07.2026 2. Verein: Young Reds (#46) Social Media:,CONFIRMED,https://www.transfermarkt.de/aaron-ibrahim/profil/spieler/1135426,2f56bd0a66c27be6f823d7fa5276cde70c4a482124b93a326392e0af56db2e2a,2026-09-12T20:10:55.747121+00:00,2026-09-12,2026-09-12T20:15:50.880480+00:00
1137815,Sebbe Gheerardyns,,2005-01-11,520,Cercle Brügge,75,2026-07-01,2027-06-30,Abwehr - Innenverteidiger,links,,Belgien,,,,Geb./Alter: 11.01.2005 (21) Staatsbürgerschaft: Belgien Position: Abwehr - Innenverteidiger Fuß: links Spielerberater: Eleven Plus Aktueller Verein: Cercle Brügge Im Team seit: 01.07.2026 Vertrag bis: 30.06.2027 Letzte Verlängerung: 16.04.2026 2. Verein: Jong Cercle (#75),CONFIRMED,https://www.transfermarkt.de/sebbe-gheerardyns/profil/spieler/1137815,ef239788eca827eea14457a55b5ef573375822456a7e3d36f26a47883629418e,2026-09-12T20:10:56.695236+00:00,2026-09-12,2026-09-12T20:15:51.066794+00:00
1140173,Stepan Ponikelsky,Štěpán Ponikelský,2007-06-25,37466,FC Hradec Kralove B,8,2026-01-01,,Mittelfeld - Zentrales Mittelfeld,,,Tschechien,,,,Name im Heimatland: Štěpán Ponikelský Geb./Alter: 25.06.2007 (19) Staatsbürgerschaft: Tschechien Position: Mittelfeld - Zentrales Mittelfeld Spielerberater: Int. Sport ... Aktueller Verein: FC Hradec Kralove B Im Team seit: 01.01.2026 Vertrag bis: - 2. Verein: FC Hradec Kralove (#22),CONFIRMED,https://www.transfermarkt.de/stepan-ponikelsky/profil/spieler/1140173,e8be259ed749dc43328315b0f34bf691c7080484b91299c0f811e5a595187fcd,2026-09-12T20:10:57.544000+00:00,2026-09-12,2026-09-12T20:15:51.252365+00:00
1143628,Martin Reil,,2006-05-05,40315,FK Pardubice B,19,2025-07-01,,Sturm - Rechtsaußen,,,Tschechien,,,,Geb./Alter: 05.05.2006 (20) Staatsbürgerschaft: Tschechien Position: Sturm - Rechtsaußen Spielerberater: Int. Sport ... Aktueller Verein: FK Pardubice B Im Team seit: 01.07.2025 Vertrag bis: - Letzte Verlängerung: 28.05.2026 2. Verein: FK Pardubice (#27),CONFIRMED,https://www.transfermarkt.de/martin-reil/profil/spieler/1143628,b10c5f6507a141669a4968d5564a254c8d895fd386ad4d7799446a64f574b560,2026-09-12T20:10:58.766272+00:00,2026-09-12,2026-09-12T20:15:51.427432+00:00
1144938,Alvin Petit Dol,,2006-11-07,10820,AJ Auxerre B,,2025-07-01,2027-06-30,Abwehr - Innenverteidiger,rechts,"1,93 m",Frankreich Haiti,,,,"Geb./Alter: 07.11.2006 (19) Geburtsort: Paris Größe: 1,93 m Staatsbürgerschaft: Frankreich Haiti Position: Abwehr - Innenverteidiger Fuß: rechts Spielerberater: HIM Aktueller Verein: AJ Auxerre B Im Team seit: 01.07.2025 Vertrag bis: 30.06.2027 Letzte Verlängerung: 30.04.2026 2. Verein: AJ Auxerre (#38)",CONFIRMED,https://www.transfermarkt.de/alvin-petit-dol/profil/spieler/1144938,da09fb7cccd224b43d874c74cc7fa54e7fb7e005358a15c3ec69d38d106121cf,2026-09-12T20:10:59.589503+00:00,2026-09-12,2026-09-12T20:15:51.601494+00:00
1146470,Gilles van der Wal,,2008-06-24,20300,PEC Zwolle U21,,2026-07-01,,Mittelfeld - Offensives Mittelfeld,,,Niederlande,,,,Geb./Alter: 24.06.2008 (18) Staatsbürgerschaft: Niederlande Position: Mittelfeld - Offensives Mittelfeld Aktueller Verein: PEC Zwolle U21 Im Team seit: 01.07.2026 Vertrag bis: - 2. Verein: PEC Zwolle (#37),CONFIRMED,https://www.transfermarkt.de/gilles-van-der-wal/profil/spieler/1146470,3592642c7eebeb8c8c6b609b21346c9cadb438b770c34feb00bc5c8fb1ddadd2,2026-09-12T20:11:00.530319+00:00,2026-09-12,2026-09-12T20:15:51.766570+00:00
1146474,Amir Bouhamdi,أمير بوحمدي,2008-06-17,9715,PSV Eindhoven II,,2026-01-01,2031-06-30,Sturm - Linksaußen,rechts,"1,78 m",Marokko Niederlande,,,,"Name im Heimatland: أمير بوحمدي Geb./Alter: 17.06.2008 (18) Geburtsort: Sittard Größe: 1,78 m Staatsbürgerschaft: Marokko Niederlande Position: Sturm - Linksaußen Fuß: rechts Spielerberater: CAA Stellar Aktueller Verein: PSV Eindhoven II Im Team seit: 01.01.2026 Vertrag bis: 30.06.2031 Letzte Verlängerung: 02.09.2026 2. Verein: PSV Eindhoven (#37) Social Media:",CONFIRMED,https://www.transfermarkt.de/amir-bouhamdi/profil/spieler/1146474,f4e24ed5e9a7ed5dbfa63b30d3e8fc7e98aada1e416cb8181da734ca7f878788,2026-09-12T20:11:01.490060+00:00,2026-09-12,2026-09-12T20:15:51.997292+00:00
1146761,Khadim Ngom,,2005-08-05,9715,PSV Eindhoven II,,2025-08-02,2027-06-30,Torwart,,,Niederlande Senegal,,,,Geb./Alter: 05.08.2005 (21) Geburtsort: Almere Staatsbürgerschaft: Niederlande Senegal Position: Torwart Spielerberater: Loyal Sports Aktueller Verein: PSV Eindhoven II Im Team seit: 02.08.2025 Vertrag bis: 30.06.2027 2. Verein: PSV Eindhoven (#41),CONFIRMED,https://www.transfermarkt.de/khadim-ngom/profil/spieler/1146761,dfa47fae4dabcbd59d49ab326c0d315d949050b3e6baeafadc75f42a04f49233,2026-09-12T20:11:02.552638+00:00,2026-09-12,2026-09-12T20:15:52.182638+00:00
1150372,Pato,,2004-02-17,3329,FC Famalicão,33,2026-09-02,2027-06-30,Sturm - Mittelstürmer,links,"1,80 m",Mexiko,3631,CF América,2028-06-30,"Vollständiger Name: Patricio Salas Quintal Geb./Alter: 17.02.2004 (22) Geburtsort: Mérida Größe: 1,80 m Staatsbürgerschaft: Mexiko Position: Sturm - Mittelstürmer Fuß: links Spielerberater: PitZGroup Aktueller Verein: FC Famalicão Im Team seit: 02.09.2026 Vertrag bis: 30.06.2027 Ausgeliehen von: CF América Vertrag dort bis: 30.06.2028 Ausrüster: adidas",CONFIRMED,https://www.transfermarkt.de/pato/profil/spieler/1150372,27601c4607ad4a203f019fb9b2e5851a583de10d2dfaa9573840804ee2c62a3c,2026-09-12T20:11:03.564997+00:00,2026-09-12,2026-09-12T20:15:52.371040+00:00
1152080,Erol Can Çolak,,2006-01-02,449,Trabzonspor,96,2025-07-01,2028-06-30,Torwart,links,"1,90 m",Türkei,,,,"Geb./Alter: 02.01.2006 (20) Geburtsort: Ordu Größe: 1,90 m Staatsbürgerschaft: Türkei Position: Torwart Fuß: links Aktueller Verein: Trabzonspor Im Team seit: 01.07.2025 Vertrag bis: 30.06.2028 Letzte Verlängerung: 17.04.2025 Social Media:",CONFIRMED,https://www.transfermarkt.de/erol-can-colak/profil/spieler/1152080,bb2f860c6cffda45a0a8c0c564b1368fb9dee3bee1dbd60aec38669552f790a6,2026-09-12T20:11:04.504944+00:00,2026-09-12,2026-09-12T20:15:52.592499+00:00
1153358,Shion Shinkawa,新川 志音,2007-08-06,475,VV St. Truiden,99,2026-01-16,2029-06-30,Sturm - Mittelstürmer,,"1,71 m",Japan,,,,"Name im Heimatland: 新川 志音 Geb./Alter: 06.08.2007 (19) Größe: 1,71 m Staatsbürgerschaft: Japan Position: Sturm - Mittelstürmer Spielerberater: CCC Aktueller Verein: VV St. Truiden Im Team seit: 16.01.2026 Vertrag bis: 30.06.2029 Social Media:",CONFIRMED,https://www.transfermarkt.de/shion-shinkawa/profil/spieler/1153358,bc580aeb52c778092300ea46eab8670e423ce11176b3684fe88417c19157910f,2026-09-12T20:11:05.544425+00:00,2026-09-12,2026-09-12T20:15:52.774540+00:00
1154528,Si-hoo Park,박시후,2007-08-18,8024,FC Arouca,77,2026-07-04,2031-06-30,Sturm - Linksaußen,rechts,"1,84 m",Südkorea,,,,"Name im Heimatland: 박시후 Geb./Alter: 18.08.2007 (19) Geburtsort: Eunpyeong-gu, Seoul Größe: 1,84 m Staatsbürgerschaft: Südkorea Position: Sturm - Linksaußen Fuß: rechts Spielerberater: Proeleven S.A. Aktueller Verein: FC Arouca Im Team seit: 04.07.2026 Vertrag bis: 30.06.2031",CONFIRMED,https://www.transfermarkt.de/si-hoo-park/profil/spieler/1154528,516aab70238a5a4b975b99ccc9445b7cce3ecc0f4b450dc52ac60c2c0f300812,2026-09-12T20:11:06.860476+00:00,2026-09-12,2026-09-12T20:15:52.962729+00:00
1160184,Abdoul Ayinde,Abdoul Rachid Ayinde,2005-07-17,157,KAA Gent,39,2026-01-01,2027-06-30,Abwehr - Linker Verteidiger,links,,Burkina Faso,,,,Name im Heimatland: Abdoul Rachid Ayinde Geb./Alter: 17.07.2005 (21) Staatsbürgerschaft: Burkina Faso Position: Abwehr - Linker Verteidiger Fuß: links Spielerberater: SEG Aktueller Verein: KAA Gent Im Team seit: 01.01.2026 Vertrag bis: 30.06.2027 Letzte Verlängerung: 08.05.2025 2. Verein: Jong KAA Gent (#39) Social Media:,CONFIRMED,https://www.transfermarkt.de/abdoul-ayinde/profil/spieler/1160184,bd9a371ffc822763cd49d089f3834ce803a491c2e9cfbda411ae6d9e3a9bdf7e,2026-09-12T20:11:07.703875+00:00,2026-09-12,2026-09-12T20:15:53.146715+00:00
1161013,Mustafa Tan,Haluk Mustafa Tan,2005-04-27,152,Samsunspor,29,2023-12-04,2028-06-30,Abwehr - Rechter Verteidiger,rechts,"1,81 m",Türkei,,,,"Name im Heimatland: Haluk Mustafa Tan Geb./Alter: 27.04.2005 (21) Geburtsort: Samsun Größe: 1,81 m Staatsbürgerschaft: Türkei Position: Abwehr - Rechter Verteidiger Fuß: rechts Spielerberater: Signus Aktueller Verein: Samsunspor Im Team seit: 04.12.2023 Vertrag bis: 30.06.2028 Social Media:",CONFIRMED,https://www.transfermarkt.de/mustafa-tan/profil/spieler/1161013,1ff017cd782325d9b93feedfa47f16dbe78c830b201ca05071dd08aa2fc72441,2026-09-12T20:11:08.637538+00:00,2026-09-12,2026-09-12T20:15:53.333760+00:00
1165890,Noah Sy,Noah Abdoulaye Sy,2007-03-25,3057,Standard Lüttich,34,2026-07-01,2027-06-30,Abwehr - Innenverteidiger,,,Belgien,,,,Name im Heimatland: Noah Abdoulaye Sy Geb./Alter: 25.03.2007 (19) Staatsbürgerschaft: Belgien Position: Abwehr - Innenverteidiger Spielerberater: Stirr Associates Aktueller Verein: Standard Lüttich Im Team seit: 01.07.2026 Vertrag bis: 30.06.2027 2. Verein: Standard Lüttich 16 FC,CONFIRMED,https://www.transfermarkt.de/noah-sy/profil/spieler/1165890,7ad1bdf62b8f38a3d720fa085a1840ee1e364d49f2a689f70d7b9c5ed4ce4800,2026-09-12T20:11:09.498350+00:00,2026-09-12,2026-09-12T20:15:53.508610+00:00
1166018,Jan Jinoch,,2006-05-02,22729,FK Mlada Boleslav B,24,2025-07-29,,Sturm - Rechtsaußen,,"1,72 m",Tschechien,,,,"Geb./Alter: 02.05.2006 (20) Größe: 1,72 m Staatsbürgerschaft: Tschechien Position: Sturm - Rechtsaußen Aktueller Verein: FK Mlada Boleslav B Im Team seit: 29.07.2025 Vertrag bis: - 2. Verein: FK Mlada Boleslav (#41)",CONFIRMED,https://www.transfermarkt.de/jan-jinoch/profil/spieler/1166018,9119e511266521455ef9eaddd55c99f68f462792165f0582b3493c4dc0b92894,2026-09-12T20:11:10.562073+00:00,2026-09-12,2026-09-12T20:15:53.734310+00:00
1167216,Louis Mezerette,,2006-08-30,10820,AJ Auxerre B,,2025-07-01,2028-06-30,Torwart,rechts,"1,84 m",Frankreich,,,,"Geb./Alter: 30.08.2006 (20) Geburtsort: Le Mans Größe: 1,84 m Staatsbürgerschaft: Frankreich Position: Torwart Fuß: rechts Spielerberater: Gersh Aktueller Verein: AJ Auxerre B Im Team seit: 01.07.2025 Vertrag bis: 30.06.2028 Letzte Verlängerung: 07.06.2025 2. Verein: AJ Auxerre (#37) Social Media:",CONFIRMED,https://www.transfermarkt.de/louis-mezerette/profil/spieler/1167216,2f3e4c0da4bb9f2d47d491767dd62d9ff2b4f9768968b581613fcaf816bc41d1,2026-09-12T20:11:11.516365+00:00,2026-09-12,2026-09-12T20:15:53.920238+00:00
1174487,Jahelille Hall,,2007-11-25,14725,FC Groningen U21,53,2026-07-01,,Mittelfeld - Zentrales Mittelfeld,,,Niederlande,,,,Geb./Alter: 25.11.2007 (18) Staatsbürgerschaft: Niederlande Position: Mittelfeld - Zentrales Mittelfeld Spielerberater: Bundled Aktueller Verein: FC Groningen U21 Im Team seit: 01.07.2026 Vertrag bis: - 2. Verein: FC Groningen (#53),CONFIRMED,https://www.transfermarkt.de/jahelille-hall/profil/spieler/1174487,9f44543a4fd6cfcffb0df0ab971bf9111f5fe151396fcfaba2a61042aafca602,2026-09-12T20:11:12.514686+00:00,2026-09-12,2026-09-12T20:15:54.117300+00:00
1175619,Mahmut Can Kara,,2006-01-01,11282,Alanyaspor,,2026-07-01,2028-06-30,Torwart,rechts,"1,90 m",Türkei,,,,"Geb./Alter: 01.01.2006 (20) Geburtsort: Antalya Größe: 1,90 m Staatsbürgerschaft: Türkei Position: Torwart Fuß: rechts Aktueller Verein: Alanyaspor Im Team seit: 01.07.2026 Vertrag bis: 30.06.2028",CONFIRMED,https://www.transfermarkt.de/mahmut-can-kara/profil/spieler/1175619,f9f619cf8a60751e396afc6ec4c3182c2d3b6bd8ad4a6755a535cc800c19cddd,2026-09-12T20:11:13.608371+00:00,2026-09-12,2026-09-12T20:15:54.317058+00:00
1176215,Bahmed Deuff,باهمد دوف,2006-03-10,1096,Royal Antwerpen FC,6,2026-09-03,2027-06-30,Mittelfeld - Defensives Mittelfeld,rechts,"1,94 m",Mauretanien Frankreich,995,FC Nantes,2029-06-30,"Name im Heimatland: باهمد دوف Geb./Alter: 10.03.2006 (20) Geburtsort: Nouakchott Größe: 1,94 m Staatsbürgerschaft: Mauretanien Frankreich Position: Mittelfeld - Defensives Mittelfeld Fuß: rechts Spielerberater: Gestifute Aktueller Verein: Royal Antwerpen FC Im Team seit: 03.09.2026 Vertrag bis: 30.06.2027 Vertragsoption: Kaufoption Ausgeliehen von: FC Nantes Vertrag dort bis: 30.06.2029 Social Media:",CONFIRMED,https://www.transfermarkt.de/bahmed-deuff/profil/spieler/1176215,d421cc6e77c640123f07acd9c9c7513a060f62af3f0e541dda75829945e79e84,2026-09-12T20:11:14.743685+00:00,2026-09-12,2026-09-12T20:15:54.519903+00:00
1178478,Tiemen De Bel,Tiemen Jens De Bel,2006-10-31,520,Cercle Brügge,94,2026-07-01,2027-06-30,Torwart,,"1,90 m",Belgien,,,,"Name im Heimatland: Tiemen Jens De Bel Geb./Alter: 31.10.2006 (19) Größe: 1,90 m Staatsbürgerschaft: Belgien Position: Torwart Spielerberater: Beswicks Sports Ltd Aktueller Verein: Cercle Brügge Im Team seit: 01.07.2026 Vertrag bis: 30.06.2027 Vertragsoption: vereinsseitig 1 Jahr Letzte Verlängerung: 17.10.2025 2. Verein: Jong Cercle (#94) Social Media:",CONFIRMED,https://www.transfermarkt.de/tiemen-de-bel/profil/spieler/1178478,5f1a0b6bbce0afedafc5b8c59fd3485dcf57a7d5a104692cc1c49b60e643835b,2026-09-12T20:11:15.691639+00:00,2026-09-12,2026-09-12T20:15:54.695608+00:00
1178721,Rafel Bauzà,Rafel Bauzà Sureda,2005-01-30,714,Espanyol Barcelona,26,2025-07-01,2028-06-30,Mittelfeld - Zentrales Mittelfeld,rechts,"1,83 m",Spanien,,,,"Name im Heimatland: Rafel Bauzà Sureda Geb./Alter: 30.01.2005 (21) Geburtsort: Sant Llorenç des Cardessar Größe: 1,83 m Staatsbürgerschaft: Spanien Position: Mittelfeld - Zentrales Mittelfeld Fuß: rechts Spielerberater: LEADERBROCK Aktueller Verein: Espanyol Barcelona Im Team seit: 01.07.2025 Vertrag bis: 30.06.2028",CONFIRMED,https://www.transfermarkt.de/rafel-bauza/profil/spieler/1178721,a37c9f73d12d58edb849b075c7e38484a6db621e0f8b7c5c0dcd3635340fe401,2026-09-12T20:11:16.679350+00:00,2026-09-12,2026-09-12T20:15:54.887686+00:00
1178853,Berhan Kutlay Şatlı,,2006-01-14,7160,Eyüpspor,42,2026-01-01,2029-06-30,Abwehr - Innenverteidiger,rechts,"1,86 m",Türkei,,,,"Geb./Alter: 14.01.2006 (20) Geburtsort: İstanbul Größe: 1,86 m Staatsbürgerschaft: Türkei Position: Abwehr - Innenverteidiger Fuß: rechts Aktueller Verein: Eyüpspor Im Team seit: 01.01.2026 Vertrag bis: 30.06.2029 Letzte Verlängerung: 15.08.2026 Social Media:",CONFIRMED,https://www.transfermarkt.de/berhan-kutlay-satli/profil/spieler/1178853,46859891fa8f4fc6b0c466e8583b9191d0a220ccfee2465ba9f7da2580158025,2026-09-12T20:11:17.657360+00:00,2026-09-12,2026-09-12T20:15:55.066741+00:00
1181959,İbrahim Kağan Alkış,,2006-01-01,2832,Gaziantep FK,,2025-07-01,2027-06-30,Torwart,rechts,"1,90 m",Türkei,,,,"Geb./Alter: 01.01.2006 (20) Geburtsort: Kahramanmaraş Größe: 1,90 m Staatsbürgerschaft: Türkei Position: Torwart Fuß: rechts Aktueller Verein: Gaziantep FK Im Team seit: 01.07.2025 Vertrag bis: 30.06.2027",CONFIRMED,https://www.transfermarkt.de/ibrahim-kagan-alkis/profil/spieler/1181959,16da470fa60024442581b9264c6ca3d6ecb1cf53c77d2eff693976cb136d6c8d,2026-09-12T20:11:18.590754+00:00,2026-09-12,2026-09-12T20:15:55.269810+00:00
1182538,Duarte Cunha,Duarte Lopes da Cunha,2008-01-25,10331,FC Porto B,57,2026-01-01,2031-06-30,Sturm - Rechtsaußen,rechts,"1,75 m",Portugal,,,,"Name im Heimatland: Duarte Lopes da Cunha Geb./Alter: 25.01.2008 (18) Geburtsort: Cerveira Größe: 1,75 m Staatsbürgerschaft: Portugal Position: Sturm - Rechtsaußen Fuß: rechts Spielerberater: AS1 Aktueller Verein: FC Porto B Im Team seit: 01.01.2026 Vertrag bis: 30.06.2031 Letzte Verlängerung: 08.05.2026 2. Verein: FC Porto (#57) 3. Verein: FC Porto UEFA U19",CONFIRMED,https://www.transfermarkt.de/duarte-cunha/profil/spieler/1182538,5343a0e0e5f5ebb4d58b0be26714a07b61c180ab76a1fae2da5017462c9bbda9,2026-09-12T20:11:19.620341+00:00,2026-09-12,2026-09-12T20:15:55.460844+00:00
1183575,Pape Diong,Pape Daouda Diong,2006-06-15,968,KVC Westerlo,26,2026-08-27,2030-06-30,Mittelfeld - Defensives Mittelfeld,rechts,"1,93 m",Senegal,,,,"Name im Heimatland: Pape Daouda Diong Geb./Alter: 15.06.2006 (20) Geburtsort: Dakar Größe: 1,93 m Staatsbürgerschaft: Senegal Position: Mittelfeld - Defensives Mittelfeld Fuß: rechts Aktueller Verein: KVC Westerlo Im Team seit: 27.08.2026 Vertrag bis: 30.06.2030",CONFIRMED,https://www.transfermarkt.de/pape-diong/profil/spieler/1183575,ae33ffcfbb5bd696bf9e25d09abad262e5929e08da79d1c2a2a3f75984a85e7b,2026-09-12T20:11:20.542424+00:00,2026-09-12,2026-09-12T20:15:55.650901+00:00
1184725,Jeff Godelaine,,2007-04-26,1096,Royal Antwerpen FC,29,2026-07-01,2029-06-30,Sturm - Mittelstürmer,links,,Belgien,,,,Geb./Alter: 26.04.2007 (19) Staatsbürgerschaft: Belgien Position: Sturm - Mittelstürmer Fuß: links Spielerberater: THE·TEAM Aktueller Verein: Royal Antwerpen FC Im Team seit: 01.07.2026 Vertrag bis: 30.06.2029 Letzte Verlängerung: 20.05.2026 Social Media:,CONFIRMED,https://www.transfermarkt.de/jeff-godelaine/profil/spieler/1184725,36b4cde7a71e4e61720dfa32270d82b1d068451509154698d243ba0adfda6b84,2026-09-12T20:11:21.605506+00:00,2026-09-12,2026-09-12T20:15:55.835620+00:00
1186235,Jorge Cestero,Jorge Cestero Sancho,2006-03-24,6767,Real Madrid Castilla,6,2025-07-01,2028-06-30,Mittelfeld - Zentrales Mittelfeld,rechts,"1,78 m",Spanien,,,,"Name im Heimatland: Jorge Cestero Sancho Geb./Alter: 24.03.2006 (20) Geburtsort: Zaragoza Größe: 1,78 m Staatsbürgerschaft: Spanien Position: Mittelfeld - Zentrales Mittelfeld Fuß: rechts Spielerberater: Best of You Aktueller Verein: Real Madrid Castilla Im Team seit: 01.07.2025 Vertrag bis: 30.06.2028 2. Verein: Real Madrid (#29)",CONFIRMED,https://www.transfermarkt.de/jorge-cestero/profil/spieler/1186235,25083f20353cc9e697e648279615707613758b0e554be45d38271bc973622433,2026-09-12T20:11:22.622356+00:00,2026-09-12,2026-09-12T20:15:56.028375+00:00
1186566,Mats Van Helden,,2006-06-01,354,KV Mechelen,49,2026-07-01,2028-06-30,Mittelfeld - Offensives Mittelfeld,rechts,"1,88 m",Belgien,,,,"Geb./Alter: 01.06.2006 (20) Geburtsort: Genk Größe: 1,88 m Staatsbürgerschaft: Belgien Position: Mittelfeld - Offensives Mittelfeld Fuß: rechts Spielerberater: NGA Sport Aktueller Verein: KV Mechelen Im Team seit: 01.07.2026 Vertrag bis: 30.06.2028 Vertragsoption: vereinsseitig 1 Jahr Letzte Verlängerung: 27.05.2026 2. Verein: Jong KV Mechelen (#49)",CONFIRMED,https://www.transfermarkt.de/mats-van-helden/profil/spieler/1186566,2fc4f8cdd20506e9a1ee13092677fe455877540763a38082540bcb032c9ad928,2026-09-12T20:11:23.571755+00:00,2026-09-12,2026-09-12T20:15:56.202917+00:00
1188222,Marco Decherf,,2006-10-23,354,KV Mechelen,30,2026-09-03,2030-06-30,Mittelfeld - Zentrales Mittelfeld,rechts,"1,88 m",Frankreich,,,,"Geb./Alter: 23.10.2006 (19) Geburtsort: Dunkerque Größe: 1,88 m Staatsbürgerschaft: Frankreich Position: Mittelfeld - Zentrales Mittelfeld Fuß: rechts Spielerberater: Pedacus Aktueller Verein: KV Mechelen Im Team seit: 03.09.2026 Vertrag bis: 30.06.2030",CONFIRMED,https://www.transfermarkt.de/marco-decherf/profil/spieler/1188222,676399f5d46f3201977955dcf6fcbca1124d8154402e331f004acb3bb6acc948,2026-09-12T20:11:24.589327+00:00,2026-09-12,2026-09-12T20:15:56.390496+00:00
1188619,Alessio Cacciamani,,2007-06-29,416,FC Turin,77,2025-07-01,2031-06-30,Mittelfeld - Linkes Mittelfeld,rechts,"1,75 m",Italien,,,,"Geb./Alter: 29.06.2007 (19) Geburtsort: Jesi Größe: 1,75 m Staatsbürgerschaft: Italien Position: Mittelfeld - Linkes Mittelfeld Fuß: rechts Spielerberater: FOOTBALL STARS ... Aktueller Verein: FC Turin Im Team seit: 01.07.2025 Vertrag bis: 30.06.2031 Letzte Verlängerung: 10.09.2026 Social Media:",CONFIRMED,https://www.transfermarkt.de/alessio-cacciamani/profil/spieler/1188619,b01ca4854428d8e73316745702645e60fba2ac21b3cd8954a3ea2636f42780fd,2026-09-12T20:11:25.548499+00:00,2026-09-12,2026-09-12T20:15:56.580605+00:00
1189059,Berk Deniz Çukurcu,,2008-01-02,820,Genclerbirligi Ankara,61,2025-07-01,2027-06-30,Torwart,rechts,"1,89 m",Türkei,,,,"Geb./Alter: 02.01.2008 (18) Geburtsort: Ankara Größe: 1,89 m Staatsbürgerschaft: Türkei Position: Torwart Fuß: rechts Aktueller Verein: Genclerbirligi Ankara Im Team seit: 01.07.2025 Vertrag bis: 30.06.2027 Letzte Verlängerung: 13.01.2025 2. Verein: Genclerbirligi Ankara U19 Social Media:",CONFIRMED,https://www.transfermarkt.de/berk-deniz-cukurcu/profil/spieler/1189059,b92ff4bdafd4aa44424f8df037dd3e14bd46930adea9976c06d7dbd57ded24a5,2026-09-12T20:11:26.525537+00:00,2026-09-12,2026-09-12T20:15:56.766321+00:00
1191562,Lowie Piselé,Lowie Peter Piselé,2009-09-17,1096,Royal Antwerpen FC,61,2026-07-01,2027-06-30,Torwart,,,Belgien,,,,Name im Heimatland: Lowie Peter Piselé Geb./Alter: 17.09.2009 (16) Staatsbürgerschaft: Belgien Position: Torwart Aktueller Verein: Royal Antwerpen FC Im Team seit: 01.07.2026 Vertrag bis: 30.06.2027 Letzte Verlängerung: 17.09.2024 2. Verein: Young Reds (#61) Social Media:,CONFIRMED,https://www.transfermarkt.de/lowie-pisele/profil/spieler/1191562,b2a88fc3a528fdb750d898cf8a4726a743277e1d3845733c771b3b4486622c04,2026-09-12T20:11:27.622366+00:00,2026-09-12,2026-09-12T20:15:56.986846+00:00
1192697,Axel Willockx,,2007-02-07,354,KV Mechelen,32,2025-07-01,2027-06-30,Torwart,rechts,"1,89 m",Belgien,,,,"Geb./Alter: 07.02.2007 (19) Geburtsort: Duffel Größe: 1,89 m Staatsbürgerschaft: Belgien Position: Torwart Fuß: rechts Spielerberater: PROFI-MANAGEMENT Aktueller Verein: KV Mechelen Im Team seit: 01.07.2025 Vertrag bis: 30.06.2027 2. Verein: Jong KV Mechelen (#30) Social Media:",CONFIRMED,https://www.transfermarkt.de/axel-willockx/profil/spieler/1192697,090df29cf949afbe408214080197a126c937135e21e8de5d55f5bf2e0745f6f2,2026-09-12T20:11:28.568339+00:00,2026-09-12,2026-09-12T20:15:57.175441+00:00
1194905,Abdellah Ouazane,عبد الله وزان,2009-01-15,8817,Ajax Amsterdam II,,2025-07-01,2028-06-30,Mittelfeld - Offensives Mittelfeld,rechts,"1,84 m",Marokko Niederlande,,,,"Name im Heimatland: عبد الله وزان Geb./Alter: 15.01.2009 (17) Geburtsort: Amsterdam Größe: 1,84 m Staatsbürgerschaft: Marokko Niederlande Position: Mittelfeld - Offensives Mittelfeld Fuß: rechts Spielerberater: Forza Sports Group Aktueller Verein: Ajax Amsterdam II Im Team seit: 01.07.2025 Vertrag bis: 30.06.2028 Letzte Verlängerung: 04.08.2025 2. Verein: Ajax Amsterdam (#68) Ausrüster: adidas Social Media:",CONFIRMED,https://www.transfermarkt.de/abdellah-ouazane/profil/spieler/1194905,644c5a141d656b01e2a9c93fb9d177bc438384889ec809d93fcf8fdb28d9866d,2026-09-12T20:11:29.652501+00:00,2026-09-12,2026-09-12T20:15:57.366136+00:00
1197994,Hasanege Akdoğan,,2008-03-08,37951,Corum FK,23,2024-07-04,2027-06-30,Sturm - Mittelstürmer,rechts,,Türkei,,,,Geb./Alter: 08.03.2008 (18) Geburtsort: Çankırı Staatsbürgerschaft: Türkei Position: Sturm - Mittelstürmer Fuß: rechts Spielerberater: TM AGENCY Aktueller Verein: Corum FK Im Team seit: 04.07.2024 Vertrag bis: 30.06.2027 Social Media:,CONFIRMED,https://www.transfermarkt.de/hasanege-akdogan/profil/spieler/1197994,88cc0d43fd15aa9c6be7649a616dde5a6536fa3739930959420e221236bdb90f,2026-09-12T20:11:30.719377+00:00,2026-09-12,2026-09-12T20:15:57.556203+00:00
1197999,Cemilhan Aslan,,2008-05-07,2832,Gaziantep FK,81,2026-01-01,2027-06-30,Torwart,rechts,"1,91 m",Türkei,,,,"Geb./Alter: 07.05.2008 (18) Geburtsort: Gaziantep Größe: 1,91 m Staatsbürgerschaft: Türkei Position: Torwart Fuß: rechts Aktueller Verein: Gaziantep FK Im Team seit: 01.01.2026 Vertrag bis: 30.06.2027 2. Verein: Gaziantep FK U19",CONFIRMED,https://www.transfermarkt.de/cemilhan-aslan/profil/spieler/1197999,c8cca23fbca4d331ecc285be6e8c2cde3e84aa681434676430e754996f361722,2026-09-12T20:11:31.707362+00:00,2026-09-12,2026-09-12T20:15:57.736243+00:00
1200278,Afolabi Soliu,,2005-08-08,5225,FC Zbrojovka Brünn,,2026-09-08,2027-06-30,Sturm - Linksaußen,rechts,"1,80 m",Nigeria,697,FC Slovan Liberec,2029-06-30,"Geb./Alter: 08.08.2005 (21) Geburtsort: Lagos Größe: 1,80 m Staatsbürgerschaft: Nigeria Position: Sturm - Linksaußen Fuß: rechts Spielerberater: CSC AGENCY Aktueller Verein: FC Zbrojovka Brünn Im Team seit: 08.09.2026 Vertrag bis: 30.06.2027 Ausgeliehen von: FC Slovan Liberec Vertrag dort bis: 30.06.2029",CONFIRMED,https://www.transfermarkt.de/afolabi-soliu/profil/spieler/1200278,fe270cfeb1c89dff9e643a9efe470ee566682fe8025d4e83f2adc9094a61ce94,2026-09-12T20:11:32.612328+00:00,2026-09-12,2026-09-12T20:15:57.924294+00:00
1210902,Nélio Batista,Nélio Francisco Santos Batista,2009-01-14,67837,CS Marítimo U23,68,2025-07-01,2028-06-30,Mittelfeld - Zentrales Mittelfeld,rechts,"1,73 m",Portugal,,,,"Name im Heimatland: Nélio Francisco Santos Batista Geb./Alter: 14.01.2009 (17) Geburtsort: Funchal Größe: 1,73 m Staatsbürgerschaft: Portugal Position: Mittelfeld - Zentrales Mittelfeld Fuß: rechts Aktueller Verein: CS Marítimo U23 Im Team seit: 01.07.2025 Vertrag bis: 30.06.2028 Letzte Verlängerung: 24.07.2025 2. Verein: CS Marítimo (#68)",CONFIRMED,https://www.transfermarkt.de/nelio-batista/profil/spieler/1210902,3c33cdb42465e5b07b0c211218274c16dace8a4327bd2e18b36e66cd33f0cbf5,2026-09-12T20:11:33.535418+00:00,2026-09-12,2026-09-12T20:15:58.310903+00:00
1211302,Matteo Heremans,,2006-01-08,2727,Oud-Heverlee Leuven,80,2026-07-01,2027-06-30,Mittelfeld - Offensives Mittelfeld,,,Belgien,,,,Geb./Alter: 08.01.2006 (20) Staatsbürgerschaft: Belgien Position: Mittelfeld - Offensives Mittelfeld Spielerberater: AXL Aktueller Verein: Oud-Heverlee Leuven Im Team seit: 01.07.2026 Vertrag bis: 30.06.2027,CONFIRMED,https://www.transfermarkt.de/matteo-heremans/profil/spieler/1211302,992d51f9e5521fa8a0ad096d973e2ae9eb52d600a8ad4e951d93ce82ca4dd650,2026-09-12T20:11:34.428066+00:00,2026-09-12,2026-09-12T20:15:58.708413+00:00
1223334,Ada Yüzgeç,,2009-04-03,141,Galatasaray,62,2026-07-01,2029-06-30,Sturm - Mittelstürmer,,,Türkei,,,,Geb./Alter: 03.04.2009 (17) Geburtsort: Hatay Staatsbürgerschaft: Türkei Position: Sturm - Mittelstürmer Spielerberater: F-F SPORT Aktueller Verein: Galatasaray Im Team seit: 01.07.2026 Vertrag bis: 30.06.2029 Letzte Verlängerung: 13.08.2026 2. Verein: Galatasaray U19 3. Verein: Galatasaray UEFA U19 Social Media:,CONFIRMED,https://www.transfermarkt.de/ada-yuzgec/profil/spieler/1223334,96097e73be7447dad92b20d893548ec548f3a612110377bebcfcb7270476ac98,2026-09-12T20:11:35.589521+00:00,2026-09-12,2026-09-12T20:15:59.144510+00:00
1223956,Matheus Mattara,Matheus Mattara Colombo,2006-09-01,75337,FC Famalicão U23,36,2025-07-01,2031-06-30,Abwehr - Innenverteidiger,rechts,"1,91 m",Brasilien Italien,,,,"Name im Heimatland: Matheus Mattara Colombo Geb./Alter: 01.09.2006 (20) Geburtsort: São Paulo Größe: 1,91 m Staatsbürgerschaft: Brasilien Italien Position: Abwehr - Innenverteidiger Fuß: rechts Spielerberater: specialfoot Aktueller Verein: FC Famalicão U23 Im Team seit: 01.07.2025 Vertrag bis: 30.06.2031 Letzte Verlängerung: 16.07.2026 2. Verein: FC Famalicão (#36)",CONFIRMED,https://www.transfermarkt.de/matheus-mattara/profil/spieler/1223956,b86b894e86d3ecca86aaf2a9ea95dd9a203fd44e9a41ced449532692b8795127,2026-09-12T20:11:36.527340+00:00,2026-09-12,2026-09-12T20:15:59.544599+00:00
1226227,Tristen Alliet,,2005-04-19,601,KV Kortrijk,77,2026-07-01,2027-06-30,Torwart,,,Belgien,,,,Geb./Alter: 19.04.2005 (21) Staatsbürgerschaft: Belgien Position: Torwart Spielerberater: CM Football Agency Aktueller Verein: KV Kortrijk Im Team seit: 01.07.2026 Vertrag bis: 30.06.2027 Vertragsoption: vereinsseitig 1 Jahr Letzte Verlängerung: 18.09.2025,CONFIRMED,https://www.transfermarkt.de/tristen-alliet/profil/spieler/1226227,9cbe929c181bfc2e15c7bb930906ba9d6b9651b6d2111b4cd6bdb70d725c014f,2026-09-12T20:11:37.673072+00:00,2026-09-12,2026-09-12T20:15:59.940691+00:00
1226703,Guilherme Gomes,Guilherme Henrique Bernardineli Gomes,2006-02-02,2424,Gil Vicente FC,19,2026-09-04,2030-06-30,Mittelfeld - Offensives Mittelfeld,rechts,"1,80 m",Brasilien,,,,"Name im Heimatland: Guilherme Henrique Bernardineli Gomes Geb./Alter: 02.02.2006 (20) Geburtsort: Mandaguari Größe: 1,80 m Staatsbürgerschaft: Brasilien Position: Mittelfeld - Offensives Mittelfeld Fuß: rechts Spielerberater: LIFEPRO Aktueller Verein: Gil Vicente FC Im Team seit: 04.09.2026 Vertrag bis: 30.06.2030 Ausrüster: adidas",CONFIRMED,https://www.transfermarkt.de/guilherme-gomes/profil/spieler/1226703,6f22746871b67118ed23a0a16f791329a7d3985efb2a709fc4822f1579435fac,2026-09-12T20:11:38.500859+00:00,2026-09-12,2026-09-12T20:16:00.342239+00:00
1230201,Sixtus Ogbuehi,Nzubechi Sixtus Ogbuehi Ogbuehi,2003-03-15,601,KV Kortrijk,90,2025-07-24,2028-06-30,Sturm - Mittelstürmer,rechts,"1,91 m",Nigeria,,,,"Name im Heimatland: Nzubechi Sixtus Ogbuehi Ogbuehi Geb./Alter: 15.03.2003 (23) Geburtsort: Owerri Größe: 1,91 m Staatsbürgerschaft: Nigeria Position: Sturm - Mittelstürmer Fuß: rechts Spielerberater: PINTEX SPORTS AGENCY Aktueller Verein: KV Kortrijk Im Team seit: 24.07.2025 Vertrag bis: 30.06.2028 Social Media:",CONFIRMED,https://www.transfermarkt.de/sixtus-ogbuehi/profil/spieler/1230201,3ced30cfcd8c2e3a6411b0991a26d2f84a60803e30b9d48ff41cffafdff2158c,2026-09-12T20:11:39.591516+00:00,2026-09-12,2026-09-12T20:16:00.773092+00:00
1232104,Elie Mbavu,,2009-10-20,1184,KRC Genk,73,2026-07-01,2028-06-30,Abwehr - Innenverteidiger,,"1,88 m",Belgien,,,,"Geb./Alter: 20.10.2009 (16) Geburtsort: Brussel Größe: 1,88 m Staatsbürgerschaft: Belgien Position: Abwehr - Innenverteidiger Spielerberater: KV Sports Aktueller Verein: KRC Genk Im Team seit: 01.07.2026 Vertrag bis: 30.06.2028 Letzte Verlängerung: 31.10.2024 Social Media:",CONFIRMED,https://www.transfermarkt.de/elie-mbavu/profil/spieler/1232104,73559f6d1b60ecfdb1269a8ebd0bba8189aabb781ddc5a37a45044cc5d0d26a9,2026-09-12T20:11:41.187786+00:00,2026-09-12,2026-09-12T20:16:01.224174+00:00
1233701,José Neto,José Pedro Formoso Neto,2008-04-19,10330,Benfica Lissabon B,62,2025-11-01,2031-06-30,Abwehr - Linker Verteidiger,links,"1,84 m",Portugal,,,,"Name im Heimatland: José Pedro Formoso Neto Geb./Alter: 19.04.2008 (18) Geburtsort: Aljustrel Größe: 1,84 m Staatsbürgerschaft: Portugal Position: Abwehr - Linker Verteidiger Fuß: links Spielerberater: CAA Stellar Aktueller Verein: Benfica Lissabon B Im Team seit: 01.11.2025 Vertrag bis: 30.06.2031 Letzte Verlängerung: 24.04.2026 2. Verein: Benfica Lissabon (#62) 3. Verein: SL Benfica Youth League (#15) 4. Verein: Benfica Lissabon U23",CONFIRMED,https://www.transfermarkt.de/jose-neto/profil/spieler/1233701,02fdf1e26d68a1148c75b6894907718a9c82d290e9f83196d7bd06c685aaa248,2026-09-12T20:11:41.595917+00:00,2026-09-12,2026-09-12T20:16:01.667418+00:00
1236856,Nico Guillén,Nicolás Guillén Peguero,2008-01-30,8519,FC Sevilla Atlético,10,2024-07-01,2029-06-30,Mittelfeld - Zentrales Mittelfeld,links,"1,85 m",Spanien,,,,"Name im Heimatland: Nicolás Guillén Peguero Geb./Alter: 30.01.2008 (18) Größe: 1,85 m Staatsbürgerschaft: Spanien Position: Mittelfeld - Zentrales Mittelfeld Fuß: links Spielerberater: AS1 Aktueller Verein: FC Sevilla Atlético Im Team seit: 01.07.2024 Vertrag bis: 30.06.2029 Letzte Verlängerung: 30.01.2026 2. Verein: FC Sevilla (#27)",CONFIRMED,https://www.transfermarkt.de/nico-guillen/profil/spieler/1236856,95331918bf6249d0f586318e87a537aa07fceabab78de1a0f6b706c93a162f88,2026-09-12T20:11:42.749642+00:00,2026-09-12,2026-09-12T20:16:02.139960+00:00
1237420,Efe Yiğit Üstün,,2008-05-07,152,Samsunspor,13,2025-07-01,2028-06-30,Torwart,rechts,"1,90 m",Türkei,,,,"Geb./Alter: 07.05.2008 (18) Geburtsort: Samsun Größe: 1,90 m Staatsbürgerschaft: Türkei Position: Torwart Fuß: rechts Spielerberater: Soccer-Concept AG Aktueller Verein: Samsunspor Im Team seit: 01.07.2025 Vertrag bis: 30.06.2028 Letzte Verlängerung: 15.08.2025 2. Verein: Samsunspor U19 (#1) Social Media:",CONFIRMED,https://www.transfermarkt.de/efe-yigit-ustun/profil/spieler/1237420,686f01bbf6404c0988831e8e8b78fdc5c1d7aec597f837dc9d272fab8d8e6199,2026-09-12T20:11:43.726544+00:00,2026-09-12,2026-09-12T20:16:02.606399+00:00
1237999,Samuel Obinaya,Обінайя Самуель Стівович,2005-08-28,715,Bohemians Prag 1905,,2026-08-21,2027-06-30,Mittelfeld - Zentrales Mittelfeld,rechts,"1,84 m",Ukraine,1322,FK Jablonec,,"Name im Heimatland: Обінайя Самуель Стівович Geb./Alter: 28.08.2005 (21) Geburtsort: Kharkiv Größe: 1,84 m Staatsbürgerschaft: Ukraine Position: Mittelfeld - Zentrales Mittelfeld Fuß: rechts Spielerberater: Next Level Aktueller Verein: Bohemians Prag 1905 Im Team seit: 21.08.2026 Vertrag bis: 30.06.2027 Vertragsoption: Kaufoption Ausgeliehen von: FK Jablonec Vertrag dort bis: - Social Media:",CONFIRMED,https://www.transfermarkt.de/samuel-obinaya/profil/spieler/1237999,cd866ee2530870c1f2c50fb07113fbad78453adb83db5dabd36cb9c927feb028,2026-09-12T20:11:44.664086+00:00,2026-09-12,2026-09-12T20:16:03.139090+00:00
1238634,Youssoupha Sanyang,,2005-08-31,24325,SK Artis Brünn,,2026-09-08,2027-06-30,Sturm - Linksaußen,links,"1,75 m",Gambia Senegal,62,SK Slavia Prag,2030-06-30,"Geb./Alter: 31.08.2005 (21) Geburtsort: Kunkujang Größe: 1,75 m Staatsbürgerschaft: Gambia Senegal Position: Sturm - Linksaußen Fuß: links Spielerberater: Modoustic Sports Aktueller Verein: SK Artis Brünn Im Team seit: 08.09.2026 Vertrag bis: 30.06.2027 Ausgeliehen von: SK Slavia Prag Vertrag dort bis: 30.06.2030",CONFIRMED,https://www.transfermarkt.de/youssoupha-sanyang/profil/spieler/1238634,56607b29e8b1a55316020c2917a88f14c25af1aa8ac15bcbb10ce75b02b75682,2026-09-12T20:11:45.727556+00:00,2026-09-12,2026-09-12T20:16:03.602742+00:00
1240796,Matej Suryn,Matěj Šurýn,2004-09-22,37465,Bohemians Prag 1905 B,7,2024-02-08,,Mittelfeld - Linkes Mittelfeld,,,Tschechien,,,,Name im Heimatland: Matěj Šurýn Geb./Alter: 22.09.2004 (21) Staatsbürgerschaft: Tschechien Position: Mittelfeld - Linkes Mittelfeld Aktueller Verein: Bohemians Prag 1905 B Im Team seit: 08.02.2024 Vertrag bis: - 2. Verein: Bohemians Prag 1905 (#77),CONFIRMED,https://www.transfermarkt.de/matej-suryn/profil/spieler/1240796,c2d09e59a757203e0b70b32bd6cf6e44573cd9dca41a031f84181561cfac1a77,2026-09-12T20:11:46.755268+00:00,2026-09-12,2026-09-12T20:16:04.026990+00:00
1241219,Kaly,,2003-11-27,3268,Casa Pia AC,3,2025-01-31,2027-06-30,Abwehr - Innenverteidiger,rechts,"1,92 m",Angola,,,,"Vollständiger Name: Domingos José Gabriel Bandeira Geb./Alter: 27.11.2003 (22) Geburtsort: Luanda Größe: 1,92 m Staatsbürgerschaft: Angola Position: Abwehr - Innenverteidiger Fuß: rechts Spielerberater: MAA4S Aktueller Verein: Casa Pia AC Im Team seit: 31.01.2025 Vertrag bis: 30.06.2027",CONFIRMED,https://www.transfermarkt.de/kaly/profil/spieler/1241219,9f0f842e9faa0eaf5294f330272f903dba92895be802da4a6619ec64ccb69f80,2026-09-12T20:11:47.728289+00:00,2026-09-12,2026-09-12T20:16:04.464702+00:00
1242183,Jivayno Zinhagel,,2009-04-18,24366,Feyenoord Rotterdam U21,,2025-07-01,2028-06-30,Sturm - Linksaußen,rechts,"1,75 m",Niederlande Suriname,,,,"Geb./Alter: 18.04.2009 (17) Geburtsort: Rotterdam Größe: 1,75 m Staatsbürgerschaft: Niederlande Suriname Position: Sturm - Linksaußen Fuß: rechts Spielerberater: Football Mix B.V. Aktueller Verein: Feyenoord Rotterdam U21 Im Team seit: 01.07.2025 Vertrag bis: 30.06.2028 Letzte Verlängerung: 08.04.2025 2. Verein: Feyenoord Rotterdam (#36) 3. Verein: Feyenoord Rotterdam UEFA U19",CONFIRMED,https://www.transfermarkt.de/jivayno-zinhagel/profil/spieler/1242183,078e7a3b642b60f682a79a26fa903fa41d5ca5b5f2c45e7305b7bdd714982ac0,2026-09-12T20:11:48.762317+00:00,2026-09-12,2026-09-12T20:16:04.890343+00:00
1245279,Ege Öztürk,,2007-12-04,6890,Basaksehir FK,80,2026-07-01,,Torwart,rechts,"1,92 m",Türkei,,,,"Geb./Alter: 04.12.2007 (18) Geburtsort: Eskişehir Größe: 1,92 m Staatsbürgerschaft: Türkei Position: Torwart Fuß: rechts Aktueller Verein: Basaksehir FK Im Team seit: 01.07.2026 Vertrag bis: - Vertragsoption: Amateurvertrag 2. Verein: Basaksehir FK U19",CONFIRMED,https://www.transfermarkt.de/ege-ozturk/profil/spieler/1245279,deb33d390bfd423943a146433f43053946167271cbd7f468bbe3b039681905c0,2026-09-12T20:11:49.747319+00:00,2026-09-12,2026-09-12T20:16:05.288977+00:00
1259085,Hamza Abdelkarim,حمزة عبدالكريم Hamza Mohamed Abdelkarim Selim,2008-01-01,131,FC Barcelona,29,2026-07-01,2030-06-30,Sturm - Mittelstürmer,beidfüßig,"1,82 m",Ägypten,,,,"Name im Heimatland: حمزة عبدالكريم Hamza Mohamed Abdelkarim Selim Geb./Alter: 01.01.2008 (18) Geburtsort: Kairo Größe: 1,82 m Staatsbürgerschaft: Ägypten Position: Sturm - Mittelstürmer Fuß: beidfüßig Spielerberater: CAA Base Ltd Aktueller Verein: FC Barcelona Im Team seit: 01.07.2026 Vertrag bis: 30.06.2030 Letzte Verlängerung: 11.09.2026 2. Verein: FC Barcelona Atlètic (#19) Ausrüster: Nike Social Media:",CONFIRMED,https://www.transfermarkt.de/hamza-abdelkarim/profil/spieler/1259085,75bb9cbf135e113f72703047f1f5f8b0366155657f2ed1e3b8051207592e8d84,2026-09-12T20:11:50.626171+00:00,2026-09-12,2026-09-12T20:16:05.799214+00:00
1265965,Xiangxin Wei,魏祥鑫,2008-03-05,290,AJ Auxerre,49,2026-07-09,2031-06-30,Sturm - Mittelstürmer,rechts,"1,80 m",China,,,,"Name im Heimatland: 魏祥鑫 Geb./Alter: 05.03.2008 (18) Geburtsort: Meizhou, Guangdong Größe: 1,80 m Staatsbürgerschaft: China Position: Sturm - Mittelstürmer Fuß: rechts Aktueller Verein: AJ Auxerre Im Team seit: 09.07.2026 Vertrag bis: 30.06.2031",CONFIRMED,https://www.transfermarkt.de/xiangxin-wei/profil/spieler/1265965,35abc1571293fccfc3d2bdfdf0fb6971afa3a21f58bda6d7dc5e87015c19d09a,2026-09-12T20:11:51.714909+00:00,2026-09-12,2026-09-12T20:16:06.282049+00:00
1268194,Tiago Ferreira,Tiago Rêgo Ferreira,2009-01-12,15567,Gil Vicente FC U19,,2026-07-01,2028-06-30,Torwart,,,Portugal,,,,Name im Heimatland: Tiago Rêgo Ferreira Geb./Alter: 12.01.2009 (17) Geburtsort: Fafe Staatsbürgerschaft: Portugal Position: Torwart Aktueller Verein: Gil Vicente FC U19 Im Team seit: 01.07.2026 Vertrag bis: 30.06.2028 2. Verein: Gil Vicente FC (#44),CONFIRMED,https://www.transfermarkt.de/tiago-ferreira/profil/spieler/1268194,4387187db2fcd1c816ea3145834e71b42984e1ebf17c31694bb0fceea729195e,2026-09-12T20:11:52.860414+00:00,2026-09-12,2026-09-12T20:16:06.748449+00:00
1269453,Amine Ouahabi,أمين الوهابي,2008-07-04,354,KV Mechelen,40,2025-07-01,2028-06-30,Mittelfeld - Zentrales Mittelfeld,rechts,"1,85 m",Marokko Belgien,,,,"Name im Heimatland: أمين الوهابي Geb./Alter: 04.07.2008 (18) Geburtsort: Mechelen Größe: 1,85 m Staatsbürgerschaft: Marokko Belgien Position: Mittelfeld - Zentrales Mittelfeld Fuß: rechts Spielerberater: SEG Aktueller Verein: KV Mechelen Im Team seit: 01.07.2025 Vertrag bis: 30.06.2028 Letzte Verlängerung: 20.03.2025 2. Verein: Jong KV Mechelen (#40) Social Media:",CONFIRMED,https://www.transfermarkt.de/amine-ouahabi/profil/spieler/1269453,08ef3ae9993ac946d25bb8e6f9224a8aa2c2c509ff326ea21d17d7b0fe0af80f,2026-09-12T20:11:53.652606+00:00,2026-09-12,2026-09-12T20:16:07.277093+00:00
1275103,Kirayno Schaken,,2008-08-08,24368,SC Heerenveen U21,,2026-07-01,2030-06-30,Sturm - Rechtsaußen,,,Niederlande Suriname,,,,Geb./Alter: 08.08.2008 (18) Staatsbürgerschaft: Niederlande Suriname Position: Sturm - Rechtsaußen Spielerberater: Muy Manero Aktueller Verein: SC Heerenveen U21 Im Team seit: 01.07.2026 Vertrag bis: 30.06.2030 Letzte Verlängerung: 10.09.2026 2. Verein: SC Heerenveen (#47),CONFIRMED,https://www.transfermarkt.de/kirayno-schaken/profil/spieler/1275103,b2cf9e87d77e346ef5ef6c5bdb3d86905134abc88f7cc813baa53baae1cbdc60,2026-09-12T20:11:54.843377+00:00,2026-09-12,2026-09-12T20:16:07.709285+00:00
1276349,Yanis Asghir,يانيس أصغر,2009-01-05,354,KV Mechelen,,2026-07-01,,Mittelfeld - Offensives Mittelfeld,,,Marokko Belgien,,,,Name im Heimatland: يانيس أصغر Geb./Alter: 05.01.2009 (17) Staatsbürgerschaft: Marokko Belgien Position: Mittelfeld - Offensives Mittelfeld Spielerberater: International Sport ... Aktueller Verein: KV Mechelen Im Team seit: 01.07.2026 Vertrag bis: - Letzte Verlängerung: 05.02.2026 2. Verein: Jong KV Mechelen (#58),CONFIRMED,https://www.transfermarkt.de/yanis-asghir/profil/spieler/1276349,b14e81e20a93a45482eb4acbccad898606efc2a1ae037a462fd06328b65182b7,2026-09-12T20:11:55.810516+00:00,2026-09-12,2026-09-12T20:16:08.167357+00:00
1281438,Ousman Ceesay,,2005-07-08,8943,1.FC Slovacko B,35,2025-09-08,,Sturm - Mittelstürmer,,"1,95 m",Gambia,,,,"Geb./Alter: 08.07.2005 (21) Geburtsort: Faji Kunda Größe: 1,95 m Staatsbürgerschaft: Gambia Position: Sturm - Mittelstürmer Spielerberater: Young talents Aktueller Verein: 1.FC Slovacko B Im Team seit: 08.09.2025 Vertrag bis: - 2. Verein: 1.FC Slovacko (#13)",CONFIRMED,https://www.transfermarkt.de/ousman-ceesay/profil/spieler/1281438,f93f4b56b9c6700463d98fa37dece10fe6f815bb77898eeed18fbb58a3ad16ea,2026-09-12T20:11:56.605758+00:00,2026-09-12,2026-09-12T20:16:08.631854+00:00
1293796,Farouck Adekami,Muhammed Farouck Adekami,2006-08-07,1096,Royal Antwerpen FC,22,2025-01-01,2027-06-30,Mittelfeld - Offensives Mittelfeld,rechts,,Elfenbeinküste,,,,Name im Heimatland: Muhammed Farouck Adekami Geb./Alter: 07.08.2006 (20) Staatsbürgerschaft: Elfenbeinküste Position: Mittelfeld - Offensives Mittelfeld Fuß: rechts Spielerberater: Select Sports ... Aktueller Verein: Royal Antwerpen FC Im Team seit: 01.01.2025 Vertrag bis: 30.06.2027 Vertragsoption: vereinsseitig 1 Jahr,CONFIRMED,https://www.transfermarkt.de/farouck-adekami/profil/spieler/1293796,5db1d224c0af63d206a51643605a1b2c27a05cf96223e684ae16619d5c8c07d2,2026-09-12T20:11:57.783518+00:00,2026-09-12,2026-09-12T20:16:09.085213+00:00
1294105,Salvador Blopa,Salvador Uco Blopa,2007-06-13,10949,Sporting Lissabon B,70,2025-07-01,2030-06-30,Abwehr - Rechter Verteidiger,rechts,"1,88 m",Portugal,,,,"Name im Heimatland: Salvador Uco Blopa Geb./Alter: 13.06.2007 (19) Geburtsort: Cascais Größe: 1,88 m Staatsbürgerschaft: Portugal Position: Abwehr - Rechter Verteidiger Fuß: rechts Spielerberater: AS1 Aktueller Verein: Sporting Lissabon B Im Team seit: 01.07.2025 Vertrag bis: 30.06.2030 Letzte Verlängerung: 14.12.2025 2. Verein: Sporting Lissabon (#70)",CONFIRMED,https://www.transfermarkt.de/salvador-blopa/profil/spieler/1294105,f623cfa1aa397140c2630f92de822fd8aec0c33748ffad3f3032e56a1798cda1,2026-09-12T20:11:58.737378+00:00,2026-09-12,2026-09-12T20:16:09.542753+00:00
1295123,Oliver Mikuda,,2005-06-01,37465,Bohemians Prag 1905 B,66,2024-07-01,,Mittelfeld - Zentrales Mittelfeld,,,Tschechien,,,,Geb./Alter: 01.06.2005 (21) Staatsbürgerschaft: Tschechien Position: Mittelfeld - Zentrales Mittelfeld Spielerberater: TJ11 Agency Aktueller Verein: Bohemians Prag 1905 B Im Team seit: 01.07.2024 Vertrag bis: - 2. Verein: Bohemians Prag 1905 (#66),CONFIRMED,https://www.transfermarkt.de/oliver-mikuda/profil/spieler/1295123,c2e81459c6cdd4e61a56f508a3e3e876b99c6e068a162ffd772899dd6d1a5c69,2026-09-12T20:11:59.811859+00:00,2026-09-12,2026-09-12T20:16:10.004324+00:00
1296109,Ömer Arda Kara,,2007-10-31,39722,Erzurumspor FK,25,2024-07-01,2027-06-30,Abwehr - Innenverteidiger,links,"1,87 m",Türkei,,,,"Geb./Alter: 31.10.2007 (18) Geburtsort: Erzurum Größe: 1,87 m Staatsbürgerschaft: Türkei Position: Abwehr - Innenverteidiger Fuß: links Spielerberater: DOX Athletes Aktueller Verein: Erzurumspor FK Im Team seit: 01.07.2024 Vertrag bis: 30.06.2027 Letzte Verlängerung: 09.08.2024",CONFIRMED,https://www.transfermarkt.de/omer-arda-kara/profil/spieler/1296109,21965b5d96d558c0f3f4f0f59ecfee846d03d895568da0571d989136d4eb1191,2026-09-12T20:12:00.728358+00:00,2026-09-12,2026-09-12T20:16:10.568187+00:00
1297674,Mezian Mesloub,Mezian Soares Mesloub,2009-11-08,826,RC Lens,38,2026-07-01,,Mittelfeld - Offensives Mittelfeld,links,"1,80 m",Portugal Frankreich,,,,"Name im Heimatland: Mezian Soares Mesloub Geb./Alter: 08.11.2009 (16) Geburtsort: Martigues Größe: 1,80 m Staatsbürgerschaft: Portugal Frankreich Position: Mittelfeld - Offensives Mittelfeld Fuß: links Spielerberater: Sport Cover Aktueller Verein: RC Lens Im Team seit: 01.07.2026 Vertrag bis: - Ausrüster: adidas Social Media:",CONFIRMED,https://www.transfermarkt.de/mezian-mesloub/profil/spieler/1297674,73e1292611388db0b810d6c2f29b43ecb90835ed28f6f1b499ddd0ea4e548347,2026-09-12T20:12:01.691436+00:00,2026-09-12,2026-09-12T20:16:11.094802+00:00
1303365,Arda Özyar,,2007-04-16,120,Kocaelispor,17,2026-03-03,2031-06-30,Sturm - Mittelstürmer,rechts,,Türkei,,,,Geb./Alter: 16.04.2007 (19) Geburtsort: Kocaeli Staatsbürgerschaft: Türkei Position: Sturm - Mittelstürmer Fuß: rechts Aktueller Verein: Kocaelispor Im Team seit: 03.03.2026 Vertrag bis: 30.06.2031 Letzte Verlängerung: 08.08.2026 2. Verein: Kocaelispor U19,CONFIRMED,https://www.transfermarkt.de/arda-ozyar/profil/spieler/1303365,b146ccbdd801b2367e1f34b7b97e7c09debe93dc0e96aa2c57aa83dc768523ad,2026-09-12T20:12:02.692474+00:00,2026-09-12,2026-09-12T20:16:11.573230+00:00
1304052,Ömer Çobanoğlu,,2007-07-04,2293,Konyaspor,25,2026-07-01,2030-06-30,Mittelfeld - Defensives Mittelfeld,rechts,,Türkei,,,,Geb./Alter: 04.07.2007 (19) Geburtsort: Konya Staatsbürgerschaft: Türkei Position: Mittelfeld - Defensives Mittelfeld Fuß: rechts Spielerberater: Football Career ... Aktueller Verein: Konyaspor Im Team seit: 01.07.2026 Vertrag bis: 30.06.2030,CONFIRMED,https://www.transfermarkt.de/omer-cobanoglu/profil/spieler/1304052,caea011e382abe888648e08f7c94c486cff9e762d76790887560e40d47729c07,2026-09-12T20:12:03.775956+00:00,2026-09-12,2026-09-12T20:16:12.036336+00:00
1306455,Maxima Goffi,Maxima Adeagan Goffi,2008-01-23,1082,LOSC Lille,38,2026-07-01,2028-06-30,Abwehr - Innenverteidiger,,,Frankreich,,,,Name im Heimatland: Maxima Adeagan Goffi Geb./Alter: 23.01.2008 (18) Geburtsort: Villeneuve-d'Ascq Staatsbürgerschaft: Frankreich Position: Abwehr - Innenverteidiger Spielerberater: Only Pro Sport Aktueller Verein: LOSC Lille Im Team seit: 01.07.2026 Vertrag bis: 30.06.2028 Letzte Verlängerung: 23.07.2025 Social Media:,CONFIRMED,https://www.transfermarkt.de/maxima-goffi/profil/spieler/1306455,4cb68168f75c1429479678c7ca12b43ea284d0ed629fc2c36fa8e27655ea0bd7,2026-09-12T20:12:04.774381+00:00,2026-09-12,2026-09-12T20:16:12.460656+00:00
1307000,Anis Soubeir,أنيس صبير,2007-05-30,9668,AS Monaco U21,,2025-07-01,2028-06-30,Mittelfeld - Zentrales Mittelfeld,,,Marokko Frankreich,,,,Name im Heimatland: أنيس صبير Geb./Alter: 30.05.2007 (19) Geburtsort: Verdun Staatsbürgerschaft: Marokko Frankreich Position: Mittelfeld - Zentrales Mittelfeld Spielerberater: ASConsulting Aktueller Verein: AS Monaco U21 Im Team seit: 01.07.2025 Vertrag bis: 30.06.2028 2. Verein: AS Monaco (#46) Social Media:,CONFIRMED,https://www.transfermarkt.de/anis-soubeir/profil/spieler/1307000,86308cbaabfe142753e70a73cf9fa56cf6040f726f737dc84b9e19dd59cd27e6,2026-09-12T20:12:05.600692+00:00,2026-09-12,2026-09-12T20:16:12.955767+00:00
1307181,Lucca Giuntini,Lucca Giordano Giuntini Santiago,2005-12-07,85471,FC Alverca B,19,2026-07-01,2029-06-30,Mittelfeld - Offensives Mittelfeld,,,Italien Brasilien,,,,Name im Heimatland: Lucca Giordano Giuntini Santiago Geb./Alter: 07.12.2005 (20) Staatsbürgerschaft: Italien Brasilien Position: Mittelfeld - Offensives Mittelfeld Spielerberater: BRETAS SOCCER Aktueller Verein: FC Alverca B Im Team seit: 01.07.2026 Vertrag bis: 30.06.2029 2. Verein: FC Alverca (#81),CONFIRMED,https://www.transfermarkt.de/lucca-giuntini/profil/spieler/1307181,a64cb6f84a2490503219513ecdb1f224721047a151f8ba5c925caf06d17d5aa9,2026-09-12T20:12:06.681912+00:00,2026-09-12,2026-09-12T20:16:13.397868+00:00
1308524,Mory Kera,,2008-06-26,172,Royal Charleroi SC,51,2025-07-01,2027-06-30,Mittelfeld - Defensives Mittelfeld,,,Belgien,,,,Geb./Alter: 26.06.2008 (18) Staatsbürgerschaft: Belgien Position: Mittelfeld - Defensives Mittelfeld Spielerberater: MY ELEVEN CONSULTING Aktueller Verein: Royal Charleroi SC Im Team seit: 01.07.2025 Vertrag bis: 30.06.2027 Letzte Verlängerung: 13.05.2025,CONFIRMED,https://www.transfermarkt.de/mory-kera/profil/spieler/1308524,c606a5fdcc353cb09fd14eee8bf22c16de37edc9bd0fb8156620d53399d69231,2026-09-12T20:12:07.604064+00:00,2026-09-12,2026-09-12T20:16:13.855711+00:00
1309041,Dani Tijman,,2006-06-13,1435,Go Ahead Eagles Deventer,31,2026-07-01,2028-06-30,Abwehr - Innenverteidiger,rechts,"1,83 m",Niederlande,,,,"Geb./Alter: 13.06.2006 (20) Größe: 1,83 m Staatsbürgerschaft: Niederlande Position: Abwehr - Innenverteidiger Fuß: rechts Spielerberater: Joost Ebergen & Len ... Aktueller Verein: Go Ahead Eagles Deventer Im Team seit: 01.07.2026 Vertrag bis: 30.06.2028 Letzte Verlängerung: 20.02.2026",CONFIRMED,https://www.transfermarkt.de/dani-tijman/profil/spieler/1309041,3d06b16de19303104c370c6285a8bb181df2ddf08665ceb30448aa5494d1659c,2026-09-12T20:12:08.607332+00:00,2026-09-12,2026-09-12T20:16:14.315462+00:00
1311378,Marco Libra,Marco Libra Alvarado,2008-03-21,1025,FC Bologna,18,2026-09-01,,Mittelfeld - Zentrales Mittelfeld,rechts,"1,82 m",Venezuela Italien,,,,"Name im Heimatland: Marco Libra Alvarado Geb./Alter: 21.03.2008 (18) Geburtsort: Caracas Größe: 1,82 m Staatsbürgerschaft: Venezuela Italien Position: Mittelfeld - Zentrales Mittelfeld Fuß: rechts Spielerberater: FOOTBALL STARS ... Aktueller Verein: FC Bologna Im Team seit: 01.09.2026 Vertrag bis: - 2. Verein: FC Bologna U20 (#6)",CONFIRMED,https://www.transfermarkt.de/marco-libra/profil/spieler/1311378,f786ad69002de47e9b6be74db4a0d6ca257c54590df739c0a3bab9d727fc645a,2026-09-12T20:12:09.640512+00:00,2026-09-12,2026-09-12T20:16:14.814574+00:00
1313181,Thomas Hulleman,,2009-12-25,1435,Go Ahead Eagles Deventer,30,2026-07-01,2029-06-30,Torwart,,,Niederlande,,,,Geb./Alter: 25.12.2009 (16) Staatsbürgerschaft: Niederlande Position: Torwart Spielerberater: SportLife Management Aktueller Verein: Go Ahead Eagles Deventer Im Team seit: 01.07.2026 Vertrag bis: 30.06.2029 Letzte Verlängerung: 10.07.2026,CONFIRMED,https://www.transfermarkt.de/thomas-hulleman/profil/spieler/1313181,acd637707ef491293fabb88a23972f2a6e67f92815baffbf401f63a2e8c38563,2026-09-12T20:12:10.706026+00:00,2026-09-12,2026-09-12T20:16:15.264614+00:00
1314653,Florian Van Bever,Florian Mory Van Bever,2007-10-02,3508,Zulte Waregem,41,2026-07-01,,Torwart,,"1,94 m",Belgien,,,,"Name im Heimatland: Florian Mory Van Bever Geb./Alter: 02.10.2007 (18) Größe: 1,94 m Staatsbürgerschaft: Belgien Position: Torwart Spielerberater: DVL Management Aktueller Verein: Zulte Waregem Im Team seit: 01.07.2026 Vertrag bis: - 2. Verein: Jong Essevee (#41) Social Media:",CONFIRMED,https://www.transfermarkt.de/florian-van-bever/profil/spieler/1314653,513e07e0e2c33c60b983adbe550978b4cd1a8d778be335af35677c8dea1d0887,2026-09-12T20:12:11.792243+00:00,2026-09-12,2026-09-12T20:16:15.695710+00:00
1315482,Muhammed Emin Bektaş,,2006-07-01,10484,Kasimpasa,99,2026-08-08,2030-06-30,Sturm - Mittelstürmer,rechts,"1,86 m",Türkei,,,,"Geb./Alter: 01.07.2006 (20) Geburtsort: Sakarya Größe: 1,86 m Staatsbürgerschaft: Türkei Position: Sturm - Mittelstürmer Fuß: rechts Spielerberater: Hoof Sports Aktueller Verein: Kasimpasa Im Team seit: 08.08.2026 Vertrag bis: 30.06.2030 Social Media:",CONFIRMED,https://www.transfermarkt.de/muhammed-emin-bektas/profil/spieler/1315482,9cfe68b6bdf5a7f73bb269e494afee371d6af27790b4e5de6455e46a337dc186,2026-09-12T20:12:12.681361+00:00,2026-09-12,2026-09-12T20:16:16.144172+00:00
1318195,Emmanuel Sarfo,Emmanuel Jeriel Sarfo,2007-07-12,1184,KRC Genk,84,2026-07-01,2027-06-30,Abwehr - Rechter Verteidiger,rechts,"1,78 m",Belgien,,,,"Name im Heimatland: Emmanuel Jeriel Sarfo Geb./Alter: 12.07.2007 (19) Geburtsort: Brussel Größe: 1,78 m Staatsbürgerschaft: Belgien Position: Abwehr - Rechter Verteidiger Fuß: rechts Spielerberater: Reign Star Aktueller Verein: KRC Genk Im Team seit: 01.07.2026 Vertrag bis: 30.06.2027 2. Verein: Jong Genk (#84) Social Media:",CONFIRMED,https://www.transfermarkt.de/emmanuel-sarfo/profil/spieler/1318195,7c96403ff731fa2fcd44db963bb265302f382795907dbe9111cfd735a5480ee2,2026-09-12T20:12:13.504351+00:00,2026-09-12,2026-09-12T20:16:16.607647+00:00
1318279,Luca Schelfhout,,2007-09-17,1096,Royal Antwerpen FC,28,2026-07-31,2030-06-30,Abwehr - Innenverteidiger,rechts,,Belgien,,,,Geb./Alter: 17.09.2007 (18) Staatsbürgerschaft: Belgien Position: Abwehr - Innenverteidiger Fuß: rechts Spielerberater: SEG Aktueller Verein: Royal Antwerpen FC Im Team seit: 31.07.2026 Vertrag bis: 30.06.2030 Letzte Verlängerung: 31.07.2026 Social Media:,CONFIRMED,https://www.transfermarkt.de/luca-schelfhout/profil/spieler/1318279,68859ad378bc71a1de2ffe6c9f12e09a49c7f21e410babd622a254f9c74c1770,2026-09-12T20:12:15.049574+00:00,2026-09-12,2026-09-12T20:16:17.083755+00:00
1318286,Marcel Van Dijck,,2008-01-10,52563,Oud-Heverlee Leuven U23,81,2026-07-01,2027-06-30,Torwart,,,Belgien,,,,Geb./Alter: 10.01.2008 (18) Staatsbürgerschaft: Belgien Position: Torwart Aktueller Verein: Oud-Heverlee Leuven U23 Im Team seit: 01.07.2026 Vertrag bis: 30.06.2027 Vertragsoption: Amateurvertrag 2. Verein: Oud-Heverlee Leuven (#81) Social Media:,CONFIRMED,https://www.transfermarkt.de/marcel-van-dijck/profil/spieler/1318286,135eb9b193b0d3ba31c85804fe5275762578e4e8b145f03987121aa96d72cf8c,2026-09-12T20:12:15.823262+00:00,2026-09-12,2026-09-12T20:16:17.537860+00:00
1318685,Naël Piron,Naël Lucas Piron,2008-09-28,172,Royal Charleroi SC,54,2026-07-01,2028-06-30,Abwehr - Innenverteidiger,,,Belgien,,,,Name im Heimatland: Naël Lucas Piron Geb./Alter: 28.09.2008 (17) Staatsbürgerschaft: Belgien Position: Abwehr - Innenverteidiger Spielerberater: Claes Agency Aktueller Verein: Royal Charleroi SC Im Team seit: 01.07.2026 Vertrag bis: 30.06.2028 2. Verein: Zébra Élites (#54),CONFIRMED,https://www.transfermarkt.de/nael-piron/profil/spieler/1318685,9cbca79ada9327192440a7582ea9727a07810617bb9e30459b31beead8ff4a38,2026-09-12T20:12:17.254318+00:00,2026-09-12,2026-09-12T20:16:17.957567+00:00
1335076,Emile Vandecraen,,2008-05-11,5026,Lommel SK,17,2026-07-01,2028-06-30,Abwehr - Innenverteidiger,,,Belgien,,,,Geb./Alter: 11.05.2008 (18) Staatsbürgerschaft: Belgien Position: Abwehr - Innenverteidiger Spielerberater: M.P. Sports Aktueller Verein: Lommel SK Im Team seit: 01.07.2026 Vertrag bis: 30.06.2028 Letzte Verlängerung: 22.05.2026 2. Verein: Lommel SK U23 (#56),CONFIRMED,https://www.transfermarkt.de/emile-vandecraen/profil/spieler/1335076,49a309945f8adc41179b87df39226f9130dd637bf579bd8b834e88224c92abd3,2026-09-12T20:12:17.618196+00:00,2026-09-12,2026-09-12T20:16:18.402667+00:00
1335120,Francisco Dias,Francisco Lagos Dias,2002-10-23,15136,Vitória Guimarães SC B,82,2025-01-09,2029-06-30,Abwehr - Linker Verteidiger,links,"1,78 m",Portugal,,,,"Name im Heimatland: Francisco Lagos Dias Geb./Alter: 23.10.2002 (23) Geburtsort: Lisboa Größe: 1,78 m Staatsbürgerschaft: Portugal Position: Abwehr - Linker Verteidiger Fuß: links Spielerberater: PHSPORT Aktueller Verein: Vitória Guimarães SC B Im Team seit: 09.01.2025 Vertrag bis: 30.06.2029 Letzte Verlängerung: 13.03.2026 2. Verein: Vitória Guimarães SC (#82)",CONFIRMED,https://www.transfermarkt.de/francisco-dias/profil/spieler/1335120,5274abe3ae554dc2129bada617d33a45613684cf3fab2584c8da9eea5e0226ad,2026-09-12T20:12:18.624140+00:00,2026-09-12,2026-09-12T20:16:18.848340+00:00
1337539,Christ Batola,Christ Brunel Neyjunior Batola,2009-06-03,1095,ESTAC Troyes,37,2026-07-01,2029-06-30,Sturm - Mittelstürmer,rechts,"1,87 m",Frankreich Kongo,,,,"Name im Heimatland: Christ Brunel Neyjunior Batola Geb./Alter: 03.06.2009 (17) Geburtsort: Bondy Größe: 1,87 m Staatsbürgerschaft: Frankreich Kongo Position: Sturm - Mittelstürmer Fuß: rechts Spielerberater: LF360 Aktueller Verein: ESTAC Troyes Im Team seit: 01.07.2026 Vertrag bis: 30.06.2029 Letzte Verlängerung: 20.06.2026",CONFIRMED,https://www.transfermarkt.de/christ-batola/profil/spieler/1337539,72bfa3abe4cc1ea98636d87ec6fa451434360b9459a0fb2462d70fcebfb7757b,2026-09-12T20:12:19.575035+00:00,2026-09-12,2026-09-12T20:16:19.257390+00:00
1339658,Filip Hruska,Filip Hruška,2008-08-29,8943,1.FC Slovacko B,24,2025-09-01,,Mittelfeld - Zentrales Mittelfeld,,"1,88 m",Tschechien,,,,"Name im Heimatland: Filip Hruška Geb./Alter: 29.08.2008 (18) Größe: 1,88 m Staatsbürgerschaft: Tschechien Position: Mittelfeld - Zentrales Mittelfeld Spielerberater: AM-PRO Players ... Aktueller Verein: 1.FC Slovacko B Im Team seit: 01.09.2025 Vertrag bis: - 2. Verein: 1.FC Slovacko (#17)",CONFIRMED,https://www.transfermarkt.de/filip-hruska/profil/spieler/1339658,0877e14f910b171b4357f9efccede8ad2bb9772a601331008cd00082c8b64ff1,2026-09-12T20:12:20.704832+00:00,2026-09-12,2026-09-12T20:16:19.680465+00:00
1347138,Emir Gündoğdu,,2009-10-16,2293,Konyaspor,65,2026-07-01,2029-06-30,Torwart,rechts,"1,90 m",Türkei,,,,"Geb./Alter: 16.10.2009 (16) Geburtsort: Çorum Größe: 1,90 m Staatsbürgerschaft: Türkei Position: Torwart Fuß: rechts Aktueller Verein: Konyaspor Im Team seit: 01.07.2026 Vertrag bis: 30.06.2029 2. Verein: Konyaspor U19",CONFIRMED,https://www.transfermarkt.de/emir-gundogdu/profil/spieler/1347138,bd84c39c4a366244882819eafb1d6addc14faf54ed6b16261dbc2de7c796ab4b,2026-09-12T20:12:21.838139+00:00,2026-09-12,2026-09-12T20:16:20.196692+00:00
1350478,Federico Croci,,2010-07-01,430,AC Florenz,70,2026-07-01,2029-06-30,Sturm - Linksaußen,links,,Italien,,,,Geb./Alter: 01.07.2010 (16) Geburtsort: Bibbiena Staatsbürgerschaft: Italien Position: Sturm - Linksaußen Fuß: links Aktueller Verein: AC Florenz Im Team seit: 01.07.2026 Vertrag bis: 30.06.2029 Letzte Verlängerung: 17.07.2026 2. Verein: AC Florenz U20 (#97),CONFIRMED,https://www.transfermarkt.de/federico-croci/profil/spieler/1350478,e3f76244fae670148911a4ad609da7942d6140964f72b79447a3ecf089030b47,2026-09-12T20:12:22.791601+00:00,2026-09-12,2026-09-12T20:16:20.741052+00:00
1353447,Jerayno Schaken,,2009-06-18,24366,Feyenoord Rotterdam U21,,2026-07-01,2028-06-30,Sturm - Rechtsaußen,rechts,,Niederlande Suriname,,,,Geb./Alter: 18.06.2009 (17) Staatsbürgerschaft: Niederlande Suriname Position: Sturm - Rechtsaußen Fuß: rechts Spielerberater: Muy Manero Aktueller Verein: Feyenoord Rotterdam U21 Im Team seit: 01.07.2026 Vertrag bis: 30.06.2028 2. Verein: Feyenoord Rotterdam (#57) 3. Verein: Feyenoord Rotterdam UEFA U19 Social Media:,CONFIRMED,https://www.transfermarkt.de/jerayno-schaken/profil/spieler/1353447,050a391a6dc258088e822f1379cabdc9eecb80b69770d36cee05bfe1f582f359,2026-09-12T20:12:24.285767+00:00,2026-09-12,2026-09-12T20:16:21.203591+00:00
1355385,Robinho Junior,,2007-12-17,252,Genua CFC,21,2026-09-01,2027-06-30,Sturm - Rechtsaußen,beidfüßig,"1,70 m",Brasilien,221,FC Santos,2031-03-30,"Vollständiger Name: Robson de Souza Junior Geb./Alter: 17.12.2007 (18) Geburtsort: Santos Größe: 1,70 m Staatsbürgerschaft: Brasilien Position: Sturm - Rechtsaußen Fuß: beidfüßig Aktueller Verein: Genua CFC Im Team seit: 01.09.2026 Vertrag bis: 30.06.2027 Vertragsoption: Kaufoption Ausgeliehen von: FC Santos Vertrag dort bis: 30.03.2031 2. Verein: Genua CFC U20 (#77) Social Media:",CONFIRMED,https://www.transfermarkt.de/robinho-junior/profil/spieler/1355385,10ff84d2ce60699050a661d46b8afedf1c9c90209555415ba3eabd9f5957a1eb,2026-09-12T20:12:29.935106+00:00,2026-09-12,2026-09-12T20:16:21.696422+00:00
1364925,Idrissa Soukouna,,2008-08-10,1095,ESTAC Troyes,36,2026-08-10,2029-06-30,Mittelfeld - Offensives Mittelfeld,rechts,,Frankreich Mali,,,,Geb./Alter: 10.08.2008 (18) Geburtsort: Stains Staatsbürgerschaft: Frankreich Mali Position: Mittelfeld - Offensives Mittelfeld Fuß: rechts Spielerberater: MGM TALENTS Aktueller Verein: ESTAC Troyes Im Team seit: 10.08.2026 Vertrag bis: 30.06.2029,CONFIRMED,https://www.transfermarkt.de/idrissa-soukouna/profil/spieler/1364925,52147ee4169f173566782185ad0f4c6474f91f70abb92060ca4c204c6b2da1ba,2026-09-12T20:12:30.398267+00:00,2026-09-12,2026-09-12T20:16:22.169347+00:00
1369811,Abdourahman Badamosi,,2007-01-10,814,FK Teplice,,2026-09-08,,Sturm - Mittelstürmer,rechts,"1,96 m",Gambia,,,,"Geb./Alter: 10.01.2007 (19) Geburtsort: Bundung Größe: 1,96 m Staatsbürgerschaft: Gambia Position: Sturm - Mittelstürmer Fuß: rechts Spielerberater: Modoustic Sports Aktueller Verein: FK Teplice Im Team seit: 08.09.2026 Vertrag bis: -",CONFIRMED,https://www.transfermarkt.de/abdourahman-badamosi/profil/spieler/1369811,823718cf478e8991db9a69c491d8ea6426e171e5e6b7309e7770abc9826ebe71,2026-09-12T20:12:31.387340+00:00,2026-09-12,2026-09-12T20:16:22.697417+00:00
1370225,Maliq Musa,Maliq Musa Omotayo,2008-08-17,43293,Jong Essevee,,2026-08-18,2027-06-30,Sturm - Linksaußen,rechts,"1,83 m",Nigeria,105792,Ikorodu City FC,,"Name im Heimatland: Maliq Musa Omotayo Geb./Alter: 17.08.2008 (18) Geburtsort: Oyo State Größe: 1,83 m Staatsbürgerschaft: Nigeria Position: Sturm - Linksaußen Fuß: rechts Aktueller Verein: Jong Essevee Im Team seit: 18.08.2026 Vertrag bis: 30.06.2027 Vertragsoption: Kaufoption Ausgeliehen von: Ikorodu City FC Vertrag dort bis: -",CONFIRMED,https://www.transfermarkt.de/maliq-musa/profil/spieler/1370225,b2d4b6fa41f7feec417908bd0d0d843ac0016ef4208f07f1bba4c5782f4a6c15,2026-09-12T20:12:32.671323+00:00,2026-09-12,2026-09-12T20:16:23.074361+00:00
1371830,Nacho Pérez,Nacho Pérez Gómez,2008-08-29,3368,UD Levante,29,2026-07-01,2028-06-30,Abwehr - Rechter Verteidiger,rechts,"1,76 m",Spanien,,,,"Name im Heimatland: Nacho Pérez Gómez Geb./Alter: 29.08.2008 (18) Geburtsort: Turís Größe: 1,76 m Staatsbürgerschaft: Spanien Position: Abwehr - Rechter Verteidiger Fuß: rechts Spielerberater: InterStarDeporte Aktueller Verein: UD Levante Im Team seit: 01.07.2026 Vertrag bis: 30.06.2028 Vertragsoption: vereinsseitig 2 Jahre Letzte Verlängerung: 05.09.2025",CONFIRMED,https://www.transfermarkt.de/nacho-perez/profil/spieler/1371830,9ba7a598637306d5250875c10141e7ca55efc08ea80dca15bef47ccd4a61b397,2026-09-12T20:12:33.376587+00:00,2026-09-12,2026-09-12T20:16:23.317425+00:00
1372119,Elijah Odede,Elijah Olaniyi Odede,2007-01-12,5026,Lommel SK,12,2026-09-03,2027-06-30,Sturm - Linksaußen,rechts,"1,75 m",Nigeria,1095,ESTAC Troyes,2030-06-30,"Name im Heimatland: Elijah Olaniyi Odede Geb./Alter: 12.01.2007 (19) Geburtsort: Ogbomosho Größe: 1,75 m Staatsbürgerschaft: Nigeria Position: Sturm - Linksaußen Fuß: rechts Spielerberater: 001 United Sports Aktueller Verein: Lommel SK Im Team seit: 03.09.2026 Vertrag bis: 30.06.2027 Ausgeliehen von: ESTAC Troyes Vertrag dort bis: 30.06.2030",CONFIRMED,https://www.transfermarkt.de/elijah-odede/profil/spieler/1372119,09097fed4b92fe92a1ea74497fc1f42587da572fc222452e8791017ef6b3cfc5,2026-09-12T20:12:34.439429+00:00,2026-09-12,2026-09-12T20:16:23.622186+00:00
1372149,Gibril Sosseh,,2007-01-01,5544,1.FC Slovacko,16,2026-07-31,2027-06-30,Mittelfeld - Zentrales Mittelfeld,,"1,84 m",Gambia,62,SK Slavia Prag,2030-12-31,"Geb./Alter: 01.01.2007 (19) Geburtsort: Bundung Größe: 1,84 m Staatsbürgerschaft: Gambia Position: Mittelfeld - Zentrales Mittelfeld Spielerberater: Global Soccer ... Aktueller Verein: 1.FC Slovacko Im Team seit: 31.07.2026 Vertrag bis: 30.06.2027 Ausgeliehen von: SK Slavia Prag Vertrag dort bis: 31.12.2030",CONFIRMED,https://www.transfermarkt.de/gibril-sosseh/profil/spieler/1372149,974f3a7d623eaed2a984bc1e8363f922e8fb7eafc791c45aafd902f36aa04c03,2026-09-12T20:12:35.384787+00:00,2026-09-12,2026-09-12T20:16:24.102208+00:00
1374186,Ömer Ahmet Ceyhan,,2007-08-22,7160,Eyüpspor,44,2025-12-22,2029-06-30,Abwehr - Rechter Verteidiger,rechts,,Türkei,,,,Geb./Alter: 22.08.2007 (19) Geburtsort: İstanbul Staatsbürgerschaft: Türkei Position: Abwehr - Rechter Verteidiger Fuß: rechts Aktueller Verein: Eyüpspor Im Team seit: 22.12.2025 Vertrag bis: 30.06.2029 Letzte Verlängerung: 20.08.2026,CONFIRMED,https://www.transfermarkt.de/omer-ahmet-ceyhan/profil/spieler/1374186,089c7d0f4a30b82c32ee445e756fc76f16aed2d6e7e081780227c0bd821773bc,2026-09-12T20:12:36.277097+00:00,2026-09-12,2026-09-12T20:16:24.538544+00:00
1381202,Victor Samuel,Victor Elem Samuel,2006-06-29,1496,FK Pardubice,35,2026-01-01,2029-12-31,Sturm - Mittelstürmer,,,Nigeria,,,,Name im Heimatland: Victor Elem Samuel Geb./Alter: 29.06.2006 (20) Staatsbürgerschaft: Nigeria Position: Sturm - Mittelstürmer Spielerberater: Bicycle Kick Aktueller Verein: FK Pardubice Im Team seit: 01.01.2026 Vertrag bis: 31.12.2029 Letzte Verlängerung: 16.01.2026,CONFIRMED,https://www.transfermarkt.de/victor-samuel/profil/spieler/1381202,06106210ad87e68c9232bbc6514c7249217e6eac184b138c29cdf34d0fca0b96,2026-09-12T20:12:37.391872+00:00,2026-09-12,2026-09-12T20:16:25.033438+00:00
1384113,Jordan Arnolin,Jordan Miguel Silva Arnolin,2008-04-29,68403,Estoril Praia U23,42,2025-07-01,2029-06-30,Abwehr - Innenverteidiger,rechts,"1,82 m",Portugal Martinique,,,,"Name im Heimatland: Jordan Miguel Silva Arnolin Geb./Alter: 29.04.2008 (18) Größe: 1,82 m Staatsbürgerschaft: Portugal Martinique Position: Abwehr - Innenverteidiger Fuß: rechts Aktueller Verein: Estoril Praia U23 Im Team seit: 01.07.2025 Vertrag bis: 30.06.2029 Letzte Verlängerung: 03.07.2026 2. Verein: GD Estoril Praia (#42)",CONFIRMED,https://www.transfermarkt.de/jordan-arnolin/profil/spieler/1384113,6f0575cbe09706eb1875f2850d64bb8bf5de0a994bd26902628f3ff55c5c1c3f,2026-09-12T20:12:38.433741+00:00,2026-09-12,2026-09-12T20:16:25.429594+00:00
1389531,Yanis Ngoy,Nkima Yanis Ngoy,2008-08-24,475,VV St. Truiden,30,2026-07-01,2028-06-30,Torwart,rechts,"1,88 m",Belgien DR Kongo,,,,"Name im Heimatland: Nkima Yanis Ngoy Geb./Alter: 24.08.2008 (18) Größe: 1,88 m Staatsbürgerschaft: Belgien DR Kongo Position: Torwart Fuß: rechts Spielerberater: The Family Aktueller Verein: VV St. Truiden Im Team seit: 01.07.2026 Vertrag bis: 30.06.2028 Letzte Verlängerung: 24.03.2026 2. Verein: STVV Youth (#30)",CONFIRMED,https://www.transfermarkt.de/yanis-ngoy/profil/spieler/1389531,dcd72a8a3a2c6eb50cc9971f4dd872325ec88aab2e57a91dfee12255156bea04,2026-09-12T20:12:39.277293+00:00,2026-09-12,2026-09-12T20:16:25.819265+00:00
1401055,David Hamansenya,,2007-06-24,697,FC Slovan Liberec,,2026-09-08,2027-06-30,Abwehr - Linker Verteidiger,rechts,"1,81 m",Sambia,17686,CD Leganés B,,"Geb./Alter: 24.06.2007 (19) Größe: 1,81 m Staatsbürgerschaft: Sambia Position: Abwehr - Linker Verteidiger Fuß: rechts Spielerberater: Karin Football ... Aktueller Verein: FC Slovan Liberec Im Team seit: 08.09.2026 Vertrag bis: 30.06.2027 Vertragsoption: Kaufoption Ausgeliehen von: CD Leganés B Vertrag dort bis: -",CONFIRMED,https://www.transfermarkt.de/david-hamansenya/profil/spieler/1401055,a08006499ecb0ae2d006f614a73c713495f9c0f20fe182fa2ac61a7075e2c47e,2026-09-12T20:12:40.422323+00:00,2026-09-12,2026-09-12T20:16:26.295466+00:00
1405829,Abdullahi Umar,,2007-01-16,1897,FC Hradec Kralove,24,2026-07-01,2031-06-30,Sturm - Mittelstürmer,,,Nigeria,,,,Geb./Alter: 16.01.2007 (19) Staatsbürgerschaft: Nigeria Position: Sturm - Mittelstürmer Spielerberater: CSC AGENCY Aktueller Verein: FC Hradec Kralove Im Team seit: 01.07.2026 Vertrag bis: 30.06.2031 Letzte Verlängerung: 08.09.2026,CONFIRMED,https://www.transfermarkt.de/abdullahi-umar/profil/spieler/1405829,e5472a169d74555421e95eafbe66f83a410ac9fb497e4b89cd25f879002d6f5a,2026-09-12T20:12:41.426344+00:00,2026-09-12,2026-09-12T20:16:26.725296+00:00
1414664,Diabel Ndoye,,2007-08-27,7160,Eyüpspor,,2026-02-02,2028-06-30,Abwehr - Innenverteidiger,rechts,,Senegal,,,,Geb./Alter: 27.08.2007 (19) Staatsbürgerschaft: Senegal Position: Abwehr - Innenverteidiger Fuß: rechts Spielerberater: World Elites Aktueller Verein: Eyüpspor Im Team seit: 02.02.2026 Vertrag bis: 30.06.2028,CONFIRMED,https://www.transfermarkt.de/diabel-ndoye/profil/spieler/1414664,736e4b736b3d2cb950c1c93325af252ae2e5a87982a6a37c501d20705ca54a71,2026-09-12T20:12:42.457296+00:00,2026-09-12,2026-09-12T20:16:27.154143+00:00
1414677,Abdou Khadre Sy,,2007-12-15,7160,Eyüpspor,,2026-02-02,2028-06-30,Sturm - Mittelstürmer,,,Senegal,,,,Geb./Alter: 15.12.2007 (18) Staatsbürgerschaft: Senegal Position: Sturm - Mittelstürmer Spielerberater: World Elites Aktueller Verein: Eyüpspor Im Team seit: 02.02.2026 Vertrag bis: 30.06.2028,CONFIRMED,https://www.transfermarkt.de/abdou-khadre-sy/profil/spieler/1414677,8e510bf181a7b035718b983c150eefabd4dd92eec78d33cbea831673253cc2ec,2026-09-12T20:12:43.373329+00:00,2026-09-12,2026-09-12T20:16:27.581631+00:00
1423296,Talha Polat,,2006-11-17,120,Kocaelispor,,2026-07-01,2027-06-30,Torwart,rechts,"1,88 m",Türkei,,,,"Geb./Alter: 17.11.2006 (19) Geburtsort: Kocaeli Größe: 1,88 m Staatsbürgerschaft: Türkei Position: Torwart Fuß: rechts Aktueller Verein: Kocaelispor Im Team seit: 01.07.2026 Vertrag bis: 30.06.2027 Vertragsoption: ein weiteres Jahr",CONFIRMED,https://www.transfermarkt.de/talha-polat/profil/spieler/1423296,099622816efa8a1a304005854b4b03a01fba39f1992a258d577af181dc38c379,2026-09-12T20:12:44.347127+00:00,2026-09-12,2026-09-12T20:16:28.023535+00:00
1433067,Henrique Poniewas,,2006-09-25,101419,CF Estrela Amadora U23,,2025-07-01,2027-06-30,Sturm - Mittelstürmer,rechts,"1,93 m",Brasilien Deutschland,,,,"Geb./Alter: 25.09.2006 (19) Geburtsort: Castro Größe: 1,93 m Staatsbürgerschaft: Brasilien Deutschland Position: Sturm - Mittelstürmer Fuß: rechts Spielerberater: SportsMaxi ... Aktueller Verein: CF Estrela Amadora U23 Im Team seit: 01.07.2025 Vertrag bis: 30.06.2027 Vertragsoption: beidseitig 1 Jahr 2. Verein: CF Estrela Amadora (#72)",CONFIRMED,https://www.transfermarkt.de/henrique-poniewas/profil/spieler/1433067,f2ed4bb3f9f2e1635128bbc9c4e26835c47527bca2e58732d2557fcd67eaba9e,2026-09-12T20:12:45.378332+00:00,2026-09-12,2026-09-12T20:16:28.456818+00:00
1437503,Ayaz Özcan,Furkan Ayaz Özcan,2009-10-01,820,Genclerbirligi Ankara,99,2025-07-01,2028-06-30,Sturm - Mittelstürmer,rechts,,Türkei,,,,Name im Heimatland: Furkan Ayaz Özcan Geb./Alter: 01.10.2009 (16) Geburtsort: Ankara Staatsbürgerschaft: Türkei Position: Sturm - Mittelstürmer Fuß: rechts Aktueller Verein: Genclerbirligi Ankara Im Team seit: 01.07.2025 Vertrag bis: 30.06.2028 Letzte Verlängerung: 04.08.2025 2. Verein: Genclerbirligi Ankara U19 Social Media:,CONFIRMED,https://www.transfermarkt.de/ayaz-ozcan/profil/spieler/1437503,c208ce368e2d89a5155ff97eaf5c3cbacfffb750b95e73d71dc9807a195eb303,2026-09-12T20:12:46.442317+00:00,2026-09-12,2026-09-12T20:16:28.898913+00:00
1437642,Jakub Tichy,Jakub Tichý,2006-11-14,37465,Bohemians Prag 1905 B,71,2025-07-01,2028-12-31,Abwehr - Innenverteidiger,,,Tschechien,,,,Name im Heimatland: Jakub Tichý Geb./Alter: 14.11.2006 (19) Staatsbürgerschaft: Tschechien Position: Abwehr - Innenverteidiger Spielerberater: TOP11 Football ... Aktueller Verein: Bohemians Prag 1905 B Im Team seit: 01.07.2025 Vertrag bis: 31.12.2028 Letzte Verlängerung: 12.01.2026 2. Verein: Bohemians Prag 1905 (#17),CONFIRMED,https://www.transfermarkt.de/jakub-tichy/profil/spieler/1437642,48bbb638ac781ed0e382cfb0369853cf002093cf302bcd0a5f3671382222548f,2026-09-12T20:12:47.407933+00:00,2026-09-12,2026-09-12T20:16:29.381320+00:00
1438140,Hulusi Destici,,2008-08-06,120,Kocaelispor,,2026-08-17,2030-06-30,Mittelfeld - Defensives Mittelfeld,rechts,"1,82 m",Türkei,,,,"Geb./Alter: 06.08.2008 (18) Geburtsort: Aydın Größe: 1,82 m Staatsbürgerschaft: Türkei Position: Mittelfeld - Defensives Mittelfeld Fuß: rechts Aktueller Verein: Kocaelispor Im Team seit: 17.08.2026 Vertrag bis: 30.06.2030 Social Media:",CONFIRMED,https://www.transfermarkt.de/hulusi-destici/profil/spieler/1438140,5456f3e338421732f3b20a615d23e06847caa5d58c87e0642ac5c335db780393,2026-09-12T20:12:48.322769+00:00,2026-09-12,2026-09-12T20:16:29.795873+00:00
1438144,Erk Aslan,Erk Arda Aslan,2008-11-07,820,Genclerbirligi Ankara,17,2026-07-01,,Sturm - Linksaußen,rechts,,Türkei,,,,Name im Heimatland: Erk Arda Aslan Geb./Alter: 07.11.2008 (17) Geburtsort: Ankara Staatsbürgerschaft: Türkei Position: Sturm - Linksaußen Fuß: rechts Aktueller Verein: Genclerbirligi Ankara Im Team seit: 01.07.2026 Vertrag bis: - Vertragsoption: Amateurvertrag Social Media:,CONFIRMED,https://www.transfermarkt.de/erk-aslan/profil/spieler/1438144,983e8a8fadcf18ad17a4dab6264bcca0c34b25a21ebf0ea5ef727747c53f7dcb,2026-09-12T20:12:49.419263+00:00,2026-09-12,2026-09-12T20:16:30.254702+00:00
1438186,Salih Arıcı,Ahmet Salih Arıcı,2008-03-27,10484,Kasimpasa,24,2026-07-01,,Abwehr - Innenverteidiger,links,,Türkei,,,,Name im Heimatland: Ahmet Salih Arıcı Geb./Alter: 27.03.2008 (18) Geburtsort: İstanbul Staatsbürgerschaft: Türkei Position: Abwehr - Innenverteidiger Fuß: links Spielerberater: PFP Aktueller Verein: Kasimpasa Im Team seit: 01.07.2026 Vertrag bis: - Vertragsoption: Amateurvertrag 2. Verein: Kasimpasa U19,CONFIRMED,https://www.transfermarkt.de/salih-arici/profil/spieler/1438186,32a68f195ce984f80a80c9ee24d3e85139fa13e75c700c1c9ef0701a9edd9f45,2026-09-12T20:12:50.406439+00:00,2026-09-12,2026-09-12T20:16:30.700380+00:00
1439393,Tibe S'Jongers,,2007-04-02,49388,SK Beveren U21,75,,,Mittelfeld,,,Belgien,,,,Geb./Alter: 02.04.2007 (19) Staatsbürgerschaft: Belgien Position: Mittelfeld Aktueller Verein: SK Beveren U21 Im Team seit: - Vertrag bis: -,CONFIRMED,https://www.transfermarkt.de/tibe-sjongers/profil/spieler/1439393,8a723669c02bf514536a4f89f6e95bc21fe8e6573055379c6851d02b6ee25eff,2026-09-12T20:12:51.383384+00:00,2026-09-12,2026-09-12T20:16:31.057459+00:00
1442800,Prince Martor Jr.,,2007-07-09,820,Genclerbirligi Ankara,45,2026-07-01,2028-06-30,Sturm - Linksaußen,rechts,"1,75 m",Liberia,,,,"Vollständiger Name: Prince Martor Geb./Alter: 09.07.2007 (19) Geburtsort: Bensonville Größe: 1,75 m Staatsbürgerschaft: Liberia Position: Sturm - Linksaußen Fuß: rechts Aktueller Verein: Genclerbirligi Ankara Im Team seit: 01.07.2026 Vertrag bis: 30.06.2028 Social Media:",CONFIRMED,https://www.transfermarkt.de/prince-martor-jr-/profil/spieler/1442800,c639664fdd6e57a06b5abf3a471dd9aa97771ef79c5d4f344e11ea96b6c2ee77,2026-09-12T20:12:52.378411+00:00,2026-09-12,2026-09-12T20:16:31.261506+00:00
1451840,Melvin Ramundo,,2007-09-07,5026,Lommel SK,55,2026-07-01,,Torwart,,,Belgien,,,,Geb./Alter: 07.09.2007 (19) Staatsbürgerschaft: Belgien Position: Torwart Aktueller Verein: Lommel SK Im Team seit: 01.07.2026 Vertrag bis: - 2. Verein: Lommel SK U23 (#55),CONFIRMED,https://www.transfermarkt.de/melvin-ramundo/profil/spieler/1451840,3db96717e2fc3af6a262eeb76050c9e1ea477ea4445e96c2d2e5c91f546cf8a6,2026-09-12T20:12:53.382633+00:00,2026-09-12,2026-09-12T20:16:31.436544+00:00
1456177,Guust Lamerand,,2008-03-21,601,KV Kortrijk,45,2026-08-07,2029-06-30,Abwehr - Linker Verteidiger,links,,Belgien,,,,Geb./Alter: 21.03.2008 (18) Staatsbürgerschaft: Belgien Position: Abwehr - Linker Verteidiger Fuß: links Aktueller Verein: KV Kortrijk Im Team seit: 07.08.2026 Vertrag bis: 30.06.2029 Vertragsoption: vereinsseitig 1 Jahr Letzte Verlängerung: 07.08.2026,CONFIRMED,https://www.transfermarkt.de/guust-lamerand/profil/spieler/1456177,1d53ef1f742dc0e44b3ff979f5c6eca8281bf96698ac9afbe16eee7471f4eda9,2026-09-12T20:12:54.378028+00:00,2026-09-12,2026-09-12T20:16:31.606583+00:00
1457605,Rodrigo Catraio,Rodrigo Maurício António Catraio,2005-06-04,85471,FC Alverca B,7,2024-07-01,2028-06-30,Sturm - Rechtsaußen,rechts,"1,73 m",Portugal,,,,"Name im Heimatland: Rodrigo Maurício António Catraio Geb./Alter: 04.06.2005 (21) Größe: 1,73 m Staatsbürgerschaft: Portugal Position: Sturm - Rechtsaußen Fuß: rechts Spielerberater: MC Striker Aktueller Verein: FC Alverca B Im Team seit: 01.07.2024 Vertrag bis: 30.06.2028 Letzte Verlängerung: 09.07.2026 2. Verein: FC Alverca (#87)",CONFIRMED,https://www.transfermarkt.de/rodrigo-catraio/profil/spieler/1457605,800ef37efd7fd901eb9fa566bfda3726d38241b5367de0a2c372adc8d3c573ec,2026-09-12T20:12:55.423490+00:00,2026-09-12,2026-09-12T20:16:31.777125+00:00
1460961,Jorge Domínguez,Jorge Domínguez Lituba,2009-12-21,3679,Atlético Madrileño,27,2026-07-01,2028-06-30,Abwehr - Innenverteidiger,rechts,"1,92 m",Spanien Kongo,,,,"Name im Heimatland: Jorge Domínguez Lituba Geb./Alter: 21.12.2009 (16) Geburtsort: Madrid Größe: 1,92 m Staatsbürgerschaft: Spanien Kongo Position: Abwehr - Innenverteidiger Fuß: rechts Aktueller Verein: Atlético Madrileño Im Team seit: 01.07.2026 Vertrag bis: 30.06.2028 2. Verein: Atlético Madrid (#27) 3. Verein: Atlético Madrid UEFA U19 (#5)",CONFIRMED,https://www.transfermarkt.de/jorge-dominguez/profil/spieler/1460961,fcd00265fbad739e141ec989161bbed5f89f7697fcb523ab6ce6f00a913f6893,2026-09-12T20:12:56.799307+00:00,2026-09-12,2026-09-12T20:16:31.964168+00:00
1464920,Gabriel Índio,,2008-07-26,294,Benfica Lissabon,33,2026-07-28,2031-06-30,Abwehr - Innenverteidiger,links,"1,86 m",Brasilien,,,,"Vollständiger Name: Gabriel dos Santos Queiroz Geb./Alter: 26.07.2008 (18) Geburtsort: Rio de Janeiro Größe: 1,86 m Staatsbürgerschaft: Brasilien Position: Abwehr - Innenverteidiger Fuß: links Spielerberater: Talents Sports Aktueller Verein: Benfica Lissabon Im Team seit: 28.07.2026 Vertrag bis: 30.06.2031 2. Verein: Benfica Lissabon B (#33) Social Media:",CONFIRMED,https://www.transfermarkt.de/gabriel-indio/profil/spieler/1464920,46d2e17101af7fe0ba7a6180bf11d112c6e881024ac3e43ffa47db2086e66e83,2026-09-12T20:12:57.440136+00:00,2026-09-12,2026-09-12T20:16:32.151210+00:00
1467124,Abdoulaye Koné,,2006-02-01,968,KVC Westerlo,25,2026-09-02,2030-06-30,Sturm - Mittelstürmer,rechts,"1,94 m",Elfenbeinküste,,,,"Geb./Alter: 01.02.2006 (20) Größe: 1,94 m Staatsbürgerschaft: Elfenbeinküste Position: Sturm - Mittelstürmer Fuß: rechts Spielerberater: 2 goals Agency & ... Aktueller Verein: KVC Westerlo Im Team seit: 02.09.2026 Vertrag bis: 30.06.2030",CONFIRMED,https://www.transfermarkt.de/abdoulaye-kone/profil/spieler/1467124,eaf5d4dd6fc78df4dc3501f18a02a10b5c733770f1b91365129c1fbd08de0919,2026-09-12T20:12:58.395837+00:00,2026-09-12,2026-09-12T20:16:32.319248+00:00
1473866,Ibrahima Cissé,,2007-09-24,157,KAA Gent,75,2026-07-01,2028-06-30,Sturm - Mittelstürmer,,"1,96 m",Senegal,,,,"Geb./Alter: 24.09.2007 (18) Größe: 1,96 m Staatsbürgerschaft: Senegal Position: Sturm - Mittelstürmer Spielerberater: MDC Advisors Aktueller Verein: KAA Gent Im Team seit: 01.07.2026 Vertrag bis: 30.06.2028 Social Media:",CONFIRMED,https://www.transfermarkt.de/ibrahima-cisse/profil/spieler/1473866,962f8763e7843d37a826b84277a931df3b074eedeb4dc3750fb4d3cb7d1fe5a5,2026-09-12T20:12:59.310209+00:00,2026-09-12,2026-09-12T20:16:32.503289+00:00
1474364,Mustafa Coşkun Tosun,,2009-01-06,126,Caykur Rizespor,80,2026-07-01,2029-06-30,Sturm - Mittelstürmer,,,Türkei,,,,Geb./Alter: 06.01.2009 (17) Geburtsort: Osmaniye Staatsbürgerschaft: Türkei Position: Sturm - Mittelstürmer Aktueller Verein: Caykur Rizespor Im Team seit: 01.07.2026 Vertrag bis: 30.06.2029,CONFIRMED,https://www.transfermarkt.de/mustafa-coskun-tosun/profil/spieler/1474364,d97a388c86aaca7605be090261b7a18ddda5a634f4b18b9b494dd35bca7a1ce4,2026-09-12T20:13:05.190310+00:00,2026-09-12,2026-09-12T20:16:32.721338+00:00
1474871,Muhammet Akmelek,,2009-06-06,2832,Gaziantep FK,,2026-01-01,2028-06-30,Sturm - Mittelstürmer,rechts,"1,85 m",Türkei,,,,"Geb./Alter: 06.06.2009 (17) Geburtsort: Gaziantep Größe: 1,85 m Staatsbürgerschaft: Türkei Position: Sturm - Mittelstürmer Fuß: rechts Spielerberater: 4YOURDREAM Aktueller Verein: Gaziantep FK Im Team seit: 01.01.2026 Vertrag bis: 30.06.2028 Letzte Verlängerung: 22.10.2025 Social Media:",CONFIRMED,https://www.transfermarkt.de/muhammet-akmelek/profil/spieler/1474871,3b7b5c4fbf26e774dbb237503e968ebc7a23cb497a16b6f7cbb42b88d7980b85,2026-09-12T20:13:05.795520+00:00,2026-09-12,2026-09-12T20:16:32.901378+00:00
1476132,Marc Santos,Marc Santos Gavilán,2010-11-09,3368,UD Levante,33,2026-07-01,2029-06-30,Abwehr - Linker Verteidiger,links,,Spanien,,,,Name im Heimatland: Marc Santos Gavilán Geb./Alter: 09.11.2010 (15) Geburtsort: Massanassa Staatsbürgerschaft: Spanien Position: Abwehr - Linker Verteidiger Fuß: links Spielerberater: Berater bekannt - Spieler unter 16 Aktueller Verein: UD Levante Im Team seit: 01.07.2026 Vertrag bis: 30.06.2029,CONFIRMED,https://www.transfermarkt.de/marc-santos/profil/spieler/1476132,9eefd59fa12a70ffd0c2df812fe8fdec20e500bb50dd1c4443eb2536138933f6,2026-09-12T20:13:07.077239+00:00,2026-09-12,2026-09-12T20:16:33.084430+00:00
1476544,Furkan Çetinkaya,,2009-03-03,37951,Corum FK,45,2025-12-03,2028-06-30,Mittelfeld - Offensives Mittelfeld,links,,Türkei,,,,Geb./Alter: 03.03.2009 (17) Geburtsort: Bursa Staatsbürgerschaft: Türkei Position: Mittelfeld - Offensives Mittelfeld Fuß: links Aktueller Verein: Corum FK Im Team seit: 03.12.2025 Vertrag bis: 30.06.2028 2. Verein: Corum FK U19,CONFIRMED,https://www.transfermarkt.de/furkan-cetinkaya/profil/spieler/1476544,9c05d427f4faed1efc8ca22bb04f4fc436901b206d536d457162410cdf3890f1,2026-09-12T20:13:07.670473+00:00,2026-09-12,2026-09-12T20:16:33.258470+00:00
1487376,Yiğit Baran Karaoğlan,,2006-02-16,39722,Erzurumspor FK,,2026-07-01,2028-06-30,Abwehr - Innenverteidiger,rechts,,Türkei,,,,Geb./Alter: 16.02.2006 (20) Geburtsort: Samsun Staatsbürgerschaft: Türkei Position: Abwehr - Innenverteidiger Fuß: rechts Aktueller Verein: Erzurumspor FK Im Team seit: 01.07.2026 Vertrag bis: 30.06.2028,CONFIRMED,https://www.transfermarkt.de/yigit-baran-karaoglan/profil/spieler/1487376,1f5e4dba7655052890c4f030704ce18cca1020fc8b8291385afb93965f7774db,2026-09-12T20:13:08.778352+00:00,2026-09-12,2026-09-12T20:16:33.435614+00:00
1489506,Ousmane Diabate,,2007-09-24,820,Genclerbirligi Ankara,42,2026-08-26,2027-06-30,Mittelfeld - Defensives Mittelfeld,rechts,"1,86 m",Guinea,9253,Newcastle United U21,,"Geb./Alter: 24.09.2007 (18) Größe: 1,86 m Staatsbürgerschaft: Guinea Position: Mittelfeld - Defensives Mittelfeld Fuß: rechts Aktueller Verein: Genclerbirligi Ankara Im Team seit: 26.08.2026 Vertrag bis: 30.06.2027 Ausgeliehen von: Newcastle United U21 Vertrag dort bis: - Social Media:",CONFIRMED,https://www.transfermarkt.de/ousmane-diabate/profil/spieler/1489506,cd0970c424a3bfbb8151bd549771a807132e190fe31d17b391531bd1013dee4c,2026-09-12T20:13:09.712631+00:00,2026-09-12,2026-09-12T20:16:33.626666+00:00
1491843,Gani Büyükhan,Gâni Durmuş Büyükhan,2009-10-07,18338,Fortuna Sittard U21,,2026-07-01,,Mittelfeld - Offensives Mittelfeld,,,Belgien Türkei,,,,Name im Heimatland: Gâni Durmuş Büyükhan Geb./Alter: 07.10.2009 (16) Staatsbürgerschaft: Belgien Türkei Position: Mittelfeld - Offensives Mittelfeld Spielerberater: ProStar Aktueller Verein: Fortuna Sittard U21 Im Team seit: 01.07.2026 Vertrag bis: - 2. Verein: Fortuna Sittard (#39),CONFIRMED,https://www.transfermarkt.de/gani-buyukhan/profil/spieler/1491843,38fa10a3ec300ff0b8dad2194f158c1405b9c47f00e378ab8c31fdf40a2f9a6f,2026-09-12T20:13:10.696222+00:00,2026-09-12,2026-09-12T20:16:33.808014+00:00
1492856,Junior Diouf,Raymond Junior Devis Diouf,2007-08-16,28643,SK Beveren,11,2026-02-26,2028-06-30,Sturm - Mittelstürmer,rechts,"1,85 m",Senegal,,,,"Name im Heimatland: Raymond Junior Devis Diouf Geb./Alter: 16.08.2007 (19) Geburtsort: Thiès Größe: 1,85 m Staatsbürgerschaft: Senegal Position: Sturm - Mittelstürmer Fuß: rechts Aktueller Verein: SK Beveren Im Team seit: 26.02.2026 Vertrag bis: 30.06.2028 Vertragsoption: vereinsseitig 1 Jahr Social Media:",CONFIRMED,https://www.transfermarkt.de/junior-diouf/profil/spieler/1492856,ee8768f4049a7eab2621a80f0b7e50dd4ee882eeae447cbd3f43d0458f1ab5d7,2026-09-12T20:13:11.705541+00:00,2026-09-12,2026-09-12T20:16:33.982039+00:00
1507561,Mouhamadou Sall,Mouhamadou Yoro Sall,2007-10-21,3508,Zulte Waregem,24,2026-01-27,2028-06-30,Abwehr - Innenverteidiger,rechts,"1,85 m",Senegal,,,,"Name im Heimatland: Mouhamadou Yoro Sall Geb./Alter: 21.10.2007 (18) Größe: 1,85 m Staatsbürgerschaft: Senegal Position: Abwehr - Innenverteidiger Fuß: rechts Spielerberater: Next Level ... Aktueller Verein: Zulte Waregem Im Team seit: 27.01.2026 Vertrag bis: 30.06.2028 Vertragsoption: vereinsseitig 2 Jahre",CONFIRMED,https://www.transfermarkt.de/mouhamadou-sall/profil/spieler/1507561,475f80c7ffb6b3c585765053fd43b35bbad380e1d60831782067a08b7f0740db,2026-09-12T20:13:12.732552+00:00,2026-09-12,2026-09-12T20:16:34.158507+00:00
1510005,Modibo Fofana,,2007-11-03,1096,Royal Antwerpen FC,25,2026-07-01,2030-06-30,Mittelfeld - Zentrales Mittelfeld,rechts,"1,78 m",Elfenbeinküste,,,,"Geb./Alter: 03.11.2007 (18) Größe: 1,78 m Staatsbürgerschaft: Elfenbeinküste Position: Mittelfeld - Zentrales Mittelfeld Fuß: rechts Spielerberater: BLACKSKILL Aktueller Verein: Royal Antwerpen FC Im Team seit: 01.07.2026 Vertrag bis: 30.06.2030",CONFIRMED,https://www.transfermarkt.de/modibo-fofana/profil/spieler/1510005,aa3bdef89be8a8b2cb3d01eb14438b3570827c96f1309b1e1d66b3e829413c06,2026-09-12T20:13:13.769378+00:00,2026-09-12,2026-09-12T20:16:34.341548+00:00
1510255,Miguel Silva,Miguel Andrade Silva,2007-12-17,142579,Moreirense FC Sub-23,,2026-07-01,2030-06-30,Mittelfeld - Defensives Mittelfeld,,"1,86 m",Portugal,,,,"Name im Heimatland: Miguel Andrade Silva Geb./Alter: 17.12.2007 (18) Geburtsort: Guimarães Größe: 1,86 m Staatsbürgerschaft: Portugal Position: Mittelfeld - Defensives Mittelfeld Aktueller Verein: Moreirense FC Sub-23 Im Team seit: 01.07.2026 Vertrag bis: 30.06.2030 2. Verein: Moreirense FC (#87)",CONFIRMED,https://www.transfermarkt.de/miguel-silva/profil/spieler/1510255,bf048d7dd832289f7223cf4e563239837e47dc06b368459cd9e1b7fcbc41bd9f,2026-09-12T20:13:15.099024+00:00,2026-09-12,2026-09-12T20:16:34.522588+00:00
1523194,Moustapha Toure,Mouhamed Moustapha Alassane Toure,2007-10-04,13905,FC Zlin B,7,2026-07-01,,Sturm,,,Senegal,,,,Name im Heimatland: Mouhamed Moustapha Alassane Toure Geb./Alter: 04.10.2007 (18) Staatsbürgerschaft: Senegal Position: Sturm Aktueller Verein: FC Zlin B Im Team seit: 01.07.2026 Vertrag bis: - 2. Verein: FC Zlin (#18),CONFIRMED,https://www.transfermarkt.de/moustapha-toure/profil/spieler/1523194,2962cf94562026350dcdad7a486b26f0b5953da89de36b5435ddc050bca75f48,2026-09-12T20:13:15.708435+00:00,2026-09-12,2026-09-12T20:16:34.705161+00:00
1523861,Yacouba Koné,,2007-06-21,1095,ESTAC Troyes,39,2026-08-10,2029-06-30,Sturm - Mittelstürmer,rechts,,Elfenbeinküste,,,,Geb./Alter: 21.06.2007 (19) Staatsbürgerschaft: Elfenbeinküste Position: Sturm - Mittelstürmer Fuß: rechts Spielerberater: Horizon Aktueller Verein: ESTAC Troyes Im Team seit: 10.08.2026 Vertrag bis: 30.06.2029,CONFIRMED,https://www.transfermarkt.de/yacouba-kone/profil/spieler/1523861,6998e422c4a7fc1c8c302e0b08f793f5827df38d00cd2c512121aa9c62242cba,2026-09-12T20:13:16.699312+00:00,2026-09-12,2026-09-12T20:16:34.889919+00:00
1524445,Djibril Ouziad,,2009-04-27,12278,AC Le Havre U19,,2026-07-01,2030-06-30,Abwehr - Rechter Verteidiger,,,Frankreich Algerien,,,,Geb./Alter: 27.04.2009 (17) Geburtsort: Le Havre Staatsbürgerschaft: Frankreich Algerien Position: Abwehr - Rechter Verteidiger Spielerberater: BY AND FOR Aktueller Verein: AC Le Havre U19 Im Team seit: 01.07.2026 Vertrag bis: 30.06.2030 Letzte Verlängerung: 01.09.2026 2. Verein: Le Havre AC (#20),CONFIRMED,https://www.transfermarkt.de/djibril-ouziad/profil/spieler/1524445,bdb524bb8672222875169e8a01143490e7038cd3b21e29273345a9e644db8810,2026-09-12T20:13:17.758320+00:00,2026-09-12,2026-09-12T20:16:35.066864+00:00
1534934,Abdu Dafe,Abdu Dafe,2008-06-10,3268,Casa Pia AC,59,2026-09-01,2027-06-30,Mittelfeld - Zentrales Mittelfeld,rechts,,Portugal,,,,Name im Heimatland: Abdu Dafe Geb./Alter: 10.06.2008 (18) Staatsbürgerschaft: Portugal Position: Mittelfeld - Zentrales Mittelfeld Fuß: rechts Spielerberater: Sferico Sports ... Aktueller Verein: Casa Pia AC Im Team seit: 01.09.2026 Vertrag bis: 30.06.2027,CONFIRMED,https://www.transfermarkt.de/abdu-dafe/profil/spieler/1534934,46c579b1eb19164fba01c8bd47c735adbdd421817e19ed2bb311f55e8cc9ae36,2026-09-12T20:13:18.712708+00:00,2026-09-12,2026-09-12T20:16:35.237784+00:00
1544985,Ismael Sylla,Ge Ismael Nicaise Sylla,2008-02-07,24325,SK Artis Brünn,13,2026-07-17,,Mittelfeld - Zentrales Mittelfeld,,,Elfenbeinküste,,,,Name im Heimatland: Ge Ismael Nicaise Sylla Geb./Alter: 07.02.2008 (18) Staatsbürgerschaft: Elfenbeinküste Position: Mittelfeld - Zentrales Mittelfeld Spielerberater: InterLex Sport Aktueller Verein: SK Artis Brünn Im Team seit: 17.07.2026 Vertrag bis: - 2. Verein: SK Artis Brünn B (#9) Social Media:,CONFIRMED,https://www.transfermarkt.de/ismael-sylla/profil/spieler/1544985,b7f3e9aa272961677152a372cea7f95f88b10ad48c91a535d4d1d9c58ba0d8f7,2026-09-12T20:13:19.755670+00:00,2026-09-12,2026-09-12T20:16:35.423120+00:00
1555142,Luis Narh,,2007-12-25,1096,Royal Antwerpen FC,99,2026-07-01,2030-06-30,Sturm - Mittelstürmer,rechts,"1,86 m",Ghana,,,,"Geb./Alter: 25.12.2007 (18) Größe: 1,86 m Staatsbürgerschaft: Ghana Position: Sturm - Mittelstürmer Fuß: rechts Aktueller Verein: Royal Antwerpen FC Im Team seit: 01.07.2026 Vertrag bis: 30.06.2030 Vertragsoption: vereinsseitig 1 Jahr Social Media:",CONFIRMED,https://www.transfermarkt.de/luis-narh/profil/spieler/1555142,9450cae04eacdbfe9b1b044bd585bbbee9f28605c86ad15f153d17d816675cbc,2026-09-12T20:13:20.733340+00:00,2026-09-12,2026-09-12T20:16:35.608172+00:00
1577095,Arouna Soro,Arouna Kigbafory Soro,2007-07-12,11282,Alanyaspor,32,2026-07-07,2031-06-30,Mittelfeld - Offensives Mittelfeld,rechts,"1,74 m",Elfenbeinküste,,,,"Name im Heimatland: Arouna Kigbafory Soro Geb./Alter: 12.07.2007 (19) Geburtsort: Abobo Größe: 1,74 m Staatsbürgerschaft: Elfenbeinküste Position: Mittelfeld - Offensives Mittelfeld Fuß: rechts Spielerberater: ELITE CONSULTING ... Aktueller Verein: Alanyaspor Im Team seit: 07.07.2026 Vertrag bis: 30.06.2031",CONFIRMED,https://www.transfermarkt.de/arouna-soro/profil/spieler/1577095,c4577c90883e60ab1e2f88342c5fd9d8f4e9201c71170b6c5bd8f5d63562c43b,2026-09-12T20:13:21.834573+00:00,2026-09-12,2026-09-12T20:16:35.792222+00:00
1577556,Philippe Bibout,Philippe Didier Bibout,2008-06-01,968,KVC Westerlo,71,2026-08-05,,Mittelfeld - Zentrales Mittelfeld,,,Kamerun,,,,Name im Heimatland: Philippe Didier Bibout Geb./Alter: 01.06.2008 (18) Staatsbürgerschaft: Kamerun Position: Mittelfeld - Zentrales Mittelfeld Spielerberater: 4FC Aktueller Verein: KVC Westerlo Im Team seit: 05.08.2026 Vertrag bis: - 2. Verein: KVC Westerlo U21,CONFIRMED,https://www.transfermarkt.de/philippe-bibout/profil/spieler/1577556,103f3f667244b2bdb56b5f3805be2e931c0b51ca4604b4f2c0acb56ee364700a,2026-09-12T20:13:22.882504+00:00,2026-09-12,2026-09-12T20:16:35.966266+00:00
1580906,Pedro Jesus,Pedro Lucas Rodrigues Mendes de Jesus,2007-12-25,979,Moreirense FC,31,2026-07-01,2029-06-30,Abwehr - Innenverteidiger,,,Brasilien,,,,Name im Heimatland: Pedro Lucas Rodrigues Mendes de Jesus Geb./Alter: 25.12.2007 (18) Staatsbürgerschaft: Brasilien Position: Abwehr - Innenverteidiger Spielerberater: FOOT STARS BRAZIL Aktueller Verein: Moreirense FC Im Team seit: 01.07.2026 Vertrag bis: 30.06.2029,CONFIRMED,https://www.transfermarkt.de/pedro-jesus/profil/spieler/1580906,fa0400cd644a019043b7b78791005adc93820f6f4879f80729c07695a38426e1,2026-09-12T20:13:24.048044+00:00,2026-09-12,2026-09-12T20:16:36.137307+00:00
1581187,Kadir Gümüş,,2003-11-15,2832,Gaziantep FK,,2026-07-07,2028-06-30,Sturm - Mittelstürmer,,,Türkei,,,,Geb./Alter: 15.11.2003 (22) Geburtsort: Mersin Staatsbürgerschaft: Türkei Position: Sturm - Mittelstürmer Aktueller Verein: Gaziantep FK Im Team seit: 07.07.2026 Vertrag bis: 30.06.2028,CONFIRMED,https://www.transfermarkt.de/kadir-gumus/profil/spieler/1581187,f6136a6f94437f6cae55b6725583d73ff56fd523e6323b2fb503f1b74a9816e5,2026-09-12T20:13:24.664855+00:00,2026-09-12,2026-09-12T20:16:36.314347+00:00
1581401,Hasan Yağız Döne,,2010-09-17,126,Caykur Rizespor,31,2026-07-01,,Torwart,,,Türkei,,,,Geb./Alter: 17.09.2010 (15) Geburtsort: Rize Staatsbürgerschaft: Türkei Position: Torwart Aktueller Verein: Caykur Rizespor Im Team seit: 01.07.2026 Vertrag bis: - Vertragsoption: Amateurvertrag 2. Verein: Caykur Rizespor U19,CONFIRMED,https://www.transfermarkt.de/hasan-yagiz-done/profil/spieler/1581401,66c03035186e0472c2192489ce1a79709d6a7cb592ae617701aefc30717c49f0,2026-09-12T20:13:25.798165+00:00,2026-09-12,2026-09-12T20:16:36.488400+00:00
1582195,Matias Silva,Pedro Matias Gouveia Silva,2008-11-21,15561,CD Nacional U19,,2025-07-01,2027-06-30,Abwehr - Linker Verteidiger,links,"1,78 m",Portugal,,,,"Name im Heimatland: Pedro Matias Gouveia Silva Geb./Alter: 21.11.2008 (17) Größe: 1,78 m Staatsbürgerschaft: Portugal Position: Abwehr - Linker Verteidiger Fuß: links Spielerberater: Wealth Sports Aktueller Verein: CD Nacional U19 Im Team seit: 01.07.2025 Vertrag bis: 30.06.2027 2. Verein: CD Nacional (#55)",CONFIRMED,https://www.transfermarkt.de/matias-silva/profil/spieler/1582195,7c9a334f1b9ffea110186cc102535a32c7c090b22a4c1ab5ae649a1db037d139,2026-09-12T20:13:26.729458+00:00,2026-09-12,2026-09-12T20:16:36.661449+00:00
1582293,Costinha,,2008-08-04,22265,FC Arouca U19,,2025-07-01,2027-06-30,Sturm - Rechtsaußen,rechts,,Portugal,,,,Vollständiger Name: Francisco Pereira Da Costa Geb./Alter: 04.08.2008 (18) Geburtsort: Arouca Staatsbürgerschaft: Portugal Position: Sturm - Rechtsaußen Fuß: rechts Aktueller Verein: FC Arouca U19 Im Team seit: 01.07.2025 Vertrag bis: 30.06.2027 2. Verein: FC Arouca (#97),CONFIRMED,https://www.transfermarkt.de/costinha/profil/spieler/1582293,dab8f99b88704a1e944853bd92c294b76a8ccd5ce0fe61453f13845550f50e51,2026-09-12T20:13:27.929254+00:00,2026-09-12,2026-09-12T20:16:36.834989+00:00
1583411,Muhammed Damar,,2008-02-26,12382,Amed SK,95,2026-07-01,,Torwart,,,Türkei,,,,Geb./Alter: 26.02.2008 (18) Geburtsort: Diyarbakır Staatsbürgerschaft: Türkei Position: Torwart Aktueller Verein: Amed SK Im Team seit: 01.07.2026 Vertrag bis: - Vertragsoption: Amateurvertrag 2. Verein: Amed SK U19,CONFIRMED,https://www.transfermarkt.de/muhammed-damar/profil/spieler/1583411,099fd694bbacc785f7f38d37b6fb20bbe74106e9394ef4c9ae79e73cb51c409d,2026-09-12T20:13:28.711254+00:00,2026-09-12,2026-09-12T20:16:37.010406+00:00
