queue,blocking,league,club,club_tm_id,player,player_tm_id,dob,fm_id,fifa_id,native_club_id,target_club_id,identity_method,profile_present,profile_name,profile_dob,profile_nationality,profile_position,profile_contract_until,profile_joined,profile_source_url,profile_source_sha256,current_employer_tm_id,current_employer,current_first_team_significance,current_significance_source_url,current_significance_source_sha256,current_significance_source_status,current_roster_position,current_roster_joined,current_roster_contract_until,current_roster_shirt_number,queue_source_url,queue_source_sha256,prior_audit_sources,prior_attempt_count,prior_identity_status,prior_identity_method,prior_native_fm_id,prior_native_fifa_id,prior_native_name,prior_native_dob,prior_native_club_id,prior_exact_candidates,prior_duplicate_leads,prior_fuzzy_candidates,prior_review_reason,prerequisite_category,missing_prerequisites,creation_action,escalation,snapshot_date
PLAYER_CREATION,YES,BEL1,Cercle Brügge,520,Bas Langenbick,993333,2003-06-16,,,,458755,MISSING_FROM_FM,YES,Bas Langenbick,2003-06-16,Belgien,Torwart,2028-06-30,2024-01-01,https://www.transfermarkt.de/bas-langenbick/profil/spieler/993333,ebc502a2296e4beff2a886c4df64de3fa45df382e2cbff13fa91e1ed1bb56bd6,520,Cercle Brügge,CURRENT_ROSTER_SOURCE_OBSERVED,https://www.transfermarkt.de/cercle-brugge/kader/verein/520/saison_id/2026/plus/1,7cdfb59fb0a1a9a437a93f97e502615933029fa25dc8530a34a7715ac5027f03,CONFIRMED,Torwart,2024-01-01,2028-06-30,84,https://www.transfermarkt.de/cercle-brugge/kader/verein/520/saison_id/2026/plus/1,7cdfb59fb0a1a9a437a93f97e502615933029fa25dc8530a34a7715ac5027f03,identity-resolutions | create-ready-review,2,REVIEW_REQUIRED,REVIEW_REQUIRED_AFTER_TWO_ATTEMPTS,,,,,,[],"[{""fm_id"":""236148"",""fifa_id"":""268069"",""name"":""Bas Langenbick"",""dob"":""2003-02-13"",""club_id"":""458755""}]",[],existing/fuzzy candidate retained for Sol review,PLAYER_CREATION_PREREQUISITE_MISSING,IDENTITY_AMBIGUITY_DUPLICATE_REVIEW_LEAD,HOLD_REVIEW_AFTER_PRIOR_ATTEMPTS,Sol,2026-09-12
PLAYER_CREATION,YES,BEL1,Cercle Brügge,520,Erick Nunes,1086381,2004-02-29,,,,458755,MISSING_FROM_FM,YES,Erick Nunes,2004-02-29,Brasilien,Mittelfeld - Rechtes Mittelfeld,2029-06-30,2025-07-01,https://www.transfermarkt.de/erick-nunes/profil/spieler/1086381,652cb2588f81bafc1d6ec1b37e98d4be542542a9ac03a88da6fe325742373258,520,Cercle Brügge,CURRENT_ROSTER_SOURCE_OBSERVED,https://www.transfermarkt.de/cercle-brugge/kader/verein/520/saison_id/2026/plus/1,7cdfb59fb0a1a9a437a93f97e502615933029fa25dc8530a34a7715ac5027f03,CONFIRMED,Rechtes Mittelfeld,2025-07-01,2029-06-30,8,https://www.transfermarkt.de/cercle-brugge/kader/verein/520/saison_id/2026/plus/1,7cdfb59fb0a1a9a437a93f97e502615933029fa25dc8530a34a7715ac5027f03,identity-resolutions | create-ready-review,2,REVIEW_REQUIRED,REVIEW_REQUIRED_AFTER_TWO_ATTEMPTS,,,,,,[],[],"[{""score"":0.6667,""fm_id"":""236115"",""fifa_id"":""70115"",""name"":""Erick"",""dob"":""2004-02-29"",""club_id"":""458755""}]",existing/fuzzy candidate retained for Sol review,PLAYER_CREATION_PREREQUISITE_MISSING,IDENTITY_AMBIGUITY_FUZZY_CANDIDATE,HOLD_REVIEW_AFTER_PRIOR_ATTEMPTS,Sol,2026-09-12
PLAYER_CREATION,YES,BEL1,Cercle Brügge,520,Steve Ngoura,923838,2005-02-22,,,,458755,MISSING_FROM_FM,YES,Steve Eyrolle Ngoura,2005-02-22,Frankreich Kamerun,Sturm - Mittelstürmer,2028-06-30,2025-01-07,https://www.transfermarkt.de/steve-ngoura/profil/spieler/923838,801a7ec45ce0cebb70424af894a35433f00cd03a0c5f894a1aaee91470792df6,520,Cercle Brügge,CURRENT_ROSTER_SOURCE_OBSERVED,https://www.transfermarkt.de/cercle-brugge/kader/verein/520/saison_id/2026/plus/1,7cdfb59fb0a1a9a437a93f97e502615933029fa25dc8530a34a7715ac5027f03,CONFIRMED,Mittelstürmer,2025-01-07,2028-06-30,9,https://www.transfermarkt.de/cercle-brugge/kader/verein/520/saison_id/2026/plus/1,7cdfb59fb0a1a9a437a93f97e502615933029fa25dc8530a34a7715ac5027f03,identity-resolutions | create-ready-review,2,REVIEW_REQUIRED,REVIEW_REQUIRED_AFTER_TWO_ATTEMPTS,,,,,,[],[],"[{""score"":0.7586,""fm_id"":""236110"",""fifa_id"":""271256"",""name"":""Steve N'Goura"",""dob"":""2005-02-22"",""club_id"":""458755""}]",existing/fuzzy candidate retained for Sol review,PLAYER_CREATION_PREREQUISITE_MISSING,IDENTITY_AMBIGUITY_FUZZY_CANDIDATE,HOLD_REVIEW_AFTER_PRIOR_ATTEMPTS,Sol,2026-09-12
PLAYER_CREATION,YES,BEL1,KAA Gent,157,Mouhamed Ngom,922792,2000-05-12,,,,458753,MISSING_FROM_FM,NO,,,,,,,,,157,KAA Gent,CURRENT_ROSTER_SOURCE_OBSERVED,https://www.transfermarkt.de/kaa-gent/kader/verein/157/saison_id/2026/plus/1,a5b71d08783f71f42f77878fb8e7c874a9219213a9eb349e06a527ae5323fbd1,CONFIRMED,Innenverteidiger,2026-07-13,2031-06-30,5,https://www.transfermarkt.de/kaa-gent/kader/verein/157/saison_id/2026/plus/1,a5b71d08783f71f42f77878fb8e7c874a9219213a9eb349e06a527ae5323fbd1,identity-confirmed,2,CONFIRMED,EXISTING_OVERRIDE_NAME_DOB,128455,0,Bachir Ngom,2000-05-12,458753,[],[],[],,EXISTING_NATIVE_IDENTITY_CONFIRMED,NONE_CREATION_NOT_REQUIRED,DO_NOT_CREATE_USE_NATIVE_BRIDGE,,2026-09-12
PLAYER_CREATION,YES,BEL1,KVC Westerlo,968,Jahnilo Wiegel-Triebel,1047424,2005-03-13,,,,458763,MISSING_FROM_FM,YES,Jahnilo Davon Jahzeël Wiegel-Triebel,2005-03-13,Suriname Niederlande,Torwart,2027-06-30,2026-07-01,https://www.transfermarkt.de/jahnilo-wiegel-triebel/profil/spieler/1047424,69ba41b494867d5c8c842654260cb8097acec4c8d681b77ce24d552a56c524d0,968,KVC Westerlo,CURRENT_ROSTER_SOURCE_OBSERVED,https://www.transfermarkt.de/kvc-westerlo/kader/verein/968/saison_id/2026/plus/1,4b321535def794641a57896ea3b395b11fb16964a25bb51fab6f75bf5e2a3382,CONFIRMED,Torwart,2026-07-01,2027-06-30,21,https://www.transfermarkt.de/kvc-westerlo/kader/verein/968/saison_id/2026/plus/1,4b321535def794641a57896ea3b395b11fb16964a25bb51fab6f75bf5e2a3382,identity-resolutions | create-ready-review,2,REVIEW_REQUIRED,REVIEW_REQUIRED_AFTER_TWO_ATTEMPTS,,,,,,[],"[{""fm_id"":""237699"",""fifa_id"":""0"",""name"":""Jahnilo Wiegel"",""dob"":""2005-03-13"",""club_id"":""471346""}]",[],existing/fuzzy candidate retained for Sol review,PLAYER_CREATION_PREREQUISITE_MISSING,IDENTITY_AMBIGUITY_DUPLICATE_REVIEW_LEAD,HOLD_REVIEW_AFTER_PRIOR_ATTEMPTS,Sol,2026-09-12
PLAYER_CREATION,YES,BEL1,KVC Westerlo,968,Sergiy Sydorchuk,124182,1991-05-02,,,,458763,MISSING_FROM_FM,NO,,,,,,,,,968,KVC Westerlo,CURRENT_ROSTER_SOURCE_OBSERVED,https://www.transfermarkt.de/kvc-westerlo/kader/verein/968/saison_id/2026/plus/1,4b321535def794641a57896ea3b395b11fb16964a25bb51fab6f75bf5e2a3382,CONFIRMED,Defensives Mittelfeld,2023-09-05,2027-06-30,8,https://www.transfermarkt.de/kvc-westerlo/kader/verein/968/saison_id/2026/plus/1,4b321535def794641a57896ea3b395b11fb16964a25bb51fab6f75bf5e2a3382,identity-confirmed,2,CONFIRMED,EXISTING_OVERRIDE_FIFA_DOB,235622,220948,Serhiy Sydorchuk,1991-05-02,458763,[],[],[],,EXISTING_NATIVE_IDENTITY_CONFIRMED,NONE_CREATION_NOT_REQUIRED,DO_NOT_CREATE_USE_NATIVE_BRIDGE,,2026-09-12
PLAYER_CREATION,YES,BEL1,Lommel SK,5026,Timothy Eyoma,406559,2000-01-29,,,,458783,MISSING_FROM_FM,YES,Timothy Joel Eyoma,2000-01-29,England Nigeria,Abwehr - Innenverteidiger,2027-06-30,2025-07-18,https://www.transfermarkt.de/timothy-eyoma/profil/spieler/406559,31868a1506eec4eb7873adc0676ff9161ac9063ee3ec46be9d5996ed75882e5a,5026,Lommel SK,CURRENT_ROSTER_SOURCE_OBSERVED,https://www.transfermarkt.de/lommel-sk/kader/verein/5026/saison_id/2026/plus/1,9ff756a9f65fb1a83d753e141d2c89530fd8a9311bba2096f5846c718c381d8a,CONFIRMED,Innenverteidiger,2025-07-18,2027-06-30,3,https://www.transfermarkt.de/lommel-sk/kader/verein/5026/saison_id/2026/plus/1,9ff756a9f65fb1a83d753e141d2c89530fd8a9311bba2096f5846c718c381d8a,identity-resolutions | create-ready-review,2,REVIEW_REQUIRED,REVIEW_REQUIRED_AFTER_TWO_ATTEMPTS,,,,,,[],[],"[{""score"":0.6087,""fm_id"":""237025"",""fifa_id"":""241040"",""name"":""TJ Eyoma"",""dob"":""2000-01-29"",""club_id"":""458783""}]",existing/fuzzy candidate retained for Sol review,PLAYER_CREATION_PREREQUISITE_MISSING,IDENTITY_AMBIGUITY_FUZZY_CANDIDATE,HOLD_REVIEW_AFTER_PRIOR_ATTEMPTS,Sol,2026-09-12
PLAYER_CREATION,YES,BEL1,Oud-Heverlee Leuven,2727,Viktor Damjanic,946964,2005-11-03,,,,458775,MISSING_FROM_FM,YES,Viktor Damjanić,2005-11-03,Kroatien,Abwehr - Innenverteidiger,2028-06-30,2025-07-23,https://www.transfermarkt.de/viktor-damjanic/profil/spieler/946964,44103bff85743ef630b92ac7603855af785b9a6cd3c0b9278ee0388af5c0bfb0,2727,Oud-Heverlee Leuven,CURRENT_ROSTER_SOURCE_OBSERVED,https://www.transfermarkt.de/oud-heverlee-leuven/kader/verein/2727/saison_id/2026/plus/1,13369b1472ae4137934608499f3a290781d8b7a96223b8e0488ea6f56621495e,CONFIRMED,Innenverteidiger,2025-07-23,2028-06-30,15,https://www.transfermarkt.de/oud-heverlee-leuven/kader/verein/2727/saison_id/2026/plus/1,13369b1472ae4137934608499f3a290781d8b7a96223b8e0488ea6f56621495e,identity-resolutions | create-ready-review,2,REVIEW_REQUIRED,REVIEW_REQUIRED_AFTER_TWO_ATTEMPTS,,,,,,[],"[{""fm_id"":""235954"",""fifa_id"":""80004"",""name"":""Viktor Damjanić"",""dob"":""2005-03-11"",""club_id"":""458775""}]",[],existing/fuzzy candidate retained for Sol review,PLAYER_CREATION_PREREQUISITE_MISSING,IDENTITY_AMBIGUITY_DUPLICATE_REVIEW_LEAD,HOLD_REVIEW_AFTER_PRIOR_ATTEMPTS,Sol,2026-09-12
PLAYER_CREATION,YES,BEL1,Royal Antwerpen FC,1096,Farouck Adekami,1293796,2006-08-07,,,,458785,MISSING_FROM_FM,YES,Muhammed Farouck Adekami,2006-08-07,Elfenbeinküste,Mittelfeld - Offensives Mittelfeld,2027-06-30,2025-01-01,https://www.transfermarkt.de/farouck-adekami/profil/spieler/1293796,5db1d224c0af63d206a51643605a1b2c27a05cf96223e684ae16619d5c8c07d2,1096,Royal Antwerpen FC,CURRENT_ROSTER_SOURCE_OBSERVED,https://www.transfermarkt.de/royal-antwerpen-fc/kader/verein/1096/saison_id/2026/plus/1,eb2b5eea86d19deaf123189c966bf44bae4a2d94614134be4d229233c58d37aa,CONFIRMED,Offensives Mittelfeld,2025-01-01,2027-06-30,22,https://www.transfermarkt.de/royal-antwerpen-fc/kader/verein/1096/saison_id/2026/plus/1,eb2b5eea86d19deaf123189c966bf44bae4a2d94614134be4d229233c58d37aa,identity-resolutions | create-ready-review,2,REVIEW_REQUIRED,REVIEW_REQUIRED_AFTER_TWO_ATTEMPTS,,,,,,[],"[{""fm_id"":""235351"",""fifa_id"":""74313"",""name"":""Farouck Adekami"",""dob"":""2006-02-13"",""club_id"":""458785""}]",[],existing/fuzzy candidate retained for Sol review,PLAYER_CREATION_PREREQUISITE_MISSING,IDENTITY_AMBIGUITY_DUPLICATE_REVIEW_LEAD,HOLD_REVIEW_AFTER_PRIOR_ATTEMPTS,Sol,2026-09-12
PLAYER_CREATION,YES,BEL1,Royal Charleroi SC,172,Check Keita,820146,2003-04-02,,,,458761,MISSING_FROM_FM,YES,Check Keita,2003-04-02,Mali Frankreich,Abwehr - Innenverteidiger,2027-06-30,2024-07-04,https://www.transfermarkt.de/check-keita/profil/spieler/820146,8d790d89a7700fc2dd8ef7bf9c07c789b4839a8881af9ecee892f374d8ee37d0,172,Royal Charleroi SC,CURRENT_ROSTER_SOURCE_OBSERVED,https://www.transfermarkt.de/royal-charleroi-sc/kader/verein/172/saison_id/2026/plus/1,be345af7e14ab40246420c64e873b34283e56e8aafa6f5b344acf44cf11dfec1,CONFIRMED,Innenverteidiger,2024-07-04,2027-06-30,95,https://www.transfermarkt.de/royal-charleroi-sc/kader/verein/172/saison_id/2026/plus/1,be345af7e14ab40246420c64e873b34283e56e8aafa6f5b344acf44cf11dfec1,identity-resolutions | create-ready-review,2,REVIEW_REQUIRED,REVIEW_REQUIRED_AFTER_TWO_ATTEMPTS,,,,,,[],[],"[{""score"":0.9524,""fm_id"":""235539"",""fifa_id"":""272407"",""name"":""Cheick Keita"",""dob"":""2003-04-02"",""club_id"":""458761""}]",existing/fuzzy candidate retained for Sol review,PLAYER_CREATION_PREREQUISITE_MISSING,IDENTITY_AMBIGUITY_FUZZY_CANDIDATE,HOLD_REVIEW_AFTER_PRIOR_ATTEMPTS,Sol,2026-09-12
PLAYER_CREATION,YES,BEL1,SK Beveren,28643,Noah Mawete,743377,2005-10-17,,,,458788,MISSING_FROM_FM,YES,Noah Emmanuel M. Mawete Kinsiona,2005-10-17,DR Kongo Belgien,Mittelfeld - Defensives Mittelfeld,2028-06-30,2025-07-02,https://www.transfermarkt.de/noah-mawete/profil/spieler/743377,e5652f7dda03cd4e6acaa21bab2daeccf23cdb35b94c1f086e81f1327c8c6862,28643,SK Beveren,CURRENT_ROSTER_SOURCE_OBSERVED,https://www.transfermarkt.de/sk-beveren/kader/verein/28643/saison_id/2026/plus/1,7bd09a7ce8449fd8a09e77af941f3d0069233ed39a454f5073c6ab7bfe083ae7,CONFIRMED,Defensives Mittelfeld,2025-07-02,2028-06-30,26,https://www.transfermarkt.de/sk-beveren/kader/verein/28643/saison_id/2026/plus/1,7bd09a7ce8449fd8a09e77af941f3d0069233ed39a454f5073c6ab7bfe083ae7,identity-resolutions | create-ready-review,2,REVIEW_REQUIRED,REVIEW_REQUIRED_AFTER_TWO_ATTEMPTS,,,,,,[],"[{""fm_id"":""236612"",""fifa_id"":""0"",""name"":""Noah Mawete Kinsiona"",""dob"":""2005-10-17"",""club_id"":""458788""}]","[{""score"":0.8,""fm_id"":""236612"",""fifa_id"":""0"",""name"":""Noah Mawete Kinsiona"",""dob"":""2005-10-17"",""club_id"":""458788""}]",existing/fuzzy candidate retained for Sol review,PLAYER_CREATION_PREREQUISITE_MISSING,IDENTITY_AMBIGUITY_DUPLICATE_REVIEW_LEAD | IDENTITY_AMBIGUITY_FUZZY_CANDIDATE,HOLD_REVIEW_AFTER_PRIOR_ATTEMPTS,Sol,2026-09-12
PLAYER_CREATION,YES,CZE1,AC Sparta Prag,197,Andrew Irving,430310,2000-05-13,,,,786442,MISSING_FROM_FM,NO,,,,,,,,,197,AC Sparta Prag,CURRENT_ROSTER_SOURCE_OBSERVED,https://www.transfermarkt.de/ac-sparta-prag/kader/verein/197/saison_id/2026/plus/1,6b74c895ae1857517e5325904312eb2643155a1ddb4be2ba7e884a9840dcea35,CONFIRMED,Zentrales Mittelfeld,2026-01-18,2029-06-30,18,https://www.transfermarkt.de/ac-sparta-prag/kader/verein/197/saison_id/2026/plus/1,6b74c895ae1857517e5325904312eb2643155a1ddb4be2ba7e884a9840dcea35,identity-confirmed,2,CONFIRMED,EXISTING_OVERRIDE_FIFA_DOB,263498,242271,Andy Irving,2000-05-13,786442,[],[],[],,EXISTING_NATIVE_IDENTITY_CONFIRMED,NONE_CREATION_NOT_REQUIRED,DO_NOT_CREATE_USE_NATIVE_BRIDGE,,2026-09-12
PLAYER_CREATION,YES,CZE1,AC Sparta Prag,197,Emmanuel Uchenna,1118150,2003-12-04,,,,786442,MISSING_FROM_FM,YES,Emmanuel Uchenna Aririerisim,2003-12-04,Nigeria,Abwehr - Innenverteidiger,,2025-01-01,https://www.transfermarkt.de/emmanuel-uchenna/profil/spieler/1118150,13f3f1f45cde9943f86bd88cfd9aad1451b9848785dcf2140ceb90863b227f82,197,AC Sparta Prag,CURRENT_ROSTER_SOURCE_OBSERVED,https://www.transfermarkt.de/ac-sparta-prag/kader/verein/197/saison_id/2026/plus/1,6b74c895ae1857517e5325904312eb2643155a1ddb4be2ba7e884a9840dcea35,CONFIRMED,Innenverteidiger,2025-01-01,,16,https://www.transfermarkt.de/ac-sparta-prag/kader/verein/197/saison_id/2026/plus/1,6b74c895ae1857517e5325904312eb2643155a1ddb4be2ba7e884a9840dcea35,identity-resolutions | create-ready-review,2,REVIEW_REQUIRED,REVIEW_REQUIRED_AFTER_TWO_ATTEMPTS,,,,,,[],"[{""fm_id"":""295986"",""fifa_id"":""76097"",""name"":""Uchenna Aririerisim"",""dob"":""2003-12-04"",""club_id"":""786442""}]","[{""score"":0.8182,""fm_id"":""295986"",""fifa_id"":""76097"",""name"":""Uchenna Aririerisim"",""dob"":""2003-12-04"",""club_id"":""786442""}]",existing/fuzzy candidate retained for Sol review,PLAYER_CREATION_PREREQUISITE_MISSING,IDENTITY_AMBIGUITY_DUPLICATE_REVIEW_LEAD | IDENTITY_AMBIGUITY_FUZZY_CANDIDATE | CONTRACT_UNTIL,HOLD_REVIEW_AFTER_PRIOR_ATTEMPTS,Sol,2026-09-12
PLAYER_CREATION,YES,CZE1,FC Banik Ostrau,377,Abdullahi Bewene,1118054,2004-11-29,,,,786446,MISSING_FROM_FM,YES,Abdullahi Ibrahim Bewene,2004-11-29,Nigeria,Mittelfeld - Rechtes Mittelfeld,2031-06-30,2025-10-01,https://www.transfermarkt.de/abdullahi-bewene/profil/spieler/1118054,247feea597ba63938c0834d076bbfdc5fc0a3482f850c5a30fc51b88d2b2dbb8,377,FC Banik Ostrau,CURRENT_ROSTER_SOURCE_OBSERVED,https://www.transfermarkt.de/fc-banik-ostrau/kader/verein/377/saison_id/2026/plus/1,3717000ca143110b9cff7bc66843b5e54104cdaa75d0e196220c4e77c8b4d611,CONFIRMED,Rechtes Mittelfeld,2025-10-01,2031-06-30,34,https://www.transfermarkt.de/fc-banik-ostrau/kader/verein/377/saison_id/2026/plus/1,3717000ca143110b9cff7bc66843b5e54104cdaa75d0e196220c4e77c8b4d611,identity-resolutions | create-ready-review,2,REVIEW_REQUIRED,REVIEW_REQUIRED_AFTER_TWO_ATTEMPTS,,,,,,[],"[{""fm_id"":""296616"",""fifa_id"":""0"",""name"":""Ibrahim Bewene"",""dob"":""2004-11-29"",""club_id"":""786446""}]","[{""score"":0.7429,""fm_id"":""296616"",""fifa_id"":""0"",""name"":""Ibrahim Bewene"",""dob"":""2004-11-29"",""club_id"":""786446""}]",existing/fuzzy candidate retained for Sol review,PLAYER_CREATION_PREREQUISITE_MISSING,IDENTITY_AMBIGUITY_DUPLICATE_REVIEW_LEAD | IDENTITY_AMBIGUITY_FUZZY_CANDIDATE,HOLD_REVIEW_AFTER_PRIOR_ATTEMPTS,Sol,2026-09-12
PLAYER_CREATION,YES,CZE1,FC Slovan Liberec,697,Qëndrim Zyba,482386,2001-02-03,,,,786438,MISSING_FROM_FM,YES,Qëndrim Zyba,2001-02-03,Kosovo,Mittelfeld - Zentrales Mittelfeld,2027-06-30,2024-07-10,https://www.transfermarkt.de/qendrim-zyba/profil/spieler/482386,747e9e5b05873968e9b8f2ef7b3cf86395ac48ce12574d8eedffdde0d355ac24,697,FC Slovan Liberec,CURRENT_ROSTER_SOURCE_OBSERVED,https://www.transfermarkt.de/fc-slovan-liberec/kader/verein/697/saison_id/2026/plus/1,6aba2d7156fcbb82e5f0f245492c388de338ad498bd8ff4bd953a9b7fb194317,CONFIRMED,Zentrales Mittelfeld,2024-07-10,2027-06-30,10,https://www.transfermarkt.de/fc-slovan-liberec/kader/verein/697/saison_id/2026/plus/1,6aba2d7156fcbb82e5f0f245492c388de338ad498bd8ff4bd953a9b7fb194317,identity-resolutions | create-ready-review,2,REVIEW_REQUIRED,REVIEW_REQUIRED_AFTER_TWO_ATTEMPTS,,,,,,[],"[{""fm_id"":""11204"",""fifa_id"":""0"",""name"":""Qëndrim Zyba"",""dob"":""2001-01-03"",""club_id"":""786438""}]",[],existing/fuzzy candidate retained for Sol review,PLAYER_CREATION_PREREQUISITE_MISSING,IDENTITY_AMBIGUITY_DUPLICATE_REVIEW_LEAD,HOLD_REVIEW_AFTER_PRIOR_ATTEMPTS,Sol,2026-09-12
PLAYER_CREATION,YES,CZE1,FC Zbrojovka Brünn,5225,Colin Andrew,943864,2004-02-25,,,,786447,MISSING_FROM_FM,YES,Colin Andrew,2004-02-25,Tschechien Nigeria,Torwart,,2026-02-11,https://www.transfermarkt.de/colin-andrew/profil/spieler/943864,478e45c4667ce3a674cc28930c9f63f75989a7667a6d5741ce79fb5918adc032,5225,FC Zbrojovka Brünn,CURRENT_ROSTER_SOURCE_OBSERVED,https://www.transfermarkt.de/fc-zbrojovka-brunn/kader/verein/5225/saison_id/2026/plus/1,1aeecf841a85ad9d35469b9ba37af49f38aee1b2e160fdd7ebc2df04f3863d83,CONFIRMED,Torwart,2026-02-11,,30,https://www.transfermarkt.de/fc-zbrojovka-brunn/kader/verein/5225/saison_id/2026/plus/1,1aeecf841a85ad9d35469b9ba37af49f38aee1b2e160fdd7ebc2df04f3863d83,identity-resolutions | create-ready-review,2,REVIEW_REQUIRED,REVIEW_REQUIRED_AFTER_TWO_ATTEMPTS,,,,,,[],[],[],missing profile fields: contract_until,PLAYER_CREATION_PREREQUISITE_MISSING,CONTRACT_UNTIL,HOLD_REVIEW_AFTER_PRIOR_ATTEMPTS,Sol,2026-09-12
PLAYER_CREATION,YES,CZE1,FK Jablonec,1322,Filip Novak,107665,1990-06-26,,,,786437,MISSING_FROM_FM,YES,Filip Novák,1990-06-26,Tschechien,Abwehr - Linker Verteidiger,2027-06-30,2025-02-21,https://www.transfermarkt.de/filip-novak/profil/spieler/107665,c69c0dc8911eca0531b72da5db0cca21a191d6ff15952655509f2fd81b99b8ba,1322,FK Jablonec,CURRENT_ROSTER_SOURCE_OBSERVED,https://www.transfermarkt.de/fk-jablonec/kader/verein/1322/saison_id/2026/plus/1,fa6bc207fa67c20e0cd9ca574d81e19d3d8b6b77840b71993b1620a5a4b28b21,CONFIRMED,Linker Verteidiger,2025-02-21,2027-06-30,57,https://www.transfermarkt.de/fk-jablonec/kader/verein/1322/saison_id/2026/plus/1,fa6bc207fa67c20e0cd9ca574d81e19d3d8b6b77840b71993b1620a5a4b28b21,identity-resolutions | create-ready-review,2,REVIEW_REQUIRED,REVIEW_REQUIRED_AFTER_TWO_ATTEMPTS,,,,,,[],"[{""fm_id"":""296483"",""fifa_id"":""205364"",""name"":""Filip Novák"",""dob"":""1990-02-27"",""club_id"":""786437""}]",[],existing/fuzzy candidate retained for Sol review,PLAYER_CREATION_PREREQUISITE_MISSING,IDENTITY_AMBIGUITY_DUPLICATE_REVIEW_LEAD,HOLD_REVIEW_AFTER_PRIOR_ATTEMPTS,Sol,2026-09-12
PLAYER_CREATION,YES,CZE1,FK Mlada Boleslav,5546,Bolu Ogungbayi,1048442,2004-05-16,,,,786434,MISSING_FROM_FM,YES,Boluwatife Victor Ogungbayi,2004-05-16,Nigeria,Sturm - Mittelstürmer,,2026-02-12,https://www.transfermarkt.de/bolu-ogungbayi/profil/spieler/1048442,077d2f19049ad86899b91edfaf5bd5e47a5857673e316c0a930a9ecdae35deab,5546,FK Mlada Boleslav,CURRENT_ROSTER_SOURCE_OBSERVED,https://www.transfermarkt.de/fk-mlada-boleslav/kader/verein/5546/saison_id/2026/plus/1,5a8600e42926651e56482ac4dac8c6e5e0e3e1754eacf142566e811f0e9bca53,CONFIRMED,Mittelstürmer,2026-02-12,,90,https://www.transfermarkt.de/fk-mlada-boleslav/kader/verein/5546/saison_id/2026/plus/1,5a8600e42926651e56482ac4dac8c6e5e0e3e1754eacf142566e811f0e9bca53,identity-resolutions | create-ready-review,2,REVIEW_REQUIRED,REVIEW_REQUIRED_AFTER_TWO_ATTEMPTS,,,,,,[],"[{""fm_id"":""295875"",""fifa_id"":""0"",""name"":""Boluwatife Ogungbayi"",""dob"":""2004-05-16"",""club_id"":""786441""}]","[{""score"":0.8636,""fm_id"":""295875"",""fifa_id"":""0"",""name"":""Boluwatife Ogungbayi"",""dob"":""2004-05-16"",""club_id"":""786441""}]",existing/fuzzy candidate retained for Sol review,PLAYER_CREATION_PREREQUISITE_MISSING,IDENTITY_AMBIGUITY_DUPLICATE_REVIEW_LEAD | IDENTITY_AMBIGUITY_FUZZY_CANDIDATE | CONTRACT_UNTIL,HOLD_REVIEW_AFTER_PRIOR_ATTEMPTS,Sol,2026-09-12
PLAYER_CREATION,YES,CZE1,FK Mlada Boleslav,5546,Dominik Mares,941029,2003-02-03,,,,786434,MISSING_FROM_FM,YES,Dominik Mareš,2003-02-03,Tschechien,Mittelfeld - Rechtes Mittelfeld,,2025-01-10,https://www.transfermarkt.de/dominik-mares/profil/spieler/941029,5dea33fc95fc4c446139b5c9e266eb7ed1c876af3663d9d3020a0ad6b97ddea1,5546,FK Mlada Boleslav,CURRENT_ROSTER_SOURCE_OBSERVED,https://www.transfermarkt.de/fk-mlada-boleslav/kader/verein/5546/saison_id/2026/plus/1,5a8600e42926651e56482ac4dac8c6e5e0e3e1754eacf142566e811f0e9bca53,CONFIRMED,Rechtes Mittelfeld,2025-01-10,,24,https://www.transfermarkt.de/fk-mlada-boleslav/kader/verein/5546/saison_id/2026/plus/1,5a8600e42926651e56482ac4dac8c6e5e0e3e1754eacf142566e811f0e9bca53,identity-resolutions | create-ready-review,2,REVIEW_REQUIRED,REVIEW_REQUIRED_AFTER_TWO_ATTEMPTS,,,,,,[],"[{""fm_id"":""11340"",""fifa_id"":""0"",""name"":""Dominik Mareš"",""dob"":""2002-02-03"",""club_id"":""786434""}]",[],existing/fuzzy candidate retained for Sol review,PLAYER_CREATION_PREREQUISITE_MISSING,IDENTITY_AMBIGUITY_DUPLICATE_REVIEW_LEAD | CONTRACT_UNTIL,HOLD_REVIEW_AFTER_PRIOR_ATTEMPTS,Sol,2026-09-12
PLAYER_CREATION,YES,CZE1,FK Mlada Boleslav,5546,Jan Jinoch,1166018,2006-05-02,,,,786434,MISSING_FROM_FM,YES,Jan Jinoch,2006-05-02,Tschechien,Sturm - Rechtsaußen,,2025-07-29,https://www.transfermarkt.de/jan-jinoch/profil/spieler/1166018,9119e511266521455ef9eaddd55c99f68f462792165f0582b3493c4dc0b92894,22729,FK Mlada Boleslav B,PROFILE_RESERVE_MISMATCH,https://www.transfermarkt.de/fk-mlada-boleslav/kader/verein/5546/saison_id/2026/plus/1,5a8600e42926651e56482ac4dac8c6e5e0e3e1754eacf142566e811f0e9bca53,CONFIRMED,Rechtsaußen,,,41,https://www.transfermarkt.de/fk-mlada-boleslav/kader/verein/5546/saison_id/2026/plus/1,5a8600e42926651e56482ac4dac8c6e5e0e3e1754eacf142566e811f0e9bca53,identity-resolutions | create-ready-review,2,REVIEW_REQUIRED,REVIEW_REQUIRED_AFTER_TWO_ATTEMPTS,,,,,,[],[],[],missing profile fields: contract_until,PLAYER_CREATION_PREREQUISITE_MISSING,CONTRACT_UNTIL | FIRST_TEAM_SIGNIFICANCE_UNCONFIRMED_RESERVE_PROFILE,HOLD_REVIEW_AFTER_PRIOR_ATTEMPTS,Sol,2026-09-12
PLAYER_CREATION,YES,CZE1,FK Pardubice,1496,Martin Reil,1143628,2006-05-05,,,,790538,MISSING_FROM_FM,YES,Martin Reil,2006-05-05,Tschechien,Sturm - Rechtsaußen,,2025-07-01,https://www.transfermarkt.de/martin-reil/profil/spieler/1143628,b10c5f6507a141669a4968d5564a254c8d895fd386ad4d7799446a64f574b560,40315,FK Pardubice B,PROFILE_RESERVE_MISMATCH,https://www.transfermarkt.de/fk-pardubice/kader/verein/1496/saison_id/2026/plus/1,ff994ed3554101d4e2a5377d206e013ac142ca4f73f68a0c406e2cc0d305e0ef,CONFIRMED,Rechtsaußen,,,27,https://www.transfermarkt.de/fk-pardubice/kader/verein/1496/saison_id/2026/plus/1,ff994ed3554101d4e2a5377d206e013ac142ca4f73f68a0c406e2cc0d305e0ef,identity-resolutions | create-ready-review,2,REVIEW_REQUIRED,REVIEW_REQUIRED_AFTER_TWO_ATTEMPTS,,,,,,[],[],"[{""score"":0.64,""fm_id"":""146160"",""fifa_id"":""0"",""name"":""Martin Ljunggren"",""dob"":""2006-05-05"",""club_id"":""2371704""}]",existing/fuzzy candidate retained for Sol review,PLAYER_CREATION_PREREQUISITE_MISSING,IDENTITY_AMBIGUITY_FUZZY_CANDIDATE | CONTRACT_UNTIL | FIRST_TEAM_SIGNIFICANCE_UNCONFIRMED_RESERVE_PROFILE,HOLD_REVIEW_AFTER_PRIOR_ATTEMPTS,Sol,2026-09-12
PLAYER_CREATION,YES,CZE1,FK Pardubice,1496,Mouhamed Tidjane Traore,1063475,2003-03-21,,,,790538,MISSING_FROM_FM,YES,Mouhamed Tidjane Traore,2003-03-21,Elfenbeinküste,Abwehr - Innenverteidiger,,2026-07-01,https://www.transfermarkt.de/mouhamed-tidjane-traore/profil/spieler/1063475,eed91cb9db5d13265ee90a7935371dddf5586211544a531bd86fa96d9687a5e5,1496,FK Pardubice,CURRENT_ROSTER_SOURCE_OBSERVED,https://www.transfermarkt.de/fk-pardubice/kader/verein/1496/saison_id/2026/plus/1,ff994ed3554101d4e2a5377d206e013ac142ca4f73f68a0c406e2cc0d305e0ef,CONFIRMED,Innenverteidiger,2026-07-01,,21,https://www.transfermarkt.de/fk-pardubice/kader/verein/1496/saison_id/2026/plus/1,ff994ed3554101d4e2a5377d206e013ac142ca4f73f68a0c406e2cc0d305e0ef,identity-resolutions | create-ready-review,2,REVIEW_REQUIRED,REVIEW_REQUIRED_AFTER_TWO_ATTEMPTS,,,,,,[],[],"[{""score"":0.7647,""fm_id"":""11473"",""fifa_id"":""0"",""name"":""Tidjane Traoré"",""dob"":""2003-03-21"",""club_id"":""790532""}]",existing/fuzzy candidate retained for Sol review,PLAYER_CREATION_PREREQUISITE_MISSING,IDENTITY_AMBIGUITY_FUZZY_CANDIDATE | CONTRACT_UNTIL,HOLD_REVIEW_AFTER_PRIOR_ATTEMPTS,Sol,2026-09-12
PLAYER_CREATION,YES,CZE1,SK Sigma Olmütz,2311,John Paul Dembe,1111684,2005-07-03,,,,786439,MISSING_FROM_FM,YES,John Paul Dembe,2005-07-03,Uganda,Sturm - Mittelstürmer,,2026-01-18,https://www.transfermarkt.de/john-paul-dembe/profil/spieler/1111684,3484103a8184abc58b1c3eac873cd70f2a429db863f6cf20ccd18ce48600d759,2311,SK Sigma Olmütz,CURRENT_ROSTER_SOURCE_OBSERVED,https://www.transfermarkt.de/sk-sigma-olmutz/kader/verein/2311/saison_id/2026/plus/1,c61d1f22a4e21ac99834db236d5c613fdf98db28632452029778a0c82954b875,CONFIRMED,Mittelstürmer,2026-01-18,,17,https://www.transfermarkt.de/sk-sigma-olmutz/kader/verein/2311/saison_id/2026/plus/1,c61d1f22a4e21ac99834db236d5c613fdf98db28632452029778a0c82954b875,identity-resolutions | create-ready-review,2,REVIEW_REQUIRED,REVIEW_REQUIRED_AFTER_TWO_ATTEMPTS,,,,,,[],[],"[{""score"":0.8182,""fm_id"":""188142"",""fifa_id"":""276769"",""name"":""John Dembe"",""dob"":""2005-07-03"",""club_id"":""3014671""}]",existing/fuzzy candidate retained for Sol review,PLAYER_CREATION_PREREQUISITE_MISSING,IDENTITY_AMBIGUITY_FUZZY_CANDIDATE | CONTRACT_UNTIL,HOLD_REVIEW_AFTER_PRIOR_ATTEMPTS,Sol,2026-09-12
PLAYER_CREATION,YES,ENG1,Aston Villa,405,Alysson,1005583,2006-05-05,,,,917506,MISSING_FROM_FM,YES,Alysson,2006-05-05,Brasilien,Sturm - Rechtsaußen,2031-06-30,2026-01-01,https://www.transfermarkt.de/alysson/profil/spieler/1005583,d809c0538efd713944aaac26cdc6e6095b0b0b835971b1ef4dfa8a5d084a5b59,405,Aston Villa,EXPLICIT_FIRST_TEAM,https://www.transfermarkt.de/aston-villa/kader/verein/405/saison_id/2026/plus/1,66b9b7fdd741084e821d291249f5bdc0fe382243be248d861c1137a95e82f15d,CONFIRMED,,2026-01-01,2031-06-30,47,https://www.transfermarkt.de/aston-villa/kader/verein/405/saison_id/2026/plus/1,66b9b7fdd741084e821d291249f5bdc0fe382243be248d861c1137a95e82f15d,create-ready-review,2,,,,,,,,[],[],"[{""score"":0.7,""fm_id"":""222419"",""fifa_id"":""0"",""name"":""Alysson Edward"",""dob"":""2006-05-05"",""club_id"":""917506""}]",existing/fuzzy candidate retained for Sol review,PLAYER_CREATION_PREREQUISITE_MISSING,IDENTITY_AMBIGUITY_FUZZY_CANDIDATE,HOLD_REVIEW_AFTER_PRIOR_ATTEMPTS,Sol,2026-09-12
PLAYER_CREATION,YES,ENG1,Brentford,1148,El Hadji Malick Diouf,1111589,2004-12-29,,,,917569,MISSING_FROM_FM,YES,El Hadji Malick Diouf,2004-12-29,Senegal,Abwehr - Linker Verteidiger,2031-06-30,2026-08-28,https://www.transfermarkt.de/el-hadji-malick-diouf/profil/spieler/1111589,9c63d470682a9dd144597c39ed41db0ab7a3f0b8d98f97f4f29dfef11561d505,1148,FC Brentford,EXPLICIT_FIRST_TEAM,https://www.transfermarkt.de/fc-brentford/kader/verein/1148/saison_id/2026/plus/1,98977ec56621e787ba2b89973d53a14e8f3ee796ba25d92646304551ba9c96fa,CONFIRMED,,2026-08-28,2031-06-30,25,https://www.transfermarkt.de/fc-brentford/kader/verein/1148/saison_id/2026/plus/1,98977ec56621e787ba2b89973d53a14e8f3ee796ba25d92646304551ba9c96fa,create-ready-review,2,,,,,,,,[],"[{""fm_id"":""263490"",""fifa_id"":""274915"",""name"":""El Hadji Malick Diouf"",""dob"":""2004-12-28"",""club_id"":""917511""}]",[],existing/fuzzy candidate retained for Sol review,PLAYER_CREATION_PREREQUISITE_MISSING,IDENTITY_AMBIGUITY_DUPLICATE_REVIEW_LEAD,HOLD_REVIEW_AFTER_PRIOR_ATTEMPTS,Sol,2026-09-12
PLAYER_CREATION,YES,ENG1,Chelsea,631,Gabriel Slonina,656316,2004-05-15,,,,917513,MISSING_FROM_FM,YES,Gabriel Paweł Słonina,2004-05-15,Vereinigte Staaten Polen,Torwart,2028-06-30,2022-08-02,https://www.transfermarkt.de/gabriel-slonina/profil/spieler/656316,db49471eb9075a81bd03ed4b9654a7a93e5554a28736776b08a3dcdd34d48e99,631,FC Chelsea,EXPLICIT_FIRST_TEAM,https://www.transfermarkt.de/fc-chelsea/kader/verein/631/saison_id/2026/plus/1,654f4cd4c0ce8c73da8a919c8a23c05e00fc473650df3999c3441d42c128ae64,CONFIRMED,,2022-08-02,2028-06-30,44,https://www.transfermarkt.de/fc-chelsea/kader/verein/631/saison_id/2026/plus/1,654f4cd4c0ce8c73da8a919c8a23c05e00fc473650df3999c3441d42c128ae64,create-ready-review,2,,,,,,,,[],"[{""fm_id"":""23327"",""fifa_id"":""248158"",""name"":""Gabriel Słonina"",""dob"":""2004-04-15"",""club_id"":""917513""}]",[],existing/fuzzy candidate retained for Sol review,PLAYER_CREATION_PREREQUISITE_MISSING,IDENTITY_AMBIGUITY_DUPLICATE_REVIEW_LEAD,HOLD_REVIEW_AFTER_PRIOR_ATTEMPTS,Sol,2026-09-12
PLAYER_CREATION,YES,ENG1,Hull City,3008,Matt Targett,250478,1995-09-18,,,,917532,MISSING_FROM_FM,YES,Matthew Robert Targett,1995-09-18,England Schottland,Abwehr - Linker Verteidiger,2028-06-30,2026-07-23,https://www.transfermarkt.de/matt-targett/profil/spieler/250478,dfec9a542f3c6f5c1e0e9b111ee03191951e3c1feb4b998dd8d53d89b51748c6,3008,Hull City,EXPLICIT_FIRST_TEAM,https://www.transfermarkt.de/hull-city/kader/verein/3008/saison_id/2026/plus/1,95d27e3b77eef2306101f2b6eab92a02d56308a31e0d34299be2fa82dcf331db,CONFIRMED,,2026-07-23,2028-06-30,23,https://www.transfermarkt.de/hull-city/kader/verein/3008/saison_id/2026/plus/1,95d27e3b77eef2306101f2b6eab92a02d56308a31e0d34299be2fa82dcf331db,create-ready-review,2,,,,,,,,[],"[{""fm_id"":""266490"",""fifa_id"":""218659"",""name"":""Matthew Targett"",""dob"":""1995-09-18"",""club_id"":""917522""}]","[{""score"":0.8235,""fm_id"":""266490"",""fifa_id"":""218659"",""name"":""Matthew Targett"",""dob"":""1995-09-18"",""club_id"":""917522""}]",existing/fuzzy candidate retained for Sol review,PLAYER_CREATION_PREREQUISITE_MISSING,IDENTITY_AMBIGUITY_DUPLICATE_REVIEW_LEAD | IDENTITY_AMBIGUITY_FUZZY_CANDIDATE,HOLD_REVIEW_AFTER_PRIOR_ATTEMPTS,Sol,2026-09-12
PLAYER_CREATION,YES,ENG1,Tottenham Hotspur,148,Sávio,743591,2004-04-10,,,,917514,MISSING_FROM_FM,YES,Sávio,2004-04-10,Brasilien,Sturm - Linksaußen,2031-06-30,2026-08-25,https://www.transfermarkt.de/savio/profil/spieler/743591,efce9b5b35758644863dc27c8e75967b9e35d6ba11d373ef21b0011511fd650b,148,Tottenham Hotspur,EXPLICIT_FIRST_TEAM,https://www.transfermarkt.de/tottenham-hotspur/kader/verein/148/saison_id/2026/plus/1,007fc11048dc50b4cfd2c580b82958bb7cc02f984af0af71c4079e53b5c71390,CONFIRMED,,2026-08-25,2031-06-30,17,https://www.transfermarkt.de/tottenham-hotspur/kader/verein/148/saison_id/2026/plus/1,007fc11048dc50b4cfd2c580b82958bb7cc02f984af0af71c4079e53b5c71390,create-ready-review,2,,,,,,,,[],[],"[{""score"":0.8333,""fm_id"":""262604"",""fifa_id"":""270409"",""name"":""Savinho"",""dob"":""2004-04-10"",""club_id"":""917518""}]",existing/fuzzy candidate retained for Sol review,PLAYER_CREATION_PREREQUISITE_MISSING,IDENTITY_AMBIGUITY_FUZZY_CANDIDATE,HOLD_REVIEW_AFTER_PRIOR_ATTEMPTS,Sol,2026-09-12
PLAYER_CREATION,YES,ESP1,Atlético Madrid,13,Dani Martinez,945763,2004-05-05,,,,2949122,MISSING_FROM_FM,YES,Daniel Martinez Moreno,2004-05-05,Spanien,Abwehr - Innenverteidiger,2030-06-30,2026-09-01,https://www.transfermarkt.de/dani-martinez/profil/spieler/945763,cd4fb4bda33deb76e31267b408699ebc02fae4c21e16e0902f8fa4a3fde2e88f,13,Atlético Madrid,CURRENT_ROSTER_SOURCE_OBSERVED,https://www.transfermarkt.de/atletico-madrid/kader/verein/13/saison_id/2026/plus/1,336e6247c22b59b6319471ca685cbf8684fa5eddbe294526159e968ec82bff6f,CONFIRMED,Innenverteidiger,2026-09-01,2030-06-30,30,https://www.transfermarkt.de/atletico-madrid/kader/verein/13/saison_id/2026/plus/1,336e6247c22b59b6319471ca685cbf8684fa5eddbe294526159e968ec82bff6f,identity-resolutions | create-ready-review,2,REVIEW_REQUIRED,REVIEW_REQUIRED_AFTER_TWO_ATTEMPTS,,,,,,[],"[{""fm_id"":""285015"",""fifa_id"":""0"",""name"":""Daniel Martínez"",""dob"":""2004-05-05"",""club_id"":""2949122""}]","[{""score"":0.8235,""fm_id"":""285015"",""fifa_id"":""0"",""name"":""Daniel Martínez"",""dob"":""2004-05-05"",""club_id"":""2949122""}]",existing/fuzzy candidate retained for Sol review,PLAYER_CREATION_PREREQUISITE_MISSING,IDENTITY_AMBIGUITY_DUPLICATE_REVIEW_LEAD | IDENTITY_AMBIGUITY_FUZZY_CANDIDATE,HOLD_REVIEW_AFTER_PRIOR_ATTEMPTS,Sol,2026-09-12
PLAYER_CREATION,YES,ESP1,Celta Vigo,940,Javi Rodríguez,1076815,2003-06-27,,,,2949159,MISSING_FROM_FM,YES,Javier Rodríguez Galiano,2003-06-27,Spanien,Abwehr - Innenverteidiger,2028-06-30,2024-07-01,https://www.transfermarkt.de/javi-rodriguez/profil/spieler/1076815,a3837987724c154dc4d30cf780aeb32c0a4fd259bfbd5399b03615e63cf948bd,940,Celta Vigo,CURRENT_ROSTER_SOURCE_OBSERVED,https://www.transfermarkt.de/celta-vigo/kader/verein/940/saison_id/2026/plus/1,24c5622bc31c4ccddb0a3e4cccec59cb68030ee83522bc8b21c9a65048abb3a6,CONFIRMED,Innenverteidiger,2024-07-01,2028-06-30,20,https://www.transfermarkt.de/celta-vigo/kader/verein/940/saison_id/2026/plus/1,24c5622bc31c4ccddb0a3e4cccec59cb68030ee83522bc8b21c9a65048abb3a6,identity-resolutions | create-ready-review,2,REVIEW_REQUIRED,REVIEW_REQUIRED_AFTER_TWO_ATTEMPTS,,,,,,[],"[{""fm_id"":""283252"",""fifa_id"":""279027"",""name"":""Javier Rodríguez"",""dob"":""2003-06-27"",""club_id"":""2949159""}]","[{""score"":0.8108,""fm_id"":""283252"",""fifa_id"":""279027"",""name"":""Javier Rodríguez"",""dob"":""2003-06-27"",""club_id"":""2949159""}]",existing/fuzzy candidate retained for Sol review,PLAYER_CREATION_PREREQUISITE_MISSING,IDENTITY_AMBIGUITY_DUPLICATE_REVIEW_LEAD | IDENTITY_AMBIGUITY_FUZZY_CANDIDATE,HOLD_REVIEW_AFTER_PRIOR_ATTEMPTS,Sol,2026-09-12
PLAYER_CREATION,YES,ESP1,Deportivo A Coruña,897,Álvaro Ferllo,453704,1998-04-13,,,,2949127,MISSING_FROM_FM,YES,Álvaro Fernández Llorente,1998-04-13,Spanien,Torwart,2027-06-30,2026-01-01,https://www.transfermarkt.de/alvaro-ferllo/profil/spieler/453704,0005d0dc39f85f3cebec0b2eba809e611a426f9d841638ec859e700b92553551,897,Deportivo A Coruña,CURRENT_ROSTER_SOURCE_OBSERVED,https://www.transfermarkt.de/deportivo-a-coruna/kader/verein/897/saison_id/2026/plus/1,7550b0f31442bf21d6149b2642a4ee1c6a58307c97068ea0c26d45e205ddb6c5,CONFIRMED,Torwart,2026-01-01,2027-06-30,25,https://www.transfermarkt.de/deportivo-a-coruna/kader/verein/897/saison_id/2026/plus/1,7550b0f31442bf21d6149b2642a4ee1c6a58307c97068ea0c26d45e205ddb6c5,identity-resolutions | create-ready-review,2,REVIEW_REQUIRED,REVIEW_REQUIRED_AFTER_TWO_ATTEMPTS,,,,,,[],"[{""fm_id"":""281323"",""fifa_id"":""236515"",""name"":""Álvaro Fernández"",""dob"":""1998-04-13"",""club_id"":""2949138""}]","[{""score"":0.7895,""fm_id"":""281323"",""fifa_id"":""236515"",""name"":""Álvaro Fernández"",""dob"":""1998-04-13"",""club_id"":""2949138""}]",existing/fuzzy candidate retained for Sol review,PLAYER_CREATION_PREREQUISITE_MISSING,IDENTITY_AMBIGUITY_DUPLICATE_REVIEW_LEAD | IDENTITY_AMBIGUITY_FUZZY_CANDIDATE,HOLD_REVIEW_AFTER_PRIOR_ATTEMPTS,Sol,2026-09-12
PLAYER_CREATION,YES,ESP1,Deportivo Alavés,1108,Carlos Protesoni,431190,1998-03-30,,,,2949141,MISSING_FROM_FM,YES,Carlos Nahuel Benavidez Protesoni,1998-03-30,Uruguay Italien,Mittelfeld - Defensives Mittelfeld,2028-06-30,2022-07-01,https://www.transfermarkt.de/carlos-protesoni/profil/spieler/431190,d98568c83361f080db62a6b4ec2a92433ef82d09a6dd6eb31b90654d3b229434,1108,Deportivo Alavés,CURRENT_ROSTER_SOURCE_OBSERVED,https://www.transfermarkt.de/deportivo-alaves/kader/verein/1108/saison_id/2026/plus/1,06d4598c609cd72aa3bf8bb397dd9ae34b37f736115a6b54149329247d4b6814,CONFIRMED,Defensives Mittelfeld,2022-07-01,2028-06-30,23,https://www.transfermarkt.de/deportivo-alaves/kader/verein/1108/saison_id/2026/plus/1,06d4598c609cd72aa3bf8bb397dd9ae34b37f736115a6b54149329247d4b6814,identity-resolutions | create-ready-review,2,REVIEW_REQUIRED,REVIEW_REQUIRED_AFTER_TWO_ATTEMPTS,,,,,,[],"[{""fm_id"":""283828"",""fifa_id"":""244948"",""name"":""Carlos Benavídez"",""dob"":""1998-03-30"",""club_id"":""2949141""}]","[{""score"":0.6667,""fm_id"":""283828"",""fifa_id"":""244948"",""name"":""Carlos Benavídez"",""dob"":""1998-03-30"",""club_id"":""2949141""}]",existing/fuzzy candidate retained for Sol review,PLAYER_CREATION_PREREQUISITE_MISSING,IDENTITY_AMBIGUITY_DUPLICATE_REVIEW_LEAD | IDENTITY_AMBIGUITY_FUZZY_CANDIDATE,HOLD_REVIEW_AFTER_PRIOR_ATTEMPTS,Sol,2026-09-12
PLAYER_CREATION,YES,ESP1,Espanyol Barcelona,714,Rafel Bauzà,1178721,2005-01-30,,,,2949125,MISSING_FROM_FM,YES,Rafel Bauzà Sureda,2005-01-30,Spanien,Mittelfeld - Zentrales Mittelfeld,2028-06-30,2025-07-01,https://www.transfermarkt.de/rafel-bauza/profil/spieler/1178721,a37c9f73d12d58edb849b075c7e38484a6db621e0f8b7c5c0dcd3635340fe401,714,Espanyol Barcelona,CURRENT_ROSTER_SOURCE_OBSERVED,https://www.transfermarkt.de/espanyol-barcelona/kader/verein/714/saison_id/2026/plus/1,f5fd71d6b5ea7b87f29f37eb3da79bb27abc3bb54aefcdd2f5ded14c3919697d,CONFIRMED,Zentrales Mittelfeld,2025-07-01,2028-06-30,26,https://www.transfermarkt.de/espanyol-barcelona/kader/verein/714/saison_id/2026/plus/1,f5fd71d6b5ea7b87f29f37eb3da79bb27abc3bb54aefcdd2f5ded14c3919697d,identity-resolutions | create-ready-review,2,REVIEW_REQUIRED,REVIEW_REQUIRED_AFTER_TWO_ATTEMPTS,,,,,,[],[],"[{""score"":0.7407,""fm_id"":""284428"",""fifa_id"":""71972"",""name"":""Rafael Bauzà"",""dob"":""2005-01-30"",""club_id"":""2949636""}]",existing/fuzzy candidate retained for Sol review,PLAYER_CREATION_PREREQUISITE_MISSING,IDENTITY_AMBIGUITY_FUZZY_CANDIDATE,HOLD_REVIEW_AFTER_PRIOR_ATTEMPTS,Sol,2026-09-12
PLAYER_CREATION,YES,ESP1,FC Getafe,3709,Abdel Abqar,559979,1999-03-10,,,,2949126,MISSING_FROM_FM,NO,,,,,,,,,3709,FC Getafe,CURRENT_ROSTER_SOURCE_OBSERVED,https://www.transfermarkt.de/fc-getafe/kader/verein/3709/saison_id/2026/plus/1,733081d02db38585b58208fae5214e80f1ffeb79b42abc55fef628b12ddbbcfa,CONFIRMED,Innenverteidiger,2025-07-29,2028-06-30,5,https://www.transfermarkt.de/fc-getafe/kader/verein/3709/saison_id/2026/plus/1,733081d02db38585b58208fae5214e80f1ffeb79b42abc55fef628b12ddbbcfa,identity-confirmed,2,CONFIRMED,EXISTING_OVERRIDE_FIFA_DOB,282853,245628,Abdelkabir Abqar,1999-03-10,2949126,[],[],[],,EXISTING_NATIVE_IDENTITY_CONFIRMED,NONE_CREATION_NOT_REQUIRED,DO_NOT_CREATE_USE_NATIVE_BRIDGE,,2026-09-12
PLAYER_CREATION,YES,ESP1,FC Málaga,1084,Rafa Rodríguez,1057394,2003-07-10,,,,2949129,MISSING_FROM_FM,YES,Rafael Rodríguez Ruiz,2003-07-10,Spanien,Mittelfeld - Offensives Mittelfeld,2028-06-30,2025-07-01,https://www.transfermarkt.de/rafa-rodriguez/profil/spieler/1057394,748423d042e5cadb46212b7c80b3950e50cca20bda2964d1fbcd9019a68dd27a,1084,FC Málaga,CURRENT_ROSTER_SOURCE_OBSERVED,https://www.transfermarkt.de/fc-malaga/kader/verein/1084/saison_id/2026/plus/1,010cc01e9ffddb589e8d4eee92742f40620b134f4175b7670f0053ce4e9c9309,CONFIRMED,Offensives Mittelfeld,2025-07-01,2028-06-30,14,https://www.transfermarkt.de/fc-malaga/kader/verein/1084/saison_id/2026/plus/1,010cc01e9ffddb589e8d4eee92742f40620b134f4175b7670f0053ce4e9c9309,identity-resolutions | create-ready-review,2,REVIEW_REQUIRED,REVIEW_REQUIRED_AFTER_TWO_ATTEMPTS,,,,,,[],"[{""fm_id"":""289780"",""fifa_id"":""78193"",""name"":""Rafael Rodríguez"",""dob"":""2003-07-10"",""club_id"":""2949129""}]","[{""score"":0.8824,""fm_id"":""289780"",""fifa_id"":""78193"",""name"":""Rafael Rodríguez"",""dob"":""2003-07-10"",""club_id"":""2949129""}]",existing/fuzzy candidate retained for Sol review,PLAYER_CREATION_PREREQUISITE_MISSING,IDENTITY_AMBIGUITY_DUPLICATE_REVIEW_LEAD | IDENTITY_AMBIGUITY_FUZZY_CANDIDATE,HOLD_REVIEW_AFTER_PRIOR_ATTEMPTS,Sol,2026-09-12
PLAYER_CREATION,YES,ESP1,FC Sevilla,368,Alfon González,357628,1999-05-04,,,,2949138,MISSING_FROM_FM,YES,Alfonso González Martínez,1999-05-04,Spanien,Sturm - Linksaußen,2028-06-30,2025-07-01,https://www.transfermarkt.de/alfon-gonzalez/profil/spieler/357628,958049c6ceb92413578fcd755664c9b3c7fad0fb68f46c2f023b3658e964d3bd,368,FC Sevilla,CURRENT_ROSTER_SOURCE_OBSERVED,https://www.transfermarkt.de/fc-sevilla/kader/verein/368/saison_id/2026/plus/1,3d82cb81b17e3c88b8c27f6603b222e965a349dcb68187b46e8ce65da5194abd,CONFIRMED,Linksaußen,2025-07-01,2028-06-30,7,https://www.transfermarkt.de/fc-sevilla/kader/verein/368/saison_id/2026/plus/1,3d82cb81b17e3c88b8c27f6603b222e965a349dcb68187b46e8ce65da5194abd,identity-resolutions | create-ready-review,2,REVIEW_REQUIRED,REVIEW_REQUIRED_AFTER_TWO_ATTEMPTS,,,,,,[],"[{""fm_id"":""281324"",""fifa_id"":""243034"",""name"":""Alfonso González"",""dob"":""1999-05-04"",""club_id"":""2949138""}]","[{""score"":0.7895,""fm_id"":""281324"",""fifa_id"":""243034"",""name"":""Alfonso González"",""dob"":""1999-05-04"",""club_id"":""2949138""}]",existing/fuzzy candidate retained for Sol review,PLAYER_CREATION_PREREQUISITE_MISSING,IDENTITY_AMBIGUITY_DUPLICATE_REVIEW_LEAD | IDENTITY_AMBIGUITY_FUZZY_CANDIDATE,HOLD_REVIEW_AFTER_PRIOR_ATTEMPTS,Sol,2026-09-12
PLAYER_CREATION,YES,ESP1,FC Sevilla,368,Fran González,1055220,2005-06-24,,,,2949138,MISSING_FROM_FM,YES,Francisco Javier González Pérez,2005-06-24,Spanien,Torwart,2031-06-30,2026-08-02,https://www.transfermarkt.de/fran-gonzalez/profil/spieler/1055220,e244dd6c391d697c27db0e2a558125bc4aa7f82d6026fe2b632744860cc4552f,368,FC Sevilla,CURRENT_ROSTER_SOURCE_OBSERVED,https://www.transfermarkt.de/fc-sevilla/kader/verein/368/saison_id/2026/plus/1,3d82cb81b17e3c88b8c27f6603b222e965a349dcb68187b46e8ce65da5194abd,CONFIRMED,Torwart,2026-08-02,2031-06-30,13,https://www.transfermarkt.de/fc-sevilla/kader/verein/368/saison_id/2026/plus/1,3d82cb81b17e3c88b8c27f6603b222e965a349dcb68187b46e8ce65da5194abd,identity-resolutions | create-ready-review,2,REVIEW_REQUIRED,REVIEW_REQUIRED_AFTER_TWO_ATTEMPTS,,,,,,[],"[{""fm_id"":""281753"",""fifa_id"":""278394"",""name"":""Francisco González"",""dob"":""2005-06-24"",""club_id"":""2949138""}]","[{""score"":0.7556,""fm_id"":""281753"",""fifa_id"":""278394"",""name"":""Francisco González"",""dob"":""2005-06-24"",""club_id"":""2949138""}]",existing/fuzzy candidate retained for Sol review,PLAYER_CREATION_PREREQUISITE_MISSING,IDENTITY_AMBIGUITY_DUPLICATE_REVIEW_LEAD | IDENTITY_AMBIGUITY_FUZZY_CANDIDATE,HOLD_REVIEW_AFTER_PRIOR_ATTEMPTS,Sol,2026-09-12
PLAYER_CREATION,YES,ESP1,Real Betis Sevilla,150,Fran García,341264,1999-08-14,,,,2949133,MISSING_FROM_FM,YES,Francisco José García Torres,1999-08-14,Spanien,Abwehr - Linker Verteidiger,2030-06-30,2026-07-08,https://www.transfermarkt.de/fran-garcia/profil/spieler/341264,729ecb7ecc648e77f08151fb321dc499eed8dac9f4b617f8a99ca0151c20fea3,150,Real Betis Sevilla,CURRENT_ROSTER_SOURCE_OBSERVED,https://www.transfermarkt.de/real-betis-sevilla/kader/verein/150/saison_id/2026/plus/1,2aaeb64f077be646ab6ba33019bafa8f7b5b68e0e5fcd67c1dde6bed8f42133c,CONFIRMED,Linker Verteidiger,2026-07-08,2030-06-30,11,https://www.transfermarkt.de/real-betis-sevilla/kader/verein/150/saison_id/2026/plus/1,2aaeb64f077be646ab6ba33019bafa8f7b5b68e0e5fcd67c1dde6bed8f42133c,identity-resolutions | create-ready-review,2,REVIEW_REQUIRED,REVIEW_REQUIRED_AFTER_TWO_ATTEMPTS,,,,,,[],"[{""fm_id"":""281737"",""fifa_id"":""246606"",""name"":""Francisco García"",""dob"":""1999-08-14"",""club_id"":""2949133""}]","[{""score"":0.75,""fm_id"":""281737"",""fifa_id"":""246606"",""name"":""Francisco García"",""dob"":""1999-08-14"",""club_id"":""2949133""}]",existing/fuzzy candidate retained for Sol review,PLAYER_CREATION_PREREQUISITE_MISSING,IDENTITY_AMBIGUITY_DUPLICATE_REVIEW_LEAD | IDENTITY_AMBIGUITY_FUZZY_CANDIDATE,HOLD_REVIEW_AFTER_PRIOR_ATTEMPTS,Sol,2026-09-12
PLAYER_CREATION,YES,ESP1,UD Levante,3368,Adrián Dela,341263,1999-02-26,,,,2949128,MISSING_FROM_FM,YES,Adrián de la Fuente Barquilla,1999-02-26,Spanien,Abwehr - Innenverteidiger,2027-06-30,2023-07-01,https://www.transfermarkt.de/adrian-dela/profil/spieler/341263,5f92c5d4f201739d35e3048b8252fdd53273d0de0cd6ee5b01ea137a38b323a7,3368,UD Levante,CURRENT_ROSTER_SOURCE_OBSERVED,https://www.transfermarkt.de/ud-levante/kader/verein/3368/saison_id/2026/plus/1,53cacbbeea38cb2a390a7eeec2d36d336b94cb75602793ff1a9bacce28891775,CONFIRMED,Innenverteidiger,2023-07-01,2027-06-30,4,https://www.transfermarkt.de/ud-levante/kader/verein/3368/saison_id/2026/plus/1,53cacbbeea38cb2a390a7eeec2d36d336b94cb75602793ff1a9bacce28891775,identity-resolutions | create-ready-review,2,REVIEW_REQUIRED,REVIEW_REQUIRED_AFTER_TWO_ATTEMPTS,,,,,,[],"[{""fm_id"":""281182"",""fifa_id"":""245290"",""name"":""Adrián de la Fuente"",""dob"":""1999-02-26"",""club_id"":""2949128""}]","[{""score"":0.7805,""fm_id"":""281182"",""fifa_id"":""245290"",""name"":""Adrián de la Fuente"",""dob"":""1999-02-26"",""club_id"":""2949128""}]",existing/fuzzy candidate retained for Sol review,PLAYER_CREATION_PREREQUISITE_MISSING,IDENTITY_AMBIGUITY_DUPLICATE_REVIEW_LEAD | IDENTITY_AMBIGUITY_FUZZY_CANDIDATE,HOLD_REVIEW_AFTER_PRIOR_ATTEMPTS,Sol,2026-09-12
PLAYER_CREATION,YES,FRA1,AS Monaco,162,Aleksandr Golovin,263918,1996-05-30,,,,1179655,MISSING_FROM_FM,NO,,,,,,,,,162,AS Monaco,CURRENT_ROSTER_SOURCE_OBSERVED,https://www.transfermarkt.de/as-monaco/kader/verein/162/saison_id/2026/plus/1,817e580f3e85d6c1f9a5e667dc7e20a43281747a6e7686ccc15a288667f05712,CONFIRMED,Offensives Mittelfeld,2018-07-27,2029-06-30,10,https://www.transfermarkt.de/as-monaco/kader/verein/162/saison_id/2026/plus/1,817e580f3e85d6c1f9a5e667dc7e20a43281747a6e7686ccc15a288667f05712,identity-confirmed,2,CONFIRMED,EXISTING_OVERRIDE_FIFA_DOB,284473,225663,Alexandr Golovin,1996-05-30,1179655,[],[],[],,EXISTING_NATIVE_IDENTITY_CONFIRMED,NONE_CREATION_NOT_REQUIRED,DO_NOT_CREATE_USE_NATIVE_BRIDGE,,2026-09-12
PLAYER_CREATION,YES,FRA1,FC Lorient,1158,Nosa Edward Obaretin,704456,2003-01-26,,,,1179673,MISSING_FROM_FM,YES,Nosa Edward Obaretin,2003-01-26,Italien Nigeria,Abwehr - Innenverteidiger,2027-06-30,2026-08-25,https://www.transfermarkt.de/nosa-edward-obaretin/profil/spieler/704456,1dd679bf34aa81bee3f54c59e5c36fbc05f4896e849abe58759d9feb343df342,1158,FC Lorient,CURRENT_ROSTER_SOURCE_OBSERVED,https://www.transfermarkt.de/fc-lorient/kader/verein/1158/saison_id/2026/plus/1,8985aded9368fca7ce5d7744ed4210e43a27554002fd29e32ed7f2454f7c3087,CONFIRMED,Innenverteidiger,2026-08-25,2027-06-30,55,https://www.transfermarkt.de/fc-lorient/kader/verein/1158/saison_id/2026/plus/1,8985aded9368fca7ce5d7744ed4210e43a27554002fd29e32ed7f2454f7c3087,identity-resolutions | create-ready-review,2,REVIEW_REQUIRED,REVIEW_REQUIRED_AFTER_TWO_ATTEMPTS,,,,,,[],[],"[{""score"":0.8,""fm_id"":""290775"",""fifa_id"":""73296"",""name"":""Nosa Obaretin"",""dob"":""2003-01-26"",""club_id"":""1769495""}]",existing/fuzzy candidate retained for Sol review,PLAYER_CREATION_PREREQUISITE_MISSING,IDENTITY_AMBIGUITY_FUZZY_CANDIDATE,HOLD_REVIEW_AFTER_PRIOR_ATTEMPTS,Sol,2026-09-12
PLAYER_CREATION,YES,FRA1,FC Stade Rennes,273,Mousa Al-Tamari,551505,1997-06-10,,,,1179656,MISSING_FROM_FM,YES,"Mousa Mohammad Mousa Sulaiman Al-Tamari, موسى محمد موسى سليمان التعمري",1997-06-10,Jordanien,Sturm - Rechtsaußen,2028-06-30,2025-02-03,https://www.transfermarkt.de/mousa-al-tamari/profil/spieler/551505,4ab469dfa7e9ab35a217c6fcb57c45751d382443f1add855c2c43662a401197a,273,FC Stade Rennes,CURRENT_ROSTER_SOURCE_OBSERVED,https://www.transfermarkt.de/fc-stade-rennes/kader/verein/273/saison_id/2026/plus/1,00eacc4de7646d87b15affe96598d94d3f9f10626f41f9831e67065e98b85395,CONFIRMED,Rechtsaußen,2025-02-03,2028-06-30,11,https://www.transfermarkt.de/fc-stade-rennes/kader/verein/273/saison_id/2026/plus/1,00eacc4de7646d87b15affe96598d94d3f9f10626f41f9831e67065e98b85395,identity-resolutions | create-ready-review,2,REVIEW_REQUIRED,REVIEW_REQUIRED_AFTER_TWO_ATTEMPTS,,,,,,[],"[{""fm_id"":""292155"",""fifa_id"":""259191"",""name"":""Mousa Tamari"",""dob"":""1997-06-10"",""club_id"":""1179656""}]",[],existing/fuzzy candidate retained for Sol review,PLAYER_CREATION_PREREQUISITE_MISSING,IDENTITY_AMBIGUITY_DUPLICATE_REVIEW_LEAD,HOLD_REVIEW_AFTER_PRIOR_ATTEMPTS,Sol,2026-09-12
PLAYER_CREATION,YES,FRA1,FC Toulouse,415,Cristian Cásseres Jr.,467632,2000-01-20,,,,1179657,MISSING_FROM_FM,YES,Cristian Sleiker Cásseres Yépes,2000-01-20,Venezuela,Mittelfeld - Zentrales Mittelfeld,2028-06-30,2023-07-07,https://www.transfermarkt.de/cristian-casseres-jr-/profil/spieler/467632,9711887d5dfb4b2ceba3234519a7af878ce5e4f416eddcc748a16f773094d1e9,415,FC Toulouse,CURRENT_ROSTER_SOURCE_OBSERVED,https://www.transfermarkt.de/fc-toulouse/kader/verein/415/saison_id/2026/plus/1,d434d63fc06ac1f14a7f835fa1f97d5282df684c350fe0b4b6cc6270c93f45a3,CONFIRMED,Zentrales Mittelfeld,2023-07-07,2028-06-30,23,https://www.transfermarkt.de/fc-toulouse/kader/verein/415/saison_id/2026/plus/1,d434d63fc06ac1f14a7f835fa1f97d5282df684c350fe0b4b6cc6270c93f45a3,identity-confirmed,2,CONFIRMED,CONTROLLED_NAME_VARIANT,291078,242534,Cristian Cásseres,2000-01-20,1179657,[],[],[],,EXISTING_NATIVE_IDENTITY_CONFIRMED,NONE_CREATION_NOT_REQUIRED,DO_NOT_CREATE_USE_NATIVE_BRIDGE,,2026-09-12
PLAYER_CREATION,YES,FRA1,Le Havre AC,738,Mbwana Samatta,182201,1992-12-23,,,,1179681,MISSING_FROM_FM,YES,Mbwana Ally Samatta,1992-12-23,Tansania,Sturm - Mittelstürmer,2027-06-30,2025-08-05,https://www.transfermarkt.de/mbwana-samatta/profil/spieler/182201,6b296f0eaea0d20ee4cbfc962a382c3910e5432f2d8b8499590cf964d6f83de0,738,Le Havre AC,CURRENT_ROSTER_SOURCE_OBSERVED,https://www.transfermarkt.de/le-havre-ac/kader/verein/738/saison_id/2026/plus/1,c689367405332b2d53df382c7e86172b8f1c4f1721cf694d45fd4f70cea2659b,CONFIRMED,Mittelstürmer,2025-08-05,2027-06-30,25,https://www.transfermarkt.de/le-havre-ac/kader/verein/738/saison_id/2026/plus/1,c689367405332b2d53df382c7e86172b8f1c4f1721cf694d45fd4f70cea2659b,identity-resolutions | create-ready-review,2,REVIEW_REQUIRED,REVIEW_REQUIRED_AFTER_TWO_ATTEMPTS,,,,,,[],"[{""fm_id"":""290015"",""fifa_id"":""218066"",""name"":""Ally Samatta"",""dob"":""1992-12-23"",""club_id"":""1179681""}]","[{""score"":0.7857,""fm_id"":""290015"",""fifa_id"":""218066"",""name"":""Ally Samatta"",""dob"":""1992-12-23"",""club_id"":""1179681""}]",existing/fuzzy candidate retained for Sol review,PLAYER_CREATION_PREREQUISITE_MISSING,IDENTITY_AMBIGUITY_DUPLICATE_REVIEW_LEAD | IDENTITY_AMBIGUITY_FUZZY_CANDIDATE,HOLD_REVIEW_AFTER_PRIOR_ATTEMPTS,Sol,2026-09-12
PLAYER_CREATION,YES,FRA1,Paris Saint-Germain,583,Fabián Ruiz,350219,1996-04-03,,,,1179663,MISSING_FROM_FM,YES,Fabián Ruiz Peña,1996-04-03,Spanien,Mittelfeld - Zentrales Mittelfeld,2028-06-30,2022-08-30,https://www.transfermarkt.de/fabian-ruiz/profil/spieler/350219,bc633e4f4c5676cf3b20c6867a6802ab8fb542c7816a064a3e89e2670016dc7d,583,Paris Saint-Germain,CURRENT_ROSTER_SOURCE_OBSERVED,https://www.transfermarkt.de/paris-saint-germain/kader/verein/583/saison_id/2026/plus/1,2452d2a339d5db63bfbc01cd73c713435dedf75dc1ae9d023fcd82491e789d9d,CONFIRMED,Zentrales Mittelfeld,2022-08-30,2028-06-30,8,https://www.transfermarkt.de/paris-saint-germain/kader/verein/583/saison_id/2026/plus/1,2452d2a339d5db63bfbc01cd73c713435dedf75dc1ae9d023fcd82491e789d9d,identity-resolutions | create-ready-review,2,REVIEW_REQUIRED,REVIEW_REQUIRED_AFTER_TWO_ATTEMPTS,,,,,,[],[],"[{""score"":0.6,""fm_id"":""283449"",""fifa_id"":""226271"",""name"":""Fabián"",""dob"":""1996-04-03"",""club_id"":""1179663""}]",existing/fuzzy candidate retained for Sol review,PLAYER_CREATION_PREREQUISITE_MISSING,IDENTITY_AMBIGUITY_FUZZY_CANDIDATE,HOLD_REVIEW_AFTER_PRIOR_ATTEMPTS,Sol,2026-09-12
PLAYER_CREATION,YES,FRA1,Paris Saint-Germain,583,Ilya Zabarnyi,659089,2002-09-01,,,,1179663,MISSING_FROM_FM,NO,,,,,,,,,583,Paris Saint-Germain,CURRENT_ROSTER_SOURCE_OBSERVED,https://www.transfermarkt.de/paris-saint-germain/kader/verein/583/saison_id/2026/plus/1,2452d2a339d5db63bfbc01cd73c713435dedf75dc1ae9d023fcd82491e789d9d,CONFIRMED,Innenverteidiger,2025-08-12,2030-06-30,6,https://www.transfermarkt.de/paris-saint-germain/kader/verein/583/saison_id/2026/plus/1,2452d2a339d5db63bfbc01cd73c713435dedf75dc1ae9d023fcd82491e789d9d,identity-confirmed,2,CONFIRMED,EXISTING_OVERRIDE_FIFA_DOB,283458,258781,Illia Zabarnyi,2002-09-01,1179663,[],[],[],,EXISTING_NATIVE_IDENTITY_CONFIRMED,NONE_CREATION_NOT_REQUIRED,DO_NOT_CREATE_USE_NATIVE_BRIDGE,,2026-09-12
PLAYER_CREATION,YES,GER1,Eintracht Frankfurt,24,Ayoube Amaimouni-Echghouyab,799993,2004-11-30,,,,1376279,MISSING_FROM_FM,YES,أيوب أمايموني إشغوياب,2004-11-30,Marokko Spanien,Sturm - Rechtsaußen,2031-06-30,2026-01-02,https://www.transfermarkt.de/ayoube-amaimouni-echghouyab/profil/spieler/799993,0563f3c8f4ea27b46e47e7463de61005c47365dcef0ff854ccd0ae1e916b978f,24,Eintracht Frankfurt,EXPLICIT_FIRST_TEAM,https://www.transfermarkt.de/eintracht-frankfurt/kader/verein/24/saison_id/2026/plus/1,b45935ddcd2a6095f6ba7722a68fe41a24ae9eab482678ab594edfe3149e642f,CONFIRMED,,2026-01-02,2031-06-30,29,https://www.transfermarkt.de/eintracht-frankfurt/kader/verein/24/saison_id/2026/plus/1,b45935ddcd2a6095f6ba7722a68fe41a24ae9eab482678ab594edfe3149e642f,create-ready-review,2,,,,,,,,"[{""fm_id"":""280199"",""fifa_id"":""0"",""name"":""Ayoube Amaimouni-Echgh."",""dob"":""2004-11-30"",""club_id"":""1376279""}]",[],[],existing/fuzzy candidate retained for Sol review,PLAYER_CREATION_PREREQUISITE_MISSING,IDENTITY_AMBIGUITY_EXACT_NATIVE_CANDIDATE,HOLD_REVIEW_AFTER_PRIOR_ATTEMPTS,Sol,2026-09-12
PLAYER_CREATION,YES,GER1,SC Paderborn 07,127,Luka Duric,685484,2003-06-18,,,,1376421,MISSING_FROM_FM,YES,Luka Đurić,2003-06-18,Bosnien-Herzegowina Deutschland,Mittelfeld - Zentrales Mittelfeld,,2026-07-01,https://www.transfermarkt.de/luka-duric/profil/spieler/685484,8530cfe7b20a57cec08465ad37d5cccede1223a612268d4e2cf2441627884f7c,127,SC Paderborn 07,EXPLICIT_FIRST_TEAM,https://www.transfermarkt.de/sc-paderborn-07/kader/verein/127/saison_id/2026/plus/1,2bc1c2dc6af19cdfe4c15f929f45c9c1b3aeb6d1349fe49c0cbceca9a06d7cde,CONFIRMED,,2026-07-01,,8,https://www.transfermarkt.de/sc-paderborn-07/kader/verein/127/saison_id/2026/plus/1,2bc1c2dc6af19cdfe4c15f929f45c9c1b3aeb6d1349fe49c0cbceca9a06d7cde,create-ready-review,2,,,,,,,,"[{""fm_id"":""280200"",""fifa_id"":""0"",""name"":""Luka Djuric"",""dob"":""2003-06-18"",""club_id"":""1376421""}]",[],"[{""score"":0.8889,""fm_id"":""280200"",""fifa_id"":""0"",""name"":""Luka Djuric"",""dob"":""2003-06-18"",""club_id"":""1376421""}]",existing/fuzzy candidate retained for Sol review,PLAYER_CREATION_PREREQUISITE_MISSING,IDENTITY_AMBIGUITY_EXACT_NATIVE_CANDIDATE | IDENTITY_AMBIGUITY_FUZZY_CANDIDATE | CONTRACT_UNTIL,HOLD_REVIEW_AFTER_PRIOR_ATTEMPTS,Sol,2026-09-12
PLAYER_CREATION,YES,GER2,DSC Arminia Bielefeld,10,Monju Momuluh,605242,2002-02-18,,,,1376260,MISSING_FROM_FM,YES,Monju Thaddäus Momuluh,2002-02-18,Deutschland,Sturm - Rechtsaußen,,2025-09-01,https://www.transfermarkt.de/monju-momuluh/profil/spieler/605242,95828df07fbdefe03cdf46f8d22d37e56b309b3043ff57916f74e4e5c0cd9a4f,10,Arminia Bielefeld,EXPLICIT_FIRST_TEAM,https://www.transfermarkt.de/arminia-bielefeld/kader/verein/10/saison_id/2026/plus/1,6bf7304bb5b98268f93279c205b7358b904316470f2c43947fcad0ff2680d083,CONFIRMED,,2025-09-01,,14,https://www.transfermarkt.de/arminia-bielefeld/kader/verein/10/saison_id/2026/plus/1,6bf7304bb5b98268f93279c205b7358b904316470f2c43947fcad0ff2680d083,create-ready-review,2,,,,,,,,"[{""fm_id"":""275984"",""fifa_id"":""272660"",""name"":""Thaddäus-Monju Momuluh"",""dob"":""2002-02-18"",""club_id"":""1376260""}]","[{""fm_id"":""275984"",""fifa_id"":""272660"",""name"":""Thaddäus-Monju Momuluh"",""dob"":""2002-02-18"",""club_id"":""1376260""}]","[{""score"":0.75,""fm_id"":""275984"",""fifa_id"":""272660"",""name"":""Thaddäus-Monju Momuluh"",""dob"":""2002-02-18"",""club_id"":""1376260""}]",existing/fuzzy candidate retained for Sol review,PLAYER_CREATION_PREREQUISITE_MISSING,IDENTITY_AMBIGUITY_EXACT_NATIVE_CANDIDATE | IDENTITY_AMBIGUITY_DUPLICATE_REVIEW_LEAD | IDENTITY_AMBIGUITY_FUZZY_CANDIDATE | CONTRACT_UNTIL,HOLD_REVIEW_AFTER_PRIOR_ATTEMPTS,Sol,2026-09-12
PLAYER_CREATION,YES,GER2,FC St. Pauli,35,Gísli Thórdarson,825960,2004-09-12,,,,1376425,MISSING_FROM_FM,YES,Gísli Gottskálk Þórðarson,2004-09-12,Island,Mittelfeld - Defensives Mittelfeld,2027-06-30,2026-08-07,https://www.transfermarkt.de/gisli-thordarson/profil/spieler/825960,2fea6402b6a486007d6a0d3f882b8ffd7cacc5b6514559b6eeafacbb152ad0e2,35,FC St. Pauli,EXPLICIT_FIRST_TEAM,https://www.transfermarkt.de/fc-st-pauli/kader/verein/35/saison_id/2026/plus/1,cb3581752f3910c559c9f42a6cbb09551a6187c6a88b14cfcc35019d0c02bc47,CONFIRMED,,2026-08-07,2027-06-30,5,https://www.transfermarkt.de/fc-st-pauli/kader/verein/35/saison_id/2026/plus/1,cb3581752f3910c559c9f42a6cbb09551a6187c6a88b14cfcc35019d0c02bc47,create-ready-review,2,,,,,,,,"[{""fm_id"":""148093"",""fifa_id"":""76294"",""name"":""Gísli Gottskálk Thórdarson"",""dob"":""2004-09-12"",""club_id"":""1376425""}]","[{""fm_id"":""148093"",""fifa_id"":""76294"",""name"":""Gísli Gottskálk Thórdarson"",""dob"":""2004-09-12"",""club_id"":""1376425""}]","[{""score"":0.9333,""fm_id"":""148093"",""fifa_id"":""76294"",""name"":""Gísli Gottskálk Thórdarson"",""dob"":""2004-09-12"",""club_id"":""1376425""}]",existing/fuzzy candidate retained for Sol review,PLAYER_CREATION_PREREQUISITE_MISSING,IDENTITY_AMBIGUITY_EXACT_NATIVE_CANDIDATE | IDENTITY_AMBIGUITY_DUPLICATE_REVIEW_LEAD | IDENTITY_AMBIGUITY_FUZZY_CANDIDATE,HOLD_REVIEW_AFTER_PRIOR_ATTEMPTS,Sol,2026-09-12
PLAYER_CREATION,YES,GER3,1. FC Saarbrücken,1,Seung-joon Lee,856330,2004-08-11,,,,1376287,MISSING_FROM_FM,YES,이승준,2004-08-11,Südkorea,Sturm - Rechtsaußen,2028-06-30,2026-07-02,https://www.transfermarkt.de/seung-joon-lee/profil/spieler/856330,867e4f5059382c35f743f8c7c70922c56e17ef71fda6bcfba8ef4e3fa644ad4b,1,1.FC Saarbrücken,EXPLICIT_FIRST_TEAM,https://www.transfermarkt.de/1-fc-saarbrucken/kader/verein/1/saison_id/2026/plus/1,c2a771ee3b9af8a2a73329774d02f459ed75e0faf23ff6531e00889776b2c7d8,CONFIRMED,,2026-07-02,2028-06-30,16,https://www.transfermarkt.de/1-fc-saarbrucken/kader/verein/1/saison_id/2026/plus/1,c2a771ee3b9af8a2a73329774d02f459ed75e0faf23ff6531e00889776b2c7d8,create-ready-review,2,,,,,,,,"[{""fm_id"":""85521"",""fifa_id"":""0"",""name"":""Lee Seung-Jun"",""dob"":""2004-08-11"",""club_id"":""1376287""}]",[],[],existing/fuzzy candidate retained for Sol review,PLAYER_CREATION_PREREQUISITE_MISSING,IDENTITY_AMBIGUITY_EXACT_NATIVE_CANDIDATE,HOLD_REVIEW_AFTER_PRIOR_ATTEMPTS,Sol,2026-09-12
PLAYER_CREATION,YES,GER3,SC Fortuna Köln,92,David Kamm Al-Azzawe,122268,1992-06-05,,,,1376444,MISSING_FROM_FM,YES,David Haider Kamm Al-Azzawe,1992-06-05,Irak Deutschland,Abwehr - Innenverteidiger,2027-06-30,2025-07-01,https://www.transfermarkt.de/david-kamm-al-azzawe/profil/spieler/122268,a51088991a1e201f6ad0e9a6d29254611890bd401db0083446777dfe5861476d,92,SC Fortuna Köln,EXPLICIT_FIRST_TEAM,https://www.transfermarkt.de/sc-fortuna-koln/kader/verein/92/saison_id/2026/plus/1,c255b2b753fa967f4c2eb7cdee0e0a6e7bb7b0e3c371fdcdfc7a8694476b2be0,CONFIRMED,,2025-07-01,2027-06-30,15,https://www.transfermarkt.de/sc-fortuna-koln/kader/verein/92/saison_id/2026/plus/1,c255b2b753fa967f4c2eb7cdee0e0a6e7bb7b0e3c371fdcdfc7a8694476b2be0,create-ready-review,2,,,,,,,,[],"[{""fm_id"":""268329"",""fifa_id"":""0"",""name"":""David Haider"",""dob"":""1992-06-05"",""club_id"":""1376444""}]","[{""score"":0.6471,""fm_id"":""268329"",""fifa_id"":""0"",""name"":""David Haider"",""dob"":""1992-06-05"",""club_id"":""1376444""}]",existing/fuzzy candidate retained for Sol review,PLAYER_CREATION_PREREQUISITE_MISSING,IDENTITY_AMBIGUITY_DUPLICATE_REVIEW_LEAD | IDENTITY_AMBIGUITY_FUZZY_CANDIDATE,HOLD_REVIEW_AFTER_PRIOR_ATTEMPTS,Sol,2026-09-12
PLAYER_CREATION,YES,GER3,TSV Havelse 1912,476,Finn Kiszka,632182,2000-12-17,,,,1376539,MISSING_FROM_FM,YES,Finn Louis Kiszka,2000-12-17,Deutschland,Sturm - Mittelstürmer,2027-06-30,2026-07-06,https://www.transfermarkt.de/finn-kiszka/profil/spieler/632182,323d2e459f55894e8b3c52291d85461c7db182dd066407df8b9e99b8e4666fb5,476,TSV Havelse,EXPLICIT_FIRST_TEAM,https://www.transfermarkt.de/tsv-havelse/kader/verein/476/saison_id/2026/plus/1,b4490298444b6e31458c6e927b4ab3fff5378977e083c471be7a43b9938c0f59,CONFIRMED,,2026-07-06,2027-06-30,17,https://www.transfermarkt.de/tsv-havelse/kader/verein/476/saison_id/2026/plus/1,b4490298444b6e31458c6e927b4ab3fff5378977e083c471be7a43b9938c0f59,create-ready-review,2,,,,,,,,"[{""fm_id"":""268462"",""fifa_id"":""0"",""name"":""Finn-Louis Kiszka"",""dob"":""2000-12-17"",""club_id"":""1376539""}]","[{""fm_id"":""268462"",""fifa_id"":""0"",""name"":""Finn-Louis Kiszka"",""dob"":""2000-12-17"",""club_id"":""1376539""}]","[{""score"":1.0,""fm_id"":""268462"",""fifa_id"":""0"",""name"":""Finn-Louis Kiszka"",""dob"":""2000-12-17"",""club_id"":""1376539""}]",existing/fuzzy candidate retained for Sol review,PLAYER_CREATION_PREREQUISITE_MISSING,IDENTITY_AMBIGUITY_EXACT_NATIVE_CANDIDATE | IDENTITY_AMBIGUITY_DUPLICATE_REVIEW_LEAD | IDENTITY_AMBIGUITY_FUZZY_CANDIDATE,HOLD_REVIEW_AFTER_PRIOR_ATTEMPTS,Sol,2026-09-12
PLAYER_CREATION,YES,ITA1,AC Mailand,5,Sankhoun Diawara,1179195,2006-01-13,,,,1769474,MISSING_FROM_FM,YES,Sankhoun Bocoum Diawara,2006-01-13,Frankreich Senegal,Abwehr - Innenverteidiger,2031-06-30,2026-07-28,https://www.transfermarkt.de/sankhoun-diawara/profil/spieler/1179195,0901f45f0009326ae9c54ec66439bab2dc2443e77d53ea890b703f51d7c31ed6,5,AC Mailand,CURRENT_ROSTER_SOURCE_OBSERVED,https://www.transfermarkt.de/ac-mailand/kader/verein/5/saison_id/2026/plus/1,62f75de72ed1f23bb563a5fa890848e43b2c13847e4bdb7efb02d5b9d513dd38,CONFIRMED,Innenverteidiger,2026-07-28,2031-06-30,13,https://www.transfermarkt.de/ac-mailand/kader/verein/5/saison_id/2026/plus/1,62f75de72ed1f23bb563a5fa890848e43b2c13847e4bdb7efb02d5b9d513dd38,identity-resolutions | create-ready-review,2,REVIEW_REQUIRED,REVIEW_REQUIRED_AFTER_TWO_ATTEMPTS,,,,,,[],[],"[{""score"":0.8333,""fm_id"":""280070"",""fifa_id"":""74510"",""name"":""Sankhoum Diawara"",""dob"":""2006-01-13"",""club_id"":""1769474""}]",existing/fuzzy candidate retained for Sol review,PLAYER_CREATION_PREREQUISITE_MISSING,IDENTITY_AMBIGUITY_FUZZY_CANDIDATE,HOLD_REVIEW_AFTER_PRIOR_ATTEMPTS,Sol,2026-09-12
PLAYER_CREATION,YES,ITA1,AC Monza,2919,Eddy Kouadio,957822,2006-05-03,,,,1769533,MISSING_FROM_FM,YES,Eddy Nda Konan Kouadio,2006-05-03,Italien Elfenbeinküste,Abwehr - Innenverteidiger,2027-06-30,2026-07-08,https://www.transfermarkt.de/eddy-kouadio/profil/spieler/957822,68501dc01f8a14f0c6c9354e85ef827bc35e62a847f88f0d018ecde3aab70a4c,2919,AC Monza,CURRENT_ROSTER_SOURCE_OBSERVED,https://www.transfermarkt.de/ac-monza/kader/verein/2919/saison_id/2026/plus/1,8f193279202724cc57a68a08441deb0fe889b73d8d97804595e81268516bfe10,CONFIRMED,Innenverteidiger,2026-07-08,2027-06-30,60,https://www.transfermarkt.de/ac-monza/kader/verein/2919/saison_id/2026/plus/1,8f193279202724cc57a68a08441deb0fe889b73d8d97804595e81268516bfe10,identity-resolutions | create-ready-review,2,REVIEW_REQUIRED,REVIEW_REQUIRED_AFTER_TWO_ATTEMPTS,,,,,,[],"[{""fm_id"":""282499"",""fifa_id"":""74926"",""name"":""Eddy Kouadio"",""dob"":""2006-05-07"",""club_id"":""1769533""}]","[{""score"":0.6061,""fm_id"":""117314"",""fifa_id"":""0"",""name"":""Kouakou Kouadio"",""dob"":""2006-05-03"",""club_id"":""1769742""}]",existing/fuzzy candidate retained for Sol review,PLAYER_CREATION_PREREQUISITE_MISSING,IDENTITY_AMBIGUITY_DUPLICATE_REVIEW_LEAD | IDENTITY_AMBIGUITY_FUZZY_CANDIDATE,HOLD_REVIEW_AFTER_PRIOR_ATTEMPTS,Sol,2026-09-12
PLAYER_CREATION,YES,ITA1,AC Monza,2919,Foe Ondoa,1143375,2005-12-12,,,,1769533,MISSING_FROM_FM,NO,,,,,,,,,2919,AC Monza,CURRENT_ROSTER_SOURCE_OBSERVED,https://www.transfermarkt.de/ac-monza/kader/verein/2919/saison_id/2026/plus/1,8f193279202724cc57a68a08441deb0fe889b73d8d97804595e81268516bfe10,CONFIRMED,Zentrales Mittelfeld,2026-07-01,2030-06-30,8,https://www.transfermarkt.de/ac-monza/kader/verein/2919/saison_id/2026/plus/1,8f193279202724cc57a68a08441deb0fe889b73d8d97804595e81268516bfe10,identity-confirmed,2,CONFIRMED,EXISTING_OVERRIDE_FIFA_DOB,153646,279018,Manga Foé Ondoa,2005-12-12,1769533,[],[],[],,EXISTING_NATIVE_IDENTITY_CONFIRMED,NONE_CREATION_NOT_REQUIRED,DO_NOT_CREATE_USE_NATIVE_BRIDGE,,2026-09-12
PLAYER_CREATION,YES,ITA1,AS Rom,12,Evan Ndicka,371149,1999-08-20,,,,1769476,MISSING_FROM_FM,YES,Obite Evan Ndicka,1999-08-20,Elfenbeinküste Frankreich,Abwehr - Innenverteidiger,2028-06-30,2023-07-01,https://www.transfermarkt.de/evan-ndicka/profil/spieler/371149,2fd2e7e03036e79e27dfaf59c5a880145330793e2f12d900eaa2619ebc4732b3,12,AS Rom,CURRENT_ROSTER_SOURCE_OBSERVED,https://www.transfermarkt.de/as-rom/kader/verein/12/saison_id/2026/plus/1,f55f6808f1a16dc4af758e70a1b7cf576328d127813e2802fab9a8bca29de9ab,CONFIRMED,Innenverteidiger,2023-07-01,2028-06-30,5,https://www.transfermarkt.de/as-rom/kader/verein/12/saison_id/2026/plus/1,f55f6808f1a16dc4af758e70a1b7cf576328d127813e2802fab9a8bca29de9ab,identity-resolutions | create-ready-review,2,REVIEW_REQUIRED,REVIEW_REQUIRED_AFTER_TWO_ATTEMPTS,,,,,,[],[],"[{""score"":0.8,""fm_id"":""278472"",""fifa_id"":""236403"",""name"":""Evan N'Dicka"",""dob"":""1999-08-20"",""club_id"":""1769476""}]",existing/fuzzy candidate retained for Sol review,PLAYER_CREATION_PREREQUISITE_MISSING,IDENTITY_AMBIGUITY_FUZZY_CANDIDATE,HOLD_REVIEW_AFTER_PRIOR_ATTEMPTS,Sol,2026-09-12
PLAYER_CREATION,YES,ITA1,Genua CFC,252,Johan Vásquez,532937,1998-10-22,,,,1769510,MISSING_FROM_FM,YES,Johan Felipe Vásquez Ibarra,1998-10-22,Mexiko,Abwehr - Innenverteidiger,2028-06-30,2022-01-03,https://www.transfermarkt.de/johan-vasquez/profil/spieler/532937,b11614cafad2123a9da9565bd977dbd8a04e9bfd61f7e1a8f08ca3522c7ad54f,252,Genua CFC,CURRENT_ROSTER_SOURCE_OBSERVED,https://www.transfermarkt.de/genua-cfc/kader/verein/252/saison_id/2026/plus/1,28831c70a8bf2f1d0e0c5e7801240ba62008e42be2eb8761306fafe7c05e7da1,CONFIRMED,Innenverteidiger,2022-01-03,2028-06-30,22,https://www.transfermarkt.de/genua-cfc/kader/verein/252/saison_id/2026/plus/1,28831c70a8bf2f1d0e0c5e7801240ba62008e42be2eb8761306fafe7c05e7da1,identity-resolutions | create-ready-review,2,REVIEW_REQUIRED,REVIEW_REQUIRED_AFTER_TWO_ATTEMPTS,,,,,,[],"[{""fm_id"":""285830"",""fifa_id"":""244349"",""name"":""Johan Felipe Vásquez"",""dob"":""1998-10-22"",""club_id"":""1769510""}]","[{""score"":0.8571,""fm_id"":""285830"",""fifa_id"":""244349"",""name"":""Johan Felipe Vásquez"",""dob"":""1998-10-22"",""club_id"":""1769510""}]",existing/fuzzy candidate retained for Sol review,PLAYER_CREATION_PREREQUISITE_MISSING,IDENTITY_AMBIGUITY_DUPLICATE_REVIEW_LEAD | IDENTITY_AMBIGUITY_FUZZY_CANDIDATE,HOLD_REVIEW_AFTER_PRIOR_ATTEMPTS,Sol,2026-09-12
PLAYER_CREATION,YES,ITA1,Inter Mailand,46,Yann Bisseck,441986,2000-11-29,,,,1769481,MISSING_FROM_FM,YES,Yann Aurel Ludger Bisseck,2000-11-29,Deutschland Kamerun,Abwehr - Innenverteidiger,2031-06-30,2023-07-12,https://www.transfermarkt.de/yann-bisseck/profil/spieler/441986,452a09899f95e28939a6fdcf5a31be4467981558981bc9b5b2fa9ccec8bcfc65,46,Inter Mailand,CURRENT_ROSTER_SOURCE_OBSERVED,https://www.transfermarkt.de/inter-mailand/kader/verein/46/saison_id/2026/plus/1,36b5796b9cbe02043c5ca5fffe2cd780ff4c5b55699997a233dec02d6da31e76,CONFIRMED,Innenverteidiger,2023-07-12,2031-06-30,31,https://www.transfermarkt.de/inter-mailand/kader/verein/46/saison_id/2026/plus/1,36b5796b9cbe02043c5ca5fffe2cd780ff4c5b55699997a233dec02d6da31e76,identity-resolutions | create-ready-review,2,REVIEW_REQUIRED,REVIEW_REQUIRED_AFTER_TWO_ATTEMPTS,,,,,,[],"[{""fm_id"":""278085"",""fifa_id"":""241736"",""name"":""Yann Aurel Bisseck"",""dob"":""2000-11-29"",""club_id"":""1769481""}]","[{""score"":0.8421,""fm_id"":""278085"",""fifa_id"":""241736"",""name"":""Yann Aurel Bisseck"",""dob"":""2000-11-29"",""club_id"":""1769481""}]",existing/fuzzy candidate retained for Sol review,PLAYER_CREATION_PREREQUISITE_MISSING,IDENTITY_AMBIGUITY_DUPLICATE_REVIEW_LEAD | IDENTITY_AMBIGUITY_FUZZY_CANDIDATE,HOLD_REVIEW_AFTER_PRIOR_ATTEMPTS,Sol,2026-09-12
PLAYER_CREATION,YES,ITA1,Juventus Turin,506,Juan Cabal,686965,2001-01-08,,,,1769482,MISSING_FROM_FM,YES,Juan David Cabal Murillo,2001-01-08,Kolumbien,Abwehr - Linker Verteidiger,2029-06-30,2024-07-18,https://www.transfermarkt.de/juan-cabal/profil/spieler/686965,6bb8f5f55bcd7455f328a6d7f4d443664c63f928c38ec91d269cbefbbd436885,506,Juventus Turin,CURRENT_ROSTER_SOURCE_OBSERVED,https://www.transfermarkt.de/juventus-turin/kader/verein/506/saison_id/2026/plus/1,0009d8e86a1fcff175fb368bcdc9cac816372b11375dc9917e504e11cc3f9b54,CONFIRMED,Linker Verteidiger,2024-07-18,2029-06-30,32,https://www.transfermarkt.de/juventus-turin/kader/verein/506/saison_id/2026/plus/1,0009d8e86a1fcff175fb368bcdc9cac816372b11375dc9917e504e11cc3f9b54,identity-resolutions | create-ready-review,2,REVIEW_REQUIRED,REVIEW_REQUIRED_AFTER_TWO_ATTEMPTS,,,,,,[],"[{""fm_id"":""278354"",""fifa_id"":""251870"",""name"":""Juan David Cabal"",""dob"":""2001-01-08"",""club_id"":""1769482""}]","[{""score"":0.8,""fm_id"":""278354"",""fifa_id"":""251870"",""name"":""Juan David Cabal"",""dob"":""2001-01-08"",""club_id"":""1769482""}]",existing/fuzzy candidate retained for Sol review,PLAYER_CREATION_PREREQUISITE_MISSING,IDENTITY_AMBIGUITY_DUPLICATE_REVIEW_LEAD | IDENTITY_AMBIGUITY_FUZZY_CANDIDATE,HOLD_REVIEW_AFTER_PRIOR_ATTEMPTS,Sol,2026-09-12
PLAYER_CREATION,YES,ITA1,Juventus Turin,506,Nico González,486031,1998-04-06,,,,1769482,MISSING_FROM_FM,YES,Nicolás Iván Gonzalez,1998-04-06,Argentinien Italien,Sturm - Linksaußen,2029-06-30,2025-07-01,https://www.transfermarkt.de/nico-gonzalez/profil/spieler/486031,12668748b5dbe65eccb6378506203614448ce99292fceda631cb18e9207dfcbe,506,Juventus Turin,CURRENT_ROSTER_SOURCE_OBSERVED,https://www.transfermarkt.de/juventus-turin/kader/verein/506/saison_id/2026/plus/1,0009d8e86a1fcff175fb368bcdc9cac816372b11375dc9917e504e11cc3f9b54,CONFIRMED,Linksaußen,2025-07-01,2029-06-30,31,https://www.transfermarkt.de/juventus-turin/kader/verein/506/saison_id/2026/plus/1,0009d8e86a1fcff175fb368bcdc9cac816372b11375dc9917e504e11cc3f9b54,identity-resolutions | create-ready-review,2,REVIEW_REQUIRED,REVIEW_REQUIRED_AFTER_TWO_ATTEMPTS,,,,,,[],"[{""fm_id"":""284973"",""fifa_id"":""240690"",""name"":""Nicolás González"",""dob"":""1998-04-06"",""club_id"":""2949122""}]","[{""score"":0.8824,""fm_id"":""284973"",""fifa_id"":""240690"",""name"":""Nicolás González"",""dob"":""1998-04-06"",""club_id"":""2949122""}]",existing/fuzzy candidate retained for Sol review,PLAYER_CREATION_PREREQUISITE_MISSING,IDENTITY_AMBIGUITY_DUPLICATE_REVIEW_LEAD | IDENTITY_AMBIGUITY_FUZZY_CANDIDATE,HOLD_REVIEW_AFTER_PRIOR_ATTEMPTS,Sol,2026-09-12
PLAYER_CREATION,YES,ITA1,SSC Neapel,6195,Frank Anguissa,354361,1995-11-16,,,,1769517,MISSING_FROM_FM,NO,,,,,,,,,6195,SSC Neapel,CURRENT_ROSTER_SOURCE_OBSERVED,https://www.transfermarkt.de/ssc-neapel/kader/verein/6195/saison_id/2026/plus/1,b2cda600bc2f672ad88ae2275b431e7265880decd3175ca6d6b680cc4e2bb742,CONFIRMED,Zentrales Mittelfeld,2022-07-01,2027-06-30,99,https://www.transfermarkt.de/ssc-neapel/kader/verein/6195/saison_id/2026/plus/1,b2cda600bc2f672ad88ae2275b431e7265880decd3175ca6d6b680cc4e2bb742,identity-confirmed,2,CONFIRMED,EXISTING_OVERRIDE_FIFA_DOB,281880,227236,André-Franck Anguissa,1995-11-16,1769517,[],[],[],,EXISTING_NATIVE_IDENTITY_CONFIRMED,NONE_CREATION_NOT_REQUIRED,DO_NOT_CREATE_USE_NATIVE_BRIDGE,,2026-09-12
PLAYER_CREATION,YES,ITA1,US Lecce,1005,Gaspar,836441,1997-09-27,,,,1769483,MISSING_FROM_FM,YES,Esmevânio Kialonda Gaspar,1997-09-27,Angola,Abwehr - Innenverteidiger,2027-06-30,2024-07-01,https://www.transfermarkt.de/gaspar/profil/spieler/836441,2952e4dc297e4b51baa3f630f6ef0e194684b05a487c4babd784054833ce8ede,1005,US Lecce,CURRENT_ROSTER_SOURCE_OBSERVED,https://www.transfermarkt.de/us-lecce/kader/verein/1005/saison_id/2026/plus/1,f70b73ab0beef18f4707e1b846172f928bd484c8e6abc3aab35570487739b4bc,CONFIRMED,Innenverteidiger,2024-07-01,2027-06-30,4,https://www.transfermarkt.de/us-lecce/kader/verein/1005/saison_id/2026/plus/1,f70b73ab0beef18f4707e1b846172f928bd484c8e6abc3aab35570487739b4bc,identity-resolutions | create-ready-review,2,REVIEW_REQUIRED,REVIEW_REQUIRED_AFTER_TWO_ATTEMPTS,,,,,,[],"[{""fm_id"":""287096"",""fifa_id"":""275783"",""name"":""Kialonda Gaspar"",""dob"":""1997-09-27"",""club_id"":""1769483""}]","[{""score"":0.7568,""fm_id"":""287096"",""fifa_id"":""275783"",""name"":""Kialonda Gaspar"",""dob"":""1997-09-27"",""club_id"":""1769483""}]",existing/fuzzy candidate retained for Sol review,PLAYER_CREATION_PREREQUISITE_MISSING,IDENTITY_AMBIGUITY_DUPLICATE_REVIEW_LEAD | IDENTITY_AMBIGUITY_FUZZY_CANDIDATE,HOLD_REVIEW_AFTER_PRIOR_ATTEMPTS,Sol,2026-09-12
PLAYER_CREATION,YES,ITA1,US Sassuolo,6574,Rafa Obrador,646747,2004-02-24,,,,1769542,MISSING_FROM_FM,NO,,,,,,,,,6574,US Sassuolo,CURRENT_ROSTER_SOURCE_OBSERVED,https://www.transfermarkt.de/us-sassuolo/kader/verein/6574/saison_id/2026/plus/1,686b0eaeb9362b4d66f8cc3a3779bc587286eed50ca422d498380ecfd974ed38,CONFIRMED,Linker Verteidiger,2026-08-14,2027-06-30,33,https://www.transfermarkt.de/us-sassuolo/kader/verein/6574/saison_id/2026/plus/1,686b0eaeb9362b4d66f8cc3a3779bc587286eed50ca422d498380ecfd974ed38,identity-confirmed,2,CONFIRMED,EXISTING_OVERRIDE_FIFA_DOB,288134,258507,Rafael Obrador,2004-02-24,1769542,[],[],[],,EXISTING_NATIVE_IDENTITY_CONFIRMED,NONE_CREATION_NOT_REQUIRED,DO_NOT_CREATE_USE_NATIVE_BRIDGE,,2026-09-12
PLAYER_CREATION,YES,ITA1,Udinese Calcio,410,Juan Arizala,1118347,2005-10-10,,,,1769488,MISSING_FROM_FM,YES,Juan David Arizala Micolta,2005-10-10,Kolumbien,Mittelfeld - Linkes Mittelfeld,2030-06-30,2026-01-06,https://www.transfermarkt.de/juan-arizala/profil/spieler/1118347,f167cea88fbb52ee13cc717f64bd8bdb8df087e1553b153bcd3279c811238738,410,Udinese Calcio,CURRENT_ROSTER_SOURCE_OBSERVED,https://www.transfermarkt.de/udinese-calcio/kader/verein/410/saison_id/2026/plus/1,7fdfe70ee199497c7c8bba7f008dea4b0f8e1ab4fec8c51d19f4eb9f681c5506,CONFIRMED,Linkes Mittelfeld,2026-01-06,2030-06-30,20,https://www.transfermarkt.de/udinese-calcio/kader/verein/410/saison_id/2026/plus/1,7fdfe70ee199497c7c8bba7f008dea4b0f8e1ab4fec8c51d19f4eb9f681c5506,identity-resolutions | create-ready-review,2,REVIEW_REQUIRED,REVIEW_REQUIRED_AFTER_TWO_ATTEMPTS,,,,,,[],"[{""fm_id"":""231683"",""fifa_id"":""275647"",""name"":""Juan David Arizala"",""dob"":""2005-10-10"",""club_id"":""3670021""}]","[{""score"":0.8205,""fm_id"":""231683"",""fifa_id"":""275647"",""name"":""Juan David Arizala"",""dob"":""2005-10-10"",""club_id"":""3670021""}]",existing/fuzzy candidate retained for Sol review,PLAYER_CREATION_PREREQUISITE_MISSING,IDENTITY_AMBIGUITY_DUPLICATE_REVIEW_LEAD | IDENTITY_AMBIGUITY_FUZZY_CANDIDATE,HOLD_REVIEW_AFTER_PRIOR_ATTEMPTS,Sol,2026-09-12
PLAYER_CREATION,YES,NED1,Ajax Amsterdam,610,Tolu Arokodare,683571,2000-11-23,,,,2228227,MISSING_FROM_FM,YES,Toluwalase Emmanuel Arokodare,2000-11-23,Nigeria,Sturm - Mittelstürmer,2027-06-30,2026-07-29,https://www.transfermarkt.de/tolu-arokodare/profil/spieler/683571,23451a9129843a64086bf1e1cebeef5f16a0a006a4a71c3a253ae429f16f085c,610,Ajax Amsterdam,CURRENT_ROSTER_SOURCE_OBSERVED,https://www.transfermarkt.de/ajax-amsterdam/kader/verein/610/saison_id/2026/plus/1,f5e17e90fd0fa7a2962da880b80d3f5be8fc736c45ff9203a638be8e951725f8,CONFIRMED,Mittelstürmer,2026-07-29,2027-06-30,99,https://www.transfermarkt.de/ajax-amsterdam/kader/verein/610/saison_id/2026/plus/1,f5e17e90fd0fa7a2962da880b80d3f5be8fc736c45ff9203a638be8e951725f8,identity-resolutions | create-ready-review,2,REVIEW_REQUIRED,REVIEW_REQUIRED_AFTER_TWO_ATTEMPTS,,,,,,[],"[{""fm_id"":""23757"",""fifa_id"":""258911"",""name"":""Toluwalase Arokodare"",""dob"":""2000-11-23"",""club_id"":""917547""}]","[{""score"":0.8261,""fm_id"":""23757"",""fifa_id"":""258911"",""name"":""Toluwalase Arokodare"",""dob"":""2000-11-23"",""club_id"":""917547""}]",existing/fuzzy candidate retained for Sol review,PLAYER_CREATION_PREREQUISITE_MISSING,IDENTITY_AMBIGUITY_DUPLICATE_REVIEW_LEAD | IDENTITY_AMBIGUITY_FUZZY_CANDIDATE,HOLD_REVIEW_AFTER_PRIOR_ATTEMPTS,Sol,2026-09-12
PLAYER_CREATION,YES,NED1,FC Twente Enschede,317,Lucas Vennegoor of Hesselink,997646,2006-03-14,,,,2228240,MISSING_FROM_FM,NO,,,,,,,,,317,FC Twente Enschede,CURRENT_ROSTER_SOURCE_OBSERVED,https://www.transfermarkt.de/fc-twente-enschede/kader/verein/317/saison_id/2026/plus/1,3a88783defe3265cdb46e106767dac7174efc657a3cea53406b14dfc377cde23,CONFIRMED,Mittelstürmer,2025-07-01,2028-06-30,25,https://www.transfermarkt.de/fc-twente-enschede/kader/verein/317/saison_id/2026/plus/1,3a88783defe3265cdb46e106767dac7174efc657a3cea53406b14dfc377cde23,identity-confirmed,2,CONFIRMED,EXISTING_OVERRIDE_FIFA_DOB,295000,70539,Lucas V. of Hesselink,2006-03-14,2228240,[],[],[],,EXISTING_NATIVE_IDENTITY_CONFIRMED,NONE_CREATION_NOT_REQUIRED,DO_NOT_CREATE_USE_NATIVE_BRIDGE,,2026-09-12
PLAYER_CREATION,YES,NED1,SC Telstar,1434,Abdelraffie Benzzine,1086915,2006-04-04,,,,2228252,MISSING_FROM_FM,YES,Abdelraffie Benzzine,2006-04-04,Niederlande Marokko,Abwehr - Innenverteidiger,,2025-07-01,https://www.transfermarkt.de/abdelraffie-benzzine/profil/spieler/1086915,73c64a2a986132fcb619427353fa1184b048ef61d560a6047edeecf81c409d4a,1434,SC Telstar,CURRENT_ROSTER_SOURCE_OBSERVED,https://www.transfermarkt.de/sc-telstar/kader/verein/1434/saison_id/2026/plus/1,ae77e5dfbed0657e8ac7db9c5bfa54cdae9a9aa41389f9224cb5b1406e993f05,CONFIRMED,Innenverteidiger,2025-07-01,,24,https://www.transfermarkt.de/sc-telstar/kader/verein/1434/saison_id/2026/plus/1,ae77e5dfbed0657e8ac7db9c5bfa54cdae9a9aa41389f9224cb5b1406e993f05,identity-confirmed,2,CONFIRMED,CONTROLLED_NAME_VARIANT,290954,80585,Raffie Benzzine,2006-04-04,2228252,[],[],[],,EXISTING_NATIVE_IDENTITY_CONFIRMED,NONE_CREATION_NOT_REQUIRED,DO_NOT_CREATE_USE_NATIVE_BRIDGE,,2026-09-12
PLAYER_CREATION,YES,POR1,CD Nacional,982,Chico Gonçalves,1020652,2004-03-05,,,,2490378,MISSING_FROM_FM,YES,Francisco Adriano Baptista Gonçalves,2004-03-05,Portugal,Abwehr - Innenverteidiger,2029-06-30,2023-07-01,https://www.transfermarkt.de/chico-goncalves/profil/spieler/1020652,1f18ec9401c8803a94246dba05c189fdbefaa50d50a051083bdf8a6b0a9a3d3e,982,CD Nacional,CURRENT_ROSTER_SOURCE_OBSERVED,https://www.transfermarkt.de/cd-nacional/kader/verein/982/saison_id/2026/plus/1,85c1a326ea7d9109ff431c2a95c9c0488100e0183b1e7c799d926c40ecb8dba6,CONFIRMED,Innenverteidiger,2023-07-01,2029-06-30,33,https://www.transfermarkt.de/cd-nacional/kader/verein/982/saison_id/2026/plus/1,85c1a326ea7d9109ff431c2a95c9c0488100e0183b1e7c799d926c40ecb8dba6,identity-resolutions | create-ready-review,2,REVIEW_REQUIRED,REVIEW_REQUIRED_AFTER_TWO_ATTEMPTS,,,,,,[],"[{""fm_id"":""286858"",""fifa_id"":""72691"",""name"":""Francisco Gonçalves"",""dob"":""2004-03-05"",""club_id"":""2490378""}]","[{""score"":0.7059,""fm_id"":""286858"",""fifa_id"":""72691"",""name"":""Francisco Gonçalves"",""dob"":""2004-03-05"",""club_id"":""2490378""}]",existing/fuzzy candidate retained for Sol review,PLAYER_CREATION_PREREQUISITE_MISSING,IDENTITY_AMBIGUITY_DUPLICATE_REVIEW_LEAD | IDENTITY_AMBIGUITY_FUZZY_CANDIDATE,HOLD_REVIEW_AFTER_PRIOR_ATTEMPTS,Sol,2026-09-12
PLAYER_CREATION,YES,POR1,CD Nacional,982,Daniel Jr,746358,2002-05-09,,,,2490378,MISSING_FROM_FM,YES,Daniel Jr,2002-05-09,Brasilien,Mittelfeld - Offensives Mittelfeld,2030-06-30,2025-08-28,https://www.transfermarkt.de/daniel-jr/profil/spieler/746358,77e1076ae4b957be2ee46748279e81e70c08a84bbb417c5cabda93a5f363f946,982,CD Nacional,CURRENT_ROSTER_SOURCE_OBSERVED,https://www.transfermarkt.de/cd-nacional/kader/verein/982/saison_id/2026/plus/1,85c1a326ea7d9109ff431c2a95c9c0488100e0183b1e7c799d926c40ecb8dba6,CONFIRMED,Offensives Mittelfeld,2025-08-28,2030-06-30,10,https://www.transfermarkt.de/cd-nacional/kader/verein/982/saison_id/2026/plus/1,85c1a326ea7d9109ff431c2a95c9c0488100e0183b1e7c799d926c40ecb8dba6,identity-confirmed,2,CONFIRMED,CONTROLLED_NAME_VARIANT,286838,80885,Daniel Júnior,2002-05-09,2490378,[],[],[],,EXISTING_NATIVE_IDENTITY_CONFIRMED,NONE_CREATION_NOT_REQUIRED,DO_NOT_CREATE_USE_NATIVE_BRIDGE,,2026-09-12
PLAYER_CREATION,YES,POR1,CD Nacional,982,Mateus Iseppe,1220180,2006-05-02,,,,2490378,MISSING_FROM_FM,YES,Mateus José Iseppe,2006-05-02,Brasilien,Mittelfeld - Offensives Mittelfeld,,2026-07-01,https://www.transfermarkt.de/mateus-iseppe/profil/spieler/1220180,a424a885739d72e1c24b0094a175158cd5d275c492e1d720c81051f765742fc6,982,CD Nacional,CURRENT_ROSTER_SOURCE_OBSERVED,https://www.transfermarkt.de/cd-nacional/kader/verein/982/saison_id/2026/plus/1,85c1a326ea7d9109ff431c2a95c9c0488100e0183b1e7c799d926c40ecb8dba6,CONFIRMED,Offensives Mittelfeld,2026-07-01,,23,https://www.transfermarkt.de/cd-nacional/kader/verein/982/saison_id/2026/plus/1,85c1a326ea7d9109ff431c2a95c9c0488100e0183b1e7c799d926c40ecb8dba6,identity-resolutions | create-ready-review,2,REVIEW_REQUIRED,REVIEW_REQUIRED_AFTER_TWO_ATTEMPTS,,,,,,[],[],[],missing profile fields: contract_until,PLAYER_CREATION_PREREQUISITE_MISSING,CONTRACT_UNTIL,HOLD_REVIEW_AFTER_PRIOR_ATTEMPTS,Sol,2026-09-12
PLAYER_CREATION,YES,POR1,CD Nacional,982,Watts,1047861,2005-07-14,,,,2490378,MISSING_FROM_FM,YES,Watts,2005-07-14,Portugal Brasilien,Sturm - Rechtsaußen,2028-06-30,2025-07-01,https://www.transfermarkt.de/watts/profil/spieler/1047861,a49cbf8b95893f135926c2273db716dfc4c254198e8657f340307ed2247a5752,982,CD Nacional,CURRENT_ROSTER_SOURCE_OBSERVED,https://www.transfermarkt.de/cd-nacional/kader/verein/982/saison_id/2026/plus/1,85c1a326ea7d9109ff431c2a95c9c0488100e0183b1e7c799d926c40ecb8dba6,CONFIRMED,Rechtsaußen,2025-07-01,2028-06-30,30,https://www.transfermarkt.de/cd-nacional/kader/verein/982/saison_id/2026/plus/1,85c1a326ea7d9109ff431c2a95c9c0488100e0183b1e7c799d926c40ecb8dba6,identity-confirmed,2,CONFIRMED,CONTROLLED_NAME_VARIANT,286859,72690,Martim Watts,2005-07-14,2490378,[],[],[],,EXISTING_NATIVE_IDENTITY_CONFIRMED,NONE_CREATION_NOT_REQUIRED,DO_NOT_CREATE_USE_NATIVE_BRIDGE,,2026-09-12
PLAYER_CREATION,YES,POR1,CD Santa Clara,2423,Dani Borges,1083604,2003-04-06,,,,2490388,MISSING_FROM_FM,YES,Daniel Borges da Silva,2003-04-06,Brasilien,Mittelfeld - Defensives Mittelfeld,2030-06-30,2024-01-31,https://www.transfermarkt.de/dani-borges/profil/spieler/1083604,bd4e1efc525910356dbb37c5a55b3c2b8cff05ffac02b813bf4430a5307b2836,2423,CD Santa Clara,CURRENT_ROSTER_SOURCE_OBSERVED,https://www.transfermarkt.de/cd-santa-clara/kader/verein/2423/saison_id/2026/plus/1,996787cc90623dddfd5c425ca2df6aae95f8fd62b8b5cfb03677a214be6550e2,CONFIRMED,Defensives Mittelfeld,2024-01-31,2030-06-30,41,https://www.transfermarkt.de/cd-santa-clara/kader/verein/2423/saison_id/2026/plus/1,996787cc90623dddfd5c425ca2df6aae95f8fd62b8b5cfb03677a214be6550e2,identity-resolutions | create-ready-review,2,REVIEW_REQUIRED,REVIEW_REQUIRED_AFTER_TWO_ATTEMPTS,,,,,,[],"[{""fm_id"":""153022"",""fifa_id"":""0"",""name"":""Daniel Borges"",""dob"":""2003-04-06"",""club_id"":""2490383""}]","[{""score"":0.7742,""fm_id"":""153022"",""fifa_id"":""0"",""name"":""Daniel Borges"",""dob"":""2003-04-06"",""club_id"":""2490383""},{""score"":0.6,""fm_id"":""279212"",""fifa_id"":""0"",""name"":""Daniel Rojas"",""dob"":""2003-04-06"",""club_id"":""5439518""}]",existing/fuzzy candidate retained for Sol review,PLAYER_CREATION_PREREQUISITE_MISSING,IDENTITY_AMBIGUITY_DUPLICATE_REVIEW_LEAD | IDENTITY_AMBIGUITY_FUZZY_CANDIDATE,HOLD_REVIEW_AFTER_PRIOR_ATTEMPTS,Sol,2026-09-12
PLAYER_CREATION,YES,POR1,CD Santa Clara,2423,Fernando,1091608,2005-04-12,,,,2490388,MISSING_FROM_FM,YES,Fernando,2005-04-12,Brasilien,Sturm - Mittelstürmer,2029-06-30,2026-02-02,https://www.transfermarkt.de/fernando/profil/spieler/1091608,b22c55f2723e0012af6107fe1f703ecb45c40f440ffb2b93b737bd5359937b3f,2423,CD Santa Clara,CURRENT_ROSTER_SOURCE_OBSERVED,https://www.transfermarkt.de/cd-santa-clara/kader/verein/2423/saison_id/2026/plus/1,996787cc90623dddfd5c425ca2df6aae95f8fd62b8b5cfb03677a214be6550e2,CONFIRMED,Mittelstürmer,2026-02-02,2029-06-30,7,https://www.transfermarkt.de/cd-santa-clara/kader/verein/2423/saison_id/2026/plus/1,996787cc90623dddfd5c425ca2df6aae95f8fd62b8b5cfb03677a214be6550e2,identity-resolutions | create-ready-review,2,REVIEW_REQUIRED,REVIEW_REQUIRED_AFTER_TWO_ATTEMPTS,,,,,,[],[],"[{""score"":0.8,""fm_id"":""221998"",""fifa_id"":""0"",""name"":""Luis Fernando"",""dob"":""2005-04-12"",""club_id"":""3538946""}]",existing/fuzzy candidate retained for Sol review,PLAYER_CREATION_PREREQUISITE_MISSING,IDENTITY_AMBIGUITY_FUZZY_CANDIDATE,HOLD_REVIEW_AFTER_PRIOR_ATTEMPTS,Sol,2026-09-12
PLAYER_CREATION,YES,POR1,CF Estrela Amadora,2431,Bénito,768562,2003-08-21,,,,2490394,MISSING_FROM_FM,YES,Bénito,2003-08-21,Frankreich Kongo,Sturm - Linksaußen,2029-06-30,2026-07-01,https://www.transfermarkt.de/benito/profil/spieler/768562,bbaa708af7a31a7e761cd7fe1504987117052296dc7bc2ad3ccd658392440c16,2431,CF Estrela Amadora,CURRENT_ROSTER_SOURCE_OBSERVED,https://www.transfermarkt.de/cf-estrela-amadora/kader/verein/2431/saison_id/2026/plus/1,518e3a2e95f5774700d01db49dd50f80d4ccbc790493950412b68c785a7de654,CONFIRMED,Linksaußen,2026-07-01,2029-06-30,92,https://www.transfermarkt.de/cf-estrela-amadora/kader/verein/2431/saison_id/2026/plus/1,518e3a2e95f5774700d01db49dd50f80d4ccbc790493950412b68c785a7de654,identity-resolutions | create-ready-review,2,REVIEW_REQUIRED,REVIEW_REQUIRED_AFTER_TWO_ATTEMPTS,,,,,,[],[],"[{""score"":0.6667,""fm_id"":""154221"",""fifa_id"":""0"",""name"":""Beni Souza"",""dob"":""2003-08-21"",""club_id"":""2490369""}]",existing/fuzzy candidate retained for Sol review,PLAYER_CREATION_PREREQUISITE_MISSING,IDENTITY_AMBIGUITY_FUZZY_CANDIDATE,HOLD_REVIEW_AFTER_PRIOR_ATTEMPTS,Sol,2026-09-12
PLAYER_CREATION,YES,POR1,CS Marítimo,1301,Rodri Andrade,696656,2001-11-24,,,,2490376,MISSING_FROM_FM,YES,Rodrigo Marcos Rodrigues Andrade,2001-11-24,Portugal,Mittelfeld - Defensives Mittelfeld,2027-06-30,2024-07-01,https://www.transfermarkt.de/rodri-andrade/profil/spieler/696656,d9ba810179bf6419410ee75463960face506bc41969e2136c8a78efad16a709e,1301,CS Marítimo,CURRENT_ROSTER_SOURCE_OBSERVED,https://www.transfermarkt.de/cs-maritimo/kader/verein/1301/saison_id/2026/plus/1,5cfc233404ec9b89440eac630270b3e1ade7aaa468abf0d7c72a774e94f85e1b,CONFIRMED,Defensives Mittelfeld,2024-07-01,2027-06-30,6,https://www.transfermarkt.de/cs-maritimo/kader/verein/1301/saison_id/2026/plus/1,5cfc233404ec9b89440eac630270b3e1ade7aaa468abf0d7c72a774e94f85e1b,identity-resolutions | create-ready-review,2,REVIEW_REQUIRED,REVIEW_REQUIRED_AFTER_TWO_ATTEMPTS,,,,,,[],"[{""fm_id"":""153385"",""fifa_id"":""264308"",""name"":""Rodrigo Andrade"",""dob"":""2001-11-24"",""club_id"":""2490376""}]","[{""score"":0.6512,""fm_id"":""153385"",""fifa_id"":""264308"",""name"":""Rodrigo Andrade"",""dob"":""2001-11-24"",""club_id"":""2490376""}]",existing/fuzzy candidate retained for Sol review,PLAYER_CREATION_PREREQUISITE_MISSING,IDENTITY_AMBIGUITY_DUPLICATE_REVIEW_LEAD | IDENTITY_AMBIGUITY_FUZZY_CANDIDATE,HOLD_REVIEW_AFTER_PRIOR_ATTEMPTS,Sol,2026-09-12
PLAYER_CREATION,YES,POR1,CS Marítimo,1301,Xiko Gomes,927715,2004-04-14,,,,2490376,MISSING_FROM_FM,YES,Francisco Tomás Aguiar Gomes,2004-04-14,Portugal Venezuela,Sturm - Rechtsaußen,2027-06-30,2024-07-01,https://www.transfermarkt.de/xiko-gomes/profil/spieler/927715,8dd0eacb58619be51a56d304e41fd65a8a0c467123eddde6d2695cd32d3b97e8,1301,CS Marítimo,CURRENT_ROSTER_SOURCE_OBSERVED,https://www.transfermarkt.de/cs-maritimo/kader/verein/1301/saison_id/2026/plus/1,5cfc233404ec9b89440eac630270b3e1ade7aaa468abf0d7c72a774e94f85e1b,CONFIRMED,Rechtsaußen,2024-07-01,2027-06-30,20,https://www.transfermarkt.de/cs-maritimo/kader/verein/1301/saison_id/2026/plus/1,5cfc233404ec9b89440eac630270b3e1ade7aaa468abf0d7c72a774e94f85e1b,identity-resolutions | create-ready-review,2,REVIEW_REQUIRED,REVIEW_REQUIRED_AFTER_TWO_ATTEMPTS,,,,,,[],"[{""fm_id"":""153384"",""fifa_id"":""0"",""name"":""Francisco Gomes"",""dob"":""2004-04-14"",""club_id"":""2490376""}]","[{""score"":0.7179,""fm_id"":""153384"",""fifa_id"":""0"",""name"":""Francisco Gomes"",""dob"":""2004-04-14"",""club_id"":""2490376""}]",existing/fuzzy candidate retained for Sol review,PLAYER_CREATION_PREREQUISITE_MISSING,IDENTITY_AMBIGUITY_DUPLICATE_REVIEW_LEAD | IDENTITY_AMBIGUITY_FUZZY_CANDIDATE,HOLD_REVIEW_AFTER_PRIOR_ATTEMPTS,Sol,2026-09-12
PLAYER_CREATION,YES,POR1,Casa Pia AC,3268,Kaly,1241219,2003-11-27,,,,2494469,MISSING_FROM_FM,YES,Kaly,2003-11-27,Angola,Abwehr - Innenverteidiger,2027-06-30,2025-01-31,https://www.transfermarkt.de/kaly/profil/spieler/1241219,9f0f842e9faa0eaf5294f330272f903dba92895be802da4a6619ec64ccb69f80,3268,Casa Pia AC,CURRENT_ROSTER_SOURCE_OBSERVED,https://www.transfermarkt.de/casa-pia-ac/kader/verein/3268/saison_id/2026/plus/1,a3e2a5277eff3871e27db7ef969d3905123f5c71aebb08128024f85e9a547b72,CONFIRMED,Innenverteidiger,2025-01-31,2027-06-30,3,https://www.transfermarkt.de/casa-pia-ac/kader/verein/3268/saison_id/2026/plus/1,a3e2a5277eff3871e27db7ef969d3905123f5c71aebb08128024f85e9a547b72,identity-confirmed,2,CONFIRMED,CONTROLLED_NAME_VARIANT,288050,77337,Khaly,2003-11-27,2494469,[],[],[],,EXISTING_NATIVE_IDENTITY_CONFIRMED,NONE_CREATION_NOT_REQUIRED,DO_NOT_CREATE_USE_NATIVE_BRIDGE,,2026-09-12
PLAYER_CREATION,YES,POR1,Casa Pia AC,3268,Seba Pérez,182108,1993-03-29,,,,2494469,MISSING_FROM_FM,YES,Sebastián Pérez Cardona,1993-03-29,Kolumbien,Mittelfeld - Defensives Mittelfeld,2027-06-30,2025-07-30,https://www.transfermarkt.de/seba-perez/profil/spieler/182108,c710a70cf255f90c114aa41a5d784e109a8c73cf9911024f0b4160811c1167fb,3268,Casa Pia AC,CURRENT_ROSTER_SOURCE_OBSERVED,https://www.transfermarkt.de/casa-pia-ac/kader/verein/3268/saison_id/2026/plus/1,a3e2a5277eff3871e27db7ef969d3905123f5c71aebb08128024f85e9a547b72,CONFIRMED,Defensives Mittelfeld,2025-07-30,2027-06-30,24,https://www.transfermarkt.de/casa-pia-ac/kader/verein/3268/saison_id/2026/plus/1,a3e2a5277eff3871e27db7ef969d3905123f5c71aebb08128024f85e9a547b72,identity-resolutions | create-ready-review,2,REVIEW_REQUIRED,REVIEW_REQUIRED_AFTER_TWO_ATTEMPTS,,,,,,[],"[{""fm_id"":""288025"",""fifa_id"":""214606"",""name"":""Sebastián Pérez"",""dob"":""1993-03-29"",""club_id"":""2494469""}]","[{""score"":0.8,""fm_id"":""288025"",""fifa_id"":""214606"",""name"":""Sebastián Pérez"",""dob"":""1993-03-29"",""club_id"":""2494469""}]",existing/fuzzy candidate retained for Sol review,PLAYER_CREATION_PREREQUISITE_MISSING,IDENTITY_AMBIGUITY_DUPLICATE_REVIEW_LEAD | IDENTITY_AMBIGUITY_FUZZY_CANDIDATE,HOLD_REVIEW_AFTER_PRIOR_ATTEMPTS,Sol,2026-09-12
PLAYER_CREATION,YES,POR1,FC Famalicão,3329,Léo Realpe,656409,2001-02-26,,,,2490398,MISSING_FROM_FM,YES,Leonardo Javier Realpe Montaño,2001-02-26,Ecuador,Abwehr - Innenverteidiger,2029-06-30,2025-07-01,https://www.transfermarkt.de/leo-realpe/profil/spieler/656409,751c1e6d259733675a8858bb729b6e5a03f8c709fe103d52fbd6a6223e9d22a8,3329,FC Famalicão,CURRENT_ROSTER_SOURCE_OBSERVED,https://www.transfermarkt.de/fc-famalicao/kader/verein/3329/saison_id/2026/plus/1,52ed6f3f188fcbdc2398a013bd0aa1005388801741871711df5ab62761c66f72,CONFIRMED,Innenverteidiger,2025-07-01,2029-06-30,3,https://www.transfermarkt.de/fc-famalicao/kader/verein/3329/saison_id/2026/plus/1,52ed6f3f188fcbdc2398a013bd0aa1005388801741871711df5ab62761c66f72,identity-resolutions | create-ready-review,2,REVIEW_REQUIRED,REVIEW_REQUIRED_AFTER_TWO_ATTEMPTS,,,,,,[],"[{""fm_id"":""287688"",""fifa_id"":""253350"",""name"":""Leonardo Realpe"",""dob"":""2001-02-26"",""club_id"":""2490398""}]","[{""score"":0.6829,""fm_id"":""287688"",""fifa_id"":""253350"",""name"":""Leonardo Realpe"",""dob"":""2001-02-26"",""club_id"":""2490398""}]",existing/fuzzy candidate retained for Sol review,PLAYER_CREATION_PREREQUISITE_MISSING,IDENTITY_AMBIGUITY_DUPLICATE_REVIEW_LEAD | IDENTITY_AMBIGUITY_FUZZY_CANDIDATE,HOLD_REVIEW_AFTER_PRIOR_ATTEMPTS,Sol,2026-09-12
PLAYER_CREATION,YES,POR1,Gil Vicente FC,2424,Buatu,137313,1993-09-27,,,,2490375,MISSING_FROM_FM,YES,Jonathan Buatu Mananga,1993-09-27,Angola Belgien,Abwehr - Innenverteidiger,2028-06-30,2024-01-25,https://www.transfermarkt.de/buatu/profil/spieler/137313,c96f74f52d0294e9d1081e2622bde04e7b9537e66799c12e227083e006cfc33f,2424,Gil Vicente FC,CURRENT_ROSTER_SOURCE_OBSERVED,https://www.transfermarkt.de/gil-vicente-fc/kader/verein/2424/saison_id/2026/plus/1,e615ed113cbf0012df4490859c154266a50a72247c7f67c260f2f4ab6c49e4d1,CONFIRMED,Innenverteidiger,2024-01-25,2028-06-30,39,https://www.transfermarkt.de/gil-vicente-fc/kader/verein/2424/saison_id/2026/plus/1,e615ed113cbf0012df4490859c154266a50a72247c7f67c260f2f4ab6c49e4d1,identity-resolutions | create-ready-review,2,REVIEW_REQUIRED,REVIEW_REQUIRED_AFTER_TWO_ATTEMPTS,,,,,,[],"[{""fm_id"":""287211"",""fifa_id"":""209816"",""name"":""Jonathan Buatu"",""dob"":""1993-09-27"",""club_id"":""2490375""}]","[{""score"":0.7879,""fm_id"":""287211"",""fifa_id"":""209816"",""name"":""Jonathan Buatu"",""dob"":""1993-09-27"",""club_id"":""2490375""}]",existing/fuzzy candidate retained for Sol review,PLAYER_CREATION_PREREQUISITE_MISSING,IDENTITY_AMBIGUITY_DUPLICATE_REVIEW_LEAD | IDENTITY_AMBIGUITY_FUZZY_CANDIDATE,HOLD_REVIEW_AFTER_PRIOR_ATTEMPTS,Sol,2026-09-12
PLAYER_CREATION,YES,POR1,Gil Vicente FC,2424,Santi García,732096,2001-08-29,,,,2490375,MISSING_FROM_FM,YES,Santiago García González,2001-08-29,Spanien,Mittelfeld - Offensives Mittelfeld,2028-06-30,2024-07-05,https://www.transfermarkt.de/santi-garcia/profil/spieler/732096,e65bddc623f56fd6c81bbfebe29501913d8d8324dcc8e0811ca6f243e5390567,2424,Gil Vicente FC,CURRENT_ROSTER_SOURCE_OBSERVED,https://www.transfermarkt.de/gil-vicente-fc/kader/verein/2424/saison_id/2026/plus/1,e615ed113cbf0012df4490859c154266a50a72247c7f67c260f2f4ab6c49e4d1,CONFIRMED,Offensives Mittelfeld,2024-07-05,2028-06-30,10,https://www.transfermarkt.de/gil-vicente-fc/kader/verein/2424/saison_id/2026/plus/1,e615ed113cbf0012df4490859c154266a50a72247c7f67c260f2f4ab6c49e4d1,identity-resolutions | create-ready-review,2,REVIEW_REQUIRED,REVIEW_REQUIRED_AFTER_TWO_ATTEMPTS,,,,,,[],"[{""fm_id"":""287217"",""fifa_id"":""277878"",""name"":""Santiago García"",""dob"":""2001-08-29"",""club_id"":""2490375""}]","[{""score"":0.7778,""fm_id"":""287217"",""fifa_id"":""277878"",""name"":""Santiago García"",""dob"":""2001-08-29"",""club_id"":""2490375""}]",existing/fuzzy candidate retained for Sol review,PLAYER_CREATION_PREREQUISITE_MISSING,IDENTITY_AMBIGUITY_DUPLICATE_REVIEW_LEAD | IDENTITY_AMBIGUITY_FUZZY_CANDIDATE,HOLD_REVIEW_AFTER_PRIOR_ATTEMPTS,Sol,2026-09-12
PLAYER_CREATION,YES,POR1,Moreirense FC,979,Alexandre Parsemain,811432,2003-05-27,,,,2490377,MISSING_FROM_FM,YES,Alexandre Nicolas Duville-Parsemain,2003-05-27,Martinique Frankreich,Sturm - Mittelstürmer,2030-06-30,2026-07-02,https://www.transfermarkt.de/alexandre-parsemain/profil/spieler/811432,677f085a91f131802d70efd810db649a02f929c3bad24dda85a4440abd7f58bc,979,Moreirense FC,CURRENT_ROSTER_SOURCE_OBSERVED,https://www.transfermarkt.de/moreirense-fc/kader/verein/979/saison_id/2026/plus/1,9aa16aff197b371e36892b5321c0c1db769f09802a8338c111eb56304e7798bc,CONFIRMED,Mittelstürmer,2026-07-02,2030-06-30,9,https://www.transfermarkt.de/moreirense-fc/kader/verein/979/saison_id/2026/plus/1,9aa16aff197b371e36892b5321c0c1db769f09802a8338c111eb56304e7798bc,identity-resolutions | create-ready-review | create-ready,2,REVIEW_REQUIRED,REVIEW_REQUIRED_AFTER_TWO_ATTEMPTS,,,,,,[],[],[],"adult scoped-squad profile with zero exact, duplicate-index, and fuzzy candidates",ALREADY_CREATE_READY,NONE_ALREADY_IN_EXISTING_CREATE_READY,EXCLUDE_EXISTING_CREATE_READY_DUPLICATE,,2026-09-12
PLAYER_CREATION,YES,POR1,Moreirense FC,979,Chipyoka Songa,1072324,2004-09-24,,,,2490377,MISSING_FROM_FM,YES,Chipyoka Songa,2004-09-24,Sambia,Mittelfeld - Offensives Mittelfeld,2031-06-30,2026-09-04,https://www.transfermarkt.de/chipyoka-songa/profil/spieler/1072324,1942674e3a19e7f6b84a60448e350c896236f0f078c403fa90e7680454122a5d,979,Moreirense FC,CURRENT_ROSTER_SOURCE_OBSERVED,https://www.transfermarkt.de/moreirense-fc/kader/verein/979/saison_id/2026/plus/1,9aa16aff197b371e36892b5321c0c1db769f09802a8338c111eb56304e7798bc,CONFIRMED,Offensives Mittelfeld,2026-09-04,2031-06-30,28,https://www.transfermarkt.de/moreirense-fc/kader/verein/979/saison_id/2026/plus/1,9aa16aff197b371e36892b5321c0c1db769f09802a8338c111eb56304e7798bc,identity-resolutions | create-ready-review,2,REVIEW_REQUIRED,REVIEW_REQUIRED_AFTER_TWO_ATTEMPTS,,,,,,[],"[{""fm_id"":""114558"",""fifa_id"":""0"",""name"":""Chipyoka Songa"",""dob"":""2004-09-28"",""club_id"":""1703940""}]",[],existing/fuzzy candidate retained for Sol review,PLAYER_CREATION_PREREQUISITE_MISSING,IDENTITY_AMBIGUITY_DUPLICATE_REVIEW_LEAD,HOLD_REVIEW_AFTER_PRIOR_ATTEMPTS,Sol,2026-09-12
PLAYER_CREATION,YES,POR1,Moreirense FC,979,Guilherme Liberato,739442,2001-06-16,,,,2490377,MISSING_FROM_FM,YES,Guilherme Liberato Tomas de Aquino,2001-06-16,Brasilien,Mittelfeld - Defensives Mittelfeld,2028-06-30,2024-07-01,https://www.transfermarkt.de/guilherme-liberato/profil/spieler/739442,1795eaccdb1cc6a7df976492e35a1d7a8e54bd4d27a3a043ec49a2d13c3ad647,979,Moreirense FC,CURRENT_ROSTER_SOURCE_OBSERVED,https://www.transfermarkt.de/moreirense-fc/kader/verein/979/saison_id/2026/plus/1,9aa16aff197b371e36892b5321c0c1db769f09802a8338c111eb56304e7798bc,CONFIRMED,Defensives Mittelfeld,2024-07-01,2028-06-30,65,https://www.transfermarkt.de/moreirense-fc/kader/verein/979/saison_id/2026/plus/1,9aa16aff197b371e36892b5321c0c1db769f09802a8338c111eb56304e7798bc,identity-resolutions | create-ready-review,2,REVIEW_REQUIRED,REVIEW_REQUIRED_AFTER_TWO_ATTEMPTS,,,,,,[],[],[],existing reviewed alias has no current Native08 bridge,PLAYER_CREATION_PREREQUISITE_MISSING,IDENTITY_AMBIGUITY_REVIEWED_ALIAS_NO_BRIDGE,HOLD_REVIEW_AFTER_PRIOR_ATTEMPTS,Sol,2026-09-12
PLAYER_CREATION,YES,POR1,Moreirense FC,979,Rodri Alonso,668178,2003-01-04,,,,2490377,MISSING_FROM_FM,YES,Rodrigo Alonso Martín,2003-01-04,Spanien,Mittelfeld - Zentrales Mittelfeld,2028-06-30,2025-07-01,https://www.transfermarkt.de/rodri-alonso/profil/spieler/668178,cee9a0ffed3fdc16c31fd60805e90f3a28e1878c0432206a73e04c7e98b853e3,979,Moreirense FC,CURRENT_ROSTER_SOURCE_OBSERVED,https://www.transfermarkt.de/moreirense-fc/kader/verein/979/saison_id/2026/plus/1,9aa16aff197b371e36892b5321c0c1db769f09802a8338c111eb56304e7798bc,CONFIRMED,Zentrales Mittelfeld,2025-07-01,2028-06-30,21,https://www.transfermarkt.de/moreirense-fc/kader/verein/979/saison_id/2026/plus/1,9aa16aff197b371e36892b5321c0c1db769f09802a8338c111eb56304e7798bc,identity-resolutions | create-ready-review,2,REVIEW_REQUIRED,REVIEW_REQUIRED_AFTER_TWO_ATTEMPTS,,,,,,[],"[{""fm_id"":""287070"",""fifa_id"":""270729"",""name"":""Rodrigo Alonso"",""dob"":""2003-01-04"",""club_id"":""2490377""}]","[{""score"":0.8125,""fm_id"":""287070"",""fifa_id"":""270729"",""name"":""Rodrigo Alonso"",""dob"":""2003-01-04"",""club_id"":""2490377""}]",existing/fuzzy candidate retained for Sol review,PLAYER_CREATION_PREREQUISITE_MISSING,IDENTITY_AMBIGUITY_DUPLICATE_REVIEW_LEAD | IDENTITY_AMBIGUITY_FUZZY_CANDIDATE,HOLD_REVIEW_AFTER_PRIOR_ATTEMPTS,Sol,2026-09-12
PLAYER_CREATION,YES,POR1,Sporting Lissabon,336,Maxi Araújo,572675,2000-02-15,,,,2490382,MISSING_FROM_FM,YES,Maximiliano Javier Araújo Vilches,2000-02-15,Uruguay,Abwehr - Linker Verteidiger,2030-06-30,2024-08-27,https://www.transfermarkt.de/maxi-araujo/profil/spieler/572675,b5345e578d682b0170f7376025bb690c01948d6655b322df9188bb9fff738660,336,Sporting Lissabon,CURRENT_ROSTER_SOURCE_OBSERVED,https://www.transfermarkt.de/sporting-lissabon/kader/verein/336/saison_id/2026/plus/1,fce120a2b046675218521683927dd5d73c66a22ed96ac121140956eb3bee30ba,CONFIRMED,Linker Verteidiger,2024-08-27,2030-06-30,20,https://www.transfermarkt.de/sporting-lissabon/kader/verein/336/saison_id/2026/plus/1,fce120a2b046675218521683927dd5d73c66a22ed96ac121140956eb3bee30ba,identity-resolutions | create-ready-review,2,REVIEW_REQUIRED,REVIEW_REQUIRED_AFTER_TWO_ATTEMPTS,,,,,,[],"[{""fm_id"":""286412"",""fifa_id"":""254817"",""name"":""Maximiliano Araújo"",""dob"":""2000-02-15"",""club_id"":""2490382""}]","[{""score"":0.7234,""fm_id"":""286412"",""fifa_id"":""254817"",""name"":""Maximiliano Araújo"",""dob"":""2000-02-15"",""club_id"":""2490382""}]",existing/fuzzy candidate retained for Sol review,PLAYER_CREATION_PREREQUISITE_MISSING,IDENTITY_AMBIGUITY_DUPLICATE_REVIEW_LEAD | IDENTITY_AMBIGUITY_FUZZY_CANDIDATE,HOLD_REVIEW_AFTER_PRIOR_ATTEMPTS,Sol,2026-09-12
PLAYER_CREATION,YES,POR1,Vitória Guimarães SC,2420,Beni Mukendi,666539,2002-05-21,,,,2490397,MISSING_FROM_FM,NO,,,,,,,,,2420,Vitória Guimarães SC,CURRENT_ROSTER_SOURCE_OBSERVED,https://www.transfermarkt.de/vitoria-guimaraes-sc/kader/verein/2420/saison_id/2026/plus/1,d099b13b522be7fac0425b4aea5d56eb91b99f04255377a276820a33f184d54a,CONFIRMED,Zentrales Mittelfeld,2025-02-03,2029-06-30,16,https://www.transfermarkt.de/vitoria-guimaraes-sc/kader/verein/2420/saison_id/2026/plus/1,d099b13b522be7fac0425b4aea5d56eb91b99f04255377a276820a33f184d54a,identity-confirmed,2,CONFIRMED,EXISTING_OVERRIDE_FIFA_DOB,286629,273840,Benedito Mukendi,2002-05-21,2490397,[],[],[],,EXISTING_NATIVE_IDENTITY_CONFIRMED,NONE_CREATION_NOT_REQUIRED,DO_NOT_CREATE_USE_NATIVE_BRIDGE,,2026-09-12
PLAYER_CREATION,YES,POR1,Vitória Guimarães SC,2420,Rica Rocha,902869,2003-09-07,,,,2490397,MISSING_FROM_FM,YES,Ricardo Joaquim Ferreira Rocha,2003-09-07,Portugal,Mittelfeld - Defensives Mittelfeld,2028-06-30,2024-07-01,https://www.transfermarkt.de/rica-rocha/profil/spieler/902869,2d6114081ecf00accc2a3670ebbc81faed8ab51e5c7eeb6d48aaefa43ca30217,15136,Vitória Guimarães SC B,PROFILE_RESERVE_MISMATCH,https://www.transfermarkt.de/vitoria-guimaraes-sc/kader/verein/2420/saison_id/2026/plus/1,d099b13b522be7fac0425b4aea5d56eb91b99f04255377a276820a33f184d54a,CONFIRMED,Defensives Mittelfeld,,2028-06-30,80,https://www.transfermarkt.de/vitoria-guimaraes-sc/kader/verein/2420/saison_id/2026/plus/1,d099b13b522be7fac0425b4aea5d56eb91b99f04255377a276820a33f184d54a,identity-confirmed,2,CONFIRMED,CONTROLLED_NAME_VARIANT,286665,81519,Ricardo Rocha,2003-09-07,2490397,[],[],[],,EXISTING_NATIVE_IDENTITY_CONFIRMED,NONE_CREATION_NOT_REQUIRED,DO_NOT_CREATE_USE_NATIVE_BRIDGE,,2026-09-12
PLAYER_CREATION,YES,TUR1,Erzurumspor FK,39722,Nariman Akhundzada,865793,2004-04-23,,,,3145765,MISSING_FROM_FM,YES,Nəriman Əhməd oğlu Axundzadə,2004-04-23,Aserbaidschan,Sturm - Mittelstürmer,2027-06-30,2026-08-03,https://www.transfermarkt.de/nariman-akhundzada/profil/spieler/865793,19b21ff9e61a1db1d24b14e4c2e2b3aa34ee25240ae8e7d1a618719358aa86b6,39722,Erzurumspor FK,CURRENT_ROSTER_SOURCE_OBSERVED,https://www.transfermarkt.de/erzurumspor-fk/kader/verein/39722/saison_id/2026/plus/1,aaa2316b00aefef231faf95d7f3e3871f7c712aaa423cb88c256177acd6d2902,CONFIRMED,Mittelstürmer,2026-08-03,2027-06-30,90,https://www.transfermarkt.de/erzurumspor-fk/kader/verein/39722/saison_id/2026/plus/1,aaa2316b00aefef231faf95d7f3e3871f7c712aaa423cb88c256177acd6d2902,identity-resolutions | create-ready-review,2,REVIEW_REQUIRED,REVIEW_REQUIRED_AFTER_TWO_ATTEMPTS,,,,,,[],[],"[{""score"":0.7568,""fm_id"":""203162"",""fifa_id"":""72870"",""name"":""Nariman Axundzada"",""dob"":""2004-04-23"",""club_id"":""327686""}]",existing/fuzzy candidate retained for Sol review,PLAYER_CREATION_PREREQUISITE_MISSING,IDENTITY_AMBIGUITY_FUZZY_CANDIDATE,HOLD_REVIEW_AFTER_PRIOR_ATTEMPTS,Sol,2026-09-12
PLAYER_CREATION,YES,TUR1,Galatasaray,141,Aleksey Batrakov,720286,2005-06-09,,,,3145825,MISSING_FROM_FM,NO,,,,,,,,,141,Galatasaray,CURRENT_ROSTER_SOURCE_OBSERVED,https://www.transfermarkt.de/galatasaray/kader/verein/141/saison_id/2026/plus/1,66f1195fdd6d32bc947bb726ca4925adf5e39b928cebbb291569108f880a8f16,CONFIRMED,Offensives Mittelfeld,2026-08-20,2031-06-30,83,https://www.transfermarkt.de/galatasaray/kader/verein/141/saison_id/2026/plus/1,66f1195fdd6d32bc947bb726ca4925adf5e39b928cebbb291569108f880a8f16,identity-confirmed,2,CONFIRMED,EXISTING_OVERRIDE_NAME_DOB,171071,0,Alexey Batrakov,2005-06-09,3145825,[],[],[],,EXISTING_NATIVE_IDENTITY_CONFIRMED,NONE_CREATION_NOT_REQUIRED,DO_NOT_CREATE_USE_NATIVE_BRIDGE,,2026-09-12
PLAYER_CREATION,YES,TUR1,Gaziantep FK,2832,Burak Enes Yıkıcı,952093,2004-03-29,,,,3145773,MISSING_FROM_FM,YES,Burak Enes Yıkıcı,2004-03-29,Türkei,Mittelfeld - Offensives Mittelfeld,2027-06-30,2024-07-01,https://www.transfermarkt.de/burak-enes-yikici/profil/spieler/952093,19f3036e8495e528beff991771e4fa84aef6e1861a3c8099b30829408f71805e,2832,Gaziantep FK,CURRENT_ROSTER_SOURCE_OBSERVED,https://www.transfermarkt.de/gaziantep-fk/kader/verein/2832/saison_id/2026/plus/1,81446f340c520f2c5aff4253c251edc727d259530fe5221a6b24ee6cfb9e01e1,CONFIRMED,Offensives Mittelfeld,2024-07-01,2027-06-30,-,https://www.transfermarkt.de/gaziantep-fk/kader/verein/2832/saison_id/2026/plus/1,81446f340c520f2c5aff4253c251edc727d259530fe5221a6b24ee6cfb9e01e1,identity-resolutions | create-ready-review,2,REVIEW_REQUIRED,REVIEW_REQUIRED_AFTER_TWO_ATTEMPTS,,,,,,[],[],"[{""score"":0.8,""fm_id"":""202076"",""fifa_id"":""0"",""name"":""Burak Yıkıcı"",""dob"":""2004-03-29"",""club_id"":""3149837""}]",existing/fuzzy candidate retained for Sol review,PLAYER_CREATION_PREREQUISITE_MISSING,IDENTITY_AMBIGUITY_FUZZY_CANDIDATE,HOLD_REVIEW_AFTER_PRIOR_ATTEMPTS,Sol,2026-09-12
PLAYER_CREATION,YES,TUR1,Gaziantep FK,2832,Taha Güneş,1048119,2006-01-01,,,,3145773,MISSING_FROM_FM,YES,Muhammet Taha Güneş,2006-01-01,Türkei,Mittelfeld - Offensives Mittelfeld,2027-06-30,2025-05-05,https://www.transfermarkt.de/taha-gunes/profil/spieler/1048119,8ab8956dd4613d6b7ae0475114534c739b9fefb6142d1e6e897c3eae945463d3,2832,Gaziantep FK,CURRENT_ROSTER_SOURCE_OBSERVED,https://www.transfermarkt.de/gaziantep-fk/kader/verein/2832/saison_id/2026/plus/1,81446f340c520f2c5aff4253c251edc727d259530fe5221a6b24ee6cfb9e01e1,CONFIRMED,Offensives Mittelfeld,2025-05-05,2027-06-30,-,https://www.transfermarkt.de/gaziantep-fk/kader/verein/2832/saison_id/2026/plus/1,81446f340c520f2c5aff4253c251edc727d259530fe5221a6b24ee6cfb9e01e1,identity-resolutions | create-ready-review,2,REVIEW_REQUIRED,REVIEW_REQUIRED_AFTER_TWO_ATTEMPTS,,,,,,[],"[{""fm_id"":""200297"",""fifa_id"":""0"",""name"":""Muhammet Güneş"",""dob"":""2006-01-01"",""club_id"":""3145773""}]","[{""score"":0.8667,""fm_id"":""200297"",""fifa_id"":""0"",""name"":""Muhammet Güneş"",""dob"":""2006-01-01"",""club_id"":""3145773""},{""score"":0.7097,""fm_id"":""203087"",""fifa_id"":""0"",""name"":""Muhammet Apaydın"",""dob"":""2006-01-01"",""club_id"":""3159539""}]",existing/fuzzy candidate retained for Sol review,PLAYER_CREATION_PREREQUISITE_MISSING,IDENTITY_AMBIGUITY_DUPLICATE_REVIEW_LEAD | IDENTITY_AMBIGUITY_FUZZY_CANDIDATE,HOLD_REVIEW_AFTER_PRIOR_ATTEMPTS,Sol,2026-09-12
PLAYER_CREATION,YES,TUR1,Gaziantep FK,2832,İbrahim Kağan Alkış,1181959,2006-01-01,,,,3145773,MISSING_FROM_FM,YES,İbrahim Kağan Alkış,2006-01-01,Türkei,Torwart,2027-06-30,2025-07-01,https://www.transfermarkt.de/ibrahim-kagan-alkis/profil/spieler/1181959,16da470fa60024442581b9264c6ca3d6ecb1cf53c77d2eff693976cb136d6c8d,2832,Gaziantep FK,CURRENT_ROSTER_SOURCE_OBSERVED,https://www.transfermarkt.de/gaziantep-fk/kader/verein/2832/saison_id/2026/plus/1,81446f340c520f2c5aff4253c251edc727d259530fe5221a6b24ee6cfb9e01e1,CONFIRMED,Torwart,2025-07-01,2027-06-30,-,https://www.transfermarkt.de/gaziantep-fk/kader/verein/2832/saison_id/2026/plus/1,81446f340c520f2c5aff4253c251edc727d259530fe5221a6b24ee6cfb9e01e1,identity-confirmed,2,CONFIRMED,CONTROLLED_NAME_VARIANT,200299,0,İbrahim Alkış,2006-01-01,3145773,[],[],[],,EXISTING_NATIVE_IDENTITY_CONFIRMED,NONE_CREATION_NOT_REQUIRED,DO_NOT_CREATE_USE_NATIVE_BRIDGE,,2026-09-12
PLAYER_CREATION,YES,TUR1,Göztepe,1467,Tino Anjorin,433181,2001-11-23,,,,3145820,MISSING_FROM_FM,YES,Faustino Adebola Rasheed Anjorin,2001-11-23,England Nigeria,Mittelfeld - Zentrales Mittelfeld,2027-06-30,2026-09-04,https://www.transfermarkt.de/tino-anjorin/profil/spieler/433181,082b2a445b8a4a71d5c62ac0ccb3831826e5168d7261f46f6226044404ab39d8,1467,Göztepe,CURRENT_ROSTER_SOURCE_OBSERVED,https://www.transfermarkt.de/goztepe/kader/verein/1467/saison_id/2026/plus/1,7e750ea20c17f8114b86f2de82ca9a2830fe95988c05d73fe5e72a2f70c29e0f,CONFIRMED,Zentrales Mittelfeld,2026-09-04,2027-06-30,18,https://www.transfermarkt.de/goztepe/kader/verein/1467/saison_id/2026/plus/1,7e750ea20c17f8114b86f2de82ca9a2830fe95988c05d73fe5e72a2f70c29e0f,identity-resolutions | create-ready-review,2,REVIEW_REQUIRED,REVIEW_REQUIRED_AFTER_TWO_ATTEMPTS,,,,,,[],"[{""fm_id"":""284241"",""fifa_id"":""248474"",""name"":""Faustino Anjorin"",""dob"":""2001-11-23"",""club_id"":""1769499""}]","[{""score"":0.6818,""fm_id"":""284241"",""fifa_id"":""248474"",""name"":""Faustino Anjorin"",""dob"":""2001-11-23"",""club_id"":""1769499""}]",existing/fuzzy candidate retained for Sol review,PLAYER_CREATION_PREREQUISITE_MISSING,IDENTITY_AMBIGUITY_DUPLICATE_REVIEW_LEAD | IDENTITY_AMBIGUITY_FUZZY_CANDIDATE,HOLD_REVIEW_AFTER_PRIOR_ATTEMPTS,Sol,2026-09-12
PLAYER_CREATION,YES,TUR1,Kasimpasa,10484,Muhammed Emin Bektaş,1315482,2006-07-01,,,,3145843,MISSING_FROM_FM,YES,Muhammed Emin Bektaş,2006-07-01,Türkei,Sturm - Mittelstürmer,2030-06-30,2026-08-08,https://www.transfermarkt.de/muhammed-emin-bektas/profil/spieler/1315482,9cfe68b6bdf5a7f73bb269e494afee371d6af27790b4e5de6455e46a337dc186,10484,Kasimpasa,CURRENT_ROSTER_SOURCE_OBSERVED,https://www.transfermarkt.de/kasimpasa/kader/verein/10484/saison_id/2026/plus/1,c67384cb86e5ab0489a71469deab8847f74c6c6c97729fe8853bfdf343f41060,CONFIRMED,Mittelstürmer,2026-08-08,2030-06-30,99,https://www.transfermarkt.de/kasimpasa/kader/verein/10484/saison_id/2026/plus/1,c67384cb86e5ab0489a71469deab8847f74c6c6c97729fe8853bfdf343f41060,identity-resolutions | create-ready-review,2,REVIEW_REQUIRED,REVIEW_REQUIRED_AFTER_TWO_ATTEMPTS,,,,,,[],[],"[{""score"":0.7143,""fm_id"":""202958"",""fifa_id"":""0"",""name"":""Emin Bektaş"",""dob"":""2006-07-01"",""club_id"":""3159909""}]",existing/fuzzy candidate retained for Sol review,PLAYER_CREATION_PREREQUISITE_MISSING,IDENTITY_AMBIGUITY_FUZZY_CANDIDATE,HOLD_REVIEW_AFTER_PRIOR_ATTEMPTS,Sol,2026-09-12
PLAYER_CREATION,YES,TUR1,Kocaelispor,120,Dan Agyei,367195,1997-06-01,,,,3145754,MISSING_FROM_FM,YES,Daniel Ebenezer Agyei,1997-06-01,Ghana England,Sturm - Rechtsaußen,2027-06-30,2025-07-01,https://www.transfermarkt.de/dan-agyei/profil/spieler/367195,878dafae5b21042c7f46b7a32d494ba920f58cb751929b05d22bbd7adde1bd34,120,Kocaelispor,CURRENT_ROSTER_SOURCE_OBSERVED,https://www.transfermarkt.de/kocaelispor/kader/verein/120/saison_id/2026/plus/1,bda2ed30c80e868d465811681293fb83205ade381ad18055d9cd750ca9ce7817,CONFIRMED,Rechtsaußen,2025-07-01,2027-06-30,7,https://www.transfermarkt.de/kocaelispor/kader/verein/120/saison_id/2026/plus/1,bda2ed30c80e868d465811681293fb83205ade381ad18055d9cd750ca9ce7817,identity-resolutions | create-ready-review,2,REVIEW_REQUIRED,REVIEW_REQUIRED_AFTER_TWO_ATTEMPTS,,,,,,[],"[{""fm_id"":""200378"",""fifa_id"":""228382"",""name"":""Daniel Agyei"",""dob"":""1997-06-01"",""club_id"":""3145754""}]","[{""score"":0.7333,""fm_id"":""200378"",""fifa_id"":""228382"",""name"":""Daniel Agyei"",""dob"":""1997-06-01"",""club_id"":""3145754""}]",existing/fuzzy candidate retained for Sol review,PLAYER_CREATION_PREREQUISITE_MISSING,IDENTITY_AMBIGUITY_DUPLICATE_REVIEW_LEAD | IDENTITY_AMBIGUITY_FUZZY_CANDIDATE,HOLD_REVIEW_AFTER_PRIOR_ATTEMPTS,Sol,2026-09-12
PLAYER_CREATION,YES,TUR1,Samsunspor,152,Efe Berat Töruz,1070009,2006-09-08,,,,3145745,MISSING_FROM_FM,YES,Efe Berat Töruz,2006-09-08,Türkei,Torwart,2029-06-30,2024-07-01,https://www.transfermarkt.de/efe-berat-toruz/profil/spieler/1070009,a15eeecf2b42c8f3df31b467a7ea9bef710cb9bd792a3fae93ca0fefddaf963c,152,Samsunspor,CURRENT_ROSTER_SOURCE_OBSERVED,https://www.transfermarkt.de/samsunspor/kader/verein/152/saison_id/2026/plus/1,4e99640342d6c03de82a839147f9c53a0cc4bc14523c727d2894fc2df5432171,CONFIRMED,Torwart,2024-07-01,2029-06-30,-,https://www.transfermarkt.de/samsunspor/kader/verein/152/saison_id/2026/plus/1,4e99640342d6c03de82a839147f9c53a0cc4bc14523c727d2894fc2df5432171,identity-resolutions | create-ready-review,2,REVIEW_REQUIRED,REVIEW_REQUIRED_AFTER_TWO_ATTEMPTS,,,,,,[],[],"[{""score"":0.7619,""fm_id"":""297323"",""fifa_id"":""75899"",""name"":""Efe Töruz"",""dob"":""2006-09-08"",""club_id"":""3145745""}]",existing/fuzzy candidate retained for Sol review,PLAYER_CREATION_PREREQUISITE_MISSING,IDENTITY_AMBIGUITY_FUZZY_CANDIDATE,HOLD_REVIEW_AFTER_PRIOR_ATTEMPTS,Sol,2026-09-12
PLAYER_CREATION,YES,TUR1,Samsunspor,152,Mustafa Tan,1161013,2005-04-27,,,,3145745,MISSING_FROM_FM,YES,Haluk Mustafa Tan,2005-04-27,Türkei,Abwehr - Rechter Verteidiger,2028-06-30,2023-12-04,https://www.transfermarkt.de/mustafa-tan/profil/spieler/1161013,1ff017cd782325d9b93feedfa47f16dbe78c830b201ca05071dd08aa2fc72441,152,Samsunspor,CURRENT_ROSTER_SOURCE_OBSERVED,https://www.transfermarkt.de/samsunspor/kader/verein/152/saison_id/2026/plus/1,4e99640342d6c03de82a839147f9c53a0cc4bc14523c727d2894fc2df5432171,CONFIRMED,Rechter Verteidiger,2023-12-04,2028-06-30,29,https://www.transfermarkt.de/samsunspor/kader/verein/152/saison_id/2026/plus/1,4e99640342d6c03de82a839147f9c53a0cc4bc14523c727d2894fc2df5432171,identity-resolutions | create-ready-review,2,REVIEW_REQUIRED,REVIEW_REQUIRED_AFTER_TWO_ATTEMPTS,,,,,,[],"[{""fm_id"":""201384"",""fifa_id"":""0"",""name"":""Haluk Tan"",""dob"":""2005-04-27"",""club_id"":""3145752""}]","[{""score"":0.6957,""fm_id"":""201384"",""fifa_id"":""0"",""name"":""Haluk Tan"",""dob"":""2005-04-27"",""club_id"":""3145752""}]",existing/fuzzy candidate retained for Sol review,PLAYER_CREATION_PREREQUISITE_MISSING,IDENTITY_AMBIGUITY_DUPLICATE_REVIEW_LEAD | IDENTITY_AMBIGUITY_FUZZY_CANDIDATE,HOLD_REVIEW_AFTER_PRIOR_ATTEMPTS,Sol,2026-09-12
PLAYER_CREATION,YES,TUR1,Trabzonspor,449,Erol Can Çolak,1152080,2006-01-02,,,,3145826,MISSING_FROM_FM,YES,Erol Can Çolak,2006-01-02,Türkei,Torwart,2028-06-30,2025-07-01,https://www.transfermarkt.de/erol-can-colak/profil/spieler/1152080,bb2f860c6cffda45a0a8c0c564b1368fb9dee3bee1dbd60aec38669552f790a6,449,Trabzonspor,CURRENT_ROSTER_SOURCE_OBSERVED,https://www.transfermarkt.de/trabzonspor/kader/verein/449/saison_id/2026/plus/1,46d6b6df3f94c27fce5372bec00addc6ddbe5736f874af98f7a926a67acd515f,CONFIRMED,Torwart,2025-07-01,2028-06-30,96,https://www.transfermarkt.de/trabzonspor/kader/verein/449/saison_id/2026/plus/1,46d6b6df3f94c27fce5372bec00addc6ddbe5736f874af98f7a926a67acd515f,identity-confirmed,2,CONFIRMED,CONTROLLED_NAME_VARIANT,297175,0,Erol Çolak,2006-01-02,3145826,[],[],[],,EXISTING_NATIVE_IDENTITY_CONFIRMED,NONE_CREATION_NOT_REQUIRED,DO_NOT_CREATE_USE_NATIVE_BRIDGE,,2026-09-12
