league,club,club_tm_id,player_tm_id,player,dob,fm_id,fifa_id,native_club_id,target_club_id,current_club_tm_id,current_club_name,current_profile_source,current_profile_sha256,transfer_event_id,event_date,transfer_type,old_club_tm_id,old_club_name,old_native_club_id,new_club_tm_id,new_club_name,new_native_club_id,transaction_owner_external_club_id,transaction_owner_native_club_id,loan_end,joined,contract_until,status,timeline_basis,attempts,escalation,event_source,event_source_sha256,roster_source,roster_source_sha256,history_event_ids,provenance
BEL1,KRC Genk,1184,787907,Benjamin Tahirović,2003-03-03,286280,272596,851977,458768,1184,KRC Genk,https://www.transfermarkt.de/benjamin-tahirovic/profil/spieler/787907,ac6400032dc75352f3b45e1eacfd3c1e919d713576b5751a954be95888290795,6547980,,LOAN,206,Bröndby IF,,1184,KRC Genk,458768,206,,2028-06-30,2026-08-30,2027-06-30,REVIEW_REQUIRED,TWO_ATTEMPTS_EXHAUSTED_LOAN_OWNER_END,transfer-event-capture;current-profile-crosscheck,Sol,https://www.transfermarkt.de/jupiler-pro-league/transfers/wettbewerb/BE1/saison_id/2026,b7bb2a6732c6fd36f5bc04c1a381201e6b000a9931eb01f1c8cd74786f19bd7c,https://www.transfermarkt.de/krc-genk/kader/verein/1184/saison_id/2026/plus/1,85979abe0c47d79971cc0cee642e1248d1cad9da00ea0a7a7add7591bfc915c0,6547980,"Queue https://www.transfermarkt.de/krc-genk/kader/verein/1184/saison_id/2026/plus/1 sha256=85979abe0c47d79971cc0cee642e1248d1cad9da00ea0a7a7add7591bfc915c0; transfer event 6547980 from https://www.transfermarkt.de/jupiler-pro-league/transfers/wettbewerb/BE1/saison_id/2026 sha256=b7bb2a6732c6fd36f5bc04c1a381201e6b000a9931eb01f1c8cd74786f19bd7c; profile https://www.transfermarkt.de/benjamin-tahirovic/profil/spieler/787907 sha256=ac6400032dc75352f3b45e1eacfd3c1e919d713576b5751a954be95888290795; effective date used only when explicit, otherwise current profile/joined and event endpoints; LOAN_OWNER_OR_RETURN_DATE_UNRESOLVED; no departure inferred from roster absence."
BEL1,Oud-Heverlee Leuven,2727,492730,Takuya Ogiwara,1999-11-23,55444,242061,10682378,458775,2727,Oud-Heverlee Leuven,https://www.transfermarkt.de/takuya-ogiwara/profil/spieler/492730,c3640a76eef8115755c09385a3a331607322cff3c2189fe4b9cef056aa800265,6432233,,LOAN,828,Urawa Red Diamonds,,2727,Oud-Heverlee Leuven,458775,828,,,2026-07-16,2027-06-30,REVIEW_REQUIRED,TWO_ATTEMPTS_EXHAUSTED_LOAN_OWNER_END,transfer-event-capture;current-profile-crosscheck,Sol,https://www.transfermarkt.de/jupiler-pro-league/transfers/wettbewerb/BE1/saison_id/2026,b7bb2a6732c6fd36f5bc04c1a381201e6b000a9931eb01f1c8cd74786f19bd7c,https://www.transfermarkt.de/oud-heverlee-leuven/kader/verein/2727/saison_id/2026/plus/1,13369b1472ae4137934608499f3a290781d8b7a96223b8e0488ea6f56621495e,6432233,"Queue https://www.transfermarkt.de/oud-heverlee-leuven/kader/verein/2727/saison_id/2026/plus/1 sha256=13369b1472ae4137934608499f3a290781d8b7a96223b8e0488ea6f56621495e; transfer event 6432233 from https://www.transfermarkt.de/jupiler-pro-league/transfers/wettbewerb/BE1/saison_id/2026 sha256=b7bb2a6732c6fd36f5bc04c1a381201e6b000a9931eb01f1c8cd74786f19bd7c; profile https://www.transfermarkt.de/takuya-ogiwara/profil/spieler/492730 sha256=c3640a76eef8115755c09385a3a331607322cff3c2189fe4b9cef056aa800265; effective date used only when explicit, otherwise current profile/joined and event endpoints; LOAN_OWNER_OR_RETURN_DATE_UNRESOLVED; no departure inferred from roster absence."
BEL1,SK Beveren,28643,1072185,Elohim Kaboré,2006-12-20,187821,76869,3014661,458788,28643,SK Beveren,https://www.transfermarkt.de/elohim-kabore/profil/spieler/1072185,55f8769ceef5b6f2ddc0ad15fc341c411ce4d98c8a90126a70b300e7fc9254cc,6497662,,LOAN,1059,Hammarby IF,,28643,SK Beveren,458788,1059,,2029-12-31,2026-08-12,2027-06-30,REVIEW_REQUIRED,TWO_ATTEMPTS_EXHAUSTED_LOAN_OWNER_END,transfer-event-capture;current-profile-crosscheck,Sol,https://www.transfermarkt.de/jupiler-pro-league/transfers/wettbewerb/BE1/saison_id/2026,b7bb2a6732c6fd36f5bc04c1a381201e6b000a9931eb01f1c8cd74786f19bd7c,https://www.transfermarkt.de/sk-beveren/kader/verein/28643/saison_id/2026/plus/1,7bd09a7ce8449fd8a09e77af941f3d0069233ed39a454f5073c6ab7bfe083ae7,6497662,"Queue https://www.transfermarkt.de/sk-beveren/kader/verein/28643/saison_id/2026/plus/1 sha256=7bd09a7ce8449fd8a09e77af941f3d0069233ed39a454f5073c6ab7bfe083ae7; transfer event 6497662 from https://www.transfermarkt.de/jupiler-pro-league/transfers/wettbewerb/BE1/saison_id/2026 sha256=b7bb2a6732c6fd36f5bc04c1a381201e6b000a9931eb01f1c8cd74786f19bd7c; profile https://www.transfermarkt.de/elohim-kabore/profil/spieler/1072185 sha256=55f8769ceef5b6f2ddc0ad15fc341c411ce4d98c8a90126a70b300e7fc9254cc; effective date used only when explicit, otherwise current profile/joined and event endpoints; LOAN_OWNER_OR_RETURN_DATE_UNRESOLVED; no departure inferred from roster absence."
BEL1,SK Beveren,28643,671675,Chris Lokesa,2004-11-07,136134,272977,2228242,458788,28643,SK Beveren,https://www.transfermarkt.de/chris-lokesa/profil/spieler/671675,8461a444c28584e18ddb358c34bbe5fd686052738e391fe7f4a2490fac031c53,,,,,,,,,,,,,2026-01-20,2028-06-30,REVIEW_REQUIRED,NO_CURRENT_DESTINATION_EVENT_NO_DEPARTURE_INFERRED,transfer-event-capture;current-profile-crosscheck,Sol,,,https://www.transfermarkt.de/sk-beveren/kader/verein/28643/saison_id/2026/plus/1,7bd09a7ce8449fd8a09e77af941f3d0069233ed39a454f5073c6ab7bfe083ae7,,"Queue https://www.transfermarkt.de/sk-beveren/kader/verein/28643/saison_id/2026/plus/1 sha256=7bd09a7ce8449fd8a09e77af941f3d0069233ed39a454f5073c6ab7bfe083ae7; transfer event none from  sha256=; profile https://www.transfermarkt.de/chris-lokesa/profil/spieler/671675 sha256=8461a444c28584e18ddb358c34bbe5fd686052738e391fe7f4a2490fac031c53; effective date used only when explicit, otherwise current profile/joined and event endpoints; NO_CURRENT_DESTINATION_EVENT; no departure inferred from roster absence."
BEL1,SK Beveren,28643,718032,Stephane Keller,2001-08-20,6440,0,720907,458788,28643,SK Beveren,https://www.transfermarkt.de/stephane-keller/profil/spieler/718032,12554d4a44d321b14d616ed62d331a9668f5108aab3a72481137bd0931e78de7,6565624,,LOAN,8023,Al-Ittihad Club,,28643,SK Beveren,458788,8023,,2029-06-30,2026-09-03,2027-06-30,REVIEW_REQUIRED,TWO_ATTEMPTS_EXHAUSTED_LOAN_OWNER_END,transfer-event-capture;current-profile-crosscheck,Sol,https://www.transfermarkt.de/jupiler-pro-league/transfers/wettbewerb/BE1/saison_id/2026,b7bb2a6732c6fd36f5bc04c1a381201e6b000a9931eb01f1c8cd74786f19bd7c,https://www.transfermarkt.de/sk-beveren/kader/verein/28643/saison_id/2026/plus/1,7bd09a7ce8449fd8a09e77af941f3d0069233ed39a454f5073c6ab7bfe083ae7,6565624,"Queue https://www.transfermarkt.de/sk-beveren/kader/verein/28643/saison_id/2026/plus/1 sha256=7bd09a7ce8449fd8a09e77af941f3d0069233ed39a454f5073c6ab7bfe083ae7; transfer event 6565624 from https://www.transfermarkt.de/jupiler-pro-league/transfers/wettbewerb/BE1/saison_id/2026 sha256=b7bb2a6732c6fd36f5bc04c1a381201e6b000a9931eb01f1c8cd74786f19bd7c; profile https://www.transfermarkt.de/stephane-keller/profil/spieler/718032 sha256=12554d4a44d321b14d616ed62d331a9668f5108aab3a72481137bd0931e78de7; effective date used only when explicit, otherwise current profile/joined and event endpoints; LOAN_OWNER_OR_RETURN_DATE_UNRESOLVED; no departure inferred from roster absence."
BEL1,Standard Lüttich,3057,483007,Belmin Dizdarevic,2001-08-09,243830,276704,528393,458760,3057,Standard Lüttich,https://www.transfermarkt.de/belmin-dizdarevic/profil/spieler/483007,3eb7833b8df855797cc1a0acfa42c1ed528235c2b1fcf3b46408e0a263d2d299,,,,,,,,,,,,,2026-01-30,2027-06-30,REVIEW_REQUIRED,NO_CURRENT_DESTINATION_EVENT_NO_DEPARTURE_INFERRED,transfer-event-capture;current-profile-crosscheck,Sol,,,https://www.transfermarkt.de/standard-luttich/kader/verein/3057/saison_id/2026/plus/1,35f665c792bd0def9bfa349286927e0ef54a862cb91b5e4ab6b8ec3356dfa834,,"Queue https://www.transfermarkt.de/standard-luttich/kader/verein/3057/saison_id/2026/plus/1 sha256=35f665c792bd0def9bfa349286927e0ef54a862cb91b5e4ab6b8ec3356dfa834; transfer event none from  sha256=; profile https://www.transfermarkt.de/belmin-dizdarevic/profil/spieler/483007 sha256=3eb7833b8df855797cc1a0acfa42c1ed528235c2b1fcf3b46408e0a263d2d299; effective date used only when explicit, otherwise current profile/joined and event endpoints; NO_CURRENT_DESTINATION_EVENT; no departure inferred from roster absence."
BEL1,Zulte Waregem,3508,1027444,Tristan Panduro,2008-01-10,286175,0,851972,458782,3508,Zulte Waregem,https://www.transfermarkt.de/tristan-panduro/profil/spieler/1027444,fc6bae5c4fc5c8fffcd3d479d721bca65052b85516c0b5915a493e16e6bac5ce,,,,,,,,,,,,,2026-01-10,2028-06-30,REVIEW_REQUIRED,NO_CURRENT_DESTINATION_EVENT_NO_DEPARTURE_INFERRED,transfer-event-capture;current-profile-crosscheck,Sol,,,https://www.transfermarkt.de/zulte-waregem/kader/verein/3508/saison_id/2026/plus/1,0acbb0eca1723445958969f80be44f59778e527ba0095de244c35e56e3b9068e,,"Queue https://www.transfermarkt.de/zulte-waregem/kader/verein/3508/saison_id/2026/plus/1 sha256=0acbb0eca1723445958969f80be44f59778e527ba0095de244c35e56e3b9068e; transfer event none from  sha256=; profile https://www.transfermarkt.de/tristan-panduro/profil/spieler/1027444 sha256=fc6bae5c4fc5c8fffcd3d479d721bca65052b85516c0b5915a493e16e6bac5ce; effective date used only when explicit, otherwise current profile/joined and event endpoints; NO_CURRENT_DESTINATION_EVENT; no departure inferred from roster absence."
BEL1,RAAL La Louvière,3901,1075575,Marius Courcoul,2007-01-01,290118,277484,1179782,471041,3901,RAAL La Louvière,https://www.transfermarkt.de/marius-courcoul/profil/spieler/1075575,0f4abe06847862237d6aa7e5103da348b18e9fd758ba36c89a6d2e2e46f9fac0,6505275,,LOAN,1420,Angers SCO,1179782,3901,RAAL La Louvière,471041,1420,1179782,,2026-08-14,2027-06-30,REVIEW_REQUIRED,TWO_ATTEMPTS_EXHAUSTED_LOAN_OWNER_END,transfer-event-capture;current-profile-crosscheck,Sol,https://www.transfermarkt.de/ligue-1/transfers/wettbewerb/FR1/saison_id/2026,d0bdedb0ffa3ae6d9bd09c12fb5a85d4118138f6388ab0440cf2ba38e857b62b,https://www.transfermarkt.de/raal-la-louviere/kader/verein/3901/saison_id/2026/plus/1,b03ed0837676e8c4516649bb0a99db01be8090988303411744be3df08ec3d3fe,6505275,"Queue https://www.transfermarkt.de/raal-la-louviere/kader/verein/3901/saison_id/2026/plus/1 sha256=b03ed0837676e8c4516649bb0a99db01be8090988303411744be3df08ec3d3fe; transfer event 6505275 from https://www.transfermarkt.de/ligue-1/transfers/wettbewerb/FR1/saison_id/2026 sha256=d0bdedb0ffa3ae6d9bd09c12fb5a85d4118138f6388ab0440cf2ba38e857b62b; profile https://www.transfermarkt.de/marius-courcoul/profil/spieler/1075575 sha256=0f4abe06847862237d6aa7e5103da348b18e9fd758ba36c89a6d2e2e46f9fac0; effective date used only when explicit, otherwise current profile/joined and event endpoints; LOAN_OWNER_OR_RETURN_DATE_UNRESOLVED; no departure inferred from roster absence."
BEL1,RAAL La Louvière,3901,644563,Bryan Soumaré,1999-02-11,1000013920,0,0,471041,3901,RAAL La Louvière,https://www.transfermarkt.de/bryan-soumare/profil/spieler/644563,e97d703b88e6166062a32fff0980d5debbb025960e45c1c880d195174de7c64b,,,,,,,,,,,,,2026-01-23,2027-06-30,REVIEW_REQUIRED,NO_CURRENT_DESTINATION_EVENT_NO_DEPARTURE_INFERRED,transfer-event-capture;current-profile-crosscheck,Sol,,,https://www.transfermarkt.de/raal-la-louviere/kader/verein/3901/saison_id/2026/plus/1,b03ed0837676e8c4516649bb0a99db01be8090988303411744be3df08ec3d3fe,,"Queue https://www.transfermarkt.de/raal-la-louviere/kader/verein/3901/saison_id/2026/plus/1 sha256=b03ed0837676e8c4516649bb0a99db01be8090988303411744be3df08ec3d3fe; transfer event none from  sha256=; profile https://www.transfermarkt.de/bryan-soumare/profil/spieler/644563 sha256=e97d703b88e6166062a32fff0980d5debbb025960e45c1c880d195174de7c64b; effective date used only when explicit, otherwise current profile/joined and event endpoints; NO_CURRENT_DESTINATION_EVENT; no departure inferred from roster absence."
BEL1,RAAL La Louvière,3901,926301,Tiago Pereira Cardoso,2006-04-07,279850,70904,1376263,471041,3901,RAAL La Louvière,https://www.transfermarkt.de/tiago-pereira-cardoso/profil/spieler/926301,29f054226547bf4fcaa670984ed7474a60d90f4ca3042bf778c0dc0fb9d3ebf2,6384856,,LOAN,18,Borussia Mönchengladbach,1376263,3901,RAAL La Louvière,471041,18,1376263,,2026-07-01,2027-06-30,REVIEW_REQUIRED,TWO_ATTEMPTS_EXHAUSTED_LOAN_OWNER_END,transfer-event-capture;current-profile-crosscheck,Sol,https://www.transfermarkt.de/bundesliga/transfers/wettbewerb/L1/saison_id/2026,c08e4b3a81f4ba445c4d8343c0dd6f9cfb1b5e5f12689978c0e5485f5030360a,https://www.transfermarkt.de/raal-la-louviere/kader/verein/3901/saison_id/2026/plus/1,b03ed0837676e8c4516649bb0a99db01be8090988303411744be3df08ec3d3fe,6384856,"Queue https://www.transfermarkt.de/raal-la-louviere/kader/verein/3901/saison_id/2026/plus/1 sha256=b03ed0837676e8c4516649bb0a99db01be8090988303411744be3df08ec3d3fe; transfer event 6384856 from https://www.transfermarkt.de/bundesliga/transfers/wettbewerb/L1/saison_id/2026 sha256=c08e4b3a81f4ba445c4d8343c0dd6f9cfb1b5e5f12689978c0e5485f5030360a; profile https://www.transfermarkt.de/tiago-pereira-cardoso/profil/spieler/926301 sha256=29f054226547bf4fcaa670984ed7474a60d90f4ca3042bf778c0dc0fb9d3ebf2; effective date used only when explicit, otherwise current profile/joined and event endpoints; LOAN_OWNER_OR_RETURN_DATE_UNRESOLVED; no departure inferred from roster absence."
BEL1,Union Saint-Gilloise,3948,1256870,Massiré Sylla,2005-01-07,143353,0,2359302,458780,3948,Union Saint-Gilloise,https://www.transfermarkt.de/massire-sylla/profil/spieler/1256870,9274e939eb69521b5dd830c2c890711cdf530894bc89c25ebc854b9a1a326031,,,,,,,,,,,,,2026-01-13,2030-06-30,REVIEW_REQUIRED,NO_CURRENT_DESTINATION_EVENT_NO_DEPARTURE_INFERRED,transfer-event-capture;current-profile-crosscheck,Sol,,,https://www.transfermarkt.de/union-saint-gilloise/kader/verein/3948/saison_id/2026/plus/1,6678f90f37564c9f8683b893f1bf4bed395816093e2ee4489ebbda3dc900e98e,,"Queue https://www.transfermarkt.de/union-saint-gilloise/kader/verein/3948/saison_id/2026/plus/1 sha256=6678f90f37564c9f8683b893f1bf4bed395816093e2ee4489ebbda3dc900e98e; transfer event none from  sha256=; profile https://www.transfermarkt.de/massire-sylla/profil/spieler/1256870 sha256=9274e939eb69521b5dd830c2c890711cdf530894bc89c25ebc854b9a1a326031; effective date used only when explicit, otherwise current profile/joined and event endpoints; NO_CURRENT_DESTINATION_EVENT; no departure inferred from roster absence."
BEL1,VV St. Truiden,475,1137664,Oumar Diouf,2003-05-15,236874,277647,458801,458759,475,VV St. Truiden,https://www.transfermarkt.de/oumar-diouf/profil/spieler/1137664,70f050492fbd69e3aa4c6c0113d42e2079bae45d628fed65591be490fb5daafc,,,,,,,,,,,,,2026-01-20,2029-06-30,REVIEW_REQUIRED,NO_CURRENT_DESTINATION_EVENT_NO_DEPARTURE_INFERRED,transfer-event-capture;current-profile-crosscheck,Sol,,,https://www.transfermarkt.de/vv-st-truiden/kader/verein/475/saison_id/2026/plus/1,c0e976a963b2c1507ec52e39bab62ae405f89e7c2149e5b8ecc88e56b4f6ff7a,,"Queue https://www.transfermarkt.de/vv-st-truiden/kader/verein/475/saison_id/2026/plus/1 sha256=c0e976a963b2c1507ec52e39bab62ae405f89e7c2149e5b8ecc88e56b4f6ff7a; transfer event none from  sha256=; profile https://www.transfermarkt.de/oumar-diouf/profil/spieler/1137664 sha256=70f050492fbd69e3aa4c6c0113d42e2079bae45d628fed65591be490fb5daafc; effective date used only when explicit, otherwise current profile/joined and event endpoints; NO_CURRENT_DESTINATION_EVENT; no departure inferred from roster absence."
BEL1,Lommel SK,5026,938400,Isaiah Dada-Mascoll,2006-05-24,262625,0,917518,458783,5026,Lommel SK,https://www.transfermarkt.de/isaiah-dada-mascoll/profil/spieler/938400,a7b9da93b1474b163aa30b36933a982435ee966375330b4e04d1163790ac22f1,6477603,,LOAN,9265,Manchester City U21,,5026,Lommel SK,458783,9265,,,2026-08-01,2027-06-30,REVIEW_REQUIRED,TWO_ATTEMPTS_EXHAUSTED_LOAN_OWNER_END,transfer-event-capture;current-profile-crosscheck,Sol,https://www.transfermarkt.de/jupiler-pro-league/transfers/wettbewerb/BE1/saison_id/2026,b7bb2a6732c6fd36f5bc04c1a381201e6b000a9931eb01f1c8cd74786f19bd7c,https://www.transfermarkt.de/lommel-sk/kader/verein/5026/saison_id/2026/plus/1,9ff756a9f65fb1a83d753e141d2c89530fd8a9311bba2096f5846c718c381d8a,6477603,"Queue https://www.transfermarkt.de/lommel-sk/kader/verein/5026/saison_id/2026/plus/1 sha256=9ff756a9f65fb1a83d753e141d2c89530fd8a9311bba2096f5846c718c381d8a; transfer event 6477603 from https://www.transfermarkt.de/jupiler-pro-league/transfers/wettbewerb/BE1/saison_id/2026 sha256=b7bb2a6732c6fd36f5bc04c1a381201e6b000a9931eb01f1c8cd74786f19bd7c; profile https://www.transfermarkt.de/isaiah-dada-mascoll/profil/spieler/938400 sha256=a7b9da93b1474b163aa30b36933a982435ee966375330b4e04d1163790ac22f1; effective date used only when explicit, otherwise current profile/joined and event endpoints; LOAN_OWNER_OR_RETURN_DATE_UNRESOLVED; no departure inferred from roster absence."
BEL1,Cercle Brügge,520,1274489,Royer Caicedo,2006-05-05,231190,76933,3670018,458755,520,Cercle Brügge,https://www.transfermarkt.de/royer-caicedo/profil/spieler/1274489,aed38e4a6615a02bc4b365005a9758d768fd04cb0a04fcc92f4175499c149bc3,,,,,,,,,,,,,2026-02-02,2029-06-30,REVIEW_REQUIRED,NO_CURRENT_DESTINATION_EVENT_NO_DEPARTURE_INFERRED,transfer-event-capture;current-profile-crosscheck,Sol,,,https://www.transfermarkt.de/cercle-brugge/kader/verein/520/saison_id/2026/plus/1,7cdfb59fb0a1a9a437a93f97e502615933029fa25dc8530a34a7715ac5027f03,,"Queue https://www.transfermarkt.de/cercle-brugge/kader/verein/520/saison_id/2026/plus/1 sha256=7cdfb59fb0a1a9a437a93f97e502615933029fa25dc8530a34a7715ac5027f03; transfer event none from  sha256=; profile https://www.transfermarkt.de/royer-caicedo/profil/spieler/1274489 sha256=aed38e4a6615a02bc4b365005a9758d768fd04cb0a04fcc92f4175499c149bc3; effective date used only when explicit, otherwise current profile/joined and event endpoints; NO_CURRENT_DESTINATION_EVENT; no departure inferred from roster absence."
BEL1,Cercle Brügge,520,289648,Dante Vanzeir,1998-04-16,235432,234905,458753,458755,520,Cercle Brügge,https://www.transfermarkt.de/dante-vanzeir/profil/spieler/289648,6eef60d3a538dd214244055ef909392a29d1707c9b3d09373b881444a44ecdb1,,,,,,,,,,,,,2026-01-06,2027-06-30,REVIEW_REQUIRED,NO_CURRENT_DESTINATION_EVENT_NO_DEPARTURE_INFERRED,transfer-event-capture;current-profile-crosscheck,Sol,,,https://www.transfermarkt.de/cercle-brugge/kader/verein/520/saison_id/2026/plus/1,7cdfb59fb0a1a9a437a93f97e502615933029fa25dc8530a34a7715ac5027f03,,"Queue https://www.transfermarkt.de/cercle-brugge/kader/verein/520/saison_id/2026/plus/1 sha256=7cdfb59fb0a1a9a437a93f97e502615933029fa25dc8530a34a7715ac5027f03; transfer event none from  sha256=; profile https://www.transfermarkt.de/dante-vanzeir/profil/spieler/289648 sha256=6eef60d3a538dd214244055ef909392a29d1707c9b3d09373b881444a44ecdb1; effective date used only when explicit, otherwise current profile/joined and event endpoints; NO_CURRENT_DESTINATION_EVENT; no departure inferred from roster absence."
BEL1,Cercle Brügge,520,467616,Luke Le Roux,2000-03-10,259041,255703,917520,458755,520,Cercle Brügge,https://www.transfermarkt.de/luke-le-roux/profil/spieler/467616,8d67a157eebd79eaefd4fe7f79d147b789cb57ee9ea2e59ad125defe6842991a,6581821,,FREE_TRANSFER,515,VereinslosVereinslos,,520,Cercle Brügge,458755,515,,,2026-09-10,2028-06-30,CONFIRMED,CURRENT_UNDATED_PERMANENT_OR_FREE_EVENT,transfer-event-capture;current-profile-crosscheck,,https://www.transfermarkt.de/jupiler-pro-league/transfers/wettbewerb/BE1/saison_id/2026,b7bb2a6732c6fd36f5bc04c1a381201e6b000a9931eb01f1c8cd74786f19bd7c,https://www.transfermarkt.de/cercle-brugge/kader/verein/520/saison_id/2026/plus/1,7cdfb59fb0a1a9a437a93f97e502615933029fa25dc8530a34a7715ac5027f03,6581821,"Queue https://www.transfermarkt.de/cercle-brugge/kader/verein/520/saison_id/2026/plus/1 sha256=7cdfb59fb0a1a9a437a93f97e502615933029fa25dc8530a34a7715ac5027f03; transfer event 6581821 from https://www.transfermarkt.de/jupiler-pro-league/transfers/wettbewerb/BE1/saison_id/2026 sha256=b7bb2a6732c6fd36f5bc04c1a381201e6b000a9931eb01f1c8cd74786f19bd7c; profile https://www.transfermarkt.de/luke-le-roux/profil/spieler/467616 sha256=8d67a157eebd79eaefd4fe7f79d147b789cb57ee9ea2e59ad125defe6842991a; effective date used only when explicit, otherwise current profile/joined and event endpoints; CURRENT_DESTINATION_EVENT_AND_PROFILE_AGREE; no departure inferred from roster absence."
BEL1,KV Kortrijk,601,1050404,Rok Storman,2004-09-04,11252,0,790540,458781,601,KV Kortrijk,https://www.transfermarkt.de/rok-storman/profil/spieler/1050404,538e6cef8900d359fc59690349655df327857344088e4296cad9aea838f402af,6553171,,LOAN,13726,MFK Karvina,,601,KV Kortrijk,458781,13726,,,2026-09-01,2027-06-30,REVIEW_REQUIRED,TWO_ATTEMPTS_EXHAUSTED_LOAN_OWNER_END,transfer-event-capture;current-profile-crosscheck,Sol,https://www.transfermarkt.de/jupiler-pro-league/transfers/wettbewerb/BE1/saison_id/2026,b7bb2a6732c6fd36f5bc04c1a381201e6b000a9931eb01f1c8cd74786f19bd7c,https://www.transfermarkt.de/kv-kortrijk/kader/verein/601/saison_id/2026/plus/1,a4999f54d8da64602d94dda7998adfe30af76e24e0c684550e581e845d6cfc0c,6553171,"Queue https://www.transfermarkt.de/kv-kortrijk/kader/verein/601/saison_id/2026/plus/1 sha256=a4999f54d8da64602d94dda7998adfe30af76e24e0c684550e581e845d6cfc0c; transfer event 6553171 from https://www.transfermarkt.de/jupiler-pro-league/transfers/wettbewerb/BE1/saison_id/2026 sha256=b7bb2a6732c6fd36f5bc04c1a381201e6b000a9931eb01f1c8cd74786f19bd7c; profile https://www.transfermarkt.de/rok-storman/profil/spieler/1050404 sha256=538e6cef8900d359fc59690349655df327857344088e4296cad9aea838f402af; effective date used only when explicit, otherwise current profile/joined and event endpoints; LOAN_OWNER_OR_RETURN_DATE_UNRESOLVED; no departure inferred from roster absence."
BEL1,KVC Westerlo,968,1010044,Dylan Ourega,2004-10-06,280439,74136,1179674,458763,968,KVC Westerlo,https://www.transfermarkt.de/dylan-ourega/profil/spieler/1010044,5c3bf6d2cf43b02801f9f1fdbac6ab7b0388d710a71f4a1227afd42b52568cd2,,,,,,,,,,,,,2026-01-21,2030-06-30,REVIEW_REQUIRED,NO_CURRENT_DESTINATION_EVENT_NO_DEPARTURE_INFERRED,transfer-event-capture;current-profile-crosscheck,Sol,,,https://www.transfermarkt.de/kvc-westerlo/kader/verein/968/saison_id/2026/plus/1,4b321535def794641a57896ea3b395b11fb16964a25bb51fab6f75bf5e2a3382,,"Queue https://www.transfermarkt.de/kvc-westerlo/kader/verein/968/saison_id/2026/plus/1 sha256=4b321535def794641a57896ea3b395b11fb16964a25bb51fab6f75bf5e2a3382; transfer event none from  sha256=; profile https://www.transfermarkt.de/dylan-ourega/profil/spieler/1010044 sha256=5c3bf6d2cf43b02801f9f1fdbac6ab7b0388d710a71f4a1227afd42b52568cd2; effective date used only when explicit, otherwise current profile/joined and event endpoints; NO_CURRENT_DESTINATION_EVENT; no departure inferred from roster absence."
BEL1,KVC Westerlo,968,1247587,Michée Ndembi,2007-07-04,288176,0,2490372,458763,968,KVC Westerlo,https://www.transfermarkt.de/michee-ndembi/profil/spieler/1247587,fbfacb6bdb32b68eacad02a923df7ab3c86dad7f5e61728514e5d7de87ae041b,,,,,,,,,,,,,2026-02-02,2029-06-30,REVIEW_REQUIRED,NO_CURRENT_DESTINATION_EVENT_NO_DEPARTURE_INFERRED,transfer-event-capture;current-profile-crosscheck,Sol,,,https://www.transfermarkt.de/kvc-westerlo/kader/verein/968/saison_id/2026/plus/1,4b321535def794641a57896ea3b395b11fb16964a25bb51fab6f75bf5e2a3382,,"Queue https://www.transfermarkt.de/kvc-westerlo/kader/verein/968/saison_id/2026/plus/1 sha256=4b321535def794641a57896ea3b395b11fb16964a25bb51fab6f75bf5e2a3382; transfer event none from  sha256=; profile https://www.transfermarkt.de/michee-ndembi/profil/spieler/1247587 sha256=fbfacb6bdb32b68eacad02a923df7ab3c86dad7f5e61728514e5d7de87ae041b; effective date used only when explicit, otherwise current profile/joined and event endpoints; NO_CURRENT_DESTINATION_EVENT; no departure inferred from roster absence."
CZE1,FK Jablonec,1322,652051,Filip Vecheta,2003-02-15,11552,0,790538,786437,1322,FK Jablonec,https://www.transfermarkt.de/filip-vecheta/profil/spieler/652051,230f02b952a77fab86a4cd7938d6051dbddc2d90f52f0bc3a0fc61b482d0749c,6432210,,LOAN,1496,FK Pardubice,790538,1322,FK Jablonec,786437,1496,790538,,2026-07-16,2027-06-30,REVIEW_REQUIRED,TWO_ATTEMPTS_EXHAUSTED_LOAN_OWNER_END,transfer-event-capture;current-profile-crosscheck,Sol,https://www.transfermarkt.de/chance-liga/transfers/wettbewerb/TS1/saison_id/2026,4eb600e7a8e262f0b3e2e95a268a14ae8f515e096d539a31c9981af247ff5f63,https://www.transfermarkt.de/fk-jablonec/kader/verein/1322/saison_id/2026/plus/1,fa6bc207fa67c20e0cd9ca574d81e19d3d8b6b77840b71993b1620a5a4b28b21,6432210,"Queue https://www.transfermarkt.de/fk-jablonec/kader/verein/1322/saison_id/2026/plus/1 sha256=fa6bc207fa67c20e0cd9ca574d81e19d3d8b6b77840b71993b1620a5a4b28b21; transfer event 6432210 from https://www.transfermarkt.de/chance-liga/transfers/wettbewerb/TS1/saison_id/2026 sha256=4eb600e7a8e262f0b3e2e95a268a14ae8f515e096d539a31c9981af247ff5f63; profile https://www.transfermarkt.de/filip-vecheta/profil/spieler/652051 sha256=230f02b952a77fab86a4cd7938d6051dbddc2d90f52f0bc3a0fc61b482d0749c; effective date used only when explicit, otherwise current profile/joined and event endpoints; LOAN_OWNER_OR_RETURN_DATE_UNRESOLVED; no departure inferred from roster absence."
CZE1,FK Jablonec,1322,802836,Dominik Hollý,2003-11-11,295996,70867,786442,786437,1322,FK Jablonec,https://www.transfermarkt.de/dominik-holly/profil/spieler/802836,be0d24f3c4bab22725759d212c766be812476a542dc7659a07459e564938b16a,6556461,,LOAN,197,AC Sparta Prag,786442,1322,FK Jablonec,786437,197,786442,,2026-09-01,2027-06-30,REVIEW_REQUIRED,TWO_ATTEMPTS_EXHAUSTED_LOAN_OWNER_END,transfer-event-capture;current-profile-crosscheck,Sol,https://www.transfermarkt.de/chance-liga/transfers/wettbewerb/TS1/saison_id/2026,4eb600e7a8e262f0b3e2e95a268a14ae8f515e096d539a31c9981af247ff5f63,https://www.transfermarkt.de/fk-jablonec/kader/verein/1322/saison_id/2026/plus/1,fa6bc207fa67c20e0cd9ca574d81e19d3d8b6b77840b71993b1620a5a4b28b21,6094795;6556461,"Queue https://www.transfermarkt.de/fk-jablonec/kader/verein/1322/saison_id/2026/plus/1 sha256=fa6bc207fa67c20e0cd9ca574d81e19d3d8b6b77840b71993b1620a5a4b28b21; transfer event 6556461 from https://www.transfermarkt.de/chance-liga/transfers/wettbewerb/TS1/saison_id/2026 sha256=4eb600e7a8e262f0b3e2e95a268a14ae8f515e096d539a31c9981af247ff5f63; profile https://www.transfermarkt.de/dominik-holly/profil/spieler/802836 sha256=be0d24f3c4bab22725759d212c766be812476a542dc7659a07459e564938b16a; effective date used only when explicit, otherwise current profile/joined and event endpoints; LOAN_OWNER_OR_RETURN_DATE_UNRESOLVED; no departure inferred from roster absence."
CZE1,FK Pardubice,1496,1034738,Tomas Jelinek,2005-12-27,295815,0,786441,790538,1496,FK Pardubice,https://www.transfermarkt.de/tomas-jelinek/profil/spieler/1034738,41992c846bd00efa47f68588e63fbf8306d75605aa6babb7838816c14e31a11f,,,,,,,,,,,,,2026-01-16,2027-06-30,REVIEW_REQUIRED,NO_CURRENT_DESTINATION_EVENT_NO_DEPARTURE_INFERRED,transfer-event-capture;current-profile-crosscheck,Sol,,,https://www.transfermarkt.de/fk-pardubice/kader/verein/1496/saison_id/2026/plus/1,ff994ed3554101d4e2a5377d206e013ac142ca4f73f68a0c406e2cc0d305e0ef,,"Queue https://www.transfermarkt.de/fk-pardubice/kader/verein/1496/saison_id/2026/plus/1 sha256=ff994ed3554101d4e2a5377d206e013ac142ca4f73f68a0c406e2cc0d305e0ef; transfer event none from  sha256=; profile https://www.transfermarkt.de/tomas-jelinek/profil/spieler/1034738 sha256=41992c846bd00efa47f68588e63fbf8306d75605aa6babb7838816c14e31a11f; effective date used only when explicit, otherwise current profile/joined and event endpoints; NO_CURRENT_DESTINATION_EVENT; no departure inferred from roster absence."
CZE1,FK Pardubice,1496,668311,Vladimir Neuman,2000-02-10,11264,0,790540,790538,1496,FK Pardubice,https://www.transfermarkt.de/vladimir-neuman/profil/spieler/668311,9a593570d2fc7160511c88ff291c6380f1ab93cd9cb82b22466c2dcdf529af54,6489916,,LOAN,13726,MFK Karvina,,1496,FK Pardubice,790538,13726,,,2026-08-06,2026-12-31,REVIEW_REQUIRED,TWO_ATTEMPTS_EXHAUSTED_LOAN_OWNER_END,transfer-event-capture;current-profile-crosscheck,Sol,https://www.transfermarkt.de/chance-liga/transfers/wettbewerb/TS1/saison_id/2026,4eb600e7a8e262f0b3e2e95a268a14ae8f515e096d539a31c9981af247ff5f63,https://www.transfermarkt.de/fk-pardubice/kader/verein/1496/saison_id/2026/plus/1,ff994ed3554101d4e2a5377d206e013ac142ca4f73f68a0c406e2cc0d305e0ef,6489916;6489917,"Queue https://www.transfermarkt.de/fk-pardubice/kader/verein/1496/saison_id/2026/plus/1 sha256=ff994ed3554101d4e2a5377d206e013ac142ca4f73f68a0c406e2cc0d305e0ef; transfer event 6489916 from https://www.transfermarkt.de/chance-liga/transfers/wettbewerb/TS1/saison_id/2026 sha256=4eb600e7a8e262f0b3e2e95a268a14ae8f515e096d539a31c9981af247ff5f63; profile https://www.transfermarkt.de/vladimir-neuman/profil/spieler/668311 sha256=9a593570d2fc7160511c88ff291c6380f1ab93cd9cb82b22466c2dcdf529af54; effective date used only when explicit, otherwise current profile/joined and event endpoints; LOAN_OWNER_OR_RETURN_DATE_UNRESOLVED; no departure inferred from roster absence."
CZE1,SK Sigma Olmütz,2311,1133943,Stéphane Noumbissie,2006-12-25,288748,0,1179665,786439,2311,SK Sigma Olmütz,https://www.transfermarkt.de/stephane-noumbissie/profil/spieler/1133943,bba4e6bed427b98c49fe98c657298d44f08496cbc2130b5983bd8b245699cdf8,6389807,,LOAN,12765,LOSC Lille B,,2311,SK Sigma Olmütz,786439,12765,,2029-06-30,2026-07-01,2027-06-30,REVIEW_REQUIRED,TWO_ATTEMPTS_EXHAUSTED_LOAN_OWNER_END,transfer-event-capture;current-profile-crosscheck,Sol,https://www.transfermarkt.de/chance-liga/transfers/wettbewerb/TS1/saison_id/2026,4eb600e7a8e262f0b3e2e95a268a14ae8f515e096d539a31c9981af247ff5f63,https://www.transfermarkt.de/sk-sigma-olmutz/kader/verein/2311/saison_id/2026/plus/1,c61d1f22a4e21ac99834db236d5c613fdf98db28632452029778a0c82954b875,6389807,"Queue https://www.transfermarkt.de/sk-sigma-olmutz/kader/verein/2311/saison_id/2026/plus/1 sha256=c61d1f22a4e21ac99834db236d5c613fdf98db28632452029778a0c82954b875; transfer event 6389807 from https://www.transfermarkt.de/chance-liga/transfers/wettbewerb/TS1/saison_id/2026 sha256=4eb600e7a8e262f0b3e2e95a268a14ae8f515e096d539a31c9981af247ff5f63; profile https://www.transfermarkt.de/stephane-noumbissie/profil/spieler/1133943 sha256=bba4e6bed427b98c49fe98c657298d44f08496cbc2130b5983bd8b245699cdf8; effective date used only when explicit, otherwise current profile/joined and event endpoints; LOAN_OWNER_OR_RETURN_DATE_UNRESOLVED; no departure inferred from roster absence."
CZE1,SK Artis Brünn,24325,1238634,Youssoupha Sanyang,2005-08-31,295800,74742,786441,790564,24325,SK Artis Brünn,https://www.transfermarkt.de/youssoupha-sanyang/profil/spieler/1238634,56607b29e8b1a55316020c2917a88f14c25af1aa8ac15bcbb10ce75b02b75682,6576401,,LOAN,62,SK Slavia Prag,786441,24325,SK Artis Brünn,790564,62,786441,2030-06-30,2026-09-08,2027-06-30,CONFIRMED,CURRENT_UNDATED_LOAN_EVENT_PROFILE_OWNER_END,transfer-event-capture;current-profile-crosscheck,,https://www.transfermarkt.de/chance-liga/transfers/wettbewerb/TS1/saison_id/2026,4eb600e7a8e262f0b3e2e95a268a14ae8f515e096d539a31c9981af247ff5f63,https://www.transfermarkt.de/sk-artis-brunn/kader/verein/24325/saison_id/2026/plus/1,587a867b1b6398028de49094330bc2934f1e7245d3ee79f2003e9ffe6410ac9f,6576401,"Queue https://www.transfermarkt.de/sk-artis-brunn/kader/verein/24325/saison_id/2026/plus/1 sha256=587a867b1b6398028de49094330bc2934f1e7245d3ee79f2003e9ffe6410ac9f; transfer event 6576401 from https://www.transfermarkt.de/chance-liga/transfers/wettbewerb/TS1/saison_id/2026 sha256=4eb600e7a8e262f0b3e2e95a268a14ae8f515e096d539a31c9981af247ff5f63; profile https://www.transfermarkt.de/youssoupha-sanyang/profil/spieler/1238634 sha256=56607b29e8b1a55316020c2917a88f14c25af1aa8ac15bcbb10ce75b02b75682; effective date used only when explicit, otherwise current profile/joined and event endpoints; CURRENT_LOAN_EVENT_OWNER_AND_RETURN_DATE_AGREE; no departure inferred from roster absence."
CZE1,SK Artis Brünn,24325,212872,Jakub Fulnek,1994-04-26,11321,0,786434,790564,24325,SK Artis Brünn,https://www.transfermarkt.de/jakub-fulnek/profil/spieler/212872,7d4128f189a0a3f22adac09be7d300a5ef052027fa3c01583ff240f59ca297e5,,,,,,,,,,,,,2026-01-16,2028-06-30,REVIEW_REQUIRED,NO_CURRENT_DESTINATION_EVENT_NO_DEPARTURE_INFERRED,transfer-event-capture;current-profile-crosscheck,Sol,,,https://www.transfermarkt.de/sk-artis-brunn/kader/verein/24325/saison_id/2026/plus/1,587a867b1b6398028de49094330bc2934f1e7245d3ee79f2003e9ffe6410ac9f,,"Queue https://www.transfermarkt.de/sk-artis-brunn/kader/verein/24325/saison_id/2026/plus/1 sha256=587a867b1b6398028de49094330bc2934f1e7245d3ee79f2003e9ffe6410ac9f; transfer event none from  sha256=; profile https://www.transfermarkt.de/jakub-fulnek/profil/spieler/212872 sha256=7d4128f189a0a3f22adac09be7d300a5ef052027fa3c01583ff240f59ca297e5; effective date used only when explicit, otherwise current profile/joined and event endpoints; NO_CURRENT_DESTINATION_EVENT; no departure inferred from roster absence."
CZE1,SK Artis Brünn,24325,456146,Dominik Plechaty,1999-04-18,11201,247345,786438,790564,24325,SK Artis Brünn,https://www.transfermarkt.de/dominik-plechaty/profil/spieler/456146,4328396d7caf1cf7a70d1a88ba08d0994d87689eb9df3769966d76c975bb5533,,,,,,,,,,,,,2026-01-27,2029-06-30,REVIEW_REQUIRED,NO_CURRENT_DESTINATION_EVENT_NO_DEPARTURE_INFERRED,transfer-event-capture;current-profile-crosscheck,Sol,,,https://www.transfermarkt.de/sk-artis-brunn/kader/verein/24325/saison_id/2026/plus/1,587a867b1b6398028de49094330bc2934f1e7245d3ee79f2003e9ffe6410ac9f,,"Queue https://www.transfermarkt.de/sk-artis-brunn/kader/verein/24325/saison_id/2026/plus/1 sha256=587a867b1b6398028de49094330bc2934f1e7245d3ee79f2003e9ffe6410ac9f; transfer event none from  sha256=; profile https://www.transfermarkt.de/dominik-plechaty/profil/spieler/456146 sha256=4328396d7caf1cf7a70d1a88ba08d0994d87689eb9df3769966d76c975bb5533; effective date used only when explicit, otherwise current profile/joined and event endpoints; NO_CURRENT_DESTINATION_EVENT; no departure inferred from roster absence."
CZE1,SK Artis Brünn,24325,721807,Jiri Borek,2002-09-23,11407,0,786461,790564,24325,SK Artis Brünn,https://www.transfermarkt.de/jiri-borek/profil/spieler/721807,54fb002113ec1fd605f0dde428d3ad71701f46a05f56e5a34b411c74e0f56d33,,,,,,,,,,,,,2026-01-16,2029-06-30,REVIEW_REQUIRED,NO_CURRENT_DESTINATION_EVENT_NO_DEPARTURE_INFERRED,transfer-event-capture;current-profile-crosscheck,Sol,,,https://www.transfermarkt.de/sk-artis-brunn/kader/verein/24325/saison_id/2026/plus/1,587a867b1b6398028de49094330bc2934f1e7245d3ee79f2003e9ffe6410ac9f,,"Queue https://www.transfermarkt.de/sk-artis-brunn/kader/verein/24325/saison_id/2026/plus/1 sha256=587a867b1b6398028de49094330bc2934f1e7245d3ee79f2003e9ffe6410ac9f; transfer event none from  sha256=; profile https://www.transfermarkt.de/jiri-borek/profil/spieler/721807 sha256=54fb002113ec1fd605f0dde428d3ad71701f46a05f56e5a34b411c74e0f56d33; effective date used only when explicit, otherwise current profile/joined and event endpoints; NO_CURRENT_DESTINATION_EVENT; no departure inferred from roster absence."
CZE1,SK Artis Brünn,24325,839535,Daniel Toula,2005-02-19,295806,0,786441,790564,24325,SK Artis Brünn,https://www.transfermarkt.de/daniel-toula/profil/spieler/839535,b8a0c643acbe5d2a9723bcb944dd89201c89f79b72aa768b6e4705da8d5e1a6d,,,,,,,,,,,,,2026-01-16,2029-06-30,REVIEW_REQUIRED,NO_CURRENT_DESTINATION_EVENT_NO_DEPARTURE_INFERRED,transfer-event-capture;current-profile-crosscheck,Sol,,,https://www.transfermarkt.de/sk-artis-brunn/kader/verein/24325/saison_id/2026/plus/1,587a867b1b6398028de49094330bc2934f1e7245d3ee79f2003e9ffe6410ac9f,,"Queue https://www.transfermarkt.de/sk-artis-brunn/kader/verein/24325/saison_id/2026/plus/1 sha256=587a867b1b6398028de49094330bc2934f1e7245d3ee79f2003e9ffe6410ac9f; transfer event none from  sha256=; profile https://www.transfermarkt.de/daniel-toula/profil/spieler/839535 sha256=b8a0c643acbe5d2a9723bcb944dd89201c89f79b72aa768b6e4705da8d5e1a6d; effective date used only when explicit, otherwise current profile/joined and event endpoints; NO_CURRENT_DESTINATION_EVENT; no departure inferred from roster absence."
CZE1,SK Artis Brünn,24325,95802,Jan Navratil,1990-04-13,297578,201126,786439,790564,24325,SK Artis Brünn,https://www.transfermarkt.de/jan-navratil/profil/spieler/95802,8f290157c9270f4ec3d307eda0b60fcde36c0f01f89bd9d2035802e577c201d9,,,,,,,,,,,,,2026-01-18,2027-06-30,REVIEW_REQUIRED,NO_CURRENT_DESTINATION_EVENT_NO_DEPARTURE_INFERRED,transfer-event-capture;current-profile-crosscheck,Sol,,,https://www.transfermarkt.de/sk-artis-brunn/kader/verein/24325/saison_id/2026/plus/1,587a867b1b6398028de49094330bc2934f1e7245d3ee79f2003e9ffe6410ac9f,,"Queue https://www.transfermarkt.de/sk-artis-brunn/kader/verein/24325/saison_id/2026/plus/1 sha256=587a867b1b6398028de49094330bc2934f1e7245d3ee79f2003e9ffe6410ac9f; transfer event none from  sha256=; profile https://www.transfermarkt.de/jan-navratil/profil/spieler/95802 sha256=8f290157c9270f4ec3d307eda0b60fcde36c0f01f89bd9d2035802e577c201d9; effective date used only when explicit, otherwise current profile/joined and event endpoints; NO_CURRENT_DESTINATION_EVENT; no departure inferred from roster absence."
CZE1,FC Banik Ostrau,377,1061048,Rhodri Smith,2006-09-09,295470,75656,3080193,786446,377,FC Banik Ostrau,https://www.transfermarkt.de/rhodri-smith/profil/spieler/1061048,db5e9e4348815c24a21331114f9580c90aee0c9703ec4ad8c007c4305a416708,6575756,,LOAN,452,BSC Young Boys,,377,FC Banik Ostrau,786446,452,,2030-06-30,2026-09-08,2027-06-30,REVIEW_REQUIRED,TWO_ATTEMPTS_EXHAUSTED_LOAN_OWNER_END,transfer-event-capture;current-profile-crosscheck,Sol,https://www.transfermarkt.de/chance-liga/transfers/wettbewerb/TS1/saison_id/2026,4eb600e7a8e262f0b3e2e95a268a14ae8f515e096d539a31c9981af247ff5f63,https://www.transfermarkt.de/fc-banik-ostrau/kader/verein/377/saison_id/2026/plus/1,3717000ca143110b9cff7bc66843b5e54104cdaa75d0e196220c4e77c8b4d611,6575756,"Queue https://www.transfermarkt.de/fc-banik-ostrau/kader/verein/377/saison_id/2026/plus/1 sha256=3717000ca143110b9cff7bc66843b5e54104cdaa75d0e196220c4e77c8b4d611; transfer event 6575756 from https://www.transfermarkt.de/chance-liga/transfers/wettbewerb/TS1/saison_id/2026 sha256=4eb600e7a8e262f0b3e2e95a268a14ae8f515e096d539a31c9981af247ff5f63; profile https://www.transfermarkt.de/rhodri-smith/profil/spieler/1061048 sha256=db5e9e4348815c24a21331114f9580c90aee0c9703ec4ad8c007c4305a416708; effective date used only when explicit, otherwise current profile/joined and event endpoints; LOAN_OWNER_OR_RETURN_DATE_UNRESOLVED; no departure inferred from roster absence."
CZE1,FC Zbrojovka Brünn,5225,1200278,Afolabi Soliu,2005-08-08,11222,0,786438,786447,5225,FC Zbrojovka Brünn,https://www.transfermarkt.de/afolabi-soliu/profil/spieler/1200278,fe270cfeb1c89dff9e643a9efe470ee566682fe8025d4e83f2adc9094a61ce94,6575989,,LOAN,697,FC Slovan Liberec,786438,5225,FC Zbrojovka Brünn,786447,697,786438,2029-06-30,2026-09-08,2027-06-30,CONFIRMED,CURRENT_UNDATED_LOAN_EVENT_PROFILE_OWNER_END,transfer-event-capture;current-profile-crosscheck,,https://www.transfermarkt.de/chance-liga/transfers/wettbewerb/TS1/saison_id/2026,4eb600e7a8e262f0b3e2e95a268a14ae8f515e096d539a31c9981af247ff5f63,https://www.transfermarkt.de/fc-zbrojovka-brunn/kader/verein/5225/saison_id/2026/plus/1,1aeecf841a85ad9d35469b9ba37af49f38aee1b2e160fdd7ebc2df04f3863d83,6575989,"Queue https://www.transfermarkt.de/fc-zbrojovka-brunn/kader/verein/5225/saison_id/2026/plus/1 sha256=1aeecf841a85ad9d35469b9ba37af49f38aee1b2e160fdd7ebc2df04f3863d83; transfer event 6575989 from https://www.transfermarkt.de/chance-liga/transfers/wettbewerb/TS1/saison_id/2026 sha256=4eb600e7a8e262f0b3e2e95a268a14ae8f515e096d539a31c9981af247ff5f63; profile https://www.transfermarkt.de/afolabi-soliu/profil/spieler/1200278 sha256=fe270cfeb1c89dff9e643a9efe470ee566682fe8025d4e83f2adc9094a61ce94; effective date used only when explicit, otherwise current profile/joined and event endpoints; CURRENT_LOAN_EVENT_OWNER_AND_RETURN_DATE_AGREE; no departure inferred from roster absence."
CZE1,FK Mlada Boleslav,5546,1072837,Jan Harustak,2005-04-16,296627,0,786446,786434,5546,FK Mlada Boleslav,https://www.transfermarkt.de/jan-harustak/profil/spieler/1072837,d0924541adbed53e4798bb70d191650a6af9c10d5b919af079566f00b15e06bc,,,,,,,,,,,,,2026-01-28,2027-06-30,REVIEW_REQUIRED,NO_CURRENT_DESTINATION_EVENT_NO_DEPARTURE_INFERRED,transfer-event-capture;current-profile-crosscheck,Sol,,,https://www.transfermarkt.de/fk-mlada-boleslav/kader/verein/5546/saison_id/2026/plus/1,5a8600e42926651e56482ac4dac8c6e5e0e3e1754eacf142566e811f0e9bca53,,"Queue https://www.transfermarkt.de/fk-mlada-boleslav/kader/verein/5546/saison_id/2026/plus/1 sha256=5a8600e42926651e56482ac4dac8c6e5e0e3e1754eacf142566e811f0e9bca53; transfer event none from  sha256=; profile https://www.transfermarkt.de/jan-harustak/profil/spieler/1072837 sha256=d0924541adbed53e4798bb70d191650a6af9c10d5b919af079566f00b15e06bc; effective date used only when explicit, otherwise current profile/joined and event endpoints; NO_CURRENT_DESTINATION_EVENT; no departure inferred from roster absence."
CZE1,FK Mlada Boleslav,5546,889437,Adam Kadlec,2003-07-06,296798,0,786453,786434,5546,FK Mlada Boleslav,https://www.transfermarkt.de/adam-kadlec/profil/spieler/889437,af378358232d84d48868750b8441bf0b9b2720672961cda158bba68a5a50131e,6470620,,LOAN,941,FC Viktoria Pilsen,786450,5546,FK Mlada Boleslav,786434,941,786450,2029-06-30,2026-07-30,2027-06-30,CONFIRMED,CURRENT_UNDATED_LOAN_EVENT_PROFILE_OWNER_END,transfer-event-capture;current-profile-crosscheck,,https://www.transfermarkt.de/chance-liga/transfers/wettbewerb/TS1/saison_id/2026,4eb600e7a8e262f0b3e2e95a268a14ae8f515e096d539a31c9981af247ff5f63,https://www.transfermarkt.de/fk-mlada-boleslav/kader/verein/5546/saison_id/2026/plus/1,5a8600e42926651e56482ac4dac8c6e5e0e3e1754eacf142566e811f0e9bca53,6470620,"Queue https://www.transfermarkt.de/fk-mlada-boleslav/kader/verein/5546/saison_id/2026/plus/1 sha256=5a8600e42926651e56482ac4dac8c6e5e0e3e1754eacf142566e811f0e9bca53; transfer event 6470620 from https://www.transfermarkt.de/chance-liga/transfers/wettbewerb/TS1/saison_id/2026 sha256=4eb600e7a8e262f0b3e2e95a268a14ae8f515e096d539a31c9981af247ff5f63; profile https://www.transfermarkt.de/adam-kadlec/profil/spieler/889437 sha256=af378358232d84d48868750b8441bf0b9b2720672961cda158bba68a5a50131e; effective date used only when explicit, otherwise current profile/joined and event endpoints; CURRENT_LOAN_EVENT_OWNER_AND_RETURN_DATE_AGREE; no departure inferred from roster absence."
CZE1,SK Slavia Prag,62,1372515,Samuel Isife,2004-07-13,11503,0,790532,786441,62,SK Slavia Prag,https://www.transfermarkt.de/samuel-isife/profil/spieler/1372515,9013aebfa57ec2f9618e3b76f38a5d6ea6f11985c2a19c75c59923e14a8bb5fa,,,,,,,,,,,,,2026-01-16,2029-12-31,REVIEW_REQUIRED,NO_CURRENT_DESTINATION_EVENT_NO_DEPARTURE_INFERRED,transfer-event-capture;current-profile-crosscheck,Sol,,,https://www.transfermarkt.de/sk-slavia-prag/kader/verein/62/saison_id/2026/plus/1,ab5b3ad613592069fe87ed798140f18d5a2969fea81a54ddd36b6738aad74f72,,"Queue https://www.transfermarkt.de/sk-slavia-prag/kader/verein/62/saison_id/2026/plus/1 sha256=ab5b3ad613592069fe87ed798140f18d5a2969fea81a54ddd36b6738aad74f72; transfer event none from  sha256=; profile https://www.transfermarkt.de/samuel-isife/profil/spieler/1372515 sha256=9013aebfa57ec2f9618e3b76f38a5d6ea6f11985c2a19c75c59923e14a8bb5fa; effective date used only when explicit, otherwise current profile/joined and event endpoints; NO_CURRENT_DESTINATION_EVENT; no departure inferred from roster absence."
CZE1,FC Slovan Liberec,697,1401055,David Hamansenya,2007-06-24,284131,0,2949167,786438,697,FC Slovan Liberec,https://www.transfermarkt.de/david-hamansenya/profil/spieler/1401055,a08006499ecb0ae2d006f614a73c713495f9c0f20fe182fa2ac61a7075e2c47e,6577868,,LOAN,17686,CD Leganés B,,697,FC Slovan Liberec,786438,17686,,,2026-09-08,2027-06-30,REVIEW_REQUIRED,TWO_ATTEMPTS_EXHAUSTED_LOAN_OWNER_END,transfer-event-capture;current-profile-crosscheck,Sol,https://www.transfermarkt.de/chance-liga/transfers/wettbewerb/TS1/saison_id/2026,4eb600e7a8e262f0b3e2e95a268a14ae8f515e096d539a31c9981af247ff5f63,https://www.transfermarkt.de/fc-slovan-liberec/kader/verein/697/saison_id/2026/plus/1,6aba2d7156fcbb82e5f0f245492c388de338ad498bd8ff4bd953a9b7fb194317,6577868;6392768,"Queue https://www.transfermarkt.de/fc-slovan-liberec/kader/verein/697/saison_id/2026/plus/1 sha256=6aba2d7156fcbb82e5f0f245492c388de338ad498bd8ff4bd953a9b7fb194317; transfer event 6577868 from https://www.transfermarkt.de/chance-liga/transfers/wettbewerb/TS1/saison_id/2026 sha256=4eb600e7a8e262f0b3e2e95a268a14ae8f515e096d539a31c9981af247ff5f63; profile https://www.transfermarkt.de/david-hamansenya/profil/spieler/1401055 sha256=a08006499ecb0ae2d006f614a73c713495f9c0f20fe182fa2ac61a7075e2c47e; effective date used only when explicit, otherwise current profile/joined and event endpoints; LOAN_OWNER_OR_RETURN_DATE_UNRESOLVED; no departure inferred from roster absence."
ENG1,Hull City,3008,1131161,Robinio Vaz,2007-02-17,283989,76410,1179662,917532,3008,Hull City,https://www.transfermarkt.de/robinio-vaz/profil/spieler/1131161,0f510e50c1391c6a8a228df797002d012f6d524379bd5dacd426dd5e2fd8c14e,6558315,,LOAN,12,AS Rom,1769476,3008,Hull City,917532,12,1769476,2030-06-30,2026-09-01,2027-06-30,CONFIRMED,CURRENT_UNDATED_LOAN_EVENT_PROFILE_OWNER_END,transfer-event-capture;current-profile-crosscheck,,https://www.transfermarkt.de/premier-league/transfers/wettbewerb/GB1/saison_id/2026,dea85796083e3a3c441b9d8a4a6bb63799d6b5db6581c82fc0743e65e1042ee3,https://www.transfermarkt.de/hull-city/kader/verein/3008/saison_id/2026/plus/1,95d27e3b77eef2306101f2b6eab92a02d56308a31e0d34299be2fa82dcf331db,6558315,"Queue https://www.transfermarkt.de/hull-city/kader/verein/3008/saison_id/2026/plus/1 sha256=95d27e3b77eef2306101f2b6eab92a02d56308a31e0d34299be2fa82dcf331db; transfer event 6558315 from https://www.transfermarkt.de/premier-league/transfers/wettbewerb/GB1/saison_id/2026 sha256=dea85796083e3a3c441b9d8a4a6bb63799d6b5db6581c82fc0743e65e1042ee3; profile https://www.transfermarkt.de/robinio-vaz/profil/spieler/1131161 sha256=0f510e50c1391c6a8a228df797002d012f6d524379bd5dacd426dd5e2fd8c14e; effective date used only when explicit, otherwise current profile/joined and event endpoints; CURRENT_LOAN_EVENT_OWNER_AND_RETURN_DATE_AGREE; no departure inferred from roster absence."
ENG1,Hull City,3008,258916,Kieran Dowell,1997-10-10,288906,226401,2752517,917532,3008,Hull City,https://www.transfermarkt.de/kieran-dowell/profil/spieler/258916,3ed20f2ff47c605ad85bf7d1cd0766598fd832da5c1c8bfbfea3bde0f34f11d3,,,,,,,,,,,,,2026-01-23,2027-06-30,REVIEW_REQUIRED,NO_CURRENT_DESTINATION_EVENT_NO_DEPARTURE_INFERRED,transfer-event-capture;current-profile-crosscheck,Sol,,,https://www.transfermarkt.de/hull-city/kader/verein/3008/saison_id/2026/plus/1,95d27e3b77eef2306101f2b6eab92a02d56308a31e0d34299be2fa82dcf331db,,"Queue https://www.transfermarkt.de/hull-city/kader/verein/3008/saison_id/2026/plus/1 sha256=95d27e3b77eef2306101f2b6eab92a02d56308a31e0d34299be2fa82dcf331db; transfer event none from  sha256=; profile https://www.transfermarkt.de/kieran-dowell/profil/spieler/258916 sha256=3ed20f2ff47c605ad85bf7d1cd0766598fd832da5c1c8bfbfea3bde0f34f11d3; effective date used only when explicit, otherwise current profile/joined and event endpoints; NO_CURRENT_DESTINATION_EVENT; no departure inferred from roster absence."
ENG1,Ipswich Town,677,530813,Anis Mehmeti,2001-01-09,24129,250816,917555,917538,677,Ipswich Town,https://www.transfermarkt.de/anis-mehmeti/profil/spieler/530813,ecec5a45e7ac1fc20eeb98fffaef2931ec576ddf60cbd81ceb27b8c36562c7f1,,,,,,,,,,,,,2026-01-23,2029-06-30,REVIEW_REQUIRED,NO_CURRENT_DESTINATION_EVENT_NO_DEPARTURE_INFERRED,transfer-event-capture;current-profile-crosscheck,Sol,,,https://www.transfermarkt.de/ipswich-town/kader/verein/677/saison_id/2026/plus/1,27c77a20084b00ebf1368072929c14c023348a25975bceca8389e69766b037af,,"Queue https://www.transfermarkt.de/ipswich-town/kader/verein/677/saison_id/2026/plus/1 sha256=27c77a20084b00ebf1368072929c14c023348a25975bceca8389e69766b037af; transfer event none from  sha256=; profile https://www.transfermarkt.de/anis-mehmeti/profil/spieler/530813 sha256=ecec5a45e7ac1fc20eeb98fffaef2931ec576ddf60cbd81ceb27b8c36562c7f1; effective date used only when explicit, otherwise current profile/joined and event endpoints; NO_CURRENT_DESTINATION_EVENT; no departure inferred from roster absence."
ENG1,Crystal Palace,873,500689,Evann Guessand,2001-07-01,261112,258444,917506,917535,873,Crystal Palace,https://www.transfermarkt.de/evann-guessand/profil/spieler/500689,ad1f507f239792024bc59dd555551a3f3a011f1987845ac36edb98c068dd9dc6,,,,,,,,,,,,,2026-01-30,2027-06-30,REVIEW_REQUIRED,NO_CURRENT_DESTINATION_EVENT_NO_DEPARTURE_INFERRED,transfer-event-capture;current-profile-crosscheck,Sol,,,https://www.transfermarkt.de/crystal-palace/kader/verein/873/saison_id/2026/plus/1,5b0d8110693231bc9cfcbf4e744171ea18f83dc20ff4c35e294cf84c098ae7ac,,"Queue https://www.transfermarkt.de/crystal-palace/kader/verein/873/saison_id/2026/plus/1 sha256=5b0d8110693231bc9cfcbf4e744171ea18f83dc20ff4c35e294cf84c098ae7ac; transfer event none from  sha256=; profile https://www.transfermarkt.de/evann-guessand/profil/spieler/500689 sha256=ad1f507f239792024bc59dd555551a3f3a011f1987845ac36edb98c068dd9dc6; effective date used only when explicit, otherwise current profile/joined and event endpoints; NO_CURRENT_DESTINATION_EVENT; no departure inferred from roster absence."
ENG1,AFC Bournemouth,989,1012564,Rayan,2006-08-03,222045,0,3538951,917553,989,AFC Bournemouth,https://www.transfermarkt.de/rayan/profil/spieler/1012564,ab75999157241d54cfc4c9294e91331b97a453838659c8c8b191c87d6d9ba93b,,,,,,,,,,,,,2026-01-27,2031-06-30,REVIEW_REQUIRED,NO_CURRENT_DESTINATION_EVENT_NO_DEPARTURE_INFERRED,transfer-event-capture;current-profile-crosscheck,Sol,,,https://www.transfermarkt.de/afc-bournemouth/kader/verein/989/saison_id/2026/plus/1,147ac73d9a94a634b365ebf6ee82ee4655d46b0d4aa0cba07b481ccc27a62359,,"Queue https://www.transfermarkt.de/afc-bournemouth/kader/verein/989/saison_id/2026/plus/1 sha256=147ac73d9a94a634b365ebf6ee82ee4655d46b0d4aa0cba07b481ccc27a62359; transfer event none from  sha256=; profile https://www.transfermarkt.de/rayan/profil/spieler/1012564 sha256=ab75999157241d54cfc4c9294e91331b97a453838659c8c8b191c87d6d9ba93b; effective date used only when explicit, otherwise current profile/joined and event endpoints; NO_CURRENT_DESTINATION_EVENT; no departure inferred from roster absence."
ENG1,AFC Bournemouth,989,52570,Fraser Forster,1988-03-17,1000013240,172203,0,917553,989,AFC Bournemouth,https://www.transfermarkt.de/fraser-forster/profil/spieler/52570,016fa6ad546f5992bd91ed2886f48a53b01e240f60eb4c259e35d358936d4672,,,,,,,,,,,,,2026-01-02,2027-06-30,REVIEW_REQUIRED,NO_CURRENT_DESTINATION_EVENT_NO_DEPARTURE_INFERRED,transfer-event-capture;current-profile-crosscheck,Sol,,,https://www.transfermarkt.de/afc-bournemouth/kader/verein/989/saison_id/2026/plus/1,147ac73d9a94a634b365ebf6ee82ee4655d46b0d4aa0cba07b481ccc27a62359,,"Queue https://www.transfermarkt.de/afc-bournemouth/kader/verein/989/saison_id/2026/plus/1 sha256=147ac73d9a94a634b365ebf6ee82ee4655d46b0d4aa0cba07b481ccc27a62359; transfer event none from  sha256=; profile https://www.transfermarkt.de/fraser-forster/profil/spieler/52570 sha256=016fa6ad546f5992bd91ed2886f48a53b01e240f60eb4c259e35d358936d4672; effective date used only when explicit, otherwise current profile/joined and event endpoints; NO_CURRENT_DESTINATION_EVENT; no departure inferred from roster absence."
ENG1,AFC Bournemouth,989,998101,Alex Tóth,2005-10-23,107259,70903,1507348,917553,989,AFC Bournemouth,https://www.transfermarkt.de/alex-toth/profil/spieler/998101,6505ea66cdca8d3a29c23e9f35dfa00d3ceab34ca3c6d5f98a49bb073c38ab91,,,,,,,,,,,,,2026-01-20,2031-06-30,REVIEW_REQUIRED,NO_CURRENT_DESTINATION_EVENT_NO_DEPARTURE_INFERRED,transfer-event-capture;current-profile-crosscheck,Sol,,,https://www.transfermarkt.de/afc-bournemouth/kader/verein/989/saison_id/2026/plus/1,147ac73d9a94a634b365ebf6ee82ee4655d46b0d4aa0cba07b481ccc27a62359,,"Queue https://www.transfermarkt.de/afc-bournemouth/kader/verein/989/saison_id/2026/plus/1 sha256=147ac73d9a94a634b365ebf6ee82ee4655d46b0d4aa0cba07b481ccc27a62359; transfer event none from  sha256=; profile https://www.transfermarkt.de/alex-toth/profil/spieler/998101 sha256=6505ea66cdca8d3a29c23e9f35dfa00d3ceab34ca3c6d5f98a49bb073c38ab91; effective date used only when explicit, otherwise current profile/joined and event endpoints; NO_CURRENT_DESTINATION_EVENT; no departure inferred from roster absence."
ENG1,Coventry City,990,1049020,Stephen Mfuni,2008-02-12,262642,0,917518,917530,990,Coventry City,https://www.transfermarkt.de/stephen-mfuni/profil/spieler/1049020,30613997d56d2c3611bb9c81ed31548685330b3bcd57020b3c9deb4265b1c22e,6546945,,LOAN,9265,Manchester City U21,,990,Coventry City,917530,9265,,,2026-08-30,2027-06-30,REVIEW_REQUIRED,TWO_ATTEMPTS_EXHAUSTED_LOAN_OWNER_END,transfer-event-capture;current-profile-crosscheck,Sol,https://www.transfermarkt.de/premier-league/transfers/wettbewerb/GB1/saison_id/2026,dea85796083e3a3c441b9d8a4a6bb63799d6b5db6581c82fc0743e65e1042ee3,https://www.transfermarkt.de/coventry-city/kader/verein/990/saison_id/2026/plus/1,f8b6df3a235487785b5388c90b2e9ed50f43a330cba1ff3e2ab5138484452aae,6546945,"Queue https://www.transfermarkt.de/coventry-city/kader/verein/990/saison_id/2026/plus/1 sha256=f8b6df3a235487785b5388c90b2e9ed50f43a330cba1ff3e2ab5138484452aae; transfer event 6546945 from https://www.transfermarkt.de/premier-league/transfers/wettbewerb/GB1/saison_id/2026 sha256=dea85796083e3a3c441b9d8a4a6bb63799d6b5db6581c82fc0743e65e1042ee3; profile https://www.transfermarkt.de/stephen-mfuni/profil/spieler/1049020 sha256=30613997d56d2c3611bb9c81ed31548685330b3bcd57020b3c9deb4265b1c22e; effective date used only when explicit, otherwise current profile/joined and event endpoints; LOAN_OWNER_OR_RETURN_DATE_UNRESOLVED; no departure inferred from roster absence."
ESP1,FC Valencia,1049,251876,Pablo Maffeo,1997-07-12,282407,221342,2949130,2949139,1049,FC Valencia,https://www.transfermarkt.de/pablo-maffeo/profil/spieler/251876,7b0e322c5836b799e4f93fad4ce68279cbbe18eb925b10640ffcee77b90e17c2,6522079,,LOAN,683,Olympiakos Piräus,,1049,FC Valencia,2949139,683,,2029-06-30,2026-08-20,2027-06-30,REVIEW_REQUIRED,TWO_ATTEMPTS_EXHAUSTED_LOAN_OWNER_END,transfer-event-capture;current-profile-crosscheck,Sol,https://www.transfermarkt.de/laliga/transfers/wettbewerb/ES1/saison_id/2026,6a528989c7bb78680fac9ebd978e8569f74adc549afa1e6b1259c53ff8c8e047,https://www.transfermarkt.de/fc-valencia/kader/verein/1049/saison_id/2026/plus/1,5de2e980893b594e24db008458062bfc00ba2b8df17a120bf432b038f984588c,6522079,"Queue https://www.transfermarkt.de/fc-valencia/kader/verein/1049/saison_id/2026/plus/1 sha256=5de2e980893b594e24db008458062bfc00ba2b8df17a120bf432b038f984588c; transfer event 6522079 from https://www.transfermarkt.de/laliga/transfers/wettbewerb/ES1/saison_id/2026 sha256=6a528989c7bb78680fac9ebd978e8569f74adc549afa1e6b1259c53ff8c8e047; profile https://www.transfermarkt.de/pablo-maffeo/profil/spieler/251876 sha256=7b0e322c5836b799e4f93fad4ce68279cbbe18eb925b10640ffcee77b90e17c2; effective date used only when explicit, otherwise current profile/joined and event endpoints; LOAN_OWNER_OR_RETURN_DATE_UNRESOLVED; no departure inferred from roster absence."
ESP1,Real Betis Sevilla,150,261503,Álvaro Fidalgo,1997-04-09,255346,246608,5439489,2949133,150,Real Betis Sevilla,https://www.transfermarkt.de/alvaro-fidalgo/profil/spieler/261503,9a889c4f33e6ae84de0b1772596984d4c94baae072c3fbc1616469d50081a223,,,,,,,,,,,,,2026-02-01,2030-06-30,REVIEW_REQUIRED,NO_CURRENT_DESTINATION_EVENT_NO_DEPARTURE_INFERRED,transfer-event-capture;current-profile-crosscheck,Sol,,,https://www.transfermarkt.de/real-betis-sevilla/kader/verein/150/saison_id/2026/plus/1,2aaeb64f077be646ab6ba33019bafa8f7b5b68e0e5fcd67c1dde6bed8f42133c,,"Queue https://www.transfermarkt.de/real-betis-sevilla/kader/verein/150/saison_id/2026/plus/1 sha256=2aaeb64f077be646ab6ba33019bafa8f7b5b68e0e5fcd67c1dde6bed8f42133c; transfer event none from  sha256=; profile https://www.transfermarkt.de/alvaro-fidalgo/profil/spieler/261503 sha256=9a889c4f33e6ae84de0b1772596984d4c94baae072c3fbc1616469d50081a223; effective date used only when explicit, otherwise current profile/joined and event endpoints; NO_CURRENT_DESTINATION_EVENT; no departure inferred from roster absence."
ESP1,FC Elche,1531,912392,Lucas Cepeda,2002-10-31,227312,71013,3604486,2949148,1531,FC Elche,https://www.transfermarkt.de/lucas-cepeda/profil/spieler/912392,825f6e5e6769795e4a7f9039964c4b915aa31b9038b3fa6bb127684498deda3f,,,,,,,,,,,,,2026-01-26,2030-06-30,REVIEW_REQUIRED,NO_CURRENT_DESTINATION_EVENT_NO_DEPARTURE_INFERRED,transfer-event-capture;current-profile-crosscheck,Sol,,,https://www.transfermarkt.de/fc-elche/kader/verein/1531/saison_id/2026/plus/1,7770f10307d7f825180585a8f034dec01f148c375c8cddde531c5778db711b3f,,"Queue https://www.transfermarkt.de/fc-elche/kader/verein/1531/saison_id/2026/plus/1 sha256=7770f10307d7f825180585a8f034dec01f148c375c8cddde531c5778db711b3f; transfer event none from  sha256=; profile https://www.transfermarkt.de/lucas-cepeda/profil/spieler/912392 sha256=825f6e5e6769795e4a7f9039964c4b915aa31b9038b3fa6bb127684498deda3f; effective date used only when explicit, otherwise current profile/joined and event endpoints; NO_CURRENT_DESTINATION_EVENT; no departure inferred from roster absence."
ESP1,UD Levante,3368,846254,Petar Ratkov,2003-08-18,264991,275978,262150,2949128,3368,UD Levante,https://www.transfermarkt.de/petar-ratkov/profil/spieler/846254,341480a23240e5da4b0ce3b6b8eaab59f6d6a61591b6cd3db43897291211c57d,6558263,,LOAN,398,Lazio Rom,1769487,3368,UD Levante,2949128,398,1769487,2030-06-30,2026-09-01,2027-06-30,CONFIRMED,CURRENT_UNDATED_LOAN_EVENT_PROFILE_OWNER_END,transfer-event-capture;current-profile-crosscheck,,https://www.transfermarkt.de/serie-a/transfers/wettbewerb/IT1/saison_id/2026,64d949311be0dad09b95e57c83f70b538dd5848993bcd3dae3a084b20792d8c0,https://www.transfermarkt.de/ud-levante/kader/verein/3368/saison_id/2026/plus/1,53cacbbeea38cb2a390a7eeec2d36d336b94cb75602793ff1a9bacce28891775,6558263,"Queue https://www.transfermarkt.de/ud-levante/kader/verein/3368/saison_id/2026/plus/1 sha256=53cacbbeea38cb2a390a7eeec2d36d336b94cb75602793ff1a9bacce28891775; transfer event 6558263 from https://www.transfermarkt.de/serie-a/transfers/wettbewerb/IT1/saison_id/2026 sha256=64d949311be0dad09b95e57c83f70b538dd5848993bcd3dae3a084b20792d8c0; profile https://www.transfermarkt.de/petar-ratkov/profil/spieler/846254 sha256=341480a23240e5da4b0ce3b6b8eaab59f6d6a61591b6cd3db43897291211c57d; effective date used only when explicit, otherwise current profile/joined and event endpoints; CURRENT_LOAN_EVENT_OWNER_AND_RETURN_DATE_AGREE; no departure inferred from roster absence."
ESP1,Racing Santander,630,1088712,Simon Eriksson,2006-04-24,188090,74624,3014663,2949137,630,Racing Santander,https://www.transfermarkt.de/simon-eriksson/profil/spieler/1088712,4afed690bdd8d4113583147edb42e7b0f1dc1066870f9a72b7acc2908c4eb0e8,,,,,,,,,,,,,2026-01-19,2030-06-30,REVIEW_REQUIRED,NO_CURRENT_DESTINATION_EVENT_NO_DEPARTURE_INFERRED,transfer-event-capture;current-profile-crosscheck,Sol,,,https://www.transfermarkt.de/racing-santander/kader/verein/630/saison_id/2026/plus/1,18a40c3ef461fb12859ab644f10535935a6e0f3b45aa680347aab5a3a4eda60f,,"Queue https://www.transfermarkt.de/racing-santander/kader/verein/630/saison_id/2026/plus/1 sha256=18a40c3ef461fb12859ab644f10535935a6e0f3b45aa680347aab5a3a4eda60f; transfer event none from  sha256=; profile https://www.transfermarkt.de/simon-eriksson/profil/spieler/1088712 sha256=4afed690bdd8d4113583147edb42e7b0f1dc1066870f9a72b7acc2908c4eb0e8; effective date used only when explicit, otherwise current profile/joined and event endpoints; NO_CURRENT_DESTINATION_EVENT; no departure inferred from roster absence."
ESP1,Racing Santander,630,1153105,Yassir Zabiri,2005-02-23,287701,74698,2490398,2949137,630,Racing Santander,https://www.transfermarkt.de/yassir-zabiri/profil/spieler/1153105,b135a89b487777b77222230140200935358ccee9a68f8b589563f0eea6bfbb19,6468640,,LOAN,273,FC Stade Rennes,1179656,630,Racing Santander,2949137,273,1179656,2029-06-30,2026-07-29,2027-06-30,CONFIRMED,CURRENT_UNDATED_LOAN_EVENT_PROFILE_OWNER_END,transfer-event-capture;current-profile-crosscheck,,https://www.transfermarkt.de/laliga/transfers/wettbewerb/ES1/saison_id/2026,6a528989c7bb78680fac9ebd978e8569f74adc549afa1e6b1259c53ff8c8e047,https://www.transfermarkt.de/racing-santander/kader/verein/630/saison_id/2026/plus/1,18a40c3ef461fb12859ab644f10535935a6e0f3b45aa680347aab5a3a4eda60f,6468640,"Queue https://www.transfermarkt.de/racing-santander/kader/verein/630/saison_id/2026/plus/1 sha256=18a40c3ef461fb12859ab644f10535935a6e0f3b45aa680347aab5a3a4eda60f; transfer event 6468640 from https://www.transfermarkt.de/laliga/transfers/wettbewerb/ES1/saison_id/2026 sha256=6a528989c7bb78680fac9ebd978e8569f74adc549afa1e6b1259c53ff8c8e047; profile https://www.transfermarkt.de/yassir-zabiri/profil/spieler/1153105 sha256=b135a89b487777b77222230140200935358ccee9a68f8b589563f0eea6bfbb19; effective date used only when explicit, otherwise current profile/joined and event endpoints; CURRENT_LOAN_EVENT_OWNER_AND_RETURN_DATE_AGREE; no departure inferred from roster absence."
ESP1,Racing Santander,630,502682,Giorgi Guliashvili,2001-09-05,243646,0,528390,2949137,630,Racing Santander,https://www.transfermarkt.de/giorgi-guliashvili/profil/spieler/502682,f387c3f4010f47b2252191990ab089fde6255bd6628e1bb8b42c0bed0c5575b8,,,,,,,,,,,,,2026-01-09,2029-06-30,REVIEW_REQUIRED,NO_CURRENT_DESTINATION_EVENT_NO_DEPARTURE_INFERRED,transfer-event-capture;current-profile-crosscheck,Sol,,,https://www.transfermarkt.de/racing-santander/kader/verein/630/saison_id/2026/plus/1,18a40c3ef461fb12859ab644f10535935a6e0f3b45aa680347aab5a3a4eda60f,,"Queue https://www.transfermarkt.de/racing-santander/kader/verein/630/saison_id/2026/plus/1 sha256=18a40c3ef461fb12859ab644f10535935a6e0f3b45aa680347aab5a3a4eda60f; transfer event none from  sha256=; profile https://www.transfermarkt.de/giorgi-guliashvili/profil/spieler/502682 sha256=f387c3f4010f47b2252191990ab089fde6255bd6628e1bb8b42c0bed0c5575b8; effective date used only when explicit, otherwise current profile/joined and event endpoints; NO_CURRENT_DESTINATION_EVENT; no departure inferred from roster absence."
ESP1,Deportivo A Coruña,897,466807,Adrià Altimira,2001-03-28,280929,269228,2949140,2949127,897,Deportivo A Coruña,https://www.transfermarkt.de/adria-altimira/profil/spieler/466807,ec799711e40790dc79a61025907dd68727b6c4487cd8ea063359871836bfefe7,,,,,,,,,,,,,2026-01-02,2029-06-30,REVIEW_REQUIRED,NO_CURRENT_DESTINATION_EVENT_NO_DEPARTURE_INFERRED,transfer-event-capture;current-profile-crosscheck,Sol,,,https://www.transfermarkt.de/deportivo-a-coruna/kader/verein/897/saison_id/2026/plus/1,7550b0f31442bf21d6149b2642a4ee1c6a58307c97068ea0c26d45e205ddb6c5,,"Queue https://www.transfermarkt.de/deportivo-a-coruna/kader/verein/897/saison_id/2026/plus/1 sha256=7550b0f31442bf21d6149b2642a4ee1c6a58307c97068ea0c26d45e205ddb6c5; transfer event none from  sha256=; profile https://www.transfermarkt.de/adria-altimira/profil/spieler/466807 sha256=ec799711e40790dc79a61025907dd68727b6c4487cd8ea063359871836bfefe7; effective date used only when explicit, otherwise current profile/joined and event endpoints; NO_CURRENT_DESTINATION_EVENT; no departure inferred from roster absence."
ESP1,Deportivo A Coruña,897,596899,Riki Rodríguez,1997-09-25,290701,251599,2949123,2949127,897,Deportivo A Coruña,https://www.transfermarkt.de/riki-rodriguez/profil/spieler/596899,890fd1f65a79864318ed66d888617f5377bc27c2fc18edad34e8ae0ae1d27990,,,,,,,,,,,,,2026-02-02,2029-06-30,REVIEW_REQUIRED,NO_CURRENT_DESTINATION_EVENT_NO_DEPARTURE_INFERRED,transfer-event-capture;current-profile-crosscheck,Sol,,,https://www.transfermarkt.de/deportivo-a-coruna/kader/verein/897/saison_id/2026/plus/1,7550b0f31442bf21d6149b2642a4ee1c6a58307c97068ea0c26d45e205ddb6c5,,"Queue https://www.transfermarkt.de/deportivo-a-coruna/kader/verein/897/saison_id/2026/plus/1 sha256=7550b0f31442bf21d6149b2642a4ee1c6a58307c97068ea0c26d45e205ddb6c5; transfer event none from  sha256=; profile https://www.transfermarkt.de/riki-rodriguez/profil/spieler/596899 sha256=890fd1f65a79864318ed66d888617f5377bc27c2fc18edad34e8ae0ae1d27990; effective date used only when explicit, otherwise current profile/joined and event endpoints; NO_CURRENT_DESTINATION_EVENT; no departure inferred from roster absence."
FRA1,Olympique Lyon,1041,802515,Noah Nartey,2005-10-05,286284,71170,851977,1179661,1041,Olympique Lyon,https://www.transfermarkt.de/noah-nartey/profil/spieler/802515,f46911e531cf41c42b800d787a3540c8c440d62a66ef248a01d448a1250b533c,,,,,,,,,,,,,2026-01-19,2030-06-30,REVIEW_REQUIRED,NO_CURRENT_DESTINATION_EVENT_NO_DEPARTURE_INFERRED,transfer-event-capture;current-profile-crosscheck,Sol,,,https://www.transfermarkt.de/olympique-lyon/kader/verein/1041/saison_id/2026/plus/1,d1e8c52088c164c738d95700ab10125d62a6b25b7393bf2f71320770c00926fe,,"Queue https://www.transfermarkt.de/olympique-lyon/kader/verein/1041/saison_id/2026/plus/1 sha256=d1e8c52088c164c738d95700ab10125d62a6b25b7393bf2f71320770c00926fe; transfer event none from  sha256=; profile https://www.transfermarkt.de/noah-nartey/profil/spieler/802515 sha256=f46911e531cf41c42b800d787a3540c8c440d62a66ef248a01d448a1250b533c; effective date used only when explicit, otherwise current profile/joined and event endpoints; NO_CURRENT_DESTINATION_EVENT; no departure inferred from roster absence."
FRA1,ESTAC Troyes,1095,575319,Kandet Diawara,2000-02-10,276321,264079,1376373,1179683,1095,ESTAC Troyes,https://www.transfermarkt.de/kandet-diawara/profil/spieler/575319,bffd669b871e468bff5661933512a68d85ca8dba434b2f5e18e864d3519e5af0,,,,,,,,,,,,,2026-02-02,2027-06-30,REVIEW_REQUIRED,NO_CURRENT_DESTINATION_EVENT_NO_DEPARTURE_INFERRED,transfer-event-capture;current-profile-crosscheck,Sol,,,https://www.transfermarkt.de/estac-troyes/kader/verein/1095/saison_id/2026/plus/1,3de2a4a4e2246fa33a1e94b81459db264308feb0d186d61173bb4ee72e627faa,,"Queue https://www.transfermarkt.de/estac-troyes/kader/verein/1095/saison_id/2026/plus/1 sha256=3de2a4a4e2246fa33a1e94b81459db264308feb0d186d61173bb4ee72e627faa; transfer event none from  sha256=; profile https://www.transfermarkt.de/kandet-diawara/profil/spieler/575319 sha256=bffd669b871e468bff5661933512a68d85ca8dba434b2f5e18e864d3519e5af0; effective date used only when explicit, otherwise current profile/joined and event endpoints; NO_CURRENT_DESTINATION_EVENT; no departure inferred from roster absence."
FRA1,FC Lorient,1158,666971,Souleymane Faye,2003-02-08,285159,79547,2949245,1179673,1158,FC Lorient,https://www.transfermarkt.de/souleymane-faye/profil/spieler/666971,8c19b46d4878fcd6aeefa84d9624da747c72e7fbd00b003a5b4d15c87866e40c,6479882,,LOAN,336,Sporting Lissabon,2490382,1158,FC Lorient,1179673,336,2490382,2030-06-30,2026-08-02,2027-06-30,CONFIRMED,CURRENT_UNDATED_LOAN_EVENT_PROFILE_OWNER_END,transfer-event-capture;current-profile-crosscheck,,https://www.transfermarkt.de/ligue-1/transfers/wettbewerb/FR1/saison_id/2026,d0bdedb0ffa3ae6d9bd09c12fb5a85d4118138f6388ab0440cf2ba38e857b62b,https://www.transfermarkt.de/fc-lorient/kader/verein/1158/saison_id/2026/plus/1,8985aded9368fca7ce5d7744ed4210e43a27554002fd29e32ed7f2454f7c3087,6479882,"Queue https://www.transfermarkt.de/fc-lorient/kader/verein/1158/saison_id/2026/plus/1 sha256=8985aded9368fca7ce5d7744ed4210e43a27554002fd29e32ed7f2454f7c3087; transfer event 6479882 from https://www.transfermarkt.de/ligue-1/transfers/wettbewerb/FR1/saison_id/2026 sha256=d0bdedb0ffa3ae6d9bd09c12fb5a85d4118138f6388ab0440cf2ba38e857b62b; profile https://www.transfermarkt.de/souleymane-faye/profil/spieler/666971 sha256=8c19b46d4878fcd6aeefa84d9624da747c72e7fbd00b003a5b4d15c87866e40c; effective date used only when explicit, otherwise current profile/joined and event endpoints; CURRENT_LOAN_EVENT_OWNER_AND_RETURN_DATE_AGREE; no departure inferred from roster absence."
FRA1,FC Le Mans,1164,1027788,Enzo Vagner,2006-07-28,222801,0,3538985,1179682,1164,FC Le Mans,https://www.transfermarkt.de/enzo-vagner/profil/spieler/1027788,356289d67c9d8be103c00552da57cf9641edb01d4d63cce0077ef6c4c1d0817a,6518899,,LOAN,776,Coritiba FC,,1164,FC Le Mans,1179682,776,,2027-12-31,2026-08-19,2027-06-30,REVIEW_REQUIRED,TWO_ATTEMPTS_EXHAUSTED_LOAN_OWNER_END,transfer-event-capture;current-profile-crosscheck,Sol,https://www.transfermarkt.de/ligue-1/transfers/wettbewerb/FR1/saison_id/2026,d0bdedb0ffa3ae6d9bd09c12fb5a85d4118138f6388ab0440cf2ba38e857b62b,https://www.transfermarkt.de/fc-le-mans/kader/verein/1164/saison_id/2026/plus/1,3a1590b4702d0adc2e4906566f51e78d043b0e625e92b825b4e3d1a572fd483c,6518899,"Queue https://www.transfermarkt.de/fc-le-mans/kader/verein/1164/saison_id/2026/plus/1 sha256=3a1590b4702d0adc2e4906566f51e78d043b0e625e92b825b4e3d1a572fd483c; transfer event 6518899 from https://www.transfermarkt.de/ligue-1/transfers/wettbewerb/FR1/saison_id/2026 sha256=d0bdedb0ffa3ae6d9bd09c12fb5a85d4118138f6388ab0440cf2ba38e857b62b; profile https://www.transfermarkt.de/enzo-vagner/profil/spieler/1027788 sha256=356289d67c9d8be103c00552da57cf9641edb01d4d63cce0077ef6c4c1d0817a; effective date used only when explicit, otherwise current profile/joined and event endpoints; LOAN_OWNER_OR_RETURN_DATE_UNRESOLVED; no departure inferred from roster absence."
FRA1,FC Le Mans,1164,1166137,Adil Bourabaa,2005-03-09,71780,0,1179848,1179682,1164,FC Le Mans,https://www.transfermarkt.de/adil-bourabaa/profil/spieler/1166137,dd375337ec367d2fd15737ad48866a996210f5b613dedf6678c81536fb63b905,,,,,,,,,,,,,2026-02-01,2029-06-30,REVIEW_REQUIRED,NO_CURRENT_DESTINATION_EVENT_NO_DEPARTURE_INFERRED,transfer-event-capture;current-profile-crosscheck,Sol,,,https://www.transfermarkt.de/fc-le-mans/kader/verein/1164/saison_id/2026/plus/1,3a1590b4702d0adc2e4906566f51e78d043b0e625e92b825b4e3d1a572fd483c,,"Queue https://www.transfermarkt.de/fc-le-mans/kader/verein/1164/saison_id/2026/plus/1 sha256=3a1590b4702d0adc2e4906566f51e78d043b0e625e92b825b4e3d1a572fd483c; transfer event none from  sha256=; profile https://www.transfermarkt.de/adil-bourabaa/profil/spieler/1166137 sha256=dd375337ec367d2fd15737ad48866a996210f5b613dedf6678c81536fb63b905; effective date used only when explicit, otherwise current profile/joined and event endpoints; NO_CURRENT_DESTINATION_EVENT; no departure inferred from roster absence."
FRA1,Stade Brest 29,3911,1078326,Noah Edjouma,2005-10-04,291091,278207,1179657,1179685,3911,Stade Brest 29,https://www.transfermarkt.de/noah-edjouma/profil/spieler/1078326,ee74ad5025e0a11425d0c6f97c8facacc5d36df8da4d28e0577d3423e26fd766,6557612,,LOAN,1082,LOSC Lille,1179665,3911,Stade Brest 29,1179685,1082,1179665,2030-06-30,2026-09-01,2027-06-30,CONFIRMED,CURRENT_UNDATED_LOAN_EVENT_PROFILE_OWNER_END,transfer-event-capture;current-profile-crosscheck,,https://www.transfermarkt.de/ligue-1/transfers/wettbewerb/FR1/saison_id/2026,d0bdedb0ffa3ae6d9bd09c12fb5a85d4118138f6388ab0440cf2ba38e857b62b,https://www.transfermarkt.de/stade-brest-29/kader/verein/3911/saison_id/2026/plus/1,52be2d44f637f0ec7c544f95926b9d75ac6bce6bd86bfa9e4cb57ec3bf957bda,6557612,"Queue https://www.transfermarkt.de/stade-brest-29/kader/verein/3911/saison_id/2026/plus/1 sha256=52be2d44f637f0ec7c544f95926b9d75ac6bce6bd86bfa9e4cb57ec3bf957bda; transfer event 6557612 from https://www.transfermarkt.de/ligue-1/transfers/wettbewerb/FR1/saison_id/2026 sha256=d0bdedb0ffa3ae6d9bd09c12fb5a85d4118138f6388ab0440cf2ba38e857b62b; profile https://www.transfermarkt.de/noah-edjouma/profil/spieler/1078326 sha256=ee74ad5025e0a11425d0c6f97c8facacc5d36df8da4d28e0577d3423e26fd766; effective date used only when explicit, otherwise current profile/joined and event endpoints; CURRENT_LOAN_EVENT_OWNER_AND_RETURN_DATE_AGREE; no departure inferred from roster absence."
FRA1,RC Lens,826,585958,Junior Kadile,2002-12-16,136179,257083,2228262,1179664,826,RC Lens,https://www.transfermarkt.de/junior-kadile/profil/spieler/585958,1526f4cb08a388a4025d7bdc1bf5e9c83703177f3e49e318c9de158ec990fb9d,6552593,,LOAN,61,Servette FC,,826,RC Lens,1179664,61,,2029-06-30,2026-08-31,2027-06-30,REVIEW_REQUIRED,TWO_ATTEMPTS_EXHAUSTED_LOAN_OWNER_END,transfer-event-capture;current-profile-crosscheck,Sol,https://www.transfermarkt.de/ligue-1/transfers/wettbewerb/FR1/saison_id/2026,d0bdedb0ffa3ae6d9bd09c12fb5a85d4118138f6388ab0440cf2ba38e857b62b,https://www.transfermarkt.de/rc-lens/kader/verein/826/saison_id/2026/plus/1,7fb4fc29a59ca1fd1875a851a1378fb40304c090e369d517a86f6d13f80ab3c8,6552593,"Queue https://www.transfermarkt.de/rc-lens/kader/verein/826/saison_id/2026/plus/1 sha256=7fb4fc29a59ca1fd1875a851a1378fb40304c090e369d517a86f6d13f80ab3c8; transfer event 6552593 from https://www.transfermarkt.de/ligue-1/transfers/wettbewerb/FR1/saison_id/2026 sha256=d0bdedb0ffa3ae6d9bd09c12fb5a85d4118138f6388ab0440cf2ba38e857b62b; profile https://www.transfermarkt.de/junior-kadile/profil/spieler/585958 sha256=1526f4cb08a388a4025d7bdc1bf5e9c83703177f3e49e318c9de158ec990fb9d; effective date used only when explicit, otherwise current profile/joined and event endpoints; LOAN_OWNER_OR_RETURN_DATE_UNRESOLVED; no departure inferred from roster absence."
FRA1,RC Lens,826,60543,Mathieu Gorgelin,1990-08-05,1000013719,199721,0,1179664,826,RC Lens,https://www.transfermarkt.de/mathieu-gorgelin/profil/spieler/60543,56cf73c6c7bd4bc85f2745cf86b256413636eb1f6aa9c790dd0d6231f33e55d9,,,,,,,,,,,,,2026-01-19,2027-06-30,REVIEW_REQUIRED,NO_CURRENT_DESTINATION_EVENT_NO_DEPARTURE_INFERRED,transfer-event-capture;current-profile-crosscheck,Sol,,,https://www.transfermarkt.de/rc-lens/kader/verein/826/saison_id/2026/plus/1,7fb4fc29a59ca1fd1875a851a1378fb40304c090e369d517a86f6d13f80ab3c8,,"Queue https://www.transfermarkt.de/rc-lens/kader/verein/826/saison_id/2026/plus/1 sha256=7fb4fc29a59ca1fd1875a851a1378fb40304c090e369d517a86f6d13f80ab3c8; transfer event none from  sha256=; profile https://www.transfermarkt.de/mathieu-gorgelin/profil/spieler/60543 sha256=56cf73c6c7bd4bc85f2745cf86b256413636eb1f6aa9c790dd0d6231f33e55d9; effective date used only when explicit, otherwise current profile/joined and event endpoints; NO_CURRENT_DESTINATION_EVENT; no departure inferred from roster absence."
GER1,SC Paderborn 07,127,1108022,Deniz Zeitler,2006-12-13,280198,279116,1376433,1376421,127,SC Paderborn 07,https://www.transfermarkt.de/deniz-zeitler/profil/spieler/1108022,868b0aed40cffbba91cc612b0477fa8dc9bfcb68201b3456079e9e01f52dd9b9,6492141,,LOAN,533,TSG 1899 Hoffenheim,1376433,127,SC Paderborn 07,1376421,533,1376433,,2026-08-10,2027-06-30,REVIEW_REQUIRED,TWO_ATTEMPTS_EXHAUSTED_LOAN_OWNER_END,transfer-event-capture;current-profile-crosscheck,Sol,https://www.transfermarkt.de/bundesliga/transfers/wettbewerb/L1/saison_id/2026,c08e4b3a81f4ba445c4d8343c0dd6f9cfb1b5e5f12689978c0e5485f5030360a,https://www.transfermarkt.de/sc-paderborn-07/kader/verein/127/saison_id/2026/plus/1,2bc1c2dc6af19cdfe4c15f929f45c9c1b3aeb6d1349fe49c0cbceca9a06d7cde,6492141,"Queue https://www.transfermarkt.de/sc-paderborn-07/kader/verein/127/saison_id/2026/plus/1 sha256=2bc1c2dc6af19cdfe4c15f929f45c9c1b3aeb6d1349fe49c0cbceca9a06d7cde; transfer event 6492141 from https://www.transfermarkt.de/bundesliga/transfers/wettbewerb/L1/saison_id/2026 sha256=c08e4b3a81f4ba445c4d8343c0dd6f9cfb1b5e5f12689978c0e5485f5030360a; profile https://www.transfermarkt.de/deniz-zeitler/profil/spieler/1108022 sha256=868b0aed40cffbba91cc612b0477fa8dc9bfcb68201b3456079e9e01f52dd9b9; effective date used only when explicit, otherwise current profile/joined and event endpoints; LOAN_OWNER_OR_RETURN_DATE_UNRESOLVED; no departure inferred from roster absence."
GER1,FC Augsburg,167,342039,Yannik Keitel,2000-02-15,277656,256118,1376272,1376431,167,FC Augsburg,https://www.transfermarkt.de/yannik-keitel/profil/spieler/342039,f54c44f460d6028cf8f9b3a37402099ecdd7dbb39a58be5788f13a358d02c061,,,,,,,,,,,,,2026-01-03,2027-06-30,REVIEW_REQUIRED,NO_CURRENT_DESTINATION_EVENT_NO_DEPARTURE_INFERRED,transfer-event-capture;current-profile-crosscheck,Sol,,,https://www.transfermarkt.de/fc-augsburg/kader/verein/167/saison_id/2026/plus/1,323d986d5d073658ccfd8af3d4978da6e4a9845c0cdcce47798096a26f016833,,"Queue https://www.transfermarkt.de/fc-augsburg/kader/verein/167/saison_id/2026/plus/1 sha256=323d986d5d073658ccfd8af3d4978da6e4a9845c0cdcce47798096a26f016833; transfer event none from  sha256=; profile https://www.transfermarkt.de/yannik-keitel/profil/spieler/342039 sha256=f54c44f460d6028cf8f9b3a37402099ecdd7dbb39a58be5788f13a358d02c061; effective date used only when explicit, otherwise current profile/joined and event endpoints; NO_CURRENT_DESTINATION_EVENT; no departure inferred from roster absence."
GER1,RasenBallsport Leipzig,23826,700106,Brajan Gruda,2004-05-31,23579,272612,917529,1376555,23826,RB Leipzig,https://www.transfermarkt.de/brajan-gruda/profil/spieler/700106,f481a5331a2971c3d3be177ecfb25bf2c37f7a61e6a928c714c26c7a7920c14e,,,,,,,,,,,,,2026-02-02,2027-06-30,REVIEW_REQUIRED,NO_CURRENT_DESTINATION_EVENT_NO_DEPARTURE_INFERRED,transfer-event-capture;current-profile-crosscheck,Sol,,,https://www.transfermarkt.de/rb-leipzig/kader/verein/23826/saison_id/2026/plus/1,97283d90f2a9e564bd064da4fa47fa71d7ad3661db6e1e1a6f768776682c54ff,,"Queue https://www.transfermarkt.de/rb-leipzig/kader/verein/23826/saison_id/2026/plus/1 sha256=97283d90f2a9e564bd064da4fa47fa71d7ad3661db6e1e1a6f768776682c54ff; transfer event none from  sha256=; profile https://www.transfermarkt.de/brajan-gruda/profil/spieler/700106 sha256=f481a5331a2971c3d3be177ecfb25bf2c37f7a61e6a928c714c26c7a7920c14e; effective date used only when explicit, otherwise current profile/joined and event endpoints; NO_CURRENT_DESTINATION_EVENT; no departure inferred from roster absence."
GER1,FC Schalke 04,33,28396,Edin Dzeko,1986-03-17,282478,180930,1769492,1376266,33,FC Schalke 04,https://www.transfermarkt.de/edin-dzeko/profil/spieler/28396,d3a6ffb86c6e6d9071d9f31e26be173fad5493479bc6fc1b39979fc59189e2b3,,,,,,,,,,,,,2026-01-22,2027-06-30,REVIEW_REQUIRED,NO_CURRENT_DESTINATION_EVENT_NO_DEPARTURE_INFERRED,transfer-event-capture;current-profile-crosscheck,Sol,,,https://www.transfermarkt.de/fc-schalke-04/kader/verein/33/saison_id/2026/plus/1,a9ed4724b397b1d2e983c42cd58b22eee88dad2e22e96a26bd8a21ee813c34b7,,"Queue https://www.transfermarkt.de/fc-schalke-04/kader/verein/33/saison_id/2026/plus/1 sha256=a9ed4724b397b1d2e983c42cd58b22eee88dad2e22e96a26bd8a21ee813c34b7; transfer event none from  sha256=; profile https://www.transfermarkt.de/edin-dzeko/profil/spieler/28396 sha256=d3a6ffb86c6e6d9071d9f31e26be173fad5493479bc6fc1b39979fc59189e2b3; effective date used only when explicit, otherwise current profile/joined and event endpoints; NO_CURRENT_DESTINATION_EVENT; no departure inferred from roster absence."
GER1,FC Schalke 04,33,287188,Dejan Ljubicic,1997-10-08,263376,240916,655362,1376266,33,FC Schalke 04,https://www.transfermarkt.de/dejan-ljubicic/profil/spieler/287188,66635cd832a88e78657ed66a637e6534ead816b334751033b29edebf312b4133,,,,,,,,,,,,,2026-01-27,2028-06-30,REVIEW_REQUIRED,NO_CURRENT_DESTINATION_EVENT_NO_DEPARTURE_INFERRED,transfer-event-capture;current-profile-crosscheck,Sol,,,https://www.transfermarkt.de/fc-schalke-04/kader/verein/33/saison_id/2026/plus/1,a9ed4724b397b1d2e983c42cd58b22eee88dad2e22e96a26bd8a21ee813c34b7,,"Queue https://www.transfermarkt.de/fc-schalke-04/kader/verein/33/saison_id/2026/plus/1 sha256=a9ed4724b397b1d2e983c42cd58b22eee88dad2e22e96a26bd8a21ee813c34b7; transfer event none from  sha256=; profile https://www.transfermarkt.de/dejan-ljubicic/profil/spieler/287188 sha256=66635cd832a88e78657ed66a637e6534ead816b334751033b29edebf312b4133; effective date used only when explicit, otherwise current profile/joined and event endpoints; NO_CURRENT_DESTINATION_EVENT; no departure inferred from roster absence."
GER1,SV Elversberg,64,675535,Noel Futkeu,2002-12-06,275406,276660,1376288,1376432,64,SV 07 Elversberg,https://www.transfermarkt.de/noel-futkeu/profil/spieler/675535,c0d6cc7a9460f90b05e0b5d3eef7df42a094c5fb9250639856e3f8c39b82b7f9,6506952,,LOAN,24,Eintracht Frankfurt,1376279,64,SV 07 Elversberg,1376432,24,1376279,,2026-08-15,2027-06-30,REVIEW_REQUIRED,TWO_ATTEMPTS_EXHAUSTED_LOAN_OWNER_END,transfer-event-capture;current-profile-crosscheck,Sol,https://www.transfermarkt.de/bundesliga/transfers/wettbewerb/L1/saison_id/2026,c08e4b3a81f4ba445c4d8343c0dd6f9cfb1b5e5f12689978c0e5485f5030360a,https://www.transfermarkt.de/sv-07-elversberg/kader/verein/64/saison_id/2026/plus/1,ac54bb8cfcfed8b072f1b208573d831ba987c384a94a38fe45024bff098be56e,6280528;6506952,"Queue https://www.transfermarkt.de/sv-07-elversberg/kader/verein/64/saison_id/2026/plus/1 sha256=ac54bb8cfcfed8b072f1b208573d831ba987c384a94a38fe45024bff098be56e; transfer event 6506952 from https://www.transfermarkt.de/bundesliga/transfers/wettbewerb/L1/saison_id/2026 sha256=c08e4b3a81f4ba445c4d8343c0dd6f9cfb1b5e5f12689978c0e5485f5030360a; profile https://www.transfermarkt.de/noel-futkeu/profil/spieler/675535 sha256=c0d6cc7a9460f90b05e0b5d3eef7df42a094c5fb9250639856e3f8c39b82b7f9; effective date used only when explicit, otherwise current profile/joined and event endpoints; LOAN_OWNER_OR_RETURN_DATE_UNRESOLVED; no departure inferred from roster absence."
GER1,SV Elversberg,64,910538,Raif Adam,2005-09-07,275696,0,1376267,1376432,64,SV 07 Elversberg,https://www.transfermarkt.de/raif-adam/profil/spieler/910538,9c64bd740fc3538374b9a7bf1f47efcc311c4adc6d8fb2bf60288d0622d462a7,,,,,,,,,,,,,2026-01-05,2029-06-30,REVIEW_REQUIRED,NO_CURRENT_DESTINATION_EVENT_NO_DEPARTURE_INFERRED,transfer-event-capture;current-profile-crosscheck,Sol,,,https://www.transfermarkt.de/sv-07-elversberg/kader/verein/64/saison_id/2026/plus/1,ac54bb8cfcfed8b072f1b208573d831ba987c384a94a38fe45024bff098be56e,,"Queue https://www.transfermarkt.de/sv-07-elversberg/kader/verein/64/saison_id/2026/plus/1 sha256=ac54bb8cfcfed8b072f1b208573d831ba987c384a94a38fe45024bff098be56e; transfer event none from  sha256=; profile https://www.transfermarkt.de/raif-adam/profil/spieler/910538 sha256=9c64bd740fc3538374b9a7bf1f47efcc311c4adc6d8fb2bf60288d0622d462a7; effective date used only when explicit, otherwise current profile/joined and event endpoints; NO_CURRENT_DESTINATION_EVENT; no departure inferred from roster absence."
GER1,SV Elversberg,64,974894,David Mokwa,2004-05-03,280196,76133,1376433,1376432,64,SV 07 Elversberg,https://www.transfermarkt.de/david-mokwa/profil/spieler/974894,b51935a8cb757affda2ce00d4b5829a1496c011fcd1163f4622c2d31a8463278,,,,,,,,,,,,,2026-01-03,2029-06-30,REVIEW_REQUIRED,NO_CURRENT_DESTINATION_EVENT_NO_DEPARTURE_INFERRED,transfer-event-capture;current-profile-crosscheck,Sol,,,https://www.transfermarkt.de/sv-07-elversberg/kader/verein/64/saison_id/2026/plus/1,ac54bb8cfcfed8b072f1b208573d831ba987c384a94a38fe45024bff098be56e,,"Queue https://www.transfermarkt.de/sv-07-elversberg/kader/verein/64/saison_id/2026/plus/1 sha256=ac54bb8cfcfed8b072f1b208573d831ba987c384a94a38fe45024bff098be56e; transfer event none from  sha256=; profile https://www.transfermarkt.de/david-mokwa/profil/spieler/974894 sha256=b51935a8cb757affda2ce00d4b5829a1496c011fcd1163f4622c2d31a8463278; effective date used only when explicit, otherwise current profile/joined and event endpoints; NO_CURRENT_DESTINATION_EVENT; no departure inferred from roster absence."
GER1,SV Werder Bremen,86,645774,Eren Dinkçi,2001-12-13,277861,258316,1376270,1376271,86,SV Werder Bremen,https://www.transfermarkt.de/eren-dinkci/profil/spieler/645774,1c65788e97e65f09f3a9ac85fe8c72443602d9cf2df5302cd478e0ce7c937f8e,6512088,,LOAN,60,SC Freiburg,1376270,86,SV Werder Bremen,1376271,60,1376270,,2026-08-17,2027-06-30,REVIEW_REQUIRED,TWO_ATTEMPTS_EXHAUSTED_LOAN_OWNER_END,transfer-event-capture;current-profile-crosscheck,Sol,https://www.transfermarkt.de/bundesliga/transfers/wettbewerb/L1/saison_id/2026,c08e4b3a81f4ba445c4d8343c0dd6f9cfb1b5e5f12689978c0e5485f5030360a,https://www.transfermarkt.de/sv-werder-bremen/kader/verein/86/saison_id/2026/plus/1,0a7e36159d0c7ffd555ab7f3ffa226b0cf286e7a1a009e2dca794bd509bbd26e,6152489;6512088,"Queue https://www.transfermarkt.de/sv-werder-bremen/kader/verein/86/saison_id/2026/plus/1 sha256=0a7e36159d0c7ffd555ab7f3ffa226b0cf286e7a1a009e2dca794bd509bbd26e; transfer event 6512088 from https://www.transfermarkt.de/bundesliga/transfers/wettbewerb/L1/saison_id/2026 sha256=c08e4b3a81f4ba445c4d8343c0dd6f9cfb1b5e5f12689978c0e5485f5030360a; profile https://www.transfermarkt.de/eren-dinkci/profil/spieler/645774 sha256=1c65788e97e65f09f3a9ac85fe8c72443602d9cf2df5302cd478e0ce7c937f8e; effective date used only when explicit, otherwise current profile/joined and event endpoints; LOAN_OWNER_OR_RETURN_DATE_UNRESOLVED; no departure inferred from roster absence."
GER1,SV Werder Bremen,86,977464,Arthur,2003-03-17,277069,275028,1376261,1376271,86,SV Werder Bremen,https://www.transfermarkt.de/arthur/profil/spieler/977464,c3c738c716ceb6f100953647776694727970b22cbeda143c0c1857e406438f13,6556926,,LOAN,15,Bayer 04 Leverkusen,1376261,86,SV Werder Bremen,1376271,15,1376261,2031-06-30,2026-09-01,2027-06-30,CONFIRMED,CURRENT_UNDATED_LOAN_EVENT_PROFILE_OWNER_END,transfer-event-capture;current-profile-crosscheck,,https://www.transfermarkt.de/bundesliga/transfers/wettbewerb/L1/saison_id/2026,c08e4b3a81f4ba445c4d8343c0dd6f9cfb1b5e5f12689978c0e5485f5030360a,https://www.transfermarkt.de/sv-werder-bremen/kader/verein/86/saison_id/2026/plus/1,0a7e36159d0c7ffd555ab7f3ffa226b0cf286e7a1a009e2dca794bd509bbd26e,6556926,"Queue https://www.transfermarkt.de/sv-werder-bremen/kader/verein/86/saison_id/2026/plus/1 sha256=0a7e36159d0c7ffd555ab7f3ffa226b0cf286e7a1a009e2dca794bd509bbd26e; transfer event 6556926 from https://www.transfermarkt.de/bundesliga/transfers/wettbewerb/L1/saison_id/2026 sha256=c08e4b3a81f4ba445c4d8343c0dd6f9cfb1b5e5f12689978c0e5485f5030360a; profile https://www.transfermarkt.de/arthur/profil/spieler/977464 sha256=c3c738c716ceb6f100953647776694727970b22cbeda143c0c1857e406438f13; effective date used only when explicit, otherwise current profile/joined and event endpoints; CURRENT_LOAN_EVENT_OWNER_AND_RETURN_DATE_AGREE; no departure inferred from roster absence."
GER2,SG Dynamo Dresden,129,1104418,Kennedy Okpala,2004-12-17,272084,274999,1376301,1376278,129,SG Dynamo Dresden,https://www.transfermarkt.de/kennedy-okpala/profil/spieler/1104418,aac0f2cc6d58090a052df4b218c0716349ef0e941ecc9d09b1b1f3cecb17e53a,6555120,,LOAN,127,SC Paderborn 07,1376421,129,SG Dynamo Dresden,1376278,127,1376421,,2026-09-01,2027-06-30,REVIEW_REQUIRED,TWO_ATTEMPTS_EXHAUSTED_LOAN_OWNER_END,transfer-event-capture;current-profile-crosscheck,Sol,https://www.transfermarkt.de/bundesliga/transfers/wettbewerb/L1/saison_id/2026,c08e4b3a81f4ba445c4d8343c0dd6f9cfb1b5e5f12689978c0e5485f5030360a,https://www.transfermarkt.de/sg-dynamo-dresden/kader/verein/129/saison_id/2026/plus/1,e7de409708fb7109444d4f9163d9959ec24a63b876d33dbfb1a3f2afff6bb65f,6555120,"Queue https://www.transfermarkt.de/sg-dynamo-dresden/kader/verein/129/saison_id/2026/plus/1 sha256=e7de409708fb7109444d4f9163d9959ec24a63b876d33dbfb1a3f2afff6bb65f; transfer event 6555120 from https://www.transfermarkt.de/bundesliga/transfers/wettbewerb/L1/saison_id/2026 sha256=c08e4b3a81f4ba445c4d8343c0dd6f9cfb1b5e5f12689978c0e5485f5030360a; profile https://www.transfermarkt.de/kennedy-okpala/profil/spieler/1104418 sha256=aac0f2cc6d58090a052df4b218c0716349ef0e941ecc9d09b1b1f3cecb17e53a; effective date used only when explicit, otherwise current profile/joined and event endpoints; LOAN_OWNER_OR_RETURN_DATE_UNRESOLVED; no departure inferred from roster absence."
GER2,SG Dynamo Dresden,129,1114155,Patrice Covic,2007-06-25,280808,76111,1376271,1376278,129,SG Dynamo Dresden,https://www.transfermarkt.de/patrice-covic/profil/spieler/1114155,8c9a376a11133f0b9b4591833ba0b451fd8484cae61ec083b78e1d0ec4949103,6557352,,LOAN,86,SV Werder Bremen,1376271,129,SG Dynamo Dresden,1376278,86,1376271,,2026-09-01,2027-06-30,REVIEW_REQUIRED,TWO_ATTEMPTS_EXHAUSTED_LOAN_OWNER_END,transfer-event-capture;current-profile-crosscheck,Sol,https://www.transfermarkt.de/bundesliga/transfers/wettbewerb/L1/saison_id/2026,c08e4b3a81f4ba445c4d8343c0dd6f9cfb1b5e5f12689978c0e5485f5030360a,https://www.transfermarkt.de/sg-dynamo-dresden/kader/verein/129/saison_id/2026/plus/1,e7de409708fb7109444d4f9163d9959ec24a63b876d33dbfb1a3f2afff6bb65f,6557352,"Queue https://www.transfermarkt.de/sg-dynamo-dresden/kader/verein/129/saison_id/2026/plus/1 sha256=e7de409708fb7109444d4f9163d9959ec24a63b876d33dbfb1a3f2afff6bb65f; transfer event 6557352 from https://www.transfermarkt.de/bundesliga/transfers/wettbewerb/L1/saison_id/2026 sha256=c08e4b3a81f4ba445c4d8343c0dd6f9cfb1b5e5f12689978c0e5485f5030360a; profile https://www.transfermarkt.de/patrice-covic/profil/spieler/1114155 sha256=8c9a376a11133f0b9b4591833ba0b451fd8484cae61ec083b78e1d0ec4949103; effective date used only when explicit, otherwise current profile/joined and event endpoints; LOAN_OWNER_OR_RETURN_DATE_UNRESOLVED; no departure inferred from roster absence."
GER2,1. FC Heidenheim 1846,2036,530298,Christian Conteh,1999-08-27,275171,248765,1376426,1376302,2036,1.FC Heidenheim 1846,https://www.transfermarkt.de/christian-conteh/profil/spieler/530298,c3e912eb55a9c6433a34b43ba398f8abfc92dd9b533d8f5d67569945581b04e3,,,,,,,,,,,,,2026-01-12,2029-06-30,REVIEW_REQUIRED,NO_CURRENT_DESTINATION_EVENT_NO_DEPARTURE_INFERRED,transfer-event-capture;current-profile-crosscheck,Sol,,,https://www.transfermarkt.de/1-fc-heidenheim-1846/kader/verein/2036/saison_id/2026/plus/1,36e24e4c10d034372cc86f2815daf3eafd1f3551697053d3716bf14e8bbbab12,,"Queue https://www.transfermarkt.de/1-fc-heidenheim-1846/kader/verein/2036/saison_id/2026/plus/1 sha256=36e24e4c10d034372cc86f2815daf3eafd1f3551697053d3716bf14e8bbbab12; transfer event none from  sha256=; profile https://www.transfermarkt.de/christian-conteh/profil/spieler/530298 sha256=c3e912eb55a9c6433a34b43ba398f8abfc92dd9b533d8f5d67569945581b04e3; effective date used only when explicit, otherwise current profile/joined and event endpoints; NO_CURRENT_DESTINATION_EVENT; no departure inferred from roster absence."
GER2,FC St. Pauli,35,268327,Mathias Rasmussen,1997-11-25,234988,225266,458780,1376425,35,FC St. Pauli,https://www.transfermarkt.de/mathias-rasmussen/profil/spieler/268327,b3c5a3acfa3a77db61fae92d0bc50efbd867139153dd2da4c1c15dedc53bd158,,,,,,,,,,,,,2026-01-24,2029-06-30,REVIEW_REQUIRED,NO_CURRENT_DESTINATION_EVENT_NO_DEPARTURE_INFERRED,transfer-event-capture;current-profile-crosscheck,Sol,,,https://www.transfermarkt.de/fc-st-pauli/kader/verein/35/saison_id/2026/plus/1,cb3581752f3910c559c9f42a6cbb09551a6187c6a88b14cfcc35019d0c02bc47,,"Queue https://www.transfermarkt.de/fc-st-pauli/kader/verein/35/saison_id/2026/plus/1 sha256=cb3581752f3910c559c9f42a6cbb09551a6187c6a88b14cfcc35019d0c02bc47; transfer event none from  sha256=; profile https://www.transfermarkt.de/mathias-rasmussen/profil/spieler/268327 sha256=b3c5a3acfa3a77db61fae92d0bc50efbd867139153dd2da4c1c15dedc53bd158; effective date used only when explicit, otherwise current profile/joined and event endpoints; NO_CURRENT_DESTINATION_EVENT; no departure inferred from roster absence."
GER2,VfL Bochum 1848,80,400542,Oliver Olsen,2000-08-13,285382,244471,851970,1376273,80,VfL Bochum,https://www.transfermarkt.de/oliver-olsen/profil/spieler/400542,79515bf1a010d0fffedce3f8bbfb08cf9e2c6b8eb273271e6ded722184ef240a,,,,,,,,,,,,,2026-02-02,2030-06-30,REVIEW_REQUIRED,NO_CURRENT_DESTINATION_EVENT_NO_DEPARTURE_INFERRED,transfer-event-capture;current-profile-crosscheck,Sol,,,https://www.transfermarkt.de/vfl-bochum/kader/verein/80/saison_id/2026/plus/1,46a6a42e333b793b20bad6d9e1b77f42c8ca39e91c8c69a2bf0dbb6aa5adc64a,,"Queue https://www.transfermarkt.de/vfl-bochum/kader/verein/80/saison_id/2026/plus/1 sha256=46a6a42e333b793b20bad6d9e1b77f42c8ca39e91c8c69a2bf0dbb6aa5adc64a; transfer event none from  sha256=; profile https://www.transfermarkt.de/oliver-olsen/profil/spieler/400542 sha256=79515bf1a010d0fffedce3f8bbfb08cf9e2c6b8eb273271e6ded722184ef240a; effective date used only when explicit, otherwise current profile/joined and event endpoints; NO_CURRENT_DESTINATION_EVENT; no departure inferred from roster absence."
GER2,VfL Wolfsburg,82,1144627,Kento Shiogai,2005-03-26,293908,74879,2228235,1376274,82,VfL Wolfsburg,https://www.transfermarkt.de/kento-shiogai/profil/spieler/1144627,b3c749259a498645b6ce14ac3a284b0b15e1b6f74c346e2115aa3c4dcb8bd7df,,,,,,,,,,,,,2026-01-20,2030-06-30,REVIEW_REQUIRED,NO_CURRENT_DESTINATION_EVENT_NO_DEPARTURE_INFERRED,transfer-event-capture;current-profile-crosscheck,Sol,,,https://www.transfermarkt.de/vfl-wolfsburg/kader/verein/82/saison_id/2026/plus/1,0d671e8b1f26fd27a90d4507455627094aa5ed12d9869e4c7dc8c2b2573eb1ef,,"Queue https://www.transfermarkt.de/vfl-wolfsburg/kader/verein/82/saison_id/2026/plus/1 sha256=0d671e8b1f26fd27a90d4507455627094aa5ed12d9869e4c7dc8c2b2573eb1ef; transfer event none from  sha256=; profile https://www.transfermarkt.de/kento-shiogai/profil/spieler/1144627 sha256=b3c749259a498645b6ce14ac3a284b0b15e1b6f74c346e2115aa3c4dcb8bd7df; effective date used only when explicit, otherwise current profile/joined and event endpoints; NO_CURRENT_DESTINATION_EVENT; no departure inferred from roster absence."
GER2,VfL Wolfsburg,82,734676,Jonas Adjetey,2003-12-13,295337,276634,3080195,1376274,82,VfL Wolfsburg,https://www.transfermarkt.de/jonas-adjetey/profil/spieler/734676,91af72d9a6f5f6512bfeb66cd29cc34041f402201bd4ef6d7b5d017caa769e13,,,,,,,,,,,,,2026-02-02,2030-06-30,REVIEW_REQUIRED,NO_CURRENT_DESTINATION_EVENT_NO_DEPARTURE_INFERRED,transfer-event-capture;current-profile-crosscheck,Sol,,,https://www.transfermarkt.de/vfl-wolfsburg/kader/verein/82/saison_id/2026/plus/1,0d671e8b1f26fd27a90d4507455627094aa5ed12d9869e4c7dc8c2b2573eb1ef,,"Queue https://www.transfermarkt.de/vfl-wolfsburg/kader/verein/82/saison_id/2026/plus/1 sha256=0d671e8b1f26fd27a90d4507455627094aa5ed12d9869e4c7dc8c2b2573eb1ef; transfer event none from  sha256=; profile https://www.transfermarkt.de/jonas-adjetey/profil/spieler/734676 sha256=91af72d9a6f5f6512bfeb66cd29cc34041f402201bd4ef6d7b5d017caa769e13; effective date used only when explicit, otherwise current profile/joined and event endpoints; NO_CURRENT_DESTINATION_EVENT; no departure inferred from roster absence."
GER2,VfL Wolfsburg,82,943237,Cleiton,2003-04-25,221509,0,3538947,1376274,82,VfL Wolfsburg,https://www.transfermarkt.de/cleiton/profil/spieler/943237,7c11b2fe71fafd06a74e6b145b93a4fd773cac683e8f8d498dc372108d38a409,,,,,,,,,,,,,2026-01-01,2030-06-30,REVIEW_REQUIRED,NO_CURRENT_DESTINATION_EVENT_NO_DEPARTURE_INFERRED,transfer-event-capture;current-profile-crosscheck,Sol,,,https://www.transfermarkt.de/vfl-wolfsburg/kader/verein/82/saison_id/2026/plus/1,0d671e8b1f26fd27a90d4507455627094aa5ed12d9869e4c7dc8c2b2573eb1ef,,"Queue https://www.transfermarkt.de/vfl-wolfsburg/kader/verein/82/saison_id/2026/plus/1 sha256=0d671e8b1f26fd27a90d4507455627094aa5ed12d9869e4c7dc8c2b2573eb1ef; transfer event none from  sha256=; profile https://www.transfermarkt.de/cleiton/profil/spieler/943237 sha256=7c11b2fe71fafd06a74e6b145b93a4fd773cac683e8f8d498dc372108d38a409; effective date used only when explicit, otherwise current profile/joined and event endpoints; NO_CURRENT_DESTINATION_EVENT; no departure inferred from roster absence."
GER3,VfB Stuttgart,102,905404,Jonathan Akaegbobi,2006-04-25,275318,74561,1376273,1376272,102,VfB Stuttgart II,https://www.transfermarkt.de/jonathan-akaegbobi/profil/spieler/905404,c30d6cfe183ee620de4601d8dc5d5f81e3ffa59f3a5f90f3f2191f89fe8ea6f0,6557409,,LOAN,446,VfL Bochum II,,102,VfB Stuttgart II,1376272,446,,,2026-09-01,2027-06-30,REVIEW_REQUIRED,TWO_ATTEMPTS_EXHAUSTED_LOAN_OWNER_END,transfer-event-capture;current-profile-crosscheck,Sol,https://www.transfermarkt.de/3-liga/transfers/wettbewerb/L3/saison_id/2026,0b3a14cd36b69cd911f6821d5912f845846febfb82537a542ea2dba4cf9dcd3d,https://www.transfermarkt.de/vfb-stuttgart-ii/kader/verein/102/saison_id/2026/plus/1,282836c83b3d06fc536ab783944214e6762cd5b47e8b5db9908690b0565ef593,6557409,"Queue https://www.transfermarkt.de/vfb-stuttgart-ii/kader/verein/102/saison_id/2026/plus/1 sha256=282836c83b3d06fc536ab783944214e6762cd5b47e8b5db9908690b0565ef593; transfer event 6557409 from https://www.transfermarkt.de/3-liga/transfers/wettbewerb/L3/saison_id/2026 sha256=0b3a14cd36b69cd911f6821d5912f845846febfb82537a542ea2dba4cf9dcd3d; profile https://www.transfermarkt.de/jonathan-akaegbobi/profil/spieler/905404 sha256=c30d6cfe183ee620de4601d8dc5d5f81e3ffa59f3a5f90f3f2191f89fe8ea6f0; effective date used only when explicit, otherwise current profile/joined and event endpoints; LOAN_OWNER_OR_RETURN_DATE_UNRESOLVED; no departure inferred from roster absence."
GER3,FC Würzburger Kickers,1557,897059,Xaver Kiefersauer,2005-10-01,269708,0,1376291,1376540,1557,Würzburger Kickers,https://www.transfermarkt.de/xaver-kiefersauer/profil/spieler/897059,fcbed327a5849d19d486c7110b33c61c903cc407356e9fef80cae0d014ab2481,6431931,,LOAN,4,1.FC Nürnberg,1376258,1557,Würzburger Kickers,1376540,4,1376258,,2026-07-17,2027-06-30,REVIEW_REQUIRED,TWO_ATTEMPTS_EXHAUSTED_LOAN_OWNER_END,transfer-event-capture;current-profile-crosscheck,Sol,https://www.transfermarkt.de/2-bundesliga/transfers/wettbewerb/L2/saison_id/2026,8357bb69c9755552ffad93325dd5d33bb6454a33e2c694a86ffd0059b934029a,https://www.transfermarkt.de/wurzburger-kickers/kader/verein/1557/saison_id/2026/plus/1,9dbdd312708d7d42a15f61c7f3845b1923e56748dcb9145650ba0c4e99195940,6431930;6431931,"Queue https://www.transfermarkt.de/wurzburger-kickers/kader/verein/1557/saison_id/2026/plus/1 sha256=9dbdd312708d7d42a15f61c7f3845b1923e56748dcb9145650ba0c4e99195940; transfer event 6431931 from https://www.transfermarkt.de/2-bundesliga/transfers/wettbewerb/L2/saison_id/2026 sha256=8357bb69c9755552ffad93325dd5d33bb6454a33e2c694a86ffd0059b934029a; profile https://www.transfermarkt.de/xaver-kiefersauer/profil/spieler/897059 sha256=fcbed327a5849d19d486c7110b33c61c903cc407356e9fef80cae0d014ab2481; effective date used only when explicit, otherwise current profile/joined and event endpoints; LOAN_OWNER_OR_RETURN_DATE_UNRESOLVED; no departure inferred from roster absence."
GER3,FC Viktoria Köln 1904,1622,1032922,Jakob Sachse,2006-04-20,275098,0,1376266,1376446,1622,FC Viktoria Köln,https://www.transfermarkt.de/jakob-sachse/profil/spieler/1032922,a8ed104d212203aefc243ae22e704e2241279dd07c1d062ab6a29e22a1ac377d,,,,,,,,,,,,,2026-02-02,2027-06-30,REVIEW_REQUIRED,NO_CURRENT_DESTINATION_EVENT_NO_DEPARTURE_INFERRED,transfer-event-capture;current-profile-crosscheck,Sol,,,https://www.transfermarkt.de/fc-viktoria-koln/kader/verein/1622/saison_id/2026/plus/1,b7bfc92e8e7c5a16b30c7b0ff346d1259614911747f68b6cb84920bb2afd1606,,"Queue https://www.transfermarkt.de/fc-viktoria-koln/kader/verein/1622/saison_id/2026/plus/1 sha256=b7bfc92e8e7c5a16b30c7b0ff346d1259614911747f68b6cb84920bb2afd1606; transfer event none from  sha256=; profile https://www.transfermarkt.de/jakob-sachse/profil/spieler/1032922 sha256=a8ed104d212203aefc243ae22e704e2241279dd07c1d062ab6a29e22a1ac377d; effective date used only when explicit, otherwise current profile/joined and event endpoints; NO_CURRENT_DESTINATION_EVENT; no departure inferred from roster absence."
GER3,FC Viktoria Köln 1904,1622,314214,Taylan Duman,1997-07-30,1000013989,0,0,1376446,1622,FC Viktoria Köln,https://www.transfermarkt.de/taylan-duman/profil/spieler/314214,58a91c2361129cbb5b379e2f761d5697e24fa08d2bc74b4dd91f3e5225000fc8,,,,,,,,,,,,,2026-01-26,2027-06-30,REVIEW_REQUIRED,NO_CURRENT_DESTINATION_EVENT_NO_DEPARTURE_INFERRED,transfer-event-capture;current-profile-crosscheck,Sol,,,https://www.transfermarkt.de/fc-viktoria-koln/kader/verein/1622/saison_id/2026/plus/1,b7bfc92e8e7c5a16b30c7b0ff346d1259614911747f68b6cb84920bb2afd1606,,"Queue https://www.transfermarkt.de/fc-viktoria-koln/kader/verein/1622/saison_id/2026/plus/1 sha256=b7bfc92e8e7c5a16b30c7b0ff346d1259614911747f68b6cb84920bb2afd1606; transfer event none from  sha256=; profile https://www.transfermarkt.de/taylan-duman/profil/spieler/314214 sha256=58a91c2361129cbb5b379e2f761d5697e24fa08d2bc74b4dd91f3e5225000fc8; effective date used only when explicit, otherwise current profile/joined and event endpoints; NO_CURRENT_DESTINATION_EVENT; no departure inferred from roster absence."
GER3,FC Hansa Rostock,30,906968,Ouassim Karada,2005-10-21,267421,0,1376434,1376265,30,FC Hansa Rostock,https://www.transfermarkt.de/ouassim-karada/profil/spieler/906968,a57e1a532f7cb1273a631c6b34b645c6ca64064b750e7d018ac271ea3860b4af,6415011,,LOAN,177,Eintracht Frankfurt II,,30,FC Hansa Rostock,1376265,177,,2031-06-30,2026-07-09,2027-06-30,REVIEW_REQUIRED,TWO_ATTEMPTS_EXHAUSTED_LOAN_OWNER_END,transfer-event-capture;current-profile-crosscheck,Sol,https://www.transfermarkt.de/3-liga/transfers/wettbewerb/L3/saison_id/2026,0b3a14cd36b69cd911f6821d5912f845846febfb82537a542ea2dba4cf9dcd3d,https://www.transfermarkt.de/fc-hansa-rostock/kader/verein/30/saison_id/2026/plus/1,6da33a7ccf32faa9ebb0b7823a0ee5537fb70bfe8ee363795199b5de4015e0f1,6415011,"Queue https://www.transfermarkt.de/fc-hansa-rostock/kader/verein/30/saison_id/2026/plus/1 sha256=6da33a7ccf32faa9ebb0b7823a0ee5537fb70bfe8ee363795199b5de4015e0f1; transfer event 6415011 from https://www.transfermarkt.de/3-liga/transfers/wettbewerb/L3/saison_id/2026 sha256=0b3a14cd36b69cd911f6821d5912f845846febfb82537a542ea2dba4cf9dcd3d; profile https://www.transfermarkt.de/ouassim-karada/profil/spieler/906968 sha256=a57e1a532f7cb1273a631c6b34b645c6ca64064b750e7d018ac271ea3860b4af; effective date used only when explicit, otherwise current profile/joined and event endpoints; LOAN_OWNER_OR_RETURN_DATE_UNRESOLVED; no departure inferred from roster absence."
GER3,Fortuna Düsseldorf 1895,38,1043565,Kilian Sauck,2007-03-27,279863,0,1376263,1376429,38,Fortuna Düsseldorf,https://www.transfermarkt.de/kilian-sauck/profil/spieler/1043565,a987ad4d2bfb1d097892d72823c3f955d3e5e6de3046ad35238b22f2bc80e29a,,,,,,,,,,,,,2026-02-02,2029-06-30,REVIEW_REQUIRED,NO_CURRENT_DESTINATION_EVENT_NO_DEPARTURE_INFERRED,transfer-event-capture;current-profile-crosscheck,Sol,,,https://www.transfermarkt.de/fortuna-dusseldorf/kader/verein/38/saison_id/2026/plus/1,05373c5cfa7534d6542a7839a6b4faf710e30f1746f3272457fd8dbea4ba1976,,"Queue https://www.transfermarkt.de/fortuna-dusseldorf/kader/verein/38/saison_id/2026/plus/1 sha256=05373c5cfa7534d6542a7839a6b4faf710e30f1746f3272457fd8dbea4ba1976; transfer event none from  sha256=; profile https://www.transfermarkt.de/kilian-sauck/profil/spieler/1043565 sha256=a987ad4d2bfb1d097892d72823c3f955d3e5e6de3046ad35238b22f2bc80e29a; effective date used only when explicit, otherwise current profile/joined and event endpoints; NO_CURRENT_DESTINATION_EVENT; no departure inferred from roster absence."
GER3,Fortuna Düsseldorf 1895,38,1045762,Jordi Paulina,2004-09-23,277417,0,1376262,1376429,38,Fortuna Düsseldorf,https://www.transfermarkt.de/jordi-paulina/profil/spieler/1045762,f7b1175d3021c1cbe4d175383a6d98ad49320780677e1ebb0612bb1ed39c5531,,,,,,,,,,,,,2026-01-03,2030-06-30,REVIEW_REQUIRED,NO_CURRENT_DESTINATION_EVENT_NO_DEPARTURE_INFERRED,transfer-event-capture;current-profile-crosscheck,Sol,,,https://www.transfermarkt.de/fortuna-dusseldorf/kader/verein/38/saison_id/2026/plus/1,05373c5cfa7534d6542a7839a6b4faf710e30f1746f3272457fd8dbea4ba1976,,"Queue https://www.transfermarkt.de/fortuna-dusseldorf/kader/verein/38/saison_id/2026/plus/1 sha256=05373c5cfa7534d6542a7839a6b4faf710e30f1746f3272457fd8dbea4ba1976; transfer event none from  sha256=; profile https://www.transfermarkt.de/jordi-paulina/profil/spieler/1045762 sha256=f7b1175d3021c1cbe4d175383a6d98ad49320780677e1ebb0612bb1ed39c5531; effective date used only when explicit, otherwise current profile/joined and event endpoints; NO_CURRENT_DESTINATION_EVENT; no departure inferred from roster absence."
GER3,Fortuna Düsseldorf 1895,38,438315,Andreas Müller,2000-07-20,276193,257283,1376283,1376429,38,Fortuna Düsseldorf,https://www.transfermarkt.de/andreas-muller/profil/spieler/438315,6829f65d5d2ac875119443cbd15322bff2584ac011e56ca011fca48ce123ed22,6494818,,LOAN,48,Karlsruher SC,1376283,38,Fortuna Düsseldorf,1376429,48,1376283,,2026-08-11,2027-06-30,REVIEW_REQUIRED,TWO_ATTEMPTS_EXHAUSTED_LOAN_OWNER_END,transfer-event-capture;current-profile-crosscheck,Sol,https://www.transfermarkt.de/2-bundesliga/transfers/wettbewerb/L2/saison_id/2026,8357bb69c9755552ffad93325dd5d33bb6454a33e2c694a86ffd0059b934029a,https://www.transfermarkt.de/fortuna-dusseldorf/kader/verein/38/saison_id/2026/plus/1,05373c5cfa7534d6542a7839a6b4faf710e30f1746f3272457fd8dbea4ba1976,6494818,"Queue https://www.transfermarkt.de/fortuna-dusseldorf/kader/verein/38/saison_id/2026/plus/1 sha256=05373c5cfa7534d6542a7839a6b4faf710e30f1746f3272457fd8dbea4ba1976; transfer event 6494818 from https://www.transfermarkt.de/2-bundesliga/transfers/wettbewerb/L2/saison_id/2026 sha256=8357bb69c9755552ffad93325dd5d33bb6454a33e2c694a86ffd0059b934029a; profile https://www.transfermarkt.de/andreas-muller/profil/spieler/438315 sha256=6829f65d5d2ac875119443cbd15322bff2584ac011e56ca011fca48ce123ed22; effective date used only when explicit, otherwise current profile/joined and event endpoints; LOAN_OWNER_OR_RETURN_DATE_UNRESOLVED; no departure inferred from roster absence."
GER3,Fortuna Düsseldorf 1895,38,910590,Lukas Bornschein,2005-06-03,275665,0,1376267,1376429,38,Fortuna Düsseldorf,https://www.transfermarkt.de/lukas-bornschein/profil/spieler/910590,84a5eb9c5e30e045f89fb44ffc1df2c6fb94ec60854e48df592e120bc2767daf,6550556,,LOAN,81,VfL Osnabrück,1376420,38,Fortuna Düsseldorf,1376429,81,1376420,,2026-08-31,2027-06-30,REVIEW_REQUIRED,TWO_ATTEMPTS_EXHAUSTED_LOAN_OWNER_END,transfer-event-capture;current-profile-crosscheck,Sol,https://www.transfermarkt.de/2-bundesliga/transfers/wettbewerb/L2/saison_id/2026,8357bb69c9755552ffad93325dd5d33bb6454a33e2c694a86ffd0059b934029a,https://www.transfermarkt.de/fortuna-dusseldorf/kader/verein/38/saison_id/2026/plus/1,05373c5cfa7534d6542a7839a6b4faf710e30f1746f3272457fd8dbea4ba1976,6322339;6550556,"Queue https://www.transfermarkt.de/fortuna-dusseldorf/kader/verein/38/saison_id/2026/plus/1 sha256=05373c5cfa7534d6542a7839a6b4faf710e30f1746f3272457fd8dbea4ba1976; transfer event 6550556 from https://www.transfermarkt.de/2-bundesliga/transfers/wettbewerb/L2/saison_id/2026 sha256=8357bb69c9755552ffad93325dd5d33bb6454a33e2c694a86ffd0059b934029a; profile https://www.transfermarkt.de/lukas-bornschein/profil/spieler/910590 sha256=84a5eb9c5e30e045f89fb44ffc1df2c6fb94ec60854e48df592e120bc2767daf; effective date used only when explicit, otherwise current profile/joined and event endpoints; LOAN_OWNER_OR_RETURN_DATE_UNRESOLVED; no departure inferred from roster absence."
GER3,TSV Havelse 1912,476,1292676,Alexander Guiddir,2006-12-12,101936,0,1376888,1376539,476,TSV Havelse,https://www.transfermarkt.de/alexander-guiddir/profil/spieler/1292676,584bc72f6d2b36731dc2e37201e8210f64bec3af5e21c9054d31ed6673de7d91,6404987,,LOAN,34,FC Schalke 04 II,,476,TSV Havelse,1376539,34,,,2026-07-06,2027-06-30,REVIEW_REQUIRED,TWO_ATTEMPTS_EXHAUSTED_LOAN_OWNER_END,transfer-event-capture;current-profile-crosscheck,Sol,https://www.transfermarkt.de/3-liga/transfers/wettbewerb/L3/saison_id/2026,0b3a14cd36b69cd911f6821d5912f845846febfb82537a542ea2dba4cf9dcd3d,https://www.transfermarkt.de/tsv-havelse/kader/verein/476/saison_id/2026/plus/1,b4490298444b6e31458c6e927b4ab3fff5378977e083c471be7a43b9938c0f59,6404987,"Queue https://www.transfermarkt.de/tsv-havelse/kader/verein/476/saison_id/2026/plus/1 sha256=b4490298444b6e31458c6e927b4ab3fff5378977e083c471be7a43b9938c0f59; transfer event 6404987 from https://www.transfermarkt.de/3-liga/transfers/wettbewerb/L3/saison_id/2026 sha256=0b3a14cd36b69cd911f6821d5912f845846febfb82537a542ea2dba4cf9dcd3d; profile https://www.transfermarkt.de/alexander-guiddir/profil/spieler/1292676 sha256=584bc72f6d2b36731dc2e37201e8210f64bec3af5e21c9054d31ed6673de7d91; effective date used only when explicit, otherwise current profile/joined and event endpoints; LOAN_OWNER_OR_RETURN_DATE_UNRESOLVED; no departure inferred from roster absence."
GER3,TSV Havelse 1912,476,452563,Eric Voufack,2001-09-25,16802,251323,856113,1376539,476,TSV Havelse,https://www.transfermarkt.de/eric-voufack/profil/spieler/452563,9ef8144c9dd864f1b2d148a2c0f31754b8fd6a8fe7e9fac8bb558b1424158ff7,6399517,,LOAN,12275,Kolding IF,,476,TSV Havelse,1376539,12275,,2028-06-30,2026-07-03,2027-06-30,REVIEW_REQUIRED,TWO_ATTEMPTS_EXHAUSTED_LOAN_OWNER_END,transfer-event-capture;current-profile-crosscheck,Sol,https://www.transfermarkt.de/3-liga/transfers/wettbewerb/L3/saison_id/2026,0b3a14cd36b69cd911f6821d5912f845846febfb82537a542ea2dba4cf9dcd3d,https://www.transfermarkt.de/tsv-havelse/kader/verein/476/saison_id/2026/plus/1,b4490298444b6e31458c6e927b4ab3fff5378977e083c471be7a43b9938c0f59,6399517,"Queue https://www.transfermarkt.de/tsv-havelse/kader/verein/476/saison_id/2026/plus/1 sha256=b4490298444b6e31458c6e927b4ab3fff5378977e083c471be7a43b9938c0f59; transfer event 6399517 from https://www.transfermarkt.de/3-liga/transfers/wettbewerb/L3/saison_id/2026 sha256=0b3a14cd36b69cd911f6821d5912f845846febfb82537a542ea2dba4cf9dcd3d; profile https://www.transfermarkt.de/eric-voufack/profil/spieler/452563 sha256=9ef8144c9dd864f1b2d148a2c0f31754b8fd6a8fe7e9fac8bb558b1424158ff7; effective date used only when explicit, otherwise current profile/joined and event endpoints; LOAN_OWNER_OR_RETURN_DATE_UNRESOLVED; no departure inferred from roster absence."
GER3,TSV Alemannia Aachen,8,1058515,Kacper Koscierski,2007-06-23,275305,78776,1376273,1376276,8,Alemannia Aachen,https://www.transfermarkt.de/kacper-koscierski/profil/spieler/1058515,bf4a4e714f899381a82fe9cd737ac885928a54a8133036b5718793a1c8edaf3f,6498592,,LOAN,80,VfL Bochum,1376273,8,Alemannia Aachen,1376276,80,1376273,,2026-08-12,2027-06-30,REVIEW_REQUIRED,TWO_ATTEMPTS_EXHAUSTED_LOAN_OWNER_END,transfer-event-capture;current-profile-crosscheck,Sol,https://www.transfermarkt.de/2-bundesliga/transfers/wettbewerb/L2/saison_id/2026,8357bb69c9755552ffad93325dd5d33bb6454a33e2c694a86ffd0059b934029a,https://www.transfermarkt.de/alemannia-aachen/kader/verein/8/saison_id/2026/plus/1,d50319c6c39283dd66c83e32c0e53c0fbab8eb26ba138f0fe6e86b3dfc2b9c0b,6498592,"Queue https://www.transfermarkt.de/alemannia-aachen/kader/verein/8/saison_id/2026/plus/1 sha256=d50319c6c39283dd66c83e32c0e53c0fbab8eb26ba138f0fe6e86b3dfc2b9c0b; transfer event 6498592 from https://www.transfermarkt.de/2-bundesliga/transfers/wettbewerb/L2/saison_id/2026 sha256=8357bb69c9755552ffad93325dd5d33bb6454a33e2c694a86ffd0059b934029a; profile https://www.transfermarkt.de/kacper-koscierski/profil/spieler/1058515 sha256=bf4a4e714f899381a82fe9cd737ac885928a54a8133036b5718793a1c8edaf3f; effective date used only when explicit, otherwise current profile/joined and event endpoints; LOAN_OWNER_OR_RETURN_DATE_UNRESOLVED; no departure inferred from roster absence."
GER3,TSV Alemannia Aachen,8,609648,Petros Bagkalianis,2001-02-06,105233,270009,1454082,1376276,8,Alemannia Aachen,https://www.transfermarkt.de/petros-bagkalianis/profil/spieler/609648,9c69ffd62c2bf4b1da18b8660e56431ee9355e3222399999991e496a88e57f35,,,,,,,,,,,,,2026-01-08,2028-06-30,REVIEW_REQUIRED,NO_CURRENT_DESTINATION_EVENT_NO_DEPARTURE_INFERRED,transfer-event-capture;current-profile-crosscheck,Sol,,,https://www.transfermarkt.de/alemannia-aachen/kader/verein/8/saison_id/2026/plus/1,d50319c6c39283dd66c83e32c0e53c0fbab8eb26ba138f0fe6e86b3dfc2b9c0b,,"Queue https://www.transfermarkt.de/alemannia-aachen/kader/verein/8/saison_id/2026/plus/1 sha256=d50319c6c39283dd66c83e32c0e53c0fbab8eb26ba138f0fe6e86b3dfc2b9c0b; transfer event none from  sha256=; profile https://www.transfermarkt.de/petros-bagkalianis/profil/spieler/609648 sha256=9c69ffd62c2bf4b1da18b8660e56431ee9355e3222399999991e496a88e57f35; effective date used only when explicit, otherwise current profile/joined and event endpoints; NO_CURRENT_DESTINATION_EVENT; no departure inferred from roster absence."
GER3,SV Waldhof Mannheim 07,85,316760,Vincent Thill,2000-02-04,203211,234317,331829,1376301,85,SV Waldhof Mannheim,https://www.transfermarkt.de/vincent-thill/profil/spieler/316760,43dce4c1a7f19d1a60bafe4dee295587a2785dffe694ed20a385da2224e83dbd,,,,,,,,,,,,,2026-01-15,2027-06-30,REVIEW_REQUIRED,NO_CURRENT_DESTINATION_EVENT_NO_DEPARTURE_INFERRED,transfer-event-capture;current-profile-crosscheck,Sol,,,https://www.transfermarkt.de/sv-waldhof-mannheim/kader/verein/85/saison_id/2026/plus/1,34e998eba6b950fe72d328e27cb46b4a4d1c4b3c218c58557f9db9a44925ae39,,"Queue https://www.transfermarkt.de/sv-waldhof-mannheim/kader/verein/85/saison_id/2026/plus/1 sha256=34e998eba6b950fe72d328e27cb46b4a4d1c4b3c218c58557f9db9a44925ae39; transfer event none from  sha256=; profile https://www.transfermarkt.de/vincent-thill/profil/spieler/316760 sha256=43dce4c1a7f19d1a60bafe4dee295587a2785dffe694ed20a385da2224e83dbd; effective date used only when explicit, otherwise current profile/joined and event endpoints; NO_CURRENT_DESTINATION_EVENT; no departure inferred from roster absence."
GER3,SV Waldhof Mannheim 07,85,894687,Lovis Bierschenk,2005-05-22,280344,0,1376259,1376301,85,SV Waldhof Mannheim,https://www.transfermarkt.de/lovis-bierschenk/profil/spieler/894687,4fef9354dc30a9acced5602eea7f906afc936ccd3afb14889f6c6f00b22d415e,,,,,,,,,,,,,2026-01-21,2029-06-30,REVIEW_REQUIRED,NO_CURRENT_DESTINATION_EVENT_NO_DEPARTURE_INFERRED,transfer-event-capture;current-profile-crosscheck,Sol,,,https://www.transfermarkt.de/sv-waldhof-mannheim/kader/verein/85/saison_id/2026/plus/1,34e998eba6b950fe72d328e27cb46b4a4d1c4b3c218c58557f9db9a44925ae39,,"Queue https://www.transfermarkt.de/sv-waldhof-mannheim/kader/verein/85/saison_id/2026/plus/1 sha256=34e998eba6b950fe72d328e27cb46b4a4d1c4b3c218c58557f9db9a44925ae39; transfer event none from  sha256=; profile https://www.transfermarkt.de/lovis-bierschenk/profil/spieler/894687 sha256=4fef9354dc30a9acced5602eea7f906afc936ccd3afb14889f6c6f00b22d415e; effective date used only when explicit, otherwise current profile/joined and event endpoints; NO_CURRENT_DESTINATION_EVENT; no departure inferred from roster absence."
GER3,SC Preußen Münster,91,1074523,Wesley Adeh,2007-01-08,280811,75461,1376271,1376419,91,Preußen Münster,https://www.transfermarkt.de/wesley-adeh/profil/spieler/1074523,2c47654ca03d631e9473ff18b3d7a36a9944f59554fa6cc8abeb41ec81e1c333,6389732,,LOAN,86,SV Werder Bremen,1376271,91,Preußen Münster,1376419,86,1376271,,2026-07-01,2027-06-30,REVIEW_REQUIRED,TWO_ATTEMPTS_EXHAUSTED_LOAN_OWNER_END,transfer-event-capture;current-profile-crosscheck,Sol,https://www.transfermarkt.de/bundesliga/transfers/wettbewerb/L1/saison_id/2026,c08e4b3a81f4ba445c4d8343c0dd6f9cfb1b5e5f12689978c0e5485f5030360a,https://www.transfermarkt.de/preussen-munster/kader/verein/91/saison_id/2026/plus/1,358c233225c0f06e8cc0ea5bfec52949f3501471b53e29edc807611cd04332ae,6389732,"Queue https://www.transfermarkt.de/preussen-munster/kader/verein/91/saison_id/2026/plus/1 sha256=358c233225c0f06e8cc0ea5bfec52949f3501471b53e29edc807611cd04332ae; transfer event 6389732 from https://www.transfermarkt.de/bundesliga/transfers/wettbewerb/L1/saison_id/2026 sha256=c08e4b3a81f4ba445c4d8343c0dd6f9cfb1b5e5f12689978c0e5485f5030360a; profile https://www.transfermarkt.de/wesley-adeh/profil/spieler/1074523 sha256=2c47654ca03d631e9473ff18b3d7a36a9944f59554fa6cc8abeb41ec81e1c333; effective date used only when explicit, otherwise current profile/joined and event endpoints; LOAN_OWNER_OR_RETURN_DATE_UNRESOLVED; no departure inferred from roster absence."
GER3,SC Fortuna Köln,92,795387,Romeo Aigbekaen,2004-06-22,277288,76058,1376425,1376444,92,SC Fortuna Köln,https://www.transfermarkt.de/romeo-aigbekaen/profil/spieler/795387,cbcd0af80d3c50237a7b4c329db183867d01022c7f106ad02699cbb67edb8c37,6362910,,LOAN,225,FC St. Pauli II,,92,SC Fortuna Köln,1376444,225,,2028-06-30,2026-07-01,2027-06-30,REVIEW_REQUIRED,TWO_ATTEMPTS_EXHAUSTED_LOAN_OWNER_END,transfer-event-capture;current-profile-crosscheck,Sol,https://www.transfermarkt.de/3-liga/transfers/wettbewerb/L3/saison_id/2026,0b3a14cd36b69cd911f6821d5912f845846febfb82537a542ea2dba4cf9dcd3d,https://www.transfermarkt.de/sc-fortuna-koln/kader/verein/92/saison_id/2026/plus/1,c255b2b753fa967f4c2eb7cdee0e0a6e7bb7b0e3c371fdcdfc7a8694476b2be0,6362910,"Queue https://www.transfermarkt.de/sc-fortuna-koln/kader/verein/92/saison_id/2026/plus/1 sha256=c255b2b753fa967f4c2eb7cdee0e0a6e7bb7b0e3c371fdcdfc7a8694476b2be0; transfer event 6362910 from https://www.transfermarkt.de/3-liga/transfers/wettbewerb/L3/saison_id/2026 sha256=0b3a14cd36b69cd911f6821d5912f845846febfb82537a542ea2dba4cf9dcd3d; profile https://www.transfermarkt.de/romeo-aigbekaen/profil/spieler/795387 sha256=cbcd0af80d3c50237a7b4c329db183867d01022c7f106ad02699cbb67edb8c37; effective date used only when explicit, otherwise current profile/joined and event endpoints; LOAN_OWNER_OR_RETURN_DATE_UNRESOLVED; no departure inferred from roster absence."
GER3,SC Fortuna Köln,92,917792,Neo Telle,2005-04-24,277531,76536,1376275,1376444,92,SC Fortuna Köln,https://www.transfermarkt.de/neo-telle/profil/spieler/917792,646a9cfe830deefd194a1ff029b39eb7a4a4f23530641f4829758a5023023eb6,,,,,,,,,,,,,2026-01-06,2027-06-30,REVIEW_REQUIRED,NO_CURRENT_DESTINATION_EVENT_NO_DEPARTURE_INFERRED,transfer-event-capture;current-profile-crosscheck,Sol,,,https://www.transfermarkt.de/sc-fortuna-koln/kader/verein/92/saison_id/2026/plus/1,c255b2b753fa967f4c2eb7cdee0e0a6e7bb7b0e3c371fdcdfc7a8694476b2be0,,"Queue https://www.transfermarkt.de/sc-fortuna-koln/kader/verein/92/saison_id/2026/plus/1 sha256=c255b2b753fa967f4c2eb7cdee0e0a6e7bb7b0e3c371fdcdfc7a8694476b2be0; transfer event none from  sha256=; profile https://www.transfermarkt.de/neo-telle/profil/spieler/917792 sha256=646a9cfe830deefd194a1ff029b39eb7a4a4f23530641f4829758a5023023eb6; effective date used only when explicit, otherwise current profile/joined and event endpoints; NO_CURRENT_DESTINATION_EVENT; no departure inferred from roster absence."
GER3,SC Verl,93,1025912,Raphael Araoye,2004-11-21,24144,277746,917555,1376406,93,SC Verl,https://www.transfermarkt.de/raphael-araoye/profil/spieler/1025912,1ab79c381c60b990cbd706d481c7499151cb1da6f4abb8ccae4f947ecd761a6b,,,,,,,,,,,,,2026-01-06,2028-06-30,REVIEW_REQUIRED,NO_CURRENT_DESTINATION_EVENT_NO_DEPARTURE_INFERRED,transfer-event-capture;current-profile-crosscheck,Sol,,,https://www.transfermarkt.de/sc-verl/kader/verein/93/saison_id/2026/plus/1,bd69b9b6c3fd17e062c0bf50a17563b42a98d2c42534eeab1330ee7efa38071a,,"Queue https://www.transfermarkt.de/sc-verl/kader/verein/93/saison_id/2026/plus/1 sha256=bd69b9b6c3fd17e062c0bf50a17563b42a98d2c42534eeab1330ee7efa38071a; transfer event none from  sha256=; profile https://www.transfermarkt.de/raphael-araoye/profil/spieler/1025912 sha256=1ab79c381c60b990cbd706d481c7499151cb1da6f4abb8ccae4f947ecd761a6b; effective date used only when explicit, otherwise current profile/joined and event endpoints; NO_CURRENT_DESTINATION_EVENT; no departure inferred from roster absence."
GER3,TSG 1899 Hoffenheim,983,1291755,Oskar Hencke,2007-10-02,266703,0,1376438,1376433,983,TSG 1899 Hoffenheim II,https://www.transfermarkt.de/oskar-hencke/profil/spieler/1291755,4eac78fc243137bdb291f5ba7ac1ea0f060d4c023927b09c6f11ac199aa91540,,,,,,,,,,,,,2026-02-02,2029-06-30,REVIEW_REQUIRED,NO_CURRENT_DESTINATION_EVENT_NO_DEPARTURE_INFERRED,transfer-event-capture;current-profile-crosscheck,Sol,,,https://www.transfermarkt.de/tsg-1899-hoffenheim-ii/kader/verein/983/saison_id/2026/plus/1,ab3835df09261faf7ddd2ed9c07b00f74ba9f141891a5f719f13e9b204f6234d,,"Queue https://www.transfermarkt.de/tsg-1899-hoffenheim-ii/kader/verein/983/saison_id/2026/plus/1 sha256=ab3835df09261faf7ddd2ed9c07b00f74ba9f141891a5f719f13e9b204f6234d; transfer event none from  sha256=; profile https://www.transfermarkt.de/oskar-hencke/profil/spieler/1291755 sha256=4eac78fc243137bdb291f5ba7ac1ea0f060d4c023927b09c6f11ac199aa91540; effective date used only when explicit, otherwise current profile/joined and event endpoints; NO_CURRENT_DESTINATION_EVENT; no departure inferred from roster absence."
ITA1,US Lecce,1005,644613,Sadik Fofana,2003-05-16,273729,263949,262147,1769483,1005,US Lecce,https://www.transfermarkt.de/sadik-fofana/profil/spieler/644613,a1328b70dc8ea02fdb34cecf2d0a1c942059bd06f913f6c3fd6fae82cbbed823,,,,,,,,,,,,,2026-01-15,2029-06-30,REVIEW_REQUIRED,NO_CURRENT_DESTINATION_EVENT_NO_DEPARTURE_INFERRED,transfer-event-capture;current-profile-crosscheck,Sol,,,https://www.transfermarkt.de/us-lecce/kader/verein/1005/saison_id/2026/plus/1,f70b73ab0beef18f4707e1b846172f928bd484c8e6abc3aab35570487739b4bc,,"Queue https://www.transfermarkt.de/us-lecce/kader/verein/1005/saison_id/2026/plus/1 sha256=f70b73ab0beef18f4707e1b846172f928bd484c8e6abc3aab35570487739b4bc; transfer event none from  sha256=; profile https://www.transfermarkt.de/sadik-fofana/profil/spieler/644613 sha256=a1328b70dc8ea02fdb34cecf2d0a1c942059bd06f913f6c3fd6fae82cbbed823; effective date used only when explicit, otherwise current profile/joined and event endpoints; NO_CURRENT_DESTINATION_EVENT; no departure inferred from roster absence."
ITA1,FC Bologna,1025,654991,Samuel Mbangula,2004-01-16,280792,74566,1376271,1769478,1025,FC Bologna,https://www.transfermarkt.de/samuel-mbangula/profil/spieler/654991,6d47c9723c889b100755beb4a9183dc16a3a515a565e15f291b3190db4a09255,6556961,,LOAN,86,SV Werder Bremen,1376271,1025,FC Bologna,1769478,86,1376271,2030-06-30,2026-09-01,2027-06-30,CONFIRMED,CURRENT_UNDATED_LOAN_EVENT_PROFILE_OWNER_END,transfer-event-capture;current-profile-crosscheck,,https://www.transfermarkt.de/serie-a/transfers/wettbewerb/IT1/saison_id/2026,64d949311be0dad09b95e57c83f70b538dd5848993bcd3dae3a084b20792d8c0,https://www.transfermarkt.de/fc-bologna/kader/verein/1025/saison_id/2026/plus/1,0110cf99718c64dae936d9a4905057d288279fe8328651a47c3a519a8bb10c74,6556961,"Queue https://www.transfermarkt.de/fc-bologna/kader/verein/1025/saison_id/2026/plus/1 sha256=0110cf99718c64dae936d9a4905057d288279fe8328651a47c3a519a8bb10c74; transfer event 6556961 from https://www.transfermarkt.de/serie-a/transfers/wettbewerb/IT1/saison_id/2026 sha256=64d949311be0dad09b95e57c83f70b538dd5848993bcd3dae3a084b20792d8c0; profile https://www.transfermarkt.de/samuel-mbangula/profil/spieler/654991 sha256=6d47c9723c889b100755beb4a9183dc16a3a515a565e15f291b3190db4a09255; effective date used only when explicit, otherwise current profile/joined and event endpoints; CURRENT_LOAN_EVENT_OWNER_AND_RETURN_DATE_AGREE; no departure inferred from roster absence."
ITA1,Como 1907,1047,1231993,Adrian Lahdo,2007-12-26,187814,75126,3014661,1769516,1047,Como 1907,https://www.transfermarkt.de/adrian-lahdo/profil/spieler/1231993,0fdeca68f6b0ffefb38e184f538785158e795113688a79329b12d2880d0da19d,,,,,,,,,,,,,2026-02-02,2031-06-30,REVIEW_REQUIRED,NO_CURRENT_DESTINATION_EVENT_NO_DEPARTURE_INFERRED,transfer-event-capture;current-profile-crosscheck,Sol,,,https://www.transfermarkt.de/como-1907/kader/verein/1047/saison_id/2026/plus/1,1f259087599c65750b2257df008378cf4b410dc38125151fd739b58162c63ff3,,"Queue https://www.transfermarkt.de/como-1907/kader/verein/1047/saison_id/2026/plus/1 sha256=1f259087599c65750b2257df008378cf4b410dc38125151fd739b58162c63ff3; transfer event none from  sha256=; profile https://www.transfermarkt.de/adrian-lahdo/profil/spieler/1231993 sha256=0fdeca68f6b0ffefb38e184f538785158e795113688a79329b12d2880d0da19d; effective date used only when explicit, otherwise current profile/joined and event endpoints; NO_CURRENT_DESTINATION_EVENT; no departure inferred from roster absence."
ITA1,Parma Calcio 1913,130,1231230,Thomás De Martis,2008-06-26,213189,0,3407882,1769475,130,Parma Calcio 1913,https://www.transfermarkt.de/thomas-de-martis/profil/spieler/1231230,8c5a9fb5d873c08a49b36f318dbcc534a1dadcb0fb91e6bc93ed6923953c9f83,6515741,,LOAN,333,CA Lanús,,130,Parma Calcio 1913,1769475,333,,2027-12-31,2026-08-18,2027-06-30,REVIEW_REQUIRED,TWO_ATTEMPTS_EXHAUSTED_LOAN_OWNER_END,transfer-event-capture;current-profile-crosscheck,Sol,https://www.transfermarkt.de/serie-a/transfers/wettbewerb/IT1/saison_id/2026,64d949311be0dad09b95e57c83f70b538dd5848993bcd3dae3a084b20792d8c0,https://www.transfermarkt.de/parma-calcio-1913/kader/verein/130/saison_id/2026/plus/1,9f4513b041b1eea32272df127e8d7647766a65bc4faf13d5feb5409749e2d01f,6515741,"Queue https://www.transfermarkt.de/parma-calcio-1913/kader/verein/130/saison_id/2026/plus/1 sha256=9f4513b041b1eea32272df127e8d7647766a65bc4faf13d5feb5409749e2d01f; transfer event 6515741 from https://www.transfermarkt.de/serie-a/transfers/wettbewerb/IT1/saison_id/2026 sha256=64d949311be0dad09b95e57c83f70b538dd5848993bcd3dae3a084b20792d8c0; profile https://www.transfermarkt.de/thomas-de-martis/profil/spieler/1231230 sha256=8c5a9fb5d873c08a49b36f318dbcc534a1dadcb0fb91e6bc93ed6923953c9f83; effective date used only when explicit, otherwise current profile/joined and event endpoints; LOAN_OWNER_OR_RETURN_DATE_UNRESOLVED; no departure inferred from roster absence."
ITA1,Cagliari Calcio,1390,911224,Alessandro Romano,2006-06-17,278498,0,1769476,1769480,1390,Cagliari Calcio,https://www.transfermarkt.de/alessandro-romano/profil/spieler/911224,3f98887c70c300be8832532bb962fd1177201fb96000bf6fb7ca9cd69e8007b3,6393559,,LOAN,12,AS Rom,1769476,1390,Cagliari Calcio,1769480,12,1769476,,2026-07-01,2027-06-30,REVIEW_REQUIRED,TWO_ATTEMPTS_EXHAUSTED_LOAN_OWNER_END,transfer-event-capture;current-profile-crosscheck,Sol,https://www.transfermarkt.de/serie-a/transfers/wettbewerb/IT1/saison_id/2026,64d949311be0dad09b95e57c83f70b538dd5848993bcd3dae3a084b20792d8c0,https://www.transfermarkt.de/cagliari-calcio/kader/verein/1390/saison_id/2026/plus/1,4d01f720bf6b2fb484bfc759a9f95eef9ef2c8d8f167551e1c287b989aa09415,6393559;6393560,"Queue https://www.transfermarkt.de/cagliari-calcio/kader/verein/1390/saison_id/2026/plus/1 sha256=4d01f720bf6b2fb484bfc759a9f95eef9ef2c8d8f167551e1c287b989aa09415; transfer event 6393559 from https://www.transfermarkt.de/serie-a/transfers/wettbewerb/IT1/saison_id/2026 sha256=64d949311be0dad09b95e57c83f70b538dd5848993bcd3dae3a084b20792d8c0; profile https://www.transfermarkt.de/alessandro-romano/profil/spieler/911224 sha256=3f98887c70c300be8832532bb962fd1177201fb96000bf6fb7ca9cd69e8007b3; effective date used only when explicit, otherwise current profile/joined and event endpoints; LOAN_OWNER_OR_RETURN_DATE_UNRESOLVED; no departure inferred from roster absence."
ITA1,Cagliari Calcio,1390,915849,Yanis Massolin,2002-09-20,292630,270341,1769497,1769480,1390,Cagliari Calcio,https://www.transfermarkt.de/yanis-massolin/profil/spieler/915849,7360c01702b9efdd4950c96963ebadf02fb537b4c3918a0e9ebc4411eb5770fa,6549343,,LOAN,46,Inter Mailand,1769481,1390,Cagliari Calcio,1769480,46,1769481,2030-06-30,2026-08-31,2027-06-30,CONFIRMED,CURRENT_UNDATED_LOAN_EVENT_PROFILE_OWNER_END,transfer-event-capture;current-profile-crosscheck,,https://www.transfermarkt.de/serie-a/transfers/wettbewerb/IT1/saison_id/2026,64d949311be0dad09b95e57c83f70b538dd5848993bcd3dae3a084b20792d8c0,https://www.transfermarkt.de/cagliari-calcio/kader/verein/1390/saison_id/2026/plus/1,4d01f720bf6b2fb484bfc759a9f95eef9ef2c8d8f167551e1c287b989aa09415,6549343,"Queue https://www.transfermarkt.de/cagliari-calcio/kader/verein/1390/saison_id/2026/plus/1 sha256=4d01f720bf6b2fb484bfc759a9f95eef9ef2c8d8f167551e1c287b989aa09415; transfer event 6549343 from https://www.transfermarkt.de/serie-a/transfers/wettbewerb/IT1/saison_id/2026 sha256=64d949311be0dad09b95e57c83f70b538dd5848993bcd3dae3a084b20792d8c0; profile https://www.transfermarkt.de/yanis-massolin/profil/spieler/915849 sha256=7360c01702b9efdd4950c96963ebadf02fb537b4c3918a0e9ebc4411eb5770fa; effective date used only when explicit, otherwise current profile/joined and event endpoints; CURRENT_LOAN_EVENT_OWNER_AND_RETURN_DATE_AGREE; no departure inferred from roster absence."
ITA1,Genua CFC,252,1355385,Robinho Junior,2007-12-17,222665,0,3538955,1769510,252,Genua CFC,https://www.transfermarkt.de/robinho-junior/profil/spieler/1355385,10ff84d2ce60699050a661d46b8afedf1c9c90209555415ba3eabd9f5957a1eb,6556958,,LOAN,221,FC Santos,,252,Genua CFC,1769510,221,,2031-03-30,2026-09-01,2027-06-30,REVIEW_REQUIRED,TWO_ATTEMPTS_EXHAUSTED_LOAN_OWNER_END,transfer-event-capture;current-profile-crosscheck,Sol,https://www.transfermarkt.de/serie-a/transfers/wettbewerb/IT1/saison_id/2026,64d949311be0dad09b95e57c83f70b538dd5848993bcd3dae3a084b20792d8c0,https://www.transfermarkt.de/genua-cfc/kader/verein/252/saison_id/2026/plus/1,28831c70a8bf2f1d0e0c5e7801240ba62008e42be2eb8761306fafe7c05e7da1,6556958,"Queue https://www.transfermarkt.de/genua-cfc/kader/verein/252/saison_id/2026/plus/1 sha256=28831c70a8bf2f1d0e0c5e7801240ba62008e42be2eb8761306fafe7c05e7da1; transfer event 6556958 from https://www.transfermarkt.de/serie-a/transfers/wettbewerb/IT1/saison_id/2026 sha256=64d949311be0dad09b95e57c83f70b538dd5848993bcd3dae3a084b20792d8c0; profile https://www.transfermarkt.de/robinho-junior/profil/spieler/1355385 sha256=10ff84d2ce60699050a661d46b8afedf1c9c90209555415ba3eabd9f5957a1eb; effective date used only when explicit, otherwise current profile/joined and event endpoints; LOAN_OWNER_OR_RETURN_DATE_UNRESOLVED; no departure inferred from roster absence."
ITA1,Genua CFC,252,641537,Tommaso Baldanzi,2003-03-23,278488,269312,1769476,1769510,252,Genua CFC,https://www.transfermarkt.de/tommaso-baldanzi/profil/spieler/641537,c331c1ecadafc549f3f469bd8ce4f709c6c77035aecd196e58e19e11a5493bff,,,,,,,,,,,,,2026-01-23,2027-06-30,REVIEW_REQUIRED,NO_CURRENT_DESTINATION_EVENT_NO_DEPARTURE_INFERRED,transfer-event-capture;current-profile-crosscheck,Sol,,,https://www.transfermarkt.de/genua-cfc/kader/verein/252/saison_id/2026/plus/1,28831c70a8bf2f1d0e0c5e7801240ba62008e42be2eb8761306fafe7c05e7da1,,"Queue https://www.transfermarkt.de/genua-cfc/kader/verein/252/saison_id/2026/plus/1 sha256=28831c70a8bf2f1d0e0c5e7801240ba62008e42be2eb8761306fafe7c05e7da1; transfer event none from  sha256=; profile https://www.transfermarkt.de/tommaso-baldanzi/profil/spieler/641537 sha256=c331c1ecadafc549f3f469bd8ce4f709c6c77035aecd196e58e19e11a5493bff; effective date used only when explicit, otherwise current profile/joined and event endpoints; NO_CURRENT_DESTINATION_EVENT; no departure inferred from roster absence."
ITA1,AC Monza,2919,1041129,Yvan Maye,2006-03-21,278124,0,1769481,1769533,2919,AC Monza,https://www.transfermarkt.de/yvan-maye/profil/spieler/1041129,87038927beb05c7cd979c664ce209b0ba91981b407dedbd2f4c376143fae3dd9,6533832,,LOAN,41119,Inter U23,,2919,AC Monza,1769533,41119,,2028-06-30,2026-08-25,2027-06-30,REVIEW_REQUIRED,TWO_ATTEMPTS_EXHAUSTED_LOAN_OWNER_END,transfer-event-capture;current-profile-crosscheck,Sol,https://www.transfermarkt.de/serie-a/transfers/wettbewerb/IT1/saison_id/2026,64d949311be0dad09b95e57c83f70b538dd5848993bcd3dae3a084b20792d8c0,https://www.transfermarkt.de/ac-monza/kader/verein/2919/saison_id/2026/plus/1,8f193279202724cc57a68a08441deb0fe889b73d8d97804595e81268516bfe10,6533832,"Queue https://www.transfermarkt.de/ac-monza/kader/verein/2919/saison_id/2026/plus/1 sha256=8f193279202724cc57a68a08441deb0fe889b73d8d97804595e81268516bfe10; transfer event 6533832 from https://www.transfermarkt.de/serie-a/transfers/wettbewerb/IT1/saison_id/2026 sha256=64d949311be0dad09b95e57c83f70b538dd5848993bcd3dae3a084b20792d8c0; profile https://www.transfermarkt.de/yvan-maye/profil/spieler/1041129 sha256=87038927beb05c7cd979c664ce209b0ba91981b407dedbd2f4c376143fae3dd9; effective date used only when explicit, otherwise current profile/joined and event endpoints; LOAN_OWNER_OR_RETURN_DATE_UNRESOLVED; no departure inferred from roster absence."
ITA1,Venezia FC,607,1126888,Lamine Fanne,2004-01-30,266864,275067,917539,1769500,607,Venezia FC,https://www.transfermarkt.de/lamine-fanne/profil/spieler/1126888,f3a3e14af321fe53c76ea5f71f16941adb5b3071fb563d1652a9886ce0a9c0b1,,,,,,,,,,,,,2026-02-01,2030-06-30,REVIEW_REQUIRED,NO_CURRENT_DESTINATION_EVENT_NO_DEPARTURE_INFERRED,transfer-event-capture;current-profile-crosscheck,Sol,,,https://www.transfermarkt.de/venezia-fc/kader/verein/607/saison_id/2026/plus/1,d88fc7110893de0f0661e79b4c48d86142d14d93f73bc112159c1995caefb0e9,,"Queue https://www.transfermarkt.de/venezia-fc/kader/verein/607/saison_id/2026/plus/1 sha256=d88fc7110893de0f0661e79b4c48d86142d14d93f73bc112159c1995caefb0e9; transfer event none from  sha256=; profile https://www.transfermarkt.de/lamine-fanne/profil/spieler/1126888 sha256=f3a3e14af321fe53c76ea5f71f16941adb5b3071fb563d1652a9886ce0a9c0b1; effective date used only when explicit, otherwise current profile/joined and event endpoints; NO_CURRENT_DESTINATION_EVENT; no departure inferred from roster absence."
ITA1,Venezia FC,607,307800,Lion Lauberbach,1998-02-15,235705,239418,458787,1769500,607,Venezia FC,https://www.transfermarkt.de/lion-lauberbach/profil/spieler/307800,aa528cda8ab0e342ded969fb30e12660e43e9986e159f3c23f3d03fe3af0daa7,,,,,,,,,,,,,2026-01-29,2029-06-30,REVIEW_REQUIRED,NO_CURRENT_DESTINATION_EVENT_NO_DEPARTURE_INFERRED,transfer-event-capture;current-profile-crosscheck,Sol,,,https://www.transfermarkt.de/venezia-fc/kader/verein/607/saison_id/2026/plus/1,d88fc7110893de0f0661e79b4c48d86142d14d93f73bc112159c1995caefb0e9,,"Queue https://www.transfermarkt.de/venezia-fc/kader/verein/607/saison_id/2026/plus/1 sha256=d88fc7110893de0f0661e79b4c48d86142d14d93f73bc112159c1995caefb0e9; transfer event none from  sha256=; profile https://www.transfermarkt.de/lion-lauberbach/profil/spieler/307800 sha256=aa528cda8ab0e342ded969fb30e12660e43e9986e159f3c23f3d03fe3af0daa7; effective date used only when explicit, otherwise current profile/joined and event endpoints; NO_CURRENT_DESTINATION_EVENT; no departure inferred from roster absence."
ITA1,Venezia FC,607,487836,Simone Panada,2002-06-02,282300,270126,1769477,1769500,607,Venezia FC,https://www.transfermarkt.de/simone-panada/profil/spieler/487836,76e1f57821f1315c757f63a0fdaf7560238462e9254abccf4b50e4074cacb943,,,,,,,,,,,,,2026-01-22,2030-06-30,REVIEW_REQUIRED,NO_CURRENT_DESTINATION_EVENT_NO_DEPARTURE_INFERRED,transfer-event-capture;current-profile-crosscheck,Sol,,,https://www.transfermarkt.de/venezia-fc/kader/verein/607/saison_id/2026/plus/1,d88fc7110893de0f0661e79b4c48d86142d14d93f73bc112159c1995caefb0e9,,"Queue https://www.transfermarkt.de/venezia-fc/kader/verein/607/saison_id/2026/plus/1 sha256=d88fc7110893de0f0661e79b4c48d86142d14d93f73bc112159c1995caefb0e9; transfer event none from  sha256=; profile https://www.transfermarkt.de/simone-panada/profil/spieler/487836 sha256=76e1f57821f1315c757f63a0fdaf7560238462e9254abccf4b50e4074cacb943; effective date used only when explicit, otherwise current profile/joined and event endpoints; NO_CURRENT_DESTINATION_EVENT; no departure inferred from roster absence."
ITA1,US Sassuolo,6574,647280,Kieron Bowie,2002-09-21,288596,257104,2752519,1769542,6574,US Sassuolo,https://www.transfermarkt.de/kieron-bowie/profil/spieler/647280,4ccea9ac90de87a0859d787a100976ead6221792f9de96b7ea5fdc8e0b495603,6474052,,LOAN,276,Hellas Verona,,6574,US Sassuolo,1769542,276,,2030-06-30,2026-07-31,2027-06-30,REVIEW_REQUIRED,TWO_ATTEMPTS_EXHAUSTED_LOAN_OWNER_END,transfer-event-capture;current-profile-crosscheck,Sol,https://www.transfermarkt.de/serie-a/transfers/wettbewerb/IT1/saison_id/2026,64d949311be0dad09b95e57c83f70b538dd5848993bcd3dae3a084b20792d8c0,https://www.transfermarkt.de/us-sassuolo/kader/verein/6574/saison_id/2026/plus/1,686b0eaeb9362b4d66f8cc3a3779bc587286eed50ca422d498380ecfd974ed38,6474052,"Queue https://www.transfermarkt.de/us-sassuolo/kader/verein/6574/saison_id/2026/plus/1 sha256=686b0eaeb9362b4d66f8cc3a3779bc587286eed50ca422d498380ecfd974ed38; transfer event 6474052 from https://www.transfermarkt.de/serie-a/transfers/wettbewerb/IT1/saison_id/2026 sha256=64d949311be0dad09b95e57c83f70b538dd5848993bcd3dae3a084b20792d8c0; profile https://www.transfermarkt.de/kieron-bowie/profil/spieler/647280 sha256=4ccea9ac90de87a0859d787a100976ead6221792f9de96b7ea5fdc8e0b495603; effective date used only when explicit, otherwise current profile/joined and event endpoints; LOAN_OWNER_OR_RETURN_DATE_UNRESOLVED; no departure inferred from roster absence."
ITA1,Frosinone Calcio,8970,468192,Daniel Bîrligea,2000-04-19,274071,266728,2555909,1769528,8970,Frosinone Calcio,https://www.transfermarkt.de/daniel-birligea/profil/spieler/468192,c2e518f9d5bcfa11339fc2894eacee1cade53834b1fa8159b3036c761948cd9d,6540298,,LOAN,301,FCSB,,8970,Frosinone Calcio,1769528,301,,2029-06-30,2026-08-27,2027-06-30,REVIEW_REQUIRED,TWO_ATTEMPTS_EXHAUSTED_LOAN_OWNER_END,transfer-event-capture;current-profile-crosscheck,Sol,https://www.transfermarkt.de/serie-a/transfers/wettbewerb/IT1/saison_id/2026,64d949311be0dad09b95e57c83f70b538dd5848993bcd3dae3a084b20792d8c0,https://www.transfermarkt.de/frosinone-calcio/kader/verein/8970/saison_id/2026/plus/1,a104cee425f087aec46f2bde8eae8e0ec4f532d7e3edc12039ec6bf4b78c5a16,6540298,"Queue https://www.transfermarkt.de/frosinone-calcio/kader/verein/8970/saison_id/2026/plus/1 sha256=a104cee425f087aec46f2bde8eae8e0ec4f532d7e3edc12039ec6bf4b78c5a16; transfer event 6540298 from https://www.transfermarkt.de/serie-a/transfers/wettbewerb/IT1/saison_id/2026 sha256=64d949311be0dad09b95e57c83f70b538dd5848993bcd3dae3a084b20792d8c0; profile https://www.transfermarkt.de/daniel-birligea/profil/spieler/468192 sha256=c2e518f9d5bcfa11339fc2894eacee1cade53834b1fa8159b3036c761948cd9d; effective date used only when explicit, otherwise current profile/joined and event endpoints; LOAN_OWNER_OR_RETURN_DATE_UNRESOLVED; no departure inferred from roster absence."
ITA1,Frosinone Calcio,8970,866250,Seydou Fini,2006-06-02,285854,278350,1769510,1769528,8970,Frosinone Calcio,https://www.transfermarkt.de/seydou-fini/profil/spieler/866250,61060f8f3e5f08880dc7ca93072be8d204d32c91bc7b2a09e6255b86949de9af,,,,,,,,,,,,,2026-01-26,2027-06-30,REVIEW_REQUIRED,NO_CURRENT_DESTINATION_EVENT_NO_DEPARTURE_INFERRED,transfer-event-capture;current-profile-crosscheck,Sol,,,https://www.transfermarkt.de/frosinone-calcio/kader/verein/8970/saison_id/2026/plus/1,a104cee425f087aec46f2bde8eae8e0ec4f532d7e3edc12039ec6bf4b78c5a16,,"Queue https://www.transfermarkt.de/frosinone-calcio/kader/verein/8970/saison_id/2026/plus/1 sha256=a104cee425f087aec46f2bde8eae8e0ec4f532d7e3edc12039ec6bf4b78c5a16; transfer event none from  sha256=; profile https://www.transfermarkt.de/seydou-fini/profil/spieler/866250 sha256=61060f8f3e5f08880dc7ca93072be8d204d32c91bc7b2a09e6255b86949de9af; effective date used only when explicit, otherwise current profile/joined and event endpoints; NO_CURRENT_DESTINATION_EVENT; no departure inferred from roster absence."
NED1,ADO Den Haag,1268,433091,Jalen Hawkins,2001-01-24,136516,256877,2228245,2228225,1268,ADO Den Haag,https://www.transfermarkt.de/jalen-hawkins/profil/spieler/433091,35d34fd74660ce9331b9c7101d3755f95de12e15857453b4001bce21b44c5dfe,,,,,,,,,,,,,2026-02-03,2028-06-30,REVIEW_REQUIRED,NO_CURRENT_DESTINATION_EVENT_NO_DEPARTURE_INFERRED,transfer-event-capture;current-profile-crosscheck,Sol,,,https://www.transfermarkt.de/ado-den-haag/kader/verein/1268/saison_id/2026/plus/1,474b264b880fdda2bb882ff0c9f03309d423ae1b25e36c87a1da879d192c71b0,,"Queue https://www.transfermarkt.de/ado-den-haag/kader/verein/1268/saison_id/2026/plus/1 sha256=474b264b880fdda2bb882ff0c9f03309d423ae1b25e36c87a1da879d192c71b0; transfer event none from  sha256=; profile https://www.transfermarkt.de/jalen-hawkins/profil/spieler/433091 sha256=35d34fd74660ce9331b9c7101d3755f95de12e15857453b4001bce21b44c5dfe; effective date used only when explicit, otherwise current profile/joined and event endpoints; NO_CURRENT_DESTINATION_EVENT; no departure inferred from roster absence."
NED1,ADO Den Haag,1268,460619,Pascal Mulder,1999-01-19,136521,0,2228245,2228225,1268,ADO Den Haag,https://www.transfermarkt.de/pascal-mulder/profil/spieler/460619,94f2f2bf3671fe0c0ff87b2d9e0e091274cf24b32f014b4530f15e392bfb94b9,,,,,,,,,,,,,2026-02-03,2029-06-30,REVIEW_REQUIRED,NO_CURRENT_DESTINATION_EVENT_NO_DEPARTURE_INFERRED,transfer-event-capture;current-profile-crosscheck,Sol,,,https://www.transfermarkt.de/ado-den-haag/kader/verein/1268/saison_id/2026/plus/1,474b264b880fdda2bb882ff0c9f03309d423ae1b25e36c87a1da879d192c71b0,,"Queue https://www.transfermarkt.de/ado-den-haag/kader/verein/1268/saison_id/2026/plus/1 sha256=474b264b880fdda2bb882ff0c9f03309d423ae1b25e36c87a1da879d192c71b0; transfer event none from  sha256=; profile https://www.transfermarkt.de/pascal-mulder/profil/spieler/460619 sha256=94f2f2bf3671fe0c0ff87b2d9e0e091274cf24b32f014b4530f15e392bfb94b9; effective date used only when explicit, otherwise current profile/joined and event endpoints; NO_CURRENT_DESTINATION_EVENT; no departure inferred from roster absence."
NED1,ADO Den Haag,1268,997478,Othniël Raterink,2006-04-07,136463,0,2228231,2228225,1268,ADO Den Haag,https://www.transfermarkt.de/othniel-raterink/profil/spieler/997478,94d7d8261ea4c34d815b1c58c4b604c292828b8e6aaf6908f8ce878305f487ef,6496839,,LOAN,1390,Cagliari Calcio,1769480,1268,ADO Den Haag,2228225,1390,1769480,2030-06-30,2026-08-12,2027-06-30,CONFIRMED,CURRENT_UNDATED_LOAN_EVENT_PROFILE_OWNER_END,transfer-event-capture;current-profile-crosscheck,,https://www.transfermarkt.de/serie-a/transfers/wettbewerb/IT1/saison_id/2026,64d949311be0dad09b95e57c83f70b538dd5848993bcd3dae3a084b20792d8c0,https://www.transfermarkt.de/ado-den-haag/kader/verein/1268/saison_id/2026/plus/1,474b264b880fdda2bb882ff0c9f03309d423ae1b25e36c87a1da879d192c71b0,6496839,"Queue https://www.transfermarkt.de/ado-den-haag/kader/verein/1268/saison_id/2026/plus/1 sha256=474b264b880fdda2bb882ff0c9f03309d423ae1b25e36c87a1da879d192c71b0; transfer event 6496839 from https://www.transfermarkt.de/serie-a/transfers/wettbewerb/IT1/saison_id/2026 sha256=64d949311be0dad09b95e57c83f70b538dd5848993bcd3dae3a084b20792d8c0; profile https://www.transfermarkt.de/othniel-raterink/profil/spieler/997478 sha256=94d7d8261ea4c34d815b1c58c4b604c292828b8e6aaf6908f8ce878305f487ef; effective date used only when explicit, otherwise current profile/joined and event endpoints; CURRENT_LOAN_EVENT_OWNER_AND_RETURN_DATE_AGREE; no departure inferred from roster absence."
NED1,PEC Zwolle,1269,439292,Sydney van Hooijdonk,2000-02-06,294089,244601,2228229,2228260,1269,PEC Zwolle,https://www.transfermarkt.de/sydney-van-hooijdonk/profil/spieler/439292,af2eadd438718f184cd386c50e7477a3345ed1224bc4d824d30c11f245fb7ea4,6558675,,LOAN,2431,CF Estrela Amadora,2490394,1269,PEC Zwolle,2228260,2431,2490394,2028-06-30,2026-09-01,2027-06-30,CONFIRMED,CURRENT_UNDATED_LOAN_EVENT_PROFILE_OWNER_END,transfer-event-capture;current-profile-crosscheck,,https://www.transfermarkt.de/liga-portugal/transfers/wettbewerb/PO1/saison_id/2026,387b98c14254a71a96aa32f796d043aff999893be0ea4725ee83d7b986855445,https://www.transfermarkt.de/pec-zwolle/kader/verein/1269/saison_id/2026/plus/1,3c97a5a53b9cc8a25985b1e3597862074bc3460631aa78e06a0c54cb3648771b,6558675,"Queue https://www.transfermarkt.de/pec-zwolle/kader/verein/1269/saison_id/2026/plus/1 sha256=3c97a5a53b9cc8a25985b1e3597862074bc3460631aa78e06a0c54cb3648771b; transfer event 6558675 from https://www.transfermarkt.de/liga-portugal/transfers/wettbewerb/PO1/saison_id/2026 sha256=387b98c14254a71a96aa32f796d043aff999893be0ea4725ee83d7b986855445; profile https://www.transfermarkt.de/sydney-van-hooijdonk/profil/spieler/439292 sha256=af2eadd438718f184cd386c50e7477a3345ed1224bc4d824d30c11f245fb7ea4; effective date used only when explicit, otherwise current profile/joined and event endpoints; CURRENT_LOAN_EVENT_OWNER_AND_RETURN_DATE_AGREE; no departure inferred from roster absence."
NED1,SC Cambuur Leeuwarden,133,1178714,Ethan Apkakou,2006-10-15,288758,0,1179665,2228253,133,SC Cambuur Leeuwarden,https://www.transfermarkt.de/ethan-apkakou/profil/spieler/1178714,f7a58d8cf636e877b2e76d6c7ef63205900c6f6e645b18ce4c73f8d43de8e8ed,,,,,,,,,,,,,2026-01-01,2029-06-30,REVIEW_REQUIRED,NO_CURRENT_DESTINATION_EVENT_NO_DEPARTURE_INFERRED,transfer-event-capture;current-profile-crosscheck,Sol,,,https://www.transfermarkt.de/sc-cambuur-leeuwarden/kader/verein/133/saison_id/2026/plus/1,d35d182879e0c29fde9680e0bd938bd8a58eee080d1c036222e78600c9bbc8b6,,"Queue https://www.transfermarkt.de/sc-cambuur-leeuwarden/kader/verein/133/saison_id/2026/plus/1 sha256=d35d182879e0c29fde9680e0bd938bd8a58eee080d1c036222e78600c9bbc8b6; transfer event none from  sha256=; profile https://www.transfermarkt.de/ethan-apkakou/profil/spieler/1178714 sha256=f7a58d8cf636e877b2e76d6c7ef63205900c6f6e645b18ce4c73f8d43de8e8ed; effective date used only when explicit, otherwise current profile/joined and event endpoints; NO_CURRENT_DESTINATION_EVENT; no departure inferred from roster absence."
NED1,SC Cambuur Leeuwarden,133,1242714,Fabian Kvam,2005-10-18,143859,0,2359341,2228253,133,SC Cambuur Leeuwarden,https://www.transfermarkt.de/fabian-kvam/profil/spieler/1242714,dc3f8e1b849f7876ee873a9a16fbe546e40f050645342fde49388ee071ba9d0e,,,,,,,,,,,,,2026-01-21,2028-06-30,REVIEW_REQUIRED,NO_CURRENT_DESTINATION_EVENT_NO_DEPARTURE_INFERRED,transfer-event-capture;current-profile-crosscheck,Sol,,,https://www.transfermarkt.de/sc-cambuur-leeuwarden/kader/verein/133/saison_id/2026/plus/1,d35d182879e0c29fde9680e0bd938bd8a58eee080d1c036222e78600c9bbc8b6,,"Queue https://www.transfermarkt.de/sc-cambuur-leeuwarden/kader/verein/133/saison_id/2026/plus/1 sha256=d35d182879e0c29fde9680e0bd938bd8a58eee080d1c036222e78600c9bbc8b6; transfer event none from  sha256=; profile https://www.transfermarkt.de/fabian-kvam/profil/spieler/1242714 sha256=dc3f8e1b849f7876ee873a9a16fbe546e40f050645342fde49388ee071ba9d0e; effective date used only when explicit, otherwise current profile/joined and event endpoints; NO_CURRENT_DESTINATION_EVENT; no departure inferred from roster absence."
NED1,SC Telstar,1434,572519,Ar'jany Martha,2003-09-04,267780,264221,917551,2228252,1434,SC Telstar,https://www.transfermarkt.de/arjany-martha/profil/spieler/572519,4697843863f4cd9c5908c168c110c23e5c4cc13a54d21692fee9ddb2f17487b7,6561958,,LOAN,1194,Rotherham United,,1434,SC Telstar,2228252,1194,,,2026-09-02,2027-06-30,REVIEW_REQUIRED,TWO_ATTEMPTS_EXHAUSTED_LOAN_OWNER_END,transfer-event-capture;current-profile-crosscheck,Sol,https://www.transfermarkt.de/eredivisie/transfers/wettbewerb/NL1/saison_id/2026,11dc5cade25e44ad6fb6a4fa951faaf3fb97825e83aa2704c9ddc2f99499f336,https://www.transfermarkt.de/sc-telstar/kader/verein/1434/saison_id/2026/plus/1,ae77e5dfbed0657e8ac7db9c5bfa54cdae9a9aa41389f9224cb5b1406e993f05,6561958,"Queue https://www.transfermarkt.de/sc-telstar/kader/verein/1434/saison_id/2026/plus/1 sha256=ae77e5dfbed0657e8ac7db9c5bfa54cdae9a9aa41389f9224cb5b1406e993f05; transfer event 6561958 from https://www.transfermarkt.de/eredivisie/transfers/wettbewerb/NL1/saison_id/2026 sha256=11dc5cade25e44ad6fb6a4fa951faaf3fb97825e83aa2704c9ddc2f99499f336; profile https://www.transfermarkt.de/arjany-martha/profil/spieler/572519 sha256=4697843863f4cd9c5908c168c110c23e5c4cc13a54d21692fee9ddb2f17487b7; effective date used only when explicit, otherwise current profile/joined and event endpoints; LOAN_OWNER_OR_RETURN_DATE_UNRESOLVED; no departure inferred from roster absence."
NED1,SC Telstar,1434,891854,Gerald Alders,2005-05-07,295685,76843,2228227,2228252,1434,SC Telstar,https://www.transfermarkt.de/gerald-alders/profil/spieler/891854,6d582a4508ff706b43cb6f96f8f943cb9e047a5fa1bfded3c5421fc21ffcb60d,,,,,,,,,,,,,2026-02-03,2027-06-30,REVIEW_REQUIRED,NO_CURRENT_DESTINATION_EVENT_NO_DEPARTURE_INFERRED,transfer-event-capture;current-profile-crosscheck,Sol,,,https://www.transfermarkt.de/sc-telstar/kader/verein/1434/saison_id/2026/plus/1,ae77e5dfbed0657e8ac7db9c5bfa54cdae9a9aa41389f9224cb5b1406e993f05,,"Queue https://www.transfermarkt.de/sc-telstar/kader/verein/1434/saison_id/2026/plus/1 sha256=ae77e5dfbed0657e8ac7db9c5bfa54cdae9a9aa41389f9224cb5b1406e993f05; transfer event none from  sha256=; profile https://www.transfermarkt.de/gerald-alders/profil/spieler/891854 sha256=6d582a4508ff706b43cb6f96f8f943cb9e047a5fa1bfded3c5421fc21ffcb60d; effective date used only when explicit, otherwise current profile/joined and event endpoints; NO_CURRENT_DESTINATION_EVENT; no departure inferred from roster absence."
NED1,SC Telstar,1434,943592,Jelani Seedorf,2004-12-12,290876,81988,2228256,2228252,1434,SC Telstar,https://www.transfermarkt.de/jelani-seedorf/profil/spieler/943592,9d5ecd9c44581167589925931b4efede9ec0ca4df0ffa54f740e7e6b98299abe,,,,,,,,,,,,,2026-02-03,2028-06-30,REVIEW_REQUIRED,NO_CURRENT_DESTINATION_EVENT_NO_DEPARTURE_INFERRED,transfer-event-capture;current-profile-crosscheck,Sol,,,https://www.transfermarkt.de/sc-telstar/kader/verein/1434/saison_id/2026/plus/1,ae77e5dfbed0657e8ac7db9c5bfa54cdae9a9aa41389f9224cb5b1406e993f05,,"Queue https://www.transfermarkt.de/sc-telstar/kader/verein/1434/saison_id/2026/plus/1 sha256=ae77e5dfbed0657e8ac7db9c5bfa54cdae9a9aa41389f9224cb5b1406e993f05; transfer event none from  sha256=; profile https://www.transfermarkt.de/jelani-seedorf/profil/spieler/943592 sha256=9d5ecd9c44581167589925931b4efede9ec0ca4df0ffa54f740e7e6b98299abe; effective date used only when explicit, otherwise current profile/joined and event endpoints; NO_CURRENT_DESTINATION_EVENT; no departure inferred from roster absence."
NED1,SC Telstar,1434,944694,Abdelnour Soualhia,2001-06-27,71183,0,1180103,2228252,1434,SC Telstar,https://www.transfermarkt.de/abdelnour-soualhia/profil/spieler/944694,ed532ffa5bc83ca53d74d2cf6f4ba0d6be3802ef9d87a5b4cf43def647a01bac,6383201,,LOAN,1090,AZ Alkmaar,2228226,1434,SC Telstar,2228252,1090,2228226,2028-06-30,2026-07-02,2027-06-30,CONFIRMED,CURRENT_UNDATED_LOAN_EVENT_PROFILE_OWNER_END,transfer-event-capture;current-profile-crosscheck,,https://www.transfermarkt.de/eredivisie/transfers/wettbewerb/NL1/saison_id/2026,11dc5cade25e44ad6fb6a4fa951faaf3fb97825e83aa2704c9ddc2f99499f336,https://www.transfermarkt.de/sc-telstar/kader/verein/1434/saison_id/2026/plus/1,ae77e5dfbed0657e8ac7db9c5bfa54cdae9a9aa41389f9224cb5b1406e993f05,6383200;6383201,"Queue https://www.transfermarkt.de/sc-telstar/kader/verein/1434/saison_id/2026/plus/1 sha256=ae77e5dfbed0657e8ac7db9c5bfa54cdae9a9aa41389f9224cb5b1406e993f05; transfer event 6383201 from https://www.transfermarkt.de/eredivisie/transfers/wettbewerb/NL1/saison_id/2026 sha256=11dc5cade25e44ad6fb6a4fa951faaf3fb97825e83aa2704c9ddc2f99499f336; profile https://www.transfermarkt.de/abdelnour-soualhia/profil/spieler/944694 sha256=ed532ffa5bc83ca53d74d2cf6f4ba0d6be3802ef9d87a5b4cf43def647a01bac; effective date used only when explicit, otherwise current profile/joined and event endpoints; CURRENT_LOAN_EVENT_OWNER_AND_RETURN_DATE_AGREE; no departure inferred from roster absence."
NED1,Go Ahead Eagles Deventer,1435,921306,Eus Waayers,2006-04-08,291543,80351,2228236,2228248,1435,Go Ahead Eagles Deventer,https://www.transfermarkt.de/eus-waayers/profil/spieler/921306,837c9f806acd5ca9eb449bccbdcd90aa69839fa00ec871feeec38217b8c64f9f,,,,,,,,,,,,,2026-02-02,2029-06-30,REVIEW_REQUIRED,NO_CURRENT_DESTINATION_EVENT_NO_DEPARTURE_INFERRED,transfer-event-capture;current-profile-crosscheck,Sol,,,https://www.transfermarkt.de/go-ahead-eagles-deventer/kader/verein/1435/saison_id/2026/plus/1,9dde8a1e8b910be129c1938f1ab5cb614c94aaafe9ae1f3969e144108e3149a1,,"Queue https://www.transfermarkt.de/go-ahead-eagles-deventer/kader/verein/1435/saison_id/2026/plus/1 sha256=9dde8a1e8b910be129c1938f1ab5cb614c94aaafe9ae1f3969e144108e3149a1; transfer event none from  sha256=; profile https://www.transfermarkt.de/eus-waayers/profil/spieler/921306 sha256=837c9f806acd5ca9eb449bccbdcd90aa69839fa00ec871feeec38217b8c64f9f; effective date used only when explicit, otherwise current profile/joined and event endpoints; NO_CURRENT_DESTINATION_EVENT; no departure inferred from roster absence."
NED1,FC Utrecht,200,79573,Sergio Padt,1990-06-06,249555,192358,593976,2228241,200,FC Utrecht,https://www.transfermarkt.de/sergio-padt/profil/spieler/79573,069b287429c39b2e82aa96c3e32f4067dd0c59d02be14f90124bb40de453a984,6582085,,FREE_TRANSFER,515,VereinslosVereinslos,,200,FC Utrecht,2228241,515,,,2026-09-11,2028-06-30,CONFIRMED,CURRENT_UNDATED_PERMANENT_OR_FREE_EVENT,transfer-event-capture;current-profile-crosscheck,,https://www.transfermarkt.de/eredivisie/transfers/wettbewerb/NL1/saison_id/2026,11dc5cade25e44ad6fb6a4fa951faaf3fb97825e83aa2704c9ddc2f99499f336,https://www.transfermarkt.de/fc-utrecht/kader/verein/200/saison_id/2026/plus/1,30172180fe0b90bafc4f2d8225a407eb91445c75b04c67bdb0bfe6d096d2e552,6582085,"Queue https://www.transfermarkt.de/fc-utrecht/kader/verein/200/saison_id/2026/plus/1 sha256=30172180fe0b90bafc4f2d8225a407eb91445c75b04c67bdb0bfe6d096d2e552; transfer event 6582085 from https://www.transfermarkt.de/eredivisie/transfers/wettbewerb/NL1/saison_id/2026 sha256=11dc5cade25e44ad6fb6a4fa951faaf3fb97825e83aa2704c9ddc2f99499f336; profile https://www.transfermarkt.de/sergio-padt/profil/spieler/79573 sha256=069b287429c39b2e82aa96c3e32f4067dd0c59d02be14f90124bb40de453a984; effective date used only when explicit, otherwise current profile/joined and event endpoints; CURRENT_DESTINATION_EVENT_AND_PROFILE_AGREE; no departure inferred from roster absence."
NED1,SC Heerenveen,306,551085,Luca Oyen,2003-03-14,235158,256307,458768,2228234,306,SC Heerenveen,https://www.transfermarkt.de/luca-oyen/profil/spieler/551085,3521f091b40d200b1c310bf96dc7dafe2007f0117f0b4c486e3e3cf46703a34f,,,,,,,,,,,,,2026-01-05,2029-06-30,REVIEW_REQUIRED,NO_CURRENT_DESTINATION_EVENT_NO_DEPARTURE_INFERRED,transfer-event-capture;current-profile-crosscheck,Sol,,,https://www.transfermarkt.de/sc-heerenveen/kader/verein/306/saison_id/2026/plus/1,c5575ac3b7544ec0b6c6c259e7a480f6feb44060499802d16479d9d38d1f4bf6,,"Queue https://www.transfermarkt.de/sc-heerenveen/kader/verein/306/saison_id/2026/plus/1 sha256=c5575ac3b7544ec0b6c6c259e7a480f6feb44060499802d16479d9d38d1f4bf6; transfer event none from  sha256=; profile https://www.transfermarkt.de/luca-oyen/profil/spieler/551085 sha256=3521f091b40d200b1c310bf96dc7dafe2007f0117f0b4c486e3e3cf46703a34f; effective date used only when explicit, otherwise current profile/joined and event endpoints; NO_CURRENT_DESTINATION_EVENT; no departure inferred from roster absence."
NED1,Fortuna Sittard,385,492313,Rodrigo Guth,2000-11-10,212258,263556,3407896,2228247,385,Fortuna Sittard,https://www.transfermarkt.de/rodrigo-guth/profil/spieler/492313,71fd8124bf526fe0fb0a4f27cc1a49b4b823e603fd216c11d5eccc2e745af1cc,6519871,,LOAN,3938,CA Talleres,,385,Fortuna Sittard,2228247,3938,,,2026-08-19,2027-06-30,REVIEW_REQUIRED,TWO_ATTEMPTS_EXHAUSTED_LOAN_OWNER_END,transfer-event-capture;current-profile-crosscheck,Sol,https://www.transfermarkt.de/eredivisie/transfers/wettbewerb/NL1/saison_id/2026,11dc5cade25e44ad6fb6a4fa951faaf3fb97825e83aa2704c9ddc2f99499f336,https://www.transfermarkt.de/fortuna-sittard/kader/verein/385/saison_id/2026/plus/1,3459b44bdebecde47d2a1440be82d9c09e8f120a342ec34fc969ad1288f64fcd,6519871,"Queue https://www.transfermarkt.de/fortuna-sittard/kader/verein/385/saison_id/2026/plus/1 sha256=3459b44bdebecde47d2a1440be82d9c09e8f120a342ec34fc969ad1288f64fcd; transfer event 6519871 from https://www.transfermarkt.de/eredivisie/transfers/wettbewerb/NL1/saison_id/2026 sha256=11dc5cade25e44ad6fb6a4fa951faaf3fb97825e83aa2704c9ddc2f99499f336; profile https://www.transfermarkt.de/rodrigo-guth/profil/spieler/492313 sha256=71fd8124bf526fe0fb0a4f27cc1a49b4b823e603fd216c11d5eccc2e745af1cc; effective date used only when explicit, otherwise current profile/joined and event endpoints; LOAN_OWNER_OR_RETURN_DATE_UNRESOLVED; no departure inferred from roster absence."
NED1,Willem II Tilburg,403,1042886,Chido Obi,2007-11-29,261742,77354,917519,2228239,403,Willem II Tilburg,https://www.transfermarkt.de/chido-obi/profil/spieler/1042886,ba593da5e887fac94ae1adc3d9154a1e1f3c019de2c068542ef8e41aa1fdbb2b,6561595,,LOAN,9251,Manchester United U21,,403,Willem II Tilburg,2228239,9251,,,2026-09-02,2027-06-30,REVIEW_REQUIRED,TWO_ATTEMPTS_EXHAUSTED_LOAN_OWNER_END,transfer-event-capture;current-profile-crosscheck,Sol,https://www.transfermarkt.de/eredivisie/transfers/wettbewerb/NL1/saison_id/2026,11dc5cade25e44ad6fb6a4fa951faaf3fb97825e83aa2704c9ddc2f99499f336,https://www.transfermarkt.de/willem-ii-tilburg/kader/verein/403/saison_id/2026/plus/1,032766443b9dd7e08c2a2a00943278f8412892d9f759e398b82d7ef4e594d0db,6561595,"Queue https://www.transfermarkt.de/willem-ii-tilburg/kader/verein/403/saison_id/2026/plus/1 sha256=032766443b9dd7e08c2a2a00943278f8412892d9f759e398b82d7ef4e594d0db; transfer event 6561595 from https://www.transfermarkt.de/eredivisie/transfers/wettbewerb/NL1/saison_id/2026 sha256=11dc5cade25e44ad6fb6a4fa951faaf3fb97825e83aa2704c9ddc2f99499f336; profile https://www.transfermarkt.de/chido-obi/profil/spieler/1042886 sha256=ba593da5e887fac94ae1adc3d9154a1e1f3c019de2c068542ef8e41aa1fdbb2b; effective date used only when explicit, otherwise current profile/joined and event endpoints; LOAN_OWNER_OR_RETURN_DATE_UNRESOLVED; no departure inferred from roster absence."
NED1,NEC Nijmegen,467,884820,Almugera Kabar,2006-06-06,277414,278854,1376262,2228235,467,NEC Nijmegen,https://www.transfermarkt.de/almugera-kabar/profil/spieler/884820,bf85f85151952bd7cfd4d95877edfb6bd0b5229a36ce336023ef305a43d13f3b,6503013,,LOAN,16,Borussia Dortmund,1376262,467,NEC Nijmegen,2228235,16,1376262,2028-06-30,2026-08-14,2027-06-30,CONFIRMED,CURRENT_UNDATED_LOAN_EVENT_PROFILE_OWNER_END,transfer-event-capture;current-profile-crosscheck,,https://www.transfermarkt.de/bundesliga/transfers/wettbewerb/L1/saison_id/2026,c08e4b3a81f4ba445c4d8343c0dd6f9cfb1b5e5f12689978c0e5485f5030360a,https://www.transfermarkt.de/nec-nijmegen/kader/verein/467/saison_id/2026/plus/1,afaf186de0e68283482d701cbcab4af6ebdee0f811b6b205c1c3767c120d442d,6503013,"Queue https://www.transfermarkt.de/nec-nijmegen/kader/verein/467/saison_id/2026/plus/1 sha256=afaf186de0e68283482d701cbcab4af6ebdee0f811b6b205c1c3767c120d442d; transfer event 6503013 from https://www.transfermarkt.de/bundesliga/transfers/wettbewerb/L1/saison_id/2026 sha256=c08e4b3a81f4ba445c4d8343c0dd6f9cfb1b5e5f12689978c0e5485f5030360a; profile https://www.transfermarkt.de/almugera-kabar/profil/spieler/884820 sha256=bf85f85151952bd7cfd4d95877edfb6bd0b5229a36ce336023ef305a43d13f3b; effective date used only when explicit, otherwise current profile/joined and event endpoints; CURRENT_LOAN_EVENT_OWNER_AND_RETURN_DATE_AGREE; no departure inferred from roster absence."
POR1,CS Marítimo,1301,537367,Alfonso Pastor,2000-10-04,286992,259530,2490381,2490376,1301,CS Marítimo,https://www.transfermarkt.de/alfonso-pastor/profil/spieler/537367,4fc04df72d73e6b44d178906dbf1341fb55a8a08957bf420659438b5e7e230de,,,,,,,,,,,,,2026-02-02,2027-06-30,REVIEW_REQUIRED,NO_CURRENT_DESTINATION_EVENT_NO_DEPARTURE_INFERRED,transfer-event-capture;current-profile-crosscheck,Sol,,,https://www.transfermarkt.de/cs-maritimo/kader/verein/1301/saison_id/2026/plus/1,5cfc233404ec9b89440eac630270b3e1ade7aaa468abf0d7c72a774e94f85e1b,,"Queue https://www.transfermarkt.de/cs-maritimo/kader/verein/1301/saison_id/2026/plus/1 sha256=5cfc233404ec9b89440eac630270b3e1ade7aaa468abf0d7c72a774e94f85e1b; transfer event none from  sha256=; profile https://www.transfermarkt.de/alfonso-pastor/profil/spieler/537367 sha256=4fc04df72d73e6b44d178906dbf1341fb55a8a08957bf420659438b5e7e230de; effective date used only when explicit, otherwise current profile/joined and event endpoints; NO_CURRENT_DESTINATION_EVENT; no departure inferred from roster absence."
POR1,CS Marítimo,1301,830057,Gábor Szalai,2000-06-09,107257,275644,1507348,2490376,1301,CS Marítimo,https://www.transfermarkt.de/gabor-szalai/profil/spieler/830057,f7cdecc16ab64afd98efa0a36585b7fb900175bc8d8ecf8865f5e71773b8829e,6453517,,LOAN,279,Ferencvárosi TC,,1301,CS Marítimo,2490376,279,,2028-06-30,2026-07-24,2027-06-30,REVIEW_REQUIRED,TWO_ATTEMPTS_EXHAUSTED_LOAN_OWNER_END,transfer-event-capture;current-profile-crosscheck,Sol,https://www.transfermarkt.de/liga-portugal/transfers/wettbewerb/PO1/saison_id/2026,387b98c14254a71a96aa32f796d043aff999893be0ea4725ee83d7b986855445,https://www.transfermarkt.de/cs-maritimo/kader/verein/1301/saison_id/2026/plus/1,5cfc233404ec9b89440eac630270b3e1ade7aaa468abf0d7c72a774e94f85e1b,6453517,"Queue https://www.transfermarkt.de/cs-maritimo/kader/verein/1301/saison_id/2026/plus/1 sha256=5cfc233404ec9b89440eac630270b3e1ade7aaa468abf0d7c72a774e94f85e1b; transfer event 6453517 from https://www.transfermarkt.de/liga-portugal/transfers/wettbewerb/PO1/saison_id/2026 sha256=387b98c14254a71a96aa32f796d043aff999893be0ea4725ee83d7b986855445; profile https://www.transfermarkt.de/gabor-szalai/profil/spieler/830057 sha256=f7cdecc16ab64afd98efa0a36585b7fb900175bc8d8ecf8865f5e71773b8829e; effective date used only when explicit, otherwise current profile/joined and event endpoints; LOAN_OWNER_OR_RETURN_DATE_UNRESOLVED; no departure inferred from roster absence."
POR1,CS Marítimo,1301,939765,José Melro,2004-05-26,288149,0,2490372,2490376,1301,CS Marítimo,https://www.transfermarkt.de/jose-melro/profil/spieler/939765,2abf42c23669e518ab0bf572589e212381b366b0474f61218b5ab3623027d3b2,,,,,,,,,,,,,2026-02-02,2027-06-30,REVIEW_REQUIRED,NO_CURRENT_DESTINATION_EVENT_NO_DEPARTURE_INFERRED,transfer-event-capture;current-profile-crosscheck,Sol,,,https://www.transfermarkt.de/cs-maritimo/kader/verein/1301/saison_id/2026/plus/1,5cfc233404ec9b89440eac630270b3e1ade7aaa468abf0d7c72a774e94f85e1b,,"Queue https://www.transfermarkt.de/cs-maritimo/kader/verein/1301/saison_id/2026/plus/1 sha256=5cfc233404ec9b89440eac630270b3e1ade7aaa468abf0d7c72a774e94f85e1b; transfer event none from  sha256=; profile https://www.transfermarkt.de/jose-melro/profil/spieler/939765 sha256=2abf42c23669e518ab0bf572589e212381b366b0474f61218b5ab3623027d3b2; effective date used only when explicit, otherwise current profile/joined and event endpoints; NO_CURRENT_DESTINATION_EVENT; no departure inferred from roster absence."
POR1,CD Santa Clara,2423,181547,Gonçalo Paciência,1994-08-01,222786,216452,3538985,2490388,2423,CD Santa Clara,https://www.transfermarkt.de/goncalo-paciencia/profil/spieler/181547,5f0238eec0ce87a4acfd0a8f0d36c9bb56d5e3da7f5960e5feb715ee3965109d,,,,,,,,,,,,,2026-01-27,2028-06-30,REVIEW_REQUIRED,NO_CURRENT_DESTINATION_EVENT_NO_DEPARTURE_INFERRED,transfer-event-capture;current-profile-crosscheck,Sol,,,https://www.transfermarkt.de/cd-santa-clara/kader/verein/2423/saison_id/2026/plus/1,996787cc90623dddfd5c425ca2df6aae95f8fd62b8b5cfb03677a214be6550e2,,"Queue https://www.transfermarkt.de/cd-santa-clara/kader/verein/2423/saison_id/2026/plus/1 sha256=996787cc90623dddfd5c425ca2df6aae95f8fd62b8b5cfb03677a214be6550e2; transfer event none from  sha256=; profile https://www.transfermarkt.de/goncalo-paciencia/profil/spieler/181547 sha256=5f0238eec0ce87a4acfd0a8f0d36c9bb56d5e3da7f5960e5feb715ee3965109d; effective date used only when explicit, otherwise current profile/joined and event endpoints; NO_CURRENT_DESTINATION_EVENT; no departure inferred from roster absence."
POR1,CD Santa Clara,2423,519879,Guilherme Romão,1997-10-07,223057,0,3539013,2490388,2423,CD Santa Clara,https://www.transfermarkt.de/guilherme-romao/profil/spieler/519879,adccc1732c616189e388c54e78e954a9e5983afa5836fc4b8d23b57c5fcd8e9e,,,,,,,,,,,,,2026-01-31,2027-06-30,REVIEW_REQUIRED,NO_CURRENT_DESTINATION_EVENT_NO_DEPARTURE_INFERRED,transfer-event-capture;current-profile-crosscheck,Sol,,,https://www.transfermarkt.de/cd-santa-clara/kader/verein/2423/saison_id/2026/plus/1,996787cc90623dddfd5c425ca2df6aae95f8fd62b8b5cfb03677a214be6550e2,,"Queue https://www.transfermarkt.de/cd-santa-clara/kader/verein/2423/saison_id/2026/plus/1 sha256=996787cc90623dddfd5c425ca2df6aae95f8fd62b8b5cfb03677a214be6550e2; transfer event none from  sha256=; profile https://www.transfermarkt.de/guilherme-romao/profil/spieler/519879 sha256=adccc1732c616189e388c54e78e954a9e5983afa5836fc4b8d23b57c5fcd8e9e; effective date used only when explicit, otherwise current profile/joined and event endpoints; NO_CURRENT_DESTINATION_EVENT; no departure inferred from roster absence."
POR1,CD Santa Clara,2423,687361,Welinton Torrão,1999-06-30,223956,0,3552671,2490388,2423,CD Santa Clara,https://www.transfermarkt.de/welinton-torrao/profil/spieler/687361,f048dcd8a469eba22b0fcf4db1818b7b941e3cf7d9acff0c3b99bfc9d38a62aa,,,,,,,,,,,,,2026-01-01,2028-06-30,REVIEW_REQUIRED,NO_CURRENT_DESTINATION_EVENT_NO_DEPARTURE_INFERRED,transfer-event-capture;current-profile-crosscheck,Sol,,,https://www.transfermarkt.de/cd-santa-clara/kader/verein/2423/saison_id/2026/plus/1,996787cc90623dddfd5c425ca2df6aae95f8fd62b8b5cfb03677a214be6550e2,,"Queue https://www.transfermarkt.de/cd-santa-clara/kader/verein/2423/saison_id/2026/plus/1 sha256=996787cc90623dddfd5c425ca2df6aae95f8fd62b8b5cfb03677a214be6550e2; transfer event none from  sha256=; profile https://www.transfermarkt.de/welinton-torrao/profil/spieler/687361 sha256=f048dcd8a469eba22b0fcf4db1818b7b941e3cf7d9acff0c3b99bfc9d38a62aa; effective date used only when explicit, otherwise current profile/joined and event endpoints; NO_CURRENT_DESTINATION_EVENT; no departure inferred from roster absence."
POR1,Gil Vicente FC,2424,273738,Héctor Hernández,1995-09-14,221828,214942,3538959,2490375,2424,Gil Vicente FC,https://www.transfermarkt.de/hector-hernandez/profil/spieler/273738,483432cebb96de5064005fdcbc45ceb17552b01551540a22d8ca559f8a6d1998,,,,,,,,,,,,,2026-01-27,2027-06-30,REVIEW_REQUIRED,NO_CURRENT_DESTINATION_EVENT_NO_DEPARTURE_INFERRED,transfer-event-capture;current-profile-crosscheck,Sol,,,https://www.transfermarkt.de/gil-vicente-fc/kader/verein/2424/saison_id/2026/plus/1,e615ed113cbf0012df4490859c154266a50a72247c7f67c260f2f4ab6c49e4d1,,"Queue https://www.transfermarkt.de/gil-vicente-fc/kader/verein/2424/saison_id/2026/plus/1 sha256=e615ed113cbf0012df4490859c154266a50a72247c7f67c260f2f4ab6c49e4d1; transfer event none from  sha256=; profile https://www.transfermarkt.de/hector-hernandez/profil/spieler/273738 sha256=483432cebb96de5064005fdcbc45ceb17552b01551540a22d8ca559f8a6d1998; effective date used only when explicit, otherwise current profile/joined and event endpoints; NO_CURRENT_DESTINATION_EVENT; no departure inferred from roster absence."
POR1,Gil Vicente FC,2424,412367,Weverson,2000-07-05,221582,257969,3538968,2490375,2424,Gil Vicente FC,https://www.transfermarkt.de/weverson/profil/spieler/412367,8669e2eb17112d6fc40d97ca826169ab3858ed8f8953ee1127ceafb6d26c7358,,,,,,,,,,,,,2026-01-29,2028-06-30,REVIEW_REQUIRED,NO_CURRENT_DESTINATION_EVENT_NO_DEPARTURE_INFERRED,transfer-event-capture;current-profile-crosscheck,Sol,,,https://www.transfermarkt.de/gil-vicente-fc/kader/verein/2424/saison_id/2026/plus/1,e615ed113cbf0012df4490859c154266a50a72247c7f67c260f2f4ab6c49e4d1,,"Queue https://www.transfermarkt.de/gil-vicente-fc/kader/verein/2424/saison_id/2026/plus/1 sha256=e615ed113cbf0012df4490859c154266a50a72247c7f67c260f2f4ab6c49e4d1; transfer event none from  sha256=; profile https://www.transfermarkt.de/weverson/profil/spieler/412367 sha256=8669e2eb17112d6fc40d97ca826169ab3858ed8f8953ee1127ceafb6d26c7358; effective date used only when explicit, otherwise current profile/joined and event endpoints; NO_CURRENT_DESTINATION_EVENT; no departure inferred from roster absence."
POR1,Rio Ave FC,2425,1082582,Gustavo Mancha,2004-07-25,104502,81324,1441800,2490381,2425,Rio Ave FC,https://www.transfermarkt.de/gustavo-mancha/profil/spieler/1082582,34f57eb0c8c0489dfbae0babc7ffaa62759460cd3f4d0de79c785a100255080d,,,,,,,,,,,,,2026-02-02,2027-06-30,REVIEW_REQUIRED,NO_CURRENT_DESTINATION_EVENT_NO_DEPARTURE_INFERRED,transfer-event-capture;current-profile-crosscheck,Sol,,,https://www.transfermarkt.de/rio-ave-fc/kader/verein/2425/saison_id/2026/plus/1,37a8a108e9b2165ce80a23cc2e2c874e6dbc5c341de869d1bdffc8cd3bf8f10c,6162821,"Queue https://www.transfermarkt.de/rio-ave-fc/kader/verein/2425/saison_id/2026/plus/1 sha256=37a8a108e9b2165ce80a23cc2e2c874e6dbc5c341de869d1bdffc8cd3bf8f10c; transfer event none from  sha256=; profile https://www.transfermarkt.de/gustavo-mancha/profil/spieler/1082582 sha256=34f57eb0c8c0489dfbae0babc7ffaa62759460cd3f4d0de79c785a100255080d; effective date used only when explicit, otherwise current profile/joined and event endpoints; NO_CURRENT_DESTINATION_EVENT; no departure inferred from roster absence."
POR1,Rio Ave FC,2425,617679,Zé Carlos,1998-07-31,1000013331,258786,0,2490381,2425,Rio Ave FC,https://www.transfermarkt.de/ze-carlos/profil/spieler/617679,977917a4c0cc2cc9191128a1d7289658bb94c53508873e24a4663ef16dca6de5,6581331,,FREE_TRANSFER,515,VereinslosVereinslos,,2425,Rio Ave FC,2490381,515,,,2026-09-10,2028-06-30,CONFIRMED,CURRENT_UNDATED_PERMANENT_OR_FREE_EVENT,transfer-event-capture;current-profile-crosscheck,,https://www.transfermarkt.de/liga-portugal/transfers/wettbewerb/PO1/saison_id/2026,387b98c14254a71a96aa32f796d043aff999893be0ea4725ee83d7b986855445,https://www.transfermarkt.de/rio-ave-fc/kader/verein/2425/saison_id/2026/plus/1,37a8a108e9b2165ce80a23cc2e2c874e6dbc5c341de869d1bdffc8cd3bf8f10c,6316717;6581331,"Queue https://www.transfermarkt.de/rio-ave-fc/kader/verein/2425/saison_id/2026/plus/1 sha256=37a8a108e9b2165ce80a23cc2e2c874e6dbc5c341de869d1bdffc8cd3bf8f10c; transfer event 6581331 from https://www.transfermarkt.de/liga-portugal/transfers/wettbewerb/PO1/saison_id/2026 sha256=387b98c14254a71a96aa32f796d043aff999893be0ea4725ee83d7b986855445; profile https://www.transfermarkt.de/ze-carlos/profil/spieler/617679 sha256=977917a4c0cc2cc9191128a1d7289658bb94c53508873e24a4663ef16dca6de5; effective date used only when explicit, otherwise current profile/joined and event endpoints; CURRENT_DESTINATION_EVENT_AND_PROFILE_AGREE; no departure inferred from roster absence."
POR1,Rio Ave FC,2425,947404,Diogo Bezerra,2002-07-16,270191,0,3342339,2490381,2425,Rio Ave FC,https://www.transfermarkt.de/diogo-bezerra/profil/spieler/947404,9af8cd3a07c1113b81e4133cb14aecc7ac4c7b68d181672226fb215114345e1c,,,,,,,,,,,,,2026-01-13,2030-06-30,REVIEW_REQUIRED,NO_CURRENT_DESTINATION_EVENT_NO_DEPARTURE_INFERRED,transfer-event-capture;current-profile-crosscheck,Sol,,,https://www.transfermarkt.de/rio-ave-fc/kader/verein/2425/saison_id/2026/plus/1,37a8a108e9b2165ce80a23cc2e2c874e6dbc5c341de869d1bdffc8cd3bf8f10c,,"Queue https://www.transfermarkt.de/rio-ave-fc/kader/verein/2425/saison_id/2026/plus/1 sha256=37a8a108e9b2165ce80a23cc2e2c874e6dbc5c341de869d1bdffc8cd3bf8f10c; transfer event none from  sha256=; profile https://www.transfermarkt.de/diogo-bezerra/profil/spieler/947404 sha256=9af8cd3a07c1113b81e4133cb14aecc7ac4c7b68d181672226fb215114345e1c; effective date used only when explicit, otherwise current profile/joined and event endpoints; NO_CURRENT_DESTINATION_EVENT; no departure inferred from roster absence."
POR1,CF Estrela Amadora,2431,1062317,Rodrigo Dudok,2007-07-23,243328,0,3932165,2490394,2431,CF Estrela Amadora,https://www.transfermarkt.de/rodrigo-dudok/profil/spieler/1062317,df9ab6715564e2b1c9b1504e03d949b1cdb75a7469b33ddfe83f33fd400dda97,6561251,,LOAN,14758,Racing Club de Montevideo,,2431,CF Estrela Amadora,2490394,14758,,,2026-09-02,2027-06-30,REVIEW_REQUIRED,TWO_ATTEMPTS_EXHAUSTED_LOAN_OWNER_END,transfer-event-capture;current-profile-crosscheck,Sol,https://www.transfermarkt.de/liga-portugal/transfers/wettbewerb/PO1/saison_id/2026,387b98c14254a71a96aa32f796d043aff999893be0ea4725ee83d7b986855445,https://www.transfermarkt.de/cf-estrela-amadora/kader/verein/2431/saison_id/2026/plus/1,518e3a2e95f5774700d01db49dd50f80d4ccbc790493950412b68c785a7de654,6561251,"Queue https://www.transfermarkt.de/cf-estrela-amadora/kader/verein/2431/saison_id/2026/plus/1 sha256=518e3a2e95f5774700d01db49dd50f80d4ccbc790493950412b68c785a7de654; transfer event 6561251 from https://www.transfermarkt.de/liga-portugal/transfers/wettbewerb/PO1/saison_id/2026 sha256=387b98c14254a71a96aa32f796d043aff999893be0ea4725ee83d7b986855445; profile https://www.transfermarkt.de/rodrigo-dudok/profil/spieler/1062317 sha256=df9ab6715564e2b1c9b1504e03d949b1cdb75a7469b33ddfe83f33fd400dda97; effective date used only when explicit, otherwise current profile/joined and event endpoints; LOAN_OWNER_OR_RETURN_DATE_UNRESOLVED; no departure inferred from roster absence."
POR1,CF Estrela Amadora,2431,1159661,Eddy Doué,2005-12-11,283485,0,1179663,2490394,2431,CF Estrela Amadora,https://www.transfermarkt.de/eddy-doue/profil/spieler/1159661,2ef40f54be46f36146d21ff726cc4edaa6c9b3109d1d9f45ce3cb69e08071f73,,,,,,,,,,,,,2026-01-23,2028-06-30,REVIEW_REQUIRED,NO_CURRENT_DESTINATION_EVENT_NO_DEPARTURE_INFERRED,transfer-event-capture;current-profile-crosscheck,Sol,,,https://www.transfermarkt.de/cf-estrela-amadora/kader/verein/2431/saison_id/2026/plus/1,518e3a2e95f5774700d01db49dd50f80d4ccbc790493950412b68c785a7de654,,"Queue https://www.transfermarkt.de/cf-estrela-amadora/kader/verein/2431/saison_id/2026/plus/1 sha256=518e3a2e95f5774700d01db49dd50f80d4ccbc790493950412b68c785a7de654; transfer event none from  sha256=; profile https://www.transfermarkt.de/eddy-doue/profil/spieler/1159661 sha256=2ef40f54be46f36146d21ff726cc4edaa6c9b3109d1d9f45ce3cb69e08071f73; effective date used only when explicit, otherwise current profile/joined and event endpoints; NO_CURRENT_DESTINATION_EVENT; no departure inferred from roster absence."
POR1,CF Estrela Amadora,2431,626854,Kevin Höög Jansson,2000-09-29,188296,254514,3014673,2490394,2431,CF Estrela Amadora,https://www.transfermarkt.de/kevin-hoog-jansson/profil/spieler/626854,b7e150aa99cbc4fc2bd7e82ef9f8c4262604b8d9529cabf28851f98ec90bfe10,,,,,,,,,,,,,2026-01-01,2028-06-30,REVIEW_REQUIRED,NO_CURRENT_DESTINATION_EVENT_NO_DEPARTURE_INFERRED,transfer-event-capture;current-profile-crosscheck,Sol,,,https://www.transfermarkt.de/cf-estrela-amadora/kader/verein/2431/saison_id/2026/plus/1,518e3a2e95f5774700d01db49dd50f80d4ccbc790493950412b68c785a7de654,,"Queue https://www.transfermarkt.de/cf-estrela-amadora/kader/verein/2431/saison_id/2026/plus/1 sha256=518e3a2e95f5774700d01db49dd50f80d4ccbc790493950412b68c785a7de654; transfer event none from  sha256=; profile https://www.transfermarkt.de/kevin-hoog-jansson/profil/spieler/626854 sha256=b7e150aa99cbc4fc2bd7e82ef9f8c4262604b8d9529cabf28851f98ec90bfe10; effective date used only when explicit, otherwise current profile/joined and event endpoints; NO_CURRENT_DESTINATION_EVENT; no departure inferred from roster absence."
POR1,CF Estrela Amadora,2431,742034,Léo Linck,2001-03-03,221334,0,3538945,2490394,2431,CF Estrela Amadora,https://www.transfermarkt.de/leo-linck/profil/spieler/742034,8124c2e39001b76d18d4fc24146be610f3c89f102c0c276e1e9f7a7e1a6f3e7d,,,,,,,,,,,,,2026-07-21,2027-06-30,REVIEW_REQUIRED,NO_CURRENT_DESTINATION_EVENT_NO_DEPARTURE_INFERRED,transfer-event-capture;current-profile-crosscheck,Sol,,,https://www.transfermarkt.de/cf-estrela-amadora/kader/verein/2431/saison_id/2026/plus/1,518e3a2e95f5774700d01db49dd50f80d4ccbc790493950412b68c785a7de654,,"Queue https://www.transfermarkt.de/cf-estrela-amadora/kader/verein/2431/saison_id/2026/plus/1 sha256=518e3a2e95f5774700d01db49dd50f80d4ccbc790493950412b68c785a7de654; transfer event none from  sha256=; profile https://www.transfermarkt.de/leo-linck/profil/spieler/742034 sha256=8124c2e39001b76d18d4fc24146be610f3c89f102c0c276e1e9f7a7e1a6f3e7d; effective date used only when explicit, otherwise current profile/joined and event endpoints; NO_CURRENT_DESTINATION_EVENT; no departure inferred from roster absence."
POR1,CF Estrela Amadora,2431,971663,Jeremy Arévalo,2005-03-19,284614,277742,2949137,2490394,2431,CF Estrela Amadora,https://www.transfermarkt.de/jeremy-arevalo/profil/spieler/971663,5a0ec80c5be9c40b61f5f008fee3fd84a3a2e47359243b175d51a83278ff3a9c,6567618,,LOAN,79,VfB Stuttgart,1376272,2431,CF Estrela Amadora,2490394,79,1376272,2031-06-30,2026-09-04,2027-06-30,CONFIRMED,CURRENT_UNDATED_LOAN_EVENT_PROFILE_OWNER_END,transfer-event-capture;current-profile-crosscheck,,https://www.transfermarkt.de/bundesliga/transfers/wettbewerb/L1/saison_id/2026,c08e4b3a81f4ba445c4d8343c0dd6f9cfb1b5e5f12689978c0e5485f5030360a,https://www.transfermarkt.de/cf-estrela-amadora/kader/verein/2431/saison_id/2026/plus/1,518e3a2e95f5774700d01db49dd50f80d4ccbc790493950412b68c785a7de654,6567618,"Queue https://www.transfermarkt.de/cf-estrela-amadora/kader/verein/2431/saison_id/2026/plus/1 sha256=518e3a2e95f5774700d01db49dd50f80d4ccbc790493950412b68c785a7de654; transfer event 6567618 from https://www.transfermarkt.de/bundesliga/transfers/wettbewerb/L1/saison_id/2026 sha256=c08e4b3a81f4ba445c4d8343c0dd6f9cfb1b5e5f12689978c0e5485f5030360a; profile https://www.transfermarkt.de/jeremy-arevalo/profil/spieler/971663 sha256=5a0ec80c5be9c40b61f5f008fee3fd84a3a2e47359243b175d51a83278ff3a9c; effective date used only when explicit, otherwise current profile/joined and event endpoints; CURRENT_LOAN_EVENT_OWNER_AND_RETURN_DATE_AGREE; no departure inferred from roster absence."
POR1,FC Alverca,2521,1245251,Zakaria Kassary,2006-01-25,15944,0,8466434,2490393,2521,FC Alverca,https://www.transfermarkt.de/zakaria-kassary/profil/spieler/1245251,e2c282a6e771fcc942e8a0bfeacc66e487c93ed32ccfb4f97b7b279fc2705aae,,,,,,,,,,,,,2026-01-16,2027-06-30,REVIEW_REQUIRED,NO_CURRENT_DESTINATION_EVENT_NO_DEPARTURE_INFERRED,transfer-event-capture;current-profile-crosscheck,Sol,,,https://www.transfermarkt.de/fc-alverca/kader/verein/2521/saison_id/2026/plus/1,7f5d01cde12ec5554a0cdae5ccc699031abd54d7e473e99ebf2c44e9a519b8ae,,"Queue https://www.transfermarkt.de/fc-alverca/kader/verein/2521/saison_id/2026/plus/1 sha256=7f5d01cde12ec5554a0cdae5ccc699031abd54d7e473e99ebf2c44e9a519b8ae; transfer event none from  sha256=; profile https://www.transfermarkt.de/zakaria-kassary/profil/spieler/1245251 sha256=e2c282a6e771fcc942e8a0bfeacc66e487c93ed32ccfb4f97b7b279fc2705aae; effective date used only when explicit, otherwise current profile/joined and event endpoints; NO_CURRENT_DESTINATION_EVENT; no departure inferred from roster absence."
POR1,Benfica Lissabon,294,541134,Souffian El Karouani,2000-10-19,294870,262473,2228241,2490372,294,Benfica Lissabon,https://www.transfermarkt.de/souffian-el-karouani/profil/spieler/541134,1e32b3966150a2c928ee137c41a1e4cb1b0a23c3a15f5982b0f41849c463364b,6557688,,LOAN,26069,Al-Qadsiah FC,,294,Benfica Lissabon,2490372,26069,,2029-06-30,2026-09-01,2027-06-30,REVIEW_REQUIRED,TWO_ATTEMPTS_EXHAUSTED_LOAN_OWNER_END,transfer-event-capture;current-profile-crosscheck,Sol,https://www.transfermarkt.de/liga-portugal/transfers/wettbewerb/PO1/saison_id/2026,387b98c14254a71a96aa32f796d043aff999893be0ea4725ee83d7b986855445,https://www.transfermarkt.de/benfica-lissabon/kader/verein/294/saison_id/2026/plus/1,957c9f94e6a34a4cd8987a26892c35f410ec61ced30153d1842a28e3a5d61504,6557688;6295624,"Queue https://www.transfermarkt.de/benfica-lissabon/kader/verein/294/saison_id/2026/plus/1 sha256=957c9f94e6a34a4cd8987a26892c35f410ec61ced30153d1842a28e3a5d61504; transfer event 6557688 from https://www.transfermarkt.de/liga-portugal/transfers/wettbewerb/PO1/saison_id/2026 sha256=387b98c14254a71a96aa32f796d043aff999893be0ea4725ee83d7b986855445; profile https://www.transfermarkt.de/souffian-el-karouani/profil/spieler/541134 sha256=1e32b3966150a2c928ee137c41a1e4cb1b0a23c3a15f5982b0f41849c463364b; effective date used only when explicit, otherwise current profile/joined and event endpoints; LOAN_OWNER_OR_RETURN_DATE_UNRESOLVED; no departure inferred from roster absence."
POR1,Casa Pia AC,3268,1188771,Aymen Zouin,2006-12-29,278138,0,1769481,2494469,3268,Casa Pia AC,https://www.transfermarkt.de/aymen-zouin/profil/spieler/1188771,4768a675cc657197c5b9a297b40c3bfe53b86d24866abeb0348c5412964c047e,6524686,,LOAN,130,Parma Calcio 1913,1769475,3268,Casa Pia AC,2494469,130,1769475,2031-06-30,2026-08-21,2027-06-30,CONFIRMED,CURRENT_UNDATED_LOAN_EVENT_PROFILE_OWNER_END,transfer-event-capture;current-profile-crosscheck,,https://www.transfermarkt.de/serie-a/transfers/wettbewerb/IT1/saison_id/2026,64d949311be0dad09b95e57c83f70b538dd5848993bcd3dae3a084b20792d8c0,https://www.transfermarkt.de/casa-pia-ac/kader/verein/3268/saison_id/2026/plus/1,a3e2a5277eff3871e27db7ef969d3905123f5c71aebb08128024f85e9a547b72,6491774;6524686,"Queue https://www.transfermarkt.de/casa-pia-ac/kader/verein/3268/saison_id/2026/plus/1 sha256=a3e2a5277eff3871e27db7ef969d3905123f5c71aebb08128024f85e9a547b72; transfer event 6524686 from https://www.transfermarkt.de/serie-a/transfers/wettbewerb/IT1/saison_id/2026 sha256=64d949311be0dad09b95e57c83f70b538dd5848993bcd3dae3a084b20792d8c0; profile https://www.transfermarkt.de/aymen-zouin/profil/spieler/1188771 sha256=4768a675cc657197c5b9a297b40c3bfe53b86d24866abeb0348c5412964c047e; effective date used only when explicit, otherwise current profile/joined and event endpoints; CURRENT_LOAN_EVENT_OWNER_AND_RETURN_DATE_AGREE; no departure inferred from roster absence."
POR1,FC Porto,720,1086258,Souza,2006-06-16,222649,0,3538955,2490380,720,FC Porto,https://www.transfermarkt.de/souza/profil/spieler/1086258,f16a957522517b62dd2b05a48d82a88fc37a66354c5700918345cdf7247e41ef,6552583,,LOAN,148,Tottenham Hotspur,917514,720,FC Porto,2490380,148,917514,2031-06-30,2026-08-31,2027-06-30,CONFIRMED,CURRENT_UNDATED_LOAN_EVENT_PROFILE_OWNER_END,transfer-event-capture;current-profile-crosscheck,,https://www.transfermarkt.de/premier-league/transfers/wettbewerb/GB1/saison_id/2026,dea85796083e3a3c441b9d8a4a6bb63799d6b5db6581c82fc0743e65e1042ee3,https://www.transfermarkt.de/fc-porto/kader/verein/720/saison_id/2026/plus/1,f504c5834791d9c61a831eb02c7ad78c5d5b46e6bbc57108520832c20f2114e6,6552583,"Queue https://www.transfermarkt.de/fc-porto/kader/verein/720/saison_id/2026/plus/1 sha256=f504c5834791d9c61a831eb02c7ad78c5d5b46e6bbc57108520832c20f2114e6; transfer event 6552583 from https://www.transfermarkt.de/premier-league/transfers/wettbewerb/GB1/saison_id/2026 sha256=dea85796083e3a3c441b9d8a4a6bb63799d6b5db6581c82fc0743e65e1042ee3; profile https://www.transfermarkt.de/souza/profil/spieler/1086258 sha256=f16a957522517b62dd2b05a48d82a88fc37a66354c5700918345cdf7247e41ef; effective date used only when explicit, otherwise current profile/joined and event endpoints; CURRENT_LOAN_EVENT_OWNER_AND_RETURN_DATE_AGREE; no departure inferred from roster absence."
POR1,Académico Viseu FC,7788,512129,André Ceitil,1995-03-11,287999,78986,2494467,2494468,7788,Académico Viseu FC,https://www.transfermarkt.de/andre-ceitil/profil/spieler/512129,d443a731e28eda04dfa7947b4251e14b5496c066fc8dcb6b34cfce17476f4b87,,,,,,,,,,,,,2026-01-26,2027-06-30,REVIEW_REQUIRED,NO_CURRENT_DESTINATION_EVENT_NO_DEPARTURE_INFERRED,transfer-event-capture;current-profile-crosscheck,Sol,,,https://www.transfermarkt.de/academico-viseu-fc/kader/verein/7788/saison_id/2026/plus/1,340241555ec1793a42690aa5ffe614fb73194989e73960db5786f409bd3783e4,,"Queue https://www.transfermarkt.de/academico-viseu-fc/kader/verein/7788/saison_id/2026/plus/1 sha256=340241555ec1793a42690aa5ffe614fb73194989e73960db5786f409bd3783e4; transfer event none from  sha256=; profile https://www.transfermarkt.de/andre-ceitil/profil/spieler/512129 sha256=d443a731e28eda04dfa7947b4251e14b5496c066fc8dcb6b34cfce17476f4b87; effective date used only when explicit, otherwise current profile/joined and event endpoints; NO_CURRENT_DESTINATION_EVENT; no departure inferred from roster absence."
POR1,Académico Viseu FC,7788,842718,Paulinho,1999-09-21,270953,274099,2555910,2494468,7788,Académico Viseu FC,https://www.transfermarkt.de/paulinho/profil/spieler/842718,309c026a0fcfa706c9efa40ac73ba5a5feada3dc34727e576eb5b521faac7ae0,6524074,,LOAN,30974,Wieczysta Krakau,,7788,Académico Viseu FC,2494468,30974,,2028-06-30,2026-08-21,2027-06-30,REVIEW_REQUIRED,TWO_ATTEMPTS_EXHAUSTED_LOAN_OWNER_END,transfer-event-capture;current-profile-crosscheck,Sol,https://www.transfermarkt.de/liga-portugal/transfers/wettbewerb/PO1/saison_id/2026,387b98c14254a71a96aa32f796d043aff999893be0ea4725ee83d7b986855445,https://www.transfermarkt.de/academico-viseu-fc/kader/verein/7788/saison_id/2026/plus/1,340241555ec1793a42690aa5ffe614fb73194989e73960db5786f409bd3783e4,6524074,"Queue https://www.transfermarkt.de/academico-viseu-fc/kader/verein/7788/saison_id/2026/plus/1 sha256=340241555ec1793a42690aa5ffe614fb73194989e73960db5786f409bd3783e4; transfer event 6524074 from https://www.transfermarkt.de/liga-portugal/transfers/wettbewerb/PO1/saison_id/2026 sha256=387b98c14254a71a96aa32f796d043aff999893be0ea4725ee83d7b986855445; profile https://www.transfermarkt.de/paulinho/profil/spieler/842718 sha256=309c026a0fcfa706c9efa40ac73ba5a5feada3dc34727e576eb5b521faac7ae0; effective date used only when explicit, otherwise current profile/joined and event endpoints; LOAN_OWNER_OR_RETURN_DATE_UNRESOLVED; no departure inferred from roster absence."
POR1,FC Arouca,8024,367651,Ignacio de Arruabarrena,1997-01-16,233111,259872,3735553,2494470,8024,FC Arouca,https://www.transfermarkt.de/ignacio-de-arruabarrena/profil/spieler/367651,caf4d4fb537922ebba4a4a2854a862802e3135f0d965560c574737d534733a9e,,,,,,,,,,,,,2026-01-13,2028-06-30,REVIEW_REQUIRED,NO_CURRENT_DESTINATION_EVENT_NO_DEPARTURE_INFERRED,transfer-event-capture;current-profile-crosscheck,Sol,,,https://www.transfermarkt.de/fc-arouca/kader/verein/8024/saison_id/2026/plus/1,6d5fb999d4383d6530153089e5d24d04871a61220be98a161a65baf303fba2ae,,"Queue https://www.transfermarkt.de/fc-arouca/kader/verein/8024/saison_id/2026/plus/1 sha256=6d5fb999d4383d6530153089e5d24d04871a61220be98a161a65baf303fba2ae; transfer event none from  sha256=; profile https://www.transfermarkt.de/ignacio-de-arruabarrena/profil/spieler/367651 sha256=caf4d4fb537922ebba4a4a2854a862802e3135f0d965560c574737d534733a9e; effective date used only when explicit, otherwise current profile/joined and event endpoints; NO_CURRENT_DESTINATION_EVENT; no departure inferred from roster absence."
POR1,Moreirense FC,979,1093863,Aranha,2005-02-07,221428,0,3538952,2490377,979,Moreirense FC,https://www.transfermarkt.de/aranha/profil/spieler/1093863,6a8f67aafe320eecf98f66a2a34f9a7443bdf90f1620e6645fabe751c4d6f966,6395624,,LOAN,1023,SE Palmeiras São Paulo,,979,Moreirense FC,2490377,1023,,2029-06-30,2026-07-01,2027-06-30,REVIEW_REQUIRED,TWO_ATTEMPTS_EXHAUSTED_LOAN_OWNER_END,transfer-event-capture;current-profile-crosscheck,Sol,https://www.transfermarkt.de/liga-portugal/transfers/wettbewerb/PO1/saison_id/2026,387b98c14254a71a96aa32f796d043aff999893be0ea4725ee83d7b986855445,https://www.transfermarkt.de/moreirense-fc/kader/verein/979/saison_id/2026/plus/1,9aa16aff197b371e36892b5321c0c1db769f09802a8338c111eb56304e7798bc,6395624,"Queue https://www.transfermarkt.de/moreirense-fc/kader/verein/979/saison_id/2026/plus/1 sha256=9aa16aff197b371e36892b5321c0c1db769f09802a8338c111eb56304e7798bc; transfer event 6395624 from https://www.transfermarkt.de/liga-portugal/transfers/wettbewerb/PO1/saison_id/2026 sha256=387b98c14254a71a96aa32f796d043aff999893be0ea4725ee83d7b986855445; profile https://www.transfermarkt.de/aranha/profil/spieler/1093863 sha256=6a8f67aafe320eecf98f66a2a34f9a7443bdf90f1620e6645fabe751c4d6f966; effective date used only when explicit, otherwise current profile/joined and event endpoints; LOAN_OWNER_OR_RETURN_DATE_UNRESOLVED; no departure inferred from roster absence."
POR1,CD Nacional,982,981484,Daniel de la Cruz,2004-03-06,232981,74515,3735557,2490378,982,CD Nacional,https://www.transfermarkt.de/daniel-de-la-cruz/profil/spieler/981484,493e45c96ff217c53fe5ac1f918dd86923e688de272af46c748588b6b919274a,6412156,,LOAN,9855,LDU Quito,,982,CD Nacional,2490378,9855,,2027-12-31,2026-07-08,2027-06-30,REVIEW_REQUIRED,TWO_ATTEMPTS_EXHAUSTED_LOAN_OWNER_END,transfer-event-capture;current-profile-crosscheck,Sol,https://www.transfermarkt.de/liga-portugal/transfers/wettbewerb/PO1/saison_id/2026,387b98c14254a71a96aa32f796d043aff999893be0ea4725ee83d7b986855445,https://www.transfermarkt.de/cd-nacional/kader/verein/982/saison_id/2026/plus/1,85c1a326ea7d9109ff431c2a95c9c0488100e0183b1e7c799d926c40ecb8dba6,6412156,"Queue https://www.transfermarkt.de/cd-nacional/kader/verein/982/saison_id/2026/plus/1 sha256=85c1a326ea7d9109ff431c2a95c9c0488100e0183b1e7c799d926c40ecb8dba6; transfer event 6412156 from https://www.transfermarkt.de/liga-portugal/transfers/wettbewerb/PO1/saison_id/2026 sha256=387b98c14254a71a96aa32f796d043aff999893be0ea4725ee83d7b986855445; profile https://www.transfermarkt.de/daniel-de-la-cruz/profil/spieler/981484 sha256=493e45c96ff217c53fe5ac1f918dd86923e688de272af46c748588b6b919274a; effective date used only when explicit, otherwise current profile/joined and event endpoints; LOAN_OWNER_OR_RETURN_DATE_UNRESOLVED; no departure inferred from roster absence."
TUR1,Kasimpasa,10484,110686,Kamil Ahmet Çörekçi,1992-02-01,200582,199683,3145814,3145843,10484,Kasimpasa,https://www.transfermarkt.de/kamil-ahmet-corekci/profil/spieler/110686,0838cb2875177c17d23b3f77a05440b52b983541695fb4e90867bf3c25eb9f08,,,,,,,,,,,,,2026-01-06,2027-06-30,REVIEW_REQUIRED,NO_CURRENT_DESTINATION_EVENT_NO_DEPARTURE_INFERRED,transfer-event-capture;current-profile-crosscheck,Sol,,,https://www.transfermarkt.de/kasimpasa/kader/verein/10484/saison_id/2026/plus/1,c67384cb86e5ab0489a71469deab8847f74c6c6c97729fe8853bfdf343f41060,,"Queue https://www.transfermarkt.de/kasimpasa/kader/verein/10484/saison_id/2026/plus/1 sha256=c67384cb86e5ab0489a71469deab8847f74c6c6c97729fe8853bfdf343f41060; transfer event none from  sha256=; profile https://www.transfermarkt.de/kamil-ahmet-corekci/profil/spieler/110686 sha256=0838cb2875177c17d23b3f77a05440b52b983541695fb4e90867bf3c25eb9f08; effective date used only when explicit, otherwise current profile/joined and event endpoints; NO_CURRENT_DESTINATION_EVENT; no departure inferred from roster absence."
TUR1,Alanyaspor,11282,1223297,Bilal Demirağ,2009-04-27,201523,0,3145864,3145783,11282,Alanyaspor,https://www.transfermarkt.de/bilal-demirag/profil/spieler/1223297,b04bca90ecb1cfc9aadeb697c79583484f93be8d1e51f609cdba69ae261388b1,,,,,,,,,,,,,2026-07-31,2029-06-30,REVIEW_REQUIRED,NO_CURRENT_DESTINATION_EVENT_NO_DEPARTURE_INFERRED,transfer-event-capture;current-profile-crosscheck,Sol,,,https://www.transfermarkt.de/alanyaspor/kader/verein/11282/saison_id/2026/plus/1,433f3e66ff8083db45d3eda79b081cc9c234137060d5070be407da48d877ae43,,"Queue https://www.transfermarkt.de/alanyaspor/kader/verein/11282/saison_id/2026/plus/1 sha256=433f3e66ff8083db45d3eda79b081cc9c234137060d5070be407da48d877ae43; transfer event none from  sha256=; profile https://www.transfermarkt.de/bilal-demirag/profil/spieler/1223297 sha256=b04bca90ecb1cfc9aadeb697c79583484f93be8d1e51f609cdba69ae261388b1; effective date used only when explicit, otherwise current profile/joined and event endpoints; NO_CURRENT_DESTINATION_EVENT; no departure inferred from roster absence."
TUR1,Amed SK,12382,445623,Cem Üstündag,2001-01-20,200114,271002,3145843,3145856,12382,Amed SK,https://www.transfermarkt.de/cem-ustundag/profil/spieler/445623,271dba6eec706e54428049c87c9ff46958e7ad4a735a72dfb993edd009e8647d,,,,,,,,,,,,,2026-02-05,2028-06-30,REVIEW_REQUIRED,NO_CURRENT_DESTINATION_EVENT_NO_DEPARTURE_INFERRED,transfer-event-capture;current-profile-crosscheck,Sol,,,https://www.transfermarkt.de/amed-sk/kader/verein/12382/saison_id/2026/plus/1,1c63291a94e83ca8d551f2c91a8979d5cadd6cad24fc5cbcdc3500f54ff03b8e,,"Queue https://www.transfermarkt.de/amed-sk/kader/verein/12382/saison_id/2026/plus/1 sha256=1c63291a94e83ca8d551f2c91a8979d5cadd6cad24fc5cbcdc3500f54ff03b8e; transfer event none from  sha256=; profile https://www.transfermarkt.de/cem-ustundag/profil/spieler/445623 sha256=271dba6eec706e54428049c87c9ff46958e7ad4a735a72dfb993edd009e8647d; effective date used only when explicit, otherwise current profile/joined and event endpoints; NO_CURRENT_DESTINATION_EVENT; no departure inferred from roster absence."
TUR1,Galatasaray,141,1070983,Armando Güner,2008-01-07,279872,0,1376263,3145825,,,,,,,,,,,,,,,,,,,REVIEW_REQUIRED,NO_CURRENT_DESTINATION_EVENT_NO_DEPARTURE_INFERRED,transfer-event-capture;current-profile-crosscheck,Sol,,,https://www.transfermarkt.de/galatasaray/kader/verein/141/saison_id/2026/plus/1,66f1195fdd6d32bc947bb726ca4925adf5e39b928cebbb291569108f880a8f16,,"Queue https://www.transfermarkt.de/galatasaray/kader/verein/141/saison_id/2026/plus/1 sha256=66f1195fdd6d32bc947bb726ca4925adf5e39b928cebbb291569108f880a8f16; transfer event none from  sha256=; profile  sha256=; effective date used only when explicit, otherwise current profile/joined and event endpoints; NO_CURRENT_DESTINATION_EVENT; no departure inferred from roster absence."
TUR1,Göztepe,1467,1081721,Richard Akonnor,2004-02-06,85463,0,12451844,3145820,1467,Göztepe,https://www.transfermarkt.de/richard-akonnor/profil/spieler/1081721,2b122bae6d5157c6b49d501e2a5e385282a1df4b633d0d3eb604498cda242606,6522256,,LOAN,2524,Al-Jazira Club,,1467,Göztepe,3145820,2524,,,2026-08-20,2027-06-30,REVIEW_REQUIRED,TWO_ATTEMPTS_EXHAUSTED_LOAN_OWNER_END,transfer-event-capture;current-profile-crosscheck,Sol,https://www.transfermarkt.de/super-lig/transfers/wettbewerb/TR1/saison_id/2026,673f7a4eee1e2dc5a16d0727bf4f4c45015c921cc092e8d3b7b759b5db06f4be,https://www.transfermarkt.de/goztepe/kader/verein/1467/saison_id/2026/plus/1,7e750ea20c17f8114b86f2de82ca9a2830fe95988c05d73fe5e72a2f70c29e0f,6522256,"Queue https://www.transfermarkt.de/goztepe/kader/verein/1467/saison_id/2026/plus/1 sha256=7e750ea20c17f8114b86f2de82ca9a2830fe95988c05d73fe5e72a2f70c29e0f; transfer event 6522256 from https://www.transfermarkt.de/super-lig/transfers/wettbewerb/TR1/saison_id/2026 sha256=673f7a4eee1e2dc5a16d0727bf4f4c45015c921cc092e8d3b7b759b5db06f4be; profile https://www.transfermarkt.de/richard-akonnor/profil/spieler/1081721 sha256=2b122bae6d5157c6b49d501e2a5e385282a1df4b633d0d3eb604498cda242606; effective date used only when explicit, otherwise current profile/joined and event endpoints; LOAN_OWNER_OR_RETURN_DATE_UNRESOLVED; no departure inferred from roster absence."
TUR1,Konyaspor,2293,258015,Diogo Gonçalves,1997-02-06,299970,231390,6225931,3145839,2293,Konyaspor,https://www.transfermarkt.de/diogo-goncalves/profil/spieler/258015,26f5151ad0ec112365aff4efc6692e459b3b36ba443f847c7fc291300968267e,,,,,,,,,,,,,2026-02-05,2028-06-30,REVIEW_REQUIRED,NO_CURRENT_DESTINATION_EVENT_NO_DEPARTURE_INFERRED,transfer-event-capture;current-profile-crosscheck,Sol,,,https://www.transfermarkt.de/konyaspor/kader/verein/2293/saison_id/2026/plus/1,069dc7281d9365629f14ccbc97a6efb86e052d5f21328d42e8d7b49edfa417e6,,"Queue https://www.transfermarkt.de/konyaspor/kader/verein/2293/saison_id/2026/plus/1 sha256=069dc7281d9365629f14ccbc97a6efb86e052d5f21328d42e8d7b49edfa417e6; transfer event none from  sha256=; profile https://www.transfermarkt.de/diogo-goncalves/profil/spieler/258015 sha256=26f5151ad0ec112365aff4efc6692e459b3b36ba443f847c7fc291300968267e; effective date used only when explicit, otherwise current profile/joined and event endpoints; NO_CURRENT_DESTINATION_EVENT; no departure inferred from roster absence."
TUR1,Corum FK,37951,163053,Mame Thiam,1992-10-09,199975,217007,3145777,3149867,37951,Corum FK,https://www.transfermarkt.de/mame-thiam/profil/spieler/163053,6750bc1cf74a366c87d1a5ec0d3b1accdbc3f0280876195627b30de15699a032,,,,,,,,,,,,,2026-01-06,2027-06-30,REVIEW_REQUIRED,NO_CURRENT_DESTINATION_EVENT_NO_DEPARTURE_INFERRED,transfer-event-capture;current-profile-crosscheck,Sol,,,https://www.transfermarkt.de/corum-fk/kader/verein/37951/saison_id/2026/plus/1,09798c50638e371505f186cb7a6cb29472c2df6e777856de0739225fb6d74803,,"Queue https://www.transfermarkt.de/corum-fk/kader/verein/37951/saison_id/2026/plus/1 sha256=09798c50638e371505f186cb7a6cb29472c2df6e777856de0739225fb6d74803; transfer event none from  sha256=; profile https://www.transfermarkt.de/mame-thiam/profil/spieler/163053 sha256=6750bc1cf74a366c87d1a5ec0d3b1accdbc3f0280876195627b30de15699a032; effective date used only when explicit, otherwise current profile/joined and event endpoints; NO_CURRENT_DESTINATION_EVENT; no departure inferred from roster absence."
TUR1,Corum FK,37951,226169,Ahmed Ildız,1996-11-28,200031,238587,3145820,3149867,37951,Corum FK,https://www.transfermarkt.de/ahmed-ildiz/profil/spieler/226169,3ea2b70b9af70a2193edf0211a8f31b5fb6f7194c7d8a648d90cc9365e09ff2b,,,,,,,,,,,,,2026-01-02,2027-06-30,REVIEW_REQUIRED,NO_CURRENT_DESTINATION_EVENT_NO_DEPARTURE_INFERRED,transfer-event-capture;current-profile-crosscheck,Sol,,,https://www.transfermarkt.de/corum-fk/kader/verein/37951/saison_id/2026/plus/1,09798c50638e371505f186cb7a6cb29472c2df6e777856de0739225fb6d74803,,"Queue https://www.transfermarkt.de/corum-fk/kader/verein/37951/saison_id/2026/plus/1 sha256=09798c50638e371505f186cb7a6cb29472c2df6e777856de0739225fb6d74803; transfer event none from  sha256=; profile https://www.transfermarkt.de/ahmed-ildiz/profil/spieler/226169 sha256=3ea2b70b9af70a2193edf0211a8f31b5fb6f7194c7d8a648d90cc9365e09ff2b; effective date used only when explicit, otherwise current profile/joined and event endpoints; NO_CURRENT_DESTINATION_EVENT; no departure inferred from roster absence."
TUR1,Corum FK,37951,87854,Fredy,1990-03-27,200488,193461,3149900,3149867,37951,Corum FK,https://www.transfermarkt.de/fredy/profil/spieler/87854,c602998220b474b59c5bb6a22627c4e63a697451b0c267aaf6cc420b2da5aef0,,,,,,,,,,,,,2026-01-20,2027-06-30,REVIEW_REQUIRED,NO_CURRENT_DESTINATION_EVENT_NO_DEPARTURE_INFERRED,transfer-event-capture;current-profile-crosscheck,Sol,,,https://www.transfermarkt.de/corum-fk/kader/verein/37951/saison_id/2026/plus/1,09798c50638e371505f186cb7a6cb29472c2df6e777856de0739225fb6d74803,,"Queue https://www.transfermarkt.de/corum-fk/kader/verein/37951/saison_id/2026/plus/1 sha256=09798c50638e371505f186cb7a6cb29472c2df6e777856de0739225fb6d74803; transfer event none from  sha256=; profile https://www.transfermarkt.de/fredy/profil/spieler/87854 sha256=c602998220b474b59c5bb6a22627c4e63a697451b0c267aaf6cc420b2da5aef0; effective date used only when explicit, otherwise current profile/joined and event endpoints; NO_CURRENT_DESTINATION_EVENT; no departure inferred from roster absence."
TUR1,Trabzonspor,449,985825,Chibuike Nwaiwu,2003-07-23,266377,74981,262193,3145826,449,Trabzonspor,https://www.transfermarkt.de/chibuike-nwaiwu/profil/spieler/985825,4e43df7325526d4570870532ee0c20bd22a2844c503dde5f66319c904b736e9a,,,,,,,,,,,,,2026-01-07,2030-06-30,REVIEW_REQUIRED,NO_CURRENT_DESTINATION_EVENT_NO_DEPARTURE_INFERRED,transfer-event-capture;current-profile-crosscheck,Sol,,,https://www.transfermarkt.de/trabzonspor/kader/verein/449/saison_id/2026/plus/1,46d6b6df3f94c27fce5372bec00addc6ddbe5736f874af98f7a926a67acd515f,,"Queue https://www.transfermarkt.de/trabzonspor/kader/verein/449/saison_id/2026/plus/1 sha256=46d6b6df3f94c27fce5372bec00addc6ddbe5736f874af98f7a926a67acd515f; transfer event none from  sha256=; profile https://www.transfermarkt.de/chibuike-nwaiwu/profil/spieler/985825 sha256=4e43df7325526d4570870532ee0c20bd22a2844c503dde5f66319c904b736e9a; effective date used only when explicit, otherwise current profile/joined and event endpoints; NO_CURRENT_DESTINATION_EVENT; no departure inferred from roster absence."
TUR1,Eyüpspor,7160,1045821,Umut Keseci,2004-02-05,201527,0,3145864,3145777,7160,Eyüpspor,https://www.transfermarkt.de/umut-keseci/profil/spieler/1045821,78609094fbc83a2a19d060189d76176e6dd7acaa6a60b611b3829867e67d29db,,,,,,,,,,,,,2026-02-06,2029-06-30,REVIEW_REQUIRED,NO_CURRENT_DESTINATION_EVENT_NO_DEPARTURE_INFERRED,transfer-event-capture;current-profile-crosscheck,Sol,,,https://www.transfermarkt.de/eyupspor/kader/verein/7160/saison_id/2026/plus/1,f4f3375da68b82c3bad1b9efcd11d29ed67584c0d829b173c80cc388820bec9c,,"Queue https://www.transfermarkt.de/eyupspor/kader/verein/7160/saison_id/2026/plus/1 sha256=f4f3375da68b82c3bad1b9efcd11d29ed67584c0d829b173c80cc388820bec9c; transfer event none from  sha256=; profile https://www.transfermarkt.de/umut-keseci/profil/spieler/1045821 sha256=78609094fbc83a2a19d060189d76176e6dd7acaa6a60b611b3829867e67d29db; effective date used only when explicit, otherwise current profile/joined and event endpoints; NO_CURRENT_DESTINATION_EVENT; no departure inferred from roster absence."
TUR1,Eyüpspor,7160,418660,Lenny Pintor,2000-08-05,271547,240941,262159,3145777,7160,Eyüpspor,https://www.transfermarkt.de/lenny-pintor/profil/spieler/418660,a96cb0f1557c406c81af8b4025b4fd73af62a67f632d7568b9c2d20163aaa69b,,,,,,,,,,,,,2026-01-09,2027-06-30,REVIEW_REQUIRED,NO_CURRENT_DESTINATION_EVENT_NO_DEPARTURE_INFERRED,transfer-event-capture;current-profile-crosscheck,Sol,,,https://www.transfermarkt.de/eyupspor/kader/verein/7160/saison_id/2026/plus/1,f4f3375da68b82c3bad1b9efcd11d29ed67584c0d829b173c80cc388820bec9c,,"Queue https://www.transfermarkt.de/eyupspor/kader/verein/7160/saison_id/2026/plus/1 sha256=f4f3375da68b82c3bad1b9efcd11d29ed67584c0d829b173c80cc388820bec9c; transfer event none from  sha256=; profile https://www.transfermarkt.de/lenny-pintor/profil/spieler/418660 sha256=a96cb0f1557c406c81af8b4025b4fd73af62a67f632d7568b9c2d20163aaa69b; effective date used only when explicit, otherwise current profile/joined and event endpoints; NO_CURRENT_DESTINATION_EVENT; no departure inferred from roster absence."
