queue,league,club,club_tm_id,player,player_tm_id,dob,fm_id,fifa_id,native_club_id,target_club_id,identity_method,profile_present,current_employer_explicit,profile_current_employer_tm_id,profile_current_employer,profile_joined,profile_contract_until,loan_owner_tm_id,loan_owner,owner_contract_until,profile_source_url,profile_source_sha256,profile_source_status,event_count,event_ids,event_types,event_dates,event_old_clubs,event_new_clubs,event_source_urls,event_source_sha256s,event_source_statuses,event_evidence_status,source_fields_status,missing_fields,escalation,queue_source_url,queue_source_sha256,source_hash_validation,snapshot_date
TYPED_CONDITION,BEL1,Cercle Brügge,520,Yago Lincoln,1095336,2003-01-30,224467,0,3543078,458755,DOB_NAME,YES,YES,520,Cercle Brügge,2026-09-02,2030-06-30,,,,https://www.transfermarkt.de/yago-lincoln/profil/spieler/1095336,f861822bb2af5e3b5e5cf2b20a02bc646165279f19854818deed5f1475905a9a,CONFIRMED,1,6561254,PERMANENT,,Londrina EC (PR),Cercle Brügge,https://www.transfermarkt.de/jupiler-pro-league/transfers/wettbewerb/BE1/saison_id/2026,b7bb2a6732c6fd36f5bc04c1a381201e6b000a9931eb01f1c8cd74786f19bd7c,CONFIRMED,AVAILABLE,MISSING_FIELDS,loan_owner_tm_id | owner_contract_until,Sol,https://www.transfermarkt.de/cercle-brugge/kader/verein/520/saison_id/2026/plus/1,7cdfb59fb0a1a9a437a93f97e502615933029fa25dc8530a34a7715ac5027f03,7cdfb59fb0a1a9a437a93f97e502615933029fa25dc8530a34a7715ac5027f03:CACHED_BYTES_MATCH | f861822bb2af5e3b5e5cf2b20a02bc646165279f19854818deed5f1475905a9a:CACHED_BYTES_MATCH | b7bb2a6732c6fd36f5bc04c1a381201e6b000a9931eb01f1c8cd74786f19bd7c:CACHED_BYTES_MATCH,2026-09-12
TYPED_CONDITION,BEL1,RSC Anderlecht,58,Tawfik Bentayeb,667995,2002-01-14,280055,74618,1179683,458766,DOB_NAME,YES,YES,58,RSC Anderlecht,2026-08-21,2030-06-30,,,,https://www.transfermarkt.de/tawfik-bentayeb/profil/spieler/667995,af89ecb210ca7565e0159c62ed72741fc5524d170515e47f722c329edad2248a,CONFIRMED,2,5904128 | 6524595,LOAN_RETURN | PERMANENT,2026-06-30,ESTAC Troyes | Union Touarga Sportif,Union Touarga Sportif | RSC Anderlecht,https://www.transfermarkt.de/ligue-1/transfers/wettbewerb/FR1/saison_id/2026 | https://www.transfermarkt.de/jupiler-pro-league/transfers/wettbewerb/BE1/saison_id/2026,d0bdedb0ffa3ae6d9bd09c12fb5a85d4118138f6388ab0440cf2ba38e857b62b | b7bb2a6732c6fd36f5bc04c1a381201e6b000a9931eb01f1c8cd74786f19bd7c,CONFIRMED,AVAILABLE,MISSING_FIELDS,loan_owner_tm_id | owner_contract_until,Sol,https://www.transfermarkt.de/rsc-anderlecht/kader/verein/58/saison_id/2026/plus/1,1bae85748ec613dde97bff957a3666e9048ed15fbdae72c2a5eb5d964e8fb10a,1bae85748ec613dde97bff957a3666e9048ed15fbdae72c2a5eb5d964e8fb10a:CACHED_BYTES_MATCH | af89ecb210ca7565e0159c62ed72741fc5524d170515e47f722c329edad2248a:CACHED_BYTES_MATCH | d0bdedb0ffa3ae6d9bd09c12fb5a85d4118138f6388ab0440cf2ba38e857b62b:CACHED_BYTES_MATCH | b7bb2a6732c6fd36f5bc04c1a381201e6b000a9931eb01f1c8cd74786f19bd7c:CACHED_BYTES_MATCH,2026-09-12
TYPED_CONDITION,BEL1,Royal Charleroi SC,172,Freddy Mbemba,983364,2002-12-16,280435,276029,1179674,458761,DOB_NAME,YES,YES,172,Royal Charleroi SC,2025-07-04,2028-06-30,,,,https://www.transfermarkt.de/freddy-mbemba/profil/spieler/983364,a24a7570b8faf8fc9545a18a507a45022de78255de9935879fe931311a62d409,CONFIRMED,1,5910663,LOAN_RETURN,2026-06-30,EA Guingamp,Royal Charleroi SC,https://www.transfermarkt.de/jupiler-pro-league/transfers/wettbewerb/BE1/saison_id/2026,b7bb2a6732c6fd36f5bc04c1a381201e6b000a9931eb01f1c8cd74786f19bd7c,CONFIRMED,AVAILABLE,MISSING_FIELDS,loan_owner_tm_id | owner_contract_until,Sol,https://www.transfermarkt.de/royal-charleroi-sc/kader/verein/172/saison_id/2026/plus/1,be345af7e14ab40246420c64e873b34283e56e8aafa6f5b344acf44cf11dfec1,be345af7e14ab40246420c64e873b34283e56e8aafa6f5b344acf44cf11dfec1:CACHED_BYTES_MATCH | a24a7570b8faf8fc9545a18a507a45022de78255de9935879fe931311a62d409:CACHED_BYTES_MATCH | b7bb2a6732c6fd36f5bc04c1a381201e6b000a9931eb01f1c8cd74786f19bd7c:CACHED_BYTES_MATCH,2026-09-12
TYPED_CONDITION,BEL1,Royal Charleroi SC,172,Triston Rowe,984593,2006-10-02,280015,78113,1193182,458761,DOB_NAME,YES,YES,172,Royal Charleroi SC,2026-09-01,2027-06-30,12124,Aston Villa U21,,https://www.transfermarkt.de/triston-rowe/profil/spieler/984593,b31f2c201126df608b635e98783cf4fdef8ae0085b709db84bdd008b5dce87c2,CONFIRMED,1,6557450,LOAN,,Aston Villa U21,Royal Charleroi SC,https://www.transfermarkt.de/jupiler-pro-league/transfers/wettbewerb/BE1/saison_id/2026,b7bb2a6732c6fd36f5bc04c1a381201e6b000a9931eb01f1c8cd74786f19bd7c,CONFIRMED,AVAILABLE,MISSING_FIELDS,owner_contract_until,Sol,https://www.transfermarkt.de/royal-charleroi-sc/kader/verein/172/saison_id/2026/plus/1,be345af7e14ab40246420c64e873b34283e56e8aafa6f5b344acf44cf11dfec1,be345af7e14ab40246420c64e873b34283e56e8aafa6f5b344acf44cf11dfec1:CACHED_BYTES_MATCH | b31f2c201126df608b635e98783cf4fdef8ae0085b709db84bdd008b5dce87c2:CACHED_BYTES_MATCH | b7bb2a6732c6fd36f5bc04c1a381201e6b000a9931eb01f1c8cd74786f19bd7c:CACHED_BYTES_MATCH,2026-09-12
TYPED_CONDITION,CZE1,1.FC Slovacko,5544,Alexandr Urban,935842,2004-04-20,178085,0,2830366,786461,DOB_NAME,YES,YES,5544,1.FC Slovacko,2026-01-01,2027-06-30,,,,https://www.transfermarkt.de/alexandr-urban/profil/spieler/935842,6cb55b42d00b103bc20759f7edebc51c9c76862c9584785512c4e3d2959bb83b,CONFIRMED,0,,,,,,,,,NO_MATCHING_TRANSFER_EVENT,MISSING_FIELDS,loan_owner_tm_id | owner_contract_until,Sol,https://www.transfermarkt.de/1-fc-slovacko/kader/verein/5544/saison_id/2026/plus/1,42dab36a10cfd13d442ece1bb7499f652fac54d38b8eba2248452673a53bcacf,42dab36a10cfd13d442ece1bb7499f652fac54d38b8eba2248452673a53bcacf:CACHED_BYTES_MATCH | 6cb55b42d00b103bc20759f7edebc51c9c76862c9584785512c4e3d2959bb83b:CACHED_BYTES_MATCH,2026-09-12
TYPED_CONDITION,CZE1,1.FC Slovacko,5544,Jan Fiala,723528,2001-05-04,11263,0,790540,786461,DOB_NAME,YES,YES,5544,1.FC Slovacko,2026-09-08,2027-06-30,2311,SK Sigma Olmütz,2028-06-30,https://www.transfermarkt.de/jan-fiala/profil/spieler/723528,d36be9b18dc42167edc6eac16e965b0a5024f35e8c2d2d6c330be139deecbdc6,CONFIRMED,3,5927823 | 6575746,LOAN_RETURN | LOAN,2026-06-30,MFK Karvina | SK Sigma Olmütz,SK Sigma Olmütz | 1.FC Slovacko,https://www.transfermarkt.de/chance-liga/transfers/wettbewerb/TS1/saison_id/2026,4eb600e7a8e262f0b3e2e95a268a14ae8f515e096d539a31c9981af247ff5f63,CONFIRMED,AVAILABLE,SUFFICIENT_OWNER_AND_CHRONOLOGY,,,https://www.transfermarkt.de/1-fc-slovacko/kader/verein/5544/saison_id/2026/plus/1,42dab36a10cfd13d442ece1bb7499f652fac54d38b8eba2248452673a53bcacf,42dab36a10cfd13d442ece1bb7499f652fac54d38b8eba2248452673a53bcacf:CACHED_BYTES_MATCH | d36be9b18dc42167edc6eac16e965b0a5024f35e8c2d2d6c330be139deecbdc6:CACHED_BYTES_MATCH | 4eb600e7a8e262f0b3e2e95a268a14ae8f515e096d539a31c9981af247ff5f63:CACHED_BYTES_MATCH,2026-09-12
TYPED_CONDITION,CZE1,FC Banik Ostrau,377,Filip Sancl,1045167,2005-06-23,11574,0,790538,786446,DOB_NAME,YES,YES,377,FC Banik Ostrau,2026-01-16,2029-06-30,,,,https://www.transfermarkt.de/filip-sancl/profil/spieler/1045167,47e3471f397d9a3003cad87258342277e3834b6048f846473a745791ea852021,CONFIRMED,0,,,,,,,,,NO_MATCHING_TRANSFER_EVENT,MISSING_FIELDS,loan_owner_tm_id | owner_contract_until,Sol,https://www.transfermarkt.de/fc-banik-ostrau/kader/verein/377/saison_id/2026/plus/1,3717000ca143110b9cff7bc66843b5e54104cdaa75d0e196220c4e77c8b4d611,3717000ca143110b9cff7bc66843b5e54104cdaa75d0e196220c4e77c8b4d611:CACHED_BYTES_MATCH | 47e3471f397d9a3003cad87258342277e3834b6048f846473a745791ea852021:CACHED_BYTES_MATCH,2026-09-12
TYPED_CONDITION,CZE1,FC Slovan Liberec,697,Milan Lexa,1100641,2004-08-21,11577,0,790538,786438,DOB_NAME,YES,YES,697,FC Slovan Liberec,2023-07-01,2029-06-30,,,,https://www.transfermarkt.de/milan-lexa/profil/spieler/1100641,97dd083257341becac1228f8268329fac711ffe5ff0f177588889eab08df687e,CONFIRMED,0,,,,,,,,,NO_MATCHING_TRANSFER_EVENT,MISSING_FIELDS,loan_owner_tm_id | owner_contract_until,Sol,https://www.transfermarkt.de/fc-slovan-liberec/kader/verein/697/saison_id/2026/plus/1,6aba2d7156fcbb82e5f0f245492c388de338ad498bd8ff4bd953a9b7fb194317,6aba2d7156fcbb82e5f0f245492c388de338ad498bd8ff4bd953a9b7fb194317:CACHED_BYTES_MATCH | 97dd083257341becac1228f8268329fac711ffe5ff0f177588889eab08df687e:CACHED_BYTES_MATCH,2026-09-12
TYPED_CONDITION,CZE1,FC Viktoria Pilsen,941,Filip Prebsl,728635,2003-03-04,11320,73579,786434,786450,DOB_NAME,YES,YES,941,FC Viktoria Pilsen,2026-07-03,2030-06-30,,,,https://www.transfermarkt.de/filip-prebsl/profil/spieler/728635,ae35241551f15a1fe18280d24ae8541bc456594d6c3751176403996bcd0202a7,CONFIRMED,1,6400903,PERMANENT,,MFK Karvina,FC Viktoria Pilsen,https://www.transfermarkt.de/chance-liga/transfers/wettbewerb/TS1/saison_id/2026,4eb600e7a8e262f0b3e2e95a268a14ae8f515e096d539a31c9981af247ff5f63,CONFIRMED,AVAILABLE,MISSING_FIELDS,loan_owner_tm_id | owner_contract_until,Sol,https://www.transfermarkt.de/fc-viktoria-pilsen/kader/verein/941/saison_id/2026/plus/1,996e90d35b62a49d97cf67985e3302e6eb90152f4e1be1f533a26fcd90f8e7ac,996e90d35b62a49d97cf67985e3302e6eb90152f4e1be1f533a26fcd90f8e7ac:CACHED_BYTES_MATCH | ae35241551f15a1fe18280d24ae8541bc456594d6c3751176403996bcd0202a7:CACHED_BYTES_MATCH | 4eb600e7a8e262f0b3e2e95a268a14ae8f515e096d539a31c9981af247ff5f63:CACHED_BYTES_MATCH,2026-09-12
TYPED_CONDITION,CZE1,FC Viktoria Pilsen,941,Viktor Baier,947524,2005-01-16,268785,278965,262169,786450,DOB_NAME,YES,YES,941,FC Viktoria Pilsen,2023-10-20,2029-06-30,,,,https://www.transfermarkt.de/viktor-baier/profil/spieler/947524,ae2cf7afc4db57c57039dc11d56fad8c5d2adeb5cfa02d64b0ee64675e5da4f8,CONFIRMED,0,,,,,,,,,NO_MATCHING_TRANSFER_EVENT,MISSING_FIELDS,loan_owner_tm_id | owner_contract_until,Sol,https://www.transfermarkt.de/fc-viktoria-pilsen/kader/verein/941/saison_id/2026/plus/1,996e90d35b62a49d97cf67985e3302e6eb90152f4e1be1f533a26fcd90f8e7ac,996e90d35b62a49d97cf67985e3302e6eb90152f4e1be1f533a26fcd90f8e7ac:CACHED_BYTES_MATCH | ae2cf7afc4db57c57039dc11d56fad8c5d2adeb5cfa02d64b0ee64675e5da4f8:CACHED_BYTES_MATCH,2026-09-12
TYPED_CONDITION,CZE1,FC Zbrojovka Brünn,5225,Lukas Penxa,951217,2004-06-06,296498,0,786437,786447,DOB_NAME,YES,YES,5225,FC Zbrojovka Brünn,2026-07-01,,,,,https://www.transfermarkt.de/lukas-penxa/profil/spieler/951217,626c76debe6b99702a7f9c28d2ce40a6f3d859c7a4545145fbdaa49f94e897a8,CONFIRMED,1,6377291,PERMANENT,,AC Sparta Prag B,FC Zbrojovka Brünn,https://www.transfermarkt.de/chance-liga/transfers/wettbewerb/TS1/saison_id/2026,4eb600e7a8e262f0b3e2e95a268a14ae8f515e096d539a31c9981af247ff5f63,CONFIRMED,AVAILABLE,MISSING_FIELDS,profile_contract_until | loan_owner_tm_id | owner_contract_until,Sol,https://www.transfermarkt.de/fc-zbrojovka-brunn/kader/verein/5225/saison_id/2026/plus/1,1aeecf841a85ad9d35469b9ba37af49f38aee1b2e160fdd7ebc2df04f3863d83,1aeecf841a85ad9d35469b9ba37af49f38aee1b2e160fdd7ebc2df04f3863d83:CACHED_BYTES_MATCH | 626c76debe6b99702a7f9c28d2ce40a6f3d859c7a4545145fbdaa49f94e897a8:CACHED_BYTES_MATCH | 4eb600e7a8e262f0b3e2e95a268a14ae8f515e096d539a31c9981af247ff5f63:CACHED_BYTES_MATCH,2026-09-12
TYPED_CONDITION,CZE1,FK Pardubice,1496,Ales Mandous,240536,1992-04-21,11317,263286,786434,790538,DOB_NAME,YES,YES,1496,FK Pardubice,2026-01-16,2028-06-30,,,,https://www.transfermarkt.de/ales-mandous/profil/spieler/240536,ed20207d928a06467da493040037d035177a66bab035d5fb7d1c73b966a5c5c2,CONFIRMED,0,,,,,,,,,NO_MATCHING_TRANSFER_EVENT,MISSING_FIELDS,loan_owner_tm_id | owner_contract_until,Sol,https://www.transfermarkt.de/fk-pardubice/kader/verein/1496/saison_id/2026/plus/1,ff994ed3554101d4e2a5377d206e013ac142ca4f73f68a0c406e2cc0d305e0ef,ff994ed3554101d4e2a5377d206e013ac142ca4f73f68a0c406e2cc0d305e0ef:CACHED_BYTES_MATCH | ed20207d928a06467da493040037d035177a66bab035d5fb7d1c73b966a5c5c2:CACHED_BYTES_MATCH,2026-09-12
TYPED_CONDITION,CZE1,FK Teplice,814,Oskars Vientiess,576603,2002-10-08,128672,0,1839110,786443,DOB_NAME,YES,YES,814,FK Teplice,2026-07-02,,,,,https://www.transfermarkt.de/oskars-vientiess/profil/spieler/576603,be981329bd1a281813878354c6c53126cf8edfee901644ebb87d421b7b033dd3,CONFIRMED,1,6360753,PERMANENT,,MFK Chrudim,FK Teplice,https://www.transfermarkt.de/chance-liga/transfers/wettbewerb/TS1/saison_id/2026,4eb600e7a8e262f0b3e2e95a268a14ae8f515e096d539a31c9981af247ff5f63,CONFIRMED,AVAILABLE,MISSING_FIELDS,profile_contract_until | loan_owner_tm_id | owner_contract_until,Sol,https://www.transfermarkt.de/fk-teplice/kader/verein/814/saison_id/2026/plus/1,d56a4f10e63ee591f34d8043653f8dec1ff43e812697defcdc04274a50cee948,d56a4f10e63ee591f34d8043653f8dec1ff43e812697defcdc04274a50cee948:CACHED_BYTES_MATCH | be981329bd1a281813878354c6c53126cf8edfee901644ebb87d421b7b033dd3:CACHED_BYTES_MATCH | 4eb600e7a8e262f0b3e2e95a268a14ae8f515e096d539a31c9981af247ff5f63:CACHED_BYTES_MATCH,2026-09-12
TYPED_CONDITION,CZE1,SK Artis Brünn,24325,Emmanuel Fully,1174744,2006-03-20,295816,0,786441,790564,DOB_NAME,YES,YES,24325,SK Artis Brünn,2026-07-26,2027-06-30,6541,SK Slavia Prag B,2029-06-30,https://www.transfermarkt.de/emmanuel-fully/profil/spieler/1174744,4222509c2acc73a339f098d03233538835a379f4ba75e55abeff0837dfe2b5a8,CONFIRMED,2,6114287 | 6458851,LOAN_RETURN | LOAN,2026-06-30,FK Teplice | SK Slavia Prag B,SK Slavia Prag B | SK Artis Brünn,https://www.transfermarkt.de/chance-liga/transfers/wettbewerb/TS1/saison_id/2026,4eb600e7a8e262f0b3e2e95a268a14ae8f515e096d539a31c9981af247ff5f63,CONFIRMED,AVAILABLE,SUFFICIENT_OWNER_AND_CHRONOLOGY,,,https://www.transfermarkt.de/sk-artis-brunn/kader/verein/24325/saison_id/2026/plus/1,587a867b1b6398028de49094330bc2934f1e7245d3ee79f2003e9ffe6410ac9f,587a867b1b6398028de49094330bc2934f1e7245d3ee79f2003e9ffe6410ac9f:CACHED_BYTES_MATCH | 4222509c2acc73a339f098d03233538835a379f4ba75e55abeff0837dfe2b5a8:CACHED_BYTES_MATCH | 4eb600e7a8e262f0b3e2e95a268a14ae8f515e096d539a31c9981af247ff5f63:CACHED_BYTES_MATCH,2026-09-12
TYPED_CONDITION,CZE1,SK Artis Brünn,24325,Vladimir Perisic,760492,2004-08-26,177426,0,2822150,790564,DOB_NAME,YES,YES,24325,SK Artis Brünn,2026-09-08,2028-06-30,,,,https://www.transfermarkt.de/vladimir-perisic/profil/spieler/760492,a1d698698520b8561ac8e656f5e451c785be29eb6ae5a08a979a5b2d4ba2e153,CONFIRMED,1,6577635,PERMANENT,,SK Slavia Prag B,SK Artis Brünn,https://www.transfermarkt.de/chance-liga/transfers/wettbewerb/TS1/saison_id/2026,4eb600e7a8e262f0b3e2e95a268a14ae8f515e096d539a31c9981af247ff5f63,CONFIRMED,AVAILABLE,MISSING_FIELDS,loan_owner_tm_id | owner_contract_until,Sol,https://www.transfermarkt.de/sk-artis-brunn/kader/verein/24325/saison_id/2026/plus/1,587a867b1b6398028de49094330bc2934f1e7245d3ee79f2003e9ffe6410ac9f,587a867b1b6398028de49094330bc2934f1e7245d3ee79f2003e9ffe6410ac9f:CACHED_BYTES_MATCH | a1d698698520b8561ac8e656f5e451c785be29eb6ae5a08a979a5b2d4ba2e153:CACHED_BYTES_MATCH | 4eb600e7a8e262f0b3e2e95a268a14ae8f515e096d539a31c9981af247ff5f63:CACHED_BYTES_MATCH,2026-09-12
TYPED_CONDITION,CZE1,SK Slavia Prag,62,David Jurásek,500054,2000-08-07,199892,267594,3145824,786441,DOB_NAME,YES,YES,62,SK Slavia Prag,2026-01-16,2029-06-30,,,,https://www.transfermarkt.de/david-jurasek/profil/spieler/500054,abc054d845ddcbd2d2735c773da363c61359c7dce6e9f0d8d22855a4551d6a33,CONFIRMED,0,,,,,,,,,NO_MATCHING_TRANSFER_EVENT,MISSING_FIELDS,loan_owner_tm_id | owner_contract_until,Sol,https://www.transfermarkt.de/sk-slavia-prag/kader/verein/62/saison_id/2026/plus/1,ab5b3ad613592069fe87ed798140f18d5a2969fea81a54ddd36b6738aad74f72,ab5b3ad613592069fe87ed798140f18d5a2969fea81a54ddd36b6738aad74f72:CACHED_BYTES_MATCH | abc054d845ddcbd2d2735c773da363c61359c7dce6e9f0d8d22855a4551d6a33:CACHED_BYTES_MATCH,2026-09-12
TYPED_CONDITION,CZE1,SK Slavia Prag,62,Hamidou Kante,1379813,2004-12-18,11915,0,790564,786441,DOB_NAME,YES,YES,62,SK Slavia Prag,2026-01-16,2030-06-30,,,,https://www.transfermarkt.de/hamidou-kante/profil/spieler/1379813,81fc5ae181f40c2d184d8637fd288a99c3b3e8a25ff8a640207db0faa2b271ce,CONFIRMED,2,6149907,LOAN_RETURN,2026-06-30,FC Banik Ostrau,SK Slavia Prag,https://www.transfermarkt.de/chance-liga/transfers/wettbewerb/TS1/saison_id/2026,4eb600e7a8e262f0b3e2e95a268a14ae8f515e096d539a31c9981af247ff5f63,CONFIRMED,AVAILABLE,MISSING_FIELDS,loan_owner_tm_id | owner_contract_until,Sol,https://www.transfermarkt.de/sk-slavia-prag/kader/verein/62/saison_id/2026/plus/1,ab5b3ad613592069fe87ed798140f18d5a2969fea81a54ddd36b6738aad74f72,ab5b3ad613592069fe87ed798140f18d5a2969fea81a54ddd36b6738aad74f72:CACHED_BYTES_MATCH | 81fc5ae181f40c2d184d8637fd288a99c3b3e8a25ff8a640207db0faa2b271ce:CACHED_BYTES_MATCH | 4eb600e7a8e262f0b3e2e95a268a14ae8f515e096d539a31c9981af247ff5f63:CACHED_BYTES_MATCH,2026-09-12
TYPED_CONDITION,ENG1,AFC Bournemouth,989,Ben Winterburn,854721,2004-09-04,265834,75839,917573,917553,DOB_NAME,YES,YES,989,AFC Bournemouth,2025-01-01,2027-06-30,,,,https://www.transfermarkt.de/ben-winterburn/profil/spieler/854721,1c0813223850ba7cb02d7cc0acf493caa11bbebc946d196abeae8d51d8a7eb2d,CONFIRMED,1,5909618,LOAN_RETURN,2026-06-30,FC Barnet,AFC Bournemouth,https://www.transfermarkt.de/premier-league/transfers/wettbewerb/GB1/saison_id/2026,dea85796083e3a3c441b9d8a4a6bb63799d6b5db6581c82fc0743e65e1042ee3,CONFIRMED,AVAILABLE,MISSING_FIELDS,loan_owner_tm_id | owner_contract_until,Sol,https://www.transfermarkt.de/afc-bournemouth/kader/verein/989/saison_id/2026/plus/1,147ac73d9a94a634b365ebf6ee82ee4655d46b0d4aa0cba07b481ccc27a62359,147ac73d9a94a634b365ebf6ee82ee4655d46b0d4aa0cba07b481ccc27a62359:CACHED_BYTES_MATCH | 1c0813223850ba7cb02d7cc0acf493caa11bbebc946d196abeae8d51d8a7eb2d:CACHED_BYTES_MATCH | dea85796083e3a3c441b9d8a4a6bb63799d6b5db6581c82fc0743e65e1042ee3:CACHED_BYTES_MATCH,2026-09-12
TYPED_CONDITION,ENG1,Aston Villa,405,Tammy Abraham,331726,1997-10-02,199880,231352,3145824,917506,DOB_NAME,YES,YES,405,Aston Villa,2026-01-27,2030-06-30,,,,https://www.transfermarkt.de/tammy-abraham/profil/spieler/331726,691c21ed3a6a5093b16a62d2fc509bb81ca4246efaa9812bc259a9f099d6aa9d,CONFIRMED,0,,,,,,,,,NO_MATCHING_TRANSFER_EVENT,MISSING_FIELDS,loan_owner_tm_id | owner_contract_until,Sol,https://www.transfermarkt.de/aston-villa/kader/verein/405/saison_id/2026/plus/1,66b9b7fdd741084e821d291249f5bdc0fe382243be248d861c1137a95e82f15d,66b9b7fdd741084e821d291249f5bdc0fe382243be248d861c1137a95e82f15d:CACHED_BYTES_MATCH | 691c21ed3a6a5093b16a62d2fc509bb81ca4246efaa9812bc259a9f099d6aa9d:CACHED_BYTES_MATCH,2026-09-12
TYPED_CONDITION,ENG1,Brighton & Hove Albion,1237,Ibrahim Osman,1110406,2004-11-29,291270,274516,1179654,917529,DOB_NAME,YES,YES,1237,Brighton & Hove Albion,2024-07-01,2029-06-30,,,,https://www.transfermarkt.de/ibrahim-osman/profil/spieler/1110406,626c8bae5a1a104307ed59f4f70e503927309e09b9e7cfb7357d2b9433de6470,CONFIRMED,0,,,,,,,,,NO_MATCHING_TRANSFER_EVENT,MISSING_FIELDS,loan_owner_tm_id | owner_contract_until,Sol,https://www.transfermarkt.de/brighton-hove-albion/kader/verein/1237/saison_id/2026/plus/1,f2cf90d26295bb03b7a9f88ddd237a671bfa8ea7b8601dc2dd42f6c052d76dbc,f2cf90d26295bb03b7a9f88ddd237a671bfa8ea7b8601dc2dd42f6c052d76dbc:CACHED_BYTES_MATCH | 626c8bae5a1a104307ed59f4f70e503927309e09b9e7cfb7357d2b9433de6470:CACHED_BYTES_MATCH,2026-09-12
TYPED_CONDITION,ENG1,Brighton & Hove Albion,1237,Malick Yalcouyé,1178758,2005-11-18,24272,70841,917565,917529,DOB_NAME,YES,YES,1237,Brighton & Hove Albion,2024-07-12,2029-06-30,,,,https://www.transfermarkt.de/malick-yalcouye/profil/spieler/1178758,cb2ba0eeb85806ed01672f7e8ff87ecd43abfaa06136be5260d485360fd7cf50,CONFIRMED,0,,,,,,,,,NO_MATCHING_TRANSFER_EVENT,MISSING_FIELDS,loan_owner_tm_id | owner_contract_until,Sol,https://www.transfermarkt.de/brighton-hove-albion/kader/verein/1237/saison_id/2026/plus/1,f2cf90d26295bb03b7a9f88ddd237a671bfa8ea7b8601dc2dd42f6c052d76dbc,f2cf90d26295bb03b7a9f88ddd237a671bfa8ea7b8601dc2dd42f6c052d76dbc:CACHED_BYTES_MATCH | cb2ba0eeb85806ed01672f7e8ff87ecd43abfaa06136be5260d485360fd7cf50:CACHED_BYTES_MATCH,2026-09-12
TYPED_CONDITION,ENG1,Brighton & Hove Albion,1237,Matt O'Riley,406634,2000-11-21,283967,240734,1179662,917529,DOB_NAME,YES,YES,1237,Brighton & Hove Albion,2024-08-26,2029-06-30,,,,https://www.transfermarkt.de/matt-oriley/profil/spieler/406634,1ec93903fd85e49c4bb2d1052dc526471f6c279ea9509128ade59375c50ccbe3,CONFIRMED,0,,,,,,,,,NO_MATCHING_TRANSFER_EVENT,MISSING_FIELDS,loan_owner_tm_id | owner_contract_until,Sol,https://www.transfermarkt.de/brighton-hove-albion/kader/verein/1237/saison_id/2026/plus/1,f2cf90d26295bb03b7a9f88ddd237a671bfa8ea7b8601dc2dd42f6c052d76dbc,f2cf90d26295bb03b7a9f88ddd237a671bfa8ea7b8601dc2dd42f6c052d76dbc:CACHED_BYTES_MATCH | 1ec93903fd85e49c4bb2d1052dc526471f6c279ea9509128ade59375c50ccbe3:CACHED_BYTES_MATCH,2026-09-12
TYPED_CONDITION,ENG1,Chelsea,631,Aarón Anselmino,1145504,2005-04-29,277407,278455,1376262,917513,DOB_NAME,YES,YES,631,FC Chelsea,2024-08-08,2031-06-30,,,,https://www.transfermarkt.de/aaron-anselmino/profil/spieler/1145504,32b39ef9cfa0fa7827f28387aa61d2d4d3fffe04781753719f8bddac46c3250a,CONFIRMED,2,6162941,LOAN_RETURN,2026-06-30,Racing Straßburg,FC Chelsea,https://www.transfermarkt.de/premier-league/transfers/wettbewerb/GB1/saison_id/2026 | https://www.transfermarkt.de/ligue-1/transfers/wettbewerb/FR1/saison_id/2026,dea85796083e3a3c441b9d8a4a6bb63799d6b5db6581c82fc0743e65e1042ee3 | d0bdedb0ffa3ae6d9bd09c12fb5a85d4118138f6388ab0440cf2ba38e857b62b,CONFIRMED,AVAILABLE,MISSING_FIELDS,loan_owner_tm_id | owner_contract_until,Sol,https://www.transfermarkt.de/fc-chelsea/kader/verein/631/saison_id/2026/plus/1,654f4cd4c0ce8c73da8a919c8a23c05e00fc473650df3999c3441d42c128ae64,654f4cd4c0ce8c73da8a919c8a23c05e00fc473650df3999c3441d42c128ae64:CACHED_BYTES_MATCH | 32b39ef9cfa0fa7827f28387aa61d2d4d3fffe04781753719f8bddac46c3250a:CACHED_BYTES_MATCH | dea85796083e3a3c441b9d8a4a6bb63799d6b5db6581c82fc0743e65e1042ee3:CACHED_BYTES_MATCH | d0bdedb0ffa3ae6d9bd09c12fb5a85d4118138f6388ab0440cf2ba38e857b62b:CACHED_BYTES_MATCH,2026-09-12
TYPED_CONDITION,ENG1,Chelsea,631,Teddy Sharman-Lowe,731466,2003-03-30,259494,257126,917515,917513,DOB_NAME,YES,YES,631,FC Chelsea,2026-01-19,2028-06-30,,,,https://www.transfermarkt.de/teddy-sharman-lowe/profil/spieler/731466,0a020b0d44496089b9af6ee844b18ed8e110def21e494d3a38ba5efb2d47a32b,CONFIRMED,0,,,,,,,,,NO_MATCHING_TRANSFER_EVENT,MISSING_FIELDS,loan_owner_tm_id | owner_contract_until,Sol,https://www.transfermarkt.de/fc-chelsea/kader/verein/631/saison_id/2026/plus/1,654f4cd4c0ce8c73da8a919c8a23c05e00fc473650df3999c3441d42c128ae64,654f4cd4c0ce8c73da8a919c8a23c05e00fc473650df3999c3441d42c128ae64:CACHED_BYTES_MATCH | 0a020b0d44496089b9af6ee844b18ed8e110def21e494d3a38ba5efb2d47a32b:CACHED_BYTES_MATCH,2026-09-12
TYPED_CONDITION,ENG1,Hull City,3008,Paddy McNair,167268,1995-04-27,301431,213697,6239520,917532,DOB_NAME,YES,YES,3008,Hull City,2026-01-28,2027-06-30,,,,https://www.transfermarkt.de/paddy-mcnair/profil/spieler/167268,31f360a6a55387b2ac1af2d05c3b2b589e19342c14111afa0500c6fb1f44179d,CONFIRMED,0,,,,,,,,,NO_MATCHING_TRANSFER_EVENT,MISSING_FIELDS,loan_owner_tm_id | owner_contract_until,Sol,https://www.transfermarkt.de/hull-city/kader/verein/3008/saison_id/2026/plus/1,95d27e3b77eef2306101f2b6eab92a02d56308a31e0d34299be2fa82dcf331db,95d27e3b77eef2306101f2b6eab92a02d56308a31e0d34299be2fa82dcf331db:CACHED_BYTES_MATCH | 31f360a6a55387b2ac1af2d05c3b2b589e19342c14111afa0500c6fb1f44179d:CACHED_BYTES_MATCH,2026-09-12
TYPED_CONDITION,ENG1,Liverpool,31,Harvey Davies,706815,2003-09-03,267822,271977,917613,917509,DOB_NAME,YES,YES,31,FC Liverpool,2024-07-01,2027-06-30,,,,https://www.transfermarkt.de/harvey-davies/profil/spieler/706815,48240c4cb366f376333d8b6e2c72e4546e6298051055bccfac91e700abfc4a35,CONFIRMED,0,,,,,,,,,NO_MATCHING_TRANSFER_EVENT,MISSING_FIELDS,loan_owner_tm_id | owner_contract_until,Sol,https://www.transfermarkt.de/fc-liverpool/kader/verein/31/saison_id/2026/plus/1,03f6f6108aec08d5028c45b59b341f94eb0a4ac80c8d3246a9cf1767419f8789,03f6f6108aec08d5028c45b59b341f94eb0a4ac80c8d3246a9cf1767419f8789:CACHED_BYTES_MATCH | 48240c4cb366f376333d8b6e2c72e4546e6298051055bccfac91e700abfc4a35:CACHED_BYTES_MATCH,2026-09-12
TYPED_CONDITION,ENG1,Sunderland,289,Jocelin Ta Bi,1322090,2005-02-09,114549,0,1703940,917524,DOB_NAME,YES,YES,289,AFC Sunderland,2026-01-16,2030-06-30,,,,https://www.transfermarkt.de/jocelin-ta-bi/profil/spieler/1322090,868f5a24b64cc4ca0587cbee02a25531be08e6ed8541592fd522eabc32743117,CONFIRMED,0,,,,,,,,,NO_MATCHING_TRANSFER_EVENT,MISSING_FIELDS,loan_owner_tm_id | owner_contract_until,Sol,https://www.transfermarkt.de/afc-sunderland/kader/verein/289/saison_id/2026/plus/1,bd74ae0019b88eeaf201f5b09382a2f264e6feab18e637371f9e43576b711509,bd74ae0019b88eeaf201f5b09382a2f264e6feab18e637371f9e43576b711509:CACHED_BYTES_MATCH | 868f5a24b64cc4ca0587cbee02a25531be08e6ed8541592fd522eabc32743117:CACHED_BYTES_MATCH,2026-09-12
TYPED_CONDITION,ENG1,Tottenham Hotspur,148,Mykhaylo Mudryk,537860,2001-01-05,23316,246340,917513,917514,DOB_NAME,YES,YES,148,Tottenham Hotspur,2026-09-01,2027-06-30,631,FC Chelsea,2031-06-30,https://www.transfermarkt.de/mykhaylo-mudryk/profil/spieler/537860,0b2b72c6b009136d2ed50d6cbf01e436297919590047c6bb538c772b68ebbf07,CONFIRMED,2,6558180,LOAN,,FC Chelsea,Tottenham Hotspur,https://www.transfermarkt.de/premier-league/transfers/wettbewerb/GB1/saison_id/2026,dea85796083e3a3c441b9d8a4a6bb63799d6b5db6581c82fc0743e65e1042ee3,CONFIRMED,AVAILABLE,SUFFICIENT_OWNER_AND_CHRONOLOGY,,,https://www.transfermarkt.de/tottenham-hotspur/kader/verein/148/saison_id/2026/plus/1,007fc11048dc50b4cfd2c580b82958bb7cc02f984af0af71c4079e53b5c71390,007fc11048dc50b4cfd2c580b82958bb7cc02f984af0af71c4079e53b5c71390:CACHED_BYTES_MATCH | 0b2b72c6b009136d2ed50d6cbf01e436297919590047c6bb538c772b68ebbf07:CACHED_BYTES_MATCH | dea85796083e3a3c441b9d8a4a6bb63799d6b5db6581c82fc0743e65e1042ee3:CACHED_BYTES_MATCH,2026-09-12
TYPED_CONDITION,ESP1,Athletic Bilbao,621,Álvaro Djaló,671649,1999-08-16,76026,271302,11927558,2949121,DOB_NAME,YES,YES,621,Athletic Bilbao,2024-07-01,2029-06-30,,,,https://www.transfermarkt.de/alvaro-djalo/profil/spieler/671649,67917e6a134258e54178c9f3500f8b3cb85515c713403157df5ec7931f24c7c3,CONFIRMED,1,5817203,LOAN_RETURN,2026-06-30,Al-Gharafa SC,Athletic Bilbao,https://www.transfermarkt.de/laliga/transfers/wettbewerb/ES1/saison_id/2026,6a528989c7bb78680fac9ebd978e8569f74adc549afa1e6b1259c53ff8c8e047,CONFIRMED,AVAILABLE,MISSING_FIELDS,loan_owner_tm_id | owner_contract_until,Sol,https://www.transfermarkt.de/athletic-bilbao/kader/verein/621/saison_id/2026/plus/1,ab659443e6b62a44b52f2d2bddfbd8dfab1041e92d677f7ed9d83c4f59284305,ab659443e6b62a44b52f2d2bddfbd8dfab1041e92d677f7ed9d83c4f59284305:CACHED_BYTES_MATCH | 67917e6a134258e54178c9f3500f8b3cb85515c713403157df5ec7931f24c7c3:CACHED_BYTES_MATCH | 6a528989c7bb78680fac9ebd978e8569f74adc549afa1e6b1259c53ff8c8e047:CACHED_BYTES_MATCH,2026-09-12
TYPED_CONDITION,ESP1,Deportivo Alavés,1108,Selu Diallo,1054931,2003-10-01,289969,278402,2949184,2949141,DOB_NAME,YES,YES,1108,Deportivo Alavés,2025-07-01,2028-06-30,,,,https://www.transfermarkt.de/selu-diallo/profil/spieler/1054931,df259ef1a808127b56e8438435be02a8149fdc1e7652e0e55d15d9bd1e069a2e,CONFIRMED,1,5832383,LOAN_RETURN,2026-06-30,Cultural Leonesa,Deportivo Alavés,https://www.transfermarkt.de/laliga/transfers/wettbewerb/ES1/saison_id/2026,6a528989c7bb78680fac9ebd978e8569f74adc549afa1e6b1259c53ff8c8e047,CONFIRMED,AVAILABLE,MISSING_FIELDS,loan_owner_tm_id | owner_contract_until,Sol,https://www.transfermarkt.de/deportivo-alaves/kader/verein/1108/saison_id/2026/plus/1,06d4598c609cd72aa3bf8bb397dd9ae34b37f736115a6b54149329247d4b6814,06d4598c609cd72aa3bf8bb397dd9ae34b37f736115a6b54149329247d4b6814:CACHED_BYTES_MATCH | df259ef1a808127b56e8438435be02a8149fdc1e7652e0e55d15d9bd1e069a2e:CACHED_BYTES_MATCH | 6a528989c7bb78680fac9ebd978e8569f74adc549afa1e6b1259c53ff8c8e047:CACHED_BYTES_MATCH,2026-09-12
TYPED_CONDITION,ESP1,Espanyol Barcelona,714,Roger Hinojo,1204959,2005-02-21,289961,77703,2949184,2949125,DOB_NAME,YES,YES,714,Espanyol Barcelona,2025-07-01,2030-06-30,,,,https://www.transfermarkt.de/roger-hinojo/profil/spieler/1204959,a4be811980e18cb3a937a03580b406ed9be80ed780aea032b6a3e232641a0158,CONFIRMED,1,5895426,LOAN_RETURN,2026-06-30,Cultural Leonesa,Espanyol Barcelona,https://www.transfermarkt.de/laliga/transfers/wettbewerb/ES1/saison_id/2026,6a528989c7bb78680fac9ebd978e8569f74adc549afa1e6b1259c53ff8c8e047,CONFIRMED,AVAILABLE,MISSING_FIELDS,loan_owner_tm_id | owner_contract_until,Sol,https://www.transfermarkt.de/espanyol-barcelona/kader/verein/714/saison_id/2026/plus/1,f5fd71d6b5ea7b87f29f37eb3da79bb27abc3bb54aefcdd2f5ded14c3919697d,f5fd71d6b5ea7b87f29f37eb3da79bb27abc3bb54aefcdd2f5ded14c3919697d:CACHED_BYTES_MATCH | a4be811980e18cb3a937a03580b406ed9be80ed780aea032b6a3e232641a0158:CACHED_BYTES_MATCH | 6a528989c7bb78680fac9ebd978e8569f74adc549afa1e6b1259c53ff8c8e047:CACHED_BYTES_MATCH,2026-09-12
TYPED_CONDITION,ESP1,FC Elche,1531,Matia Barzic,1060456,2004-05-31,289970,74559,2949184,2949148,DOB_NAME,YES,YES,1531,FC Elche,2024-07-01,2030-06-30,,,,https://www.transfermarkt.de/matia-barzic/profil/spieler/1060456,8b0f298d1404de27e769b476644b37fd0a099885175bf1a9fa4f3894cfbcb134,CONFIRMED,1,5866597,LOAN_RETURN,2026-06-30,Cultural Leonesa,FC Elche,https://www.transfermarkt.de/laliga/transfers/wettbewerb/ES1/saison_id/2026,6a528989c7bb78680fac9ebd978e8569f74adc549afa1e6b1259c53ff8c8e047,CONFIRMED,AVAILABLE,MISSING_FIELDS,loan_owner_tm_id | owner_contract_until,Sol,https://www.transfermarkt.de/fc-elche/kader/verein/1531/saison_id/2026/plus/1,7770f10307d7f825180585a8f034dec01f148c375c8cddde531c5778db711b3f,7770f10307d7f825180585a8f034dec01f148c375c8cddde531c5778db711b3f:CACHED_BYTES_MATCH | 8b0f298d1404de27e769b476644b37fd0a099885175bf1a9fa4f3894cfbcb134:CACHED_BYTES_MATCH | 6a528989c7bb78680fac9ebd978e8569f74adc549afa1e6b1259c53ff8c8e047:CACHED_BYTES_MATCH,2026-09-12
TYPED_CONDITION,ESP1,Racing Santander,630,Jeanuël Belocian,919515,2005-02-17,277070,268622,1376261,2949137,DOB_NAME,YES,YES,630,Racing Santander,2026-09-01,2027-06-30,15,Bayer 04 Leverkusen,2029-06-30,https://www.transfermarkt.de/jeanuel-belocian/profil/spieler/919515,8502e19cbe96725c9e9d0424f59c3f95ba4506fd8c390f297058a1ca1fdb6b8a,CONFIRMED,4,6556810 | 6162782,LOAN | LOAN_RETURN,2026-06-30,Bayer 04 Leverkusen | VfL Wolfsburg,Racing Santander | Bayer 04 Leverkusen,https://www.transfermarkt.de/laliga/transfers/wettbewerb/ES1/saison_id/2026 | https://www.transfermarkt.de/bundesliga/transfers/wettbewerb/L1/saison_id/2026 | https://www.transfermarkt.de/2-bundesliga/transfers/wettbewerb/L2/saison_id/2026,6a528989c7bb78680fac9ebd978e8569f74adc549afa1e6b1259c53ff8c8e047 | c08e4b3a81f4ba445c4d8343c0dd6f9cfb1b5e5f12689978c0e5485f5030360a | 8357bb69c9755552ffad93325dd5d33bb6454a33e2c694a86ffd0059b934029a,CONFIRMED,AVAILABLE,SUFFICIENT_OWNER_AND_CHRONOLOGY,,,https://www.transfermarkt.de/racing-santander/kader/verein/630/saison_id/2026/plus/1,18a40c3ef461fb12859ab644f10535935a6e0f3b45aa680347aab5a3a4eda60f,18a40c3ef461fb12859ab644f10535935a6e0f3b45aa680347aab5a3a4eda60f:CACHED_BYTES_MATCH | 8502e19cbe96725c9e9d0424f59c3f95ba4506fd8c390f297058a1ca1fdb6b8a:CACHED_BYTES_MATCH | 6a528989c7bb78680fac9ebd978e8569f74adc549afa1e6b1259c53ff8c8e047:CACHED_BYTES_MATCH | c08e4b3a81f4ba445c4d8343c0dd6f9cfb1b5e5f12689978c0e5485f5030360a:CACHED_BYTES_MATCH | 8357bb69c9755552ffad93325dd5d33bb6454a33e2c694a86ffd0059b934029a:CACHED_BYTES_MATCH,2026-09-12
TYPED_CONDITION,ESP1,Rayo Vallecano,367,Raúl de Tomás,162038,1994-10-17,76268,210315,11927560,2949171,DOB_NAME,YES,YES,367,Rayo Vallecano,2022-09-13,2027-06-30,,,,https://www.transfermarkt.de/raul-de-tomas/profil/spieler/162038,edcbd992a89f177da0ec8be6e1147ca9aaaf404121526e5577bc3abcd3c6df21,CONFIRMED,1,5795743,LOAN_RETURN,2026-06-30,Al-Wakrah SC,Rayo Vallecano,https://www.transfermarkt.de/laliga/transfers/wettbewerb/ES1/saison_id/2026,6a528989c7bb78680fac9ebd978e8569f74adc549afa1e6b1259c53ff8c8e047,CONFIRMED,AVAILABLE,MISSING_FIELDS,loan_owner_tm_id | owner_contract_until,Sol,https://www.transfermarkt.de/rayo-vallecano/kader/verein/367/saison_id/2026/plus/1,945e316b848fb80d68f32d656465507e02c2d1e27c5c09a417f4276059bd0960,945e316b848fb80d68f32d656465507e02c2d1e27c5c09a417f4276059bd0960:CACHED_BYTES_MATCH | edcbd992a89f177da0ec8be6e1147ca9aaaf404121526e5577bc3abcd3c6df21:CACHED_BYTES_MATCH | 6a528989c7bb78680fac9ebd978e8569f74adc549afa1e6b1259c53ff8c8e047:CACHED_BYTES_MATCH,2026-09-12
TYPED_CONDITION,ESP1,UD Levante,3368,Paco Cortés,1232057,2007-08-11,289971,72563,2949184,2949128,DOB_NAME,YES,YES,3368,UD Levante,2025-07-01,2028-06-30,,,,https://www.transfermarkt.de/paco-cortes/profil/spieler/1232057,50fd10b2d67a4287edb6382c3eb0eb4894a398615fe23d01ca94132c01129a40,CONFIRMED,0,,,,,,,,,NO_MATCHING_TRANSFER_EVENT,MISSING_FIELDS,loan_owner_tm_id | owner_contract_until,Sol,https://www.transfermarkt.de/ud-levante/kader/verein/3368/saison_id/2026/plus/1,53cacbbeea38cb2a390a7eeec2d36d336b94cb75602793ff1a9bacce28891775,53cacbbeea38cb2a390a7eeec2d36d336b94cb75602793ff1a9bacce28891775:CACHED_BYTES_MATCH | 50fd10b2d67a4287edb6382c3eb0eb4894a398615fe23d01ca94132c01129a40:CACHED_BYTES_MATCH,2026-09-12
TYPED_CONDITION,ESP1,UD Levante,3368,Thiago Fernández,1127730,2004-04-03,212122,275205,3407878,2949128,DOB_NAME,YES,YES,3368,UD Levante,2026-08-11,2027-06-30,1050,FC Villarreal,2031-06-30,https://www.transfermarkt.de/thiago-fernandez/profil/spieler/1127730,188257f9df747ba73dd6972c064ae250132b2462589378e71b28c31e5f273e22,CONFIRMED,3,6138046 | 6495691,LOAN_RETURN | LOAN,2026-06-30,Real Oviedo | FC Villarreal,FC Villarreal | UD Levante,https://www.transfermarkt.de/laliga/transfers/wettbewerb/ES1/saison_id/2026,6a528989c7bb78680fac9ebd978e8569f74adc549afa1e6b1259c53ff8c8e047,CONFIRMED,AVAILABLE,SUFFICIENT_OWNER_AND_CHRONOLOGY,,,https://www.transfermarkt.de/ud-levante/kader/verein/3368/saison_id/2026/plus/1,53cacbbeea38cb2a390a7eeec2d36d336b94cb75602793ff1a9bacce28891775,53cacbbeea38cb2a390a7eeec2d36d336b94cb75602793ff1a9bacce28891775:CACHED_BYTES_MATCH | 188257f9df747ba73dd6972c064ae250132b2462589378e71b28c31e5f273e22:CACHED_BYTES_MATCH | 6a528989c7bb78680fac9ebd978e8569f74adc549afa1e6b1259c53ff8c8e047:CACHED_BYTES_MATCH,2026-09-12
TYPED_CONDITION,FRA1,AJ Auxerre,290,Eros Maddy,412934,2001-02-05,272837,255216,1179687,1179654,DOB_NAME,YES,YES,290,AJ Auxerre,2023-07-25,2027-06-30,,,,https://www.transfermarkt.de/eros-maddy/profil/spieler/412934,826a641f1338a546b3607c71c027a177235ef4092c6ae92169c9dcd05c176dac,CONFIRMED,1,5909130,LOAN_RETURN,2026-06-30,Stade Laval,AJ Auxerre,https://www.transfermarkt.de/ligue-1/transfers/wettbewerb/FR1/saison_id/2026,d0bdedb0ffa3ae6d9bd09c12fb5a85d4118138f6388ab0440cf2ba38e857b62b,CONFIRMED,AVAILABLE,MISSING_FIELDS,loan_owner_tm_id | owner_contract_until,Sol,https://www.transfermarkt.de/aj-auxerre/kader/verein/290/saison_id/2026/plus/1,bc56be6a329e8d45adc245c1a0891dc5af443b78ade6319a110e2ae8c5f635c2,bc56be6a329e8d45adc245c1a0891dc5af443b78ade6319a110e2ae8c5f635c2:CACHED_BYTES_MATCH | 826a641f1338a546b3607c71c027a177235ef4092c6ae92169c9dcd05c176dac:CACHED_BYTES_MATCH | d0bdedb0ffa3ae6d9bd09c12fb5a85d4118138f6388ab0440cf2ba38e857b62b:CACHED_BYTES_MATCH,2026-09-12
TYPED_CONDITION,FRA1,AJ Auxerre,290,Rayan Mandengue,1119338,2006-01-06,70807,0,1179865,1179654,DOB_NAME,YES,YES,290,AJ Auxerre,2026-07-01,2028-06-30,,,,https://www.transfermarkt.de/rayan-mandengue/profil/spieler/1119338,260b1632fdcf1a6202ecfd78883a79adbe17bb3245454734dcbe9c834d0f378c,CONFIRMED,1,6477220,PERMANENT,,AJ Auxerre B,AJ Auxerre,https://www.transfermarkt.de/ligue-1/transfers/wettbewerb/FR1/saison_id/2026,d0bdedb0ffa3ae6d9bd09c12fb5a85d4118138f6388ab0440cf2ba38e857b62b,CONFIRMED,AVAILABLE,MISSING_FIELDS,loan_owner_tm_id | owner_contract_until,Sol,https://www.transfermarkt.de/aj-auxerre/kader/verein/290/saison_id/2026/plus/1,bc56be6a329e8d45adc245c1a0891dc5af443b78ade6319a110e2ae8c5f635c2,bc56be6a329e8d45adc245c1a0891dc5af443b78ade6319a110e2ae8c5f635c2:CACHED_BYTES_MATCH | 260b1632fdcf1a6202ecfd78883a79adbe17bb3245454734dcbe9c834d0f378c:CACHED_BYTES_MATCH | d0bdedb0ffa3ae6d9bd09c12fb5a85d4118138f6388ab0440cf2ba38e857b62b:CACHED_BYTES_MATCH,2026-09-12
TYPED_CONDITION,FRA1,AJ Auxerre,290,Romain Faivre,555076,1998-07-14,77116,242577,11993105,1179654,DOB_NAME,YES,YES,290,AJ Auxerre,2026-01-15,2027-06-30,989,AFC Bournemouth,2028-06-30,https://www.transfermarkt.de/romain-faivre/profil/spieler/555076,844188d712c46737a12be0e807bedbb5790276f024b638e43bec6b5e1590f064,CONFIRMED,0,,,,,,,,,NO_MATCHING_TRANSFER_EVENT,SUFFICIENT_OWNER_AND_CHRONOLOGY,,,https://www.transfermarkt.de/aj-auxerre/kader/verein/290/saison_id/2026/plus/1,bc56be6a329e8d45adc245c1a0891dc5af443b78ade6319a110e2ae8c5f635c2,bc56be6a329e8d45adc245c1a0891dc5af443b78ade6319a110e2ae8c5f635c2:CACHED_BYTES_MATCH | 844188d712c46737a12be0e807bedbb5790276f024b638e43bec6b5e1590f064:CACHED_BYTES_MATCH,2026-09-12
TYPED_CONDITION,FRA1,FC Le Mans,1164,Lucas Bretelle,941561,2002-04-17,236277,79497,471041,1179682,DOB_NAME,YES,YES,1164,FC Le Mans,2026-01-02,2029-06-30,,,,https://www.transfermarkt.de/lucas-bretelle/profil/spieler/941561,5475241878a66eeb67c3185663635fa6277c400968e40461bf33b3b51cea3776,CONFIRMED,0,,,,,,,,,NO_MATCHING_TRANSFER_EVENT,MISSING_FIELDS,loan_owner_tm_id | owner_contract_until,Sol,https://www.transfermarkt.de/fc-le-mans/kader/verein/1164/saison_id/2026/plus/1,3a1590b4702d0adc2e4906566f51e78d043b0e625e92b825b4e3d1a572fd483c,3a1590b4702d0adc2e4906566f51e78d043b0e625e92b825b4e3d1a572fd483c:CACHED_BYTES_MATCH | 5475241878a66eeb67c3185663635fa6277c400968e40461bf33b3b51cea3776:CACHED_BYTES_MATCH,2026-09-12
TYPED_CONDITION,FRA1,Le Havre AC,738,Ismaïl Bouneb,986286,2006-06-07,70804,279632,1179865,1179681,DOB_NAME,YES,YES,738,Le Havre AC,2024-07-03,2028-06-30,,,,https://www.transfermarkt.de/ismail-bouneb/profil/spieler/986286,940d1596eb825d2875041398e8f4056c11d3cb8ad9baf1eed6a02c18c6b251ee,CONFIRMED,0,,,,,,,,,NO_MATCHING_TRANSFER_EVENT,MISSING_FIELDS,loan_owner_tm_id | owner_contract_until,Sol,https://www.transfermarkt.de/le-havre-ac/kader/verein/738/saison_id/2026/plus/1,c689367405332b2d53df382c7e86172b8f1c4f1721cf694d45fd4f70cea2659b,c689367405332b2d53df382c7e86172b8f1c4f1721cf694d45fd4f70cea2659b:CACHED_BYTES_MATCH | 940d1596eb825d2875041398e8f4056c11d3cb8ad9baf1eed6a02c18c6b251ee:CACHED_BYTES_MATCH,2026-09-12
TYPED_CONDITION,FRA1,OGC Nizza,417,Teddy Boulhendi,789419,2001-04-09,70441,257235,1179952,1179666,DOB_NAME,YES,YES,417,OGC Nizza,2020-07-01,2027-06-30,,,,https://www.transfermarkt.de/teddy-boulhendi/profil/spieler/789419,7a2baaf368abc87ba7c4ee4099d54552a7c6ed15e23df70f2fe1e804b3295228,CONFIRMED,1,5848209,LOAN_RETURN,2026-06-30,Football Bourg-en-Bresse Péronnas 01,OGC Nizza,https://www.transfermarkt.de/ligue-1/transfers/wettbewerb/FR1/saison_id/2026,d0bdedb0ffa3ae6d9bd09c12fb5a85d4118138f6388ab0440cf2ba38e857b62b,CONFIRMED,AVAILABLE,MISSING_FIELDS,loan_owner_tm_id | owner_contract_until,Sol,https://www.transfermarkt.de/ogc-nizza/kader/verein/417/saison_id/2026/plus/1,fa8bf3199dee38b93fc1d2e4928a2bb5030c6ffeaf55062823a2f597c4d5e7c7,fa8bf3199dee38b93fc1d2e4928a2bb5030c6ffeaf55062823a2f597c4d5e7c7:CACHED_BYTES_MATCH | 7a2baaf368abc87ba7c4ee4099d54552a7c6ed15e23df70f2fe1e804b3295228:CACHED_BYTES_MATCH | d0bdedb0ffa3ae6d9bd09c12fb5a85d4118138f6388ab0440cf2ba38e857b62b:CACHED_BYTES_MATCH,2026-09-12
TYPED_CONDITION,FRA1,Olympique Marseille,244,Derek Cornelius,328609,1997-11-25,288903,243009,2752517,1179662,DOB_NAME,YES,YES,244,Olympique Marseille,2024-08-04,2028-06-30,,,,https://www.transfermarkt.de/derek-cornelius/profil/spieler/328609,fe235c6e6648cadf2a7811ef245ff1625484cbd35fd4ba9fcaebb9d66d7382bb,CONFIRMED,0,,,,,,,,,NO_MATCHING_TRANSFER_EVENT,MISSING_FIELDS,loan_owner_tm_id | owner_contract_until,Sol,https://www.transfermarkt.de/olympique-marseille/kader/verein/244/saison_id/2026/plus/1,396bafe2d9c3b4d9b119eeed3b57cce931c5cde8d44db40d16d53907d2b04ec7,396bafe2d9c3b4d9b119eeed3b57cce931c5cde8d44db40d16d53907d2b04ec7:CACHED_BYTES_MATCH | fe235c6e6648cadf2a7811ef245ff1625484cbd35fd4ba9fcaebb9d66d7382bb:CACHED_BYTES_MATCH,2026-09-12
TYPED_CONDITION,FRA1,Paris FC,10004,Yoan Koré,914539,2004-11-16,282198,266205,2949133,1179855,DOB_NAME,YES,YES,10004,Paris FC,2023-01-01,2027-06-30,,,,https://www.transfermarkt.de/yoan-kore/profil/spieler/914539,016bf9cbbd6cc69b9831a2773da47dba05bbbc051b23b367391fda427c96530a,CONFIRMED,1,6160447,LOAN_RETURN,2026-06-30,Amiens SC,Paris FC,https://www.transfermarkt.de/ligue-1/transfers/wettbewerb/FR1/saison_id/2026,d0bdedb0ffa3ae6d9bd09c12fb5a85d4118138f6388ab0440cf2ba38e857b62b,CONFIRMED,AVAILABLE,MISSING_FIELDS,loan_owner_tm_id | owner_contract_until,Sol,https://www.transfermarkt.de/paris-fc/kader/verein/10004/saison_id/2026/plus/1,918d2aff0a7fb688e4b1b4c1d1b11dd1561f1315bcb6ee5c80e8dfe1b4333cc3,918d2aff0a7fb688e4b1b4c1d1b11dd1561f1315bcb6ee5c80e8dfe1b4333cc3:CACHED_BYTES_MATCH | 016bf9cbbd6cc69b9831a2773da47dba05bbbc051b23b367391fda427c96530a:CACHED_BYTES_MATCH | d0bdedb0ffa3ae6d9bd09c12fb5a85d4118138f6388ab0440cf2ba38e857b62b:CACHED_BYTES_MATCH,2026-09-12
TYPED_CONDITION,FRA1,RC Lens,826,Souleymane Sagnan,1160378,2005-05-06,70291,0,1179660,1179664,DOB_NAME,YES,YES,826,RC Lens,2025-07-09,2030-06-30,,,,https://www.transfermarkt.de/souleymane-sagnan/profil/spieler/1160378,22f80f1622b8b4b68d31004c9e6e9f8f0c52704056f406ba0668cc6aa7c4f118,CONFIRMED,1,5907343,LOAN_RETURN,2026-06-30,SM Caen,RC Lens,https://www.transfermarkt.de/ligue-1/transfers/wettbewerb/FR1/saison_id/2026,d0bdedb0ffa3ae6d9bd09c12fb5a85d4118138f6388ab0440cf2ba38e857b62b,CONFIRMED,AVAILABLE,MISSING_FIELDS,loan_owner_tm_id | owner_contract_until,Sol,https://www.transfermarkt.de/rc-lens/kader/verein/826/saison_id/2026/plus/1,7fb4fc29a59ca1fd1875a851a1378fb40304c090e369d517a86f6d13f80ab3c8,7fb4fc29a59ca1fd1875a851a1378fb40304c090e369d517a86f6d13f80ab3c8:CACHED_BYTES_MATCH | 22f80f1622b8b4b68d31004c9e6e9f8f0c52704056f406ba0668cc6aa7c4f118:CACHED_BYTES_MATCH | d0bdedb0ffa3ae6d9bd09c12fb5a85d4118138f6388ab0440cf2ba38e857b62b:CACHED_BYTES_MATCH,2026-09-12
TYPED_CONDITION,FRA1,Racing Straßburg,667,Pape Demba Diop,949113,2003-09-04,274307,271721,1376258,1179667,DOB_NAME,YES,YES,667,Racing Straßburg,2025-07-01,2030-06-30,,,,https://www.transfermarkt.de/pape-demba-diop/profil/spieler/949113,a4768b7ac757f0d8ca87be20adc22e5bc1aa5b36f522938400e5b85acce953c4,CONFIRMED,2,6102628,LOAN_RETURN,2026-06-30,FC Toulouse,Racing Straßburg,https://www.transfermarkt.de/ligue-1/transfers/wettbewerb/FR1/saison_id/2026,d0bdedb0ffa3ae6d9bd09c12fb5a85d4118138f6388ab0440cf2ba38e857b62b,CONFIRMED,AVAILABLE,MISSING_FIELDS,loan_owner_tm_id | owner_contract_until,Sol,https://www.transfermarkt.de/racing-strassburg/kader/verein/667/saison_id/2026/plus/1,fccce58645fe78054a145422d6552e5063a2af42aa0162b26c1d373f842bfa0c,fccce58645fe78054a145422d6552e5063a2af42aa0162b26c1d373f842bfa0c:CACHED_BYTES_MATCH | a4768b7ac757f0d8ca87be20adc22e5bc1aa5b36f522938400e5b85acce953c4:CACHED_BYTES_MATCH | d0bdedb0ffa3ae6d9bd09c12fb5a85d4118138f6388ab0440cf2ba38e857b62b:CACHED_BYTES_MATCH,2026-09-12
TYPED_CONDITION,GER1,1. FC Köln,3,Imad Rondic,464154,1999-02-16,148162,276735,2424906,1376275,DOB_NAME,YES,YES,3,1.FC Köln,2025-02-03,2029-06-30,,,,https://www.transfermarkt.de/imad-rondic/profil/spieler/464154,433e10e7bf38d2e80ac18dd47486f122bff7bb09e53cc28349cdf8d6d5859803,CONFIRMED,2,6145785,LOAN_RETURN,2026-06-30,Preußen Münster,1.FC Köln,https://www.transfermarkt.de/bundesliga/transfers/wettbewerb/L1/saison_id/2026 | https://www.transfermarkt.de/3-liga/transfers/wettbewerb/L3/saison_id/2026,c08e4b3a81f4ba445c4d8343c0dd6f9cfb1b5e5f12689978c0e5485f5030360a | 0b3a14cd36b69cd911f6821d5912f845846febfb82537a542ea2dba4cf9dcd3d,CONFIRMED,AVAILABLE,MISSING_FIELDS,loan_owner_tm_id | owner_contract_until,Sol,https://www.transfermarkt.de/1-fc-koln/kader/verein/3/saison_id/2026/plus/1,12a14d27346ee235b404e134f85a38d7a6bdd54c78b986e25f49d9688db94c53,12a14d27346ee235b404e134f85a38d7a6bdd54c78b986e25f49d9688db94c53:CACHED_BYTES_MATCH | 433e10e7bf38d2e80ac18dd47486f122bff7bb09e53cc28349cdf8d6d5859803:CACHED_BYTES_MATCH | c08e4b3a81f4ba445c4d8343c0dd6f9cfb1b5e5f12689978c0e5485f5030360a:CACHED_BYTES_MATCH | 0b3a14cd36b69cd911f6821d5912f845846febfb82537a542ea2dba4cf9dcd3d:CACHED_BYTES_MATCH,2026-09-12
TYPED_CONDITION,GER1,Bayer 04 Leverkusen,15,Tim Oermann,696164,2003-10-06,265237,270033,262154,1376261,DOB_NAME,YES,YES,15,Bayer 04 Leverkusen,2025-07-01,2029-06-30,,,,https://www.transfermarkt.de/tim-oermann/profil/spieler/696164,b26c447668eb674e256eb402d015e715b14d85d6dadffb3edbe45084604d9ce2,CONFIRMED,0,,,,,,,,,NO_MATCHING_TRANSFER_EVENT,MISSING_FIELDS,loan_owner_tm_id | owner_contract_until,Sol,https://www.transfermarkt.de/bayer-04-leverkusen/kader/verein/15/saison_id/2026/plus/1,355a935f7561800deae1a58eea59105fd8753e003beced3cff71c0acbf734e7f,355a935f7561800deae1a58eea59105fd8753e003beced3cff71c0acbf734e7f:CACHED_BYTES_MATCH | b26c447668eb674e256eb402d015e715b14d85d6dadffb3edbe45084604d9ce2:CACHED_BYTES_MATCH,2026-09-12
TYPED_CONDITION,GER1,Borussia Mönchengladbach,18,Jan Olschowsky,455922,2001-11-18,272744,257273,1376276,1376263,DOB_NAME,YES,YES,18,Borussia Mönchengladbach,2020-07-13,2027-06-30,,,,https://www.transfermarkt.de/jan-olschowsky/profil/spieler/455922,82c624ed1134bf135ec2b16a035f2e974970a1e87dae5886de67688025586688,CONFIRMED,0,,,,,,,,,NO_MATCHING_TRANSFER_EVENT,MISSING_FIELDS,loan_owner_tm_id | owner_contract_until,Sol,https://www.transfermarkt.de/borussia-monchengladbach/kader/verein/18/saison_id/2026/plus/1,93aeb3d082cba6ceafd5d994cd6c62a394304bd2c6b1a3d5db6e9a807ca2f1d1,93aeb3d082cba6ceafd5d994cd6c62a394304bd2c6b1a3d5db6e9a807ca2f1d1:CACHED_BYTES_MATCH | 82c624ed1134bf135ec2b16a035f2e974970a1e87dae5886de67688025586688:CACHED_BYTES_MATCH,2026-09-12
TYPED_CONDITION,GER1,FC Augsburg,167,Arijon Ibrahimovic,744728,2005-12-11,281243,266236,1376302,1376431,DOB_NAME,YES,YES,167,FC Augsburg,2026-09-01,2027-06-30,27,FC Bayern München,2028-06-30,https://www.transfermarkt.de/arijon-ibrahimovic/profil/spieler/744728,f1b7399f2644d374ffe14cb5bb5e5977a4d7a54c1f9758af4277c1ce14161812,CONFIRMED,4,5728073 | 6556309,LOAN_RETURN | LOAN,2026-06-30,1.FC Heidenheim 1846 | FC Bayern München,FC Bayern München | FC Augsburg,https://www.transfermarkt.de/bundesliga/transfers/wettbewerb/L1/saison_id/2026 | https://www.transfermarkt.de/2-bundesliga/transfers/wettbewerb/L2/saison_id/2026,c08e4b3a81f4ba445c4d8343c0dd6f9cfb1b5e5f12689978c0e5485f5030360a | 8357bb69c9755552ffad93325dd5d33bb6454a33e2c694a86ffd0059b934029a,CONFIRMED,AVAILABLE,SUFFICIENT_OWNER_AND_CHRONOLOGY,,,https://www.transfermarkt.de/fc-augsburg/kader/verein/167/saison_id/2026/plus/1,323d986d5d073658ccfd8af3d4978da6e4a9845c0cdcce47798096a26f016833,323d986d5d073658ccfd8af3d4978da6e4a9845c0cdcce47798096a26f016833:CACHED_BYTES_MATCH | f1b7399f2644d374ffe14cb5bb5e5977a4d7a54c1f9758af4277c1ce14161812:CACHED_BYTES_MATCH | c08e4b3a81f4ba445c4d8343c0dd6f9cfb1b5e5f12689978c0e5485f5030360a:CACHED_BYTES_MATCH | 8357bb69c9755552ffad93325dd5d33bb6454a33e2c694a86ffd0059b934029a:CACHED_BYTES_MATCH,2026-09-12
TYPED_CONDITION,GER1,FC Schalke 04,33,Adil Aouchiche,569385,2002-07-15,289289,253102,2752524,1376266,DOB_NAME,YES,YES,33,FC Schalke 04,2026-02-02,2030-06-30,,,,https://www.transfermarkt.de/adil-aouchiche/profil/spieler/569385,27e6b486a95b46c36d377e74292b14236abfbfa94fa39686024c9882d33b2b43,CONFIRMED,0,,,,,,,,,NO_MATCHING_TRANSFER_EVENT,MISSING_FIELDS,loan_owner_tm_id | owner_contract_until,Sol,https://www.transfermarkt.de/fc-schalke-04/kader/verein/33/saison_id/2026/plus/1,a9ed4724b397b1d2e983c42cd58b22eee88dad2e22e96a26bd8a21ee813c34b7,a9ed4724b397b1d2e983c42cd58b22eee88dad2e22e96a26bd8a21ee813c34b7:CACHED_BYTES_MATCH | 27e6b486a95b46c36d377e74292b14236abfbfa94fa39686024c9882d33b2b43:CACHED_BYTES_MATCH,2026-09-12
TYPED_CONDITION,GER1,Hamburger SV,41,Otto Stange,1058520,2007-02-09,276431,279213,1376432,1376267,DOB_NAME,YES,YES,41,Hamburger SV,2024-11-09,2028-06-30,,,,https://www.transfermarkt.de/otto-stange/profil/spieler/1058520,32aa35d4dbbee10041af97ce74673e821c6c6a01759b8eda9fa8706b3f18d75b,CONFIRMED,0,,,,,,,,,NO_MATCHING_TRANSFER_EVENT,MISSING_FIELDS,loan_owner_tm_id | owner_contract_until,Sol,https://www.transfermarkt.de/hamburger-sv/kader/verein/41/saison_id/2026/plus/1,b64691692e6ee125bc166e1e2f2766b5b1648b8f0d8bf0281ff1575f23bed386,b64691692e6ee125bc166e1e2f2766b5b1648b8f0d8bf0281ff1575f23bed386:CACHED_BYTES_MATCH | 32aa35d4dbbee10041af97ce74673e821c6c6a01759b8eda9fa8706b3f18d75b:CACHED_BYTES_MATCH,2026-09-12
TYPED_CONDITION,GER2,1. FC Nürnberg,4,Nicolas Ortegel,666167,2004-01-07,269516,274989,1376358,1376258,DOB_NAME,YES,YES,4,1.FC Nürnberg,2023-07-01,2027-06-30,,,,https://www.transfermarkt.de/nicolas-ortegel/profil/spieler/666167,0135239d27bf105ec3373829905d7cc47cc581e59234b030a738add510aed966,CONFIRMED,1,5713972,LOAN_RETURN,2026-06-30,BFC Dynamo,1.FC Nürnberg,https://www.transfermarkt.de/2-bundesliga/transfers/wettbewerb/L2/saison_id/2026,8357bb69c9755552ffad93325dd5d33bb6454a33e2c694a86ffd0059b934029a,CONFIRMED,AVAILABLE,MISSING_FIELDS,loan_owner_tm_id | owner_contract_until,Sol,https://www.transfermarkt.de/1-fc-nurnberg/kader/verein/4/saison_id/2026/plus/1,1d02eebfb6b905a4b771fed6091258b15847c4bfb1b6d4bd643980220ba21ebd,1d02eebfb6b905a4b771fed6091258b15847c4bfb1b6d4bd643980220ba21ebd:CACHED_BYTES_MATCH | 0135239d27bf105ec3373829905d7cc47cc581e59234b030a738add510aed966:CACHED_BYTES_MATCH | 8357bb69c9755552ffad93325dd5d33bb6454a33e2c694a86ffd0059b934029a:CACHED_BYTES_MATCH,2026-09-12
TYPED_CONDITION,GER2,Braunschweig TSV Eintracht,23,Jovan Mijatovic,673432,2005-07-11,235945,71191,458775,1376426,DOB_NAME,YES,YES,23,Eintracht Braunschweig,2026-01-29,2026-12-31,40058,New York City FC,2028-12-31,https://www.transfermarkt.de/jovan-mijatovic/profil/spieler/673432,abeabc3c5ae23f786b81d17c38f3888a0d1f6d9591fcb2faec8c3931302ffbe1,CONFIRMED,2,5492575 | 6149789,LOAN_RETURN,2026-01-21 | 2026-12-31,Oud-Heverlee Leuven | Eintracht Braunschweig,New York City FC,https://www.transfermarkt.de/jupiler-pro-league/transfers/wettbewerb/BE1/saison_id/2026 | https://www.transfermarkt.de/2-bundesliga/transfers/wettbewerb/L2/saison_id/2026,b7bb2a6732c6fd36f5bc04c1a381201e6b000a9931eb01f1c8cd74786f19bd7c | 8357bb69c9755552ffad93325dd5d33bb6454a33e2c694a86ffd0059b934029a,CONFIRMED,AVAILABLE,SUFFICIENT_OWNER_AND_CHRONOLOGY,,,https://www.transfermarkt.de/eintracht-braunschweig/kader/verein/23/saison_id/2026/plus/1,4dcb46d8b8a7e777d024f2983d9ebc008ec793f5ecc0c3f4c8db4cd20b3b5982,4dcb46d8b8a7e777d024f2983d9ebc008ec793f5ecc0c3f4c8db4cd20b3b5982:CACHED_BYTES_MATCH | abeabc3c5ae23f786b81d17c38f3888a0d1f6d9591fcb2faec8c3931302ffbe1:CACHED_BYTES_MATCH | b7bb2a6732c6fd36f5bc04c1a381201e6b000a9931eb01f1c8cd74786f19bd7c:CACHED_BYTES_MATCH | 8357bb69c9755552ffad93325dd5d33bb6454a33e2c694a86ffd0059b934029a:CACHED_BYTES_MATCH,2026-09-12
TYPED_CONDITION,GER2,SpVgg Greuther Fürth,65,Krisztián Keresztes,626472,2000-01-04,289036,79923,2752515,1376288,DOB_NAME,YES,YES,65,SpVgg Greuther Fürth,2026-07-25,2027-06-30,6058,Nyíregyháza Spartacus,,https://www.transfermarkt.de/krisztian-keresztes/profil/spieler/626472,4bc8357fca4ced8025bc9cbdeb5432fa733319b3fcf19bce6b9046f112fafa25,CONFIRMED,1,6455960,LOAN,,Nyíregyháza Spartacus,SpVgg Greuther Fürth,https://www.transfermarkt.de/2-bundesliga/transfers/wettbewerb/L2/saison_id/2026,8357bb69c9755552ffad93325dd5d33bb6454a33e2c694a86ffd0059b934029a,CONFIRMED,AVAILABLE,MISSING_FIELDS,owner_contract_until,Sol,https://www.transfermarkt.de/spvgg-greuther-furth/kader/verein/65/saison_id/2026/plus/1,582a3d28fdc7b95bf59c3bf33f2d9b2847185d2a8fd3682db98bcd5e3a81d68b,582a3d28fdc7b95bf59c3bf33f2d9b2847185d2a8fd3682db98bcd5e3a81d68b:CACHED_BYTES_MATCH | 4bc8357fca4ced8025bc9cbdeb5432fa733319b3fcf19bce6b9046f112fafa25:CACHED_BYTES_MATCH | 8357bb69c9755552ffad93325dd5d33bb6454a33e2c694a86ffd0059b934029a:CACHED_BYTES_MATCH,2026-09-12
TYPED_CONDITION,GER3,FC Hansa Rostock,30,Jaaso Jantunen,741578,2005-01-31,277876,274568,1376270,1376265,DOB_NAME,YES,YES,30,FC Hansa Rostock,2026-08-27,2027-06-30,245,SC Freiburg II,,https://www.transfermarkt.de/jaaso-jantunen/profil/spieler/741578,e4a1d2ef5d0bbe1fa3b9ebaec42f0952079e6f2597916823a26799cda1fc01b5,CONFIRMED,1,6540273,LOAN,,SC Freiburg II,FC Hansa Rostock,https://www.transfermarkt.de/3-liga/transfers/wettbewerb/L3/saison_id/2026,0b3a14cd36b69cd911f6821d5912f845846febfb82537a542ea2dba4cf9dcd3d,CONFIRMED,AVAILABLE,MISSING_FIELDS,owner_contract_until,Sol,https://www.transfermarkt.de/fc-hansa-rostock/kader/verein/30/saison_id/2026/plus/1,6da33a7ccf32faa9ebb0b7823a0ee5537fb70bfe8ee363795199b5de4015e0f1,6da33a7ccf32faa9ebb0b7823a0ee5537fb70bfe8ee363795199b5de4015e0f1:CACHED_BYTES_MATCH | e4a1d2ef5d0bbe1fa3b9ebaec42f0952079e6f2597916823a26799cda1fc01b5:CACHED_BYTES_MATCH | 0b3a14cd36b69cd911f6821d5912f845846febfb82537a542ea2dba4cf9dcd3d:CACHED_BYTES_MATCH,2026-09-12
TYPED_CONDITION,GER3,FC Viktoria Köln 1904,1622,Oskar Hill,984474,2006-05-08,257500,0,1384542,1376446,DOB_NAME,YES,YES,1622,FC Viktoria Köln,2024-07-01,2028-06-30,,,,https://www.transfermarkt.de/oskar-hill/profil/spieler/984474,e7131e7872af750fcfe567b9e524ddf31ee73385453f4e1b234940d3020ca4ee,CONFIRMED,1,5712995,LOAN_RETURN,2026-06-30,SpVg Frechen 20,FC Viktoria Köln,https://www.transfermarkt.de/3-liga/transfers/wettbewerb/L3/saison_id/2026,0b3a14cd36b69cd911f6821d5912f845846febfb82537a542ea2dba4cf9dcd3d,CONFIRMED,AVAILABLE,MISSING_FIELDS,loan_owner_tm_id | owner_contract_until,Sol,https://www.transfermarkt.de/fc-viktoria-koln/kader/verein/1622/saison_id/2026/plus/1,b7bfc92e8e7c5a16b30c7b0ff346d1259614911747f68b6cb84920bb2afd1606,b7bfc92e8e7c5a16b30c7b0ff346d1259614911747f68b6cb84920bb2afd1606:CACHED_BYTES_MATCH | e7131e7872af750fcfe567b9e524ddf31ee73385453f4e1b234940d3020ca4ee:CACHED_BYTES_MATCH | 0b3a14cd36b69cd911f6821d5912f845846febfb82537a542ea2dba4cf9dcd3d:CACHED_BYTES_MATCH,2026-09-12
TYPED_CONDITION,GER3,MSV Duisburg,52,Jannik Zahmel,810355,2003-04-15,100374,266435,1388585,1376285,DOB_NAME,YES,YES,52,MSV Duisburg,2024-07-01,2027-06-30,,,,https://www.transfermarkt.de/jannik-zahmel/profil/spieler/810355,01b82d423908c73259baab453a36365de4e355eb33203368b7a6f446bac5f072,CONFIRMED,1,5912735,LOAN_RETURN,2026-06-30,Blau-Weiß Lohne,MSV Duisburg,https://www.transfermarkt.de/3-liga/transfers/wettbewerb/L3/saison_id/2026,0b3a14cd36b69cd911f6821d5912f845846febfb82537a542ea2dba4cf9dcd3d,CONFIRMED,AVAILABLE,MISSING_FIELDS,loan_owner_tm_id | owner_contract_until,Sol,https://www.transfermarkt.de/msv-duisburg/kader/verein/52/saison_id/2026/plus/1,18d4d26950b4b7ad041e50ae2365995e7a92e62db4daa0e38fdb65d1224bbf52,18d4d26950b4b7ad041e50ae2365995e7a92e62db4daa0e38fdb65d1224bbf52:CACHED_BYTES_MATCH | 01b82d423908c73259baab453a36365de4e355eb33203368b7a6f446bac5f072:CACHED_BYTES_MATCH | 0b3a14cd36b69cd911f6821d5912f845846febfb82537a542ea2dba4cf9dcd3d:CACHED_BYTES_MATCH,2026-09-12
TYPED_CONDITION,GER3,Rot-Weiss Essen 1907,56,Ekin Celebi,520908,2000-06-06,269565,244707,1376467,1376282,DOB_NAME,YES,YES,56,Rot-Weiss Essen,2023-07-01,2027-06-30,,,,https://www.transfermarkt.de/ekin-celebi/profil/spieler/520908,85802c27baa2244160f804c254f4dff73a8f18f7ba5f3dd3b81b7114dbfa799d,CONFIRMED,1,5912625,LOAN_RETURN,2026-06-30,1.FC Schweinfurt 05,Rot-Weiss Essen,https://www.transfermarkt.de/3-liga/transfers/wettbewerb/L3/saison_id/2026,0b3a14cd36b69cd911f6821d5912f845846febfb82537a542ea2dba4cf9dcd3d,CONFIRMED,AVAILABLE,MISSING_FIELDS,loan_owner_tm_id | owner_contract_until,Sol,https://www.transfermarkt.de/rot-weiss-essen/kader/verein/56/saison_id/2026/plus/1,428b980f8718cfe610b74c6ed65b6316eaa3b91941d20a4def68f9bfec3ccdb3,428b980f8718cfe610b74c6ed65b6316eaa3b91941d20a4def68f9bfec3ccdb3:CACHED_BYTES_MATCH | 85802c27baa2244160f804c254f4dff73a8f18f7ba5f3dd3b81b7114dbfa799d:CACHED_BYTES_MATCH | 0b3a14cd36b69cd911f6821d5912f845846febfb82537a542ea2dba4cf9dcd3d:CACHED_BYTES_MATCH,2026-09-12
TYPED_CONDITION,GER3,SG Sonnenhof Großaspach,2589,Brooklyn Schwarz,1041307,2005-06-13,299719,0,6225926,1376306,DOB_NAME,YES,YES,2589,SG Sonnenhof Großaspach,2024-07-01,2028-06-30,,,,https://www.transfermarkt.de/brooklyn-schwarz/profil/spieler/1041307,f0d1388138ad4addcafc8c6a54ac8815222da9f8b5378b7f24d9469f88159f31,CONFIRMED,0,,,,,,,,,NO_MATCHING_TRANSFER_EVENT,MISSING_FIELDS,loan_owner_tm_id | owner_contract_until,Sol,https://www.transfermarkt.de/sg-sonnenhof-grossaspach/kader/verein/2589/saison_id/2026/plus/1,ceb6dce8c3f846bc1688d6ba77daaf4b6d34d1ddb8ca555b2498968bf85c6f78,ceb6dce8c3f846bc1688d6ba77daaf4b6d34d1ddb8ca555b2498968bf85c6f78:CACHED_BYTES_MATCH | f0d1388138ad4addcafc8c6a54ac8815222da9f8b5378b7f24d9469f88159f31:CACHED_BYTES_MATCH,2026-09-12
TYPED_CONDITION,GER3,SSV Jahn Regensburg,109,John Posselt,918130,2003-12-31,268481,80194,1376539,1376436,DOB_NAME,YES,YES,109,SSV Jahn Regensburg,2026-01-08,2027-06-30,,,,https://www.transfermarkt.de/john-posselt/profil/spieler/918130,3812a847ae4e3d9fb2b2949aaeeab2a7e47260c47bec635ff57b7ae3615f2e94,CONFIRMED,0,,,,,,,,,NO_MATCHING_TRANSFER_EVENT,MISSING_FIELDS,loan_owner_tm_id | owner_contract_until,Sol,https://www.transfermarkt.de/ssv-jahn-regensburg/kader/verein/109/saison_id/2026/plus/1,910d9ceb2a6fd8df9083100aef021ed429578cccc99acb9d4ad7d388c93d13bd,910d9ceb2a6fd8df9083100aef021ed429578cccc99acb9d4ad7d388c93d13bd:CACHED_BYTES_MATCH | 3812a847ae4e3d9fb2b2949aaeeab2a7e47260c47bec635ff57b7ae3615f2e94:CACHED_BYTES_MATCH,2026-09-12
TYPED_CONDITION,GER3,TSV Alemannia Aachen,8,Manuel Riemann,40792,1988-09-09,1000013211,199339,0,1376276,DOB_NAME,YES,YES,8,Alemannia Aachen,2026-01-27,2027-06-30,,,,https://www.transfermarkt.de/manuel-riemann/profil/spieler/40792,64ec8ae87cddee1bd401d26b3e91f9940c7e58cd00c4d553049bdf5bf99402d6,CONFIRMED,0,,,,,,,,,NO_MATCHING_TRANSFER_EVENT,MISSING_FIELDS,loan_owner_tm_id | owner_contract_until,Sol,https://www.transfermarkt.de/alemannia-aachen/kader/verein/8/saison_id/2026/plus/1,d50319c6c39283dd66c83e32c0e53c0fbab8eb26ba138f0fe6e86b3dfc2b9c0b,d50319c6c39283dd66c83e32c0e53c0fbab8eb26ba138f0fe6e86b3dfc2b9c0b:CACHED_BYTES_MATCH | 64ec8ae87cddee1bd401d26b3e91f9940c7e58cd00c4d553049bdf5bf99402d6:CACHED_BYTES_MATCH,2026-09-12
TYPED_CONDITION,GER3,TSV Havelse 1912,476,Yusuf Wardak,1274553,2005-12-06,101926,0,1376888,1376539,DOB_NAME,YES,YES,476,TSV Havelse,2026-08-28,2027-06-30,25,FC Energie Cottbus,,https://www.transfermarkt.de/yusuf-wardak/profil/spieler/1274553,084c457c60a04543a87ed19bb92c60367aaa9eb3fa1eac7b3b05be062c79e12b,CONFIRMED,5,6377968 | 6543118 | 6154877,PERMANENT | LOAN | LOAN_RETURN,2026-06-30,SV Waldhof Mannheim | FC Energie Cottbus | VfB Lübeck,FC Energie Cottbus | TSV Havelse | SV Waldhof Mannheim,https://www.transfermarkt.de/2-bundesliga/transfers/wettbewerb/L2/saison_id/2026 | https://www.transfermarkt.de/3-liga/transfers/wettbewerb/L3/saison_id/2026,8357bb69c9755552ffad93325dd5d33bb6454a33e2c694a86ffd0059b934029a | 0b3a14cd36b69cd911f6821d5912f845846febfb82537a542ea2dba4cf9dcd3d,CONFIRMED,AVAILABLE,MISSING_FIELDS,owner_contract_until,Sol,https://www.transfermarkt.de/tsv-havelse/kader/verein/476/saison_id/2026/plus/1,b4490298444b6e31458c6e927b4ab3fff5378977e083c471be7a43b9938c0f59,b4490298444b6e31458c6e927b4ab3fff5378977e083c471be7a43b9938c0f59:CACHED_BYTES_MATCH | 084c457c60a04543a87ed19bb92c60367aaa9eb3fa1eac7b3b05be062c79e12b:CACHED_BYTES_MATCH | 8357bb69c9755552ffad93325dd5d33bb6454a33e2c694a86ffd0059b934029a:CACHED_BYTES_MATCH | 0b3a14cd36b69cd911f6821d5912f845846febfb82537a542ea2dba4cf9dcd3d:CACHED_BYTES_MATCH,2026-09-12
TYPED_CONDITION,GER3,VfB Stuttgart,102,Peter Reinhardt,907479,2005-01-23,266196,0,1376571,1376272,DOB_NAME,YES,YES,102,VfB Stuttgart II,2024-07-01,2027-06-30,,,,https://www.transfermarkt.de/peter-reinhardt/profil/spieler/907479,6a15703847b061a79939d6e85c5d52483339612fd75667ba8ab2fdf492d50a4d,CONFIRMED,1,5915259,LOAN_RETURN,2026-06-30,FV Illertissen 1921,VfB Stuttgart II,https://www.transfermarkt.de/3-liga/transfers/wettbewerb/L3/saison_id/2026,0b3a14cd36b69cd911f6821d5912f845846febfb82537a542ea2dba4cf9dcd3d,CONFIRMED,AVAILABLE,MISSING_FIELDS,loan_owner_tm_id | owner_contract_until,Sol,https://www.transfermarkt.de/vfb-stuttgart-ii/kader/verein/102/saison_id/2026/plus/1,282836c83b3d06fc536ab783944214e6762cd5b47e8b5db9908690b0565ef593,282836c83b3d06fc536ab783944214e6762cd5b47e8b5db9908690b0565ef593:CACHED_BYTES_MATCH | 6a15703847b061a79939d6e85c5d52483339612fd75667ba8ab2fdf492d50a4d:CACHED_BYTES_MATCH | 0b3a14cd36b69cd911f6821d5912f845846febfb82537a542ea2dba4cf9dcd3d:CACHED_BYTES_MATCH,2026-09-12
TYPED_CONDITION,ITA1,AC Florenz,430,Oliver Christensen,471936,1999-03-22,265235,236758,262154,1769492,DOB_NAME,YES,YES,430,AC Florenz,2023-08-10,2028-06-30,,,,https://www.transfermarkt.de/oliver-christensen/profil/spieler/471936,bcd15874d6872e8fd236de37585b8d24603818d674ddc1077f823147cc6110e7,CONFIRMED,0,,,,,,,,,NO_MATCHING_TRANSFER_EVENT,MISSING_FIELDS,loan_owner_tm_id | owner_contract_until,Sol,https://www.transfermarkt.de/ac-florenz/kader/verein/430/saison_id/2026/plus/1,5857be8fdb4f3fc0db1b4cdc9b4c664d3e7e976dd4b535b833de0fc4b70e26fc,5857be8fdb4f3fc0db1b4cdc9b4c664d3e7e976dd4b535b833de0fc4b70e26fc:CACHED_BYTES_MATCH | bcd15874d6872e8fd236de37585b8d24603818d674ddc1077f823147cc6110e7:CACHED_BYTES_MATCH,2026-09-12
TYPED_CONDITION,ITA1,AC Florenz,430,Álex Jiménez,741257,2005-05-08,258546,278928,917553,1769492,DOB_NAME,YES,YES,430,AC Florenz,2026-07-13,2027-06-30,989,AFC Bournemouth,,https://www.transfermarkt.de/alex-jimenez/profil/spieler/741257,e1286580d6bd8225e0c02187e28a634269dbc79f048dd609e9cf979469fce036,CONFIRMED,5,6175692 | 6424784 | 5908687,PERMANENT | LOAN | LOAN_RETURN,2026-06-30,AC Mailand | AFC Bournemouth,AFC Bournemouth | AC Florenz | AC Mailand,https://www.transfermarkt.de/premier-league/transfers/wettbewerb/GB1/saison_id/2026 | https://www.transfermarkt.de/serie-a/transfers/wettbewerb/IT1/saison_id/2026,dea85796083e3a3c441b9d8a4a6bb63799d6b5db6581c82fc0743e65e1042ee3 | 64d949311be0dad09b95e57c83f70b538dd5848993bcd3dae3a084b20792d8c0,CONFIRMED,AVAILABLE,MISSING_FIELDS,owner_contract_until,Sol,https://www.transfermarkt.de/ac-florenz/kader/verein/430/saison_id/2026/plus/1,5857be8fdb4f3fc0db1b4cdc9b4c664d3e7e976dd4b535b833de0fc4b70e26fc,5857be8fdb4f3fc0db1b4cdc9b4c664d3e7e976dd4b535b833de0fc4b70e26fc:CACHED_BYTES_MATCH | e1286580d6bd8225e0c02187e28a634269dbc79f048dd609e9cf979469fce036:CACHED_BYTES_MATCH | dea85796083e3a3c441b9d8a4a6bb63799d6b5db6581c82fc0743e65e1042ee3:CACHED_BYTES_MATCH | 64d949311be0dad09b95e57c83f70b538dd5848993bcd3dae3a084b20792d8c0:CACHED_BYTES_MATCH,2026-09-12
TYPED_CONDITION,ITA1,AC Mailand,5,Alphadjo Cissè,964087,2006-10-22,291875,278326,1769513,1769474,DOB_NAME,YES,YES,5,AC Mailand,2026-02-02,2030-06-30,,,,https://www.transfermarkt.de/alphadjo-cisse/profil/spieler/964087,7213ced3f0366eb42d56766d75993a90dc1a8087ee3a093ddc7ae2a91e47d133,CONFIRMED,0,,,,,,,,,NO_MATCHING_TRANSFER_EVENT,MISSING_FIELDS,loan_owner_tm_id | owner_contract_until,Sol,https://www.transfermarkt.de/ac-mailand/kader/verein/5/saison_id/2026/plus/1,62f75de72ed1f23bb563a5fa890848e43b2c13847e4bdb7efb02d5b9d513dd38,62f75de72ed1f23bb563a5fa890848e43b2c13847e4bdb7efb02d5b9d513dd38:CACHED_BYTES_MATCH | 7213ced3f0366eb42d56766d75993a90dc1a8087ee3a093ddc7ae2a91e47d133:CACHED_BYTES_MATCH,2026-09-12
TYPED_CONDITION,ITA1,AC Mailand,5,Christian Comotto,1058363,2008-04-25,292352,80597,1769527,1769474,DOB_NAME,YES,YES,5,AC Mailand,2025-07-01,2031-06-30,,,,https://www.transfermarkt.de/christian-comotto/profil/spieler/1058363,6de28b06119ee3fefa03c9b4fc0d39c733d9b4800994c9a469e1fdbf84ec2f19,CONFIRMED,0,,,,,,,,,NO_MATCHING_TRANSFER_EVENT,MISSING_FIELDS,loan_owner_tm_id | owner_contract_until,Sol,https://www.transfermarkt.de/ac-mailand/kader/verein/5/saison_id/2026/plus/1,62f75de72ed1f23bb563a5fa890848e43b2c13847e4bdb7efb02d5b9d513dd38,62f75de72ed1f23bb563a5fa890848e43b2c13847e4bdb7efb02d5b9d513dd38:CACHED_BYTES_MATCH | 6de28b06119ee3fefa03c9b4fc0d39c733d9b4800994c9a469e1fdbf84ec2f19:CACHED_BYTES_MATCH,2026-09-12
TYPED_CONDITION,ITA1,AC Mailand,5,Filippo Terracciano,631007,2003-02-08,288242,271579,1769525,1769474,DOB_NAME,YES,YES,5,AC Mailand,2024-01-08,2028-06-30,,,,https://www.transfermarkt.de/filippo-terracciano/profil/spieler/631007,22a3594851ccfd262c43841de7dc7b9c1aa37bfa75778f6e7c052c27ebcd2e8d,CONFIRMED,0,,,,,,,,,NO_MATCHING_TRANSFER_EVENT,MISSING_FIELDS,loan_owner_tm_id | owner_contract_until,Sol,https://www.transfermarkt.de/ac-mailand/kader/verein/5/saison_id/2026/plus/1,62f75de72ed1f23bb563a5fa890848e43b2c13847e4bdb7efb02d5b9d513dd38,62f75de72ed1f23bb563a5fa890848e43b2c13847e4bdb7efb02d5b9d513dd38:CACHED_BYTES_MATCH | 22a3594851ccfd262c43841de7dc7b9c1aa37bfa75778f6e7c052c27ebcd2e8d:CACHED_BYTES_MATCH,2026-09-12
TYPED_CONDITION,ITA1,AC Mailand,5,Warren Bondo,659516,2003-09-15,288241,257353,1769525,1769474,DOB_NAME,YES,YES,5,AC Mailand,2025-02-03,2029-06-30,,,,https://www.transfermarkt.de/warren-bondo/profil/spieler/659516,7f9abf009d1b6a3f3bbe7070faa7522ca50c265422cf6785da5b4c5ae3088f12,CONFIRMED,0,,,,,,,,,NO_MATCHING_TRANSFER_EVENT,MISSING_FIELDS,loan_owner_tm_id | owner_contract_until,Sol,https://www.transfermarkt.de/ac-mailand/kader/verein/5/saison_id/2026/plus/1,62f75de72ed1f23bb563a5fa890848e43b2c13847e4bdb7efb02d5b9d513dd38,62f75de72ed1f23bb563a5fa890848e43b2c13847e4bdb7efb02d5b9d513dd38:CACHED_BYTES_MATCH | 7f9abf009d1b6a3f3bbe7070faa7522ca50c265422cf6785da5b4c5ae3088f12:CACHED_BYTES_MATCH,2026-09-12
TYPED_CONDITION,ITA1,AC Monza,2919,Kevin Martins,724069,2005-01-31,117892,0,1769551,1769533,DOB_NAME,YES,YES,2919,AC Monza,2025-01-02,2028-06-30,,,,https://www.transfermarkt.de/kevin-martins/profil/spieler/724069,0e267f77c7bb71b1c16e989fce0defeb3ea40099d40ad06193f747ffdedf1572,CONFIRMED,0,,,,,,,,,NO_MATCHING_TRANSFER_EVENT,MISSING_FIELDS,loan_owner_tm_id | owner_contract_until,Sol,https://www.transfermarkt.de/ac-monza/kader/verein/2919/saison_id/2026/plus/1,8f193279202724cc57a68a08441deb0fe889b73d8d97804595e81268516bfe10,8f193279202724cc57a68a08441deb0fe889b73d8d97804595e81268516bfe10:CACHED_BYTES_MATCH | 0e267f77c7bb71b1c16e989fce0defeb3ea40099d40ad06193f747ffdedf1572:CACHED_BYTES_MATCH,2026-09-12
TYPED_CONDITION,ITA1,AC Monza,2919,Noel Törnqvist,730531,2002-02-01,187993,255900,3018753,1769533,DOB_NAME,YES,YES,2919,AC Monza,2026-08-31,2027-06-30,1047,Como 1907,,https://www.transfermarkt.de/noel-tornqvist/profil/spieler/730531,58ebd1034f373f855be9c24e30adaea7c9a8c24bfa5cdfc479e2114db4c7cea1,CONFIRMED,2,6552129,LOAN,,Como 1907,AC Monza,https://www.transfermarkt.de/serie-a/transfers/wettbewerb/IT1/saison_id/2026,64d949311be0dad09b95e57c83f70b538dd5848993bcd3dae3a084b20792d8c0,CONFIRMED,AVAILABLE,MISSING_FIELDS,owner_contract_until,Sol,https://www.transfermarkt.de/ac-monza/kader/verein/2919/saison_id/2026/plus/1,8f193279202724cc57a68a08441deb0fe889b73d8d97804595e81268516bfe10,8f193279202724cc57a68a08441deb0fe889b73d8d97804595e81268516bfe10:CACHED_BYTES_MATCH | 58ebd1034f373f855be9c24e30adaea7c9a8c24bfa5cdfc479e2114db4c7cea1:CACHED_BYTES_MATCH | 64d949311be0dad09b95e57c83f70b538dd5848993bcd3dae3a084b20792d8c0:CACHED_BYTES_MATCH,2026-09-12
TYPED_CONDITION,ITA1,Cagliari Calcio,1390,Alen Sherri,304144,1997-12-15,293401,73838,1769528,1769480,DOB_NAME,YES,YES,1390,Cagliari Calcio,2024-07-24,2028-06-30,,,,https://www.transfermarkt.de/alen-sherri/profil/spieler/304144,0a8eeb465bc3bd20ad81ce4299fde906d4ac05c26fc9735519cfe0c539226202,CONFIRMED,0,,,,,,,,,NO_MATCHING_TRANSFER_EVENT,MISSING_FIELDS,loan_owner_tm_id | owner_contract_until,Sol,https://www.transfermarkt.de/cagliari-calcio/kader/verein/1390/saison_id/2026/plus/1,4d01f720bf6b2fb484bfc759a9f95eef9ef2c8d8f167551e1c287b989aa09415,4d01f720bf6b2fb484bfc759a9f95eef9ef2c8d8f167551e1c287b989aa09415:CACHED_BYTES_MATCH | 0a8eeb465bc3bd20ad81ce4299fde906d4ac05c26fc9735519cfe0c539226202:CACHED_BYTES_MATCH,2026-09-12
TYPED_CONDITION,ITA1,FC Turin,416,Alessio Cacciamani,1188619,2007-06-29,292257,78263,1769546,1769499,DOB_NAME,YES,YES,416,FC Turin,2025-07-01,2031-06-30,,,,https://www.transfermarkt.de/alessio-cacciamani/profil/spieler/1188619,b01ca4854428d8e73316745702645e60fba2ac21b3cd8954a3ea2636f42780fd,CONFIRMED,0,,,,,,,,,NO_MATCHING_TRANSFER_EVENT,MISSING_FIELDS,loan_owner_tm_id | owner_contract_until,Sol,https://www.transfermarkt.de/fc-turin/kader/verein/416/saison_id/2026/plus/1,d73169d98efbcdf92ebc3fffb64ce90192a06803ac73b01c465488f442d6cf82,d73169d98efbcdf92ebc3fffb64ce90192a06803ac73b01c465488f442d6cf82:CACHED_BYTES_MATCH | b01ca4854428d8e73316745702645e60fba2ac21b3cd8954a3ea2636f42780fd:CACHED_BYTES_MATCH,2026-09-12
TYPED_CONDITION,ITA1,FC Turin,416,Pietro Pellegri,364133,2001-03-17,290758,238873,1769495,1769499,DOB_NAME,YES,YES,416,FC Turin,2022-07-01,2027-06-30,,,,https://www.transfermarkt.de/pietro-pellegri/profil/spieler/364133,e63f33a3283e23f636d17be2c75c6c7ecb088c69ddb31f387bec4a1c5a3f8455,CONFIRMED,0,,,,,,,,,NO_MATCHING_TRANSFER_EVENT,MISSING_FIELDS,loan_owner_tm_id | owner_contract_until,Sol,https://www.transfermarkt.de/fc-turin/kader/verein/416/saison_id/2026/plus/1,d73169d98efbcdf92ebc3fffb64ce90192a06803ac73b01c465488f442d6cf82,d73169d98efbcdf92ebc3fffb64ce90192a06803ac73b01c465488f442d6cf82:CACHED_BYTES_MATCH | e63f33a3283e23f636d17be2c75c6c7ecb088c69ddb31f387bec4a1c5a3f8455:CACHED_BYTES_MATCH,2026-09-12
TYPED_CONDITION,ITA1,Genua CFC,252,Franz Stolz,462699,2001-02-14,270570,70524,2570652,1769510,DOB_NAME,YES,YES,252,Genua CFC,2024-01-27,2027-06-30,,,,https://www.transfermarkt.de/franz-stolz/profil/spieler/462699,011a6374ff338d0dd71eb2a82712db1b13878d0e82458b71c51dc1ef6ffdcc1a,CONFIRMED,0,,,,,,,,,NO_MATCHING_TRANSFER_EVENT,MISSING_FIELDS,loan_owner_tm_id | owner_contract_until,Sol,https://www.transfermarkt.de/genua-cfc/kader/verein/252/saison_id/2026/plus/1,28831c70a8bf2f1d0e0c5e7801240ba62008e42be2eb8761306fafe7c05e7da1,28831c70a8bf2f1d0e0c5e7801240ba62008e42be2eb8761306fafe7c05e7da1:CACHED_BYTES_MATCH | 011a6374ff338d0dd71eb2a82712db1b13878d0e82458b71c51dc1ef6ffdcc1a:CACHED_BYTES_MATCH,2026-09-12
TYPED_CONDITION,ITA1,Juventus Turin,506,Douglas Luiz,447661,1998-05-09,23491,236499,917549,1769482,DOB_NAME,YES,YES,506,Juventus Turin,2024-07-01,2029-06-30,,,,https://www.transfermarkt.de/douglas-luiz/profil/spieler/447661,c6783f6abd56294316fb31e9fa4db966c3a9ede20d203e25b1fa6ba92d665ed9,CONFIRMED,1,6148452,LOAN_RETURN,2026-06-30,Aston Villa,Juventus Turin,https://www.transfermarkt.de/premier-league/transfers/wettbewerb/GB1/saison_id/2026,dea85796083e3a3c441b9d8a4a6bb63799d6b5db6581c82fc0743e65e1042ee3,CONFIRMED,AVAILABLE,MISSING_FIELDS,loan_owner_tm_id | owner_contract_until,Sol,https://www.transfermarkt.de/juventus-turin/kader/verein/506/saison_id/2026/plus/1,0009d8e86a1fcff175fb368bcdc9cac816372b11375dc9917e504e11cc3f9b54,0009d8e86a1fcff175fb368bcdc9cac816372b11375dc9917e504e11cc3f9b54:CACHED_BYTES_MATCH | c6783f6abd56294316fb31e9fa4db966c3a9ede20d203e25b1fa6ba92d665ed9:CACHED_BYTES_MATCH | dea85796083e3a3c441b9d8a4a6bb63799d6b5db6581c82fc0743e65e1042ee3:CACHED_BYTES_MATCH,2026-09-12
TYPED_CONDITION,ITA1,Lazio Rom,398,Davide Renzetti,918957,2006-06-09,117670,0,1769746,1769487,DOB_NAME,YES,YES,398,Lazio Rom,2024-07-01,2027-06-30,,,,https://www.transfermarkt.de/davide-renzetti/profil/spieler/918957,d378a5988da7c20fe48ae0cf0b0de9981e26dff7576cc3ee7875662160947771,CONFIRMED,0,,,,,,,,,NO_MATCHING_TRANSFER_EVENT,MISSING_FIELDS,loan_owner_tm_id | owner_contract_until,Sol,https://www.transfermarkt.de/lazio-rom/kader/verein/398/saison_id/2026/plus/1,9c76fbe0b5d68bfdb8d420274f6285cb7a4f149afb425f160c4bae3837bebead,9c76fbe0b5d68bfdb8d420274f6285cb7a4f149afb425f160c4bae3837bebead:CACHED_BYTES_MATCH | d378a5988da7c20fe48ae0cf0b0de9981e26dff7576cc3ee7875662160947771:CACHED_BYTES_MATCH,2026-09-12
TYPED_CONDITION,ITA1,Lazio Rom,398,Filipe Bordon,1110645,2005-06-24,292448,75645,1769586,1769487,DOB_NAME,YES,YES,398,Lazio Rom,2024-07-01,2028-06-30,,,,https://www.transfermarkt.de/filipe-bordon/profil/spieler/1110645,14dfc0bbfe816f5983cccb28ba3ed1ce39d0eebc7265815acc86aea3fce9ac33,CONFIRMED,0,,,,,,,,,NO_MATCHING_TRANSFER_EVENT,MISSING_FIELDS,loan_owner_tm_id | owner_contract_until,Sol,https://www.transfermarkt.de/lazio-rom/kader/verein/398/saison_id/2026/plus/1,9c76fbe0b5d68bfdb8d420274f6285cb7a4f149afb425f160c4bae3837bebead,9c76fbe0b5d68bfdb8d420274f6285cb7a4f149afb425f160c4bae3837bebead:CACHED_BYTES_MATCH | 14dfc0bbfe816f5983cccb28ba3ed1ce39d0eebc7265815acc86aea3fce9ac33:CACHED_BYTES_MATCH,2026-09-12
TYPED_CONDITION,ITA1,Lazio Rom,398,Romano Floriani Mussolini,708086,2003-01-27,288260,74071,1769525,1769487,DOB_NAME,YES,YES,398,Lazio Rom,2023-07-01,2028-06-30,,,,https://www.transfermarkt.de/romano-floriani-mussolini/profil/spieler/708086,8d58fa9e4bcb779769780b45e5f29d49f0dfa6b8fa0e6f59d54c45ed9e2bb227,CONFIRMED,0,,,,,,,,,NO_MATCHING_TRANSFER_EVENT,MISSING_FIELDS,loan_owner_tm_id | owner_contract_until,Sol,https://www.transfermarkt.de/lazio-rom/kader/verein/398/saison_id/2026/plus/1,9c76fbe0b5d68bfdb8d420274f6285cb7a4f149afb425f160c4bae3837bebead,9c76fbe0b5d68bfdb8d420274f6285cb7a4f149afb425f160c4bae3837bebead:CACHED_BYTES_MATCH | 8d58fa9e4bcb779769780b45e5f29d49f0dfa6b8fa0e6f59d54c45ed9e2bb227:CACHED_BYTES_MATCH,2026-09-12
TYPED_CONDITION,ITA1,US Lecce,1005,Alexandru Borbei,667640,2003-06-27,118863,277734,1769522,1769483,DOB_NAME,YES,YES,1005,US Lecce,2022-07-01,2028-06-30,,,,https://www.transfermarkt.de/alexandru-borbei/profil/spieler/667640,b8ffcaf17bf0220297f52c47ea7bef53614a397bb7f2de7118eeb3f1c9f726fd,CONFIRMED,0,,,,,,,,,NO_MATCHING_TRANSFER_EVENT,MISSING_FIELDS,loan_owner_tm_id | owner_contract_until,Sol,https://www.transfermarkt.de/us-lecce/kader/verein/1005/saison_id/2026/plus/1,f70b73ab0beef18f4707e1b846172f928bd484c8e6abc3aab35570487739b4bc,f70b73ab0beef18f4707e1b846172f928bd484c8e6abc3aab35570487739b4bc:CACHED_BYTES_MATCH | b8ffcaf17bf0220297f52c47ea7bef53614a397bb7f2de7118eeb3f1c9f726fd:CACHED_BYTES_MATCH,2026-09-12
TYPED_CONDITION,ITA1,US Lecce,1005,Marlon Ubani,745595,2005-03-26,118015,0,1769509,1769483,DOB_NAME,YES,YES,1005,US Lecce,2025-07-01,2029-06-30,,,,https://www.transfermarkt.de/marlon-ubani/profil/spieler/745595,fd467b906d276a0339b5d1b1cb331f7c9482b996556d9a2a0cf0ff57889a88b2,CONFIRMED,0,,,,,,,,,NO_MATCHING_TRANSFER_EVENT,MISSING_FIELDS,loan_owner_tm_id | owner_contract_until,Sol,https://www.transfermarkt.de/us-lecce/kader/verein/1005/saison_id/2026/plus/1,f70b73ab0beef18f4707e1b846172f928bd484c8e6abc3aab35570487739b4bc,f70b73ab0beef18f4707e1b846172f928bd484c8e6abc3aab35570487739b4bc:CACHED_BYTES_MATCH | fd467b906d276a0339b5d1b1cb331f7c9482b996556d9a2a0cf0ff57889a88b2:CACHED_BYTES_MATCH,2026-09-12
TYPED_CONDITION,ITA1,US Lecce,1005,Milos Jovic,943473,2006-05-22,269972,0,3354941,1769483,DOB_NAME,YES,YES,1005,US Lecce,2025-08-28,2029-06-30,,,,https://www.transfermarkt.de/milos-jovic/profil/spieler/943473,b105c636c2a21486be0a73a5851fe252ff08f4f39814b83d477288d6ade98a85,CONFIRMED,0,,,,,,,,,NO_MATCHING_TRANSFER_EVENT,MISSING_FIELDS,loan_owner_tm_id | owner_contract_until,Sol,https://www.transfermarkt.de/us-lecce/kader/verein/1005/saison_id/2026/plus/1,f70b73ab0beef18f4707e1b846172f928bd484c8e6abc3aab35570487739b4bc,f70b73ab0beef18f4707e1b846172f928bd484c8e6abc3aab35570487739b4bc:CACHED_BYTES_MATCH | b105c636c2a21486be0a73a5851fe252ff08f4f39814b83d477288d6ade98a85:CACHED_BYTES_MATCH,2026-09-12
TYPED_CONDITION,ITA1,US Lecce,1005,Vernon Addo,1017950,2005-05-24,6591,0,725001,1769483,DOB_NAME,YES,YES,1005,US Lecce,2024-07-01,2028-06-30,,,,https://www.transfermarkt.de/vernon-addo/profil/spieler/1017950,f834e7ef658a7b9f96153f785b6513a1a1c26127760ea1341adb7f8b5b4053f9,CONFIRMED,0,,,,,,,,,NO_MATCHING_TRANSFER_EVENT,MISSING_FIELDS,loan_owner_tm_id | owner_contract_until,Sol,https://www.transfermarkt.de/us-lecce/kader/verein/1005/saison_id/2026/plus/1,f70b73ab0beef18f4707e1b846172f928bd484c8e6abc3aab35570487739b4bc,f70b73ab0beef18f4707e1b846172f928bd484c8e6abc3aab35570487739b4bc:CACHED_BYTES_MATCH | f834e7ef658a7b9f96153f785b6513a1a1c26127760ea1341adb7f8b5b4053f9:CACHED_BYTES_MATCH,2026-09-12
TYPED_CONDITION,ITA1,US Sassuolo,6574,Andrea Ghion,390163,2000-02-23,290759,257164,1769495,1769542,DOB_NAME,YES,YES,6574,US Sassuolo,2019-07-01,2029-06-30,,,,https://www.transfermarkt.de/andrea-ghion/profil/spieler/390163,95b8debc886e687c0d45700ce01501c877999aeccf307a57a48b207b08ae46b6,CONFIRMED,0,,,,,,,,,NO_MATCHING_TRANSFER_EVENT,MISSING_FIELDS,loan_owner_tm_id | owner_contract_until,Sol,https://www.transfermarkt.de/us-sassuolo/kader/verein/6574/saison_id/2026/plus/1,686b0eaeb9362b4d66f8cc3a3779bc587286eed50ca422d498380ecfd974ed38,686b0eaeb9362b4d66f8cc3a3779bc587286eed50ca422d498380ecfd974ed38:CACHED_BYTES_MATCH | 95b8debc886e687c0d45700ce01501c877999aeccf307a57a48b207b08ae46b6:CACHED_BYTES_MATCH,2026-09-12
TYPED_CONDITION,ITA1,US Sassuolo,6574,Simone Cinquegrano,919669,2004-06-25,278102,0,1769481,1769542,DOB_NAME,YES,YES,6574,US Sassuolo,2024-07-01,2027-06-30,,,,https://www.transfermarkt.de/simone-cinquegrano/profil/spieler/919669,6f545a85d65e47c429045da1e06cc9e47104e6e8f036d504e81b5089cf2b96a2,CONFIRMED,0,,,,,,,,,NO_MATCHING_TRANSFER_EVENT,MISSING_FIELDS,loan_owner_tm_id | owner_contract_until,Sol,https://www.transfermarkt.de/us-sassuolo/kader/verein/6574/saison_id/2026/plus/1,686b0eaeb9362b4d66f8cc3a3779bc587286eed50ca422d498380ecfd974ed38,686b0eaeb9362b4d66f8cc3a3779bc587286eed50ca422d498380ecfd974ed38:CACHED_BYTES_MATCH | 6f545a85d65e47c429045da1e06cc9e47104e6e8f036d504e81b5089cf2b96a2:CACHED_BYTES_MATCH,2026-09-12
TYPED_CONDITION,ITA1,Udinese Calcio,410,Enzo Ebosse,342877,1999-03-11,285730,241007,1769496,1769488,DOB_NAME,YES,YES,410,Udinese Calcio,2022-07-29,2027-06-30,,,,https://www.transfermarkt.de/enzo-ebosse/profil/spieler/342877,97e8b5b22ad000cca0cccbcbc0aadf61269926a0d071cfe12aaebec233b703d6,CONFIRMED,1,6162456,LOAN_RETURN,2026-06-30,FC Turin,Udinese Calcio,https://www.transfermarkt.de/serie-a/transfers/wettbewerb/IT1/saison_id/2026,64d949311be0dad09b95e57c83f70b538dd5848993bcd3dae3a084b20792d8c0,CONFIRMED,AVAILABLE,MISSING_FIELDS,loan_owner_tm_id | owner_contract_until,Sol,https://www.transfermarkt.de/udinese-calcio/kader/verein/410/saison_id/2026/plus/1,7fdfe70ee199497c7c8bba7f008dea4b0f8e1ab4fec8c51d19f4eb9f681c5506,7fdfe70ee199497c7c8bba7f008dea4b0f8e1ab4fec8c51d19f4eb9f681c5506:CACHED_BYTES_MATCH | 97e8b5b22ad000cca0cccbcbc0aadf61269926a0d071cfe12aaebec233b703d6:CACHED_BYTES_MATCH | 64d949311be0dad09b95e57c83f70b538dd5848993bcd3dae3a084b20792d8c0:CACHED_BYTES_MATCH,2026-09-12
TYPED_CONDITION,ITA1,Udinese Calcio,410,James Abankwah,648032,2004-01-16,261545,264509,917534,1769488,DOB_NAME,YES,YES,410,Udinese Calcio,2022-01-26,2029-06-30,,,,https://www.transfermarkt.de/james-abankwah/profil/spieler/648032,d20d8335e342a6217d037b5ab28c34a0f58f0f3e4e57ac1540d176694d2e3ca1,CONFIRMED,0,,,,,,,,,NO_MATCHING_TRANSFER_EVENT,MISSING_FIELDS,loan_owner_tm_id | owner_contract_until,Sol,https://www.transfermarkt.de/udinese-calcio/kader/verein/410/saison_id/2026/plus/1,7fdfe70ee199497c7c8bba7f008dea4b0f8e1ab4fec8c51d19f4eb9f681c5506,7fdfe70ee199497c7c8bba7f008dea4b0f8e1ab4fec8c51d19f4eb9f681c5506:CACHED_BYTES_MATCH | d20d8335e342a6217d037b5ab28c34a0f58f0f3e4e57ac1540d176694d2e3ca1:CACHED_BYTES_MATCH,2026-09-12
TYPED_CONDITION,ITA1,Venezia FC,607,Matteo Dagasso,744621,2004-04-01,282591,79093,1769503,1769500,DOB_NAME,YES,YES,607,Venezia FC,2026-01-28,2030-06-30,,,,https://www.transfermarkt.de/matteo-dagasso/profil/spieler/744621,fd209eb1d1c5b5a9fe05476d7ab6ae8164a771a72b6519e195e0a76b6316ba8b,CONFIRMED,0,,,,,,,,,NO_MATCHING_TRANSFER_EVENT,MISSING_FIELDS,loan_owner_tm_id | owner_contract_until,Sol,https://www.transfermarkt.de/venezia-fc/kader/verein/607/saison_id/2026/plus/1,d88fc7110893de0f0661e79b4c48d86142d14d93f73bc112159c1995caefb0e9,d88fc7110893de0f0661e79b4c48d86142d14d93f73bc112159c1995caefb0e9:CACHED_BYTES_MATCH | fd209eb1d1c5b5a9fe05476d7ab6ae8164a771a72b6519e195e0a76b6316ba8b:CACHED_BYTES_MATCH,2026-09-12
TYPED_CONDITION,NED1,ADO Den Haag,1268,Yannick Eduardo,930998,2006-01-23,136391,0,2228243,2228225,DOB_NAME,YES,YES,1268,ADO Den Haag,2026-07-21,2027-06-30,533,TSG 1899 Hoffenheim,,https://www.transfermarkt.de/yannick-eduardo/profil/spieler/930998,02ffabd4dc194e9b04d544a119b7ea12249510875c039b0d248d0d5e49a0be27,CONFIRMED,2,6444089,LOAN,,TSG 1899 Hoffenheim,ADO Den Haag,https://www.transfermarkt.de/bundesliga/transfers/wettbewerb/L1/saison_id/2026 | https://www.transfermarkt.de/eredivisie/transfers/wettbewerb/NL1/saison_id/2026,c08e4b3a81f4ba445c4d8343c0dd6f9cfb1b5e5f12689978c0e5485f5030360a | 11dc5cade25e44ad6fb6a4fa951faaf3fb97825e83aa2704c9ddc2f99499f336,CONFIRMED,AVAILABLE,MISSING_FIELDS,owner_contract_until,Sol,https://www.transfermarkt.de/ado-den-haag/kader/verein/1268/saison_id/2026/plus/1,474b264b880fdda2bb882ff0c9f03309d423ae1b25e36c87a1da879d192c71b0,474b264b880fdda2bb882ff0c9f03309d423ae1b25e36c87a1da879d192c71b0:CACHED_BYTES_MATCH | 02ffabd4dc194e9b04d544a119b7ea12249510875c039b0d248d0d5e49a0be27:CACHED_BYTES_MATCH | c08e4b3a81f4ba445c4d8343c0dd6f9cfb1b5e5f12689978c0e5485f5030360a:CACHED_BYTES_MATCH | 11dc5cade25e44ad6fb6a4fa951faaf3fb97825e83aa2704c9ddc2f99499f336:CACHED_BYTES_MATCH,2026-09-12
TYPED_CONDITION,NED1,FC Utrecht,200,Artem Stepanov,1045344,2007-08-10,274322,74749,1376258,2228241,DOB_NAME,YES,YES,200,FC Utrecht,2026-01-30,2027-06-30,15,Bayer 04 Leverkusen,,https://www.transfermarkt.de/artem-stepanov/profil/spieler/1045344,4cc32447525983f5deb11caf5d8efdb89a44cae2f8742637ceb52a4bcbe2b12e,CONFIRMED,0,,,,,,,,,NO_MATCHING_TRANSFER_EVENT,MISSING_FIELDS,owner_contract_until,Sol,https://www.transfermarkt.de/fc-utrecht/kader/verein/200/saison_id/2026/plus/1,30172180fe0b90bafc4f2d8225a407eb91445c75b04c67bdb0bfe6d096d2e552,30172180fe0b90bafc4f2d8225a407eb91445c75b04c67bdb0bfe6d096d2e552:CACHED_BYTES_MATCH | 4cc32447525983f5deb11caf5d8efdb89a44cae2f8742637ceb52a4bcbe2b12e:CACHED_BYTES_MATCH,2026-09-12
TYPED_CONDITION,NED1,Fortuna Sittard,385,Shiloh 't Zand,595247,2003-05-14,294619,73964,2228232,2228247,DOB_NAME,YES,YES,385,Fortuna Sittard,2026-07-16,2027-06-30,24366,Feyenoord Rotterdam U21,2028-06-30,https://www.transfermarkt.de/shiloh-t-zand/profil/spieler/595247,673d256c71796598dd5bae0a7fceab9788bc86e2d6448cdb316b160469dac010,CONFIRMED,1,6431412,LOAN,,Feyenoord Rotterdam U21,Fortuna Sittard,https://www.transfermarkt.de/eredivisie/transfers/wettbewerb/NL1/saison_id/2026,11dc5cade25e44ad6fb6a4fa951faaf3fb97825e83aa2704c9ddc2f99499f336,CONFIRMED,AVAILABLE,SUFFICIENT_OWNER_AND_CHRONOLOGY,,,https://www.transfermarkt.de/fortuna-sittard/kader/verein/385/saison_id/2026/plus/1,3459b44bdebecde47d2a1440be82d9c09e8f120a342ec34fc969ad1288f64fcd,3459b44bdebecde47d2a1440be82d9c09e8f120a342ec34fc969ad1288f64fcd:CACHED_BYTES_MATCH | 673d256c71796598dd5bae0a7fceab9788bc86e2d6448cdb316b160469dac010:CACHED_BYTES_MATCH | 11dc5cade25e44ad6fb6a4fa951faaf3fb97825e83aa2704c9ddc2f99499f336:CACHED_BYTES_MATCH,2026-09-12
TYPED_CONDITION,NED1,Willem II Tilburg,403,Amine Et-Taïbi,565401,2003-02-05,136794,0,2228251,2228239,DOB_NAME,YES,YES,403,Willem II Tilburg,2026-01-21,2028-06-30,,,,https://www.transfermarkt.de/amine-et-taibi/profil/spieler/565401,7d684a590b64cfff202c962e122520a4581881eecc652b51526e840310805e15,CONFIRMED,0,,,,,,,,,NO_MATCHING_TRANSFER_EVENT,MISSING_FIELDS,loan_owner_tm_id | owner_contract_until,Sol,https://www.transfermarkt.de/willem-ii-tilburg/kader/verein/403/saison_id/2026/plus/1,032766443b9dd7e08c2a2a00943278f8412892d9f759e398b82d7ef4e594d0db,032766443b9dd7e08c2a2a00943278f8412892d9f759e398b82d7ef4e594d0db:CACHED_BYTES_MATCH | 7d684a590b64cfff202c962e122520a4581881eecc652b51526e840310805e15:CACHED_BYTES_MATCH,2026-09-12
TYPED_CONDITION,POR1,CD Nacional,982,Allen Obando,1050373,2006-06-13,299758,278856,6234443,2490378,DOB_NAME,YES,YES,982,CD Nacional,2026-08-13,2027-06-30,69261,Inter Miami CF,,https://www.transfermarkt.de/allen-obando/profil/spieler/1050373,a07de90d3729f7d24ef26796461129a7625d053e89cc20a939232fb333e812b7,CONFIRMED,1,6502576,LOAN,,Inter Miami CF,CD Nacional,https://www.transfermarkt.de/liga-portugal/transfers/wettbewerb/PO1/saison_id/2026,387b98c14254a71a96aa32f796d043aff999893be0ea4725ee83d7b986855445,CONFIRMED,AVAILABLE,MISSING_FIELDS,owner_contract_until,Sol,https://www.transfermarkt.de/cd-nacional/kader/verein/982/saison_id/2026/plus/1,85c1a326ea7d9109ff431c2a95c9c0488100e0183b1e7c799d926c40ecb8dba6,85c1a326ea7d9109ff431c2a95c9c0488100e0183b1e7c799d926c40ecb8dba6:CACHED_BYTES_MATCH | a07de90d3729f7d24ef26796461129a7625d053e89cc20a939232fb333e812b7:CACHED_BYTES_MATCH | 387b98c14254a71a96aa32f796d043aff999893be0ea4725ee83d7b986855445:CACHED_BYTES_MATCH,2026-09-12
TYPED_CONDITION,POR1,CD Nacional,982,Matchoi Djaló,685887,2003-04-10,149155,252470,2424840,2490378,DOB_NAME,YES,YES,982,CD Nacional,2026-08-13,,,,,https://www.transfermarkt.de/matchoi-djalo/profil/spieler/685887,ef236821a28d49016a1595900f580db8e718cf9180e8c45e963b26606fbec473,CONFIRMED,3,6502002 | 5859468,PERMANENT | LOAN_RETURN,2026-06-30,Basaksehir FK | Wisla Plock,CD Nacional | Basaksehir FK,https://www.transfermarkt.de/liga-portugal/transfers/wettbewerb/PO1/saison_id/2026 | https://www.transfermarkt.de/super-lig/transfers/wettbewerb/TR1/saison_id/2026,387b98c14254a71a96aa32f796d043aff999893be0ea4725ee83d7b986855445 | 673f7a4eee1e2dc5a16d0727bf4f4c45015c921cc092e8d3b7b759b5db06f4be,CONFIRMED,AVAILABLE,MISSING_FIELDS,profile_contract_until | loan_owner_tm_id | owner_contract_until,Sol,https://www.transfermarkt.de/cd-nacional/kader/verein/982/saison_id/2026/plus/1,85c1a326ea7d9109ff431c2a95c9c0488100e0183b1e7c799d926c40ecb8dba6,85c1a326ea7d9109ff431c2a95c9c0488100e0183b1e7c799d926c40ecb8dba6:CACHED_BYTES_MATCH | ef236821a28d49016a1595900f580db8e718cf9180e8c45e963b26606fbec473:CACHED_BYTES_MATCH | 387b98c14254a71a96aa32f796d043aff999893be0ea4725ee83d7b986855445:CACHED_BYTES_MATCH | 673f7a4eee1e2dc5a16d0727bf4f4c45015c921cc092e8d3b7b759b5db06f4be:CACHED_BYTES_MATCH,2026-09-12
TYPED_CONDITION,POR1,CD Santa Clara,2423,Léo Jacó,1022594,2005-04-06,222078,0,3538951,2490388,DOB_NAME,YES,YES,2423,CD Santa Clara,2026-08-11,2030-06-30,,,,https://www.transfermarkt.de/leo-jaco/profil/spieler/1022594,0d78b0c7fc9f7ab092091db94ea833f8dd9b2382835c635a5d7e92abac4da50a,CONFIRMED,1,6496825,PERMANENT,,AC Goianiense,CD Santa Clara,https://www.transfermarkt.de/liga-portugal/transfers/wettbewerb/PO1/saison_id/2026,387b98c14254a71a96aa32f796d043aff999893be0ea4725ee83d7b986855445,CONFIRMED,AVAILABLE,MISSING_FIELDS,loan_owner_tm_id | owner_contract_until,Sol,https://www.transfermarkt.de/cd-santa-clara/kader/verein/2423/saison_id/2026/plus/1,996787cc90623dddfd5c425ca2df6aae95f8fd62b8b5cfb03677a214be6550e2,996787cc90623dddfd5c425ca2df6aae95f8fd62b8b5cfb03677a214be6550e2:CACHED_BYTES_MATCH | 0d78b0c7fc9f7ab092091db94ea833f8dd9b2382835c635a5d7e92abac4da50a:CACHED_BYTES_MATCH | 387b98c14254a71a96aa32f796d043aff999893be0ea4725ee83d7b986855445:CACHED_BYTES_MATCH,2026-09-12
TYPED_CONDITION,POR1,CD Santa Clara,2423,Vitinho,796742,2003-03-25,223200,274462,3552405,2490388,DOB_NAME,YES,YES,2423,CD Santa Clara,2026-02-02,2029-06-30,,,,https://www.transfermarkt.de/vitinho/profil/spieler/796742,84f458c54a6e1648736d33830d6d109bf9cd36512eb38537c1ce927708e6f824,CONFIRMED,0,,,,,,,,,NO_MATCHING_TRANSFER_EVENT,MISSING_FIELDS,loan_owner_tm_id | owner_contract_until,Sol,https://www.transfermarkt.de/cd-santa-clara/kader/verein/2423/saison_id/2026/plus/1,996787cc90623dddfd5c425ca2df6aae95f8fd62b8b5cfb03677a214be6550e2,996787cc90623dddfd5c425ca2df6aae95f8fd62b8b5cfb03677a214be6550e2:CACHED_BYTES_MATCH | 84f458c54a6e1648736d33830d6d109bf9cd36512eb38537c1ce927708e6f824:CACHED_BYTES_MATCH,2026-09-12
TYPED_CONDITION,POR1,CS Marítimo,1301,Maxime Dominguez,207561,1996-02-01,300796,230690,6225954,2490376,DOB_NAME,YES,YES,1301,CS Marítimo,2026-07-01,2027-06-30,,,,https://www.transfermarkt.de/maxime-dominguez/profil/spieler/207561,4e37400d09ac3bc3c1a48f728d61b7037370d0c5817efa6ce8b4cdf1b4ec3839,CONFIRMED,1,6394153,PERMANENT,,Cracovia,CS Marítimo,https://www.transfermarkt.de/liga-portugal/transfers/wettbewerb/PO1/saison_id/2026,387b98c14254a71a96aa32f796d043aff999893be0ea4725ee83d7b986855445,CONFIRMED,AVAILABLE,MISSING_FIELDS,loan_owner_tm_id | owner_contract_until,Sol,https://www.transfermarkt.de/cs-maritimo/kader/verein/1301/saison_id/2026/plus/1,5cfc233404ec9b89440eac630270b3e1ade7aaa468abf0d7c72a774e94f85e1b,5cfc233404ec9b89440eac630270b3e1ade7aaa468abf0d7c72a774e94f85e1b:CACHED_BYTES_MATCH | 4e37400d09ac3bc3c1a48f728d61b7037370d0c5817efa6ce8b4cdf1b4ec3839:CACHED_BYTES_MATCH | 387b98c14254a71a96aa32f796d043aff999893be0ea4725ee83d7b986855445:CACHED_BYTES_MATCH,2026-09-12
TYPED_CONDITION,POR1,Casa Pia AC,3268,JP,1083970,2005-04-19,223491,0,3538994,2494469,DOB_NAME,YES,YES,3268,Casa Pia AC,2026-08-19,2030-06-30,,,,https://www.transfermarkt.de/jptm/profil/spieler/1083970,6cb3cfe2b9f6db187368b7c5c5d2d45100e87089a050f85d89b9ade8cb190cd0,CONFIRMED,1,6516507,PERMANENT,,Vasco da Gama Rio de Janeiro,Casa Pia AC,https://www.transfermarkt.de/liga-portugal/transfers/wettbewerb/PO1/saison_id/2026,387b98c14254a71a96aa32f796d043aff999893be0ea4725ee83d7b986855445,CONFIRMED,AVAILABLE,MISSING_FIELDS,loan_owner_tm_id | owner_contract_until,Sol,https://www.transfermarkt.de/casa-pia-ac/kader/verein/3268/saison_id/2026/plus/1,a3e2a5277eff3871e27db7ef969d3905123f5c71aebb08128024f85e9a547b72,a3e2a5277eff3871e27db7ef969d3905123f5c71aebb08128024f85e9a547b72:CACHED_BYTES_MATCH | 6cb3cfe2b9f6db187368b7c5c5d2d45100e87089a050f85d89b9ade8cb190cd0:CACHED_BYTES_MATCH | 387b98c14254a71a96aa32f796d043aff999893be0ea4725ee83d7b986855445:CACHED_BYTES_MATCH,2026-09-12
TYPED_CONDITION,POR1,FC Alverca,2521,Diogo Spencer,858252,2004-04-17,288094,71981,2504148,2490393,DOB_NAME,YES,YES,2521,FC Alverca,2026-01-30,2028-06-30,,,,https://www.transfermarkt.de/diogo-spencer/profil/spieler/858252,7d6471278a23c848be2da6517ecbd729de5b912d19fffcb322a3d6c0a19d50e6,CONFIRMED,0,,,,,,,,,NO_MATCHING_TRANSFER_EVENT,MISSING_FIELDS,loan_owner_tm_id | owner_contract_until,Sol,https://www.transfermarkt.de/fc-alverca/kader/verein/2521/saison_id/2026/plus/1,7f5d01cde12ec5554a0cdae5ccc699031abd54d7e473e99ebf2c44e9a519b8ae,7f5d01cde12ec5554a0cdae5ccc699031abd54d7e473e99ebf2c44e9a519b8ae:CACHED_BYTES_MATCH | 7d6471278a23c848be2da6517ecbd729de5b912d19fffcb322a3d6c0a19d50e6:CACHED_BYTES_MATCH,2026-09-12
TYPED_CONDITION,POR1,GD Estoril Praia,1465,Ismael Sierra,718195,2003-03-17,280940,0,2949140,2490386,DOB_NAME,YES,YES,1465,GD Estoril Praia,2024-08-17,2027-06-30,,,,https://www.transfermarkt.de/ismael-sierra/profil/spieler/718195,6697054cd718c48b15f11e9bf54191811a9cfc100243c68bf7fb1dbb4ecd67c4,CONFIRMED,1,5827718,LOAN_RETURN,2026-06-30,FC Villarreal B,GD Estoril Praia,https://www.transfermarkt.de/liga-portugal/transfers/wettbewerb/PO1/saison_id/2026,387b98c14254a71a96aa32f796d043aff999893be0ea4725ee83d7b986855445,CONFIRMED,AVAILABLE,MISSING_FIELDS,loan_owner_tm_id | owner_contract_until,Sol,https://www.transfermarkt.de/gd-estoril-praia/kader/verein/1465/saison_id/2026/plus/1,1f4451857a09faf4bc5a12d1790c126a29e1c7346930e118c1c73d3f15c8f2d8,1f4451857a09faf4bc5a12d1790c126a29e1c7346930e118c1c73d3f15c8f2d8:CACHED_BYTES_MATCH | 6697054cd718c48b15f11e9bf54191811a9cfc100243c68bf7fb1dbb4ecd67c4:CACHED_BYTES_MATCH | 387b98c14254a71a96aa32f796d043aff999893be0ea4725ee83d7b986855445:CACHED_BYTES_MATCH,2026-09-12
TYPED_CONDITION,TUR1,Amed SK,12382,Hasan Yıldırım,1047511,2005-10-10,203086,0,3159539,3145856,DOB_NAME,YES,YES,12382,Amed SK,2024-09-05,2029-06-30,,,,https://www.transfermarkt.de/hasan-yildirim/profil/spieler/1047511,232c482ede3def17ca0660158ef32686d2ece595afef21495b088f67deb7fccd,CONFIRMED,1,6129285,LOAN_RETURN,2026-06-30,Orduspor 1967 SK,Amed SK,https://www.transfermarkt.de/super-lig/transfers/wettbewerb/TR1/saison_id/2026,673f7a4eee1e2dc5a16d0727bf4f4c45015c921cc092e8d3b7b759b5db06f4be,CONFIRMED,AVAILABLE,MISSING_FIELDS,loan_owner_tm_id | owner_contract_until,Sol,https://www.transfermarkt.de/amed-sk/kader/verein/12382/saison_id/2026/plus/1,1c63291a94e83ca8d551f2c91a8979d5cadd6cad24fc5cbcdc3500f54ff03b8e,1c63291a94e83ca8d551f2c91a8979d5cadd6cad24fc5cbcdc3500f54ff03b8e:CACHED_BYTES_MATCH | 232c482ede3def17ca0660158ef32686d2ece595afef21495b088f67deb7fccd:CACHED_BYTES_MATCH | 673f7a4eee1e2dc5a16d0727bf4f4c45015c921cc092e8d3b7b759b5db06f4be:CACHED_BYTES_MATCH,2026-09-12
TYPED_CONDITION,TUR1,Amed SK,12382,Miraç Acer,354197,1996-08-03,202320,0,3149844,3145856,DOB_NAME,YES,YES,12382,Amed SK,2025-02-03,2027-06-30,,,,https://www.transfermarkt.de/mirac-acer/profil/spieler/354197,3ace8f640150bab9097c8c60e1a58f7e1c2d371ca01b6b8217f851a0ccb4487f,CONFIRMED,1,6125641,LOAN_RETURN,2026-06-30,Mardin 1969 Spor,Amed SK,https://www.transfermarkt.de/super-lig/transfers/wettbewerb/TR1/saison_id/2026,673f7a4eee1e2dc5a16d0727bf4f4c45015c921cc092e8d3b7b759b5db06f4be,CONFIRMED,AVAILABLE,MISSING_FIELDS,loan_owner_tm_id | owner_contract_until,Sol,https://www.transfermarkt.de/amed-sk/kader/verein/12382/saison_id/2026/plus/1,1c63291a94e83ca8d551f2c91a8979d5cadd6cad24fc5cbcdc3500f54ff03b8e,1c63291a94e83ca8d551f2c91a8979d5cadd6cad24fc5cbcdc3500f54ff03b8e:CACHED_BYTES_MATCH | 3ace8f640150bab9097c8c60e1a58f7e1c2d371ca01b6b8217f851a0ccb4487f:CACHED_BYTES_MATCH | 673f7a4eee1e2dc5a16d0727bf4f4c45015c921cc092e8d3b7b759b5db06f4be:CACHED_BYTES_MATCH,2026-09-12
TYPED_CONDITION,TUR1,Basaksehir FK,6890,Efe Arda Koyuncu,889264,2005-07-08,203017,268906,3149887,3145841,DOB_NAME,YES,YES,6890,Basaksehir FK,2022-04-13,2028-06-30,,,,https://www.transfermarkt.de/efe-arda-koyuncu/profil/spieler/889264,15b04851f917a5d5bad9d9a6371bdf7c055d80fc5cf8fae1ea6b4d0c28038069,CONFIRMED,1,5825726,LOAN_RETURN,2026-06-30,Galata SK,Basaksehir FK,https://www.transfermarkt.de/super-lig/transfers/wettbewerb/TR1/saison_id/2026,673f7a4eee1e2dc5a16d0727bf4f4c45015c921cc092e8d3b7b759b5db06f4be,CONFIRMED,AVAILABLE,MISSING_FIELDS,loan_owner_tm_id | owner_contract_until,Sol,https://www.transfermarkt.de/basaksehir-fk/kader/verein/6890/saison_id/2026/plus/1,ce3135bc2b2b9daa2d2bea05e7e218c5933214f172404552d071997b77f3b230,ce3135bc2b2b9daa2d2bea05e7e218c5933214f172404552d071997b77f3b230:CACHED_BYTES_MATCH | 15b04851f917a5d5bad9d9a6371bdf7c055d80fc5cf8fae1ea6b4d0c28038069:CACHED_BYTES_MATCH | 673f7a4eee1e2dc5a16d0727bf4f4c45015c921cc092e8d3b7b759b5db06f4be:CACHED_BYTES_MATCH,2026-09-12
TYPED_CONDITION,TUR1,Basaksehir FK,6890,Yusuf Yılmaz,1201580,2006-04-29,204570,0,3160835,3145841,DOB_NAME,YES,YES,6890,Basaksehir FK,2023-09-04,2028-06-30,,,,https://www.transfermarkt.de/yusuf-yilmaz/profil/spieler/1201580,38064759d5dc931e4b77a1ed74c5b7550b12f688ead189d4935efb04da299df6,CONFIRMED,1,5825669,LOAN_RETURN,2026-06-30,Tokat Belediye SK,Basaksehir FK,https://www.transfermarkt.de/super-lig/transfers/wettbewerb/TR1/saison_id/2026,673f7a4eee1e2dc5a16d0727bf4f4c45015c921cc092e8d3b7b759b5db06f4be,CONFIRMED,AVAILABLE,MISSING_FIELDS,loan_owner_tm_id | owner_contract_until,Sol,https://www.transfermarkt.de/basaksehir-fk/kader/verein/6890/saison_id/2026/plus/1,ce3135bc2b2b9daa2d2bea05e7e218c5933214f172404552d071997b77f3b230,ce3135bc2b2b9daa2d2bea05e7e218c5933214f172404552d071997b77f3b230:CACHED_BYTES_MATCH | 38064759d5dc931e4b77a1ed74c5b7550b12f688ead189d4935efb04da299df6:CACHED_BYTES_MATCH | 673f7a4eee1e2dc5a16d0727bf4f4c45015c921cc092e8d3b7b759b5db06f4be:CACHED_BYTES_MATCH,2026-09-12
TYPED_CONDITION,TUR1,Besiktas JK,114,Yasin Özcan,1043003,2006-04-20,235262,271362,458766,3145824,DOB_NAME,YES,YES,114,Besiktas JK,2026-01-28,2027-01-27,405,Aston Villa,2029-06-30,https://www.transfermarkt.de/yasin-ozcan/profil/spieler/1043003,61975141de8b30f6b24a8e03be00ef2dbdd742edf545ca79447e76b2fdbe8255,CONFIRMED,2,6148506,LOAN_RETURN,2027-01-27,Besiktas JK,Aston Villa,https://www.transfermarkt.de/premier-league/transfers/wettbewerb/GB1/saison_id/2026 | https://www.transfermarkt.de/super-lig/transfers/wettbewerb/TR1/saison_id/2026,dea85796083e3a3c441b9d8a4a6bb63799d6b5db6581c82fc0743e65e1042ee3 | 673f7a4eee1e2dc5a16d0727bf4f4c45015c921cc092e8d3b7b759b5db06f4be,CONFIRMED,AVAILABLE,SUFFICIENT_OWNER_AND_CHRONOLOGY,,,https://www.transfermarkt.de/besiktas-jk/kader/verein/114/saison_id/2026/plus/1,f46df64dc3feb409a79ae254926c9517fdba2f5e40a9e4ebf8000fc6f191e791,f46df64dc3feb409a79ae254926c9517fdba2f5e40a9e4ebf8000fc6f191e791:CACHED_BYTES_MATCH | 61975141de8b30f6b24a8e03be00ef2dbdd742edf545ca79447e76b2fdbe8255:CACHED_BYTES_MATCH | dea85796083e3a3c441b9d8a4a6bb63799d6b5db6581c82fc0743e65e1042ee3:CACHED_BYTES_MATCH | 673f7a4eee1e2dc5a16d0727bf4f4c45015c921cc092e8d3b7b759b5db06f4be:CACHED_BYTES_MATCH,2026-09-12
TYPED_CONDITION,TUR1,Eyüpspor,7160,Anıl Yaşar,685329,2002-07-01,200980,275694,3149915,3145777,DOB_NAME,YES,YES,7160,Eyüpspor,2026-02-06,2027-06-30,126,Caykur Rizespor,2027-06-30,https://www.transfermarkt.de/anil-yasar/profil/spieler/685329,88a41d2e0ab823db25db2f4a281081d3dd736dd873adcaf7952519130f2e4924,CONFIRMED,0,,,,,,,,,NO_MATCHING_TRANSFER_EVENT,SUFFICIENT_OWNER_AND_CHRONOLOGY,,,https://www.transfermarkt.de/eyupspor/kader/verein/7160/saison_id/2026/plus/1,f4f3375da68b82c3bad1b9efcd11d29ed67584c0d829b173c80cc388820bec9c,f4f3375da68b82c3bad1b9efcd11d29ed67584c0d829b173c80cc388820bec9c:CACHED_BYTES_MATCH | 88a41d2e0ab823db25db2f4a281081d3dd736dd873adcaf7952519130f2e4924:CACHED_BYTES_MATCH,2026-09-12
TYPED_CONDITION,TUR1,Eyüpspor,7160,Arda Yavuz,1175508,2006-05-20,203094,0,3159539,3145777,DOB_NAME,YES,YES,7160,Eyüpspor,2026-01-13,2030-06-30,,,,https://www.transfermarkt.de/arda-yavuz/profil/spieler/1175508,69678ffe570da33311a4c61f54b40db04fefaccc416c8b004a1d0018d3d89d79,CONFIRMED,0,,,,,,,,,NO_MATCHING_TRANSFER_EVENT,MISSING_FIELDS,loan_owner_tm_id | owner_contract_until,Sol,https://www.transfermarkt.de/eyupspor/kader/verein/7160/saison_id/2026/plus/1,f4f3375da68b82c3bad1b9efcd11d29ed67584c0d829b173c80cc388820bec9c,f4f3375da68b82c3bad1b9efcd11d29ed67584c0d829b173c80cc388820bec9c:CACHED_BYTES_MATCH | 69678ffe570da33311a4c61f54b40db04fefaccc416c8b004a1d0018d3d89d79:CACHED_BYTES_MATCH,2026-09-12
TYPED_CONDITION,TUR1,Galatasaray,141,Eyüp Aydın,605110,2004-08-02,297317,278168,3145745,3145825,DOB_NAME,YES,YES,141,Galatasaray,2023-09-15,2027-06-30,,,,https://www.transfermarkt.de/eyup-aydin/profil/spieler/605110,fe6f642586bd3d09d8985479232a52d255852fe3cb4d105876256acbda7091a0,CONFIRMED,2,6165039,LOAN_RETURN,2026-06-30,Kasimpasa,Galatasaray,https://www.transfermarkt.de/super-lig/transfers/wettbewerb/TR1/saison_id/2026,673f7a4eee1e2dc5a16d0727bf4f4c45015c921cc092e8d3b7b759b5db06f4be,CONFIRMED,AVAILABLE,MISSING_FIELDS,loan_owner_tm_id | owner_contract_until,Sol,https://www.transfermarkt.de/galatasaray/kader/verein/141/saison_id/2026/plus/1,66f1195fdd6d32bc947bb726ca4925adf5e39b928cebbb291569108f880a8f16,66f1195fdd6d32bc947bb726ca4925adf5e39b928cebbb291569108f880a8f16:CACHED_BYTES_MATCH | fe6f642586bd3d09d8985479232a52d255852fe3cb4d105876256acbda7091a0:CACHED_BYTES_MATCH | 673f7a4eee1e2dc5a16d0727bf4f4c45015c921cc092e8d3b7b759b5db06f4be:CACHED_BYTES_MATCH,2026-09-12
TYPED_CONDITION,TUR1,Genclerbirligi Ankara,820,Adama Traoré,364405,1995-06-05,78065,245694,12005429,3145836,DOB_NAME,YES,YES,820,Genclerbirligi Ankara,2025-08-15,2027-06-30,,,,https://www.transfermarkt.de/adama-traore/profil/spieler/364405,498c33576e596d7c43a745c0a24e0c30376a3b230e74375dbf5e015fb2682313,CONFIRMED,1,5938536,LOAN_RETURN,2026-02-02,Al-Ula FC,Genclerbirligi Ankara,https://www.transfermarkt.de/super-lig/transfers/wettbewerb/TR1/saison_id/2026,673f7a4eee1e2dc5a16d0727bf4f4c45015c921cc092e8d3b7b759b5db06f4be,CONFIRMED,AVAILABLE,MISSING_FIELDS,loan_owner_tm_id | owner_contract_until,Sol,https://www.transfermarkt.de/genclerbirligi-ankara/kader/verein/820/saison_id/2026/plus/1,9fb824ef54d8cf6c84b7b150acc7ac82c0b5fa7fc8222f7f3c24c366e83db062,9fb824ef54d8cf6c84b7b150acc7ac82c0b5fa7fc8222f7f3c24c366e83db062:CACHED_BYTES_MATCH | 498c33576e596d7c43a745c0a24e0c30376a3b230e74375dbf5e015fb2682313:CACHED_BYTES_MATCH | 673f7a4eee1e2dc5a16d0727bf4f4c45015c921cc092e8d3b7b759b5db06f4be:CACHED_BYTES_MATCH,2026-09-12
TYPED_CONDITION,TUR1,Genclerbirligi Ankara,820,Arda Çağan Çelik,1078111,2005-03-29,202907,0,3159846,3145836,DOB_NAME,YES,YES,820,Genclerbirligi Ankara,2024-07-01,2028-06-30,,,,https://www.transfermarkt.de/arda-cagan-celik/profil/spieler/1078111,004565d67666f2ab1b6a4c7b4cf42ca680c90fa91a15c03ad25ef0f4ad59bdb1,CONFIRMED,0,,,,,,,,,NO_MATCHING_TRANSFER_EVENT,MISSING_FIELDS,loan_owner_tm_id | owner_contract_until,Sol,https://www.transfermarkt.de/genclerbirligi-ankara/kader/verein/820/saison_id/2026/plus/1,9fb824ef54d8cf6c84b7b150acc7ac82c0b5fa7fc8222f7f3c24c366e83db062,9fb824ef54d8cf6c84b7b150acc7ac82c0b5fa7fc8222f7f3c24c366e83db062:CACHED_BYTES_MATCH | 004565d67666f2ab1b6a4c7b4cf42ca680c90fa91a15c03ad25ef0f4ad59bdb1:CACHED_BYTES_MATCH,2026-09-12
TYPED_CONDITION,TUR1,Kocaelispor,120,Emir Ortakaya,727081,2004-06-22,199991,278369,3145777,3145754,DOB_NAME,YES,YES,120,Kocaelispor,2026-07-05,2028-06-30,,,,https://www.transfermarkt.de/emir-ortakaya/profil/spieler/727081,88075f3bf977025cb6937c4ed0fed0a9f241c08a33f3e72added0b4111e476ce,CONFIRMED,2,6404121,PERMANENT,,Caykur Rizespor,Kocaelispor,https://www.transfermarkt.de/super-lig/transfers/wettbewerb/TR1/saison_id/2026,673f7a4eee1e2dc5a16d0727bf4f4c45015c921cc092e8d3b7b759b5db06f4be,CONFIRMED,AVAILABLE,MISSING_FIELDS,loan_owner_tm_id | owner_contract_until,Sol,https://www.transfermarkt.de/kocaelispor/kader/verein/120/saison_id/2026/plus/1,bda2ed30c80e868d465811681293fb83205ade381ad18055d9cd750ca9ce7817,bda2ed30c80e868d465811681293fb83205ade381ad18055d9cd750ca9ce7817:CACHED_BYTES_MATCH | 88075f3bf977025cb6937c4ed0fed0a9f241c08a33f3e72added0b4111e476ce:CACHED_BYTES_MATCH | 673f7a4eee1e2dc5a16d0727bf4f4c45015c921cc092e8d3b7b759b5db06f4be:CACHED_BYTES_MATCH,2026-09-12
TYPED_CONDITION,TUR1,Kocaelispor,120,Mahamadou Susoho,895074,2005-01-20,288463,279624,2752522,3145754,DOB_NAME,YES,YES,120,Kocaelispor,2026-01-31,2028-06-30,,,,https://www.transfermarkt.de/mahamadou-susoho/profil/spieler/895074,f02b854de94c20048d1b3438b29b03fe8f8b8fa179f1089000c4bb74fb034c19,CONFIRMED,0,,,,,,,,,NO_MATCHING_TRANSFER_EVENT,MISSING_FIELDS,loan_owner_tm_id | owner_contract_until,Sol,https://www.transfermarkt.de/kocaelispor/kader/verein/120/saison_id/2026/plus/1,bda2ed30c80e868d465811681293fb83205ade381ad18055d9cd750ca9ce7817,bda2ed30c80e868d465811681293fb83205ade381ad18055d9cd750ca9ce7817:CACHED_BYTES_MATCH | f02b854de94c20048d1b3438b29b03fe8f8b8fa179f1089000c4bb74fb034c19:CACHED_BYTES_MATCH,2026-09-12
TYPED_CONDITION,TUR1,Samsunspor,152,Elayis Tavsan,462086,2001-04-30,292895,262335,1769569,3145745,DOB_NAME,YES,YES,152,Samsunspor,2026-01-16,2030-06-30,,,,https://www.transfermarkt.de/elayis-tavsan/profil/spieler/462086,41ad95983aab8f243ba758159e6002768c55d5c04d21407e3e25a934d73c5097,CONFIRMED,0,,,,,,,,,NO_MATCHING_TRANSFER_EVENT,MISSING_FIELDS,loan_owner_tm_id | owner_contract_until,Sol,https://www.transfermarkt.de/samsunspor/kader/verein/152/saison_id/2026/plus/1,4e99640342d6c03de82a839147f9c53a0cc4bc14523c727d2894fc2df5432171,4e99640342d6c03de82a839147f9c53a0cc4bc14523c727d2894fc2df5432171:CACHED_BYTES_MATCH | 41ad95983aab8f243ba758159e6002768c55d5c04d21407e3e25a934d73c5097:CACHED_BYTES_MATCH,2026-09-12
TYPED_CONDITION,TUR1,Samsunspor,152,Enes Albak,1072260,2005-05-16,202099,278374,3149831,3145745,DOB_NAME,YES,YES,152,Samsunspor,2023-07-01,2027-06-30,,,,https://www.transfermarkt.de/enes-albak/profil/spieler/1072260,413cae80a5dff04b217488de3fa4077f8aaecd78d4327ea3b1dcdd365ba2e6d2,CONFIRMED,0,,,,,,,,,NO_MATCHING_TRANSFER_EVENT,MISSING_FIELDS,loan_owner_tm_id | owner_contract_until,Sol,https://www.transfermarkt.de/samsunspor/kader/verein/152/saison_id/2026/plus/1,4e99640342d6c03de82a839147f9c53a0cc4bc14523c727d2894fc2df5432171,4e99640342d6c03de82a839147f9c53a0cc4bc14523c727d2894fc2df5432171:CACHED_BYTES_MATCH | 413cae80a5dff04b217488de3fa4077f8aaecd78d4327ea3b1dcdd365ba2e6d2:CACHED_BYTES_MATCH,2026-09-12
TYPED_CONDITION,TUR1,Samsunspor,152,Kerem Fidan,1173403,2006-04-07,204315,0,3158618,3145745,DOB_NAME,YES,YES,152,Samsunspor,2025-07-01,2029-06-30,,,,https://www.transfermarkt.de/kerem-fidan/profil/spieler/1173403,9043130dcce26bde19d7fc606272268e854c2f8db2cb681c023d5cc4d0a619f0,CONFIRMED,1,5939463,LOAN_RETURN,2026-06-30,Amasyaspor FK,Samsunspor,https://www.transfermarkt.de/super-lig/transfers/wettbewerb/TR1/saison_id/2026,673f7a4eee1e2dc5a16d0727bf4f4c45015c921cc092e8d3b7b759b5db06f4be,CONFIRMED,AVAILABLE,MISSING_FIELDS,loan_owner_tm_id | owner_contract_until,Sol,https://www.transfermarkt.de/samsunspor/kader/verein/152/saison_id/2026/plus/1,4e99640342d6c03de82a839147f9c53a0cc4bc14523c727d2894fc2df5432171,4e99640342d6c03de82a839147f9c53a0cc4bc14523c727d2894fc2df5432171:CACHED_BYTES_MATCH | 9043130dcce26bde19d7fc606272268e854c2f8db2cb681c023d5cc4d0a619f0:CACHED_BYTES_MATCH | 673f7a4eee1e2dc5a16d0727bf4f4c45015c921cc092e8d3b7b759b5db06f4be:CACHED_BYTES_MATCH,2026-09-12
