row_id,decision,resolution_status,resolution_basis,resolved_state_json,queue,blocking,reason,league,club,club_tm_id,player,player_tm_id,dob,fm_id,fifa_id,native_club_id,target_club_id,identity_method,source,source_sha256,snapshot_date
FM27-6f26dad88053d4552d35d72d,,AWAITING_EXTERNAL_RESOLUTION,,,CONTRACT_CHRONOLOGY,YES,Joined/end/shirt fields are incomplete or invalid,BEL1,Lommel SK,5026,Melvin Ramundo,1451840,2007-09-07,237038,0,458783,458783,DOB_NAME,https://www.transfermarkt.de/lommel-sk/kader/verein/5026/saison_id/2026/plus/1,9ff756a9f65fb1a83d753e141d2c89530fd8a9311bba2096f5846c718c381d8a,2026-09-12
FM27-e93ac663f1ae6049d006afbe,,AWAITING_EXTERNAL_RESOLUTION,,,CONTRACT_CHRONOLOGY,YES,Joined/end/shirt fields are incomplete or invalid,BEL1,Oud-Heverlee Leuven,2727,Sebastian Murru,1179829,2007-03-16,235960,0,458775,458775,DOB_NAME,https://www.transfermarkt.de/oud-heverlee-leuven/kader/verein/2727/saison_id/2026/plus/1,13369b1472ae4137934608499f3a290781d8b7a96223b8e0488ea6f56621495e,2026-09-12
FM27-ab2d932e1c1d0aadb73833be,,AWAITING_EXTERNAL_RESOLUTION,,,CONTRACT_CHRONOLOGY,YES,Joined/end/shirt fields are incomplete or invalid,BEL1,Royal Antwerpen FC,1096,Aaron Ibrahim,1135426,2008-08-02,235372,0,458785,458785,DOB_NAME,https://www.transfermarkt.de/royal-antwerpen-fc/kader/verein/1096/saison_id/2026/plus/1,eb2b5eea86d19deaf123189c966bf44bae4a2d94614134be4d229233c58d37aa,2026-09-12
FM27-1348f18d8f7857a99e7169a6,,AWAITING_EXTERNAL_RESOLUTION,,,CONTRACT_CHRONOLOGY,YES,Joined/end/shirt fields are incomplete or invalid,BEL1,Royal Charleroi SC,172,Arthur Cremer,548619,2000-08-18,237880,0,458772,458761,DOB_NAME,https://www.transfermarkt.de/royal-charleroi-sc/kader/verein/172/saison_id/2026/plus/1,be345af7e14ab40246420c64e873b34283e56e8aafa6f5b344acf44cf11dfec1,2026-09-12
FM27-44e40f12c9f2dd36e355eba5,,AWAITING_EXTERNAL_RESOLUTION,,,CONTRACT_CHRONOLOGY,YES,Joined/end/shirt fields are incomplete or invalid,BEL1,Royal Charleroi SC,172,Boubakar Dembaga,1173870,2006-06-07,284502,0,1179655,458761,DOB_NAME,https://www.transfermarkt.de/royal-charleroi-sc/kader/verein/172/saison_id/2026/plus/1,be345af7e14ab40246420c64e873b34283e56e8aafa6f5b344acf44cf11dfec1,2026-09-12
FM27-0d343b5ff4590c8e4b503b5e,,AWAITING_EXTERNAL_RESOLUTION,,,CONTRACT_CHRONOLOGY,YES,Joined/end/shirt fields are incomplete or invalid,BEL1,Royal Charleroi SC,172,Isaac Cissé,1145004,2006-10-10,36543,0,9175042,458761,DOB_NAME,https://www.transfermarkt.de/royal-charleroi-sc/kader/verein/172/saison_id/2026/plus/1,be345af7e14ab40246420c64e873b34283e56e8aafa6f5b344acf44cf11dfec1,2026-09-12
FM27-309ebfd030fb1abef9d7f201,,AWAITING_EXTERNAL_RESOLUTION,,,CONTRACT_CHRONOLOGY,YES,Joined/end/shirt fields are incomplete or invalid,BEL1,Royal Charleroi SC,172,Rafaël Teugels,1084207,2006-06-07,235558,0,458761,458761,DOB_NAME,https://www.transfermarkt.de/royal-charleroi-sc/kader/verein/172/saison_id/2026/plus/1,be345af7e14ab40246420c64e873b34283e56e8aafa6f5b344acf44cf11dfec1,2026-09-12
FM27-e06ad18dfeff030474167da9,,AWAITING_EXTERNAL_RESOLUTION,,,CONTRACT_CHRONOLOGY,YES,Joined/end/shirt fields are incomplete or invalid,BEL1,VV St. Truiden,475,Ahmad Abu Rasen,1159156,2003-11-02,76846,277063,11993090,458759,DOB_NAME,https://www.transfermarkt.de/vv-st-truiden/kader/verein/475/saison_id/2026/plus/1,c0e976a963b2c1507ec52e39bab62ae405f89e7c2149e5b8ecc88e56b4f6ff7a,2026-09-12
FM27-f21487776a8c0ce88e0aa3b4,,AWAITING_EXTERNAL_RESOLUTION,,,CONTRACT_CHRONOLOGY,YES,Joined/end/shirt fields are incomplete or invalid,BEL1,VV St. Truiden,475,Ryotaro Araki,566011,2002-01-29,307148,255438,10682372,458759,DOB_NAME,https://www.transfermarkt.de/vv-st-truiden/kader/verein/475/saison_id/2026/plus/1,c0e976a963b2c1507ec52e39bab62ae405f89e7c2149e5b8ecc88e56b4f6ff7a,2026-09-12
FM27-1423b22dcdce21b63b6b6947,,AWAITING_EXTERNAL_RESOLUTION,,,CONTRACT_CHRONOLOGY,YES,Joined/end/shirt fields are incomplete or invalid,BEL1,Zulte Waregem,3508,Florian Van Bever,1314653,2007-10-02,236225,0,458782,458782,DOB_NAME,https://www.transfermarkt.de/zulte-waregem/kader/verein/3508/saison_id/2026/plus/1,0acbb0eca1723445958969f80be44f59778e527ba0095de244c35e56e3b9068e,2026-09-12
FM27-39bbbb02d2296f5c085a464b,,AWAITING_EXTERNAL_RESOLUTION,,,CONTRACT_CHRONOLOGY,YES,Joined/end/shirt fields are incomplete or invalid,CZE1,1.FC Slovacko,5544,Leos Prior,1120141,2005-01-04,11498,0,790532,786461,DOB_NAME,https://www.transfermarkt.de/1-fc-slovacko/kader/verein/5544/saison_id/2026/plus/1,42dab36a10cfd13d442ece1bb7499f652fac54d38b8eba2248452673a53bcacf,2026-09-12
FM27-4c88d6f6a1a0a31c21b585f2,,AWAITING_EXTERNAL_RESOLUTION,,,CONTRACT_CHRONOLOGY,YES,Joined/end/shirt fields are incomplete or invalid,CZE1,1.FC Slovacko,5544,Ousman Ceesay,1281438,2005-07-08,11422,0,786461,786461,DOB_NAME,https://www.transfermarkt.de/1-fc-slovacko/kader/verein/5544/saison_id/2026/plus/1,42dab36a10cfd13d442ece1bb7499f652fac54d38b8eba2248452673a53bcacf,2026-09-12
FM27-f5b5c80eaaeac6c713043776,,AWAITING_EXTERNAL_RESOLUTION,,,CONTRACT_CHRONOLOGY,YES,Joined/end/shirt fields are incomplete or invalid,CZE1,AC Sparta Prag,197,Adam Karabec,652061,2003-07-02,284674,256970,1179661,786442,DOB_NAME,https://www.transfermarkt.de/ac-sparta-prag/kader/verein/197/saison_id/2026/plus/1,6b74c895ae1857517e5325904312eb2643155a1ddb4be2ba7e884a9840dcea35,2026-09-12
FM27-9f6c9d61b7f715e89fb5dd52,,AWAITING_EXTERNAL_RESOLUTION,,,CONTRACT_CHRONOLOGY,YES,Joined/end/shirt fields are incomplete or invalid,CZE1,AC Sparta Prag,197,Hugo Sochurek,1206877,2008-06-07,296018,0,786442,786442,DOB_NAME,https://www.transfermarkt.de/ac-sparta-prag/kader/verein/197/saison_id/2026/plus/1,6b74c895ae1857517e5325904312eb2643155a1ddb4be2ba7e884a9840dcea35,2026-09-12
FM27-c2b3746545bff94b4f9fe2e0,,AWAITING_EXTERNAL_RESOLUTION,,,CONTRACT_CHRONOLOGY,YES,Joined/end/shirt fields are incomplete or invalid,CZE1,AC Sparta Prag,197,Joao Grimaldo,662701,2003-02-20,128450,261971,1847353,786442,DOB_NAME,https://www.transfermarkt.de/ac-sparta-prag/kader/verein/197/saison_id/2026/plus/1,6b74c895ae1857517e5325904312eb2643155a1ddb4be2ba7e884a9840dcea35,2026-09-12
FM27-452ecb364dbdb5f324a3ce22,,AWAITING_EXTERNAL_RESOLUTION,,,CONTRACT_CHRONOLOGY,YES,Joined/end/shirt fields are incomplete or invalid,CZE1,AC Sparta Prag,197,Ki-Jana Hoever,485583,2002-01-18,23756,246763,917547,786442,DOB_NAME,https://www.transfermarkt.de/ac-sparta-prag/kader/verein/197/saison_id/2026/plus/1,6b74c895ae1857517e5325904312eb2643155a1ddb4be2ba7e884a9840dcea35,2026-09-12
FM27-9e2e7b3c09ae2810f35fa7b0,,AWAITING_EXTERNAL_RESOLUTION,,,CONTRACT_CHRONOLOGY,YES,Joined/end/shirt fields are incomplete or invalid,CZE1,AC Sparta Prag,197,Loïc Mbe Soh,463610,2001-06-13,236433,248603,458802,786442,DOB_NAME,https://www.transfermarkt.de/ac-sparta-prag/kader/verein/197/saison_id/2026/plus/1,6b74c895ae1857517e5325904312eb2643155a1ddb4be2ba7e884a9840dcea35,2026-09-12
FM27-fcf7f94596d39bed55049631,,AWAITING_EXTERNAL_RESOLUTION,,,CONTRACT_CHRONOLOGY,YES,Joined/end/shirt fields are incomplete or invalid,CZE1,AC Sparta Prag,197,Matyas Vojta,836196,2004-02-26,11324,0,786434,786442,DOB_NAME,https://www.transfermarkt.de/ac-sparta-prag/kader/verein/197/saison_id/2026/plus/1,6b74c895ae1857517e5325904312eb2643155a1ddb4be2ba7e884a9840dcea35,2026-09-12
FM27-51cbccaaa5e57e69f19403c8,,AWAITING_EXTERNAL_RESOLUTION,,,CONTRACT_CHRONOLOGY,YES,Joined/end/shirt fields are incomplete or invalid,CZE1,AC Sparta Prag,197,Ondrej Penxa,1013797,2007-03-23,296014,0,786442,786442,DOB_NAME,https://www.transfermarkt.de/ac-sparta-prag/kader/verein/197/saison_id/2026/plus/1,6b74c895ae1857517e5325904312eb2643155a1ddb4be2ba7e884a9840dcea35,2026-09-12
FM27-7056894869de2abe15a8b6cb,,AWAITING_EXTERNAL_RESOLUTION,,,CONTRACT_CHRONOLOGY,YES,Joined/end/shirt fields are incomplete or invalid,CZE1,AC Sparta Prag,197,Roman Macek,256085,1997-04-18,11318,237317,786434,786442,DOB_NAME,https://www.transfermarkt.de/ac-sparta-prag/kader/verein/197/saison_id/2026/plus/1,6b74c895ae1857517e5325904312eb2643155a1ddb4be2ba7e884a9840dcea35,2026-09-12
FM27-87c10a520730cafa3c7ca798,,AWAITING_EXTERNAL_RESOLUTION,,,CONTRACT_CHRONOLOGY,YES,Joined/end/shirt fields are incomplete or invalid,CZE1,AC Sparta Prag,197,Viktor Vitályos,1161671,2007-07-18,107480,0,1507331,786442,DOB_NAME,https://www.transfermarkt.de/ac-sparta-prag/kader/verein/197/saison_id/2026/plus/1,6b74c895ae1857517e5325904312eb2643155a1ddb4be2ba7e884a9840dcea35,2026-09-12
FM27-d881f591f44c986b787fa011,,AWAITING_EXTERNAL_RESOLUTION,,,CONTRACT_CHRONOLOGY,YES,Joined/end/shirt fields are incomplete or invalid,CZE1,Bohemians Prag 1905,715,Dominik Plestil,504809,1999-08-09,296787,0,786453,786453,DOB_NAME,https://www.transfermarkt.de/bohemians-prag-1905/kader/verein/715/saison_id/2026/plus/1,ebdb6624691ca6718b5ca6df413da8f706167c604575caed018b5bb2940716cb,2026-09-12
FM27-299553186c842024b6ef31f4,,AWAITING_EXTERNAL_RESOLUTION,,,CONTRACT_CHRONOLOGY,YES,Joined/end/shirt fields are incomplete or invalid,CZE1,Bohemians Prag 1905,715,Matej Suryn,1240796,2004-09-22,12466,0,790599,786453,DOB_NAME,https://www.transfermarkt.de/bohemians-prag-1905/kader/verein/715/saison_id/2026/plus/1,ebdb6624691ca6718b5ca6df413da8f706167c604575caed018b5bb2940716cb,2026-09-12
FM27-91258983ebd1cadba85e107c,,AWAITING_EXTERNAL_RESOLUTION,,,CONTRACT_CHRONOLOGY,YES,Joined/end/shirt fields are incomplete or invalid,CZE1,Bohemians Prag 1905,715,Mathews Banda,1111665,2005-08-06,41584,0,9637891,786453,DOB_NAME,https://www.transfermarkt.de/bohemians-prag-1905/kader/verein/715/saison_id/2026/plus/1,ebdb6624691ca6718b5ca6df413da8f706167c604575caed018b5bb2940716cb,2026-09-12
FM27-f8e64ee669e1e4844c0f4eba,,AWAITING_EXTERNAL_RESOLUTION,,,CONTRACT_CHRONOLOGY,YES,Joined/end/shirt fields are incomplete or invalid,CZE1,FC Banik Ostrau,377,Aboubacar Traore,1071300,2004-08-20,11262,0,790540,786446,DOB_NAME,https://www.transfermarkt.de/fc-banik-ostrau/kader/verein/377/saison_id/2026/plus/1,3717000ca143110b9cff7bc66843b5e54104cdaa75d0e196220c4e77c8b4d611,2026-09-12
FM27-e2dec3b84909926ab17f87dc,,AWAITING_EXTERNAL_RESOLUTION,,,CONTRACT_CHRONOLOGY,YES,Joined/end/shirt fields are incomplete or invalid,CZE1,FC Hradec Kralove,1897,Elione Fernandes Neto,934519,2005-08-23,265015,0,262150,790530,DOB_NAME,https://www.transfermarkt.de/fc-hradec-kralove/kader/verein/1897/saison_id/2026/plus/1,9f165382686e89ef721bef5137a1368d6a21993eeb3b6a2f26d9e63870638938,2026-09-12
FM27-08770b4612b1a0e439ae632c,,AWAITING_EXTERNAL_RESOLUTION,,,CONTRACT_CHRONOLOGY,YES,Joined/end/shirt fields are incomplete or invalid,CZE1,FC Hradec Kralove,1897,Stepan Ponikelsky,1140173,2007-06-25,296758,0,790530,790530,DOB_NAME,https://www.transfermarkt.de/fc-hradec-kralove/kader/verein/1897/saison_id/2026/plus/1,9f165382686e89ef721bef5137a1368d6a21993eeb3b6a2f26d9e63870638938,2026-09-12
FM27-40295355978e2c9a952a2732,,AWAITING_EXTERNAL_RESOLUTION,,,CONTRACT_CHRONOLOGY,YES,Joined/end/shirt fields are incomplete or invalid,CZE1,FC Hradec Kralove,1897,Tomas Wiesner,334807,1997-07-17,1000013460,246183,0,790530,DOB_NAME,https://www.transfermarkt.de/fc-hradec-kralove/kader/verein/1897/saison_id/2026/plus/1,9f165382686e89ef721bef5137a1368d6a21993eeb3b6a2f26d9e63870638938,2026-09-12
FM27-f711e8abcaef24d17470eb41,,AWAITING_EXTERNAL_RESOLUTION,,,CONTRACT_CHRONOLOGY,YES,Joined/end/shirt fields are incomplete or invalid,CZE1,FC Hradec Kralove,1897,Viktor Zentrich,605571,2003-06-13,1000015933,0,0,790530,DOB_NAME,https://www.transfermarkt.de/fc-hradec-kralove/kader/verein/1897/saison_id/2026/plus/1,9f165382686e89ef721bef5137a1368d6a21993eeb3b6a2f26d9e63870638938,2026-09-12
FM27-4d45a5ded489cdcc3f6a0b12,,AWAITING_EXTERNAL_RESOLUTION,,,CONTRACT_CHRONOLOGY,YES,Joined/end/shirt fields are incomplete or invalid,CZE1,FC Viktoria Pilsen,941,Dominik Tapaj,973315,2004-05-10,177626,0,2818052,786450,DOB_NAME,https://www.transfermarkt.de/fc-viktoria-pilsen/kader/verein/941/saison_id/2026/plus/1,996e90d35b62a49d97cf67985e3302e6eb90152f4e1be1f533a26fcd90f8e7ac,2026-09-12
FM27-367ad086476125558cfb9091,,AWAITING_EXTERNAL_RESOLUTION,,,CONTRACT_CHRONOLOGY,YES,Joined/end/shirt fields are incomplete or invalid,CZE1,FC Viktoria Pilsen,941,Vaclav Mika,396225,2000-06-01,177717,263548,2818060,786450,DOB_NAME,https://www.transfermarkt.de/fc-viktoria-pilsen/kader/verein/941/saison_id/2026/plus/1,996e90d35b62a49d97cf67985e3302e6eb90152f4e1be1f533a26fcd90f8e7ac,2026-09-12
FM27-084c912823490b04f59a66b7,,AWAITING_EXTERNAL_RESOLUTION,,,CONTRACT_CHRONOLOGY,YES,Joined/end/shirt fields are incomplete or invalid,CZE1,FC Zbrojovka Brünn,5225,Dominik Svacek,269167,1997-02-24,11841,246032,786447,786447,DOB_NAME,https://www.transfermarkt.de/fc-zbrojovka-brunn/kader/verein/5225/saison_id/2026/plus/1,1aeecf841a85ad9d35469b9ba37af49f38aee1b2e160fdd7ebc2df04f3863d83,2026-09-12
FM27-82e06ee37d17484d39311bd6,,AWAITING_EXTERNAL_RESOLUTION,,,CONTRACT_CHRONOLOGY,YES,Joined/end/shirt fields are incomplete or invalid,CZE1,FC Zbrojovka Brünn,5225,Eric Hunal,839554,2005-01-21,11479,0,790532,786447,DOB_NAME,https://www.transfermarkt.de/fc-zbrojovka-brunn/kader/verein/5225/saison_id/2026/plus/1,1aeecf841a85ad9d35469b9ba37af49f38aee1b2e160fdd7ebc2df04f3863d83,2026-09-12
FM27-f6ed0460922494c720b81af8,,AWAITING_EXTERNAL_RESOLUTION,,,CONTRACT_CHRONOLOGY,YES,Joined/end/shirt fields are incomplete or invalid,CZE1,FC Zbrojovka Brünn,5225,Jakub Pokorny,333494,1996-09-11,105171,0,1455254,786447,DOB_NAME,https://www.transfermarkt.de/fc-zbrojovka-brunn/kader/verein/5225/saison_id/2026/plus/1,1aeecf841a85ad9d35469b9ba37af49f38aee1b2e160fdd7ebc2df04f3863d83,2026-09-12
FM27-d34bf162c94771b633b2f793,,AWAITING_EXTERNAL_RESOLUTION,,,CONTRACT_CHRONOLOGY,YES,Joined/end/shirt fields are incomplete or invalid,CZE1,FC Zbrojovka Brünn,5225,Justin Araujo-Wilson,806684,2002-08-26,12221,0,790563,786447,DOB_NAME,https://www.transfermarkt.de/fc-zbrojovka-brunn/kader/verein/5225/saison_id/2026/plus/1,1aeecf841a85ad9d35469b9ba37af49f38aee1b2e160fdd7ebc2df04f3863d83,2026-09-12
FM27-410cc8f1f68f5b15abfd5e8a,,AWAITING_EXTERNAL_RESOLUTION,,,CONTRACT_CHRONOLOGY,YES,Joined/end/shirt fields are incomplete or invalid,CZE1,FC Zbrojovka Brünn,5225,Lucky Ezeh,1005946,2004-01-23,11258,0,790540,786447,DOB_NAME,https://www.transfermarkt.de/fc-zbrojovka-brunn/kader/verein/5225/saison_id/2026/plus/1,1aeecf841a85ad9d35469b9ba37af49f38aee1b2e160fdd7ebc2df04f3863d83,2026-09-12
FM27-17e7cdbfc49f7b2bd55ebb79,,AWAITING_EXTERNAL_RESOLUTION,,,CONTRACT_CHRONOLOGY,YES,Joined/end/shirt fields are incomplete or invalid,CZE1,FC Zbrojovka Brünn,5225,Lukas Saal,955192,2006-02-17,12227,0,790563,786447,DOB_NAME,https://www.transfermarkt.de/fc-zbrojovka-brunn/kader/verein/5225/saison_id/2026/plus/1,1aeecf841a85ad9d35469b9ba37af49f38aee1b2e160fdd7ebc2df04f3863d83,2026-09-12
FM27-fc5fc2cab457391975e357f2,,AWAITING_EXTERNAL_RESOLUTION,,,CONTRACT_CHRONOLOGY,YES,Joined/end/shirt fields are incomplete or invalid,CZE1,FC Zbrojovka Brünn,5225,Petr Sevcik,147555,1994-05-04,295792,247030,786441,786447,DOB_NAME,https://www.transfermarkt.de/fc-zbrojovka-brunn/kader/verein/5225/saison_id/2026/plus/1,1aeecf841a85ad9d35469b9ba37af49f38aee1b2e160fdd7ebc2df04f3863d83,2026-09-12
FM27-28fc69f149e5b2c8be31fe24,,AWAITING_EXTERNAL_RESOLUTION,,,CONTRACT_CHRONOLOGY,YES,Joined/end/shirt fields are incomplete or invalid,CZE1,FC Zbrojovka Brünn,5225,Stepan Langer,622257,2000-08-16,297594,0,786439,786447,DOB_NAME,https://www.transfermarkt.de/fc-zbrojovka-brunn/kader/verein/5225/saison_id/2026/plus/1,1aeecf841a85ad9d35469b9ba37af49f38aee1b2e160fdd7ebc2df04f3863d83,2026-09-12
FM27-30bdd637efd2baaf56d29c17,,AWAITING_EXTERNAL_RESOLUTION,,,CONTRACT_CHRONOLOGY,YES,Joined/end/shirt fields are incomplete or invalid,CZE1,FC Zlin,5545,Stepan Bachurek,719356,2002-08-24,295593,0,786445,786445,DOB_NAME,https://www.transfermarkt.de/fc-zlin/kader/verein/5545/saison_id/2026/plus/1,145632bcb3322adba503e23b5de14e7fcaebb0cc067878f73ac83683b3023bd4,2026-09-12
FM27-8272625af3917fd6a5312a3c,,AWAITING_EXTERNAL_RESOLUTION,,,CONTRACT_CHRONOLOGY,YES,Joined/end/shirt fields are incomplete or invalid,CZE1,FC Zlin,5545,Tomas Fojtu,748201,2003-08-02,295613,0,786445,786445,DOB_NAME,https://www.transfermarkt.de/fc-zlin/kader/verein/5545/saison_id/2026/plus/1,145632bcb3322adba503e23b5de14e7fcaebb0cc067878f73ac83683b3023bd4,2026-09-12
FM27-49b8c246edde6d364ee0a2a8,,AWAITING_EXTERNAL_RESOLUTION,,,CONTRACT_CHRONOLOGY,YES,Joined/end/shirt fields are incomplete or invalid,CZE1,FC Zlin,5545,Tomas Hellebrand,1142060,2007-08-31,295604,0,786445,786445,DOB_NAME,https://www.transfermarkt.de/fc-zlin/kader/verein/5545/saison_id/2026/plus/1,145632bcb3322adba503e23b5de14e7fcaebb0cc067878f73ac83683b3023bd4,2026-09-12
FM27-85f6f92b2a32e7299294c72f,,AWAITING_EXTERNAL_RESOLUTION,,,CONTRACT_CHRONOLOGY,YES,Joined/end/shirt fields are incomplete or invalid,CZE1,FK Jablonec,1322,David Nykrin,940793,2004-06-28,296500,0,786437,786437,DOB_NAME,https://www.transfermarkt.de/fk-jablonec/kader/verein/1322/saison_id/2026/plus/1,fa6bc207fa67c20e0cd9ca574d81e19d3d8b6b77840b71993b1620a5a4b28b21,2026-09-12
FM27-706876048f432207de57fb46,,AWAITING_EXTERNAL_RESOLUTION,,,CONTRACT_CHRONOLOGY,YES,Joined/end/shirt fields are incomplete or invalid,CZE1,FK Jablonec,1322,Jan Suchan,270791,1996-01-18,296488,0,786437,786437,DOB_NAME,https://www.transfermarkt.de/fk-jablonec/kader/verein/1322/saison_id/2026/plus/1,fa6bc207fa67c20e0cd9ca574d81e19d3d8b6b77840b71993b1620a5a4b28b21,2026-09-12
FM27-dc7ab24afbeff61030c4a6cc,,AWAITING_EXTERNAL_RESOLUTION,,,CONTRACT_CHRONOLOGY,YES,Joined/end/shirt fields are incomplete or invalid,CZE1,FK Jablonec,1322,Nelson Okeke,853197,2002-03-25,296799,0,786453,786437,DOB_NAME,https://www.transfermarkt.de/fk-jablonec/kader/verein/1322/saison_id/2026/plus/1,fa6bc207fa67c20e0cd9ca574d81e19d3d8b6b77840b71993b1620a5a4b28b21,2026-09-12
FM27-bbf0b8a1f484b774b2518cfb,,AWAITING_EXTERNAL_RESOLUTION,,,CONTRACT_CHRONOLOGY,YES,Joined/end/shirt fields are incomplete or invalid,CZE1,FK Jablonec,1322,Roman Horak,740558,2005-02-25,295998,0,786442,786437,DOB_NAME,https://www.transfermarkt.de/fk-jablonec/kader/verein/1322/saison_id/2026/plus/1,fa6bc207fa67c20e0cd9ca574d81e19d3d8b6b77840b71993b1620a5a4b28b21,2026-09-12
FM27-6d644ec03587a546f31bf704,,AWAITING_EXTERNAL_RESOLUTION,,,CONTRACT_CHRONOLOGY,YES,Joined/end/shirt fields are incomplete or invalid,CZE1,FK Mlada Boleslav,5546,Daniel Langhamer,710409,2003-03-20,11331,0,786434,786434,DOB_NAME,https://www.transfermarkt.de/fk-mlada-boleslav/kader/verein/5546/saison_id/2026/plus/1,5a8600e42926651e56482ac4dac8c6e5e0e3e1754eacf142566e811f0e9bca53,2026-09-12
FM27-e57057fadcb6df1aa72c6bb4,,AWAITING_EXTERNAL_RESOLUTION,,,CONTRACT_CHRONOLOGY,YES,Joined/end/shirt fields are incomplete or invalid,CZE1,FK Mlada Boleslav,5546,Filip Kolar,839538,2005-06-06,11383,0,786434,786434,DOB_NAME,https://www.transfermarkt.de/fk-mlada-boleslav/kader/verein/5546/saison_id/2026/plus/1,5a8600e42926651e56482ac4dac8c6e5e0e3e1754eacf142566e811f0e9bca53,2026-09-12
FM27-4bda925bb66312dcbe20c068,,AWAITING_EXTERNAL_RESOLUTION,,,CONTRACT_CHRONOLOGY,YES,Joined/end/shirt fields are incomplete or invalid,CZE1,FK Mlada Boleslav,5546,Filip Lehky,580117,2002-06-20,11335,0,786434,786434,DOB_NAME,https://www.transfermarkt.de/fk-mlada-boleslav/kader/verein/5546/saison_id/2026/plus/1,5a8600e42926651e56482ac4dac8c6e5e0e3e1754eacf142566e811f0e9bca53,2026-09-12
FM27-b149fccf6ec3349eeb960916,,AWAITING_EXTERNAL_RESOLUTION,,,CONTRACT_CHRONOLOGY,YES,Joined/end/shirt fields are incomplete or invalid,CZE1,FK Mlada Boleslav,5546,Jan Buryan,938901,2005-10-11,11730,0,790549,786434,DOB_NAME,https://www.transfermarkt.de/fk-mlada-boleslav/kader/verein/5546/saison_id/2026/plus/1,5a8600e42926651e56482ac4dac8c6e5e0e3e1754eacf142566e811f0e9bca53,2026-09-12
FM27-20506b3332fe8f53f0d234a1,,AWAITING_EXTERNAL_RESOLUTION,,,CONTRACT_CHRONOLOGY,YES,Joined/end/shirt fields are incomplete or invalid,CZE1,FK Mlada Boleslav,5546,Jan Zíka,1058742,2006-02-02,11344,0,786434,786434,DOB_NAME,https://www.transfermarkt.de/fk-mlada-boleslav/kader/verein/5546/saison_id/2026/plus/1,5a8600e42926651e56482ac4dac8c6e5e0e3e1754eacf142566e811f0e9bca53,2026-09-12
FM27-13c22a9a23619ba9be6775e8,,AWAITING_EXTERNAL_RESOLUTION,,,CONTRACT_CHRONOLOGY,YES,Joined/end/shirt fields are incomplete or invalid,CZE1,FK Mlada Boleslav,5546,Marek Obdrzalek,1013790,2007-03-03,11362,0,786434,786434,DOB_NAME,https://www.transfermarkt.de/fk-mlada-boleslav/kader/verein/5546/saison_id/2026/plus/1,5a8600e42926651e56482ac4dac8c6e5e0e3e1754eacf142566e811f0e9bca53,2026-09-12
FM27-dc8ec6509f029c487057acaa,,AWAITING_EXTERNAL_RESOLUTION,,,CONTRACT_CHRONOLOGY,YES,Joined/end/shirt fields are incomplete or invalid,CZE1,FK Mlada Boleslav,5546,Matej Zachoval,740556,2005-04-09,11341,0,786434,786434,DOB_NAME,https://www.transfermarkt.de/fk-mlada-boleslav/kader/verein/5546/saison_id/2026/plus/1,5a8600e42926651e56482ac4dac8c6e5e0e3e1754eacf142566e811f0e9bca53,2026-09-12
FM27-89dddd8e876a67a5991da328,,AWAITING_EXTERNAL_RESOLUTION,,,CONTRACT_CHRONOLOGY,YES,Joined/end/shirt fields are incomplete or invalid,CZE1,FK Mlada Boleslav,5546,Vojtech Hora,956140,2004-05-05,11334,0,786434,786434,DOB_NAME,https://www.transfermarkt.de/fk-mlada-boleslav/kader/verein/5546/saison_id/2026/plus/1,5a8600e42926651e56482ac4dac8c6e5e0e3e1754eacf142566e811f0e9bca53,2026-09-12
FM27-c5757dc161b9dce6da4e1d98,,AWAITING_EXTERNAL_RESOLUTION,,,CONTRACT_CHRONOLOGY,YES,Joined/end/shirt fields are incomplete or invalid,CZE1,FK Mlada Boleslav,5546,Vojtech Vorel,221289,1996-06-18,295989,240283,786442,786434,DOB_NAME,https://www.transfermarkt.de/fk-mlada-boleslav/kader/verein/5546/saison_id/2026/plus/1,5a8600e42926651e56482ac4dac8c6e5e0e3e1754eacf142566e811f0e9bca53,2026-09-12
FM27-3b942518784a134cc5474aa8,,AWAITING_EXTERNAL_RESOLUTION,,,CONTRACT_CHRONOLOGY,YES,Joined/end/shirt fields are incomplete or invalid,CZE1,FK Pardubice,1496,Abdullahi Tanko,543411,1998-05-12,11556,0,790538,790538,DOB_NAME,https://www.transfermarkt.de/fk-pardubice/kader/verein/1496/saison_id/2026/plus/1,ff994ed3554101d4e2a5377d206e013ac142ca4f73f68a0c406e2cc0d305e0ef,2026-09-12
FM27-9dea4c0b528aa10240f9e47c,,AWAITING_EXTERNAL_RESOLUTION,,,CONTRACT_CHRONOLOGY,YES,Joined/end/shirt fields are incomplete or invalid,CZE1,FK Pardubice,1496,Dominique Simon,988188,2000-07-29,177718,0,2818060,790538,DOB_NAME,https://www.transfermarkt.de/fk-pardubice/kader/verein/1496/saison_id/2026/plus/1,ff994ed3554101d4e2a5377d206e013ac142ca4f73f68a0c406e2cc0d305e0ef,2026-09-12
FM27-c39e618af5f9288b08ff8cff,,AWAITING_EXTERNAL_RESOLUTION,,,CONTRACT_CHRONOLOGY,YES,Joined/end/shirt fields are incomplete or invalid,CZE1,FK Pardubice,1496,Filip Brdicka,941037,2004-08-06,11582,0,790538,790538,DOB_NAME,https://www.transfermarkt.de/fk-pardubice/kader/verein/1496/saison_id/2026/plus/1,ff994ed3554101d4e2a5377d206e013ac142ca4f73f68a0c406e2cc0d305e0ef,2026-09-12
FM27-9956c7300c625f08216436f7,,AWAITING_EXTERNAL_RESOLUTION,,,CONTRACT_CHRONOLOGY,YES,Joined/end/shirt fields are incomplete or invalid,CZE1,FK Pardubice,1496,Jan Tredl,839549,2004-07-06,11576,0,790538,790538,DOB_NAME,https://www.transfermarkt.de/fk-pardubice/kader/verein/1496/saison_id/2026/plus/1,ff994ed3554101d4e2a5377d206e013ac142ca4f73f68a0c406e2cc0d305e0ef,2026-09-12
FM27-33de8de338a6d897f25d24b7,,AWAITING_EXTERNAL_RESOLUTION,,,CONTRACT_CHRONOLOGY,YES,Joined/end/shirt fields are incomplete or invalid,CZE1,FK Pardubice,1496,Vojtech Patrak,464271,2000-03-18,11561,0,790538,790538,DOB_NAME,https://www.transfermarkt.de/fk-pardubice/kader/verein/1496/saison_id/2026/plus/1,ff994ed3554101d4e2a5377d206e013ac142ca4f73f68a0c406e2cc0d305e0ef,2026-09-12
FM27-489808efe1ade48c2186005d,,AWAITING_EXTERNAL_RESOLUTION,,,CONTRACT_CHRONOLOGY,YES,Joined/end/shirt fields are incomplete or invalid,CZE1,FK Teplice,814,Idris Hopi,1529250,2008-05-12,295300,0,786443,786443,DOB_NAME,https://www.transfermarkt.de/fk-teplice/kader/verein/814/saison_id/2026/plus/1,d56a4f10e63ee591f34d8043653f8dec1ff43e812697defcdc04274a50cee948,2026-09-12
FM27-22b31b25eb192cccf84b5b7c,,AWAITING_EXTERNAL_RESOLUTION,,,CONTRACT_CHRONOLOGY,YES,Joined/end/shirt fields are incomplete or invalid,CZE1,FK Teplice,814,John Auta,1305311,2006-04-28,295272,0,786443,786443,DOB_NAME,https://www.transfermarkt.de/fk-teplice/kader/verein/814/saison_id/2026/plus/1,d56a4f10e63ee591f34d8043653f8dec1ff43e812697defcdc04274a50cee948,2026-09-12
FM27-2be02aa5f525af031b43a8b3,,AWAITING_EXTERNAL_RESOLUTION,,,CONTRACT_CHRONOLOGY,YES,Joined/end/shirt fields are incomplete or invalid,CZE1,FK Teplice,814,Matej Naprstek,652049,2003-07-27,295264,0,786443,786443,DOB_NAME,https://www.transfermarkt.de/fk-teplice/kader/verein/814/saison_id/2026/plus/1,d56a4f10e63ee591f34d8043653f8dec1ff43e812697defcdc04274a50cee948,2026-09-12
FM27-eb105c85985a0fdd7eb642b1,,AWAITING_EXTERNAL_RESOLUTION,,,CONTRACT_CHRONOLOGY,YES,Joined/end/shirt fields are incomplete or invalid,CZE1,FK Teplice,814,Petr Kodes,292520,1996-01-31,296689,0,790530,786443,DOB_NAME,https://www.transfermarkt.de/fk-teplice/kader/verein/814/saison_id/2026/plus/1,d56a4f10e63ee591f34d8043653f8dec1ff43e812697defcdc04274a50cee948,2026-09-12
FM27-9cd7e4aae7e07e0743a13036,,AWAITING_EXTERNAL_RESOLUTION,,,CONTRACT_CHRONOLOGY,YES,Joined/end/shirt fields are incomplete or invalid,CZE1,FK Teplice,814,Sebastian Pech,1078665,2009-01-05,296017,0,786442,786443,DOB_NAME,https://www.transfermarkt.de/fk-teplice/kader/verein/814/saison_id/2026/plus/1,d56a4f10e63ee591f34d8043653f8dec1ff43e812697defcdc04274a50cee948,2026-09-12
FM27-52c9446a682812ac6c65f0cb,,AWAITING_EXTERNAL_RESOLUTION,,,CONTRACT_CHRONOLOGY,YES,Joined/end/shirt fields are incomplete or invalid,CZE1,FK Teplice,814,Tomas Zlatohlavek,424237,2000-05-22,296594,0,786446,786443,DOB_NAME,https://www.transfermarkt.de/fk-teplice/kader/verein/814/saison_id/2026/plus/1,d56a4f10e63ee591f34d8043653f8dec1ff43e812697defcdc04274a50cee948,2026-09-12
FM27-cdc74c84678330674a9c19cd,,AWAITING_EXTERNAL_RESOLUTION,,,CONTRACT_CHRONOLOGY,YES,Joined/end/shirt fields are incomplete or invalid,CZE1,SK Artis Brünn,24325,Adam Petrak,709285,1999-08-20,11949,0,786454,790564,DOB_NAME,https://www.transfermarkt.de/sk-artis-brunn/kader/verein/24325/saison_id/2026/plus/1,587a867b1b6398028de49094330bc2934f1e7245d3ee79f2003e9ffe6410ac9f,2026-09-12
FM27-5df8e3a9bbe43ec8c56d6b9e,,AWAITING_EXTERNAL_RESOLUTION,,,CONTRACT_CHRONOLOGY,YES,Joined/end/shirt fields are incomplete or invalid,CZE1,SK Artis Brünn,24325,David Simek,493763,1998-02-15,11562,0,790538,790564,DOB_NAME,https://www.transfermarkt.de/sk-artis-brunn/kader/verein/24325/saison_id/2026/plus/1,587a867b1b6398028de49094330bc2934f1e7245d3ee79f2003e9ffe6410ac9f,2026-09-12
FM27-73f21d57a7fc863344919b27,,AWAITING_EXTERNAL_RESOLUTION,,,CONTRACT_CHRONOLOGY,YES,Joined/end/shirt fields are incomplete or invalid,CZE1,SK Artis Brünn,24325,Martin Taus,1120796,2006-03-26,11923,0,790564,790564,DOB_NAME,https://www.transfermarkt.de/sk-artis-brunn/kader/verein/24325/saison_id/2026/plus/1,587a867b1b6398028de49094330bc2934f1e7245d3ee79f2003e9ffe6410ac9f,2026-09-12
FM27-0d812459199e2be04d063e12,,AWAITING_EXTERNAL_RESOLUTION,,,CONTRACT_CHRONOLOGY,YES,Joined/end/shirt fields are incomplete or invalid,CZE1,SK Artis Brünn,24325,Richard Kasik,1439972,2007-12-05,11926,0,790564,790564,DOB_NAME,https://www.transfermarkt.de/sk-artis-brunn/kader/verein/24325/saison_id/2026/plus/1,587a867b1b6398028de49094330bc2934f1e7245d3ee79f2003e9ffe6410ac9f,2026-09-12
FM27-758cef65aa0dafd73e574147,,AWAITING_EXTERNAL_RESOLUTION,,,CONTRACT_CHRONOLOGY,YES,Joined/end/shirt fields are incomplete or invalid,CZE1,SK Sigma Olmütz,2311,Anton Ekeroth,819392,2001-09-16,142923,74175,2359300,786439,DOB_NAME,https://www.transfermarkt.de/sk-sigma-olmutz/kader/verein/2311/saison_id/2026/plus/1,c61d1f22a4e21ac99834db236d5c613fdf98db28632452029778a0c82954b875,2026-09-12
FM27-88ba4df186bcfed0b07055e7,,AWAITING_EXTERNAL_RESOLUTION,,,CONTRACT_CHRONOLOGY,YES,Joined/end/shirt fields are incomplete or invalid,CZE1,SK Sigma Olmütz,2311,Dario Grgic,619300,2003-03-16,269629,0,3355040,786439,DOB_NAME,https://www.transfermarkt.de/sk-sigma-olmutz/kader/verein/2311/saison_id/2026/plus/1,c61d1f22a4e21ac99834db236d5c613fdf98db28632452029778a0c82954b875,2026-09-12
FM27-71d4fed72a8c01ab54124499,,AWAITING_EXTERNAL_RESOLUTION,,,CONTRACT_CHRONOLOGY,YES,Joined/end/shirt fields are incomplete or invalid,CZE1,SK Sigma Olmütz,2311,Péter Baráth,616948,2002-02-21,148163,268098,2424906,786439,DOB_NAME,https://www.transfermarkt.de/sk-sigma-olmutz/kader/verein/2311/saison_id/2026/plus/1,c61d1f22a4e21ac99834db236d5c613fdf98db28632452029778a0c82954b875,2026-09-12
FM27-083a0c7851e413f26c2b1b4e,,AWAITING_EXTERNAL_RESOLUTION,,,CONTRACT_CHRONOLOGY,YES,Joined/end/shirt fields are incomplete or invalid,CZE1,SK Sigma Olmütz,2311,Vaclav Sejk,629777,2002-05-18,291000,265701,2228234,786439,DOB_NAME,https://www.transfermarkt.de/sk-sigma-olmutz/kader/verein/2311/saison_id/2026/plus/1,c61d1f22a4e21ac99834db236d5c613fdf98db28632452029778a0c82954b875,2026-09-12
FM27-f1dd98dc91cd2a70932fbdc5,,AWAITING_EXTERNAL_RESOLUTION,,,CONTRACT_CHRONOLOGY,YES,Joined/end/shirt fields are incomplete or invalid,CZE1,SK Slavia Prag,62,Elias Pitak,991036,2006-03-28,295814,0,786441,786441,DOB_NAME,https://www.transfermarkt.de/sk-slavia-prag/kader/verein/62/saison_id/2026/plus/1,ab5b3ad613592069fe87ed798140f18d5a2969fea81a54ddd36b6738aad74f72,2026-09-12
FM27-20b95d68ed193087d5af0eda,,AWAITING_EXTERNAL_RESOLUTION,,,CONTRACT_CHRONOLOGY,YES,Joined/end/shirt fields are incomplete or invalid,CZE1,SK Slavia Prag,62,Mubarak Suleiman,1457962,2007-04-13,295811,0,786441,786441,DOB_NAME,https://www.transfermarkt.de/sk-slavia-prag/kader/verein/62/saison_id/2026/plus/1,ab5b3ad613592069fe87ed798140f18d5a2969fea81a54ddd36b6738aad74f72,2026-09-12
FM27-eb38b965b66b7c486173b38b,,AWAITING_EXTERNAL_RESOLUTION,,,CONTRACT_CHRONOLOGY,YES,Joined/end/shirt fields are incomplete or invalid,ENG1,Arsenal,11,Max Dowman,1187629,2009-12-31,257478,0,917505,917505,DOB_NAME,https://www.transfermarkt.de/fc-arsenal/kader/verein/11/saison_id/2026/plus/1,0a651bf929057db7f1dbbe4529cc7f612bb8971a26a0e97c6367450f71960375,2026-09-12
FM27-76c556e99807eba8811274e1,,AWAITING_EXTERNAL_RESOLUTION,,,CONTRACT_CHRONOLOGY,YES,Joined/end/shirt fields are incomplete or invalid,ENG1,Aston Villa,405,George Hemmings,1023191,2007-04-03,261144,0,917506,917506,DOB_NAME,https://www.transfermarkt.de/aston-villa/kader/verein/405/saison_id/2026/plus/1,66b9b7fdd741084e821d291249f5bdc0fe382243be248d861c1137a95e82f15d,2026-09-12
FM27-dd57b925cf2ea91f7a269949,,AWAITING_EXTERNAL_RESOLUTION,,,CONTRACT_CHRONOLOGY,YES,Joined/end/shirt fields are incomplete or invalid,ENG1,Aston Villa,405,James Wright,712181,2004-12-02,261133,0,917506,917506,DOB_NAME,https://www.transfermarkt.de/aston-villa/kader/verein/405/saison_id/2026/plus/1,66b9b7fdd741084e821d291249f5bdc0fe382243be248d861c1137a95e82f15d,2026-09-12
FM27-f5a57cdb3a76a0e35cc46d5d,,AWAITING_EXTERNAL_RESOLUTION,,,CONTRACT_CHRONOLOGY,YES,Joined/end/shirt fields are incomplete or invalid,ENG1,Crystal Palace,873,Takehiro Tomiyasu,331560,1998-11-05,1000013185,232938,0,917535,DOB_NAME,https://www.transfermarkt.de/crystal-palace/kader/verein/873/saison_id/2026/plus/1,5b0d8110693231bc9cfcbf4e744171ea18f83dc20ff4c35e294cf84c098ae7ac,2026-09-12
FM27-65fbef0d5ccc03fd0eb8b938,,AWAITING_EXTERNAL_RESOLUTION,,,CONTRACT_CHRONOLOGY,YES,Joined/end/shirt fields are incomplete or invalid,ENG1,Manchester City,281,Ryan McAidoo,1187640,2008-06-24,262626,0,917518,917518,DOB_NAME,https://www.transfermarkt.de/manchester-city/kader/verein/281/saison_id/2026/plus/1,480dc31ff14f1e9821d8a65e16c6d82796ba24da1b92e06c4904603842d4bf05,2026-09-12
FM27-f3cb7b8596582c25d662eb2d,,AWAITING_EXTERNAL_RESOLUTION,,,CONTRACT_CHRONOLOGY,YES,Joined/end/shirt fields are incomplete or invalid,FRA1,Le Havre AC,738,Enzo Koffi,1119881,2006-03-04,290027,81595,1179681,1179681,DOB_NAME,https://www.transfermarkt.de/le-havre-ac/kader/verein/738/saison_id/2026/plus/1,c689367405332b2d53df382c7e86172b8f1c4f1721cf694d45fd4f70cea2659b,2026-09-12
FM27-4795297f61f10eac5ef7de4f,,AWAITING_EXTERNAL_RESOLUTION,,,CONTRACT_CHRONOLOGY,YES,Joined/end/shirt fields are incomplete or invalid,FRA1,Le Havre AC,738,Vincent Sasso,122115,1991-02-16,272442,188538,1179721,1179681,DOB_NAME,https://www.transfermarkt.de/le-havre-ac/kader/verein/738/saison_id/2026/plus/1,c689367405332b2d53df382c7e86172b8f1c4f1721cf694d45fd4f70cea2659b,2026-09-12
FM27-83ae825102c9067d0eeacfbb,,AWAITING_EXTERNAL_RESOLUTION,,,CONTRACT_CHRONOLOGY,YES,Joined/end/shirt fields are incomplete or invalid,FRA1,OGC Nizza,417,Martin Ponsot,1297633,2009-01-30,285298,0,1179666,1179666,DOB_NAME,https://www.transfermarkt.de/ogc-nizza/kader/verein/417/saison_id/2026/plus/1,fa8bf3199dee38b93fc1d2e4928a2bb5030c6ffeaf55062823a2f597c4d5e7c7,2026-09-12
FM27-b0f6df2c93a6b03273f38f5e,,AWAITING_EXTERNAL_RESOLUTION,,,CONTRACT_CHRONOLOGY,YES,Joined/end/shirt fields are incomplete or invalid,FRA1,OGC Nizza,417,Nassim Laarej,1297635,2009-03-22,285303,0,1179666,1179666,DOB_NAME,https://www.transfermarkt.de/ogc-nizza/kader/verein/417/saison_id/2026/plus/1,fa8bf3199dee38b93fc1d2e4928a2bb5030c6ffeaf55062823a2f597c4d5e7c7,2026-09-12
FM27-7a290a745709d1558d1a7cc8,,AWAITING_EXTERNAL_RESOLUTION,,,CONTRACT_CHRONOLOGY,YES,Joined/end/shirt fields are incomplete or invalid,FRA1,OGC Nizza,417,Zoumana Diallo,1004479,2005-02-02,285297,0,1179666,1179666,DOB_NAME,https://www.transfermarkt.de/ogc-nizza/kader/verein/417/saison_id/2026/plus/1,fa8bf3199dee38b93fc1d2e4928a2bb5030c6ffeaf55062823a2f597c4d5e7c7,2026-09-12
FM27-7524e1962362de352b6713fa,,AWAITING_EXTERNAL_RESOLUTION,,,CONTRACT_CHRONOLOGY,YES,Joined/end/shirt fields are incomplete or invalid,GER1,1. FC Union Berlin,89,Julien Friedrich,1033581,2006-11-12,267997,0,1378815,1376348,DOB_NAME,https://www.transfermarkt.de/1-fc-union-berlin/kader/verein/89/saison_id/2026/plus/1,09ae9c47f64c54ef97da615c30d6aa9ae9d953e1a3e18c00b87ea902f5a73e34,2026-09-12
FM27-6c49726655cfd66fc224440e,,AWAITING_EXTERNAL_RESOLUTION,,,CONTRACT_CHRONOLOGY,YES,Joined/end/shirt fields are incomplete or invalid,GER1,1. FC Union Berlin,89,Marvin Friedrich,196231,1995-12-13,279837,222493,1376263,1376348,DOB_NAME,https://www.transfermarkt.de/1-fc-union-berlin/kader/verein/89/saison_id/2026/plus/1,09ae9c47f64c54ef97da615c30d6aa9ae9d953e1a3e18c00b87ea902f5a73e34,2026-09-12
FM27-c26e8f924e088c6c1d459779,,AWAITING_EXTERNAL_RESOLUTION,,,CONTRACT_CHRONOLOGY,YES,Joined/end/shirt fields are incomplete or invalid,GER1,1. FC Union Berlin,89,Mekhi Gray,1162925,2007-02-19,277792,0,1376348,1376348,DOB_NAME,https://www.transfermarkt.de/1-fc-union-berlin/kader/verein/89/saison_id/2026/plus/1,09ae9c47f64c54ef97da615c30d6aa9ae9d953e1a3e18c00b87ea902f5a73e34,2026-09-12
FM27-59182bf2ea34fac4de4da682,,AWAITING_EXTERNAL_RESOLUTION,,,CONTRACT_CHRONOLOGY,YES,Joined/end/shirt fields are incomplete or invalid,GER1,1. FC Union Berlin,89,Zeno Van Den Bosch,738774,2003-07-06,235338,260931,458785,1376348,DOB_NAME,https://www.transfermarkt.de/1-fc-union-berlin/kader/verein/89/saison_id/2026/plus/1,09ae9c47f64c54ef97da615c30d6aa9ae9d953e1a3e18c00b87ea902f5a73e34,2026-09-12
FM27-9ddc7eae1993ecd135d482d4,,AWAITING_EXTERNAL_RESOLUTION,,,CONTRACT_CHRONOLOGY,YES,Joined/end/shirt fields are incomplete or invalid,GER1,1. FSV Mainz 05,39,Eric Martel,597000,2002-04-29,277510,256942,1376275,1376259,DOB_NAME,https://www.transfermarkt.de/1-fsv-mainz-05/kader/verein/39/saison_id/2026/plus/1,a0ac0e0c9eb47a3776e4e43c8257aa032114b35240aadb843dc1c757a5313de7,2026-09-12
FM27-c352a20c06c15a42269d83e5,,AWAITING_EXTERNAL_RESOLUTION,,,CONTRACT_CHRONOLOGY,YES,Joined/end/shirt fields are incomplete or invalid,GER1,1. FSV Mainz 05,39,Ransford Königsdörffer,470038,2001-09-13,275631,255036,1376267,1376259,DOB_NAME,https://www.transfermarkt.de/1-fsv-mainz-05/kader/verein/39/saison_id/2026/plus/1,a0ac0e0c9eb47a3776e4e43c8257aa032114b35240aadb843dc1c757a5313de7,2026-09-12
FM27-faa7d310f3549244e33294d6,,AWAITING_EXTERNAL_RESOLUTION,,,CONTRACT_CHRONOLOGY,YES,Joined/end/shirt fields are incomplete or invalid,GER1,1. FSV Mainz 05,39,Silas,612826,1998-10-06,277651,245940,1376272,1376259,DOB_NAME,https://www.transfermarkt.de/1-fsv-mainz-05/kader/verein/39/saison_id/2026/plus/1,a0ac0e0c9eb47a3776e4e43c8257aa032114b35240aadb843dc1c757a5313de7,2026-09-12
FM27-5b6a753a7f4d8eaae8c77e05,,AWAITING_EXTERNAL_RESOLUTION,,,CONTRACT_CHRONOLOGY,YES,Joined/end/shirt fields are incomplete or invalid,GER1,Hamburger SV,41,Elias Lahti,1303450,2009-01-09,275707,0,1376267,1376267,DOB_NAME,https://www.transfermarkt.de/hamburger-sv/kader/verein/41/saison_id/2026/plus/1,b64691692e6ee125bc166e1e2f2766b5b1648b8f0d8bf0281ff1575f23bed386,2026-09-12
FM27-0905a02028eb5af3825d1582,,AWAITING_EXTERNAL_RESOLUTION,,,CONTRACT_CHRONOLOGY,YES,Joined/end/shirt fields are incomplete or invalid,GER1,Hamburger SV,41,Louis Lemke,1294853,2009-10-08,275699,0,1376267,1376267,DOB_NAME,https://www.transfermarkt.de/hamburger-sv/kader/verein/41/saison_id/2026/plus/1,b64691692e6ee125bc166e1e2f2766b5b1648b8f0d8bf0281ff1575f23bed386,2026-09-12
FM27-f475a320eb1adb14f1ee8575,,AWAITING_EXTERNAL_RESOLUTION,,,CONTRACT_CHRONOLOGY,YES,Joined/end/shirt fields are incomplete or invalid,GER1,RasenBallsport Leipzig,23826,Samba Konaté,1380977,2009-02-27,276962,0,1376555,1376555,DOB_NAME,https://www.transfermarkt.de/rb-leipzig/kader/verein/23826/saison_id/2026/plus/1,97283d90f2a9e564bd064da4fa47fa71d7ad3661db6e1e1a6f768776682c54ff,2026-09-12
FM27-ff4119d5a5b1fcd045d1f72b,,AWAITING_EXTERNAL_RESOLUTION,,,CONTRACT_CHRONOLOGY,YES,Joined/end/shirt fields are incomplete or invalid,GER1,SC Paderborn 07,127,Albert Millgramm,814986,2004-11-12,276353,0,1376373,1376421,DOB_NAME,https://www.transfermarkt.de/sc-paderborn-07/kader/verein/127/saison_id/2026/plus/1,2bc1c2dc6af19cdfe4c15f929f45c9c1b3aeb6d1349fe49c0cbceca9a06d7cde,2026-09-12
FM27-9ffef4ff39036312e058a34e,,AWAITING_EXTERNAL_RESOLUTION,,,CONTRACT_CHRONOLOGY,YES,Joined/end/shirt fields are incomplete or invalid,GER1,SC Paderborn 07,127,Clemens Lippmann,1148887,2006-06-29,269699,76291,1376291,1376421,DOB_NAME,https://www.transfermarkt.de/sc-paderborn-07/kader/verein/127/saison_id/2026/plus/1,2bc1c2dc6af19cdfe4c15f929f45c9c1b3aeb6d1349fe49c0cbceca9a06d7cde,2026-09-12
FM27-1181a8f6e1a1ee463e371478,,AWAITING_EXTERNAL_RESOLUTION,,,CONTRACT_CHRONOLOGY,YES,Joined/end/shirt fields are incomplete or invalid,GER1,SC Paderborn 07,127,Jano ter Horst,606113,2002-06-19,276088,276287,1376419,1376421,DOB_NAME,https://www.transfermarkt.de/sc-paderborn-07/kader/verein/127/saison_id/2026/plus/1,2bc1c2dc6af19cdfe4c15f929f45c9c1b3aeb6d1349fe49c0cbceca9a06d7cde,2026-09-12
FM27-f49b5163e025672f24f10ecd,,AWAITING_EXTERNAL_RESOLUTION,,,CONTRACT_CHRONOLOGY,YES,Joined/end/shirt fields are incomplete or invalid,GER1,SC Paderborn 07,127,Oliver Batista Meier,406614,2001-02-16,276085,244024,1376419,1376421,DOB_NAME,https://www.transfermarkt.de/sc-paderborn-07/kader/verein/127/saison_id/2026/plus/1,2bc1c2dc6af19cdfe4c15f929f45c9c1b3aeb6d1349fe49c0cbceca9a06d7cde,2026-09-12
FM27-80a71cb7e9b443ef1dbe247c,,AWAITING_EXTERNAL_RESOLUTION,,,CONTRACT_CHRONOLOGY,YES,Joined/end/shirt fields are incomplete or invalid,GER1,SV Werder Bremen,86,Dariusz Stalmach,826795,2005-12-08,276326,265580,1376373,1376271,DOB_NAME,https://www.transfermarkt.de/sv-werder-bremen/kader/verein/86/saison_id/2026/plus/1,0a7e36159d0c7ffd555ab7f3ffa226b0cf286e7a1a009e2dca794bd509bbd26e,2026-09-12
FM27-ebce3f8b2b036e8b8b343678,,AWAITING_EXTERNAL_RESOLUTION,,,CONTRACT_CHRONOLOGY,YES,Joined/end/shirt fields are incomplete or invalid,GER1,SV Werder Bremen,86,Darwin Soylu,1071244,2007-03-23,100029,0,1376274,1376271,DOB_NAME,https://www.transfermarkt.de/sv-werder-bremen/kader/verein/86/saison_id/2026/plus/1,0a7e36159d0c7ffd555ab7f3ffa226b0cf286e7a1a009e2dca794bd509bbd26e,2026-09-12
FM27-3663b2a6f736d78bc5051465,,AWAITING_EXTERNAL_RESOLUTION,,,CONTRACT_CHRONOLOGY,YES,Joined/end/shirt fields are incomplete or invalid,GER1,SV Werder Bremen,86,Salim Musah,1042472,2006-02-22,280810,79455,1376271,1376271,DOB_NAME,https://www.transfermarkt.de/sv-werder-bremen/kader/verein/86/saison_id/2026/plus/1,0a7e36159d0c7ffd555ab7f3ffa226b0cf286e7a1a009e2dca794bd509bbd26e,2026-09-12
FM27-916cf75fb62556847ca4cd6c,,AWAITING_EXTERNAL_RESOLUTION,,,CONTRACT_CHRONOLOGY,YES,Joined/end/shirt fields are incomplete or invalid,GER1,SV Werder Bremen,86,Stefan Smarkalev,1025989,2007-05-14,280816,79461,1376271,1376271,DOB_NAME,https://www.transfermarkt.de/sv-werder-bremen/kader/verein/86/saison_id/2026/plus/1,0a7e36159d0c7ffd555ab7f3ffa226b0cf286e7a1a009e2dca794bd509bbd26e,2026-09-12
FM27-efcd184e4f7f32a4f2dcbfba,,AWAITING_EXTERNAL_RESOLUTION,,,CONTRACT_CHRONOLOGY,YES,Joined/end/shirt fields are incomplete or invalid,GER1,Sport-Club Freiburg,60,Berkay Yılmaz,907087,2005-02-25,274305,279115,1376258,1376270,DOB_NAME,https://www.transfermarkt.de/sc-freiburg/kader/verein/60/saison_id/2026/plus/1,e62e19efa9614998b4f5177da82a997a537a7c947c1c8872e3857207ec428e4f,2026-09-12
FM27-2a99d0c304979060df8c862a,,AWAITING_EXTERNAL_RESOLUTION,,,CONTRACT_CHRONOLOGY,YES,Joined/end/shirt fields are incomplete or invalid,GER1,TSG 1899 Hoffenheim,533,Bambasé Conté,574193,2003-07-07,276419,267782,1376432,1376433,DOB_NAME,https://www.transfermarkt.de/tsg-1899-hoffenheim/kader/verein/533/saison_id/2026/plus/1,e5e493cd00b5c047bf6df4097b4f69f777e988a4f1f63a0879aef32a7379e1cd,2026-09-12
FM27-0da804f78c39e2bdc05b9599,,AWAITING_EXTERNAL_RESOLUTION,,,CONTRACT_CHRONOLOGY,YES,Joined/end/shirt fields are incomplete or invalid,GER2,1. FC Kaiserslautern,2,David Schramm,932375,2006-06-28,276630,0,1376257,1376257,DOB_NAME,https://www.transfermarkt.de/1-fc-kaiserslautern/kader/verein/2/saison_id/2026/plus/1,f57ab040dd8126f8fe2d4d84bbf8f3d5dee76ffc0d0c490223335ff120a69dd1,2026-09-12
FM27-24fadf3ac0edfe6b2e2c54fc,,AWAITING_EXTERNAL_RESOLUTION,,,CONTRACT_CHRONOLOGY,YES,Joined/end/shirt fields are incomplete or invalid,GER2,1. FC Kaiserslautern,2,Enis Kamga,1144518,2007-07-08,276608,79737,1376257,1376257,DOB_NAME,https://www.transfermarkt.de/1-fc-kaiserslautern/kader/verein/2/saison_id/2026/plus/1,f57ab040dd8126f8fe2d4d84bbf8f3d5dee76ffc0d0c490223335ff120a69dd1,2026-09-12
FM27-10ab3f86b3c6b5d5f69c9a33,,AWAITING_EXTERNAL_RESOLUTION,,,CONTRACT_CHRONOLOGY,YES,Joined/end/shirt fields are incomplete or invalid,GER2,1. FC Kaiserslautern,2,Erik Müller,1144523,2006-06-11,276644,0,1376257,1376257,DOB_NAME,https://www.transfermarkt.de/1-fc-kaiserslautern/kader/verein/2/saison_id/2026/plus/1,f57ab040dd8126f8fe2d4d84bbf8f3d5dee76ffc0d0c490223335ff120a69dd1,2026-09-12
FM27-2d8e90de1d7ac283657b763c,,AWAITING_EXTERNAL_RESOLUTION,,,CONTRACT_CHRONOLOGY,YES,Joined/end/shirt fields are incomplete or invalid,GER2,1. FC Kaiserslautern,2,Kian Scheer,1144522,2007-06-30,276621,0,1376257,1376257,DOB_NAME,https://www.transfermarkt.de/1-fc-kaiserslautern/kader/verein/2/saison_id/2026/plus/1,f57ab040dd8126f8fe2d4d84bbf8f3d5dee76ffc0d0c490223335ff120a69dd1,2026-09-12
FM27-0ff11df5aa0bf34bad10c590,,AWAITING_EXTERNAL_RESOLUTION,,,CONTRACT_CHRONOLOGY,YES,Joined/end/shirt fields are incomplete or invalid,GER2,1. FC Kaiserslautern,2,Thierry Tazemeta,790434,2007-07-27,277446,0,1376262,1376257,VERIFIED_PRIOR_TM_BRIDGE,https://www.transfermarkt.de/1-fc-kaiserslautern/kader/verein/2/saison_id/2026/plus/1,f57ab040dd8126f8fe2d4d84bbf8f3d5dee76ffc0d0c490223335ff120a69dd1,2026-09-12
FM27-24ff43732e2ac7b01e3fb6cd,,AWAITING_EXTERNAL_RESOLUTION,,,CONTRACT_CHRONOLOGY,YES,Joined/end/shirt fields are incomplete or invalid,GER2,1. FC Kaiserslautern,2,Yannick Onohiol,1037925,2004-08-21,280215,0,1376433,1376257,DOB_NAME,https://www.transfermarkt.de/1-fc-kaiserslautern/kader/verein/2/saison_id/2026/plus/1,f57ab040dd8126f8fe2d4d84bbf8f3d5dee76ffc0d0c490223335ff120a69dd1,2026-09-12
FM27-37646cc1a5db41bf573e66df,,AWAITING_EXTERNAL_RESOLUTION,,,CONTRACT_CHRONOLOGY,YES,Joined/end/shirt fields are incomplete or invalid,GER2,1. FC Magdeburg,187,Anselmo García MacNulty,631904,2003-02-19,293734,262889,2228260,1376373,DOB_NAME,https://www.transfermarkt.de/1-fc-magdeburg/kader/verein/187/saison_id/2026/plus/1,d0ff31a4349276164899e3293cd9c2c30e400169104ef2ece40cfdb9b3d70c93,2026-09-12
FM27-386d4f1fcc6fbefa5ee615a4,,AWAITING_EXTERNAL_RESOLUTION,,,CONTRACT_CHRONOLOGY,YES,Joined/end/shirt fields are incomplete or invalid,GER2,1. FC Magdeburg,187,Emmanuel Iyoha,314245,1997-10-11,276696,231353,1376429,1376373,DOB_NAME,https://www.transfermarkt.de/1-fc-magdeburg/kader/verein/187/saison_id/2026/plus/1,d0ff31a4349276164899e3293cd9c2c30e400169104ef2ece40cfdb9b3d70c93,2026-09-12
FM27-d7f98e2daae0225dc5ba3dad,,AWAITING_EXTERNAL_RESOLUTION,,,CONTRACT_CHRONOLOGY,YES,Joined/end/shirt fields are incomplete or invalid,GER2,1. FC Magdeburg,187,Kevin Manthey,1160023,2007-05-29,280829,0,1376271,1376373,DOB_NAME,https://www.transfermarkt.de/1-fc-magdeburg/kader/verein/187/saison_id/2026/plus/1,d0ff31a4349276164899e3293cd9c2c30e400169104ef2ece40cfdb9b3d70c93,2026-09-12
FM27-408a045f8122383c1224650e,,AWAITING_EXTERNAL_RESOLUTION,,,CONTRACT_CHRONOLOGY,YES,Joined/end/shirt fields are incomplete or invalid,GER2,1. FC Magdeburg,187,Paul Jaeckel,284248,1998-07-22,276084,242958,1376419,1376373,DOB_NAME,https://www.transfermarkt.de/1-fc-magdeburg/kader/verein/187/saison_id/2026/plus/1,d0ff31a4349276164899e3293cd9c2c30e400169104ef2ece40cfdb9b3d70c93,2026-09-12
FM27-05e6e6d32ab5c410b8add184,,AWAITING_EXTERNAL_RESOLUTION,,,CONTRACT_CHRONOLOGY,YES,Joined/end/shirt fields are incomplete or invalid,GER2,1. FC Magdeburg,187,Pierre Nadjombe,696011,2003-05-10,272755,73294,1376276,1376373,DOB_NAME,https://www.transfermarkt.de/1-fc-magdeburg/kader/verein/187/saison_id/2026/plus/1,d0ff31a4349276164899e3293cd9c2c30e400169104ef2ece40cfdb9b3d70c93,2026-09-12
FM27-04b1dafba4d53c26ccd1838d,,AWAITING_EXTERNAL_RESOLUTION,,,CONTRACT_CHRONOLOGY,YES,Joined/end/shirt fields are incomplete or invalid,GER2,1. FC Magdeburg,187,Richmond Tachie,390460,1999-04-21,276599,252710,1376257,1376373,DOB_NAME,https://www.transfermarkt.de/1-fc-magdeburg/kader/verein/187/saison_id/2026/plus/1,d0ff31a4349276164899e3293cd9c2c30e400169104ef2ece40cfdb9b3d70c93,2026-09-12
FM27-0115ab060749c1fa615ff6b1,,AWAITING_EXTERNAL_RESOLUTION,,,CONTRACT_CHRONOLOGY,YES,Joined/end/shirt fields are incomplete or invalid,GER2,1. FC Magdeburg,187,Tjark Möbius,1133120,2008-07-29,276348,0,1376373,1376373,DOB_NAME,https://www.transfermarkt.de/1-fc-magdeburg/kader/verein/187/saison_id/2026/plus/1,d0ff31a4349276164899e3293cd9c2c30e400169104ef2ece40cfdb9b3d70c93,2026-09-12
FM27-e0d89d4c54da6df10b7ecde8,,AWAITING_EXTERNAL_RESOLUTION,,,CONTRACT_CHRONOLOGY,YES,Joined/end/shirt fields are incomplete or invalid,GER2,1. FC Magdeburg,187,Torben Müsel,368860,1999-07-25,271919,239666,1376282,1376373,DOB_NAME,https://www.transfermarkt.de/1-fc-magdeburg/kader/verein/187/saison_id/2026/plus/1,d0ff31a4349276164899e3293cd9c2c30e400169104ef2ece40cfdb9b3d70c93,2026-09-12
FM27-44ad4dadc31cbd1a3bc94c4c,,AWAITING_EXTERNAL_RESOLUTION,,,CONTRACT_CHRONOLOGY,YES,Joined/end/shirt fields are incomplete or invalid,GER2,1. FC Nürnberg,4,Fynn Otto,529198,2002-03-08,271442,257081,1376406,1376258,DOB_NAME,https://www.transfermarkt.de/1-fc-nurnberg/kader/verein/4/saison_id/2026/plus/1,1d02eebfb6b905a4b771fed6091258b15847c4bfb1b6d4bd643980220ba21ebd,2026-09-12
FM27-fc4a69996581a7006c3b6527,,AWAITING_EXTERNAL_RESOLUTION,,,CONTRACT_CHRONOLOGY,YES,Joined/end/shirt fields are incomplete or invalid,GER2,1. FC Nürnberg,4,Giannis Masouras,295780,1996-08-24,6319,244344,720903,1376258,DOB_NAME,https://www.transfermarkt.de/1-fc-nurnberg/kader/verein/4/saison_id/2026/plus/1,1d02eebfb6b905a4b771fed6091258b15847c4bfb1b6d4bd643980220ba21ebd,2026-09-12
FM27-f449558035d0eac66691e9ff,,AWAITING_EXTERNAL_RESOLUTION,,,CONTRACT_CHRONOLOGY,YES,Joined/end/shirt fields are incomplete or invalid,GER2,1. FC Nürnberg,4,Kristian Mandic,1116267,2007-10-02,274335,79264,1376258,1376258,DOB_NAME,https://www.transfermarkt.de/1-fc-nurnberg/kader/verein/4/saison_id/2026/plus/1,1d02eebfb6b905a4b771fed6091258b15847c4bfb1b6d4bd643980220ba21ebd,2026-09-12
FM27-604ae84fed600b76a13e4645,,AWAITING_EXTERNAL_RESOLUTION,,,CONTRACT_CHRONOLOGY,YES,Joined/end/shirt fields are incomplete or invalid,GER2,1. FC Nürnberg,4,Marc Kornwachs Barjuan,1361782,2009-02-21,274346,0,1376258,1376258,DOB_NAME,https://www.transfermarkt.de/1-fc-nurnberg/kader/verein/4/saison_id/2026/plus/1,1d02eebfb6b905a4b771fed6091258b15847c4bfb1b6d4bd643980220ba21ebd,2026-09-12
FM27-f962e0a29319ca9304cdb391,,AWAITING_EXTERNAL_RESOLUTION,,,CONTRACT_CHRONOLOGY,YES,Joined/end/shirt fields are incomplete or invalid,GER2,1. FC Nürnberg,4,Marko Soldic,1361784,2010-01-06,274395,0,1376258,1376258,DOB_NAME,https://www.transfermarkt.de/1-fc-nurnberg/kader/verein/4/saison_id/2026/plus/1,1d02eebfb6b905a4b771fed6091258b15847c4bfb1b6d4bd643980220ba21ebd,2026-09-12
FM27-a4f7ec9a48d6aeaea2531caa,,AWAITING_EXTERNAL_RESOLUTION,,,CONTRACT_CHRONOLOGY,YES,Joined/end/shirt fields are incomplete or invalid,GER2,DSC Arminia Bielefeld,10,Marvin Mehlem,237226,1997-09-11,275974,227978,1376260,1376260,DOB_NAME,https://www.transfermarkt.de/arminia-bielefeld/kader/verein/10/saison_id/2026/plus/1,6bf7304bb5b98268f93279c205b7358b904316470f2c43947fcad0ff2680d083,2026-09-12
FM27-c3c4e838e729ff6fe804dcca,,AWAITING_EXTERNAL_RESOLUTION,,,CONTRACT_CHRONOLOGY,YES,Joined/end/shirt fields are incomplete or invalid,GER2,DSC Arminia Bielefeld,10,Philip Hildesheim,825572,2005-02-09,276003,80859,1376260,1376260,DOB_NAME,https://www.transfermarkt.de/arminia-bielefeld/kader/verein/10/saison_id/2026/plus/1,6bf7304bb5b98268f93279c205b7358b904316470f2c43947fcad0ff2680d083,2026-09-12
FM27-5c6240d8e1d371dd691e5291,,AWAITING_EXTERNAL_RESOLUTION,,,CONTRACT_CHRONOLOGY,YES,Joined/end/shirt fields are incomplete or invalid,GER2,FC Energie Cottbus,25,Aaron Reschke,1157080,2008-08-07,273121,0,1376280,1376280,DOB_NAME,https://www.transfermarkt.de/fc-energie-cottbus/kader/verein/25/saison_id/2026/plus/1,bfac2c82e9908a44ea8264f2a591d43d8ad627ceaeb5639879d980dcab166809,2026-09-12
FM27-f50838ddaaac8f12f3901d05,,AWAITING_EXTERNAL_RESOLUTION,,,CONTRACT_CHRONOLOGY,YES,Joined/end/shirt fields are incomplete or invalid,GER2,FC Energie Cottbus,25,Christian Kinsombi,342968,1999-08-24,100214,251482,1376265,1376280,DOB_NAME,https://www.transfermarkt.de/fc-energie-cottbus/kader/verein/25/saison_id/2026/plus/1,bfac2c82e9908a44ea8264f2a591d43d8ad627ceaeb5639879d980dcab166809,2026-09-12
FM27-2a31e323a09cfd52b60b865d,,AWAITING_EXTERNAL_RESOLUTION,,,CONTRACT_CHRONOLOGY,YES,Joined/end/shirt fields are incomplete or invalid,GER2,FC Energie Cottbus,25,Joey Taubeneck,1157079,2007-04-12,273111,0,1376280,1376280,DOB_NAME,https://www.transfermarkt.de/fc-energie-cottbus/kader/verein/25/saison_id/2026/plus/1,bfac2c82e9908a44ea8264f2a591d43d8ad627ceaeb5639879d980dcab166809,2026-09-12
FM27-788996b5122dc2972f6c3c9b,,AWAITING_EXTERNAL_RESOLUTION,,,CONTRACT_CHRONOLOGY,YES,Joined/end/shirt fields are incomplete or invalid,GER2,FC Energie Cottbus,25,Leonardo Bittencourt,93844,1993-12-19,280799,203106,1376271,1376280,DOB_NAME,https://www.transfermarkt.de/fc-energie-cottbus/kader/verein/25/saison_id/2026/plus/1,bfac2c82e9908a44ea8264f2a591d43d8ad627ceaeb5639879d980dcab166809,2026-09-12
FM27-f5978ddefdab52b7be685763,,AWAITING_EXTERNAL_RESOLUTION,,,CONTRACT_CHRONOLOGY,YES,Joined/end/shirt fields are incomplete or invalid,GER2,FC St. Pauli,35,Branimir Hrgota,171209,1993-01-12,275403,209504,1376288,1376425,DOB_NAME,https://www.transfermarkt.de/fc-st-pauli/kader/verein/35/saison_id/2026/plus/1,cb3581752f3910c559c9f42a6cbb09551a6187c6a88b14cfcc35019d0c02bc47,2026-09-12
FM27-62965c95be19e5204f8b9561,,AWAITING_EXTERNAL_RESOLUTION,,,CONTRACT_CHRONOLOGY,YES,Joined/end/shirt fields are incomplete or invalid,GER2,FC St. Pauli,35,Marcus Mathisen,268216,1996-02-27,276299,228757,1376373,1376425,DOB_NAME,https://www.transfermarkt.de/fc-st-pauli/kader/verein/35/saison_id/2026/plus/1,cb3581752f3910c559c9f42a6cbb09551a6187c6a88b14cfcc35019d0c02bc47,2026-09-12
FM27-03cc6c66c7bd23bec44ca9eb,,AWAITING_EXTERNAL_RESOLUTION,,,CONTRACT_CHRONOLOGY,YES,Joined/end/shirt fields are incomplete or invalid,GER2,FC St. Pauli,35,Marwin Schmitz,1003534,2007-01-07,277290,75476,1376425,1376425,DOB_NAME,https://www.transfermarkt.de/fc-st-pauli/kader/verein/35/saison_id/2026/plus/1,cb3581752f3910c559c9f42a6cbb09551a6187c6a88b14cfcc35019d0c02bc47,2026-09-12
FM27-df2b4b6f586f7c086e2919f1,,AWAITING_EXTERNAL_RESOLUTION,,,CONTRACT_CHRONOLOGY,YES,Joined/end/shirt fields are incomplete or invalid,GER2,FC St. Pauli,35,Nick Schmidt,1152232,2007-09-12,277294,80734,1376425,1376425,DOB_NAME,https://www.transfermarkt.de/fc-st-pauli/kader/verein/35/saison_id/2026/plus/1,cb3581752f3910c559c9f42a6cbb09551a6187c6a88b14cfcc35019d0c02bc47,2026-09-12
FM27-5ab7c3ef36f2711e513553b9,,AWAITING_EXTERNAL_RESOLUTION,,,CONTRACT_CHRONOLOGY,YES,Joined/end/shirt fields are incomplete or invalid,GER2,FC St. Pauli,35,Scott Banks,596821,2001-09-26,257159,255312,917566,1376425,DOB_NAME,https://www.transfermarkt.de/fc-st-pauli/kader/verein/35/saison_id/2026/plus/1,cb3581752f3910c559c9f42a6cbb09551a6187c6a88b14cfcc35019d0c02bc47,2026-09-12
FM27-bc716ff64a7ca7802b3134be,,AWAITING_EXTERNAL_RESOLUTION,,,CONTRACT_CHRONOLOGY,YES,Joined/end/shirt fields are incomplete or invalid,GER2,FC St. Pauli,35,Taichi Hara,495752,1999-05-05,55474,244089,10682386,1376425,DOB_NAME,https://www.transfermarkt.de/fc-st-pauli/kader/verein/35/saison_id/2026/plus/1,cb3581752f3910c559c9f42a6cbb09551a6187c6a88b14cfcc35019d0c02bc47,2026-09-12
FM27-2a82898c4d27d2fb0c15ba15,,AWAITING_EXTERNAL_RESOLUTION,,,CONTRACT_CHRONOLOGY,YES,Joined/end/shirt fields are incomplete or invalid,GER2,FC St. Pauli,35,Tomoya Ando,610795,1999-01-10,55395,0,10682387,1376425,DOB_NAME,https://www.transfermarkt.de/fc-st-pauli/kader/verein/35/saison_id/2026/plus/1,cb3581752f3910c559c9f42a6cbb09551a6187c6a88b14cfcc35019d0c02bc47,2026-09-12
FM27-6630e28696ab8e94ebd295bc,,AWAITING_EXTERNAL_RESOLUTION,,,CONTRACT_CHRONOLOGY,YES,Joined/end/shirt fields are incomplete or invalid,GER2,Hannover 96,42,Taycan Kurt,1201298,2008-05-18,275784,80308,1376268,1376268,DOB_NAME,https://www.transfermarkt.de/hannover-96/kader/verein/42/saison_id/2026/plus/1,1215cddc874fab7e50402cb82ad6c5ca92f8ced09d37a9d8569043058176a32f,2026-09-12
FM27-2af1837f603d147af35768bd,,AWAITING_EXTERNAL_RESOLUTION,,,CONTRACT_CHRONOLOGY,YES,Joined/end/shirt fields are incomplete or invalid,GER2,Hertha BSC,44,Jelani Ndi,1062715,2007-08-04,272214,0,1376269,1376269,DOB_NAME,https://www.transfermarkt.de/hertha-bsc/kader/verein/44/saison_id/2026/plus/1,ef58d9277a7c8472efef0e1196d30918a7a6beed8d2cadd9f3cdca341e9a64b2,2026-09-12
FM27-876f4e823dcace83f68cc776,,AWAITING_EXTERNAL_RESOLUTION,,,CONTRACT_CHRONOLOGY,YES,Joined/end/shirt fields are incomplete or invalid,GER2,Hertha BSC,44,Jerome Diallo,1379283,2009-06-13,272266,0,1376269,1376269,DOB_NAME,https://www.transfermarkt.de/hertha-bsc/kader/verein/44/saison_id/2026/plus/1,ef58d9277a7c8472efef0e1196d30918a7a6beed8d2cadd9f3cdca341e9a64b2,2026-09-12
FM27-b1d3bec87155852e280983f9,,AWAITING_EXTERNAL_RESOLUTION,,,CONTRACT_CHRONOLOGY,YES,Joined/end/shirt fields are incomplete or invalid,GER2,Hertha BSC,44,Kian Todorovic,1045444,2007-04-18,272246,0,1376269,1376269,DOB_NAME,https://www.transfermarkt.de/hertha-bsc/kader/verein/44/saison_id/2026/plus/1,ef58d9277a7c8472efef0e1196d30918a7a6beed8d2cadd9f3cdca341e9a64b2,2026-09-12
FM27-247f46959400ad35c9d3d839,,AWAITING_EXTERNAL_RESOLUTION,,,CONTRACT_CHRONOLOGY,YES,Joined/end/shirt fields are incomplete or invalid,GER2,Hertha BSC,44,Mayson Grothe,1228839,2009-01-21,272269,0,1376269,1376269,DOB_NAME,https://www.transfermarkt.de/hertha-bsc/kader/verein/44/saison_id/2026/plus/1,ef58d9277a7c8472efef0e1196d30918a7a6beed8d2cadd9f3cdca341e9a64b2,2026-09-12
FM27-88a606ee32f51e41854b14a4,,AWAITING_EXTERNAL_RESOLUTION,,,CONTRACT_CHRONOLOGY,YES,Joined/end/shirt fields are incomplete or invalid,GER2,Hertha BSC,44,Niklas Hildebrandt,1163050,2008-07-08,272230,0,1376269,1376269,DOB_NAME,https://www.transfermarkt.de/hertha-bsc/kader/verein/44/saison_id/2026/plus/1,ef58d9277a7c8472efef0e1196d30918a7a6beed8d2cadd9f3cdca341e9a64b2,2026-09-12
FM27-71fc2cddd20abe5926f0001f,,AWAITING_EXTERNAL_RESOLUTION,,,CONTRACT_CHRONOLOGY,YES,Joined/end/shirt fields are incomplete or invalid,GER2,Holstein Kiel,269,Caspar Medlin,1147141,2007-03-13,100117,0,1376418,1376418,DOB_NAME,https://www.transfermarkt.de/holstein-kiel/kader/verein/269/saison_id/2026/plus/1,a21383144033c3b6f3673ba9e2f837be3941ac96cf75125b24654477c6bc1716,2026-09-12
FM27-c92faf65bfd85cb12a23668f,,AWAITING_EXTERNAL_RESOLUTION,,,CONTRACT_CHRONOLOGY,YES,Joined/end/shirt fields are incomplete or invalid,GER2,Karlsruher SC,48,Eymen Laghrissi,1163670,2008-06-04,276210,81846,1376283,1376283,DOB_NAME,https://www.transfermarkt.de/karlsruher-sc/kader/verein/48/saison_id/2026/plus/1,502be878e53560db93a5e23bc70c24b09c8a3f9aa264941d3a29a99a7083b789,2026-09-12
FM27-1bffe61103e5622fa08dba39,,AWAITING_EXTERNAL_RESOLUTION,,,CONTRACT_CHRONOLOGY,YES,Joined/end/shirt fields are incomplete or invalid,GER2,Karlsruher SC,48,Ferdinand Gebert,960834,2006-04-05,100532,0,1376560,1376283,DOB_NAME,https://www.transfermarkt.de/karlsruher-sc/kader/verein/48/saison_id/2026/plus/1,502be878e53560db93a5e23bc70c24b09c8a3f9aa264941d3a29a99a7083b789,2026-09-12
FM27-81e746ed09a172de0047f5f0,,AWAITING_EXTERNAL_RESOLUTION,,,CONTRACT_CHRONOLOGY,YES,Joined/end/shirt fields are incomplete or invalid,GER2,Karlsruher SC,48,Hyeok-kyu Kwon,550957,2001-03-13,291769,253202,1179650,1376283,DOB_NAME,https://www.transfermarkt.de/karlsruher-sc/kader/verein/48/saison_id/2026/plus/1,502be878e53560db93a5e23bc70c24b09c8a3f9aa264941d3a29a99a7083b789,2026-09-12
FM27-bf6553043fc648b02041f183,,AWAITING_EXTERNAL_RESOLUTION,,,CONTRACT_CHRONOLOGY,YES,Joined/end/shirt fields are incomplete or invalid,GER2,Karlsruher SC,48,Héliton,676115,1995-11-13,200015,72887,3145820,1376283,DOB_NAME,https://www.transfermarkt.de/karlsruher-sc/kader/verein/48/saison_id/2026/plus/1,502be878e53560db93a5e23bc70c24b09c8a3f9aa264941d3a29a99a7083b789,2026-09-12
FM27-7b0f3e0f216afa29990be124,,AWAITING_EXTERNAL_RESOLUTION,,,CONTRACT_CHRONOLOGY,YES,Joined/end/shirt fields are incomplete or invalid,GER2,Karlsruher SC,48,Jason Ponente-Ramirez,1141053,2007-02-02,277562,0,1376275,1376283,DOB_NAME,https://www.transfermarkt.de/karlsruher-sc/kader/verein/48/saison_id/2026/plus/1,502be878e53560db93a5e23bc70c24b09c8a3f9aa264941d3a29a99a7083b789,2026-09-12
FM27-16c53f335257a792fd968fe8,,AWAITING_EXTERNAL_RESOLUTION,,,CONTRACT_CHRONOLOGY,YES,Joined/end/shirt fields are incomplete or invalid,GER2,Karlsruher SC,48,Kevin Wiethaup,917255,2005-08-06,272328,268652,1376420,1376283,DOB_NAME,https://www.transfermarkt.de/karlsruher-sc/kader/verein/48/saison_id/2026/plus/1,502be878e53560db93a5e23bc70c24b09c8a3f9aa264941d3a29a99a7083b789,2026-09-12
FM27-fe9faf3e7dfe4f3e9508a55a,,AWAITING_EXTERNAL_RESOLUTION,,,CONTRACT_CHRONOLOGY,YES,Joined/end/shirt fields are incomplete or invalid,GER2,Karlsruher SC,48,Noel Eichinger,675921,2001-08-02,271154,270514,1376436,1376283,DOB_NAME,https://www.transfermarkt.de/karlsruher-sc/kader/verein/48/saison_id/2026/plus/1,502be878e53560db93a5e23bc70c24b09c8a3f9aa264941d3a29a99a7083b789,2026-09-12
FM27-d8fd510762685607c8eec844,,AWAITING_EXTERNAL_RESOLUTION,,,CONTRACT_CHRONOLOGY,YES,Joined/end/shirt fields are incomplete or invalid,GER2,Karlsruher SC,48,Sandro Trémoulet,796897,1999-11-18,269921,270210,3346467,1376283,DOB_NAME,https://www.transfermarkt.de/karlsruher-sc/kader/verein/48/saison_id/2026/plus/1,502be878e53560db93a5e23bc70c24b09c8a3f9aa264941d3a29a99a7083b789,2026-09-12
FM27-ed0639e82779ebce98f33633,,AWAITING_EXTERNAL_RESOLUTION,,,CONTRACT_CHRONOLOGY,YES,Joined/end/shirt fields are incomplete or invalid,GER2,Karlsruher SC,48,Santeri Väänänen,564621,2002-01-01,142430,246757,2359305,1376283,DOB_NAME,https://www.transfermarkt.de/karlsruher-sc/kader/verein/48/saison_id/2026/plus/1,502be878e53560db93a5e23bc70c24b09c8a3f9aa264941d3a29a99a7083b789,2026-09-12
FM27-98c2e64a90ae1fa587d42e10,,AWAITING_EXTERNAL_RESOLUTION,,,CONTRACT_CHRONOLOGY,YES,Joined/end/shirt fields are incomplete or invalid,GER2,Karlsruher SC,48,Tim Civeja,588747,2002-01-04,273633,260014,1376287,1376283,DOB_NAME,https://www.transfermarkt.de/karlsruher-sc/kader/verein/48/saison_id/2026/plus/1,502be878e53560db93a5e23bc70c24b09c8a3f9aa264941d3a29a99a7083b789,2026-09-12
FM27-e4bc54681efef05e32744d55,,AWAITING_EXTERNAL_RESOLUTION,,,CONTRACT_CHRONOLOGY,YES,Joined/end/shirt fields are incomplete or invalid,GER2,SG Dynamo Dresden,129,Ahmet Muhamedbegovic,271323,1998-10-30,260010,236976,2883604,1376278,DOB_NAME,https://www.transfermarkt.de/sg-dynamo-dresden/kader/verein/129/saison_id/2026/plus/1,e7de409708fb7109444d4f9163d9959ec24a63b876d33dbfb1a3f2afff6bb65f,2026-09-12
FM27-ff321fc7173590fbb448cd4c,,AWAITING_EXTERNAL_RESOLUTION,,,CONTRACT_CHRONOLOGY,YES,Joined/end/shirt fields are incomplete or invalid,GER2,SG Dynamo Dresden,129,Brooklyn Ezeh,521474,2001-06-23,275760,262117,1376268,1376278,DOB_NAME,https://www.transfermarkt.de/sg-dynamo-dresden/kader/verein/129/saison_id/2026/plus/1,e7de409708fb7109444d4f9163d9959ec24a63b876d33dbfb1a3f2afff6bb65f,2026-09-12
FM27-6d31dbb78c8a949ad5455dd7,,AWAITING_EXTERNAL_RESOLUTION,,,CONTRACT_CHRONOLOGY,YES,Joined/end/shirt fields are incomplete or invalid,GER2,SG Dynamo Dresden,129,Friedrich Müller,921485,2006-02-14,274808,0,1376278,1376278,DOB_NAME,https://www.transfermarkt.de/sg-dynamo-dresden/kader/verein/129/saison_id/2026/plus/1,e7de409708fb7109444d4f9163d9959ec24a63b876d33dbfb1a3f2afff6bb65f,2026-09-12
FM27-9597e5a2cc078d7b6eb848f4,,AWAITING_EXTERNAL_RESOLUTION,,,CONTRACT_CHRONOLOGY,YES,Joined/end/shirt fields are incomplete or invalid,GER2,SG Dynamo Dresden,129,Simon Straudi,379879,1999-01-27,273077,248823,1376280,1376278,DOB_NAME,https://www.transfermarkt.de/sg-dynamo-dresden/kader/verein/129/saison_id/2026/plus/1,e7de409708fb7109444d4f9163d9959ec24a63b876d33dbfb1a3f2afff6bb65f,2026-09-12
FM27-adb23813dc7346027f1b2c6a,,AWAITING_EXTERNAL_RESOLUTION,,,CONTRACT_CHRONOLOGY,YES,Joined/end/shirt fields are incomplete or invalid,GER2,SG Dynamo Dresden,129,Tobias Raschl,384745,2000-02-21,276593,247721,1376257,1376278,DOB_NAME,https://www.transfermarkt.de/sg-dynamo-dresden/kader/verein/129/saison_id/2026/plus/1,e7de409708fb7109444d4f9163d9959ec24a63b876d33dbfb1a3f2afff6bb65f,2026-09-12
FM27-dacf94d931b549a384816f13,,AWAITING_EXTERNAL_RESOLUTION,,,CONTRACT_CHRONOLOGY,YES,Joined/end/shirt fields are incomplete or invalid,GER2,SV Darmstadt 98,105,Florian Kleinhansl,448027,2000-08-11,276591,263089,1376257,1376442,DOB_NAME,https://www.transfermarkt.de/sv-darmstadt-98/kader/verein/105/saison_id/2026/plus/1,807e79c80e44c91b1d4926d0fb6534a3276b98489473cc35d4238a5a660a95f9,2026-09-12
FM27-3ffd3813d5f125d85a463b53,,AWAITING_EXTERNAL_RESOLUTION,,,CONTRACT_CHRONOLOGY,YES,Joined/end/shirt fields are incomplete or invalid,GER2,SV Darmstadt 98,105,Lars Kehl,527278,2002-04-08,272306,263025,1376420,1376442,DOB_NAME,https://www.transfermarkt.de/sv-darmstadt-98/kader/verein/105/saison_id/2026/plus/1,807e79c80e44c91b1d4926d0fb6534a3276b98489473cc35d4238a5a660a95f9,2026-09-12
FM27-05686f0480329515e73f5ac4,,AWAITING_EXTERNAL_RESOLUTION,,,CONTRACT_CHRONOLOGY,YES,Joined/end/shirt fields are incomplete or invalid,GER2,SV Darmstadt 98,105,Marco Richter,279009,1997-11-24,275511,238068,1376442,1376442,DOB_NAME,https://www.transfermarkt.de/sv-darmstadt-98/kader/verein/105/saison_id/2026/plus/1,807e79c80e44c91b1d4926d0fb6534a3276b98489473cc35d4238a5a660a95f9,2026-09-12
FM27-98f64a8a0387044cb6b6f4a4,,AWAITING_EXTERNAL_RESOLUTION,,,CONTRACT_CHRONOLOGY,YES,Joined/end/shirt fields are incomplete or invalid,GER2,SV Darmstadt 98,105,Nicolas Verkooijen,1024747,2006-12-05,291556,0,2228236,1376442,DOB_NAME,https://www.transfermarkt.de/sv-darmstadt-98/kader/verein/105/saison_id/2026/plus/1,807e79c80e44c91b1d4926d0fb6534a3276b98489473cc35d4238a5a660a95f9,2026-09-12
FM27-80eda5f11578b7ab5665e349,,AWAITING_EXTERNAL_RESOLUTION,,,CONTRACT_CHRONOLOGY,YES,Joined/end/shirt fields are incomplete or invalid,GER2,SV Darmstadt 98,105,Raoul Petretta,243878,1997-03-24,300802,237642,6225954,1376442,DOB_NAME,https://www.transfermarkt.de/sv-darmstadt-98/kader/verein/105/saison_id/2026/plus/1,807e79c80e44c91b1d4926d0fb6534a3276b98489473cc35d4238a5a660a95f9,2026-09-12
FM27-cdb3e5ade069540f377da4ca,,AWAITING_EXTERNAL_RESOLUTION,,,CONTRACT_CHRONOLOGY,YES,Joined/end/shirt fields are incomplete or invalid,GER2,SV Darmstadt 98,105,William Mikelbrencis,743500,2004-02-25,275646,262045,1376267,1376442,DOB_NAME,https://www.transfermarkt.de/sv-darmstadt-98/kader/verein/105/saison_id/2026/plus/1,807e79c80e44c91b1d4926d0fb6534a3276b98489473cc35d4238a5a660a95f9,2026-09-12
FM27-e4d63d15efbbff2945a894ca,,AWAITING_EXTERNAL_RESOLUTION,,,CONTRACT_CHRONOLOGY,YES,Joined/end/shirt fields are incomplete or invalid,GER2,SV Darmstadt 98,105,Yannik Lührs,627356,2003-09-09,280197,272896,1376433,1376442,DOB_NAME,https://www.transfermarkt.de/sv-darmstadt-98/kader/verein/105/saison_id/2026/plus/1,807e79c80e44c91b1d4926d0fb6534a3276b98489473cc35d4238a5a660a95f9,2026-09-12
FM27-03351a546ebd75805fd49cc5,,AWAITING_EXTERNAL_RESOLUTION,,,CONTRACT_CHRONOLOGY,YES,Joined/end/shirt fields are incomplete or invalid,GER2,SpVgg Greuther Fürth,65,Silas Prüfrock,913422,2005-01-25,275441,76065,1376288,1376288,DOB_NAME,https://www.transfermarkt.de/spvgg-greuther-furth/kader/verein/65/saison_id/2026/plus/1,582a3d28fdc7b95bf59c3bf33f2d9b2847185d2a8fd3682db98bcd5e3a81d68b,2026-09-12
FM27-b373655d1a488fdbde7d3ce2,,AWAITING_EXTERNAL_RESOLUTION,,,CONTRACT_CHRONOLOGY,YES,Joined/end/shirt fields are incomplete or invalid,GER2,VfL Osnabrück,81,Daniel-Kofi Kyereh,272587,1996-03-08,277874,244112,1376270,1376420,DOB_NAME,https://www.transfermarkt.de/vfl-osnabruck/kader/verein/81/saison_id/2026/plus/1,e705d735d9e41aeb7a7781affacb5ed1a2f31cc8fd9e319c826182a9e12937a6,2026-09-12
FM27-81d7789070d37f3d5525fb32,,AWAITING_EXTERNAL_RESOLUTION,,,CONTRACT_CHRONOLOGY,YES,Joined/end/shirt fields are incomplete or invalid,GER2,VfL Osnabrück,81,Joel Abu Hanna,267330,1998-01-22,105009,233514,1441882,1376420,DOB_NAME,https://www.transfermarkt.de/vfl-osnabruck/kader/verein/81/saison_id/2026/plus/1,e705d735d9e41aeb7a7781affacb5ed1a2f31cc8fd9e319c826182a9e12937a6,2026-09-12
FM27-b651bb5e18106a02a52bf294,,AWAITING_EXTERNAL_RESOLUTION,,,CONTRACT_CHRONOLOGY,YES,Joined/end/shirt fields are incomplete or invalid,GER2,VfL Osnabrück,81,Jonathan Wensing,695943,2004-04-05,100339,0,1376347,1376420,DOB_NAME,https://www.transfermarkt.de/vfl-osnabruck/kader/verein/81/saison_id/2026/plus/1,e705d735d9e41aeb7a7781affacb5ed1a2f31cc8fd9e319c826182a9e12937a6,2026-09-12
FM27-80fe22723b39f89c3cd82a18,,AWAITING_EXTERNAL_RESOLUTION,,,CONTRACT_CHRONOLOGY,YES,Joined/end/shirt fields are incomplete or invalid,GER2,VfL Osnabrück,81,Luca Böggemann,817013,2004-03-11,268671,275284,1376414,1376420,DOB_NAME,https://www.transfermarkt.de/vfl-osnabruck/kader/verein/81/saison_id/2026/plus/1,e705d735d9e41aeb7a7781affacb5ed1a2f31cc8fd9e319c826182a9e12937a6,2026-09-12
FM27-1d32fac2763c27d7881631e0,,AWAITING_EXTERNAL_RESOLUTION,,,CONTRACT_CHRONOLOGY,YES,Joined/end/shirt fields are incomplete or invalid,GER3,FC Hansa Rostock,30,Erik Maurer,913514,2006-07-19,100247,0,1376265,1376265,DOB_NAME,https://www.transfermarkt.de/fc-hansa-rostock/kader/verein/30/saison_id/2026/plus/1,6da33a7ccf32faa9ebb0b7823a0ee5537fb70bfe8ee363795199b5de4015e0f1,2026-09-12
FM27-d03f1c0bb3ce145d925bd7ce,,AWAITING_EXTERNAL_RESOLUTION,,,CONTRACT_CHRONOLOGY,YES,Joined/end/shirt fields are incomplete or invalid,GER3,FC Ingolstadt 04,4795,Nishan Velupillay,888140,2001-05-07,88011,262039,12779523,1376315,DOB_NAME,https://www.transfermarkt.de/fc-ingolstadt-04/kader/verein/4795/saison_id/2026/plus/1,9602267b250c0007efa439f83a79d1bdd5376932fbafd7a4fc5bf6bcd1c6cbc5,2026-09-12
FM27-2e11abe931f904384c02141e,,AWAITING_EXTERNAL_RESOLUTION,,,CONTRACT_CHRONOLOGY,YES,Joined/end/shirt fields are incomplete or invalid,GER3,SV Meppen,247,Kasra Ghawilu,449961,1999-02-11,268107,0,1378814,1376347,DOB_NAME,https://www.transfermarkt.de/sv-meppen/kader/verein/247/saison_id/2026/plus/1,bb6dac7a3a8a8d7c79b23424ccb65850442347058ab16c823460c547dc72588a,2026-09-12
FM27-89d37ee93faa3e47da37d0a3,,AWAITING_EXTERNAL_RESOLUTION,,,CONTRACT_CHRONOLOGY,YES,Joined/end/shirt fields are incomplete or invalid,GER3,SV Waldhof Mannheim 07,85,Gonçalo Gregório,404156,1995-06-14,128808,248834,200709,1376301,DOB_NAME,https://www.transfermarkt.de/sv-waldhof-mannheim/kader/verein/85/saison_id/2026/plus/1,34e998eba6b950fe72d328e27cb46b4a4d1c4b3c218c58557f9db9a44925ae39,2026-09-12
FM27-0cb01390ed086e6db81d0004,,AWAITING_EXTERNAL_RESOLUTION,,,CONTRACT_CHRONOLOGY,YES,Joined/end/shirt fields are incomplete or invalid,GER3,SV Waldhof Mannheim 07,85,Masca,606720,2000-05-15,272086,274987,1376301,1376301,DOB_NAME,https://www.transfermarkt.de/sv-waldhof-mannheim/kader/verein/85/saison_id/2026/plus/1,34e998eba6b950fe72d328e27cb46b4a4d1c4b3c218c58557f9db9a44925ae39,2026-09-12
FM27-252ef9bef22b54c66a8fd031,,AWAITING_EXTERNAL_RESOLUTION,,,CONTRACT_CHRONOLOGY,YES,Joined/end/shirt fields are incomplete or invalid,GER3,TSG 1899 Hoffenheim,983,Blessing Makanda,578900,2006-02-14,280216,0,1376433,1376433,DOB_NAME,https://www.transfermarkt.de/tsg-1899-hoffenheim-ii/kader/verein/983/saison_id/2026/plus/1,ab3835df09261faf7ddd2ed9c07b00f74ba9f141891a5f719f13e9b204f6234d,2026-09-12
FM27-aba2f02bd5edd99e9d1f4e12,,AWAITING_EXTERNAL_RESOLUTION,,,CONTRACT_CHRONOLOGY,YES,Joined/end/shirt fields are incomplete or invalid,GER3,TSG 1899 Hoffenheim,983,Florian Micheler,808664,2005-05-17,275991,74464,1376260,1376433,DOB_NAME,https://www.transfermarkt.de/tsg-1899-hoffenheim-ii/kader/verein/983/saison_id/2026/plus/1,ab3835df09261faf7ddd2ed9c07b00f74ba9f141891a5f719f13e9b204f6234d,2026-09-12
FM27-fd9ab6980a0abaa7a5456709,,AWAITING_EXTERNAL_RESOLUTION,,,CONTRACT_CHRONOLOGY,YES,Joined/end/shirt fields are incomplete or invalid,GER3,TSG 1899 Hoffenheim,983,Lion Wagenbach,1161439,2007-04-16,280245,0,1376433,1376433,DOB_NAME,https://www.transfermarkt.de/tsg-1899-hoffenheim-ii/kader/verein/983/saison_id/2026/plus/1,ab3835df09261faf7ddd2ed9c07b00f74ba9f141891a5f719f13e9b204f6234d,2026-09-12
FM27-e5e093f15db87a75879d8083,,AWAITING_EXTERNAL_RESOLUTION,,,CONTRACT_CHRONOLOGY,YES,Joined/end/shirt fields are incomplete or invalid,GER3,TSG 1899 Hoffenheim,983,Nico Biedermann,1062716,2008-02-19,280235,0,1376433,1376433,DOB_NAME,https://www.transfermarkt.de/tsg-1899-hoffenheim-ii/kader/verein/983/saison_id/2026/plus/1,ab3835df09261faf7ddd2ed9c07b00f74ba9f141891a5f719f13e9b204f6234d,2026-09-12
FM27-023d44c7d114fdd3cd23c287,,AWAITING_EXTERNAL_RESOLUTION,,,CONTRACT_CHRONOLOGY,YES,Joined/end/shirt fields are incomplete or invalid,GER3,TSG 1899 Hoffenheim,983,Yasin Zor,924089,2005-10-25,100534,0,1376560,1376433,DOB_NAME,https://www.transfermarkt.de/tsg-1899-hoffenheim-ii/kader/verein/983/saison_id/2026/plus/1,ab3835df09261faf7ddd2ed9c07b00f74ba9f141891a5f719f13e9b204f6234d,2026-09-12
FM27-2b116aa19db68661d44d5565,,AWAITING_EXTERNAL_RESOLUTION,,,CONTRACT_CHRONOLOGY,YES,Joined/end/shirt fields are incomplete or invalid,GER3,TSG 1899 Hoffenheim,983,Zain Biazid,1209250,2008-01-14,280248,0,1376433,1376433,DOB_NAME,https://www.transfermarkt.de/tsg-1899-hoffenheim-ii/kader/verein/983/saison_id/2026/plus/1,ab3835df09261faf7ddd2ed9c07b00f74ba9f141891a5f719f13e9b204f6234d,2026-09-12
FM27-0750386296568c137a22392d,,AWAITING_EXTERNAL_RESOLUTION,,,CONTRACT_CHRONOLOGY,YES,Joined/end/shirt fields are incomplete or invalid,GER3,TSV Havelse 1912,476,Jannis Krug,1488222,2007-04-27,268503,0,1376539,1376539,DOB_NAME,https://www.transfermarkt.de/tsv-havelse/kader/verein/476/saison_id/2026/plus/1,b4490298444b6e31458c6e927b4ab3fff5378977e083c471be7a43b9938c0f59,2026-09-12
FM27-f2c662579953a9eb27037156,,AWAITING_EXTERNAL_RESOLUTION,,,CONTRACT_CHRONOLOGY,YES,Joined/end/shirt fields are incomplete or invalid,GER3,VfB Stuttgart,102,Eliot Bujupi,907483,2006-07-03,235642,75782,458763,1376272,DOB_NAME,https://www.transfermarkt.de/vfb-stuttgart-ii/kader/verein/102/saison_id/2026/plus/1,282836c83b3d06fc536ab783944214e6762cd5b47e8b5db9908690b0565ef593,2026-09-12
FM27-f553b5b5648224129de2e77d,,AWAITING_EXTERNAL_RESOLUTION,,,CONTRACT_CHRONOLOGY,YES,Joined/end/shirt fields are incomplete or invalid,GER3,VfB Stuttgart,102,Enis Redzepi,1297517,2008-03-12,277710,0,1376272,1376272,DOB_NAME,https://www.transfermarkt.de/vfb-stuttgart-ii/kader/verein/102/saison_id/2026/plus/1,282836c83b3d06fc536ab783944214e6762cd5b47e8b5db9908690b0565ef593,2026-09-12
FM27-14849f555e5cda2d8a81a1db,,AWAITING_EXTERNAL_RESOLUTION,,,CONTRACT_CHRONOLOGY,YES,Joined/end/shirt fields are incomplete or invalid,GER3,VfB Stuttgart,102,Kian Speidel,1297527,2009-02-20,277739,0,1376272,1376272,DOB_NAME,https://www.transfermarkt.de/vfb-stuttgart-ii/kader/verein/102/saison_id/2026/plus/1,282836c83b3d06fc536ab783944214e6762cd5b47e8b5db9908690b0565ef593,2026-09-12
FM27-985a0649b060060b81d1eb4f,,AWAITING_EXTERNAL_RESOLUTION,,,CONTRACT_CHRONOLOGY,YES,Joined/end/shirt fields are incomplete or invalid,GER3,VfB Stuttgart,102,Luca Berreth,1453381,2009-11-25,277725,0,1376272,1376272,DOB_NAME,https://www.transfermarkt.de/vfb-stuttgart-ii/kader/verein/102/saison_id/2026/plus/1,282836c83b3d06fc536ab783944214e6762cd5b47e8b5db9908690b0565ef593,2026-09-12
FM27-564c981f19c8a9da89697af6,,AWAITING_EXTERNAL_RESOLUTION,,,CONTRACT_CHRONOLOGY,YES,Joined/end/shirt fields are incomplete or invalid,ITA1,AC Monza,2919,Mathis Mout,1167990,2007-08-06,293128,0,1769533,1769533,DOB_NAME,https://www.transfermarkt.de/ac-monza/kader/verein/2919/saison_id/2026/plus/1,8f193279202724cc57a68a08441deb0fe889b73d8d97804595e81268516bfe10,2026-09-12
FM27-a2ffb0090569f40f71076a92,,AWAITING_EXTERNAL_RESOLUTION,,,CONTRACT_CHRONOLOGY,YES,Joined/end/shirt fields are incomplete or invalid,ITA1,Atalanta Bergamo,800,Thomas Pompei,962246,2006-07-04,117961,0,1769573,1769477,DOB_NAME,https://www.transfermarkt.de/atalanta-bergamo/kader/verein/800/saison_id/2026/plus/1,9a4c6726ef3fd829ff169f005dc5a7ca3d6336fdc310c40507e034f19f82a022,2026-09-12
FM27-5bb7af104350569eb110dfc5,,AWAITING_EXTERNAL_RESOLUTION,,,CONTRACT_CHRONOLOGY,YES,Joined/end/shirt fields are incomplete or invalid,ITA1,FC Bologna,1025,Marco Libra,1311378,2008-03-21,283154,0,1769478,1769478,DOB_NAME,https://www.transfermarkt.de/fc-bologna/kader/verein/1025/saison_id/2026/plus/1,0110cf99718c64dae936d9a4905057d288279fe8328651a47c3a519a8bb10c74,2026-09-12
FM27-a6b23727f02eddbf193e5cff,,AWAITING_EXTERNAL_RESOLUTION,,,CONTRACT_CHRONOLOGY,YES,Joined/end/shirt fields are incomplete or invalid,ITA1,FC Bologna,1025,Ukko Happonen,1018026,2007-03-13,283158,0,1769478,1769478,DOB_NAME,https://www.transfermarkt.de/fc-bologna/kader/verein/1025/saison_id/2026/plus/1,0110cf99718c64dae936d9a4905057d288279fe8328651a47c3a519a8bb10c74,2026-09-12
FM27-4edb4527ed133d90f36f454e,,AWAITING_EXTERNAL_RESOLUTION,,,CONTRACT_CHRONOLOGY,YES,Joined/end/shirt fields are incomplete or invalid,ITA1,Frosinone Calcio,8970,Francesco Gelli,337811,1996-10-15,293400,274197,1769528,1769528,DOB_NAME,https://www.transfermarkt.de/frosinone-calcio/kader/verein/8970/saison_id/2026/plus/1,a104cee425f087aec46f2bde8eae8e0ec4f532d7e3edc12039ec6bf4b78c5a16,2026-09-12
FM27-3f01e6077f6d1de6355812cf,,AWAITING_EXTERNAL_RESOLUTION,,,CONTRACT_CHRONOLOGY,YES,Joined/end/shirt fields are incomplete or invalid,ITA1,Frosinone Calcio,8970,Matteo Pisseri,168444,1991-11-21,293407,225037,1769528,1769528,DOB_NAME,https://www.transfermarkt.de/frosinone-calcio/kader/verein/8970/saison_id/2026/plus/1,a104cee425f087aec46f2bde8eae8e0ec4f532d7e3edc12039ec6bf4b78c5a16,2026-09-12
FM27-7d22d974f97c852e2f658b51,,AWAITING_EXTERNAL_RESOLUTION,,,CONTRACT_CHRONOLOGY,YES,Joined/end/shirt fields are incomplete or invalid,ITA1,Genua CFC,252,Mamedi Doucouré,1105948,2007-01-19,285898,0,1769510,1769510,DOB_NAME,https://www.transfermarkt.de/genua-cfc/kader/verein/252/saison_id/2026/plus/1,28831c70a8bf2f1d0e0c5e7801240ba62008e42be2eb8761306fafe7c05e7da1,2026-09-12
FM27-fa374f8401f2c9deb268b76d,,AWAITING_EXTERNAL_RESOLUTION,,,CONTRACT_CHRONOLOGY,YES,Joined/end/shirt fields are incomplete or invalid,ITA1,Lazio Rom,398,Federico Serra,976207,2006-01-03,281422,0,1769487,1769487,DOB_NAME,https://www.transfermarkt.de/lazio-rom/kader/verein/398/saison_id/2026/plus/1,9c76fbe0b5d68bfdb8d420274f6285cb7a4f149afb425f160c4bae3837bebead,2026-09-12
FM27-080deb419d6cdd8625a7000a,,AWAITING_EXTERNAL_RESOLUTION,,,CONTRACT_CHRONOLOGY,YES,Joined/end/shirt fields are incomplete or invalid,ITA1,Parma Calcio 1913,130,Dominik Drobnic,1009616,2007-04-05,286744,0,1769475,1769475,DOB_NAME,https://www.transfermarkt.de/parma-calcio-1913/kader/verein/130/saison_id/2026/plus/1,9f4513b041b1eea32272df127e8d7647766a65bc4faf13d5feb5409749e2d01f,2026-09-12
FM27-f4420a7d7e0ce232261d56c7,,AWAITING_EXTERNAL_RESOLUTION,,,CONTRACT_CHRONOLOGY,YES,Joined/end/shirt fields are incomplete or invalid,ITA1,SSC Neapel,6195,Claudio Pugliese,1270926,2008-04-15,281914,0,1769517,1769517,DOB_NAME,https://www.transfermarkt.de/ssc-neapel/kader/verein/6195/saison_id/2026/plus/1,b2cda600bc2f672ad88ae2275b431e7265880decd3175ca6d6b680cc4e2bb742,2026-09-12
FM27-a87f40b34dbc781597ebb507,,AWAITING_EXTERNAL_RESOLUTION,,,CONTRACT_CHRONOLOGY,YES,Joined/end/shirt fields are incomplete or invalid,ITA1,US Lecce,1005,Sebastian Esposito,1118086,2005-04-21,88023,274928,12779523,1769483,DOB_NAME,https://www.transfermarkt.de/us-lecce/kader/verein/1005/saison_id/2026/plus/1,f70b73ab0beef18f4707e1b846172f928bd484c8e6abc3aab35570487739b4bc,2026-09-12
FM27-1c1eb8a639fe13555a32b4c0,,AWAITING_EXTERNAL_RESOLUTION,,,CONTRACT_CHRONOLOGY,YES,Joined/end/shirt fields are incomplete or invalid,ITA1,US Sassuolo,6574,Giorgio Vezzosi,1019116,2007-01-14,287391,0,1769542,1769542,DOB_NAME,https://www.transfermarkt.de/us-sassuolo/kader/verein/6574/saison_id/2026/plus/1,686b0eaeb9362b4d66f8cc3a3779bc587286eed50ca422d498380ecfd974ed38,2026-09-12
FM27-a4b7aad91cb75257ddec3f0e,,AWAITING_EXTERNAL_RESOLUTION,,,CONTRACT_CHRONOLOGY,YES,Joined/end/shirt fields are incomplete or invalid,ITA1,US Sassuolo,6574,Lorenzo Nyarko,1168024,2007-10-20,287406,0,1769542,1769542,DOB_NAME,https://www.transfermarkt.de/us-sassuolo/kader/verein/6574/saison_id/2026/plus/1,686b0eaeb9362b4d66f8cc3a3779bc587286eed50ca422d498380ecfd974ed38,2026-09-12
FM27-3fac8dfee9e1de01b0fff607,,AWAITING_EXTERNAL_RESOLUTION,,,CONTRACT_CHRONOLOGY,YES,Joined/end/shirt fields are incomplete or invalid,ITA1,Venezia FC,607,Mohamed Malang Touré,1372355,2006-12-31,1000018395,0,0,1769500,DOB_NAME,https://www.transfermarkt.de/venezia-fc/kader/verein/607/saison_id/2026/plus/1,d88fc7110893de0f0661e79b4c48d86142d14d93f73bc112159c1995caefb0e9,2026-09-12
FM27-a199aca998dbfbd38dfff853,,AWAITING_EXTERNAL_RESOLUTION,,,CONTRACT_CHRONOLOGY,YES,Joined/end/shirt fields are incomplete or invalid,NED1,FC Groningen,202,Jahelille Hall,1174487,2007-11-25,295118,0,2228233,2228233,DOB_NAME,https://www.transfermarkt.de/fc-groningen/kader/verein/202/saison_id/2026/plus/1,f0f5d8d6f23b2d3ed5dd60e9bd2366f7a483d8cdd5fc8a4003b210b61dd2451c,2026-09-12
FM27-a4d03d7e1d5fd55f149ab309,,AWAITING_EXTERNAL_RESOLUTION,,,CONTRACT_CHRONOLOGY,YES,Joined/end/shirt fields are incomplete or invalid,NED1,FC Utrecht,200,Nordin Amrabat,55619,1987-03-31,15607,183108,8454145,2228241,DOB_NAME,https://www.transfermarkt.de/fc-utrecht/kader/verein/200/saison_id/2026/plus/1,30172180fe0b90bafc4f2d8225a407eb91445c75b04c67bdb0bfe6d096d2e552,2026-09-12
FM27-458988276a30d78e1b3c3aeb,,AWAITING_EXTERNAL_RESOLUTION,,,CONTRACT_CHRONOLOGY,YES,Joined/end/shirt fields are incomplete or invalid,NED1,NEC Nijmegen,467,Joep Geneste,986873,2007-01-15,293940,0,2228235,2228235,DOB_NAME,https://www.transfermarkt.de/nec-nijmegen/kader/verein/467/saison_id/2026/plus/1,afaf186de0e68283482d701cbcab4af6ebdee0f811b6b205c1c3767c120d442d,2026-09-12
FM27-69517808e08315a655602c30,,AWAITING_EXTERNAL_RESOLUTION,,,CONTRACT_CHRONOLOGY,YES,Joined/end/shirt fields are incomplete or invalid,NED1,SC Heerenveen,306,Timo Schreuder,946616,2006-09-25,291027,0,2228234,2228234,DOB_NAME,https://www.transfermarkt.de/sc-heerenveen/kader/verein/306/saison_id/2026/plus/1,c5575ac3b7544ec0b6c6c259e7a480f6feb44060499802d16479d9d38d1f4bf6,2026-09-12
FM27-87503327866bbd2abc061401,,AWAITING_EXTERNAL_RESOLUTION,,,CONTRACT_CHRONOLOGY,YES,Joined/end/shirt fields are incomplete or invalid,POR1,CD Nacional,982,Fernando Nava,960584,2004-06-08,221113,0,3473412,2490378,DOB_NAME,https://www.transfermarkt.de/cd-nacional/kader/verein/982/saison_id/2026/plus/1,85c1a326ea7d9109ff431c2a95c9c0488100e0183b1e7c799d926c40ecb8dba6,2026-09-12
FM27-0e88dbc64fc45f78a53e12eb,,AWAITING_EXTERNAL_RESOLUTION,,,CONTRACT_CHRONOLOGY,YES,Joined/end/shirt fields are incomplete or invalid,POR1,CD Nacional,982,Min-kyu Song,581977,1999-09-12,61806,248188,10944515,2490378,DOB_NAME,https://www.transfermarkt.de/cd-nacional/kader/verein/982/saison_id/2026/plus/1,85c1a326ea7d9109ff431c2a95c9c0488100e0183b1e7c799d926c40ecb8dba6,2026-09-12
FM27-98e92b2123948f2b6cd72b39,,AWAITING_EXTERNAL_RESOLUTION,,,CONTRACT_CHRONOLOGY,YES,Joined/end/shirt fields are incomplete or invalid,POR1,CD Nacional,982,Wesley Gasolina,371967,2000-03-13,223962,260939,3552671,2490378,DOB_NAME,https://www.transfermarkt.de/cd-nacional/kader/verein/982/saison_id/2026/plus/1,85c1a326ea7d9109ff431c2a95c9c0488100e0183b1e7c799d926c40ecb8dba6,2026-09-12
FM27-cb301e152f166ee611f8d90a,,AWAITING_EXTERNAL_RESOLUTION,,,CONTRACT_CHRONOLOGY,YES,Joined/end/shirt fields are incomplete or invalid,POR1,CF Estrela Amadora,2431,Si-woo Yang,1035894,2006-09-18,276724,0,1376429,2490394,DOB_NAME,https://www.transfermarkt.de/cf-estrela-amadora/kader/verein/2431/saison_id/2026/plus/1,518e3a2e95f5774700d01db49dd50f80d4ccbc790493950412b68c785a7de654,2026-09-12
FM27-39c3821ee56c3e6f3da3b1cc,,AWAITING_EXTERNAL_RESOLUTION,,,CONTRACT_CHRONOLOGY,YES,Joined/end/shirt fields are incomplete or invalid,POR1,FC Alverca,2521,Tiago Octávio,742459,2004-07-08,154993,0,2490401,2490393,DOB_NAME,https://www.transfermarkt.de/fc-alverca/kader/verein/2521/saison_id/2026/plus/1,7f5d01cde12ec5554a0cdae5ccc699031abd54d7e473e99ebf2c44e9a519b8ae,2026-09-12
FM27-4bfcb1ba1dd326b0cec6bb3f,,AWAITING_EXTERNAL_RESOLUTION,,,CONTRACT_CHRONOLOGY,YES,Joined/end/shirt fields are incomplete or invalid,TUR1,Erzurumspor FK,39722,Ertuğrul Taşkıran,91945,1989-11-05,200205,194372,3145783,3145765,DOB_NAME,https://www.transfermarkt.de/erzurumspor-fk/kader/verein/39722/saison_id/2026/plus/1,aaa2316b00aefef231faf95d7f3e3871f7c712aaa423cb88c256177acd6d2902,2026-09-12
FM27-776d9d8bba2e9c8f87ab4896,,AWAITING_EXTERNAL_RESOLUTION,,,CONTRACT_CHRONOLOGY,YES,Joined/end/shirt fields are incomplete or invalid,TUR1,Erzurumspor FK,39722,Gyrano Kerk,268112,1995-12-02,235334,225653,458785,3145765,DOB_NAME,https://www.transfermarkt.de/erzurumspor-fk/kader/verein/39722/saison_id/2026/plus/1,aaa2316b00aefef231faf95d7f3e3871f7c712aaa423cb88c256177acd6d2902,2026-09-12
FM27-4c5fc7f64293e999bbc454d5,,AWAITING_EXTERNAL_RESOLUTION,,,CONTRACT_CHRONOLOGY,YES,Joined/end/shirt fields are incomplete or invalid,TUR1,Eyüpspor,7160,Abdelhamid Sabiri,340394,1996-11-28,282490,237499,1769492,3145777,DOB_NAME,https://www.transfermarkt.de/eyupspor/kader/verein/7160/saison_id/2026/plus/1,f4f3375da68b82c3bad1b9efcd11d29ed67584c0d829b173c80cc388820bec9c,2026-09-12
FM27-c0237c05af525dafe9584722,,AWAITING_EXTERNAL_RESOLUTION,,,CONTRACT_CHRONOLOGY,YES,Joined/end/shirt fields are incomplete or invalid,TUR1,Eyüpspor,7160,Jawad El Yamiq,235412,1992-02-29,77428,241775,11997190,3145777,DOB_NAME,https://www.transfermarkt.de/eyupspor/kader/verein/7160/saison_id/2026/plus/1,f4f3375da68b82c3bad1b9efcd11d29ed67584c0d829b173c80cc388820bec9c,2026-09-12
FM27-cc7bb7aa50c0ab0e03f48bd9,,AWAITING_EXTERNAL_RESOLUTION,,,CONTRACT_CHRONOLOGY,YES,Joined/end/shirt fields are incomplete or invalid,TUR1,Eyüpspor,7160,Konrad Michalak,387160,1997-09-19,105039,240119,1441832,3145777,DOB_NAME,https://www.transfermarkt.de/eyupspor/kader/verein/7160/saison_id/2026/plus/1,f4f3375da68b82c3bad1b9efcd11d29ed67584c0d829b173c80cc388820bec9c,2026-09-12
FM27-0e12009b3ff7a7f5f8df330b,,AWAITING_EXTERNAL_RESOLUTION,,,CONTRACT_CHRONOLOGY,YES,Joined/end/shirt fields are incomplete or invalid,TUR1,Eyüpspor,7160,Mete Demir,282615,1998-05-13,201012,239333,3145838,3145777,VERIFIED_PRIOR_TM_BRIDGE,https://www.transfermarkt.de/eyupspor/kader/verein/7160/saison_id/2026/plus/1,f4f3375da68b82c3bad1b9efcd11d29ed67584c0d829b173c80cc388820bec9c,2026-09-12
FM27-bd706f2d006c64f0e0836997,,AWAITING_EXTERNAL_RESOLUTION,,,CONTRACT_CHRONOLOGY,YES,Joined/end/shirt fields are incomplete or invalid,TUR1,Eyüpspor,7160,Zak Jules,309041,1997-02-07,267781,230839,917551,3145777,DOB_NAME,https://www.transfermarkt.de/eyupspor/kader/verein/7160/saison_id/2026/plus/1,f4f3375da68b82c3bad1b9efcd11d29ed67584c0d829b173c80cc388820bec9c,2026-09-12
FM27-d63baec9bf9140cbd0e82fe2,,AWAITING_EXTERNAL_RESOLUTION,,,CONTRACT_CHRONOLOGY,YES,Joined/end/shirt fields are incomplete or invalid,TUR1,Gaziantep FK,2832,Mirza Cihan,583970,2000-10-26,201024,260559,3145838,3145773,DOB_NAME,https://www.transfermarkt.de/gaziantep-fk/kader/verein/2832/saison_id/2026/plus/1,81446f340c520f2c5aff4253c251edc727d259530fe5221a6b24ee6cfb9e01e1,2026-09-12
FM27-2f7d8e47f05dcf4b5957f648,,AWAITING_EXTERNAL_RESOLUTION,,,CONTRACT_CHRONOLOGY,YES,Joined/end/shirt fields are incomplete or invalid,TUR1,Kasimpasa,10484,Ömer Bayram,117586,1991-07-27,201186,193201,3145757,3145843,DOB_NAME,https://www.transfermarkt.de/kasimpasa/kader/verein/10484/saison_id/2026/plus/1,c67384cb86e5ab0489a71469deab8847f74c6c6c97729fe8853bfdf343f41060,2026-09-12
FM27-abcfd07881e880c066a1f855,NONBLOCKING,RESOLVED,Existing canonical review already marks this row nonblocking.,,CONTRACT_END_PRESERVED,NO,"Confirmed permanent move; public end unavailable, so still-valid native contract end is preserved",CZE1,FK Teplice,814,Abdourahman Badamosi,1369811,2007-01-10,43127,0,987138,786443,DOB_NAME,https://www.transfermarkt.de/fk-teplice/kader/verein/814/saison_id/2026/plus/1,d56a4f10e63ee591f34d8043653f8dec1ff43e812697defcdc04274a50cee948,2026-09-12
FM27-209239680e754b6f6c1839a5,NONBLOCKING,RESOLVED,Existing canonical review already marks this row nonblocking.,,CONTRACT_END_PRESERVED,NO,"Confirmed permanent move; public end unavailable, so still-valid native contract end is preserved",CZE1,SK Sigma Olmütz,2311,Igor Brzyski,707499,2007-03-15,284254,0,1769499,786439,DOB_NAME,https://www.transfermarkt.de/sk-sigma-olmutz/kader/verein/2311/saison_id/2026/plus/1,c61d1f22a4e21ac99834db236d5c613fdf98db28632452029778a0c82954b875,2026-09-12
FM27-22fcaf565cb1ed008c9ac10e,NONBLOCKING,RESOLVED,Existing canonical review already marks this row nonblocking.,,CONTRACT_END_PRESERVED,NO,"Confirmed permanent move; public end unavailable, so still-valid native contract end is preserved",ENG1,Coventry City,990,Yann Gboho,463613,2001-01-14,291077,252937,917530,917530,DOB_NAME,https://www.transfermarkt.de/coventry-city/kader/verein/990/saison_id/2026/plus/1,f8b6df3a235487785b5388c90b2e9ed50f43a330cba1ff3e2ab5138484452aae,2026-09-12
FM27-a1bbbba23e55ad05fbc8054b,NONBLOCKING,RESOLVED,Existing canonical review already marks this row nonblocking.,,EARLY_BORROWER_SWITCH,NO,Current profile proves the same owner switched borrowers before the stale native loan end,FRA1,AJ Auxerre,290,Romain Faivre,555076,1998-07-14,77116,242577,11993105,1179654,DOB_NAME,https://www.transfermarkt.de/aj-auxerre/kader/verein/290/saison_id/2026/plus/1,bc56be6a329e8d45adc245c1a0891dc5af443b78ade6319a110e2ae8c5f635c2,2026-09-12
FM27-269da445a56389bdf780cb9e,NONBLOCKING,RESOLVED,Existing canonical review already marks this row nonblocking.,,EARLY_BORROWER_SWITCH,NO,Current profile proves the same owner switched borrowers before the stale native loan end,GER2,Braunschweig TSV Eintracht,23,Jovan Mijatovic,673432,2005-07-11,235945,71191,458775,1376426,DOB_NAME,https://www.transfermarkt.de/eintracht-braunschweig/kader/verein/23/saison_id/2026/plus/1,4dcb46d8b8a7e777d024f2983d9ebc008ec793f5ecc0c3f4c8db4cd20b3b5982,2026-09-12
FM27-fe7bb030ffe3d1da420e89e2,NONBLOCKING,RESOLVED,Existing canonical review already marks this row nonblocking.,,EARLY_BORROWER_SWITCH,NO,Current profile proves the same owner switched borrowers before the stale native loan end,NED1,FC Utrecht,200,Artem Stepanov,1045344,2007-08-10,274322,74749,1376258,2228241,DOB_NAME,https://www.transfermarkt.de/fc-utrecht/kader/verein/200/saison_id/2026/plus/1,30172180fe0b90bafc4f2d8225a407eb91445c75b04c67bdb0bfe6d096d2e552,2026-09-12
FM27-2b882875df94fc88c215c6de,NONBLOCKING,RESOLVED,Existing canonical review already marks this row nonblocking.,,EARLY_BORROWER_SWITCH,NO,Current profile proves the same owner switched borrowers before the stale native loan end,TUR1,Besiktas JK,114,Yasin Özcan,1043003,2006-04-20,235262,271362,458766,3145824,DOB_NAME,https://www.transfermarkt.de/besiktas-jk/kader/verein/114/saison_id/2026/plus/1,f46df64dc3feb409a79ae254926c9517fdba2f5e40a9e4ebf8000fc6f191e791,2026-09-12
FM27-00f7e3d9a098f725ba6fa942,NONBLOCKING,RESOLVED,Existing canonical review already marks this row nonblocking.,,EARLY_BORROWER_SWITCH,NO,Current profile proves the same owner switched borrowers before the stale native loan end,TUR1,Eyüpspor,7160,Anıl Yaşar,685329,2002-07-01,200980,275694,3149915,3145777,DOB_NAME,https://www.transfermarkt.de/eyupspor/kader/verein/7160/saison_id/2026/plus/1,f4f3375da68b82c3bad1b9efcd11d29ed67584c0d829b173c80cc388820bec9c,2026-09-12
FM27-5225e5ca90c6d86dc9aad597,NONBLOCKING,RESOLVED,Existing canonical review already marks this row nonblocking.,,PLAYER_CREATION,NO,No unique Native08 identity by exact DOB and normalized full name,BEL1,Club Brügge,2282,Gianluca Okon-Engstler,1334900,2009-01-24,,,,458756,MISSING_FROM_FM,https://www.transfermarkt.de/club-brugge/kader/verein/2282/saison_id/2026/plus/1,1fee205997362283be46f8cb9c009c85aa038ae7b79a372e8ad66b82b032cebd,2026-09-12
FM27-d5311fc6c2bdd764eeb4ed51,NONBLOCKING,RESOLVED,Existing canonical review already marks this row nonblocking.,,PLAYER_CREATION,NO,No unique Native08 identity by exact DOB and normalized full name,BEL1,KRC Genk,1184,Elie Mbavu,1232104,2009-10-20,,,,458768,MISSING_FROM_FM,https://www.transfermarkt.de/krc-genk/kader/verein/1184/saison_id/2026/plus/1,85979abe0c47d79971cc0cee642e1248d1cad9da00ea0a7a7add7591bfc915c0,2026-09-12
FM27-f4530a066cf25d7551e109fd,NONBLOCKING,RESOLVED,Existing canonical review already marks this row nonblocking.,,PLAYER_CREATION,NO,No unique Native08 identity by exact DOB and normalized full name,BEL1,KV Kortrijk,601,Guust Lamerand,1456177,2008-03-21,,,,458781,MISSING_FROM_FM,https://www.transfermarkt.de/kv-kortrijk/kader/verein/601/saison_id/2026/plus/1,a4999f54d8da64602d94dda7998adfe30af76e24e0c684550e581e845d6cfc0c,2026-09-12
FM27-1e005007bc4531ffe912af65,NONBLOCKING,RESOLVED,Existing canonical review already marks this row nonblocking.,,PLAYER_CREATION,NO,No unique Native08 identity by exact DOB and normalized full name,BEL1,KV Mechelen,354,Amine Ouahabi,1269453,2008-07-04,,,,458787,MISSING_FROM_FM,https://www.transfermarkt.de/kv-mechelen/kader/verein/354/saison_id/2026/plus/1,def54d86d9d3b7a97807ef82c6b867bdf78c5b32694c9ea844fc271b85c916a5,2026-09-12
FM27-d96c8eb07340b35a0c6043cf,NONBLOCKING,RESOLVED,Existing canonical review already marks this row nonblocking.,,PLAYER_CREATION,NO,No unique Native08 identity by exact DOB and normalized full name,BEL1,KV Mechelen,354,Axel Willockx,1192697,2007-02-07,,,,458787,MISSING_FROM_FM,https://www.transfermarkt.de/kv-mechelen/kader/verein/354/saison_id/2026/plus/1,def54d86d9d3b7a97807ef82c6b867bdf78c5b32694c9ea844fc271b85c916a5,2026-09-12
FM27-9ce340dc1c54effa81c98548,,AWAITING_EXTERNAL_RESOLUTION,,,PLAYER_CREATION,YES,No unique Native08 identity by exact DOB and normalized full name,BEL1,KV Mechelen,354,Malcolm Lohunanu-Mbasi,1318352,2008-05-11,,,,458787,MISSING_FROM_FM,https://www.transfermarkt.de/kv-mechelen/kader/verein/354/saison_id/2026/plus/1,def54d86d9d3b7a97807ef82c6b867bdf78c5b32694c9ea844fc271b85c916a5,2026-09-12
FM27-6a3bb8fa3488df57ecad827b,,AWAITING_EXTERNAL_RESOLUTION,,,PLAYER_CREATION,YES,No unique Native08 identity by exact DOB and normalized full name,BEL1,KVC Westerlo,968,Jahnilo Wiegel-Triebel,1047424,2005-03-13,,,,458763,MISSING_FROM_FM,https://www.transfermarkt.de/kvc-westerlo/kader/verein/968/saison_id/2026/plus/1,4b321535def794641a57896ea3b395b11fb16964a25bb51fab6f75bf5e2a3382,2026-09-12
FM27-52de27cc7f233d2d0e3a573e,NONBLOCKING,RESOLVED,Existing canonical review already marks this row nonblocking.,,PLAYER_CREATION,NO,No unique Native08 identity by exact DOB and normalized full name,BEL1,KVC Westerlo,968,Philippe Bibout,1577556,2008-06-01,,,,458763,MISSING_FROM_FM,https://www.transfermarkt.de/kvc-westerlo/kader/verein/968/saison_id/2026/plus/1,4b321535def794641a57896ea3b395b11fb16964a25bb51fab6f75bf5e2a3382,2026-09-12
FM27-d4c54738ecf7354b30b5e560,NONBLOCKING,RESOLVED,Existing canonical review already marks this row nonblocking.,,PLAYER_CREATION,NO,No unique Native08 identity by exact DOB and normalized full name,BEL1,Lommel SK,5026,Alexander Reumers,1072029,2007-04-27,,,,458783,MISSING_FROM_FM,https://www.transfermarkt.de/lommel-sk/kader/verein/5026/saison_id/2026/plus/1,9ff756a9f65fb1a83d753e141d2c89530fd8a9311bba2096f5846c718c381d8a,2026-09-12
FM27-de1dc552a80f80559101e3cb,,AWAITING_EXTERNAL_RESOLUTION,,,PLAYER_CREATION,YES,No unique Native08 identity by exact DOB and normalized full name,BEL1,Lommel SK,5026,Djordje Gordic,858324,2004-11-05,,,,458783,MISSING_FROM_FM,https://www.transfermarkt.de/lommel-sk/kader/verein/5026/saison_id/2026/plus/1,9ff756a9f65fb1a83d753e141d2c89530fd8a9311bba2096f5846c718c381d8a,2026-09-12
FM27-56296507350f1421269f379d,NONBLOCKING,RESOLVED,Existing canonical review already marks this row nonblocking.,,PLAYER_CREATION,NO,No unique Native08 identity by exact DOB and normalized full name,BEL1,Royal Antwerpen FC,1096,Jeff Godelaine,1184725,2007-04-26,,,,458785,MISSING_FROM_FM,https://www.transfermarkt.de/royal-antwerpen-fc/kader/verein/1096/saison_id/2026/plus/1,eb2b5eea86d19deaf123189c966bf44bae4a2d94614134be4d229233c58d37aa,2026-09-12
FM27-d3ab62b072268278d3398829,NONBLOCKING,RESOLVED,Existing canonical review already marks this row nonblocking.,,PLAYER_CREATION,NO,No unique Native08 identity by exact DOB and normalized full name,BEL1,Royal Antwerpen FC,1096,Lowie Piselé,1191562,2009-09-17,,,,458785,MISSING_FROM_FM,https://www.transfermarkt.de/royal-antwerpen-fc/kader/verein/1096/saison_id/2026/plus/1,eb2b5eea86d19deaf123189c966bf44bae4a2d94614134be4d229233c58d37aa,2026-09-12
FM27-81617ee3a90990da14b2cfd6,NONBLOCKING,RESOLVED,Existing canonical review already marks this row nonblocking.,,PLAYER_CREATION,NO,No unique Native08 identity by exact DOB and normalized full name,BEL1,Royal Antwerpen FC,1096,Luca Schelfhout,1318279,2007-09-17,,,,458785,MISSING_FROM_FM,https://www.transfermarkt.de/royal-antwerpen-fc/kader/verein/1096/saison_id/2026/plus/1,eb2b5eea86d19deaf123189c966bf44bae4a2d94614134be4d229233c58d37aa,2026-09-12
FM27-cb93e1b7db8415b3e965f654,,AWAITING_EXTERNAL_RESOLUTION,,,PLAYER_CREATION,YES,No unique Native08 identity by exact DOB and normalized full name,BEL1,Royal Antwerpen FC,1096,Mukhammadali Urinboev,763090,2005-04-24,,,,458785,MISSING_FROM_FM,https://www.transfermarkt.de/royal-antwerpen-fc/kader/verein/1096/saison_id/2026/plus/1,eb2b5eea86d19deaf123189c966bf44bae4a2d94614134be4d229233c58d37aa,2026-09-12
FM27-57554062caf31e252da76807,NONBLOCKING,RESOLVED,Existing canonical review already marks this row nonblocking.,,PLAYER_CREATION,NO,No unique Native08 identity by exact DOB and normalized full name,BEL1,Royal Charleroi SC,172,Mory Kera,1308524,2008-06-26,,,,458761,MISSING_FROM_FM,https://www.transfermarkt.de/royal-charleroi-sc/kader/verein/172/saison_id/2026/plus/1,be345af7e14ab40246420c64e873b34283e56e8aafa6f5b344acf44cf11dfec1,2026-09-12
FM27-3e8e553778701f9d1d735d46,NONBLOCKING,RESOLVED,Existing canonical review already marks this row nonblocking.,,PLAYER_CREATION,NO,No unique Native08 identity by exact DOB and normalized full name,BEL1,Royal Charleroi SC,172,Naël Piron,1318685,2008-09-28,,,,458761,MISSING_FROM_FM,https://www.transfermarkt.de/royal-charleroi-sc/kader/verein/172/saison_id/2026/plus/1,be345af7e14ab40246420c64e873b34283e56e8aafa6f5b344acf44cf11dfec1,2026-09-12
FM27-6fa67131270d8e2c77b6e4e0,NONBLOCKING,RESOLVED,Existing canonical review already marks this row nonblocking.,,PLAYER_CREATION,NO,No unique Native08 identity by exact DOB and normalized full name,BEL1,VV St. Truiden,475,Yanis Ngoy,1389531,2008-08-24,,,,458759,MISSING_FROM_FM,https://www.transfermarkt.de/vv-st-truiden/kader/verein/475/saison_id/2026/plus/1,c0e976a963b2c1507ec52e39bab62ae405f89e7c2149e5b8ecc88e56b4f6ff7a,2026-09-12
FM27-9e1c058fd67b6967d58e2527,NONBLOCKING,RESOLVED,Existing canonical review already marks this row nonblocking.,,PLAYER_CREATION,NO,No unique Native08 identity by exact DOB and normalized full name,CZE1,1.FC Slovacko,5544,Filip Hruska,1339658,2008-08-29,,,,786461,MISSING_FROM_FM,https://www.transfermarkt.de/1-fc-slovacko/kader/verein/5544/saison_id/2026/plus/1,42dab36a10cfd13d442ece1bb7499f652fac54d38b8eba2248452673a53bcacf,2026-09-12
FM27-1dd0c9a3be7a52be63242b02,,AWAITING_EXTERNAL_RESOLUTION,,,PLAYER_CREATION,YES,No unique Native08 identity by exact DOB and normalized full name,CZE1,1.FC Slovacko,5544,Gibril Sosseh,1372149,2007-01-01,,,,786461,MISSING_FROM_FM,https://www.transfermarkt.de/1-fc-slovacko/kader/verein/5544/saison_id/2026/plus/1,42dab36a10cfd13d442ece1bb7499f652fac54d38b8eba2248452673a53bcacf,2026-09-12
FM27-f8c879bb6501a16d01f9076c,,AWAITING_EXTERNAL_RESOLUTION,,,PLAYER_CREATION,YES,No unique Native08 identity by exact DOB and normalized full name,CZE1,Bohemians Prag 1905,715,Samuel Obinaya,1237999,2005-08-28,,,,786453,MISSING_FROM_FM,https://www.transfermarkt.de/bohemians-prag-1905/kader/verein/715/saison_id/2026/plus/1,ebdb6624691ca6718b5ca6df413da8f706167c604575caed018b5bb2940716cb,2026-09-12
FM27-40219c30887b60ece6f11377,,AWAITING_EXTERNAL_RESOLUTION,,,PLAYER_CREATION,YES,No unique Native08 identity by exact DOB and normalized full name,CZE1,FC Banik Ostrau,377,Maksym Dyachuk,726014,2003-07-21,,,,786446,MISSING_FROM_FM,https://www.transfermarkt.de/fc-banik-ostrau/kader/verein/377/saison_id/2026/plus/1,3717000ca143110b9cff7bc66843b5e54104cdaa75d0e196220c4e77c8b4d611,2026-09-12
FM27-260226f100ea862dc4e7733e,,AWAITING_EXTERNAL_RESOLUTION,,,PLAYER_CREATION,YES,No unique Native08 identity by exact DOB and normalized full name,CZE1,FC Zbrojovka Brünn,5225,Colin Andrew,943864,2004-02-25,,,,786447,MISSING_FROM_FM,https://www.transfermarkt.de/fc-zbrojovka-brunn/kader/verein/5225/saison_id/2026/plus/1,1aeecf841a85ad9d35469b9ba37af49f38aee1b2e160fdd7ebc2df04f3863d83,2026-09-12
FM27-54e4d930023d233ca0e0d082,NONBLOCKING,RESOLVED,Existing canonical review already marks this row nonblocking.,,PLAYER_CREATION,NO,No unique Native08 identity by exact DOB and normalized full name,CZE1,FC Zlin,5545,Moustapha Toure,1523194,2007-10-04,,,,786445,MISSING_FROM_FM,https://www.transfermarkt.de/fc-zlin/kader/verein/5545/saison_id/2026/plus/1,145632bcb3322adba503e23b5de14e7fcaebb0cc067878f73ac83683b3023bd4,2026-09-12
FM27-c137708e784c73526231a56f,,AWAITING_EXTERNAL_RESOLUTION,,,PLAYER_CREATION,YES,No unique Native08 identity by exact DOB and normalized full name,CZE1,FK Mlada Boleslav,5546,Bolu Ogungbayi,1048442,2004-05-16,,,,786434,MISSING_FROM_FM,https://www.transfermarkt.de/fk-mlada-boleslav/kader/verein/5546/saison_id/2026/plus/1,5a8600e42926651e56482ac4dac8c6e5e0e3e1754eacf142566e811f0e9bca53,2026-09-12
FM27-aefefc2f74b233d38b7dae17,,AWAITING_EXTERNAL_RESOLUTION,,,PLAYER_CREATION,YES,No unique Native08 identity by exact DOB and normalized full name,CZE1,FK Mlada Boleslav,5546,Dominik Mares,941029,2003-02-03,,,,786434,MISSING_FROM_FM,https://www.transfermarkt.de/fk-mlada-boleslav/kader/verein/5546/saison_id/2026/plus/1,5a8600e42926651e56482ac4dac8c6e5e0e3e1754eacf142566e811f0e9bca53,2026-09-12
FM27-122e54be8300b17d762ba73e,,AWAITING_EXTERNAL_RESOLUTION,,,PLAYER_CREATION,YES,No unique Native08 identity by exact DOB and normalized full name,CZE1,FK Mlada Boleslav,5546,Jan Jinoch,1166018,2006-05-02,,,,786434,MISSING_FROM_FM,https://www.transfermarkt.de/fk-mlada-boleslav/kader/verein/5546/saison_id/2026/plus/1,5a8600e42926651e56482ac4dac8c6e5e0e3e1754eacf142566e811f0e9bca53,2026-09-12
FM27-982fb480e9df42d16644360f,,AWAITING_EXTERNAL_RESOLUTION,,,PLAYER_CREATION,YES,No unique Native08 identity by exact DOB and normalized full name,CZE1,FK Pardubice,1496,Martin Reil,1143628,2006-05-05,,,,790538,MISSING_FROM_FM,https://www.transfermarkt.de/fk-pardubice/kader/verein/1496/saison_id/2026/plus/1,ff994ed3554101d4e2a5377d206e013ac142ca4f73f68a0c406e2cc0d305e0ef,2026-09-12
FM27-6772e32e627a533beca72e61,,AWAITING_EXTERNAL_RESOLUTION,,,PLAYER_CREATION,YES,No unique Native08 identity by exact DOB and normalized full name,CZE1,FK Pardubice,1496,Mouhamed Tidjane Traore,1063475,2003-03-21,,,,790538,MISSING_FROM_FM,https://www.transfermarkt.de/fk-pardubice/kader/verein/1496/saison_id/2026/plus/1,ff994ed3554101d4e2a5377d206e013ac142ca4f73f68a0c406e2cc0d305e0ef,2026-09-12
FM27-8f73d7513418b4a48ce40d29,NONBLOCKING,RESOLVED,Existing canonical review already marks this row nonblocking.,,PLAYER_CREATION,NO,No unique Native08 identity by exact DOB and normalized full name,CZE1,SK Artis Brünn,24325,Ismael Sylla,1544985,2008-02-07,,,,790564,MISSING_FROM_FM,https://www.transfermarkt.de/sk-artis-brunn/kader/verein/24325/saison_id/2026/plus/1,587a867b1b6398028de49094330bc2934f1e7245d3ee79f2003e9ffe6410ac9f,2026-09-12
FM27-fc09ca6d15551cca7ecd08b3,,AWAITING_EXTERNAL_RESOLUTION,,,PLAYER_CREATION,YES,No unique Native08 identity by exact DOB and normalized full name,CZE1,SK Sigma Olmütz,2311,John Paul Dembe,1111684,2005-07-03,,,,786439,MISSING_FROM_FM,https://www.transfermarkt.de/sk-sigma-olmutz/kader/verein/2311/saison_id/2026/plus/1,c61d1f22a4e21ac99834db236d5c613fdf98db28632452029778a0c82954b875,2026-09-12
FM27-d92c69e3daf89372b7b29db0,,AWAITING_EXTERNAL_RESOLUTION,,,PLAYER_CREATION,YES,No unique Native08 identity by exact DOB and normalized full name,ENG1,AFC Bournemouth,989,Juanlu Sánchez,676042,2003-08-15,,,,917553,MISSING_FROM_FM,https://www.transfermarkt.de/afc-bournemouth/kader/verein/989/saison_id/2026/plus/1,147ac73d9a94a634b365ebf6ee82ee4655d46b0d4aa0cba07b481ccc27a62359,2026-09-12
FM27-dc8eaf45bf38632551510ba5,,AWAITING_EXTERNAL_RESOLUTION,,,PLAYER_CREATION,YES,No unique Native08 identity by exact DOB and normalized full name,ENG1,AFC Bournemouth,989,Junior Kroupi,955357,2006-06-23,,,,917553,MISSING_FROM_FM,https://www.transfermarkt.de/afc-bournemouth/kader/verein/989/saison_id/2026/plus/1,147ac73d9a94a634b365ebf6ee82ee4655d46b0d4aa0cba07b481ccc27a62359,2026-09-12
FM27-cee39c8f73847c4b1c3d397a,,AWAITING_EXTERNAL_RESOLUTION,,,PLAYER_CREATION,YES,No unique Native08 identity by exact DOB and normalized full name,ENG1,Arsenal,11,Ben White,335721,1997-10-08,,,,917505,MISSING_FROM_FM,https://www.transfermarkt.de/fc-arsenal/kader/verein/11/saison_id/2026/plus/1,0a651bf929057db7f1dbbe4529cc7f612bb8971a26a0e97c6367450f71960375,2026-09-12
FM27-729ba0037708e8ae2436b6ed,,AWAITING_EXTERNAL_RESOLUTION,,,PLAYER_CREATION,YES,Two-attempt creation triage remains blocked: IDENTITY_AMBIGUITY_FUZZY_CANDIDATE,ENG1,Aston Villa,405,Alysson,1005583,2006-05-05,,,,917506,TWO_ATTEMPT_CREATION_TRIAGE,https://www.transfermarkt.de/aston-villa/kader/verein/405/saison_id/2026/plus/1,66b9b7fdd741084e821d291249f5bdc0fe382243be248d861c1137a95e82f15d,2026-09-12
FM27-b106df6866c47382093854d9,,AWAITING_EXTERNAL_RESOLUTION,,,PLAYER_CREATION,YES,Two-attempt creation triage remains blocked: IDENTITY_AMBIGUITY_DUPLICATE_REVIEW_LEAD,ENG1,Brentford,1148,El Hadji Malick Diouf,1111589,2004-12-29,,,,917569,TWO_ATTEMPT_CREATION_TRIAGE,https://www.transfermarkt.de/fc-brentford/kader/verein/1148/saison_id/2026/plus/1,98977ec56621e787ba2b89973d53a14e8f3ee796ba25d92646304551ba9c96fa,2026-09-12
FM27-7d46635af9d53c051d6392e7,,AWAITING_EXTERNAL_RESOLUTION,,,PLAYER_CREATION,YES,No unique Native08 identity by exact DOB and normalized full name,ENG1,Brighton & Hove Albion,1237,Tom McGill,406556,2000-03-25,,,,917529,MISSING_FROM_FM,https://www.transfermarkt.de/brighton-hove-albion/kader/verein/1237/saison_id/2026/plus/1,f2cf90d26295bb03b7a9f88ddd237a671bfa8ea7b8601dc2dd42f6c052d76dbc,2026-09-12
FM27-8655b5e48e5cee5b1dfc4ce7,,AWAITING_EXTERNAL_RESOLUTION,,,PLAYER_CREATION,YES,No unique Native08 identity by exact DOB and normalized full name,ENG1,Chelsea,631,Emmanuel Emegha,559328,2003-02-03,,,,917513,MISSING_FROM_FM,https://www.transfermarkt.de/fc-chelsea/kader/verein/631/saison_id/2026/plus/1,654f4cd4c0ce8c73da8a919c8a23c05e00fc473650df3999c3441d42c128ae64,2026-09-12
FM27-a0a2e006fffa142c9ccfa557,,AWAITING_EXTERNAL_RESOLUTION,,,PLAYER_CREATION,YES,Two-attempt creation triage remains blocked: IDENTITY_AMBIGUITY_DUPLICATE_REVIEW_LEAD,ENG1,Chelsea,631,Gabriel Slonina,656316,2004-05-15,,,,917513,TWO_ATTEMPT_CREATION_TRIAGE,https://www.transfermarkt.de/fc-chelsea/kader/verein/631/saison_id/2026/plus/1,654f4cd4c0ce8c73da8a919c8a23c05e00fc473650df3999c3441d42c128ae64,2026-09-12
FM27-66922401988ce4f54c6127dd,,AWAITING_EXTERNAL_RESOLUTION,,,PLAYER_CREATION,YES,Two-attempt creation triage remains blocked: IDENTITY_AMBIGUITY_DUPLICATE_REVIEW_LEAD | IDENTITY_AMBIGUITY_FUZZY_CANDIDATE,ENG1,Hull City,3008,Matt Targett,250478,1995-09-18,,,,917532,TWO_ATTEMPT_CREATION_TRIAGE,https://www.transfermarkt.de/hull-city/kader/verein/3008/saison_id/2026/plus/1,95d27e3b77eef2306101f2b6eab92a02d56308a31e0d34299be2fa82dcf331db,2026-09-12
FM27-a09bb966e088548a3240cbb6,,AWAITING_EXTERNAL_RESOLUTION,,,PLAYER_CREATION,YES,No unique Native08 identity by exact DOB and normalized full name,ENG1,Leeds United,399,Ilia Gruev,381753,2000-05-06,,,,917545,MISSING_FROM_FM,https://www.transfermarkt.de/leeds-united/kader/verein/399/saison_id/2026/plus/1,8641181efead6b745e037ec49edb34f1c7ca3a066d41825076ee3196fb4eedd5,2026-09-12
FM27-f159246749c3cbb533d053c0,,AWAITING_EXTERNAL_RESOLUTION,,,PLAYER_CREATION,YES,No unique Native08 identity by exact DOB and normalized full name,ENG1,Manchester City,281,Iliman Ndiaye,623570,2000-03-06,,,,917518,MISSING_FROM_FM,https://www.transfermarkt.de/manchester-city/kader/verein/281/saison_id/2026/plus/1,480dc31ff14f1e9821d8a65e16c6d82796ba24da1b92e06c4904603842d4bf05,2026-09-12
FM27-0455f5d8f00ac5f775a4456b,,AWAITING_EXTERNAL_RESOLUTION,,,PLAYER_CREATION,YES,No unique Native08 identity by exact DOB and normalized full name,ENG1,Sunderland,289,Reinildo Mandava,240692,1994-01-21,,,,917524,MISSING_FROM_FM,https://www.transfermarkt.de/afc-sunderland/kader/verein/289/saison_id/2026/plus/1,bd74ae0019b88eeaf201f5b09382a2f264e6feab18e637371f9e43576b711509,2026-09-12
FM27-6ea4edee758becfcc2748115,,AWAITING_EXTERNAL_RESOLUTION,,,PLAYER_CREATION,YES,Two-attempt creation triage remains blocked: IDENTITY_AMBIGUITY_FUZZY_CANDIDATE,ENG1,Tottenham Hotspur,148,Sávio,743591,2004-04-10,,,,917514,TWO_ATTEMPT_CREATION_TRIAGE,https://www.transfermarkt.de/tottenham-hotspur/kader/verein/148/saison_id/2026/plus/1,007fc11048dc50b4cfd2c580b82958bb7cc02f984af0af71c4079e53b5c71390,2026-09-12
FM27-55d0dc415421a558f1da8ca8,,AWAITING_EXTERNAL_RESOLUTION,,,PLAYER_CREATION,YES,No unique Native08 identity by exact DOB and normalized full name,ESP1,Deportivo Alavés,1108,Carlos Protesoni,431190,1998-03-30,,,,2949141,MISSING_FROM_FM,https://www.transfermarkt.de/deportivo-alaves/kader/verein/1108/saison_id/2026/plus/1,06d4598c609cd72aa3bf8bb397dd9ae34b37f736115a6b54149329247d4b6814,2026-09-12
FM27-a3ca870616d17efd83513da8,,AWAITING_EXTERNAL_RESOLUTION,,,PLAYER_CREATION,YES,No unique Native08 identity by exact DOB and normalized full name,ESP1,Deportivo Alavés,1108,Jonny Otto,175446,1994-03-03,,,,2949141,MISSING_FROM_FM,https://www.transfermarkt.de/deportivo-alaves/kader/verein/1108/saison_id/2026/plus/1,06d4598c609cd72aa3bf8bb397dd9ae34b37f736115a6b54149329247d4b6814,2026-09-12
FM27-82154161bdfcb63a9112e921,,AWAITING_EXTERNAL_RESOLUTION,,,PLAYER_CREATION,YES,No unique Native08 identity by exact DOB and normalized full name,ESP1,FC Sevilla,368,Peque Fernández,639733,2002-10-04,,,,2949138,MISSING_FROM_FM,https://www.transfermarkt.de/fc-sevilla/kader/verein/368/saison_id/2026/plus/1,3d82cb81b17e3c88b8c27f6603b222e965a349dcb68187b46e8ce65da5194abd,2026-09-12
FM27-12b343061a60e8953bd841c4,NONBLOCKING,RESOLVED,Existing canonical review already marks this row nonblocking.,,PLAYER_CREATION,NO,No unique Native08 identity by exact DOB and normalized full name,ESP1,UD Levante,3368,Marc Santos,1476132,2010-11-09,,,,2949128,MISSING_FROM_FM,https://www.transfermarkt.de/ud-levante/kader/verein/3368/saison_id/2026/plus/1,53cacbbeea38cb2a390a7eeec2d36d336b94cb75602793ff1a9bacce28891775,2026-09-12
FM27-fb26ba897b6c25e290b1b68b,NONBLOCKING,RESOLVED,Existing canonical review already marks this row nonblocking.,,PLAYER_CREATION,NO,No unique Native08 identity by exact DOB and normalized full name,ESP1,UD Levante,3368,Nacho Pérez,1371830,2008-08-29,,,,2949128,MISSING_FROM_FM,https://www.transfermarkt.de/ud-levante/kader/verein/3368/saison_id/2026/plus/1,53cacbbeea38cb2a390a7eeec2d36d336b94cb75602793ff1a9bacce28891775,2026-09-12
FM27-a9e807859aa81eb221bb1fa1,NONBLOCKING,RESOLVED,Existing canonical review already marks this row nonblocking.,,PLAYER_CREATION,NO,No unique Native08 identity by exact DOB and normalized full name,FRA1,AJ Auxerre,290,Xiangxin Wei,1265965,2008-03-05,,,,1179654,MISSING_FROM_FM,https://www.transfermarkt.de/aj-auxerre/kader/verein/290/saison_id/2026/plus/1,bc56be6a329e8d45adc245c1a0891dc5af443b78ade6319a110e2ae8c5f635c2,2026-09-12
FM27-95c21b42e21766b4720dd470,,AWAITING_EXTERNAL_RESOLUTION,,,PLAYER_CREATION,YES,No unique Native08 identity by exact DOB and normalized full name,FRA1,FC Lorient,1158,Nosa Edward Obaretin,704456,2003-01-26,,,,1179673,MISSING_FROM_FM,https://www.transfermarkt.de/fc-lorient/kader/verein/1158/saison_id/2026/plus/1,8985aded9368fca7ce5d7744ed4210e43a27554002fd29e32ed7f2454f7c3087,2026-09-12
FM27-7cc03c84581c10032e084d90,NONBLOCKING,RESOLVED,Existing canonical review already marks this row nonblocking.,,PLAYER_CREATION,NO,No unique Native08 identity by exact DOB and normalized full name,FRA1,FC Stade Rennes,273,Elías Legendre Quiñónez,1227106,2008-04-22,,,,1179656,MISSING_FROM_FM,https://www.transfermarkt.de/fc-stade-rennes/kader/verein/273/saison_id/2026/plus/1,00eacc4de7646d87b15affe96598d94d3f9f10626f41f9831e67065e98b85395,2026-09-12
FM27-6958bd7e7e0bdc743b5e204a,,AWAITING_EXTERNAL_RESOLUTION,,,PLAYER_CREATION,YES,No unique Native08 identity by exact DOB and normalized full name,FRA1,FC Stade Rennes,273,Mousa Al-Tamari,551505,1997-06-10,,,,1179656,MISSING_FROM_FM,https://www.transfermarkt.de/fc-stade-rennes/kader/verein/273/saison_id/2026/plus/1,00eacc4de7646d87b15affe96598d94d3f9f10626f41f9831e67065e98b85395,2026-09-12
FM27-f2e9b677ad85b489f6925e16,,AWAITING_EXTERNAL_RESOLUTION,,,PLAYER_CREATION,YES,No unique Native08 identity by exact DOB and normalized full name,FRA1,Le Havre AC,738,Mbwana Samatta,182201,1992-12-23,,,,1179681,MISSING_FROM_FM,https://www.transfermarkt.de/le-havre-ac/kader/verein/738/saison_id/2026/plus/1,c689367405332b2d53df382c7e86172b8f1c4f1721cf694d45fd4f70cea2659b,2026-09-12
FM27-37f5f62c947eceac0a83c013,,AWAITING_EXTERNAL_RESOLUTION,,,PLAYER_CREATION,YES,No unique Native08 identity by exact DOB and normalized full name,FRA1,Paris Saint-Germain,583,Lucas Beraldo,872171,2003-11-24,,,,1179663,MISSING_FROM_FM,https://www.transfermarkt.de/paris-saint-germain/kader/verein/583/saison_id/2026/plus/1,2452d2a339d5db63bfbc01cd73c713435dedf75dc1ae9d023fcd82491e789d9d,2026-09-12
FM27-9821e258d36aa84761a41b35,NONBLOCKING,RESOLVED,Existing canonical review already marks this row nonblocking.,,PLAYER_CREATION,NO,No unique Native08 identity by exact DOB and normalized full name,FRA1,RC Lens,826,Mezian Mesloub,1297674,2009-11-08,,,,1179664,MISSING_FROM_FM,https://www.transfermarkt.de/rc-lens/kader/verein/826/saison_id/2026/plus/1,7fb4fc29a59ca1fd1875a851a1378fb40304c090e369d517a86f6d13f80ab3c8,2026-09-12
FM27-82e53da036c9f8e8981457c5,NONBLOCKING,RESOLVED,Existing canonical review already marks this row nonblocking.,,PLAYER_CREATION,NO,No unique Native08 identity by exact DOB and normalized full name,GER1,1. FSV Mainz 05,39,Alynho Haidara,1392952,2008-07-26,,,,1376259,MISSING_FROM_FM,https://www.transfermarkt.de/1-fsv-mainz-05/kader/verein/39/saison_id/2026/plus/1,a0ac0e0c9eb47a3776e4e43c8257aa032114b35240aadb843dc1c757a5313de7,2026-09-12
FM27-f2fa4d2479d168b5bd33b57d,,AWAITING_EXTERNAL_RESOLUTION,,,PLAYER_CREATION,YES,No unique Native08 identity by exact DOB and normalized full name,GER1,1. FSV Mainz 05,39,Phillipp Mwene,127573,1994-01-29,,,,1376259,MISSING_FROM_FM,https://www.transfermarkt.de/1-fsv-mainz-05/kader/verein/39/saison_id/2026/plus/1,a0ac0e0c9eb47a3776e4e43c8257aa032114b35240aadb843dc1c757a5313de7,2026-09-12
FM27-699f06535f53dca1703632c1,,AWAITING_EXTERNAL_RESOLUTION,,,PLAYER_CREATION,YES,No unique Native08 identity by exact DOB and normalized full name,GER1,Bayer 04 Leverkusen,15,Equi Fernández,664708,2002-07-25,,,,1376261,MISSING_FROM_FM,https://www.transfermarkt.de/bayer-04-leverkusen/kader/verein/15/saison_id/2026/plus/1,355a935f7561800deae1a58eea59105fd8753e003beced3cff71c0acbf734e7f,2026-09-12
FM27-a029a05da86870f369881484,NONBLOCKING,RESOLVED,Existing canonical review already marks this row nonblocking.,,PLAYER_CREATION,NO,No unique Native08 identity by exact DOB and normalized full name,GER1,Borussia Dortmund,16,Enzo dos Santos,1311594,2009-01-28,,,,1376262,MISSING_FROM_FM,https://www.transfermarkt.de/borussia-dortmund/kader/verein/16/saison_id/2026/plus/1,927453550675aa19e2e1770ec753efb040ae08d849fa3f9549ef9d993044efb7,2026-09-12
FM27-ab7b623a25cac25c662a1735,,AWAITING_EXTERNAL_RESOLUTION,,,PLAYER_CREATION,YES,No unique Native08 identity by exact DOB and normalized full name,GER1,Borussia Mönchengladbach,18,Yukhym Konoplya,467250,1999-08-26,,,,1376263,MISSING_FROM_FM,https://www.transfermarkt.de/borussia-monchengladbach/kader/verein/18/saison_id/2026/plus/1,93aeb3d082cba6ceafd5d994cd6c62a394304bd2c6b1a3d5db6e9a807ca2f1d1,2026-09-12
FM27-22d9d9b74881ddab6abc76c1,,AWAITING_EXTERNAL_RESOLUTION,,,PLAYER_CREATION,YES,No unique Native08 identity by exact DOB and normalized full name,GER1,FC Augsburg,167,Young-woo Seol,639414,1998-12-05,,,,1376431,MISSING_FROM_FM,https://www.transfermarkt.de/fc-augsburg/kader/verein/167/saison_id/2026/plus/1,323d986d5d073658ccfd8af3d4978da6e4a9845c0cdcce47798096a26f016833,2026-09-12
FM27-eb08499bf262b1e3970c8670,NONBLOCKING,RESOLVED,Existing canonical review already marks this row nonblocking.,,PLAYER_CREATION,NO,No unique Native08 identity by exact DOB and normalized full name,GER1,SV Werder Bremen,86,Paul Erevbenagie,1080555,2007-08-19,,,,1376271,MISSING_FROM_FM,https://www.transfermarkt.de/sv-werder-bremen/kader/verein/86/saison_id/2026/plus/1,0a7e36159d0c7ffd555ab7f3ffa226b0cf286e7a1a009e2dca794bd509bbd26e,2026-09-12
FM27-0942977303c64196f93fbdf0,,AWAITING_EXTERNAL_RESOLUTION,,,PLAYER_CREATION,YES,No unique Native08 identity by exact DOB and normalized full name,GER2,1. FC Nürnberg,4,Alexios Kalogeropoulos,735354,2004-07-26,,,,1376258,MISSING_FROM_FM,https://www.transfermarkt.de/1-fc-nurnberg/kader/verein/4/saison_id/2026/plus/1,1d02eebfb6b905a4b771fed6091258b15847c4bfb1b6d4bd643980220ba21ebd,2026-09-12
FM27-96dab708a88d6c48732dc2e9,,AWAITING_EXTERNAL_RESOLUTION,,,PLAYER_CREATION,YES,No unique Native08 identity by exact DOB and normalized full name,GER2,1. FC Nürnberg,4,Can Moustfa,696026,2004-11-19,,,,1376258,MISSING_FROM_FM,https://www.transfermarkt.de/1-fc-nurnberg/kader/verein/4/saison_id/2026/plus/1,1d02eebfb6b905a4b771fed6091258b15847c4bfb1b6d4bd643980220ba21ebd,2026-09-12
FM27-fe6180509f82e4fd3c72ee1e,NONBLOCKING,RESOLVED,Existing canonical review already marks this row nonblocking.,,PLAYER_CREATION,NO,No unique Native08 identity by exact DOB and normalized full name,GER2,FC Energie Cottbus,25,Malte Wilke,1157068,2007-06-25,,,,1376280,MISSING_FROM_FM,https://www.transfermarkt.de/fc-energie-cottbus/kader/verein/25/saison_id/2026/plus/1,bfac2c82e9908a44ea8264f2a591d43d8ad627ceaeb5639879d980dcab166809,2026-09-12
FM27-078e966810d9ce430c7898b4,NONBLOCKING,RESOLVED,Existing canonical review already marks this row nonblocking.,,PLAYER_CREATION,NO,No unique Native08 identity by exact DOB and normalized full name,GER2,Hannover 96,42,Joschua Siewert,1307411,2009-05-24,,,,1376268,MISSING_FROM_FM,https://www.transfermarkt.de/hannover-96/kader/verein/42/saison_id/2026/plus/1,1215cddc874fab7e50402cb82ad6c5ca92f8ced09d37a9d8569043058176a32f,2026-09-12
FM27-ed00790ed8927adca2e6c567,,AWAITING_EXTERNAL_RESOLUTION,,,PLAYER_CREATION,YES,No unique Native08 identity by exact DOB and normalized full name,GER2,SV Darmstadt 98,105,Fynn Lakenmacher,528856,2000-05-10,,,,1376442,MISSING_FROM_FM,https://www.transfermarkt.de/sv-darmstadt-98/kader/verein/105/saison_id/2026/plus/1,807e79c80e44c91b1d4926d0fb6534a3276b98489473cc35d4238a5a660a95f9,2026-09-12
FM27-e68ab142225791e9c5413de3,,AWAITING_EXTERNAL_RESOLUTION,,,PLAYER_CREATION,YES,No unique Native08 identity by exact DOB and normalized full name,GER3,FC Ingolstadt 04,4795,Joseph Ganda,456929,1997-03-10,,,,1376315,MISSING_FROM_FM,https://www.transfermarkt.de/fc-ingolstadt-04/kader/verein/4795/saison_id/2026/plus/1,9602267b250c0007efa439f83a79d1bdd5376932fbafd7a4fc5bf6bcd1c6cbc5,2026-09-12
FM27-d8efc5e9ee5fae00227ccf8e,,AWAITING_EXTERNAL_RESOLUTION,,,PLAYER_CREATION,YES,Two-attempt creation triage remains blocked: IDENTITY_AMBIGUITY_DUPLICATE_REVIEW_LEAD | IDENTITY_AMBIGUITY_FUZZY_CANDIDATE,GER3,SC Fortuna Köln,92,David Kamm Al-Azzawe,122268,1992-06-05,,,,1376444,TWO_ATTEMPT_CREATION_TRIAGE,https://www.transfermarkt.de/sc-fortuna-koln/kader/verein/92/saison_id/2026/plus/1,c255b2b753fa967f4c2eb7cdee0e0a6e7bb7b0e3c371fdcdfc7a8694476b2be0,2026-09-12
FM27-0810a84eafa1e4b9cb14a258,,AWAITING_EXTERNAL_RESOLUTION,,,PLAYER_CREATION,YES,No unique Native08 identity by exact DOB and normalized full name,GER3,SC Preußen Münster,91,Samuel Althaus,1014942,2006-01-10,,,,1376419,MISSING_FROM_FM,https://www.transfermarkt.de/preussen-munster/kader/verein/91/saison_id/2026/plus/1,358c233225c0f06e8cc0ea5bfec52949f3501471b53e29edc807611cd04332ae,2026-09-12
FM27-b12da4f7d36b241fb6154176,NONBLOCKING,RESOLVED,Existing canonical review already marks this row nonblocking.,,PLAYER_CREATION,NO,No unique Native08 identity by exact DOB and normalized full name,GER3,SC Verl,93,Emmanuel Bamba,1412872,2007-10-29,,,,1376406,MISSING_FROM_FM,https://www.transfermarkt.de/sc-verl/kader/verein/93/saison_id/2026/plus/1,bd69b9b6c3fd17e062c0bf50a17563b42a98d2c42534eeab1330ee7efa38071a,2026-09-12
FM27-86f662480665f5b1a4d5315f,,AWAITING_EXTERNAL_RESOLUTION,,,PLAYER_CREATION,YES,No unique Native08 identity by exact DOB and normalized full name,GER3,SV Waldhof Mannheim 07,85,Leroy Mickels,191426,1995-06-25,,,,1376301,MISSING_FROM_FM,https://www.transfermarkt.de/sv-waldhof-mannheim/kader/verein/85/saison_id/2026/plus/1,34e998eba6b950fe72d328e27cb46b4a4d1c4b3c218c58557f9db9a44925ae39,2026-09-12
FM27-601a7c7acd9c760b6cb6410c,,AWAITING_EXTERNAL_RESOLUTION,,,PLAYER_CREATION,YES,No unique Native08 identity by exact DOB and normalized full name,GER3,TSV Havelse 1912,476,Jesse Tugbenyo,565118,2001-08-07,,,,1376539,MISSING_FROM_FM,https://www.transfermarkt.de/tsv-havelse/kader/verein/476/saison_id/2026/plus/1,b4490298444b6e31458c6e927b4ab3fff5378977e083c471be7a43b9938c0f59,2026-09-12
FM27-7eed6111241436d5ffc025f2,,AWAITING_EXTERNAL_RESOLUTION,,,PLAYER_CREATION,YES,No unique Native08 identity by exact DOB and normalized full name,GER3,TSV Havelse 1912,476,Kwasi Wriedt,154819,1994-07-10,,,,1376539,MISSING_FROM_FM,https://www.transfermarkt.de/tsv-havelse/kader/verein/476/saison_id/2026/plus/1,b4490298444b6e31458c6e927b4ab3fff5378977e083c471be7a43b9938c0f59,2026-09-12
FM27-d24aac955f1d7f586428c025,,AWAITING_EXTERNAL_RESOLUTION,,,PLAYER_CREATION,YES,No unique Native08 identity by exact DOB and normalized full name,GER3,TSV Havelse 1912,476,Leon Sommer-Deiss,477578,2001-03-10,,,,1376539,MISSING_FROM_FM,https://www.transfermarkt.de/tsv-havelse/kader/verein/476/saison_id/2026/plus/1,b4490298444b6e31458c6e927b4ab3fff5378977e083c471be7a43b9938c0f59,2026-09-12
FM27-07a12857a5061420f9ba526c,NONBLOCKING,RESOLVED,Existing canonical review already marks this row nonblocking.,,PLAYER_CREATION,NO,No unique Native08 identity by exact DOB and normalized full name,ITA1,AC Florenz,430,Federico Croci,1350478,2010-07-01,,,,1769492,MISSING_FROM_FM,https://www.transfermarkt.de/ac-florenz/kader/verein/430/saison_id/2026/plus/1,5857be8fdb4f3fc0db1b4cdc9b4c664d3e7e976dd4b535b833de0fc4b70e26fc,2026-09-12
FM27-bff6044dddadaef8f668f1b9,,AWAITING_EXTERNAL_RESOLUTION,,,PLAYER_CREATION,YES,No unique Native08 identity by exact DOB and normalized full name,ITA1,AC Monza,2919,Eddy Kouadio,957822,2006-05-03,,,,1769533,MISSING_FROM_FM,https://www.transfermarkt.de/ac-monza/kader/verein/2919/saison_id/2026/plus/1,8f193279202724cc57a68a08441deb0fe889b73d8d97804595e81268516bfe10,2026-09-12
FM27-878515e39e6c35d645816020,,AWAITING_EXTERNAL_RESOLUTION,,,PLAYER_CREATION,YES,No unique Native08 identity by exact DOB and normalized full name,ITA1,US Lecce,1005,Gaspar,836441,1997-09-27,,,,1769483,MISSING_FROM_FM,https://www.transfermarkt.de/us-lecce/kader/verein/1005/saison_id/2026/plus/1,f70b73ab0beef18f4707e1b846172f928bd484c8e6abc3aab35570487739b4bc,2026-09-12
FM27-ccf58733d37f480e27c2b878,NONBLOCKING,RESOLVED,Existing canonical review already marks this row nonblocking.,,PLAYER_CREATION,NO,No unique Native08 identity by exact DOB and normalized full name,ITA1,Venezia FC,607,Ale Gomes,1371198,2008-02-14,,,,1769500,MISSING_FROM_FM,https://www.transfermarkt.de/venezia-fc/kader/verein/607/saison_id/2026/plus/1,d88fc7110893de0f0661e79b4c48d86142d14d93f73bc112159c1995caefb0e9,2026-09-12
FM27-2c1212242282dbe3094dd73b,NONBLOCKING,RESOLVED,Existing canonical review already marks this row nonblocking.,,PLAYER_CREATION,NO,No unique Native08 identity by exact DOB and normalized full name,NED1,Fortuna Sittard,385,Gani Büyükhan,1491843,2009-10-07,,,,2228247,MISSING_FROM_FM,https://www.transfermarkt.de/fortuna-sittard/kader/verein/385/saison_id/2026/plus/1,3459b44bdebecde47d2a1440be82d9c09e8f120a342ec34fc969ad1288f64fcd,2026-09-12
FM27-2ffb99d8ee8d0a372f579c12,NONBLOCKING,RESOLVED,Existing canonical review already marks this row nonblocking.,,PLAYER_CREATION,NO,No unique Native08 identity by exact DOB and normalized full name,NED1,NEC Nijmegen,467,Dele Thomas,763948,2007-07-23,,,,2228235,MISSING_FROM_FM,https://www.transfermarkt.de/nec-nijmegen/kader/verein/467/saison_id/2026/plus/1,afaf186de0e68283482d701cbcab4af6ebdee0f811b6b205c1c3767c120d442d,2026-09-12
FM27-61848961e6d37e8efca778f7,NONBLOCKING,RESOLVED,Existing canonical review already marks this row nonblocking.,,PLAYER_CREATION,NO,No unique Native08 identity by exact DOB and normalized full name,NED1,PEC Zwolle,1269,Gilles van der Wal,1146470,2008-06-24,,,,2228260,MISSING_FROM_FM,https://www.transfermarkt.de/pec-zwolle/kader/verein/1269/saison_id/2026/plus/1,3c97a5a53b9cc8a25985b1e3597862074bc3460631aa78e06a0c54cb3648771b,2026-09-12
FM27-cc57c992a163036d192d6698,NONBLOCKING,RESOLVED,Existing canonical review already marks this row nonblocking.,,PLAYER_CREATION,NO,No unique Native08 identity by exact DOB and normalized full name,NED1,SC Heerenveen,306,Kirayno Schaken,1275103,2008-08-08,,,,2228234,MISSING_FROM_FM,https://www.transfermarkt.de/sc-heerenveen/kader/verein/306/saison_id/2026/plus/1,c5575ac3b7544ec0b6c6c259e7a480f6feb44060499802d16479d9d38d1f4bf6,2026-09-12
FM27-1a9613daa64c3ac29e532604,NONBLOCKING,RESOLVED,Existing canonical review already marks this row nonblocking.,,PLAYER_CREATION,NO,No unique Native08 identity by exact DOB and normalized full name,POR1,CD Nacional,982,Matias Silva,1582195,2008-11-21,,,,2490378,MISSING_FROM_FM,https://www.transfermarkt.de/cd-nacional/kader/verein/982/saison_id/2026/plus/1,85c1a326ea7d9109ff431c2a95c9c0488100e0183b1e7c799d926c40ecb8dba6,2026-09-12
FM27-b23fa94e32a13fbe31c161ed,,AWAITING_EXTERNAL_RESOLUTION,,,PLAYER_CREATION,YES,No unique Native08 identity by exact DOB and normalized full name,POR1,CD Santa Clara,2423,Dani Borges,1083604,2003-04-06,,,,2490388,MISSING_FROM_FM,https://www.transfermarkt.de/cd-santa-clara/kader/verein/2423/saison_id/2026/plus/1,996787cc90623dddfd5c425ca2df6aae95f8fd62b8b5cfb03677a214be6550e2,2026-09-12
FM27-f6256f4730fd4699165a12cb,,AWAITING_EXTERNAL_RESOLUTION,,,PLAYER_CREATION,YES,No unique Native08 identity by exact DOB and normalized full name,POR1,CD Santa Clara,2423,Fernando,1091608,2005-04-12,,,,2490388,MISSING_FROM_FM,https://www.transfermarkt.de/cd-santa-clara/kader/verein/2423/saison_id/2026/plus/1,996787cc90623dddfd5c425ca2df6aae95f8fd62b8b5cfb03677a214be6550e2,2026-09-12
FM27-490bc4056a8010dfaf16e1ee,,AWAITING_EXTERNAL_RESOLUTION,,,PLAYER_CREATION,YES,No unique Native08 identity by exact DOB and normalized full name,POR1,Casa Pia AC,3268,Gabi,567516,2000-04-18,,,,2494469,MISSING_FROM_FM,https://www.transfermarkt.de/casa-pia-ac/kader/verein/3268/saison_id/2026/plus/1,a3e2a5277eff3871e27db7ef969d3905123f5c71aebb08128024f85e9a547b72,2026-09-12
FM27-c475db69b1b870241ee8802a,NONBLOCKING,RESOLVED,Existing canonical review already marks this row nonblocking.,,PLAYER_CREATION,NO,No unique Native08 identity by exact DOB and normalized full name,POR1,FC Alverca,2521,Samy Jr. Merheg,1218658,2006-12-06,,,,2490393,MISSING_FROM_FM,https://www.transfermarkt.de/fc-alverca/kader/verein/2521/saison_id/2026/plus/1,7f5d01cde12ec5554a0cdae5ccc699031abd54d7e473e99ebf2c44e9a519b8ae,2026-09-12
FM27-2b2aa0fdb8b58d279057cdee,,AWAITING_EXTERNAL_RESOLUTION,,,PLAYER_CREATION,YES,No unique Native08 identity by exact DOB and normalized full name,POR1,FC Famalicão,3329,Georgios Koutsias,724039,2004-02-08,,,,2490398,MISSING_FROM_FM,https://www.transfermarkt.de/fc-famalicao/kader/verein/3329/saison_id/2026/plus/1,52ed6f3f188fcbdc2398a013bd0aa1005388801741871711df5ab62761c66f72,2026-09-12
FM27-230d12a9726f671e769dc69a,,AWAITING_EXTERNAL_RESOLUTION,,,PLAYER_CREATION,YES,No unique Native08 identity by exact DOB and normalized full name,POR1,FC Famalicão,3329,Léo Realpe,656409,2001-02-26,,,,2490398,MISSING_FROM_FM,https://www.transfermarkt.de/fc-famalicao/kader/verein/3329/saison_id/2026/plus/1,52ed6f3f188fcbdc2398a013bd0aa1005388801741871711df5ab62761c66f72,2026-09-12
FM27-a4b8fb7b33c251bafe5314df,,AWAITING_EXTERNAL_RESOLUTION,,,PLAYER_CREATION,YES,No unique Native08 identity by exact DOB and normalized full name,POR1,FC Famalicão,3329,Pato,1150372,2004-02-17,,,,2490398,MISSING_FROM_FM,https://www.transfermarkt.de/fc-famalicao/kader/verein/3329/saison_id/2026/plus/1,52ed6f3f188fcbdc2398a013bd0aa1005388801741871711df5ab62761c66f72,2026-09-12
FM27-88e78348dac98ec247b16edd,,AWAITING_EXTERNAL_RESOLUTION,,,PLAYER_CREATION,YES,No unique Native08 identity by exact DOB and normalized full name,POR1,GD Estoril Praia,1465,Israel Salazar,634430,2003-05-10,,,,2490386,MISSING_FROM_FM,https://www.transfermarkt.de/gd-estoril-praia/kader/verein/1465/saison_id/2026/plus/1,1f4451857a09faf4bc5a12d1790c126a29e1c7346930e118c1c73d3f15c8f2d8,2026-09-12
FM27-11b3c686a382f6c1cd8ecf0d,NONBLOCKING,RESOLVED,Existing canonical review already marks this row nonblocking.,,PLAYER_CREATION,NO,No unique Native08 identity by exact DOB and normalized full name,POR1,GD Estoril Praia,1465,Sam Amissah,1026524,2007-03-07,,,,2490386,MISSING_FROM_FM,https://www.transfermarkt.de/gd-estoril-praia/kader/verein/1465/saison_id/2026/plus/1,1f4451857a09faf4bc5a12d1790c126a29e1c7346930e118c1c73d3f15c8f2d8,2026-09-12
FM27-c65bc0c457967e5ad1c241d4,,AWAITING_EXTERNAL_RESOLUTION,,,PLAYER_CREATION,YES,No unique Native08 identity by exact DOB and normalized full name,POR1,Gil Vicente FC,2424,Buatu,137313,1993-09-27,,,,2490375,MISSING_FROM_FM,https://www.transfermarkt.de/gil-vicente-fc/kader/verein/2424/saison_id/2026/plus/1,e615ed113cbf0012df4490859c154266a50a72247c7f67c260f2f4ab6c49e4d1,2026-09-12
FM27-9f526ef771e4ffed20b445f9,NONBLOCKING,RESOLVED,Existing canonical review already marks this row nonblocking.,,PLAYER_CREATION,NO,No unique Native08 identity by exact DOB and normalized full name,POR1,Gil Vicente FC,2424,Tiago Ferreira,1268194,2009-01-12,,,,2490375,MISSING_FROM_FM,https://www.transfermarkt.de/gil-vicente-fc/kader/verein/2424/saison_id/2026/plus/1,e615ed113cbf0012df4490859c154266a50a72247c7f67c260f2f4ab6c49e4d1,2026-09-12
FM27-ac6a5dded7107d385cc1a968,,AWAITING_EXTERNAL_RESOLUTION,,,PLAYER_CREATION,YES,No unique Native08 identity by exact DOB and normalized full name,POR1,Moreirense FC,979,Alexandre Parsemain,811432,2003-05-27,,,,2490377,MISSING_FROM_FM,https://www.transfermarkt.de/moreirense-fc/kader/verein/979/saison_id/2026/plus/1,9aa16aff197b371e36892b5321c0c1db769f09802a8338c111eb56304e7798bc,2026-09-12
FM27-413d9e7a6c90c08d2c955eec,,AWAITING_EXTERNAL_RESOLUTION,,,PLAYER_CREATION,YES,No unique Native08 identity by exact DOB and normalized full name,POR1,SC Braga,1075,Gorby,631404,2002-07-25,,,,2490374,MISSING_FROM_FM,https://www.transfermarkt.de/sc-braga/kader/verein/1075/saison_id/2026/plus/1,a179610f71e6ea7b41b62a1d2448a6aa9ceac20ea3d9356ad08e919d3506e2a7,2026-09-12
FM27-81ba1320e2b2ed4f2abb047d,NONBLOCKING,RESOLVED,Existing canonical review already marks this row nonblocking.,,PLAYER_CREATION,NO,No unique Native08 identity by exact DOB and normalized full name,POR1,SC Braga,1075,Tommy Marqués,938156,2006-10-30,,,,2490374,MISSING_FROM_FM,https://www.transfermarkt.de/sc-braga/kader/verein/1075/saison_id/2026/plus/1,a179610f71e6ea7b41b62a1d2448a6aa9ceac20ea3d9356ad08e919d3506e2a7,2026-09-12
FM27-22d485b1533283af8550a8da,,AWAITING_EXTERNAL_RESOLUTION,,,PLAYER_CREATION,YES,No unique Native08 identity by exact DOB and normalized full name,POR1,Sporting Lissabon,336,Georgios Vagiannidis,546186,2001-09-12,,,,2490382,MISSING_FROM_FM,https://www.transfermarkt.de/sporting-lissabon/kader/verein/336/saison_id/2026/plus/1,fce120a2b046675218521683927dd5d73c66a22ed96ac121140956eb3bee30ba,2026-09-12
FM27-a3c6eef7868b52f5724486f8,,AWAITING_EXTERNAL_RESOLUTION,,,PLAYER_CREATION,YES,No unique Native08 identity by exact DOB and normalized full name,POR1,Sporting Lissabon,336,Maxi Araújo,572675,2000-02-15,,,,2490382,MISSING_FROM_FM,https://www.transfermarkt.de/sporting-lissabon/kader/verein/336/saison_id/2026/plus/1,fce120a2b046675218521683927dd5d73c66a22ed96ac121140956eb3bee30ba,2026-09-12
FM27-bf2abb3889e3acbe8d247fdc,NONBLOCKING,RESOLVED,Existing canonical review already marks this row nonblocking.,,PLAYER_CREATION,NO,No unique Native08 identity by exact DOB and normalized full name,POR1,Vitória Guimarães SC,2420,Santi Verdi,1093061,2008-05-05,,,,2490397,MISSING_FROM_FM,https://www.transfermarkt.de/vitoria-guimaraes-sc/kader/verein/2420/saison_id/2026/plus/1,d099b13b522be7fac0425b4aea5d56eb91b99f04255377a276820a33f184d54a,2026-09-12
FM27-5c3270b168052f588cedeb4f,,AWAITING_EXTERNAL_RESOLUTION,,,PLAYER_CREATION,YES,No unique Native08 identity by exact DOB and normalized full name,TUR1,Alanyaspor,11282,Mahmut Can Kara,1175619,2006-01-01,,,,3145783,MISSING_FROM_FM,https://www.transfermarkt.de/alanyaspor/kader/verein/11282/saison_id/2026/plus/1,433f3e66ff8083db45d3eda79b081cc9c234137060d5070be407da48d877ae43,2026-09-12
FM27-0059c4cbd441b01d52a4dd1c,NONBLOCKING,RESOLVED,Existing canonical review already marks this row nonblocking.,,PLAYER_CREATION,NO,No unique Native08 identity by exact DOB and normalized full name,TUR1,Amed SK,12382,Muhammed Damar,1583411,2008-02-26,,,,3145856,MISSING_FROM_FM,https://www.transfermarkt.de/amed-sk/kader/verein/12382/saison_id/2026/plus/1,1c63291a94e83ca8d551f2c91a8979d5cadd6cad24fc5cbcdc3500f54ff03b8e,2026-09-12
FM27-176ff6bbe7351e059e7d9d60,,AWAITING_EXTERNAL_RESOLUTION,,,PLAYER_CREATION,YES,No unique Native08 identity by exact DOB and normalized full name,TUR1,Basaksehir FK,6890,Abbosbek Fayzullaev,754037,2003-10-03,,,,3145841,MISSING_FROM_FM,https://www.transfermarkt.de/basaksehir-fk/kader/verein/6890/saison_id/2026/plus/1,ce3135bc2b2b9daa2d2bea05e7e218c5933214f172404552d071997b77f3b230,2026-09-12
FM27-66432f694aa0182e391ac95d,NONBLOCKING,RESOLVED,Existing canonical review already marks this row nonblocking.,,PLAYER_CREATION,NO,No unique Native08 identity by exact DOB and normalized full name,TUR1,Basaksehir FK,6890,Ege Öztürk,1245279,2007-12-04,,,,3145841,MISSING_FROM_FM,https://www.transfermarkt.de/basaksehir-fk/kader/verein/6890/saison_id/2026/plus/1,ce3135bc2b2b9daa2d2bea05e7e218c5933214f172404552d071997b77f3b230,2026-09-12
FM27-6bdb1b1bb334f1f66c7564b4,NONBLOCKING,RESOLVED,Existing canonical review already marks this row nonblocking.,,PLAYER_CREATION,NO,No unique Native08 identity by exact DOB and normalized full name,TUR1,Besiktas JK,114,Ahmet Sami Bircan,1076666,2007-01-24,,,,3145824,MISSING_FROM_FM,https://www.transfermarkt.de/besiktas-jk/kader/verein/114/saison_id/2026/plus/1,f46df64dc3feb409a79ae254926c9517fdba2f5e40a9e4ebf8000fc6f191e791,2026-09-12
FM27-72e1fc3fb7227c97ff92dbf0,NONBLOCKING,RESOLVED,Existing canonical review already marks this row nonblocking.,,PLAYER_CREATION,NO,No unique Native08 identity by exact DOB and normalized full name,TUR1,Caykur Rizespor,126,Hasan Yağız Döne,1581401,2010-09-17,,,,3145837,MISSING_FROM_FM,https://www.transfermarkt.de/caykur-rizespor/kader/verein/126/saison_id/2026/plus/1,61fa6e9a84b4e36b36da70c3e8971eaf7870792667b136d236163fc072296fda,2026-09-12
FM27-d0042469a20d0bca73a72a11,NONBLOCKING,RESOLVED,Existing canonical review already marks this row nonblocking.,,PLAYER_CREATION,NO,No unique Native08 identity by exact DOB and normalized full name,TUR1,Caykur Rizespor,126,Mustafa Coşkun Tosun,1474364,2009-01-06,,,,3145837,MISSING_FROM_FM,https://www.transfermarkt.de/caykur-rizespor/kader/verein/126/saison_id/2026/plus/1,61fa6e9a84b4e36b36da70c3e8971eaf7870792667b136d236163fc072296fda,2026-09-12
FM27-75ef0140ed4207b2ba898121,NONBLOCKING,RESOLVED,Existing canonical review already marks this row nonblocking.,,PLAYER_CREATION,NO,No unique Native08 identity by exact DOB and normalized full name,TUR1,Corum FK,37951,Furkan Çetinkaya,1476544,2009-03-03,,,,3149867,MISSING_FROM_FM,https://www.transfermarkt.de/corum-fk/kader/verein/37951/saison_id/2026/plus/1,09798c50638e371505f186cb7a6cb29472c2df6e777856de0739225fb6d74803,2026-09-12
FM27-0efeabbade07f74e15aa4e3c,NONBLOCKING,RESOLVED,Existing canonical review already marks this row nonblocking.,,PLAYER_CREATION,NO,No unique Native08 identity by exact DOB and normalized full name,TUR1,Corum FK,37951,Hasanege Akdoğan,1197994,2008-03-08,,,,3149867,MISSING_FROM_FM,https://www.transfermarkt.de/corum-fk/kader/verein/37951/saison_id/2026/plus/1,09798c50638e371505f186cb7a6cb29472c2df6e777856de0739225fb6d74803,2026-09-12
FM27-7cd88da0d89bc0cfd7f6ae53,,AWAITING_EXTERNAL_RESOLUTION,,,PLAYER_CREATION,YES,No unique Native08 identity by exact DOB and normalized full name,TUR1,Erzurumspor FK,39722,Nariman Akhundzada,865793,2004-04-23,,,,3145765,MISSING_FROM_FM,https://www.transfermarkt.de/erzurumspor-fk/kader/verein/39722/saison_id/2026/plus/1,aaa2316b00aefef231faf95d7f3e3871f7c712aaa423cb88c256177acd6d2902,2026-09-12
FM27-77d1c2b647b5fb8f1251323a,NONBLOCKING,RESOLVED,Existing canonical review already marks this row nonblocking.,,PLAYER_CREATION,NO,No unique Native08 identity by exact DOB and normalized full name,TUR1,Erzurumspor FK,39722,Ömer Arda Kara,1296109,2007-10-31,,,,3145765,MISSING_FROM_FM,https://www.transfermarkt.de/erzurumspor-fk/kader/verein/39722/saison_id/2026/plus/1,aaa2316b00aefef231faf95d7f3e3871f7c712aaa423cb88c256177acd6d2902,2026-09-12
FM27-ccf27461bbf7709d63329ece,NONBLOCKING,RESOLVED,Existing canonical review already marks this row nonblocking.,,PLAYER_CREATION,NO,No unique Native08 identity by exact DOB and normalized full name,TUR1,Galatasaray,141,Ada Yüzgeç,1223334,2009-04-03,,,,3145825,MISSING_FROM_FM,https://www.transfermarkt.de/galatasaray/kader/verein/141/saison_id/2026/plus/1,66f1195fdd6d32bc947bb726ca4925adf5e39b928cebbb291569108f880a8f16,2026-09-12
FM27-8ce58108d95a7941a36133b8,NONBLOCKING,RESOLVED,Existing canonical review already marks this row nonblocking.,,PLAYER_CREATION,NO,No unique Native08 identity by exact DOB and normalized full name,TUR1,Gaziantep FK,2832,Ali Osman Kalın,1261143,2008-03-23,,,,3145773,MISSING_FROM_FM,https://www.transfermarkt.de/gaziantep-fk/kader/verein/2832/saison_id/2026/plus/1,81446f340c520f2c5aff4253c251edc727d259530fe5221a6b24ee6cfb9e01e1,2026-09-12
FM27-a7eb2b776ddad07717c1175b,,AWAITING_EXTERNAL_RESOLUTION,,,PLAYER_CREATION,YES,No unique Native08 identity by exact DOB and normalized full name,TUR1,Gaziantep FK,2832,Burak Enes Yıkıcı,952093,2004-03-29,,,,3145773,MISSING_FROM_FM,https://www.transfermarkt.de/gaziantep-fk/kader/verein/2832/saison_id/2026/plus/1,81446f340c520f2c5aff4253c251edc727d259530fe5221a6b24ee6cfb9e01e1,2026-09-12
FM27-79f741d20b4f26e0466c0b7c,NONBLOCKING,RESOLVED,Existing canonical review already marks this row nonblocking.,,PLAYER_CREATION,NO,No unique Native08 identity by exact DOB and normalized full name,TUR1,Gaziantep FK,2832,Muhammet Akmelek,1474871,2009-06-06,,,,3145773,MISSING_FROM_FM,https://www.transfermarkt.de/gaziantep-fk/kader/verein/2832/saison_id/2026/plus/1,81446f340c520f2c5aff4253c251edc727d259530fe5221a6b24ee6cfb9e01e1,2026-09-12
FM27-601fbe5cfd24a77945dc8b1a,,AWAITING_EXTERNAL_RESOLUTION,,,PLAYER_CREATION,YES,No unique Native08 identity by exact DOB and normalized full name,TUR1,Gaziantep FK,2832,Taha Güneş,1048119,2006-01-01,,,,3145773,MISSING_FROM_FM,https://www.transfermarkt.de/gaziantep-fk/kader/verein/2832/saison_id/2026/plus/1,81446f340c520f2c5aff4253c251edc727d259530fe5221a6b24ee6cfb9e01e1,2026-09-12
FM27-571c339b39a3b79b2870ddee,NONBLOCKING,RESOLVED,Existing canonical review already marks this row nonblocking.,,PLAYER_CREATION,NO,No unique Native08 identity by exact DOB and normalized full name,TUR1,Genclerbirligi Ankara,820,Ayaz Özcan,1437503,2009-10-01,,,,3145836,MISSING_FROM_FM,https://www.transfermarkt.de/genclerbirligi-ankara/kader/verein/820/saison_id/2026/plus/1,9fb824ef54d8cf6c84b7b150acc7ac82c0b5fa7fc8222f7f3c24c366e83db062,2026-09-12
FM27-03a2b311b314bc308f74ac3c,NONBLOCKING,RESOLVED,Existing canonical review already marks this row nonblocking.,,PLAYER_CREATION,NO,No unique Native08 identity by exact DOB and normalized full name,TUR1,Genclerbirligi Ankara,820,Berk Deniz Çukurcu,1189059,2008-01-02,,,,3145836,MISSING_FROM_FM,https://www.transfermarkt.de/genclerbirligi-ankara/kader/verein/820/saison_id/2026/plus/1,9fb824ef54d8cf6c84b7b150acc7ac82c0b5fa7fc8222f7f3c24c366e83db062,2026-09-12
FM27-71264a27d217dd17dfd5bb7e,NONBLOCKING,RESOLVED,Existing canonical review already marks this row nonblocking.,,PLAYER_CREATION,NO,No unique Native08 identity by exact DOB and normalized full name,TUR1,Genclerbirligi Ankara,820,Erk Aslan,1438144,2008-11-07,,,,3145836,MISSING_FROM_FM,https://www.transfermarkt.de/genclerbirligi-ankara/kader/verein/820/saison_id/2026/plus/1,9fb824ef54d8cf6c84b7b150acc7ac82c0b5fa7fc8222f7f3c24c366e83db062,2026-09-12
FM27-925d5a72200dc07d0c21902f,NONBLOCKING,RESOLVED,Existing canonical review already marks this row nonblocking.,,PLAYER_CREATION,NO,No unique Native08 identity by exact DOB and normalized full name,TUR1,Genclerbirligi Ankara,820,Hamza Aydar,1417530,2008-09-20,,,,3145836,MISSING_FROM_FM,https://www.transfermarkt.de/genclerbirligi-ankara/kader/verein/820/saison_id/2026/plus/1,9fb824ef54d8cf6c84b7b150acc7ac82c0b5fa7fc8222f7f3c24c366e83db062,2026-09-12
FM27-66232c4645f848ca86b86693,,AWAITING_EXTERNAL_RESOLUTION,,,PLAYER_CREATION,YES,No unique Native08 identity by exact DOB and normalized full name,TUR1,Genclerbirligi Ankara,820,Ousmane Diabate,1489506,2007-09-24,,,,3145836,MISSING_FROM_FM,https://www.transfermarkt.de/genclerbirligi-ankara/kader/verein/820/saison_id/2026/plus/1,9fb824ef54d8cf6c84b7b150acc7ac82c0b5fa7fc8222f7f3c24c366e83db062,2026-09-12
FM27-b995e9c2557e4c5b976d52d8,NONBLOCKING,RESOLVED,Existing canonical review already marks this row nonblocking.,,PLAYER_CREATION,NO,No unique Native08 identity by exact DOB and normalized full name,TUR1,Genclerbirligi Ankara,820,Prince Martor Jr.,1442800,2007-07-09,,,,3145836,MISSING_FROM_FM,https://www.transfermarkt.de/genclerbirligi-ankara/kader/verein/820/saison_id/2026/plus/1,9fb824ef54d8cf6c84b7b150acc7ac82c0b5fa7fc8222f7f3c24c366e83db062,2026-09-12
FM27-a4a7a3227e70a5a21ce66d06,,AWAITING_EXTERNAL_RESOLUTION,,,PLAYER_CREATION,YES,No unique Native08 identity by exact DOB and normalized full name,TUR1,Göztepe,1467,Juan,662332,2002-03-07,,,,3145820,MISSING_FROM_FM,https://www.transfermarkt.de/goztepe/kader/verein/1467/saison_id/2026/plus/1,7e750ea20c17f8114b86f2de82ca9a2830fe95988c05d73fe5e72a2f70c29e0f,2026-09-12
FM27-8ccb03ed2c8f6904d068f928,,AWAITING_EXTERNAL_RESOLUTION,,,PLAYER_CREATION,YES,No unique Native08 identity by exact DOB and normalized full name,TUR1,Göztepe,1467,Tino Anjorin,433181,2001-11-23,,,,3145820,MISSING_FROM_FM,https://www.transfermarkt.de/goztepe/kader/verein/1467/saison_id/2026/plus/1,7e750ea20c17f8114b86f2de82ca9a2830fe95988c05d73fe5e72a2f70c29e0f,2026-09-12
FM27-30eede71297f53576e84dd41,,AWAITING_EXTERNAL_RESOLUTION,,,PLAYER_CREATION,YES,No unique Native08 identity by exact DOB and normalized full name,TUR1,Kasimpasa,10484,Muhammed Emin Bektaş,1315482,2006-07-01,,,,3145843,MISSING_FROM_FM,https://www.transfermarkt.de/kasimpasa/kader/verein/10484/saison_id/2026/plus/1,c67384cb86e5ab0489a71469deab8847f74c6c6c97729fe8853bfdf343f41060,2026-09-12
FM27-341225613caf72cb9d862070,NONBLOCKING,RESOLVED,Existing canonical review already marks this row nonblocking.,,PLAYER_CREATION,NO,No unique Native08 identity by exact DOB and normalized full name,TUR1,Kasimpasa,10484,Salih Arıcı,1438186,2008-03-27,,,,3145843,MISSING_FROM_FM,https://www.transfermarkt.de/kasimpasa/kader/verein/10484/saison_id/2026/plus/1,c67384cb86e5ab0489a71469deab8847f74c6c6c97729fe8853bfdf343f41060,2026-09-12
FM27-f7298cb4012091ba72470f05,NONBLOCKING,RESOLVED,Existing canonical review already marks this row nonblocking.,,PLAYER_CREATION,NO,No unique Native08 identity by exact DOB and normalized full name,TUR1,Konyaspor,2293,Emir Gündoğdu,1347138,2009-10-16,,,,3145839,MISSING_FROM_FM,https://www.transfermarkt.de/konyaspor/kader/verein/2293/saison_id/2026/plus/1,069dc7281d9365629f14ccbc97a6efb86e052d5f21328d42e8d7b49edfa417e6,2026-09-12
FM27-561d02e9a6820c801cf7572b,NONBLOCKING,RESOLVED,Existing canonical review already marks this row nonblocking.,,PLAYER_CREATION,NO,No unique Native08 identity by exact DOB and normalized full name,TUR1,Samsunspor,152,Efe Yiğit Üstün,1237420,2008-05-07,,,,3145745,MISSING_FROM_FM,https://www.transfermarkt.de/samsunspor/kader/verein/152/saison_id/2026/plus/1,4e99640342d6c03de82a839147f9c53a0cc4bc14523c727d2894fc2df5432171,2026-09-12
FM27-e6bbc1e6681c22f1be7c236a,,AWAITING_EXTERNAL_RESOLUTION,,,PLAYER_CREATION,YES,No unique Native08 identity by exact DOB and normalized full name,TUR1,Samsunspor,152,Mustafa Tan,1161013,2005-04-27,,,,3145745,MISSING_FROM_FM,https://www.transfermarkt.de/samsunspor/kader/verein/152/saison_id/2026/plus/1,4e99640342d6c03de82a839147f9c53a0cc4bc14523c727d2894fc2df5432171,2026-09-12
FM27-edd07c00705419209ef5f1d6,,AWAITING_EXTERNAL_RESOLUTION,,,PRIMARY_EXCEPTION,YES,Two meaningful source searches exhausted. Escalated to Sol; do not guess destination.,,Toulouse FC,,Noah Lahmadi,,2005-01-05,291094,277820,1179657,,EXPLICIT_NATIVE_ID,https://www.toulousefc.com/play/blog/2026/05/des-departs-au-sein-de-l-effectif,7b043b02618b4f05b066e5e28840aaddf7ff5189d8aba70d9629a78ed2e8274a,2026-09-12
FM27-7cd32066feec390cc192852f,,AWAITING_EXTERNAL_RESOLUTION,,,PROFILE_CONFLICT,YES,Current player profile club 15136 conflicts with roster club 2420,POR1,Vitória Guimarães SC,2420,Rica Rocha,902869,2003-09-07,286665,81519,2490397,2490397,VERIFIED_PRIOR_TM_BRIDGE,https://www.transfermarkt.de/vitoria-guimaraes-sc/kader/verein/2420/saison_id/2026/plus/1,d099b13b522be7fac0425b4aea5d56eb91b99f04255377a276820a33f184d54a,2026-09-12
FM27-584d44ac5a1768175568acce,NONBLOCKING,RESOLVED,Existing canonical review already marks this row nonblocking.,,PROVISIONAL_CREATION_RATING,NO,Native creation is identity/source complete; neutral rating seed remains provisional,BEL1,Cercle Brügge,520,Bas Langenbick,993333,2003-06-16,,,,458755,ZERO_DUPLICATE_CREATE_PLAN,https://www.transfermarkt.de/cercle-brugge/kader/verein/520/saison_id/2026/plus/1,7cdfb59fb0a1a9a437a93f97e502615933029fa25dc8530a34a7715ac5027f03,2026-09-12
FM27-0d9bc696a175800bf35d47c9,NONBLOCKING,RESOLVED,Existing canonical review already marks this row nonblocking.,,PROVISIONAL_CREATION_RATING,NO,Native creation is identity/source complete; neutral rating seed remains provisional,BEL1,KAA Gent,157,Ibrahima Cissé,1473866,2007-09-24,,,,458753,ZERO_DUPLICATE_CREATE_PLAN,https://www.transfermarkt.de/kaa-gent/kader/verein/157/saison_id/2026/plus/1,a5b71d08783f71f42f77878fb8e7c874a9219213a9eb349e06a527ae5323fbd1,2026-09-12
FM27-0ff43d0f2df394fce9e4d1d2,NONBLOCKING,RESOLVED,Existing canonical review already marks this row nonblocking.,,PROVISIONAL_CREATION_RATING,NO,Native creation is identity/source complete; neutral rating seed remains provisional,BEL1,KVC Westerlo,968,Abdoulaye Koné,1467124,2006-02-01,,,,458763,ZERO_DUPLICATE_CREATE_PLAN,https://www.transfermarkt.de/kvc-westerlo/kader/verein/968/saison_id/2026/plus/1,4b321535def794641a57896ea3b395b11fb16964a25bb51fab6f75bf5e2a3382,2026-09-12
FM27-14e09af3cda877be92c8bdab,NONBLOCKING,RESOLVED,Existing canonical review already marks this row nonblocking.,,PROVISIONAL_CREATION_RATING,NO,Native creation is identity/source complete; neutral rating seed remains provisional,BEL1,Oud-Heverlee Leuven,2727,Matteo Heremans,1211302,2006-01-08,,,,458775,ZERO_DUPLICATE_CREATE_PLAN,https://www.transfermarkt.de/oud-heverlee-leuven/kader/verein/2727/saison_id/2026/plus/1,13369b1472ae4137934608499f3a290781d8b7a96223b8e0488ea6f56621495e,2026-09-12
FM27-ad920e7221f538354147266d,NONBLOCKING,RESOLVED,Existing canonical review already marks this row nonblocking.,,PROVISIONAL_CREATION_RATING,NO,Native creation is identity/source complete; neutral rating seed remains provisional,BEL1,Oud-Heverlee Leuven,2727,Viktor Damjanic,946964,2005-11-03,,,,458775,ZERO_DUPLICATE_CREATE_PLAN,https://www.transfermarkt.de/oud-heverlee-leuven/kader/verein/2727/saison_id/2026/plus/1,13369b1472ae4137934608499f3a290781d8b7a96223b8e0488ea6f56621495e,2026-09-12
FM27-0c35ff20f9204aa12843b02a,NONBLOCKING,RESOLVED,Existing canonical review already marks this row nonblocking.,,PROVISIONAL_CREATION_RATING,NO,Native creation is identity/source complete; neutral rating seed remains provisional,BEL1,Royal Antwerpen FC,1096,Farouck Adekami,1293796,2006-08-07,,,,458785,ZERO_DUPLICATE_CREATE_PLAN,https://www.transfermarkt.de/royal-antwerpen-fc/kader/verein/1096/saison_id/2026/plus/1,eb2b5eea86d19deaf123189c966bf44bae4a2d94614134be4d229233c58d37aa,2026-09-12
FM27-51dddd7834430e1baaecf48b,NONBLOCKING,RESOLVED,Existing canonical review already marks this row nonblocking.,,PROVISIONAL_CREATION_RATING,NO,Native creation is identity/source complete; neutral rating seed remains provisional,BEL1,Royal Antwerpen FC,1096,Luis Narh,1555142,2007-12-25,,,,458785,ZERO_DUPLICATE_CREATE_PLAN,https://www.transfermarkt.de/royal-antwerpen-fc/kader/verein/1096/saison_id/2026/plus/1,eb2b5eea86d19deaf123189c966bf44bae4a2d94614134be4d229233c58d37aa,2026-09-12
FM27-01fb8bf6e8f629c843ccd45b,NONBLOCKING,RESOLVED,Existing canonical review already marks this row nonblocking.,,PROVISIONAL_CREATION_RATING,NO,Native creation is identity/source complete; neutral rating seed remains provisional,BEL1,Royal Antwerpen FC,1096,Modibo Fofana,1510005,2007-11-03,,,,458785,ZERO_DUPLICATE_CREATE_PLAN,https://www.transfermarkt.de/royal-antwerpen-fc/kader/verein/1096/saison_id/2026/plus/1,eb2b5eea86d19deaf123189c966bf44bae4a2d94614134be4d229233c58d37aa,2026-09-12
FM27-ce1d613dc74aa42fd5229da4,NONBLOCKING,RESOLVED,Existing canonical review already marks this row nonblocking.,,PROVISIONAL_CREATION_RATING,NO,Native creation is identity/source complete; neutral rating seed remains provisional,BEL1,SK Beveren,28643,Junior Diouf,1492856,2007-08-16,,,,458788,ZERO_DUPLICATE_CREATE_PLAN,https://www.transfermarkt.de/sk-beveren/kader/verein/28643/saison_id/2026/plus/1,7bd09a7ce8449fd8a09e77af941f3d0069233ed39a454f5073c6ab7bfe083ae7,2026-09-12
FM27-3d5d04049a95479d3e80808c,NONBLOCKING,RESOLVED,Existing canonical review already marks this row nonblocking.,,PROVISIONAL_CREATION_RATING,NO,Native creation is identity/source complete; neutral rating seed remains provisional,BEL1,Union Saint-Gilloise,3948,Ondrej Kricfalusi,839551,2004-03-09,,,,458780,ZERO_DUPLICATE_CREATE_PLAN,https://www.transfermarkt.de/union-saint-gilloise/kader/verein/3948/saison_id/2026/plus/1,6678f90f37564c9f8683b893f1bf4bed395816093e2ee4489ebbda3dc900e98e,2026-09-12
FM27-1fc90b10dfc0ea1c149acdd1,NONBLOCKING,RESOLVED,Existing canonical review already marks this row nonblocking.,,PROVISIONAL_CREATION_RATING,NO,Native creation is identity/source complete; neutral rating seed remains provisional,BEL1,VV St. Truiden,475,Shion Shinkawa,1153358,2007-08-06,,,,458759,ZERO_DUPLICATE_CREATE_PLAN,https://www.transfermarkt.de/vv-st-truiden/kader/verein/475/saison_id/2026/plus/1,c0e976a963b2c1507ec52e39bab62ae405f89e7c2149e5b8ecc88e56b4f6ff7a,2026-09-12
FM27-19e5e35e78c2470764431436,NONBLOCKING,RESOLVED,Existing canonical review already marks this row nonblocking.,,PROVISIONAL_CREATION_RATING,NO,Native creation is identity/source complete; neutral rating seed remains provisional,BEL1,Zulte Waregem,3508,Mouhamadou Sall,1507561,2007-10-21,,,,458782,ZERO_DUPLICATE_CREATE_PLAN,https://www.transfermarkt.de/zulte-waregem/kader/verein/3508/saison_id/2026/plus/1,0acbb0eca1723445958969f80be44f59778e527ba0095de244c35e56e3b9068e,2026-09-12
FM27-18574f71c4a51bb9e9bfe5a2,NONBLOCKING,RESOLVED,Existing canonical review already marks this row nonblocking.,,PROVISIONAL_CREATION_RATING,NO,Native creation is identity/source complete; neutral rating seed remains provisional,CZE1,Bohemians Prag 1905,715,Mohamed Yasser,975321,2001-05-05,,,,786453,ZERO_DUPLICATE_CREATE_PLAN,https://www.transfermarkt.de/bohemians-prag-1905/kader/verein/715/saison_id/2026/plus/1,ebdb6624691ca6718b5ca6df413da8f706167c604575caed018b5bb2940716cb,2026-09-12
FM27-fcb71b3168bf22fa21948c08,NONBLOCKING,RESOLVED,Existing canonical review already marks this row nonblocking.,,PROVISIONAL_CREATION_RATING,NO,Native creation is identity/source complete; neutral rating seed remains provisional,CZE1,FC Slovan Liberec,697,Qëndrim Zyba,482386,2001-02-03,,,,786438,ZERO_DUPLICATE_CREATE_PLAN,https://www.transfermarkt.de/fc-slovan-liberec/kader/verein/697/saison_id/2026/plus/1,6aba2d7156fcbb82e5f0f245492c388de338ad498bd8ff4bd953a9b7fb194317,2026-09-12
FM27-e74bf9b6a1ef92a12dfc40cc,NONBLOCKING,RESOLVED,Existing canonical review already marks this row nonblocking.,,PROVISIONAL_CREATION_RATING,NO,Native creation is identity/source complete; neutral rating seed remains provisional,CZE1,FK Jablonec,1322,Filip Novak,107665,1990-06-26,,,,786437,ZERO_DUPLICATE_CREATE_PLAN,https://www.transfermarkt.de/fk-jablonec/kader/verein/1322/saison_id/2026/plus/1,fa6bc207fa67c20e0cd9ca574d81e19d3d8b6b77840b71993b1620a5a4b28b21,2026-09-12
FM27-c1ef39010f1efb46e6840f37,NONBLOCKING,RESOLVED,Existing canonical review already marks this row nonblocking.,,PROVISIONAL_CREATION_RATING,NO,Native creation is identity/source complete; neutral rating seed remains provisional,CZE1,FK Pardubice,1496,Jiri Zima,1013809,2007-12-21,,,,790538,ZERO_DUPLICATE_CREATE_PLAN,https://www.transfermarkt.de/fk-pardubice/kader/verein/1496/saison_id/2026/plus/1,ff994ed3554101d4e2a5377d206e013ac142ca4f73f68a0c406e2cc0d305e0ef,2026-09-12
FM27-0d85fd2bbc6d4171356270c0,NONBLOCKING,RESOLVED,Existing canonical review already marks this row nonblocking.,,PROVISIONAL_CREATION_RATING,NO,Native creation is identity/source complete; neutral rating seed remains provisional,CZE1,FK Pardubice,1496,Victor Samuel,1381202,2006-06-29,,,,790538,ZERO_DUPLICATE_CREATE_PLAN,https://www.transfermarkt.de/fk-pardubice/kader/verein/1496/saison_id/2026/plus/1,ff994ed3554101d4e2a5377d206e013ac142ca4f73f68a0c406e2cc0d305e0ef,2026-09-12
FM27-1fa6fd12211dbfe804a26ee9,NONBLOCKING,RESOLVED,Existing canonical review already marks this row nonblocking.,,PROVISIONAL_CREATION_RATING,NO,Native creation is identity/source complete; neutral rating seed remains provisional,ENG1,Hull City,3008,Lucas Herrington,1279984,2007-09-05,,,,917532,ZERO_DUPLICATE_CREATE_PLAN,https://www.transfermarkt.de/hull-city/kader/verein/3008/saison_id/2026/plus/1,95d27e3b77eef2306101f2b6eab92a02d56308a31e0d34299be2fa82dcf331db,2026-09-12
FM27-3faf775a2c0434892c2ee790,NONBLOCKING,RESOLVED,Existing canonical review already marks this row nonblocking.,,PROVISIONAL_CREATION_RATING,NO,Native creation is identity/source complete; neutral rating seed remains provisional,ENG1,Sunderland,289,Jules Ahoka,1401779,2006-05-08,,,,917524,ZERO_DUPLICATE_CREATE_PLAN,https://www.transfermarkt.de/afc-sunderland/kader/verein/289/saison_id/2026/plus/1,bd74ae0019b88eeaf201f5b09382a2f264e6feab18e637371f9e43576b711509,2026-09-12
FM27-d341d5964663a3927259dc06,NONBLOCKING,RESOLVED,Existing canonical review already marks this row nonblocking.,,PROVISIONAL_CREATION_RATING,NO,Native creation is identity/source complete; neutral rating seed remains provisional,ESP1,Deportivo A Coruña,897,Álvaro Ferllo,453704,1998-04-13,,,,2949127,ZERO_DUPLICATE_CREATE_PLAN,https://www.transfermarkt.de/deportivo-a-coruna/kader/verein/897/saison_id/2026/plus/1,7550b0f31442bf21d6149b2642a4ee1c6a58307c97068ea0c26d45e205ddb6c5,2026-09-12
FM27-3a44391ba8e6788077985333,NONBLOCKING,RESOLVED,Existing canonical review already marks this row nonblocking.,,PROVISIONAL_CREATION_RATING,NO,Native creation is identity/source complete; neutral rating seed remains provisional,FRA1,ESTAC Troyes,1095,Yacouba Koné,1523861,2007-06-21,,,,1179683,ZERO_DUPLICATE_CREATE_PLAN,https://www.transfermarkt.de/estac-troyes/kader/verein/1095/saison_id/2026/plus/1,3de2a4a4e2246fa33a1e94b81459db264308feb0d186d61173bb4ee72e627faa,2026-09-12
FM27-3294c3e989ac22d6d34873fb,NONBLOCKING,RESOLVED,Existing canonical review already marks this row nonblocking.,,PROVISIONAL_CREATION_RATING,NO,Native creation is identity/source complete; neutral rating seed remains provisional,FRA1,Stade Brest 29,3911,Romain Cagnon,272619,1997-05-12,,,,1179685,ZERO_DUPLICATE_CREATE_PLAN,https://www.transfermarkt.de/stade-brest-29/kader/verein/3911/saison_id/2026/plus/1,52be2d44f637f0ec7c544f95926b9d75ac6bce6bd86bfa9e4cb57ec3bf957bda,2026-09-12
FM27-81913980414564a392a21a6e,NONBLOCKING,RESOLVED,Existing canonical review already marks this row nonblocking.,,PROVISIONAL_CREATION_RATING,NO,Native creation is identity/source complete; neutral rating seed remains provisional,GER1,Bayer 04 Leverkusen,15,Ndjicoura Bomba,1392804,2008-03-12,,,,1376261,ZERO_DUPLICATE_CREATE_PLAN,https://www.transfermarkt.de/bayer-04-leverkusen/kader/verein/15/saison_id/2026/plus/1,355a935f7561800deae1a58eea59105fd8753e003beced3cff71c0acbf734e7f,2026-09-12
FM27-a25e8663a640cc3932bcd6f8,NONBLOCKING,RESOLVED,Existing canonical review already marks this row nonblocking.,,PROVISIONAL_CREATION_RATING,NO,Native creation is identity/source complete; neutral rating seed remains provisional,GER1,FC Bayern München,27,Bara Sapoko Ndiaye,1497653,2007-12-31,,,,1376264,ZERO_DUPLICATE_CREATE_PLAN,https://www.transfermarkt.de/fc-bayern-munchen/kader/verein/27/saison_id/2026/plus/1,820ba470399c46c372cca08fabf7f49fd2f3e3e097d9ac94e1494b055e7a3df5,2026-09-12
FM27-d5ffa9b498e4d984e4ce50e7,NONBLOCKING,RESOLVED,Existing canonical review already marks this row nonblocking.,,PROVISIONAL_CREATION_RATING,NO,Native creation is identity/source complete; neutral rating seed remains provisional,GER2,1. FC Magdeburg,187,Chung-hyun Lee,1154529,2007-09-12,,,,1376373,ZERO_DUPLICATE_CREATE_PLAN,https://www.transfermarkt.de/1-fc-magdeburg/kader/verein/187/saison_id/2026/plus/1,d0ff31a4349276164899e3293cd9c2c30e400169104ef2ece40cfdb9b3d70c93,2026-09-12
FM27-7dc598ff0d680a0d11c95646,NONBLOCKING,RESOLVED,Existing canonical review already marks this row nonblocking.,,PROVISIONAL_CREATION_RATING,NO,Native creation is identity/source complete; neutral rating seed remains provisional,GER2,Holstein Kiel,269,Gyan de Regt,747243,2003-08-18,,,,1376418,ZERO_DUPLICATE_CREATE_PLAN,https://www.transfermarkt.de/holstein-kiel/kader/verein/269/saison_id/2026/plus/1,a21383144033c3b6f3673ba9e2f837be3941ac96cf75125b24654477c6bc1716,2026-09-12
FM27-b483ae076b0e64535cf92eba,NONBLOCKING,RESOLVED,Existing canonical review already marks this row nonblocking.,,PROVISIONAL_CREATION_RATING,NO,Native creation is identity/source complete; neutral rating seed remains provisional,GER3,Rot-Weiss Essen 1907,56,Eric Verstappen,187203,1994-05-19,,,,1376282,ZERO_DUPLICATE_CREATE_PLAN,https://www.transfermarkt.de/rot-weiss-essen/kader/verein/56/saison_id/2026/plus/1,428b980f8718cfe610b74c6ed65b6316eaa3b91941d20a4def68f9bfec3ccdb3,2026-09-12
FM27-2b66d1949da03e823807810d,NONBLOCKING,RESOLVED,Existing canonical review already marks this row nonblocking.,,PROVISIONAL_CREATION_RATING,NO,Native creation is identity/source complete; neutral rating seed remains provisional,GER3,SG Sonnenhof Großaspach,2589,Lorenz Ender,528222,2001-01-06,,,,1376306,ZERO_DUPLICATE_CREATE_PLAN,https://www.transfermarkt.de/sg-sonnenhof-grossaspach/kader/verein/2589/saison_id/2026/plus/1,ceb6dce8c3f846bc1688d6ba77daaf4b6d34d1ddb8ca555b2498968bf85c6f78,2026-09-12
FM27-ea23a0df07385594f0c1a27b,NONBLOCKING,RESOLVED,Existing canonical review already marks this row nonblocking.,,PROVISIONAL_CREATION_RATING,NO,Native creation is identity/source complete; neutral rating seed remains provisional,GER3,SG Sonnenhof Großaspach,2589,Noah Santiago Lorch,1294358,2005-12-09,,,,1376306,ZERO_DUPLICATE_CREATE_PLAN,https://www.transfermarkt.de/sg-sonnenhof-grossaspach/kader/verein/2589/saison_id/2026/plus/1,ceb6dce8c3f846bc1688d6ba77daaf4b6d34d1ddb8ca555b2498968bf85c6f78,2026-09-12
FM27-84fcccede54410e9e3a856f6,NONBLOCKING,RESOLVED,Existing canonical review already marks this row nonblocking.,,PROVISIONAL_CREATION_RATING,NO,Native creation is identity/source complete; neutral rating seed remains provisional,GER3,TSV Havelse 1912,476,Joel Darko Ampem,1490222,2007-03-08,,,,1376539,ZERO_DUPLICATE_CREATE_PLAN,https://www.transfermarkt.de/tsv-havelse/kader/verein/476/saison_id/2026/plus/1,b4490298444b6e31458c6e927b4ab3fff5378977e083c471be7a43b9938c0f59,2026-09-12
FM27-857f1fac0705af113e25085f,NONBLOCKING,RESOLVED,Existing canonical review already marks this row nonblocking.,,PROVISIONAL_CREATION_RATING,NO,Native creation is identity/source complete; neutral rating seed remains provisional,GER3,TSV Havelse 1912,476,Temilola Awoyale,1093438,2005-07-23,,,,1376539,ZERO_DUPLICATE_CREATE_PLAN,https://www.transfermarkt.de/tsv-havelse/kader/verein/476/saison_id/2026/plus/1,b4490298444b6e31458c6e927b4ab3fff5378977e083c471be7a43b9938c0f59,2026-09-12
FM27-4f4b14f65a2e01ea1f4c6d5d,NONBLOCKING,RESOLVED,Existing canonical review already marks this row nonblocking.,,PROVISIONAL_CREATION_RATING,NO,Native creation is identity/source complete; neutral rating seed remains provisional,ITA1,Cagliari Calcio,1390,Demi Akarakiri,1078164,2007-09-29,,,,1769480,ZERO_DUPLICATE_CREATE_PLAN,https://www.transfermarkt.de/cagliari-calcio/kader/verein/1390/saison_id/2026/plus/1,4d01f720bf6b2fb484bfc759a9f95eef9ef2c8d8f167551e1c287b989aa09415,2026-09-12
FM27-eb678bd76af640d97e7fdd30,NONBLOCKING,RESOLVED,Existing canonical review already marks this row nonblocking.,,PROVISIONAL_CREATION_RATING,NO,Native creation is identity/source complete; neutral rating seed remains provisional,NED1,Fortuna Sittard,385,Kaylen,810846,2004-04-05,,,,2228247,ZERO_DUPLICATE_CREATE_PLAN,https://www.transfermarkt.de/fortuna-sittard/kader/verein/385/saison_id/2026/plus/1,3459b44bdebecde47d2a1440be82d9c09e8f120a342ec34fc969ad1288f64fcd,2026-09-12
FM27-012fbfd6533d583b98a5ae84,NONBLOCKING,RESOLVED,Existing canonical review already marks this row nonblocking.,,PROVISIONAL_CREATION_RATING,NO,Native creation is identity/source complete; neutral rating seed remains provisional,NED1,SC Telstar,1434,Gabi Caschili,648541,2003-07-14,,,,2228252,ZERO_DUPLICATE_CREATE_PLAN,https://www.transfermarkt.de/sc-telstar/kader/verein/1434/saison_id/2026/plus/1,ae77e5dfbed0657e8ac7db9c5bfa54cdae9a9aa41389f9224cb5b1406e993f05,2026-09-12
FM27-abd352677d5096f57c3c933e,NONBLOCKING,RESOLVED,Existing canonical review already marks this row nonblocking.,,PROVISIONAL_CREATION_RATING,NO,Native creation is identity/source complete; neutral rating seed remains provisional,POR1,Benfica Lissabon,294,Gabriel Índio,1464920,2008-07-26,,,,2490372,ZERO_DUPLICATE_CREATE_PLAN,https://www.transfermarkt.de/benfica-lissabon/kader/verein/294/saison_id/2026/plus/1,957c9f94e6a34a4cd8987a26892c35f410ec61ced30153d1842a28e3a5d61504,2026-09-12
FM27-2673632bd08eb1bb702c4740,NONBLOCKING,RESOLVED,Existing canonical review already marks this row nonblocking.,,PROVISIONAL_CREATION_RATING,NO,Native creation is identity/source complete; neutral rating seed remains provisional,POR1,CD Santa Clara,2423,Fredy,1077990,2006-05-25,,,,2490388,ZERO_DUPLICATE_CREATE_PLAN,https://www.transfermarkt.de/cd-santa-clara/kader/verein/2423/saison_id/2026/plus/1,996787cc90623dddfd5c425ca2df6aae95f8fd62b8b5cfb03677a214be6550e2,2026-09-12
FM27-bd70711aaba4f5ffd22ccc71,NONBLOCKING,RESOLVED,Existing canonical review already marks this row nonblocking.,,PROVISIONAL_CREATION_RATING,NO,Native creation is identity/source complete; neutral rating seed remains provisional,POR1,CF Estrela Amadora,2431,Bénito,768562,2003-08-21,,,,2490394,ZERO_DUPLICATE_CREATE_PLAN,https://www.transfermarkt.de/cf-estrela-amadora/kader/verein/2431/saison_id/2026/plus/1,518e3a2e95f5774700d01db49dd50f80d4ccbc790493950412b68c785a7de654,2026-09-12
FM27-47e71b94e36cc19393558883,NONBLOCKING,RESOLVED,Existing canonical review already marks this row nonblocking.,,PROVISIONAL_CREATION_RATING,NO,Native creation is identity/source complete; neutral rating seed remains provisional,POR1,Casa Pia AC,3268,Abdu Dafe,1534934,2008-06-10,,,,2494469,ZERO_DUPLICATE_CREATE_PLAN,https://www.transfermarkt.de/casa-pia-ac/kader/verein/3268/saison_id/2026/plus/1,a3e2a5277eff3871e27db7ef969d3905123f5c71aebb08128024f85e9a547b72,2026-09-12
FM27-c091fad53bf0a48987f8baf0,NONBLOCKING,RESOLVED,Existing canonical review already marks this row nonblocking.,,PROVISIONAL_CREATION_RATING,NO,Native creation is identity/source complete; neutral rating seed remains provisional,POR1,FC Arouca,8024,Costinha,1582293,2008-08-04,,,,2494470,ZERO_DUPLICATE_CREATE_PLAN,https://www.transfermarkt.de/fc-arouca/kader/verein/8024/saison_id/2026/plus/1,6d5fb999d4383d6530153089e5d24d04871a61220be98a161a65baf303fba2ae,2026-09-12
FM27-feb7ffe80c0dfd93339e2804,NONBLOCKING,RESOLVED,Existing canonical review already marks this row nonblocking.,,PROVISIONAL_CREATION_RATING,NO,Native creation is identity/source complete; neutral rating seed remains provisional,POR1,FC Arouca,8024,Si-hoo Park,1154528,2007-08-18,,,,2494470,ZERO_DUPLICATE_CREATE_PLAN,https://www.transfermarkt.de/fc-arouca/kader/verein/8024/saison_id/2026/plus/1,6d5fb999d4383d6530153089e5d24d04871a61220be98a161a65baf303fba2ae,2026-09-12
FM27-5e929bf7fa90812250f31578,NONBLOCKING,RESOLVED,Existing canonical review already marks this row nonblocking.,,PROVISIONAL_CREATION_RATING,NO,Native creation is identity/source complete; neutral rating seed remains provisional,POR1,Moreirense FC,979,Chipyoka Songa,1072324,2004-09-24,,,,2490377,ZERO_DUPLICATE_CREATE_PLAN,https://www.transfermarkt.de/moreirense-fc/kader/verein/979/saison_id/2026/plus/1,9aa16aff197b371e36892b5321c0c1db769f09802a8338c111eb56304e7798bc,2026-09-12
FM27-3525eaec176afd9d0d8c1a01,NONBLOCKING,RESOLVED,Existing canonical review already marks this row nonblocking.,,PROVISIONAL_CREATION_RATING,NO,Native creation is identity/source complete; neutral rating seed remains provisional,POR1,Moreirense FC,979,Pedro Jesus,1580906,2007-12-25,,,,2490377,ZERO_DUPLICATE_CREATE_PLAN,https://www.transfermarkt.de/moreirense-fc/kader/verein/979/saison_id/2026/plus/1,9aa16aff197b371e36892b5321c0c1db769f09802a8338c111eb56304e7798bc,2026-09-12
FM27-4e78a4040855479e37495012,NONBLOCKING,RESOLVED,Existing canonical review already marks this row nonblocking.,,PROVISIONAL_CREATION_RATING,NO,Native creation is identity/source complete; neutral rating seed remains provisional,TUR1,Alanyaspor,11282,Arouna Soro,1577095,2007-07-12,,,,3145783,ZERO_DUPLICATE_CREATE_PLAN,https://www.transfermarkt.de/alanyaspor/kader/verein/11282/saison_id/2026/plus/1,433f3e66ff8083db45d3eda79b081cc9c234137060d5070be407da48d877ae43,2026-09-12
FM27-db1d5ab5bae86a8b5c8ed4fa,NONBLOCKING,RESOLVED,Existing canonical review already marks this row nonblocking.,,PROVISIONAL_CREATION_RATING,NO,Native creation is identity/source complete; neutral rating seed remains provisional,TUR1,Erzurumspor FK,39722,Yiğit Baran Karaoğlan,1487376,2006-02-16,,,,3145765,ZERO_DUPLICATE_CREATE_PLAN,https://www.transfermarkt.de/erzurumspor-fk/kader/verein/39722/saison_id/2026/plus/1,aaa2316b00aefef231faf95d7f3e3871f7c712aaa423cb88c256177acd6d2902,2026-09-12
FM27-3692a8aec4bb3ca8f8a0a082,NONBLOCKING,RESOLVED,Existing canonical review already marks this row nonblocking.,,PROVISIONAL_CREATION_RATING,NO,Native creation is identity/source complete; neutral rating seed remains provisional,TUR1,Eyüpspor,7160,Abdou Khadre Sy,1414677,2007-12-15,,,,3145777,ZERO_DUPLICATE_CREATE_PLAN,https://www.transfermarkt.de/eyupspor/kader/verein/7160/saison_id/2026/plus/1,f4f3375da68b82c3bad1b9efcd11d29ed67584c0d829b173c80cc388820bec9c,2026-09-12
FM27-2831b6368615279511ce43b2,NONBLOCKING,RESOLVED,Existing canonical review already marks this row nonblocking.,,PROVISIONAL_CREATION_RATING,NO,Native creation is identity/source complete; neutral rating seed remains provisional,TUR1,Eyüpspor,7160,Berhan Kutlay Şatlı,1178853,2006-01-14,,,,3145777,ZERO_DUPLICATE_CREATE_PLAN,https://www.transfermarkt.de/eyupspor/kader/verein/7160/saison_id/2026/plus/1,f4f3375da68b82c3bad1b9efcd11d29ed67584c0d829b173c80cc388820bec9c,2026-09-12
FM27-0a1d47e0b35d9927eee3a601,NONBLOCKING,RESOLVED,Existing canonical review already marks this row nonblocking.,,PROVISIONAL_CREATION_RATING,NO,Native creation is identity/source complete; neutral rating seed remains provisional,TUR1,Eyüpspor,7160,Diabel Ndoye,1414664,2007-08-27,,,,3145777,ZERO_DUPLICATE_CREATE_PLAN,https://www.transfermarkt.de/eyupspor/kader/verein/7160/saison_id/2026/plus/1,f4f3375da68b82c3bad1b9efcd11d29ed67584c0d829b173c80cc388820bec9c,2026-09-12
FM27-9f09484e97aed183c298047b,NONBLOCKING,RESOLVED,Existing canonical review already marks this row nonblocking.,,PROVISIONAL_CREATION_RATING,NO,Native creation is identity/source complete; neutral rating seed remains provisional,TUR1,Eyüpspor,7160,Ömer Ahmet Ceyhan,1374186,2007-08-22,,,,3145777,ZERO_DUPLICATE_CREATE_PLAN,https://www.transfermarkt.de/eyupspor/kader/verein/7160/saison_id/2026/plus/1,f4f3375da68b82c3bad1b9efcd11d29ed67584c0d829b173c80cc388820bec9c,2026-09-12
FM27-05813e06b47cb25056dd599a,NONBLOCKING,RESOLVED,Existing canonical review already marks this row nonblocking.,,PROVISIONAL_CREATION_RATING,NO,Native creation is identity/source complete; neutral rating seed remains provisional,TUR1,Gaziantep FK,2832,Cemilhan Aslan,1197999,2008-05-07,,,,3145773,ZERO_DUPLICATE_CREATE_PLAN,https://www.transfermarkt.de/gaziantep-fk/kader/verein/2832/saison_id/2026/plus/1,81446f340c520f2c5aff4253c251edc727d259530fe5221a6b24ee6cfb9e01e1,2026-09-12
FM27-7f4e84e8277c7664b3dc9543,NONBLOCKING,RESOLVED,Existing canonical review already marks this row nonblocking.,,PROVISIONAL_CREATION_RATING,NO,Native creation is identity/source complete; neutral rating seed remains provisional,TUR1,Gaziantep FK,2832,Kadir Gümüş,1581187,2003-11-15,,,,3145773,ZERO_DUPLICATE_CREATE_PLAN,https://www.transfermarkt.de/gaziantep-fk/kader/verein/2832/saison_id/2026/plus/1,81446f340c520f2c5aff4253c251edc727d259530fe5221a6b24ee6cfb9e01e1,2026-09-12
FM27-41433d7dd2a05a37fab3bd8d,NONBLOCKING,RESOLVED,Existing canonical review already marks this row nonblocking.,,PROVISIONAL_CREATION_RATING,NO,Native creation is identity/source complete; neutral rating seed remains provisional,TUR1,Kocaelispor,120,Arda Özyar,1303365,2007-04-16,,,,3145754,ZERO_DUPLICATE_CREATE_PLAN,https://www.transfermarkt.de/kocaelispor/kader/verein/120/saison_id/2026/plus/1,bda2ed30c80e868d465811681293fb83205ade381ad18055d9cd750ca9ce7817,2026-09-12
FM27-bcd49402b7f97273a629afe8,NONBLOCKING,RESOLVED,Existing canonical review already marks this row nonblocking.,,PROVISIONAL_CREATION_RATING,NO,Native creation is identity/source complete; neutral rating seed remains provisional,TUR1,Kocaelispor,120,Hulusi Destici,1438140,2008-08-06,,,,3145754,ZERO_DUPLICATE_CREATE_PLAN,https://www.transfermarkt.de/kocaelispor/kader/verein/120/saison_id/2026/plus/1,bda2ed30c80e868d465811681293fb83205ade381ad18055d9cd750ca9ce7817,2026-09-12
FM27-3d8f55caece9bff4f06193c7,NONBLOCKING,RESOLVED,Existing canonical review already marks this row nonblocking.,,PROVISIONAL_CREATION_RATING,NO,Native creation is identity/source complete; neutral rating seed remains provisional,TUR1,Kocaelispor,120,Talha Polat,1423296,2006-11-17,,,,3145754,ZERO_DUPLICATE_CREATE_PLAN,https://www.transfermarkt.de/kocaelispor/kader/verein/120/saison_id/2026/plus/1,bda2ed30c80e868d465811681293fb83205ade381ad18055d9cd750ca9ce7817,2026-09-12
FM27-e19f6142242d91c8ad150743,NONBLOCKING,RESOLVED,Existing canonical review already marks this row nonblocking.,,PROVISIONAL_CREATION_RATING,NO,Native creation is identity/source complete; neutral rating seed remains provisional,TUR1,Konyaspor,2293,Ömer Çobanoğlu,1304052,2007-07-04,,,,3145839,ZERO_DUPLICATE_CREATE_PLAN,https://www.transfermarkt.de/konyaspor/kader/verein/2293/saison_id/2026/plus/1,069dc7281d9365629f14ccbc97a6efb86e052d5f21328d42e8d7b49edfa417e6,2026-09-12
FM27-005289484b479f43cfdff503,NONBLOCKING,RESOLVED,Existing canonical review already marks this row nonblocking.,,SOURCE_ABSENCE,NO,Confirmed prior roster member is absent now; destination/release evidence required,CZE1,FC Banik Ostrau,377,David Latal,812010,2003-01-21,296603,0,786446,786446,VERIFIED_PRIOR_TM_BRIDGE,https://www.transfermarkt.de/fc-banik-ostrau/kader/verein/377/saison_id/2026/plus/1,cdafc5a4acd8431cd7301fb6cf051e97b9b0313e0b0aef4605223dab4a3e53a8,2026-09-12
FM27-a8c878716f473949ff65a527,NONBLOCKING,RESOLVED,Existing canonical review already marks this row nonblocking.,,SOURCE_ABSENCE,NO,Confirmed prior roster member is absent now; destination/release evidence required,CZE1,FC Zbrojovka Brünn,5225,Martin Gjorgievski,898137,2005-02-28,11817,0,786447,786447,VERIFIED_PRIOR_TM_BRIDGE,https://www.transfermarkt.de/fc-zbrojovka-brunn/kader/verein/5225/saison_id/2026/plus/1,a4d5c32430acfdf00de949f2fad989e0124b12ed25787c40121240d4f2e6afc9,2026-09-12
FM27-301a53b40c097e134adc0bcd,NONBLOCKING,RESOLVED,Existing canonical review already marks this row nonblocking.,,SOURCE_ABSENCE,NO,Confirmed prior roster member is absent now; destination/release evidence required,CZE1,SK Artis Brünn,24325,Daniel Samek,671542,2004-02-19,11895,264335,790564,790564,VERIFIED_PRIOR_TM_BRIDGE,https://www.transfermarkt.de/sk-artis-brunn/kader/verein/24325/saison_id/2026/plus/1,eb409e4deab2b1ece4f114cfedffe83ad24d56ea74ba76852d3d1490bed8d219,2026-09-12
FM27-0597f7475e2376d8b33a7839,NONBLOCKING,RESOLVED,Existing canonical review already marks this row nonblocking.,,SOURCE_ABSENCE,NO,Confirmed prior roster member is absent now; destination/release evidence required,ENG1,Hull City,3008,David Akintola,353775,1996-01-13,266804,225956,917532,917532,VERIFIED_PRIOR_TM_BRIDGE,https://www.transfermarkt.de/hull-city/kader/verein/3008/saison_id/2026/plus/1,dab4ed195d0a4396b95fbe7adf4749dc4d3d8684698f2354284ecd2472438431,2026-09-12
FM27-abcc242bbe438a5bb6ef9ac4,NONBLOCKING,RESOLVED,Existing canonical review already marks this row nonblocking.,,SOURCE_ABSENCE,NO,Confirmed prior roster member is absent now; destination/release evidence required,FRA1,AJ Auxerre,290,Josué Casimir,763182,2001-09-24,291277,260943,1179654,1179654,VERIFIED_PRIOR_TM_BRIDGE,https://www.transfermarkt.de/aj-auxerre/kader/verein/290/saison_id/2026/plus/1,ddcfe16f345fa2356877e94851a8d638bfe89474885f98a9d159b11e4fd34f49,2026-09-12
FM27-34d915b922ee223ee16aed7d,NONBLOCKING,RESOLVED,Existing canonical review already marks this row nonblocking.,,SOURCE_ABSENCE,NO,Confirmed prior roster member is absent now; destination/release evidence required,GER1,FC Augsburg,167,Kristijan Jakic,374954,1997-05-14,279681,257889,1376431,1376431,VERIFIED_PRIOR_TM_BRIDGE,https://www.transfermarkt.de/fc-augsburg/kader/verein/167/saison_id/2026/plus/1,1f06c9b32c0855d4ceead40da396e1039559533e0bb63c28ffbbfa59ae663c53,2026-09-12
FM27-5d2bbfb4fbfe54c7b4448578,NONBLOCKING,RESOLVED,Existing canonical review already marks this row nonblocking.,,SOURCE_ABSENCE,NO,Confirmed prior roster member is absent now; destination/release evidence required,GER1,RB Leipzig,23826,Suleman Sani,1235583,2006-09-01,177659,0,1376555,1376555,VERIFIED_PRIOR_TM_BRIDGE,https://www.transfermarkt.de/rb-leipzig/kader/verein/23826/saison_id/2026/plus/1,b09c1c1c9175a847b533c7725d0fc0eb8650d5384e81757841acacf74820c7e8,2026-09-12
FM27-90d0a92cd37c7196b9ed468a,NONBLOCKING,RESOLVED,Existing canonical review already marks this row nonblocking.,,SOURCE_ABSENCE,NO,Confirmed prior roster member is absent now; destination/release evidence required,GER2,VfL Wolfsburg,82,Moritz Jenz,460245,1999-04-30,99999,241494,1376274,1376274,VERIFIED_PRIOR_TM_BRIDGE,https://www.transfermarkt.de/vfl-wolfsburg/kader/verein/82/saison_id/2026/plus/1,591f64a86a13c06b9de9d81a5b3c5cb7c36c4bf14065d18dbe630c34fbbcd522,2026-09-12
FM27-95c1d221d0524d18069a58de,NONBLOCKING,RESOLVED,Existing canonical review already marks this row nonblocking.,,SOURCE_ABSENCE,NO,Confirmed prior roster member is absent now; destination/release evidence required,NED1,FC Utrecht,200,Jamie Schuldes,1081906,2007-01-26,276957,0,2228241,2228241,VERIFIED_PRIOR_TM_BRIDGE,https://www.transfermarkt.de/fc-utrecht/kader/verein/200/saison_id/2026/plus/1,a0d7ca9b662f544c8228096e9bfb2e3ba347a4c8881728fd6e708db350bff87c,2026-09-12
FM27-b000c729dc628e2dc312c58f,NONBLOCKING,RESOLVED,Existing canonical review already marks this row nonblocking.,,SOURCE_ABSENCE,NO,Confirmed prior roster member is absent now; destination/release evidence required,POR1,Académico Viseu FC,7788,Tomás Silva,1041169,2003-10-25,153264,0,2494468,2494468,VERIFIED_PRIOR_TM_BRIDGE,https://www.transfermarkt.de/academico-viseu-fc/kader/verein/7788/saison_id/2026/plus/1,f40ef27dedfb4dd56ee806b8854e00a98290d23600ac9cc15cef852a4df3864d,2026-09-12
FM27-ba384b3194ac232703856424,NONBLOCKING,RESOLVED,Existing canonical review already marks this row nonblocking.,,SOURCE_ABSENCE,NO,Confirmed prior roster member is absent now; destination/release evidence required,POR1,FC Alverca,2521,Stéphane Diarra,428954,1998-12-09,287819,233373,2490393,2490393,VERIFIED_PRIOR_TM_BRIDGE,https://www.transfermarkt.de/fc-alverca/kader/verein/2521/saison_id/2026/plus/1,94517f9a37f8367a2ca9bb0bd63d2ef7c0aabbf989b6c97be20bbfa8a5786aa3,2026-09-12
FM27-aeabae19023bff1b04b3302b,NONBLOCKING,RESOLVED,Existing canonical review already marks this row nonblocking.,,SOURCE_ABSENCE,NO,Confirmed prior roster member is absent now; destination/release evidence required,POR1,GD Estoril Praia,1465,Gonçalo Costa,383014,2000-02-18,287303,269874,2490386,2490386,VERIFIED_PRIOR_TM_BRIDGE,https://www.transfermarkt.de/gd-estoril-praia/kader/verein/1465/saison_id/2026/plus/1,a6c0e1aa55dfd8f24789ccb8411715a61d2d5f84e965ad85a2cf07d0d424f74a,2026-09-12
FM27-28c555252043c399f4fdfde0,NONBLOCKING,RESOLVED,Existing canonical review already marks this row nonblocking.,,SOURCE_ABSENCE,NO,Confirmed prior roster member is absent now; destination/release evidence required,POR1,GD Estoril Praia,1465,Khayon Edwards,741650,2003-09-12,287308,274389,2490386,2490386,VERIFIED_PRIOR_TM_BRIDGE,https://www.transfermarkt.de/gd-estoril-praia/kader/verein/1465/saison_id/2026/plus/1,a6c0e1aa55dfd8f24789ccb8411715a61d2d5f84e965ad85a2cf07d0d424f74a,2026-09-12
FM27-2cce968d3900569dc08617d4,NONBLOCKING,RESOLVED,Existing canonical review already marks this row nonblocking.,,SOURCE_ABSENCE,NO,Confirmed prior roster member is absent now; destination/release evidence required,POR1,Gil Vicente FC,2424,Carlos Eduardo,927714,2002-08-10,287227,277047,2490375,2490375,VERIFIED_PRIOR_TM_BRIDGE,https://www.transfermarkt.de/gil-vicente-fc/kader/verein/2424/saison_id/2026/plus/1,6da3377f7af1e8cf020bc52ff290f0ce5415de9b452593a068b7ebca8225ae99,2026-09-12
FM27-7debfa00a424e6da23700796,NONBLOCKING,RESOLVED,Existing canonical review already marks this row nonblocking.,,SOURCE_ABSENCE,NO,Confirmed prior roster member is absent now; destination/release evidence required,POR1,SC Braga,1075,Jonatás Noro,1061378,2005-07-09,286898,0,2490374,2490374,VERIFIED_PRIOR_TM_BRIDGE,https://www.transfermarkt.de/sc-braga/kader/verein/1075/saison_id/2026/plus/1,156364df6ce57b4f7d7a1498602c8bbe4d6bac3e21a3c7245a5b41d7f564209d,2026-09-12
FM27-4b40b80391feec2c11d02d4c,NONBLOCKING,RESOLVED,Existing canonical review already marks this row nonblocking.,,SOURCE_ABSENCE,NO,Confirmed prior roster member is absent now; destination/release evidence required,TUR1,Fenerbahce,36,Rodrigo Becão,410158,1996-01-19,291366,238621,3145823,3145823,VERIFIED_PRIOR_TM_BRIDGE,https://www.transfermarkt.de/fenerbahce/kader/verein/36/saison_id/2026/plus/1,eff4b959e764178d3f626d5a5ed8b2fe03eb26b1afbfc29d44fede5c2bb83dbb,2026-09-12
FM27-da712647a0c02462a94c5072,,AWAITING_EXTERNAL_RESOLUTION,,,TIMELINE_RESOLUTION,YES,"Confirmed timeline row failed exact native, source, or loan chronology guards",CZE1,FK Mlada Boleslav,5546,Adam Kadlec,889437,2003-07-06,296798,0,786453,786434,REVIEWED_TIMELINE,https://www.transfermarkt.de/fk-mlada-boleslav/kader/verein/5546/saison_id/2026/plus/1,5a8600e42926651e56482ac4dac8c6e5e0e3e1754eacf142566e811f0e9bca53,2026-09-12
FM27-0d4ee56383e851028668f34a,,AWAITING_EXTERNAL_RESOLUTION,,,TIMELINE_RESOLUTION,YES,"Confirmed timeline row failed exact native, source, or loan chronology guards",ENG1,Hull City,3008,Robinio Vaz,1131161,2007-02-17,283989,76410,1179662,917532,REVIEWED_TIMELINE,https://www.transfermarkt.de/hull-city/kader/verein/3008/saison_id/2026/plus/1,95d27e3b77eef2306101f2b6eab92a02d56308a31e0d34299be2fa82dcf331db,2026-09-12
FM27-66275737cfb962f84258643b,,AWAITING_EXTERNAL_RESOLUTION,,,TIMELINE_RESOLUTION,YES,"Confirmed timeline row failed exact native, source, or loan chronology guards",ESP1,Racing Santander,630,Yassir Zabiri,1153105,2005-02-23,287701,74698,2490398,2949137,REVIEWED_TIMELINE,https://www.transfermarkt.de/racing-santander/kader/verein/630/saison_id/2026/plus/1,18a40c3ef461fb12859ab644f10535935a6e0f3b45aa680347aab5a3a4eda60f,2026-09-12
FM27-114d5c4b67282886ff11b937,,AWAITING_EXTERNAL_RESOLUTION,,,TIMELINE_RESOLUTION,YES,"Confirmed timeline row failed exact native, source, or loan chronology guards",ESP1,UD Levante,3368,Petar Ratkov,846254,2003-08-18,264991,275978,262150,2949128,REVIEWED_TIMELINE,https://www.transfermarkt.de/ud-levante/kader/verein/3368/saison_id/2026/plus/1,53cacbbeea38cb2a390a7eeec2d36d336b94cb75602793ff1a9bacce28891775,2026-09-12
FM27-5fa3faff92231634c45f8433,,AWAITING_EXTERNAL_RESOLUTION,,,TIMELINE_RESOLUTION,YES,"Confirmed timeline row failed exact native, source, or loan chronology guards",FRA1,FC Lorient,1158,Souleymane Faye,666971,2003-02-08,285159,79547,2949245,1179673,REVIEWED_TIMELINE,https://www.transfermarkt.de/fc-lorient/kader/verein/1158/saison_id/2026/plus/1,8985aded9368fca7ce5d7744ed4210e43a27554002fd29e32ed7f2454f7c3087,2026-09-12
FM27-7aaf023765f86b01a6e71a75,,AWAITING_EXTERNAL_RESOLUTION,,,TIMELINE_RESOLUTION,YES,"Confirmed timeline row failed exact native, source, or loan chronology guards",FRA1,Stade Brest 29,3911,Noah Edjouma,1078326,2005-10-04,291091,278207,1179657,1179685,REVIEWED_TIMELINE,https://www.transfermarkt.de/stade-brest-29/kader/verein/3911/saison_id/2026/plus/1,52be2d44f637f0ec7c544f95926b9d75ac6bce6bd86bfa9e4cb57ec3bf957bda,2026-09-12
FM27-c8937c28b9cf68fd70016b4e,,AWAITING_EXTERNAL_RESOLUTION,,,TIMELINE_RESOLUTION,YES,"Confirmed timeline row failed exact native, source, or loan chronology guards",ITA1,Cagliari Calcio,1390,Yanis Massolin,915849,2002-09-20,292630,270341,1769497,1769480,REVIEWED_TIMELINE,https://www.transfermarkt.de/cagliari-calcio/kader/verein/1390/saison_id/2026/plus/1,4d01f720bf6b2fb484bfc759a9f95eef9ef2c8d8f167551e1c287b989aa09415,2026-09-12
FM27-5595ddc15451879dc30423ed,,AWAITING_EXTERNAL_RESOLUTION,,,TIMELINE_RESOLUTION,YES,"Confirmed timeline row failed exact native, source, or loan chronology guards",NED1,ADO Den Haag,1268,Othniël Raterink,997478,2006-04-07,136463,0,2228231,2228225,REVIEWED_TIMELINE,https://www.transfermarkt.de/ado-den-haag/kader/verein/1268/saison_id/2026/plus/1,474b264b880fdda2bb882ff0c9f03309d423ae1b25e36c87a1da879d192c71b0,2026-09-12
FM27-0ca773156b68400301c6b3c7,,AWAITING_EXTERNAL_RESOLUTION,,,TIMELINE_RESOLUTION,YES,"Confirmed timeline row failed exact native, source, or loan chronology guards",NED1,PEC Zwolle,1269,Sydney van Hooijdonk,439292,2000-02-06,294089,244601,2228229,2228260,REVIEWED_TIMELINE,https://www.transfermarkt.de/pec-zwolle/kader/verein/1269/saison_id/2026/plus/1,3c97a5a53b9cc8a25985b1e3597862074bc3460631aa78e06a0c54cb3648771b,2026-09-12
FM27-b2da3debeff989bf91717722,,AWAITING_EXTERNAL_RESOLUTION,,,TIMELINE_RESOLUTION,YES,"Confirmed timeline row failed exact native, source, or loan chronology guards",NED1,SC Telstar,1434,Abdelnour Soualhia,944694,2001-06-27,71183,0,1180103,2228252,REVIEWED_TIMELINE,https://www.transfermarkt.de/sc-telstar/kader/verein/1434/saison_id/2026/plus/1,ae77e5dfbed0657e8ac7db9c5bfa54cdae9a9aa41389f9224cb5b1406e993f05,2026-09-12
FM27-f19fc478f87df76ff5eb2711,,AWAITING_EXTERNAL_RESOLUTION,,,TIMELINE_RESOLUTION,YES,"Confirmed timeline row failed exact native, source, or loan chronology guards",POR1,CF Estrela Amadora,2431,Jeremy Arévalo,971663,2005-03-19,284614,277742,2949137,2490394,REVIEWED_TIMELINE,https://www.transfermarkt.de/cf-estrela-amadora/kader/verein/2431/saison_id/2026/plus/1,518e3a2e95f5774700d01db49dd50f80d4ccbc790493950412b68c785a7de654,2026-09-12
FM27-eafc3186bd5ee904c8838d53,,AWAITING_EXTERNAL_RESOLUTION,,,TIMELINE_RESOLUTION,YES,"Confirmed timeline row failed exact native, source, or loan chronology guards",POR1,Casa Pia AC,3268,Aymen Zouin,1188771,2006-12-29,278138,0,1769481,2494469,REVIEWED_TIMELINE,https://www.transfermarkt.de/casa-pia-ac/kader/verein/3268/saison_id/2026/plus/1,a3e2a5277eff3871e27db7ef969d3905123f5c71aebb08128024f85e9a547b72,2026-09-12
FM27-168354ebdd9bb58a7f14161d,,AWAITING_EXTERNAL_RESOLUTION,,,TIMELINE_RESOLUTION,YES,"Confirmed timeline row failed exact native, source, or loan chronology guards",POR1,FC Porto,720,Souza,1086258,2006-06-16,222649,0,3538955,2490380,REVIEWED_TIMELINE,https://www.transfermarkt.de/fc-porto/kader/verein/720/saison_id/2026/plus/1,f504c5834791d9c61a831eb02c7ad78c5d5b46e6bbc57108520832c20f2114e6,2026-09-12
FM27-d84274e3cb1fb16d30d65d5b,,AWAITING_EXTERNAL_RESOLUTION,,,TRANSFER_TIMELINE,YES,No unique confirmed permanent event for changed native club,BEL1,Cercle Brügge,520,Dante Vanzeir,289648,1998-04-16,235432,234905,458753,458755,DOB_NAME,https://www.transfermarkt.de/cercle-brugge/kader/verein/520/saison_id/2026/plus/1,7cdfb59fb0a1a9a437a93f97e502615933029fa25dc8530a34a7715ac5027f03,2026-09-12
FM27-3a3ca801ff48c420a142744d,,AWAITING_EXTERNAL_RESOLUTION,,,TRANSFER_TIMELINE,YES,No unique confirmed permanent event for changed native club,BEL1,Cercle Brügge,520,Royer Caicedo,1274489,2006-05-05,231190,76933,3670018,458755,DOB_NAME,https://www.transfermarkt.de/cercle-brugge/kader/verein/520/saison_id/2026/plus/1,7cdfb59fb0a1a9a437a93f97e502615933029fa25dc8530a34a7715ac5027f03,2026-09-12
FM27-370e6cd3d7def658e427c9d9,,AWAITING_EXTERNAL_RESOLUTION,,,TRANSFER_TIMELINE,YES,Current loan requires owner and return-date evidence,BEL1,KRC Genk,1184,Benjamin Tahirović,787907,2003-03-03,286280,272596,851977,458768,DOB_NAME,https://www.transfermarkt.de/krc-genk/kader/verein/1184/saison_id/2026/plus/1,85979abe0c47d79971cc0cee642e1248d1cad9da00ea0a7a7add7591bfc915c0,2026-09-12
FM27-06a3877101dd8e195b453def,,AWAITING_EXTERNAL_RESOLUTION,,,TRANSFER_TIMELINE,YES,Current loan requires owner and return-date evidence,BEL1,KV Kortrijk,601,Rok Storman,1050404,2004-09-04,11252,0,790540,458781,DOB_NAME,https://www.transfermarkt.de/kv-kortrijk/kader/verein/601/saison_id/2026/plus/1,a4999f54d8da64602d94dda7998adfe30af76e24e0c684550e581e845d6cfc0c,2026-09-12
FM27-e7378becc3d38c519902b72c,,AWAITING_EXTERNAL_RESOLUTION,,,TRANSFER_TIMELINE,YES,No unique confirmed permanent event for changed native club,BEL1,KVC Westerlo,968,Dylan Ourega,1010044,2004-10-06,280439,74136,1179674,458763,DOB_NAME,https://www.transfermarkt.de/kvc-westerlo/kader/verein/968/saison_id/2026/plus/1,4b321535def794641a57896ea3b395b11fb16964a25bb51fab6f75bf5e2a3382,2026-09-12
FM27-e5a379ad70403a127bbb8c9c,,AWAITING_EXTERNAL_RESOLUTION,,,TRANSFER_TIMELINE,YES,No unique confirmed permanent event for changed native club,BEL1,KVC Westerlo,968,Michée Ndembi,1247587,2007-07-04,288176,0,2490372,458763,DOB_NAME,https://www.transfermarkt.de/kvc-westerlo/kader/verein/968/saison_id/2026/plus/1,4b321535def794641a57896ea3b395b11fb16964a25bb51fab6f75bf5e2a3382,2026-09-12
FM27-09cbab854bc1276777511684,,AWAITING_EXTERNAL_RESOLUTION,,,TRANSFER_TIMELINE,YES,Current loan requires owner and return-date evidence,BEL1,Lommel SK,5026,Isaiah Dada-Mascoll,938400,2006-05-24,262625,0,917518,458783,DOB_NAME,https://www.transfermarkt.de/lommel-sk/kader/verein/5026/saison_id/2026/plus/1,9ff756a9f65fb1a83d753e141d2c89530fd8a9311bba2096f5846c718c381d8a,2026-09-12
FM27-c231952829d1c679d510a6b9,,AWAITING_EXTERNAL_RESOLUTION,,,TRANSFER_TIMELINE,YES,No unique confirmed permanent event for changed native club,BEL1,Oud-Heverlee Leuven,2727,Marcel Van Dijck,1318286,2008-01-10,235401,0,458785,458775,DOB_NAME,https://www.transfermarkt.de/oud-heverlee-leuven/kader/verein/2727/saison_id/2026/plus/1,13369b1472ae4137934608499f3a290781d8b7a96223b8e0488ea6f56621495e,2026-09-12
FM27-e5665f7d067e734b83445291,,AWAITING_EXTERNAL_RESOLUTION,,,TRANSFER_TIMELINE,YES,Current loan requires owner and return-date evidence,BEL1,Oud-Heverlee Leuven,2727,Takuya Ogiwara,492730,1999-11-23,55444,242061,10682378,458775,DOB_NAME,https://www.transfermarkt.de/oud-heverlee-leuven/kader/verein/2727/saison_id/2026/plus/1,13369b1472ae4137934608499f3a290781d8b7a96223b8e0488ea6f56621495e,2026-09-12
FM27-b72900e044dae5e00d1c4b92,,AWAITING_EXTERNAL_RESOLUTION,,,TRANSFER_TIMELINE,YES,No unique confirmed permanent event for changed native club,BEL1,RAAL La Louvière,3901,Bryan Soumaré,644563,1999-02-11,1000013920,0,0,471041,DOB_NAME,https://www.transfermarkt.de/raal-la-louviere/kader/verein/3901/saison_id/2026/plus/1,b03ed0837676e8c4516649bb0a99db01be8090988303411744be3df08ec3d3fe,2026-09-12
FM27-c8f32b13e56a786343fa473e,,AWAITING_EXTERNAL_RESOLUTION,,,TRANSFER_TIMELINE,YES,Current loan requires owner and return-date evidence,BEL1,RAAL La Louvière,3901,Marius Courcoul,1075575,2007-01-01,290118,277484,1179782,471041,DOB_NAME,https://www.transfermarkt.de/raal-la-louviere/kader/verein/3901/saison_id/2026/plus/1,b03ed0837676e8c4516649bb0a99db01be8090988303411744be3df08ec3d3fe,2026-09-12
FM27-4d5cbfd5f590c3b3067dcb8e,,AWAITING_EXTERNAL_RESOLUTION,,,TRANSFER_TIMELINE,YES,Current loan requires owner and return-date evidence,BEL1,RAAL La Louvière,3901,Tiago Pereira Cardoso,926301,2006-04-07,279850,70904,1376263,471041,DOB_NAME,https://www.transfermarkt.de/raal-la-louviere/kader/verein/3901/saison_id/2026/plus/1,b03ed0837676e8c4516649bb0a99db01be8090988303411744be3df08ec3d3fe,2026-09-12
FM27-125a27020cb89a47028a639a,,AWAITING_EXTERNAL_RESOLUTION,,,TRANSFER_TIMELINE,YES,No unique confirmed permanent event for changed native club,BEL1,SK Beveren,28643,Chris Lokesa,671675,2004-11-07,136134,272977,2228242,458788,DOB_NAME,https://www.transfermarkt.de/sk-beveren/kader/verein/28643/saison_id/2026/plus/1,7bd09a7ce8449fd8a09e77af941f3d0069233ed39a454f5073c6ab7bfe083ae7,2026-09-12
FM27-751f5876ec4886dd2368d79d,,AWAITING_EXTERNAL_RESOLUTION,,,TRANSFER_TIMELINE,YES,Current loan requires owner and return-date evidence,BEL1,SK Beveren,28643,Elohim Kaboré,1072185,2006-12-20,187821,76869,3014661,458788,DOB_NAME,https://www.transfermarkt.de/sk-beveren/kader/verein/28643/saison_id/2026/plus/1,7bd09a7ce8449fd8a09e77af941f3d0069233ed39a454f5073c6ab7bfe083ae7,2026-09-12
FM27-6704a57b047bcdf3734f8513,,AWAITING_EXTERNAL_RESOLUTION,,,TRANSFER_TIMELINE,YES,Current loan requires owner and return-date evidence,BEL1,SK Beveren,28643,Stephane Keller,718032,2001-08-20,6440,0,720907,458788,DOB_NAME,https://www.transfermarkt.de/sk-beveren/kader/verein/28643/saison_id/2026/plus/1,7bd09a7ce8449fd8a09e77af941f3d0069233ed39a454f5073c6ab7bfe083ae7,2026-09-12
FM27-bd96b06dcfc5871220f9510a,,AWAITING_EXTERNAL_RESOLUTION,,,TRANSFER_TIMELINE,YES,No unique confirmed permanent event for changed native club,BEL1,Standard Lüttich,3057,Belmin Dizdarevic,483007,2001-08-09,243830,276704,528393,458760,DOB_NAME,https://www.transfermarkt.de/standard-luttich/kader/verein/3057/saison_id/2026/plus/1,35f665c792bd0def9bfa349286927e0ef54a862cb91b5e4ab6b8ec3356dfa834,2026-09-12
FM27-dbf3f34e1875b25b8f6defe4,,AWAITING_EXTERNAL_RESOLUTION,,,TRANSFER_TIMELINE,YES,No unique confirmed permanent event for changed native club,BEL1,Union Saint-Gilloise,3948,Massiré Sylla,1256870,2005-01-07,143353,0,2359302,458780,DOB_NAME,https://www.transfermarkt.de/union-saint-gilloise/kader/verein/3948/saison_id/2026/plus/1,6678f90f37564c9f8683b893f1bf4bed395816093e2ee4489ebbda3dc900e98e,2026-09-12
FM27-2b2631356af24c7f6bc4fcbc,,AWAITING_EXTERNAL_RESOLUTION,,,TRANSFER_TIMELINE,YES,No unique confirmed permanent event for changed native club,BEL1,VV St. Truiden,475,Oumar Diouf,1137664,2003-05-15,236874,277647,458801,458759,DOB_NAME,https://www.transfermarkt.de/vv-st-truiden/kader/verein/475/saison_id/2026/plus/1,c0e976a963b2c1507ec52e39bab62ae405f89e7c2149e5b8ecc88e56b4f6ff7a,2026-09-12
FM27-99e1fee5569f4facd0339cd8,,AWAITING_EXTERNAL_RESOLUTION,,,TRANSFER_TIMELINE,YES,No unique confirmed permanent event for changed native club,BEL1,Zulte Waregem,3508,Tristan Panduro,1027444,2008-01-10,286175,0,851972,458782,DOB_NAME,https://www.transfermarkt.de/zulte-waregem/kader/verein/3508/saison_id/2026/plus/1,0acbb0eca1723445958969f80be44f59778e527ba0095de244c35e56e3b9068e,2026-09-12
FM27-50a6b7e6d6edb473118689e6,,AWAITING_EXTERNAL_RESOLUTION,,,TRANSFER_TIMELINE,YES,Current loan requires owner and return-date evidence,CZE1,FC Banik Ostrau,377,Rhodri Smith,1061048,2006-09-09,295470,75656,3080193,786446,DOB_NAME,https://www.transfermarkt.de/fc-banik-ostrau/kader/verein/377/saison_id/2026/plus/1,3717000ca143110b9cff7bc66843b5e54104cdaa75d0e196220c4e77c8b4d611,2026-09-12
FM27-1d3a63bc701d86b36c1f1431,,AWAITING_EXTERNAL_RESOLUTION,,,TRANSFER_TIMELINE,YES,Current loan requires owner and return-date evidence,CZE1,FC Slovan Liberec,697,David Hamansenya,1401055,2007-06-24,284131,0,2949167,786438,DOB_NAME,https://www.transfermarkt.de/fc-slovan-liberec/kader/verein/697/saison_id/2026/plus/1,6aba2d7156fcbb82e5f0f245492c388de338ad498bd8ff4bd953a9b7fb194317,2026-09-12
FM27-937364de9e9e54d0197aadcd,,AWAITING_EXTERNAL_RESOLUTION,,,TRANSFER_TIMELINE,YES,Current loan requires owner and return-date evidence,CZE1,FK Jablonec,1322,Dominik Hollý,802836,2003-11-11,295996,70867,786442,786437,DOB_NAME,https://www.transfermarkt.de/fk-jablonec/kader/verein/1322/saison_id/2026/plus/1,fa6bc207fa67c20e0cd9ca574d81e19d3d8b6b77840b71993b1620a5a4b28b21,2026-09-12
FM27-9690cc6350a2633b61dcc53f,,AWAITING_EXTERNAL_RESOLUTION,,,TRANSFER_TIMELINE,YES,Current loan requires owner and return-date evidence,CZE1,FK Jablonec,1322,Filip Vecheta,652051,2003-02-15,11552,0,790538,786437,DOB_NAME,https://www.transfermarkt.de/fk-jablonec/kader/verein/1322/saison_id/2026/plus/1,fa6bc207fa67c20e0cd9ca574d81e19d3d8b6b77840b71993b1620a5a4b28b21,2026-09-12
FM27-9def8fca9460a1970f08d9a8,,AWAITING_EXTERNAL_RESOLUTION,,,TRANSFER_TIMELINE,YES,No unique confirmed permanent event for changed native club,CZE1,FK Mlada Boleslav,5546,Jan Harustak,1072837,2005-04-16,296627,0,786446,786434,DOB_NAME,https://www.transfermarkt.de/fk-mlada-boleslav/kader/verein/5546/saison_id/2026/plus/1,5a8600e42926651e56482ac4dac8c6e5e0e3e1754eacf142566e811f0e9bca53,2026-09-12
FM27-433075700fb6b410f9387c65,,AWAITING_EXTERNAL_RESOLUTION,,,TRANSFER_TIMELINE,YES,No unique confirmed permanent event for changed native club,CZE1,FK Pardubice,1496,Tomas Jelinek,1034738,2005-12-27,295815,0,786441,790538,DOB_NAME,https://www.transfermarkt.de/fk-pardubice/kader/verein/1496/saison_id/2026/plus/1,ff994ed3554101d4e2a5377d206e013ac142ca4f73f68a0c406e2cc0d305e0ef,2026-09-12
FM27-ee4290f7ccd638c2bf06b01b,,AWAITING_EXTERNAL_RESOLUTION,,,TRANSFER_TIMELINE,YES,Current loan requires owner and return-date evidence,CZE1,FK Pardubice,1496,Vladimir Neuman,668311,2000-02-10,11264,0,790540,790538,DOB_NAME,https://www.transfermarkt.de/fk-pardubice/kader/verein/1496/saison_id/2026/plus/1,ff994ed3554101d4e2a5377d206e013ac142ca4f73f68a0c406e2cc0d305e0ef,2026-09-12
FM27-c9c7e63748004abec6d4a8fe,,AWAITING_EXTERNAL_RESOLUTION,,,TRANSFER_TIMELINE,YES,No unique confirmed permanent event for changed native club,CZE1,SK Artis Brünn,24325,Daniel Toula,839535,2005-02-19,295806,0,786441,790564,DOB_NAME,https://www.transfermarkt.de/sk-artis-brunn/kader/verein/24325/saison_id/2026/plus/1,587a867b1b6398028de49094330bc2934f1e7245d3ee79f2003e9ffe6410ac9f,2026-09-12
FM27-1858687d4d8990e93b1d35d6,,AWAITING_EXTERNAL_RESOLUTION,,,TRANSFER_TIMELINE,YES,No unique confirmed permanent event for changed native club,CZE1,SK Artis Brünn,24325,Dominik Plechaty,456146,1999-04-18,11201,247345,786438,790564,DOB_NAME,https://www.transfermarkt.de/sk-artis-brunn/kader/verein/24325/saison_id/2026/plus/1,587a867b1b6398028de49094330bc2934f1e7245d3ee79f2003e9ffe6410ac9f,2026-09-12
FM27-fe454ba9c56cb738a3851ac2,,AWAITING_EXTERNAL_RESOLUTION,,,TRANSFER_TIMELINE,YES,No unique confirmed permanent event for changed native club,CZE1,SK Artis Brünn,24325,Jakub Fulnek,212872,1994-04-26,11321,0,786434,790564,DOB_NAME,https://www.transfermarkt.de/sk-artis-brunn/kader/verein/24325/saison_id/2026/plus/1,587a867b1b6398028de49094330bc2934f1e7245d3ee79f2003e9ffe6410ac9f,2026-09-12
FM27-f6b8a3d0f4acc48a341cbd28,,AWAITING_EXTERNAL_RESOLUTION,,,TRANSFER_TIMELINE,YES,No unique confirmed permanent event for changed native club,CZE1,SK Artis Brünn,24325,Jan Navratil,95802,1990-04-13,297578,201126,786439,790564,DOB_NAME,https://www.transfermarkt.de/sk-artis-brunn/kader/verein/24325/saison_id/2026/plus/1,587a867b1b6398028de49094330bc2934f1e7245d3ee79f2003e9ffe6410ac9f,2026-09-12
FM27-c30c10f7f8c37074e89843c9,,AWAITING_EXTERNAL_RESOLUTION,,,TRANSFER_TIMELINE,YES,No unique confirmed permanent event for changed native club,CZE1,SK Artis Brünn,24325,Jiri Borek,721807,2002-09-23,11407,0,786461,790564,DOB_NAME,https://www.transfermarkt.de/sk-artis-brunn/kader/verein/24325/saison_id/2026/plus/1,587a867b1b6398028de49094330bc2934f1e7245d3ee79f2003e9ffe6410ac9f,2026-09-12
FM27-6160d4599e790553f4a1e0b7,,AWAITING_EXTERNAL_RESOLUTION,,,TRANSFER_TIMELINE,YES,Current loan requires owner and return-date evidence,CZE1,SK Sigma Olmütz,2311,Stéphane Noumbissie,1133943,2006-12-25,288748,0,1179665,786439,DOB_NAME,https://www.transfermarkt.de/sk-sigma-olmutz/kader/verein/2311/saison_id/2026/plus/1,c61d1f22a4e21ac99834db236d5c613fdf98db28632452029778a0c82954b875,2026-09-12
FM27-f5610eb9d48237362a580599,,AWAITING_EXTERNAL_RESOLUTION,,,TRANSFER_TIMELINE,YES,No unique confirmed permanent event for changed native club,CZE1,SK Slavia Prag,62,Samuel Isife,1372515,2004-07-13,11503,0,790532,786441,DOB_NAME,https://www.transfermarkt.de/sk-slavia-prag/kader/verein/62/saison_id/2026/plus/1,ab5b3ad613592069fe87ed798140f18d5a2969fea81a54ddd36b6738aad74f72,2026-09-12
FM27-309d5e2b641e844b30aa8192,,AWAITING_EXTERNAL_RESOLUTION,,,TRANSFER_TIMELINE,YES,No unique confirmed permanent event for changed native club,ENG1,AFC Bournemouth,989,Alex Tóth,998101,2005-10-23,107259,70903,1507348,917553,DOB_NAME,https://www.transfermarkt.de/afc-bournemouth/kader/verein/989/saison_id/2026/plus/1,147ac73d9a94a634b365ebf6ee82ee4655d46b0d4aa0cba07b481ccc27a62359,2026-09-12
FM27-ec30b0602d09e3cafc0c690d,,AWAITING_EXTERNAL_RESOLUTION,,,TRANSFER_TIMELINE,YES,No unique confirmed permanent event for changed native club,ENG1,AFC Bournemouth,989,Fraser Forster,52570,1988-03-17,1000013240,172203,0,917553,DOB_NAME,https://www.transfermarkt.de/afc-bournemouth/kader/verein/989/saison_id/2026/plus/1,147ac73d9a94a634b365ebf6ee82ee4655d46b0d4aa0cba07b481ccc27a62359,2026-09-12
FM27-2ec3ed0665fe9d464e674273,,AWAITING_EXTERNAL_RESOLUTION,,,TRANSFER_TIMELINE,YES,No unique confirmed permanent event for changed native club,ENG1,AFC Bournemouth,989,Rayan,1012564,2006-08-03,222045,0,3538951,917553,DOB_NAME,https://www.transfermarkt.de/afc-bournemouth/kader/verein/989/saison_id/2026/plus/1,147ac73d9a94a634b365ebf6ee82ee4655d46b0d4aa0cba07b481ccc27a62359,2026-09-12
FM27-1b6607c64d7ec348edd65aee,,AWAITING_EXTERNAL_RESOLUTION,,,TRANSFER_TIMELINE,YES,Current loan requires owner and return-date evidence,ENG1,Coventry City,990,Stephen Mfuni,1049020,2008-02-12,262642,0,917518,917530,DOB_NAME,https://www.transfermarkt.de/coventry-city/kader/verein/990/saison_id/2026/plus/1,f8b6df3a235487785b5388c90b2e9ed50f43a330cba1ff3e2ab5138484452aae,2026-09-12
FM27-9078c21a4eeb104c539d0c62,,AWAITING_EXTERNAL_RESOLUTION,,,TRANSFER_TIMELINE,YES,No unique confirmed permanent event for changed native club,ENG1,Crystal Palace,873,Evann Guessand,500689,2001-07-01,261112,258444,917506,917535,DOB_NAME,https://www.transfermarkt.de/crystal-palace/kader/verein/873/saison_id/2026/plus/1,5b0d8110693231bc9cfcbf4e744171ea18f83dc20ff4c35e294cf84c098ae7ac,2026-09-12
FM27-7267396c936f0821231611ee,,AWAITING_EXTERNAL_RESOLUTION,,,TRANSFER_TIMELINE,YES,No unique confirmed permanent event for changed native club,ENG1,Hull City,3008,Kieran Dowell,258916,1997-10-10,288906,226401,2752517,917532,DOB_NAME,https://www.transfermarkt.de/hull-city/kader/verein/3008/saison_id/2026/plus/1,95d27e3b77eef2306101f2b6eab92a02d56308a31e0d34299be2fa82dcf331db,2026-09-12
FM27-4b60667938f4f8bff27e0b66,,AWAITING_EXTERNAL_RESOLUTION,,,TRANSFER_TIMELINE,YES,No unique confirmed permanent event for changed native club,ENG1,Ipswich Town,677,Anis Mehmeti,530813,2001-01-09,24129,250816,917555,917538,DOB_NAME,https://www.transfermarkt.de/ipswich-town/kader/verein/677/saison_id/2026/plus/1,27c77a20084b00ebf1368072929c14c023348a25975bceca8389e69766b037af,2026-09-12
FM27-1be870ca3940877c5a41ae76,,AWAITING_EXTERNAL_RESOLUTION,,,TRANSFER_TIMELINE,YES,No unique confirmed permanent event for changed native club,ENG1,Liverpool,31,Cody Gakpo,434675,1999-05-07,271020,73400,2555907,917509,VERIFIED_PRIOR_TM_BRIDGE,https://www.transfermarkt.de/fc-liverpool/kader/verein/31/saison_id/2026/plus/1,03f6f6108aec08d5028c45b59b341f94eb0a4ac80c8d3246a9cf1767419f8789,2026-09-12
FM27-27a833a447d188ca6480f619,,AWAITING_EXTERNAL_RESOLUTION,,,TRANSFER_TIMELINE,YES,No unique confirmed permanent event for changed native club,ESP1,Deportivo A Coruña,897,Adrià Altimira,466807,2001-03-28,280929,269228,2949140,2949127,DOB_NAME,https://www.transfermarkt.de/deportivo-a-coruna/kader/verein/897/saison_id/2026/plus/1,7550b0f31442bf21d6149b2642a4ee1c6a58307c97068ea0c26d45e205ddb6c5,2026-09-12
FM27-d1bc2383ce0f819672479ff7,,AWAITING_EXTERNAL_RESOLUTION,,,TRANSFER_TIMELINE,YES,No unique confirmed permanent event for changed native club,ESP1,Deportivo A Coruña,897,Riki Rodríguez,596899,1997-09-25,290701,251599,2949123,2949127,DOB_NAME,https://www.transfermarkt.de/deportivo-a-coruna/kader/verein/897/saison_id/2026/plus/1,7550b0f31442bf21d6149b2642a4ee1c6a58307c97068ea0c26d45e205ddb6c5,2026-09-12
FM27-118240670359ec789b6eb16a,,AWAITING_EXTERNAL_RESOLUTION,,,TRANSFER_TIMELINE,YES,No unique confirmed permanent event for changed native club,ESP1,FC Elche,1531,Lucas Cepeda,912392,2002-10-31,227312,71013,3604486,2949148,DOB_NAME,https://www.transfermarkt.de/fc-elche/kader/verein/1531/saison_id/2026/plus/1,7770f10307d7f825180585a8f034dec01f148c375c8cddde531c5778db711b3f,2026-09-12
FM27-4806b8bf9a314443e5a80d65,,AWAITING_EXTERNAL_RESOLUTION,,,TRANSFER_TIMELINE,YES,Current loan requires owner and return-date evidence,ESP1,FC Valencia,1049,Pablo Maffeo,251876,1997-07-12,282407,221342,2949130,2949139,DOB_NAME,https://www.transfermarkt.de/fc-valencia/kader/verein/1049/saison_id/2026/plus/1,5de2e980893b594e24db008458062bfc00ba2b8df17a120bf432b038f984588c,2026-09-12
FM27-bbac38037a1b51fa7eb59f1f,,AWAITING_EXTERNAL_RESOLUTION,,,TRANSFER_TIMELINE,YES,No unique confirmed permanent event for changed native club,ESP1,Racing Santander,630,Giorgi Guliashvili,502682,2001-09-05,243646,0,528390,2949137,DOB_NAME,https://www.transfermarkt.de/racing-santander/kader/verein/630/saison_id/2026/plus/1,18a40c3ef461fb12859ab644f10535935a6e0f3b45aa680347aab5a3a4eda60f,2026-09-12
FM27-233dde0169e7a4598e245fae,,AWAITING_EXTERNAL_RESOLUTION,,,TRANSFER_TIMELINE,YES,No unique confirmed permanent event for changed native club,ESP1,Racing Santander,630,Simon Eriksson,1088712,2006-04-24,188090,74624,3014663,2949137,DOB_NAME,https://www.transfermarkt.de/racing-santander/kader/verein/630/saison_id/2026/plus/1,18a40c3ef461fb12859ab644f10535935a6e0f3b45aa680347aab5a3a4eda60f,2026-09-12
FM27-06766128cb14870417ad61dc,,AWAITING_EXTERNAL_RESOLUTION,,,TRANSFER_TIMELINE,YES,No unique confirmed permanent event for changed native club,ESP1,Real Betis Sevilla,150,Álvaro Fidalgo,261503,1997-04-09,255346,246608,5439489,2949133,DOB_NAME,https://www.transfermarkt.de/real-betis-sevilla/kader/verein/150/saison_id/2026/plus/1,2aaeb64f077be646ab6ba33019bafa8f7b5b68e0e5fcd67c1dde6bed8f42133c,2026-09-12
FM27-21c18ae230c0214b4c25531e,,AWAITING_EXTERNAL_RESOLUTION,,,TRANSFER_TIMELINE,YES,No unique confirmed permanent event for changed native club,FRA1,ESTAC Troyes,1095,Kandet Diawara,575319,2000-02-10,276321,264079,1376373,1179683,DOB_NAME,https://www.transfermarkt.de/estac-troyes/kader/verein/1095/saison_id/2026/plus/1,3de2a4a4e2246fa33a1e94b81459db264308feb0d186d61173bb4ee72e627faa,2026-09-12
FM27-b3ec9687ab0c1bac3a2d2e48,,AWAITING_EXTERNAL_RESOLUTION,,,TRANSFER_TIMELINE,YES,No unique confirmed permanent event for changed native club,FRA1,FC Le Mans,1164,Adil Bourabaa,1166137,2005-03-09,71780,0,1179848,1179682,DOB_NAME,https://www.transfermarkt.de/fc-le-mans/kader/verein/1164/saison_id/2026/plus/1,3a1590b4702d0adc2e4906566f51e78d043b0e625e92b825b4e3d1a572fd483c,2026-09-12
FM27-d881b53f16806f9c4eac7f9f,,AWAITING_EXTERNAL_RESOLUTION,,,TRANSFER_TIMELINE,YES,Current loan requires owner and return-date evidence,FRA1,FC Le Mans,1164,Enzo Vagner,1027788,2006-07-28,222801,0,3538985,1179682,DOB_NAME,https://www.transfermarkt.de/fc-le-mans/kader/verein/1164/saison_id/2026/plus/1,3a1590b4702d0adc2e4906566f51e78d043b0e625e92b825b4e3d1a572fd483c,2026-09-12
FM27-3f48477bd6469cb450c4b93d,,AWAITING_EXTERNAL_RESOLUTION,,,TRANSFER_TIMELINE,YES,No unique confirmed permanent event for changed native club,FRA1,Olympique Lyon,1041,Noah Nartey,802515,2005-10-05,286284,71170,851977,1179661,DOB_NAME,https://www.transfermarkt.de/olympique-lyon/kader/verein/1041/saison_id/2026/plus/1,d1e8c52088c164c738d95700ab10125d62a6b25b7393bf2f71320770c00926fe,2026-09-12
FM27-cc8c45ff7a76624165fbb41b,,AWAITING_EXTERNAL_RESOLUTION,,,TRANSFER_TIMELINE,YES,Current loan requires owner and return-date evidence,FRA1,RC Lens,826,Junior Kadile,585958,2002-12-16,136179,257083,2228262,1179664,DOB_NAME,https://www.transfermarkt.de/rc-lens/kader/verein/826/saison_id/2026/plus/1,7fb4fc29a59ca1fd1875a851a1378fb40304c090e369d517a86f6d13f80ab3c8,2026-09-12
FM27-aeab4a56b826c83471dfea7e,,AWAITING_EXTERNAL_RESOLUTION,,,TRANSFER_TIMELINE,YES,No unique confirmed permanent event for changed native club,FRA1,RC Lens,826,Mathieu Gorgelin,60543,1990-08-05,1000013719,199721,0,1179664,DOB_NAME,https://www.transfermarkt.de/rc-lens/kader/verein/826/saison_id/2026/plus/1,7fb4fc29a59ca1fd1875a851a1378fb40304c090e369d517a86f6d13f80ab3c8,2026-09-12
FM27-384cc4138558480ae3d0dc84,,AWAITING_EXTERNAL_RESOLUTION,,,TRANSFER_TIMELINE,YES,No unique confirmed permanent event for changed native club,FRA1,Racing Straßburg,667,Yaya Diémé,1133733,2007-10-16,22792,0,8917251,1179667,DOB_NAME,https://www.transfermarkt.de/racing-strassburg/kader/verein/667/saison_id/2026/plus/1,fccce58645fe78054a145422d6552e5063a2af42aa0162b26c1d373f842bfa0c,2026-09-12
FM27-6ff909f30de6a0368bb81651,,AWAITING_EXTERNAL_RESOLUTION,,,TRANSFER_TIMELINE,YES,No unique confirmed permanent event for changed native club,GER1,1. FSV Mainz 05,39,Rael Nakuzola,1112952,2007-04-28,271938,0,1376282,1376259,DOB_NAME,https://www.transfermarkt.de/1-fsv-mainz-05/kader/verein/39/saison_id/2026/plus/1,a0ac0e0c9eb47a3776e4e43c8257aa032114b35240aadb843dc1c757a5313de7,2026-09-12
FM27-80e3f8f9a0617284d3ca01c7,,AWAITING_EXTERNAL_RESOLUTION,,,TRANSFER_TIMELINE,YES,No unique confirmed permanent event for changed native club,GER1,FC Augsburg,167,Yannik Keitel,342039,2000-02-15,277656,256118,1376272,1376431,DOB_NAME,https://www.transfermarkt.de/fc-augsburg/kader/verein/167/saison_id/2026/plus/1,323d986d5d073658ccfd8af3d4978da6e4a9845c0cdcce47798096a26f016833,2026-09-12
FM27-0a219292990e2dc2dfecf5d7,,AWAITING_EXTERNAL_RESOLUTION,,,TRANSFER_TIMELINE,YES,No unique confirmed permanent event for changed native club,GER1,FC Schalke 04,33,Dejan Ljubicic,287188,1997-10-08,263376,240916,655362,1376266,DOB_NAME,https://www.transfermarkt.de/fc-schalke-04/kader/verein/33/saison_id/2026/plus/1,a9ed4724b397b1d2e983c42cd58b22eee88dad2e22e96a26bd8a21ee813c34b7,2026-09-12
FM27-98d74a8fea5daaf913f1d2e5,,AWAITING_EXTERNAL_RESOLUTION,,,TRANSFER_TIMELINE,YES,No unique confirmed permanent event for changed native club,GER1,FC Schalke 04,33,Edin Dzeko,28396,1986-03-17,282478,180930,1769492,1376266,DOB_NAME,https://www.transfermarkt.de/fc-schalke-04/kader/verein/33/saison_id/2026/plus/1,a9ed4724b397b1d2e983c42cd58b22eee88dad2e22e96a26bd8a21ee813c34b7,2026-09-12
FM27-274d0856a90b207bf483ca0b,,AWAITING_EXTERNAL_RESOLUTION,,,TRANSFER_TIMELINE,YES,No unique confirmed permanent event for changed native club,GER1,RasenBallsport Leipzig,23826,Brajan Gruda,700106,2004-05-31,23579,272612,917529,1376555,DOB_NAME,https://www.transfermarkt.de/rb-leipzig/kader/verein/23826/saison_id/2026/plus/1,97283d90f2a9e564bd064da4fa47fa71d7ad3661db6e1e1a6f768776682c54ff,2026-09-12
FM27-241531f900caf204310a7388,,AWAITING_EXTERNAL_RESOLUTION,,,TRANSFER_TIMELINE,YES,Current loan requires owner and return-date evidence,GER1,SC Paderborn 07,127,Deniz Zeitler,1108022,2006-12-13,280198,279116,1376433,1376421,DOB_NAME,https://www.transfermarkt.de/sc-paderborn-07/kader/verein/127/saison_id/2026/plus/1,2bc1c2dc6af19cdfe4c15f929f45c9c1b3aeb6d1349fe49c0cbceca9a06d7cde,2026-09-12
FM27-681ee85090f38a0ed1011ff1,,AWAITING_EXTERNAL_RESOLUTION,,,TRANSFER_TIMELINE,YES,No unique confirmed permanent event for changed native club,GER1,SV Elversberg,64,David Mokwa,974894,2004-05-03,280196,76133,1376433,1376432,DOB_NAME,https://www.transfermarkt.de/sv-07-elversberg/kader/verein/64/saison_id/2026/plus/1,ac54bb8cfcfed8b072f1b208573d831ba987c384a94a38fe45024bff098be56e,2026-09-12
FM27-9888d99d372489768972d62e,,AWAITING_EXTERNAL_RESOLUTION,,,TRANSFER_TIMELINE,YES,Current loan requires owner and return-date evidence,GER1,SV Elversberg,64,Noel Futkeu,675535,2002-12-06,275406,276660,1376288,1376432,DOB_NAME,https://www.transfermarkt.de/sv-07-elversberg/kader/verein/64/saison_id/2026/plus/1,ac54bb8cfcfed8b072f1b208573d831ba987c384a94a38fe45024bff098be56e,2026-09-12
FM27-ef2b0dd47566ac23459230d6,,AWAITING_EXTERNAL_RESOLUTION,,,TRANSFER_TIMELINE,YES,No unique confirmed permanent event for changed native club,GER1,SV Elversberg,64,Raif Adam,910538,2005-09-07,275696,0,1376267,1376432,DOB_NAME,https://www.transfermarkt.de/sv-07-elversberg/kader/verein/64/saison_id/2026/plus/1,ac54bb8cfcfed8b072f1b208573d831ba987c384a94a38fe45024bff098be56e,2026-09-12
FM27-066e05b6c4579bb77c55e279,,AWAITING_EXTERNAL_RESOLUTION,,,TRANSFER_TIMELINE,YES,Current loan requires owner and return-date evidence,GER1,SV Werder Bremen,86,Eren Dinkçi,645774,2001-12-13,277861,258316,1376270,1376271,DOB_NAME,https://www.transfermarkt.de/sv-werder-bremen/kader/verein/86/saison_id/2026/plus/1,0a7e36159d0c7ffd555ab7f3ffa226b0cf286e7a1a009e2dca794bd509bbd26e,2026-09-12
FM27-520f201cd4f479c9fd0f6b5c,,AWAITING_EXTERNAL_RESOLUTION,,,TRANSFER_TIMELINE,YES,No unique confirmed permanent event for changed native club,GER2,1. FC Heidenheim 1846,2036,Christian Conteh,530298,1999-08-27,275171,248765,1376426,1376302,DOB_NAME,https://www.transfermarkt.de/1-fc-heidenheim-1846/kader/verein/2036/saison_id/2026/plus/1,36e24e4c10d034372cc86f2815daf3eafd1f3551697053d3716bf14e8bbbab12,2026-09-12
FM27-82afa192bced1d360e36db2a,,AWAITING_EXTERNAL_RESOLUTION,,,TRANSFER_TIMELINE,YES,No unique confirmed permanent event for changed native club,GER2,FC St. Pauli,35,Mathias Rasmussen,268327,1997-11-25,234988,225266,458780,1376425,DOB_NAME,https://www.transfermarkt.de/fc-st-pauli/kader/verein/35/saison_id/2026/plus/1,cb3581752f3910c559c9f42a6cbb09551a6187c6a88b14cfcc35019d0c02bc47,2026-09-12
FM27-8a4bd8784f0598fa5d769188,,AWAITING_EXTERNAL_RESOLUTION,,,TRANSFER_TIMELINE,YES,Current loan requires owner and return-date evidence,GER2,SG Dynamo Dresden,129,Kennedy Okpala,1104418,2004-12-17,272084,274999,1376301,1376278,DOB_NAME,https://www.transfermarkt.de/sg-dynamo-dresden/kader/verein/129/saison_id/2026/plus/1,e7de409708fb7109444d4f9163d9959ec24a63b876d33dbfb1a3f2afff6bb65f,2026-09-12
FM27-fc378fd08ff871fc0ec2f7b3,,AWAITING_EXTERNAL_RESOLUTION,,,TRANSFER_TIMELINE,YES,Current loan requires owner and return-date evidence,GER2,SG Dynamo Dresden,129,Patrice Covic,1114155,2007-06-25,280808,76111,1376271,1376278,DOB_NAME,https://www.transfermarkt.de/sg-dynamo-dresden/kader/verein/129/saison_id/2026/plus/1,e7de409708fb7109444d4f9163d9959ec24a63b876d33dbfb1a3f2afff6bb65f,2026-09-12
FM27-10fff72cddc1b0752ecd5abc,,AWAITING_EXTERNAL_RESOLUTION,,,TRANSFER_TIMELINE,YES,No unique confirmed permanent event for changed native club,GER2,VfL Bochum 1848,80,Oliver Olsen,400542,2000-08-13,285382,244471,851970,1376273,DOB_NAME,https://www.transfermarkt.de/vfl-bochum/kader/verein/80/saison_id/2026/plus/1,46a6a42e333b793b20bad6d9e1b77f42c8ca39e91c8c69a2bf0dbb6aa5adc64a,2026-09-12
FM27-274b038674a9bff7f2cf7f4d,,AWAITING_EXTERNAL_RESOLUTION,,,TRANSFER_TIMELINE,YES,No unique confirmed permanent event for changed native club,GER2,VfL Wolfsburg,82,Cleiton,943237,2003-04-25,221509,0,3538947,1376274,DOB_NAME,https://www.transfermarkt.de/vfl-wolfsburg/kader/verein/82/saison_id/2026/plus/1,0d671e8b1f26fd27a90d4507455627094aa5ed12d9869e4c7dc8c2b2573eb1ef,2026-09-12
FM27-6cc74eac594bda7d58ed34ff,,AWAITING_EXTERNAL_RESOLUTION,,,TRANSFER_TIMELINE,YES,No unique confirmed permanent event for changed native club,GER2,VfL Wolfsburg,82,Jonas Adjetey,734676,2003-12-13,295337,276634,3080195,1376274,DOB_NAME,https://www.transfermarkt.de/vfl-wolfsburg/kader/verein/82/saison_id/2026/plus/1,0d671e8b1f26fd27a90d4507455627094aa5ed12d9869e4c7dc8c2b2573eb1ef,2026-09-12
FM27-8fcf3c42db30aa1e965b7272,,AWAITING_EXTERNAL_RESOLUTION,,,TRANSFER_TIMELINE,YES,No unique confirmed permanent event for changed native club,GER2,VfL Wolfsburg,82,Kento Shiogai,1144627,2005-03-26,293908,74879,2228235,1376274,DOB_NAME,https://www.transfermarkt.de/vfl-wolfsburg/kader/verein/82/saison_id/2026/plus/1,0d671e8b1f26fd27a90d4507455627094aa5ed12d9869e4c7dc8c2b2573eb1ef,2026-09-12
FM27-facc36578e561d93f1dd7636,,AWAITING_EXTERNAL_RESOLUTION,,,TRANSFER_TIMELINE,YES,Current loan requires owner and return-date evidence,GER3,FC Hansa Rostock,30,Ouassim Karada,906968,2005-10-21,267421,0,1376434,1376265,DOB_NAME,https://www.transfermarkt.de/fc-hansa-rostock/kader/verein/30/saison_id/2026/plus/1,6da33a7ccf32faa9ebb0b7823a0ee5537fb70bfe8ee363795199b5de4015e0f1,2026-09-12
FM27-f4f5ee4b668f9285a68f4b92,,AWAITING_EXTERNAL_RESOLUTION,,,TRANSFER_TIMELINE,YES,No unique confirmed permanent event for changed native club,GER3,FC Viktoria Köln 1904,1622,Jakob Sachse,1032922,2006-04-20,275098,0,1376266,1376446,DOB_NAME,https://www.transfermarkt.de/fc-viktoria-koln/kader/verein/1622/saison_id/2026/plus/1,b7bfc92e8e7c5a16b30c7b0ff346d1259614911747f68b6cb84920bb2afd1606,2026-09-12
FM27-06a2f7bfb1bbabf2ea1d5df2,,AWAITING_EXTERNAL_RESOLUTION,,,TRANSFER_TIMELINE,YES,No unique confirmed permanent event for changed native club,GER3,FC Viktoria Köln 1904,1622,Taylan Duman,314214,1997-07-30,1000013989,0,0,1376446,DOB_NAME,https://www.transfermarkt.de/fc-viktoria-koln/kader/verein/1622/saison_id/2026/plus/1,b7bfc92e8e7c5a16b30c7b0ff346d1259614911747f68b6cb84920bb2afd1606,2026-09-12
FM27-d8d7932f7ba488c2f3f34cfa,,AWAITING_EXTERNAL_RESOLUTION,,,TRANSFER_TIMELINE,YES,Current loan requires owner and return-date evidence,GER3,FC Würzburger Kickers,1557,Xaver Kiefersauer,897059,2005-10-01,269708,0,1376291,1376540,DOB_NAME,https://www.transfermarkt.de/wurzburger-kickers/kader/verein/1557/saison_id/2026/plus/1,9dbdd312708d7d42a15f61c7f3845b1923e56748dcb9145650ba0c4e99195940,2026-09-12
FM27-a6dff50478fd295a3130d96d,,AWAITING_EXTERNAL_RESOLUTION,,,TRANSFER_TIMELINE,YES,Current loan requires owner and return-date evidence,GER3,Fortuna Düsseldorf 1895,38,Andreas Müller,438315,2000-07-20,276193,257283,1376283,1376429,DOB_NAME,https://www.transfermarkt.de/fortuna-dusseldorf/kader/verein/38/saison_id/2026/plus/1,05373c5cfa7534d6542a7839a6b4faf710e30f1746f3272457fd8dbea4ba1976,2026-09-12
FM27-c8864c5baae29b244bdcde02,,AWAITING_EXTERNAL_RESOLUTION,,,TRANSFER_TIMELINE,YES,No unique confirmed permanent event for changed native club,GER3,Fortuna Düsseldorf 1895,38,Jordi Paulina,1045762,2004-09-23,277417,0,1376262,1376429,DOB_NAME,https://www.transfermarkt.de/fortuna-dusseldorf/kader/verein/38/saison_id/2026/plus/1,05373c5cfa7534d6542a7839a6b4faf710e30f1746f3272457fd8dbea4ba1976,2026-09-12
FM27-db479f12f38dfdfbfbd443fb,,AWAITING_EXTERNAL_RESOLUTION,,,TRANSFER_TIMELINE,YES,No unique confirmed permanent event for changed native club,GER3,Fortuna Düsseldorf 1895,38,Kilian Sauck,1043565,2007-03-27,279863,0,1376263,1376429,DOB_NAME,https://www.transfermarkt.de/fortuna-dusseldorf/kader/verein/38/saison_id/2026/plus/1,05373c5cfa7534d6542a7839a6b4faf710e30f1746f3272457fd8dbea4ba1976,2026-09-12
FM27-50bd18c646817442157b6659,,AWAITING_EXTERNAL_RESOLUTION,,,TRANSFER_TIMELINE,YES,Current loan requires owner and return-date evidence,GER3,Fortuna Düsseldorf 1895,38,Lukas Bornschein,910590,2005-06-03,275665,0,1376267,1376429,DOB_NAME,https://www.transfermarkt.de/fortuna-dusseldorf/kader/verein/38/saison_id/2026/plus/1,05373c5cfa7534d6542a7839a6b4faf710e30f1746f3272457fd8dbea4ba1976,2026-09-12
FM27-2404b9f9083726ee1bedabe6,,AWAITING_EXTERNAL_RESOLUTION,,,TRANSFER_TIMELINE,YES,No unique confirmed permanent event for changed native club,GER3,SC Fortuna Köln,92,Neo Telle,917792,2005-04-24,277531,76536,1376275,1376444,DOB_NAME,https://www.transfermarkt.de/sc-fortuna-koln/kader/verein/92/saison_id/2026/plus/1,c255b2b753fa967f4c2eb7cdee0e0a6e7bb7b0e3c371fdcdfc7a8694476b2be0,2026-09-12
FM27-e3fc90b88c9fcccceb6d8571,,AWAITING_EXTERNAL_RESOLUTION,,,TRANSFER_TIMELINE,YES,Current loan requires owner and return-date evidence,GER3,SC Fortuna Köln,92,Romeo Aigbekaen,795387,2004-06-22,277288,76058,1376425,1376444,DOB_NAME,https://www.transfermarkt.de/sc-fortuna-koln/kader/verein/92/saison_id/2026/plus/1,c255b2b753fa967f4c2eb7cdee0e0a6e7bb7b0e3c371fdcdfc7a8694476b2be0,2026-09-12
FM27-4e7f7b03a9929d5531a17513,,AWAITING_EXTERNAL_RESOLUTION,,,TRANSFER_TIMELINE,YES,Current loan requires owner and return-date evidence,GER3,SC Preußen Münster,91,Wesley Adeh,1074523,2007-01-08,280811,75461,1376271,1376419,DOB_NAME,https://www.transfermarkt.de/preussen-munster/kader/verein/91/saison_id/2026/plus/1,358c233225c0f06e8cc0ea5bfec52949f3501471b53e29edc807611cd04332ae,2026-09-12
FM27-d63022aab862d78ef39cc262,,AWAITING_EXTERNAL_RESOLUTION,,,TRANSFER_TIMELINE,YES,No unique confirmed permanent event for changed native club,GER3,SC Verl,93,Raphael Araoye,1025912,2004-11-21,24144,277746,917555,1376406,DOB_NAME,https://www.transfermarkt.de/sc-verl/kader/verein/93/saison_id/2026/plus/1,bd69b9b6c3fd17e062c0bf50a17563b42a98d2c42534eeab1330ee7efa38071a,2026-09-12
FM27-37821f6c507a7aec5d87d733,,AWAITING_EXTERNAL_RESOLUTION,,,TRANSFER_TIMELINE,YES,No unique confirmed permanent event for changed native club,GER3,SV Waldhof Mannheim 07,85,Lovis Bierschenk,894687,2005-05-22,280344,0,1376259,1376301,DOB_NAME,https://www.transfermarkt.de/sv-waldhof-mannheim/kader/verein/85/saison_id/2026/plus/1,34e998eba6b950fe72d328e27cb46b4a4d1c4b3c218c58557f9db9a44925ae39,2026-09-12
FM27-0e2d3f9bdc2ae414ec365884,,AWAITING_EXTERNAL_RESOLUTION,,,TRANSFER_TIMELINE,YES,No unique confirmed permanent event for changed native club,GER3,SV Waldhof Mannheim 07,85,Vincent Thill,316760,2000-02-04,203211,234317,331829,1376301,DOB_NAME,https://www.transfermarkt.de/sv-waldhof-mannheim/kader/verein/85/saison_id/2026/plus/1,34e998eba6b950fe72d328e27cb46b4a4d1c4b3c218c58557f9db9a44925ae39,2026-09-12
FM27-36688177e6b9c8a1074ae3c1,,AWAITING_EXTERNAL_RESOLUTION,,,TRANSFER_TIMELINE,YES,No unique confirmed permanent event for changed native club,GER3,TSG 1899 Hoffenheim,983,Oskar Hencke,1291755,2007-10-02,266703,0,1376438,1376433,DOB_NAME,https://www.transfermarkt.de/tsg-1899-hoffenheim-ii/kader/verein/983/saison_id/2026/plus/1,ab3835df09261faf7ddd2ed9c07b00f74ba9f141891a5f719f13e9b204f6234d,2026-09-12
FM27-80a966f061ae4886d5462ffb,,AWAITING_EXTERNAL_RESOLUTION,,,TRANSFER_TIMELINE,YES,Current loan requires owner and return-date evidence,GER3,TSV Alemannia Aachen,8,Kacper Koscierski,1058515,2007-06-23,275305,78776,1376273,1376276,DOB_NAME,https://www.transfermarkt.de/alemannia-aachen/kader/verein/8/saison_id/2026/plus/1,d50319c6c39283dd66c83e32c0e53c0fbab8eb26ba138f0fe6e86b3dfc2b9c0b,2026-09-12
FM27-2edff63b05b060a60c10ec1a,,AWAITING_EXTERNAL_RESOLUTION,,,TRANSFER_TIMELINE,YES,No unique confirmed permanent event for changed native club,GER3,TSV Alemannia Aachen,8,Petros Bagkalianis,609648,2001-02-06,105233,270009,1454082,1376276,DOB_NAME,https://www.transfermarkt.de/alemannia-aachen/kader/verein/8/saison_id/2026/plus/1,d50319c6c39283dd66c83e32c0e53c0fbab8eb26ba138f0fe6e86b3dfc2b9c0b,2026-09-12
FM27-944ff0d9f835811bad952b68,,AWAITING_EXTERNAL_RESOLUTION,,,TRANSFER_TIMELINE,YES,Current loan requires owner and return-date evidence,GER3,TSV Havelse 1912,476,Alexander Guiddir,1292676,2006-12-12,101936,0,1376888,1376539,DOB_NAME,https://www.transfermarkt.de/tsv-havelse/kader/verein/476/saison_id/2026/plus/1,b4490298444b6e31458c6e927b4ab3fff5378977e083c471be7a43b9938c0f59,2026-09-12
FM27-e3c78f3bb91f4c5bff19a64c,,AWAITING_EXTERNAL_RESOLUTION,,,TRANSFER_TIMELINE,YES,Current loan requires owner and return-date evidence,GER3,TSV Havelse 1912,476,Eric Voufack,452563,2001-09-25,16802,251323,856113,1376539,DOB_NAME,https://www.transfermarkt.de/tsv-havelse/kader/verein/476/saison_id/2026/plus/1,b4490298444b6e31458c6e927b4ab3fff5378977e083c471be7a43b9938c0f59,2026-09-12
FM27-479574459f81b0ade32cdd54,,AWAITING_EXTERNAL_RESOLUTION,,,TRANSFER_TIMELINE,YES,Current loan requires owner and return-date evidence,GER3,VfB Stuttgart,102,Jonathan Akaegbobi,905404,2006-04-25,275318,74561,1376273,1376272,DOB_NAME,https://www.transfermarkt.de/vfb-stuttgart-ii/kader/verein/102/saison_id/2026/plus/1,282836c83b3d06fc536ab783944214e6762cd5b47e8b5db9908690b0565ef593,2026-09-12
FM27-eba20fa2933eacedc4ea1b07,,AWAITING_EXTERNAL_RESOLUTION,,,TRANSFER_TIMELINE,YES,Current loan requires owner and return-date evidence,ITA1,AC Monza,2919,Yvan Maye,1041129,2006-03-21,278124,0,1769481,1769533,DOB_NAME,https://www.transfermarkt.de/ac-monza/kader/verein/2919/saison_id/2026/plus/1,8f193279202724cc57a68a08441deb0fe889b73d8d97804595e81268516bfe10,2026-09-12
FM27-a1299c8d8bc5affeaeaa719f,,AWAITING_EXTERNAL_RESOLUTION,,,TRANSFER_TIMELINE,YES,Current loan requires owner and return-date evidence,ITA1,Cagliari Calcio,1390,Alessandro Romano,911224,2006-06-17,278498,0,1769476,1769480,DOB_NAME,https://www.transfermarkt.de/cagliari-calcio/kader/verein/1390/saison_id/2026/plus/1,4d01f720bf6b2fb484bfc759a9f95eef9ef2c8d8f167551e1c287b989aa09415,2026-09-12
FM27-0935ae4e6f49177f34f25bd1,,AWAITING_EXTERNAL_RESOLUTION,,,TRANSFER_TIMELINE,YES,No unique confirmed permanent event for changed native club,ITA1,Como 1907,1047,Adrian Lahdo,1231993,2007-12-26,187814,75126,3014661,1769516,DOB_NAME,https://www.transfermarkt.de/como-1907/kader/verein/1047/saison_id/2026/plus/1,1f259087599c65750b2257df008378cf4b410dc38125151fd739b58162c63ff3,2026-09-12
FM27-c4fecd9487fd4c3af8b37738,,AWAITING_EXTERNAL_RESOLUTION,,,TRANSFER_TIMELINE,YES,Current loan requires owner and return-date evidence,ITA1,Frosinone Calcio,8970,Daniel Bîrligea,468192,2000-04-19,274071,266728,2555909,1769528,DOB_NAME,https://www.transfermarkt.de/frosinone-calcio/kader/verein/8970/saison_id/2026/plus/1,a104cee425f087aec46f2bde8eae8e0ec4f532d7e3edc12039ec6bf4b78c5a16,2026-09-12
FM27-f7ba611da4c3f3a26b1d0d0c,,AWAITING_EXTERNAL_RESOLUTION,,,TRANSFER_TIMELINE,YES,No unique confirmed permanent event for changed native club,ITA1,Frosinone Calcio,8970,Seydou Fini,866250,2006-06-02,285854,278350,1769510,1769528,DOB_NAME,https://www.transfermarkt.de/frosinone-calcio/kader/verein/8970/saison_id/2026/plus/1,a104cee425f087aec46f2bde8eae8e0ec4f532d7e3edc12039ec6bf4b78c5a16,2026-09-12
FM27-dd6aafa7691dfa93c0f2b460,,AWAITING_EXTERNAL_RESOLUTION,,,TRANSFER_TIMELINE,YES,Current loan requires owner and return-date evidence,ITA1,Genua CFC,252,Robinho Junior,1355385,2007-12-17,222665,0,3538955,1769510,DOB_NAME,https://www.transfermarkt.de/genua-cfc/kader/verein/252/saison_id/2026/plus/1,28831c70a8bf2f1d0e0c5e7801240ba62008e42be2eb8761306fafe7c05e7da1,2026-09-12
FM27-48a39e80ae92bb0ecad7ca9a,,AWAITING_EXTERNAL_RESOLUTION,,,TRANSFER_TIMELINE,YES,No unique confirmed permanent event for changed native club,ITA1,Genua CFC,252,Tommaso Baldanzi,641537,2003-03-23,278488,269312,1769476,1769510,DOB_NAME,https://www.transfermarkt.de/genua-cfc/kader/verein/252/saison_id/2026/plus/1,28831c70a8bf2f1d0e0c5e7801240ba62008e42be2eb8761306fafe7c05e7da1,2026-09-12
FM27-31236c38e3cbd02d05229c92,,AWAITING_EXTERNAL_RESOLUTION,,,TRANSFER_TIMELINE,YES,Current loan requires owner and return-date evidence,ITA1,Parma Calcio 1913,130,Thomás De Martis,1231230,2008-06-26,213189,0,3407882,1769475,DOB_NAME,https://www.transfermarkt.de/parma-calcio-1913/kader/verein/130/saison_id/2026/plus/1,9f4513b041b1eea32272df127e8d7647766a65bc4faf13d5feb5409749e2d01f,2026-09-12
FM27-d775ee38452dd016667665e1,,AWAITING_EXTERNAL_RESOLUTION,,,TRANSFER_TIMELINE,YES,No unique confirmed permanent event for changed native club,ITA1,US Lecce,1005,Sadik Fofana,644613,2003-05-16,273729,263949,262147,1769483,DOB_NAME,https://www.transfermarkt.de/us-lecce/kader/verein/1005/saison_id/2026/plus/1,f70b73ab0beef18f4707e1b846172f928bd484c8e6abc3aab35570487739b4bc,2026-09-12
FM27-aa7b5401c864d532eb81fe50,,AWAITING_EXTERNAL_RESOLUTION,,,TRANSFER_TIMELINE,YES,Current loan requires owner and return-date evidence,ITA1,US Sassuolo,6574,Kieron Bowie,647280,2002-09-21,288596,257104,2752519,1769542,DOB_NAME,https://www.transfermarkt.de/us-sassuolo/kader/verein/6574/saison_id/2026/plus/1,686b0eaeb9362b4d66f8cc3a3779bc587286eed50ca422d498380ecfd974ed38,2026-09-12
FM27-07f244c71b4ddabc8a1b6fc8,,AWAITING_EXTERNAL_RESOLUTION,,,TRANSFER_TIMELINE,YES,No unique confirmed permanent event for changed native club,ITA1,Udinese Calcio,410,Juan Arizala,1118347,2005-10-10,231683,275647,3670021,1769488,VERIFIED_PRIOR_TM_BRIDGE,https://www.transfermarkt.de/udinese-calcio/kader/verein/410/saison_id/2026/plus/1,7fdfe70ee199497c7c8bba7f008dea4b0f8e1ab4fec8c51d19f4eb9f681c5506,2026-09-12
FM27-fe2e0afe3f124957983b7a2d,,AWAITING_EXTERNAL_RESOLUTION,,,TRANSFER_TIMELINE,YES,No unique confirmed permanent event for changed native club,ITA1,Venezia FC,607,Lamine Fanne,1126888,2004-01-30,266864,275067,917539,1769500,DOB_NAME,https://www.transfermarkt.de/venezia-fc/kader/verein/607/saison_id/2026/plus/1,d88fc7110893de0f0661e79b4c48d86142d14d93f73bc112159c1995caefb0e9,2026-09-12
FM27-fd8831e29622ad43e6854a98,,AWAITING_EXTERNAL_RESOLUTION,,,TRANSFER_TIMELINE,YES,No unique confirmed permanent event for changed native club,ITA1,Venezia FC,607,Lion Lauberbach,307800,1998-02-15,235705,239418,458787,1769500,DOB_NAME,https://www.transfermarkt.de/venezia-fc/kader/verein/607/saison_id/2026/plus/1,d88fc7110893de0f0661e79b4c48d86142d14d93f73bc112159c1995caefb0e9,2026-09-12
FM27-fc655143916c530423ec18fd,,AWAITING_EXTERNAL_RESOLUTION,,,TRANSFER_TIMELINE,YES,No unique confirmed permanent event for changed native club,ITA1,Venezia FC,607,Simone Panada,487836,2002-06-02,282300,270126,1769477,1769500,DOB_NAME,https://www.transfermarkt.de/venezia-fc/kader/verein/607/saison_id/2026/plus/1,d88fc7110893de0f0661e79b4c48d86142d14d93f73bc112159c1995caefb0e9,2026-09-12
FM27-2755f791761e60b650ee480c,,AWAITING_EXTERNAL_RESOLUTION,,,TRANSFER_TIMELINE,YES,No unique confirmed permanent event for changed native club,NED1,ADO Den Haag,1268,Jalen Hawkins,433091,2001-01-24,136516,256877,2228245,2228225,DOB_NAME,https://www.transfermarkt.de/ado-den-haag/kader/verein/1268/saison_id/2026/plus/1,474b264b880fdda2bb882ff0c9f03309d423ae1b25e36c87a1da879d192c71b0,2026-09-12
FM27-317b12f864f0fa8dcfedb5eb,,AWAITING_EXTERNAL_RESOLUTION,,,TRANSFER_TIMELINE,YES,No unique confirmed permanent event for changed native club,NED1,ADO Den Haag,1268,Pascal Mulder,460619,1999-01-19,136521,0,2228245,2228225,DOB_NAME,https://www.transfermarkt.de/ado-den-haag/kader/verein/1268/saison_id/2026/plus/1,474b264b880fdda2bb882ff0c9f03309d423ae1b25e36c87a1da879d192c71b0,2026-09-12
FM27-5bea8a0cd31b37336c43573e,,AWAITING_EXTERNAL_RESOLUTION,,,TRANSFER_TIMELINE,YES,Current loan requires owner and return-date evidence,NED1,Ajax Amsterdam,610,Tolu Arokodare,683571,2000-11-23,23757,258911,917547,2228227,VERIFIED_PRIOR_TM_BRIDGE,https://www.transfermarkt.de/ajax-amsterdam/kader/verein/610/saison_id/2026/plus/1,f5e17e90fd0fa7a2962da880b80d3f5be8fc736c45ff9203a638be8e951725f8,2026-09-12
FM27-00c9a7c35e46f7b95415101a,,AWAITING_EXTERNAL_RESOLUTION,,,TRANSFER_TIMELINE,YES,No unique confirmed permanent event for changed native club,NED1,FC Utrecht,200,Ferdinand Pohl,1041648,2007-02-02,277082,0,1376261,2228241,DOB_NAME,https://www.transfermarkt.de/fc-utrecht/kader/verein/200/saison_id/2026/plus/1,30172180fe0b90bafc4f2d8225a407eb91445c75b04c67bdb0bfe6d096d2e552,2026-09-12
FM27-3f5695161da45837dadf7d0e,,AWAITING_EXTERNAL_RESOLUTION,,,TRANSFER_TIMELINE,YES,Current loan requires owner and return-date evidence,NED1,Fortuna Sittard,385,Rodrigo Guth,492313,2000-11-10,212258,263556,3407896,2228247,DOB_NAME,https://www.transfermarkt.de/fortuna-sittard/kader/verein/385/saison_id/2026/plus/1,3459b44bdebecde47d2a1440be82d9c09e8f120a342ec34fc969ad1288f64fcd,2026-09-12
FM27-82b9e1b394f35f5e25e60e87,,AWAITING_EXTERNAL_RESOLUTION,,,TRANSFER_TIMELINE,YES,No unique confirmed permanent event for changed native club,NED1,Go Ahead Eagles Deventer,1435,Eus Waayers,921306,2006-04-08,291543,80351,2228236,2228248,DOB_NAME,https://www.transfermarkt.de/go-ahead-eagles-deventer/kader/verein/1435/saison_id/2026/plus/1,9dde8a1e8b910be129c1938f1ab5cb614c94aaafe9ae1f3969e144108e3149a1,2026-09-12
FM27-9a3a797472a9df3b64462642,,AWAITING_EXTERNAL_RESOLUTION,,,TRANSFER_TIMELINE,YES,No unique confirmed permanent event for changed native club,NED1,SC Cambuur Leeuwarden,133,Ethan Apkakou,1178714,2006-10-15,288758,0,1179665,2228253,DOB_NAME,https://www.transfermarkt.de/sc-cambuur-leeuwarden/kader/verein/133/saison_id/2026/plus/1,d35d182879e0c29fde9680e0bd938bd8a58eee080d1c036222e78600c9bbc8b6,2026-09-12
FM27-80eeed82a6012f2160b3a36c,,AWAITING_EXTERNAL_RESOLUTION,,,TRANSFER_TIMELINE,YES,No unique confirmed permanent event for changed native club,NED1,SC Cambuur Leeuwarden,133,Fabian Kvam,1242714,2005-10-18,143859,0,2359341,2228253,DOB_NAME,https://www.transfermarkt.de/sc-cambuur-leeuwarden/kader/verein/133/saison_id/2026/plus/1,d35d182879e0c29fde9680e0bd938bd8a58eee080d1c036222e78600c9bbc8b6,2026-09-12
FM27-5a351901669245e456b4b134,,AWAITING_EXTERNAL_RESOLUTION,,,TRANSFER_TIMELINE,YES,No unique confirmed permanent event for changed native club,NED1,SC Heerenveen,306,Luca Oyen,551085,2003-03-14,235158,256307,458768,2228234,DOB_NAME,https://www.transfermarkt.de/sc-heerenveen/kader/verein/306/saison_id/2026/plus/1,c5575ac3b7544ec0b6c6c259e7a480f6feb44060499802d16479d9d38d1f4bf6,2026-09-12
FM27-e08f396e6fc94de2438d52bc,,AWAITING_EXTERNAL_RESOLUTION,,,TRANSFER_TIMELINE,YES,Current loan requires owner and return-date evidence,NED1,SC Telstar,1434,Ar'jany Martha,572519,2003-09-04,267780,264221,917551,2228252,DOB_NAME,https://www.transfermarkt.de/sc-telstar/kader/verein/1434/saison_id/2026/plus/1,ae77e5dfbed0657e8ac7db9c5bfa54cdae9a9aa41389f9224cb5b1406e993f05,2026-09-12
FM27-96bd51dd4a1e2e5529346545,,AWAITING_EXTERNAL_RESOLUTION,,,TRANSFER_TIMELINE,YES,No unique confirmed permanent event for changed native club,NED1,SC Telstar,1434,Gerald Alders,891854,2005-05-07,295685,76843,2228227,2228252,DOB_NAME,https://www.transfermarkt.de/sc-telstar/kader/verein/1434/saison_id/2026/plus/1,ae77e5dfbed0657e8ac7db9c5bfa54cdae9a9aa41389f9224cb5b1406e993f05,2026-09-12
FM27-6dad7550a5e7d05084ef53c4,,AWAITING_EXTERNAL_RESOLUTION,,,TRANSFER_TIMELINE,YES,No unique confirmed permanent event for changed native club,NED1,SC Telstar,1434,Jelani Seedorf,943592,2004-12-12,290876,81988,2228256,2228252,DOB_NAME,https://www.transfermarkt.de/sc-telstar/kader/verein/1434/saison_id/2026/plus/1,ae77e5dfbed0657e8ac7db9c5bfa54cdae9a9aa41389f9224cb5b1406e993f05,2026-09-12
FM27-49f810fbbc38d20d11181693,,AWAITING_EXTERNAL_RESOLUTION,,,TRANSFER_TIMELINE,YES,Current loan requires owner and return-date evidence,NED1,Willem II Tilburg,403,Chido Obi,1042886,2007-11-29,261742,77354,917519,2228239,DOB_NAME,https://www.transfermarkt.de/willem-ii-tilburg/kader/verein/403/saison_id/2026/plus/1,032766443b9dd7e08c2a2a00943278f8412892d9f759e398b82d7ef4e594d0db,2026-09-12
FM27-f94c6661ed64cda0ea5882d4,,AWAITING_EXTERNAL_RESOLUTION,,,TRANSFER_TIMELINE,YES,No unique confirmed permanent event for changed native club,POR1,Académico Viseu FC,7788,André Ceitil,512129,1995-03-11,287999,78986,2494467,2494468,DOB_NAME,https://www.transfermarkt.de/academico-viseu-fc/kader/verein/7788/saison_id/2026/plus/1,340241555ec1793a42690aa5ffe614fb73194989e73960db5786f409bd3783e4,2026-09-12
FM27-f7ae72b5d6593435246cd4b0,,AWAITING_EXTERNAL_RESOLUTION,,,TRANSFER_TIMELINE,YES,Current loan requires owner and return-date evidence,POR1,Académico Viseu FC,7788,Paulinho,842718,1999-09-21,270953,274099,2555910,2494468,DOB_NAME,https://www.transfermarkt.de/academico-viseu-fc/kader/verein/7788/saison_id/2026/plus/1,340241555ec1793a42690aa5ffe614fb73194989e73960db5786f409bd3783e4,2026-09-12
FM27-6c10dbc8468cd93ad773a377,,AWAITING_EXTERNAL_RESOLUTION,,,TRANSFER_TIMELINE,YES,Current loan requires owner and return-date evidence,POR1,Benfica Lissabon,294,Souffian El Karouani,541134,2000-10-19,294870,262473,2228241,2490372,DOB_NAME,https://www.transfermarkt.de/benfica-lissabon/kader/verein/294/saison_id/2026/plus/1,957c9f94e6a34a4cd8987a26892c35f410ec61ced30153d1842a28e3a5d61504,2026-09-12
FM27-f67e9d23972165995d48e82d,,AWAITING_EXTERNAL_RESOLUTION,,,TRANSFER_TIMELINE,YES,Current loan requires owner and return-date evidence,POR1,CD Nacional,982,Daniel de la Cruz,981484,2004-03-06,232981,74515,3735557,2490378,DOB_NAME,https://www.transfermarkt.de/cd-nacional/kader/verein/982/saison_id/2026/plus/1,85c1a326ea7d9109ff431c2a95c9c0488100e0183b1e7c799d926c40ecb8dba6,2026-09-12
FM27-3b738acc3b58b70385bf3f54,,AWAITING_EXTERNAL_RESOLUTION,,,TRANSFER_TIMELINE,YES,No unique confirmed permanent event for changed native club,POR1,CD Santa Clara,2423,Gonçalo Paciência,181547,1994-08-01,222786,216452,3538985,2490388,DOB_NAME,https://www.transfermarkt.de/cd-santa-clara/kader/verein/2423/saison_id/2026/plus/1,996787cc90623dddfd5c425ca2df6aae95f8fd62b8b5cfb03677a214be6550e2,2026-09-12
FM27-1958c155a2831c18d6f63eb4,,AWAITING_EXTERNAL_RESOLUTION,,,TRANSFER_TIMELINE,YES,No unique confirmed permanent event for changed native club,POR1,CD Santa Clara,2423,Guilherme Romão,519879,1997-10-07,223057,0,3539013,2490388,DOB_NAME,https://www.transfermarkt.de/cd-santa-clara/kader/verein/2423/saison_id/2026/plus/1,996787cc90623dddfd5c425ca2df6aae95f8fd62b8b5cfb03677a214be6550e2,2026-09-12
FM27-7dd19a7dfd273fc77734f479,,AWAITING_EXTERNAL_RESOLUTION,,,TRANSFER_TIMELINE,YES,No unique confirmed permanent event for changed native club,POR1,CD Santa Clara,2423,Welinton Torrão,687361,1999-06-30,223956,0,3552671,2490388,DOB_NAME,https://www.transfermarkt.de/cd-santa-clara/kader/verein/2423/saison_id/2026/plus/1,996787cc90623dddfd5c425ca2df6aae95f8fd62b8b5cfb03677a214be6550e2,2026-09-12
FM27-42b246bebdfda6f4cc30fe74,,AWAITING_EXTERNAL_RESOLUTION,,,TRANSFER_TIMELINE,YES,No unique confirmed permanent event for changed native club,POR1,CF Estrela Amadora,2431,Eddy Doué,1159661,2005-12-11,283485,0,1179663,2490394,DOB_NAME,https://www.transfermarkt.de/cf-estrela-amadora/kader/verein/2431/saison_id/2026/plus/1,518e3a2e95f5774700d01db49dd50f80d4ccbc790493950412b68c785a7de654,2026-09-12
FM27-c1499b9efbcd99f3b3e6959d,,AWAITING_EXTERNAL_RESOLUTION,,,TRANSFER_TIMELINE,YES,No unique confirmed permanent event for changed native club,POR1,CF Estrela Amadora,2431,Kevin Höög Jansson,626854,2000-09-29,188296,254514,3014673,2490394,DOB_NAME,https://www.transfermarkt.de/cf-estrela-amadora/kader/verein/2431/saison_id/2026/plus/1,518e3a2e95f5774700d01db49dd50f80d4ccbc790493950412b68c785a7de654,2026-09-12
FM27-5e9624034d1c42b1f1aaaa5a,,AWAITING_EXTERNAL_RESOLUTION,,,TRANSFER_TIMELINE,YES,No unique confirmed permanent event for changed native club,POR1,CF Estrela Amadora,2431,Léo Linck,742034,2001-03-03,221334,0,3538945,2490394,DOB_NAME,https://www.transfermarkt.de/cf-estrela-amadora/kader/verein/2431/saison_id/2026/plus/1,518e3a2e95f5774700d01db49dd50f80d4ccbc790493950412b68c785a7de654,2026-09-12
FM27-c071730d62e966d5d9d57551,,AWAITING_EXTERNAL_RESOLUTION,,,TRANSFER_TIMELINE,YES,Current loan requires owner and return-date evidence,POR1,CF Estrela Amadora,2431,Rodrigo Dudok,1062317,2007-07-23,243328,0,3932165,2490394,DOB_NAME,https://www.transfermarkt.de/cf-estrela-amadora/kader/verein/2431/saison_id/2026/plus/1,518e3a2e95f5774700d01db49dd50f80d4ccbc790493950412b68c785a7de654,2026-09-12
FM27-913437793a917d9d477779ea,,AWAITING_EXTERNAL_RESOLUTION,,,TRANSFER_TIMELINE,YES,No unique confirmed permanent event for changed native club,POR1,CS Marítimo,1301,Alfonso Pastor,537367,2000-10-04,286992,259530,2490381,2490376,DOB_NAME,https://www.transfermarkt.de/cs-maritimo/kader/verein/1301/saison_id/2026/plus/1,5cfc233404ec9b89440eac630270b3e1ade7aaa468abf0d7c72a774e94f85e1b,2026-09-12
FM27-2017caa6c2c4cd8716cc8cc8,,AWAITING_EXTERNAL_RESOLUTION,,,TRANSFER_TIMELINE,YES,Current loan requires owner and return-date evidence,POR1,CS Marítimo,1301,Gábor Szalai,830057,2000-06-09,107257,275644,1507348,2490376,DOB_NAME,https://www.transfermarkt.de/cs-maritimo/kader/verein/1301/saison_id/2026/plus/1,5cfc233404ec9b89440eac630270b3e1ade7aaa468abf0d7c72a774e94f85e1b,2026-09-12
FM27-d355c939fad636a10f493574,,AWAITING_EXTERNAL_RESOLUTION,,,TRANSFER_TIMELINE,YES,No unique confirmed permanent event for changed native club,POR1,CS Marítimo,1301,José Melro,939765,2004-05-26,288149,0,2490372,2490376,DOB_NAME,https://www.transfermarkt.de/cs-maritimo/kader/verein/1301/saison_id/2026/plus/1,5cfc233404ec9b89440eac630270b3e1ade7aaa468abf0d7c72a774e94f85e1b,2026-09-12
FM27-ad59c0f319e8cac0453cd63f,,AWAITING_EXTERNAL_RESOLUTION,,,TRANSFER_TIMELINE,YES,No unique confirmed permanent event for changed native club,POR1,FC Alverca,2521,Lucca Giuntini,1307181,2005-12-07,154841,0,2494483,2490393,DOB_NAME,https://www.transfermarkt.de/fc-alverca/kader/verein/2521/saison_id/2026/plus/1,7f5d01cde12ec5554a0cdae5ccc699031abd54d7e473e99ebf2c44e9a519b8ae,2026-09-12
FM27-2791ce24abd367071604400c,,AWAITING_EXTERNAL_RESOLUTION,,,TRANSFER_TIMELINE,YES,No unique confirmed permanent event for changed native club,POR1,FC Alverca,2521,Zakaria Kassary,1245251,2006-01-25,15944,0,8466434,2490393,DOB_NAME,https://www.transfermarkt.de/fc-alverca/kader/verein/2521/saison_id/2026/plus/1,7f5d01cde12ec5554a0cdae5ccc699031abd54d7e473e99ebf2c44e9a519b8ae,2026-09-12
FM27-388419e764f5540974879953,,AWAITING_EXTERNAL_RESOLUTION,,,TRANSFER_TIMELINE,YES,No unique confirmed permanent event for changed native club,POR1,FC Arouca,8024,Ignacio de Arruabarrena,367651,1997-01-16,233111,259872,3735553,2494470,DOB_NAME,https://www.transfermarkt.de/fc-arouca/kader/verein/8024/saison_id/2026/plus/1,6d5fb999d4383d6530153089e5d24d04871a61220be98a161a65baf303fba2ae,2026-09-12
FM27-368a9fc1c791742490596b81,,AWAITING_EXTERNAL_RESOLUTION,,,TRANSFER_TIMELINE,YES,No unique confirmed permanent event for changed native club,POR1,Gil Vicente FC,2424,Héctor Hernández,273738,1995-09-14,221828,214942,3538959,2490375,DOB_NAME,https://www.transfermarkt.de/gil-vicente-fc/kader/verein/2424/saison_id/2026/plus/1,e615ed113cbf0012df4490859c154266a50a72247c7f67c260f2f4ab6c49e4d1,2026-09-12
FM27-8f9ac327321fd28ac2752ca4,,AWAITING_EXTERNAL_RESOLUTION,,,TRANSFER_TIMELINE,YES,No unique confirmed permanent event for changed native club,POR1,Gil Vicente FC,2424,Weverson,412367,2000-07-05,221582,257969,3538968,2490375,DOB_NAME,https://www.transfermarkt.de/gil-vicente-fc/kader/verein/2424/saison_id/2026/plus/1,e615ed113cbf0012df4490859c154266a50a72247c7f67c260f2f4ab6c49e4d1,2026-09-12
FM27-aec99bbe12ca35643390256e,,AWAITING_EXTERNAL_RESOLUTION,,,TRANSFER_TIMELINE,YES,No unique confirmed permanent event for changed native club,POR1,Moreirense FC,979,Afonso Vieira,958931,2007-01-12,286679,0,2490397,2490377,DOB_NAME,https://www.transfermarkt.de/moreirense-fc/kader/verein/979/saison_id/2026/plus/1,9aa16aff197b371e36892b5321c0c1db769f09802a8338c111eb56304e7798bc,2026-09-12
FM27-291d9cefd53be1e90e00ff77,,AWAITING_EXTERNAL_RESOLUTION,,,TRANSFER_TIMELINE,YES,Current loan requires owner and return-date evidence,POR1,Moreirense FC,979,Aranha,1093863,2005-02-07,221428,0,3538952,2490377,DOB_NAME,https://www.transfermarkt.de/moreirense-fc/kader/verein/979/saison_id/2026/plus/1,9aa16aff197b371e36892b5321c0c1db769f09802a8338c111eb56304e7798bc,2026-09-12
FM27-5b5942d167ea7c8d4a43a49e,,AWAITING_EXTERNAL_RESOLUTION,,,TRANSFER_TIMELINE,YES,No unique confirmed permanent event for changed native club,POR1,Rio Ave FC,2425,Diogo Bezerra,947404,2002-07-16,270191,0,3342339,2490381,DOB_NAME,https://www.transfermarkt.de/rio-ave-fc/kader/verein/2425/saison_id/2026/plus/1,37a8a108e9b2165ce80a23cc2e2c874e6dbc5c341de869d1bdffc8cd3bf8f10c,2026-09-12
FM27-0dd69e5f90d68ed63e26741c,,AWAITING_EXTERNAL_RESOLUTION,,,TRANSFER_TIMELINE,YES,No unique confirmed permanent event for changed native club,POR1,Rio Ave FC,2425,Gustavo Mancha,1082582,2004-07-25,104502,81324,1441800,2490381,DOB_NAME,https://www.transfermarkt.de/rio-ave-fc/kader/verein/2425/saison_id/2026/plus/1,37a8a108e9b2165ce80a23cc2e2c874e6dbc5c341de869d1bdffc8cd3bf8f10c,2026-09-12
FM27-7f292f403ed58269ccc15e98,,AWAITING_EXTERNAL_RESOLUTION,,,TRANSFER_TIMELINE,YES,No unique confirmed permanent event for changed native club,TUR1,Alanyaspor,11282,Bilal Demirağ,1223297,2009-04-27,201523,0,3145864,3145783,DOB_NAME,https://www.transfermarkt.de/alanyaspor/kader/verein/11282/saison_id/2026/plus/1,433f3e66ff8083db45d3eda79b081cc9c234137060d5070be407da48d877ae43,2026-09-12
FM27-14fffbfe3613997d7d03846c,,AWAITING_EXTERNAL_RESOLUTION,,,TRANSFER_TIMELINE,YES,No unique confirmed permanent event for changed native club,TUR1,Amed SK,12382,Cem Üstündag,445623,2001-01-20,200114,271002,3145843,3145856,DOB_NAME,https://www.transfermarkt.de/amed-sk/kader/verein/12382/saison_id/2026/plus/1,1c63291a94e83ca8d551f2c91a8979d5cadd6cad24fc5cbcdc3500f54ff03b8e,2026-09-12
FM27-b1dba31603d8d80c18fa8fe6,,AWAITING_EXTERNAL_RESOLUTION,,,TRANSFER_TIMELINE,YES,No unique confirmed permanent event for changed native club,TUR1,Corum FK,37951,Ahmed Ildız,226169,1996-11-28,200031,238587,3145820,3149867,DOB_NAME,https://www.transfermarkt.de/corum-fk/kader/verein/37951/saison_id/2026/plus/1,09798c50638e371505f186cb7a6cb29472c2df6e777856de0739225fb6d74803,2026-09-12
FM27-0d26ca7cc05486014d555c53,,AWAITING_EXTERNAL_RESOLUTION,,,TRANSFER_TIMELINE,YES,No unique confirmed permanent event for changed native club,TUR1,Corum FK,37951,Fredy,87854,1990-03-27,200488,193461,3149900,3149867,DOB_NAME,https://www.transfermarkt.de/corum-fk/kader/verein/37951/saison_id/2026/plus/1,09798c50638e371505f186cb7a6cb29472c2df6e777856de0739225fb6d74803,2026-09-12
FM27-7c714c05abf29b0dd47ade72,,AWAITING_EXTERNAL_RESOLUTION,,,TRANSFER_TIMELINE,YES,No unique confirmed permanent event for changed native club,TUR1,Corum FK,37951,Mame Thiam,163053,1992-10-09,199975,217007,3145777,3149867,DOB_NAME,https://www.transfermarkt.de/corum-fk/kader/verein/37951/saison_id/2026/plus/1,09798c50638e371505f186cb7a6cb29472c2df6e777856de0739225fb6d74803,2026-09-12
FM27-2102680d865113aa47e5572a,,AWAITING_EXTERNAL_RESOLUTION,,,TRANSFER_TIMELINE,YES,No unique confirmed permanent event for changed native club,TUR1,Eyüpspor,7160,Lenny Pintor,418660,2000-08-05,271547,240941,262159,3145777,DOB_NAME,https://www.transfermarkt.de/eyupspor/kader/verein/7160/saison_id/2026/plus/1,f4f3375da68b82c3bad1b9efcd11d29ed67584c0d829b173c80cc388820bec9c,2026-09-12
FM27-4aa4495b397d5dce30a1f0ed,,AWAITING_EXTERNAL_RESOLUTION,,,TRANSFER_TIMELINE,YES,No unique confirmed permanent event for changed native club,TUR1,Eyüpspor,7160,Umut Keseci,1045821,2004-02-05,201527,0,3145864,3145777,DOB_NAME,https://www.transfermarkt.de/eyupspor/kader/verein/7160/saison_id/2026/plus/1,f4f3375da68b82c3bad1b9efcd11d29ed67584c0d829b173c80cc388820bec9c,2026-09-12
FM27-146a1d5069e3b379a5f8fc39,,AWAITING_EXTERNAL_RESOLUTION,,,TRANSFER_TIMELINE,YES,No unique confirmed permanent event for changed native club,TUR1,Galatasaray,141,Armando Güner,1070983,2008-01-07,279872,0,1376263,3145825,VERIFIED_PRIOR_TM_BRIDGE,https://www.transfermarkt.de/galatasaray/kader/verein/141/saison_id/2026/plus/1,66f1195fdd6d32bc947bb726ca4925adf5e39b928cebbb291569108f880a8f16,2026-09-12
FM27-80751647d7d87674c9a404d6,,AWAITING_EXTERNAL_RESOLUTION,,,TRANSFER_TIMELINE,YES,Current loan requires owner and return-date evidence,TUR1,Göztepe,1467,Richard Akonnor,1081721,2004-02-06,85463,0,12451844,3145820,DOB_NAME,https://www.transfermarkt.de/goztepe/kader/verein/1467/saison_id/2026/plus/1,7e750ea20c17f8114b86f2de82ca9a2830fe95988c05d73fe5e72a2f70c29e0f,2026-09-12
FM27-3eb1a1e9b96eb20cba25e88b,,AWAITING_EXTERNAL_RESOLUTION,,,TRANSFER_TIMELINE,YES,No unique confirmed permanent event for changed native club,TUR1,Kasimpasa,10484,Kamil Ahmet Çörekçi,110686,1992-02-01,200582,199683,3145814,3145843,DOB_NAME,https://www.transfermarkt.de/kasimpasa/kader/verein/10484/saison_id/2026/plus/1,c67384cb86e5ab0489a71469deab8847f74c6c6c97729fe8853bfdf343f41060,2026-09-12
FM27-e1a7063a07d0a4811c39c884,,AWAITING_EXTERNAL_RESOLUTION,,,TRANSFER_TIMELINE,YES,No unique confirmed permanent event for changed native club,TUR1,Konyaspor,2293,Diogo Gonçalves,258015,1997-02-06,299970,231390,6225931,3145839,DOB_NAME,https://www.transfermarkt.de/konyaspor/kader/verein/2293/saison_id/2026/plus/1,069dc7281d9365629f14ccbc97a6efb86e052d5f21328d42e8d7b49edfa417e6,2026-09-12
FM27-ea6e2f6e100bd9c0ad6a8541,,AWAITING_EXTERNAL_RESOLUTION,,,TRANSFER_TIMELINE,YES,No unique confirmed permanent event for changed native club,TUR1,Trabzonspor,449,Chibuike Nwaiwu,985825,2003-07-23,266377,74981,262193,3145826,DOB_NAME,https://www.transfermarkt.de/trabzonspor/kader/verein/449/saison_id/2026/plus/1,46d6b6df3f94c27fce5372bec00addc6ddbe5736f874af98f7a926a67acd515f,2026-09-12
FM27-6aded435fa79092151c393f1,,AWAITING_EXTERNAL_RESOLUTION,,,TYPED_CONDITION,YES,Existing native loan condition requires verified current owner and return chronology,BEL1,Royal Charleroi SC,172,Triston Rowe,984593,2006-10-02,280015,78113,1193182,458761,DOB_NAME,https://www.transfermarkt.de/royal-charleroi-sc/kader/verein/172/saison_id/2026/plus/1,be345af7e14ab40246420c64e873b34283e56e8aafa6f5b344acf44cf11dfec1,2026-09-12
FM27-b2018033704f9daa0b79b9ea,,AWAITING_EXTERNAL_RESOLUTION,,,TYPED_CONDITION,YES,Existing native loan condition requires verified current owner and return chronology,CZE1,FC Banik Ostrau,377,Filip Sancl,1045167,2005-06-23,11574,0,790538,786446,DOB_NAME,https://www.transfermarkt.de/fc-banik-ostrau/kader/verein/377/saison_id/2026/plus/1,3717000ca143110b9cff7bc66843b5e54104cdaa75d0e196220c4e77c8b4d611,2026-09-12
FM27-548f8180244cbff767d3df19,,AWAITING_EXTERNAL_RESOLUTION,,,TYPED_CONDITION,YES,Existing native loan condition requires verified current owner and return chronology,CZE1,FK Pardubice,1496,Ales Mandous,240536,1992-04-21,11317,263286,786434,790538,DOB_NAME,https://www.transfermarkt.de/fk-pardubice/kader/verein/1496/saison_id/2026/plus/1,ff994ed3554101d4e2a5377d206e013ac142ca4f73f68a0c406e2cc0d305e0ef,2026-09-12
FM27-71f37dcf6424f2eabf50b246,,AWAITING_EXTERNAL_RESOLUTION,,,TYPED_CONDITION,YES,Existing native loan condition requires verified current owner and return chronology,CZE1,SK Artis Brünn,24325,Emmanuel Fully,1174744,2006-03-20,295816,0,786441,790564,DOB_NAME,https://www.transfermarkt.de/sk-artis-brunn/kader/verein/24325/saison_id/2026/plus/1,587a867b1b6398028de49094330bc2934f1e7245d3ee79f2003e9ffe6410ac9f,2026-09-12
FM27-306b37e9af41226c2c53ded3,,AWAITING_EXTERNAL_RESOLUTION,,,TYPED_CONDITION,YES,Existing native loan condition requires verified current owner and return chronology,CZE1,SK Slavia Prag,62,David Jurásek,500054,2000-08-07,199892,267594,3145824,786441,DOB_NAME,https://www.transfermarkt.de/sk-slavia-prag/kader/verein/62/saison_id/2026/plus/1,ab5b3ad613592069fe87ed798140f18d5a2969fea81a54ddd36b6738aad74f72,2026-09-12
FM27-922c3121e7a27cd5d2aead70,,AWAITING_EXTERNAL_RESOLUTION,,,TYPED_CONDITION,YES,Existing native loan condition requires verified current owner and return chronology,ENG1,Aston Villa,405,Tammy Abraham,331726,1997-10-02,199880,231352,3145824,917506,DOB_NAME,https://www.transfermarkt.de/aston-villa/kader/verein/405/saison_id/2026/plus/1,66b9b7fdd741084e821d291249f5bdc0fe382243be248d861c1137a95e82f15d,2026-09-12
FM27-717a086a3615b7b2ad94acad,APPLY,RESOLVED,Existing staged exact protected-condition delta; no football reinterpretation.,"{""acquisition_date"":"""",""acquisition_event_key"":"""",""acquisition_seller_club_id"":""0"",""acquisition_source"":"""",""acquisition_source_sha256"":"""",""action"":""PRESERVE_PROTECTED_SQUAD"",""contract_until"":""2027-06-30"",""dob"":""1995-04-27"",""fifa_id"":""213697"",""fm_id"":""301431"",""joined"":""2026-01-28"",""loan_end"":"""",""loan_owner_club_id"":""0"",""new_club_id"":""917532"",""old_club_id"":""6239520"",""previous_loan_buy_option"":""0"",""previous_loan_end"":"""",""previous_loan_owner_club_id"":""0"",""previous_loan_start"":"""",""protected_condition_param0"":""0"",""protected_condition_param1"":""0"",""protected_condition_param2"":""0"",""protected_condition_param3"":""1"",""protected_condition_param4"":""0"",""protected_condition_type"":""2"",""shirt_number"":""17"",""snapshot_date"":""2026-09-12"",""source"":""https://www.transfermarkt.de/paddy-mcnair/profil/spieler/167268"",""source_sha256"":""31f360a6a55387b2ac1af2d05c3b2b589e19342c14111afa0500c6fb1f44179d"",""status"":""CONFIRMED"",""team_type"":""FIRST""}",TYPED_CONDITION,YES,"Existing future, retirement, ban, or other condition requires a preserving typed plan",ENG1,Hull City,3008,Paddy McNair,167268,1995-04-27,301431,213697,6239520,917532,DOB_NAME,https://www.transfermarkt.de/hull-city/kader/verein/3008/saison_id/2026/plus/1,95d27e3b77eef2306101f2b6eab92a02d56308a31e0d34299be2fa82dcf331db,2026-09-12
FM27-eccd0a8f0889fd46c0876009,,AWAITING_EXTERNAL_RESOLUTION,,,TYPED_CONDITION,YES,Existing native loan condition requires verified current owner and return chronology,ENG1,Sunderland,289,Jocelin Ta Bi,1322090,2005-02-09,114549,0,1703940,917524,DOB_NAME,https://www.transfermarkt.de/afc-sunderland/kader/verein/289/saison_id/2026/plus/1,bd74ae0019b88eeaf201f5b09382a2f264e6feab18e637371f9e43576b711509,2026-09-12
FM27-ff88d94adb6748dc4f6bc138,APPLY,RESOLVED,Existing staged exact protected-condition delta; no football reinterpretation.,"{""acquisition_date"":"""",""acquisition_event_key"":"""",""acquisition_seller_club_id"":""0"",""acquisition_source"":"""",""acquisition_source_sha256"":"""",""action"":""PRESERVE_PROTECTED_SQUAD"",""contract_until"":""2031-06-30"",""dob"":""2001-01-05"",""fifa_id"":""246340"",""fm_id"":""23316"",""joined"":""2026-09-01"",""loan_end"":""2027-06-30"",""loan_owner_club_id"":""917513"",""new_club_id"":""917514"",""old_club_id"":""917513"",""previous_loan_buy_option"":""0"",""previous_loan_end"":"""",""previous_loan_owner_club_id"":""0"",""previous_loan_start"":"""",""protected_condition_param0"":""0"",""protected_condition_param1"":""2461223"",""protected_condition_param2"":""0"",""protected_condition_param3"":""0"",""protected_condition_param4"":""0"",""protected_condition_type"":""7"",""shirt_number"":""27"",""snapshot_date"":""2026-09-12"",""source"":""https://www.transfermarkt.de/mykhaylo-mudryk/profil/spieler/537860"",""source_sha256"":""0b2b72c6b009136d2ed50d6cbf01e436297919590047c6bb538c772b68ebbf07"",""status"":""CONFIRMED"",""team_type"":""FIRST""}",TYPED_CONDITION,YES,"Existing future, retirement, ban, or other condition requires a preserving typed plan",ENG1,Tottenham Hotspur,148,Mykhaylo Mudryk,537860,2001-01-05,23316,246340,917513,917514,DOB_NAME,https://www.transfermarkt.de/tottenham-hotspur/kader/verein/148/saison_id/2026/plus/1,007fc11048dc50b4cfd2c580b82958bb7cc02f984af0af71c4079e53b5c71390,2026-09-12
FM27-8972043bd61e75ac138b4f3e,APPLY,RESOLVED,Existing staged exact protected-condition delta; no football reinterpretation.,"{""acquisition_date"":"""",""acquisition_event_key"":"""",""acquisition_seller_club_id"":""0"",""acquisition_source"":"""",""acquisition_source_sha256"":"""",""action"":""PRESERVE_PROTECTED_SQUAD"",""contract_until"":""2029-06-30"",""dob"":""2005-02-17"",""fifa_id"":""268622"",""fm_id"":""277070"",""joined"":""2026-09-01"",""loan_end"":""2027-06-30"",""loan_owner_club_id"":""1376261"",""new_club_id"":""2949137"",""old_club_id"":""1376261"",""previous_loan_buy_option"":""0"",""previous_loan_end"":"""",""previous_loan_owner_club_id"":""0"",""previous_loan_start"":"""",""protected_condition_param0"":""2460682"",""protected_condition_param1"":""2460934"",""protected_condition_param2"":""0"",""protected_condition_param3"":""19"",""protected_condition_param4"":""0"",""protected_condition_type"":""1"",""shirt_number"":""24"",""snapshot_date"":""2026-09-12"",""source"":""https://www.transfermarkt.de/jeanuel-belocian/profil/spieler/919515"",""source_sha256"":""8502e19cbe96725c9e9d0424f59c3f95ba4506fd8c390f297058a1ca1fdb6b8a"",""status"":""CONFIRMED"",""team_type"":""FIRST""}",TYPED_CONDITION,YES,"Existing future, retirement, ban, or other condition requires a preserving typed plan",ESP1,Racing Santander,630,Jeanuël Belocian,919515,2005-02-17,277070,268622,1376261,2949137,DOB_NAME,https://www.transfermarkt.de/racing-santander/kader/verein/630/saison_id/2026/plus/1,18a40c3ef461fb12859ab644f10535935a6e0f3b45aa680347aab5a3a4eda60f,2026-09-12
FM27-e1c852485bb75c71d42944bb,,AWAITING_EXTERNAL_RESOLUTION,,,TYPED_CONDITION,YES,"Existing future, retirement, ban, or other condition requires a preserving typed plan",ESP1,UD Levante,3368,Thiago Fernández,1127730,2004-04-03,212122,275205,3407878,2949128,DOB_NAME,https://www.transfermarkt.de/ud-levante/kader/verein/3368/saison_id/2026/plus/1,53cacbbeea38cb2a390a7eeec2d36d336b94cb75602793ff1a9bacce28891775,2026-09-12
FM27-ceec33ada9d0ce5a084aa31b,APPLY,RESOLVED,Existing staged exact protected-condition delta; no football reinterpretation.,"{""acquisition_date"":"""",""acquisition_event_key"":"""",""acquisition_seller_club_id"":""0"",""acquisition_source"":"""",""acquisition_source_sha256"":"""",""action"":""PRESERVE_PROTECTED_SQUAD"",""contract_until"":""2029-06-30"",""dob"":""2002-04-17"",""fifa_id"":""79497"",""fm_id"":""236277"",""joined"":""2026-01-02"",""loan_end"":"""",""loan_owner_club_id"":""0"",""new_club_id"":""1179682"",""old_club_id"":""471041"",""previous_loan_buy_option"":""0"",""previous_loan_end"":"""",""previous_loan_owner_club_id"":""0"",""previous_loan_start"":"""",""protected_condition_param0"":""2460739"",""protected_condition_param1"":""2460950"",""protected_condition_param2"":""0"",""protected_condition_param3"":""16"",""protected_condition_param4"":""0"",""protected_condition_type"":""1"",""shirt_number"":""29"",""snapshot_date"":""2026-09-12"",""source"":""https://www.transfermarkt.de/lucas-bretelle/profil/spieler/941561"",""source_sha256"":""5475241878a66eeb67c3185663635fa6277c400968e40461bf33b3b51cea3776"",""status"":""CONFIRMED"",""team_type"":""FIRST""}",TYPED_CONDITION,YES,"Existing future, retirement, ban, or other condition requires a preserving typed plan",FRA1,FC Le Mans,1164,Lucas Bretelle,941561,2002-04-17,236277,79497,471041,1179682,DOB_NAME,https://www.transfermarkt.de/fc-le-mans/kader/verein/1164/saison_id/2026/plus/1,3a1590b4702d0adc2e4906566f51e78d043b0e625e92b825b4e3d1a572fd483c,2026-09-12
FM27-dc5e8f41abd4968711e95897,,AWAITING_EXTERNAL_RESOLUTION,,,TYPED_CONDITION,YES,Existing native loan condition requires verified current owner and return chronology,GER1,FC Schalke 04,33,Adil Aouchiche,569385,2002-07-15,289289,253102,2752524,1376266,DOB_NAME,https://www.transfermarkt.de/fc-schalke-04/kader/verein/33/saison_id/2026/plus/1,a9ed4724b397b1d2e983c42cd58b22eee88dad2e22e96a26bd8a21ee813c34b7,2026-09-12
FM27-f5e831c255ad6d2a92a8af45,,AWAITING_EXTERNAL_RESOLUTION,,,TYPED_CONDITION,YES,Existing native loan condition requires verified current owner and return chronology,GER2,SpVgg Greuther Fürth,65,Krisztián Keresztes,626472,2000-01-04,289036,79923,2752515,1376288,DOB_NAME,https://www.transfermarkt.de/spvgg-greuther-furth/kader/verein/65/saison_id/2026/plus/1,582a3d28fdc7b95bf59c3bf33f2d9b2847185d2a8fd3682db98bcd5e3a81d68b,2026-09-12
FM27-dfc472c5f7aa295a7b58ddd4,,AWAITING_EXTERNAL_RESOLUTION,,,TYPED_CONDITION,YES,"Existing future, retirement, ban, or other condition requires a preserving typed plan",GER3,FC Hansa Rostock,30,Jaaso Jantunen,741578,2005-01-31,277876,274568,1376270,1376265,DOB_NAME,https://www.transfermarkt.de/fc-hansa-rostock/kader/verein/30/saison_id/2026/plus/1,6da33a7ccf32faa9ebb0b7823a0ee5537fb70bfe8ee363795199b5de4015e0f1,2026-09-12
FM27-1f3bfe3bfff60e88de0ceef8,,AWAITING_EXTERNAL_RESOLUTION,,,TYPED_CONDITION,YES,Existing native loan condition requires verified current owner and return chronology,GER3,SSV Jahn Regensburg,109,John Posselt,918130,2003-12-31,268481,80194,1376539,1376436,DOB_NAME,https://www.transfermarkt.de/ssv-jahn-regensburg/kader/verein/109/saison_id/2026/plus/1,910d9ceb2a6fd8df9083100aef021ed429578cccc99acb9d4ad7d388c93d13bd,2026-09-12
FM27-bb81b979f364b88ba1370858,APPLY,RESOLVED,Existing staged exact protected-condition delta; no football reinterpretation.,"{""acquisition_date"":"""",""acquisition_event_key"":"""",""acquisition_seller_club_id"":""0"",""acquisition_source"":"""",""acquisition_source_sha256"":"""",""action"":""PRESERVE_PROTECTED_SQUAD"",""contract_until"":""2027-06-30"",""dob"":""1988-09-09"",""fifa_id"":""199339"",""fm_id"":""1000013211"",""joined"":""2026-01-27"",""loan_end"":"""",""loan_owner_club_id"":""0"",""new_club_id"":""1376276"",""old_club_id"":""0"",""previous_loan_buy_option"":""0"",""previous_loan_end"":"""",""previous_loan_owner_club_id"":""0"",""previous_loan_start"":"""",""protected_condition_param0"":""2460842"",""protected_condition_param1"":""2461056"",""protected_condition_param2"":""0"",""protected_condition_param3"":""37"",""protected_condition_param4"":""0"",""protected_condition_type"":""1"",""shirt_number"":""1"",""snapshot_date"":""2026-09-12"",""source"":""https://www.transfermarkt.de/manuel-riemann/profil/spieler/40792"",""source_sha256"":""64ec8ae87cddee1bd401d26b3e91f9940c7e58cd00c4d553049bdf5bf99402d6"",""status"":""CONFIRMED"",""team_type"":""FIRST""}",TYPED_CONDITION,YES,"Existing future, retirement, ban, or other condition requires a preserving typed plan",GER3,TSV Alemannia Aachen,8,Manuel Riemann,40792,1988-09-09,1000013211,199339,0,1376276,DOB_NAME,https://www.transfermarkt.de/alemannia-aachen/kader/verein/8/saison_id/2026/plus/1,d50319c6c39283dd66c83e32c0e53c0fbab8eb26ba138f0fe6e86b3dfc2b9c0b,2026-09-12
FM27-bec82c8ddf863cb45d6eef00,,AWAITING_EXTERNAL_RESOLUTION,,,TYPED_CONDITION,YES,Existing native loan condition requires verified current owner and return chronology,ITA1,AC Mailand,5,Alphadjo Cissè,964087,2006-10-22,291875,278326,1769513,1769474,DOB_NAME,https://www.transfermarkt.de/ac-mailand/kader/verein/5/saison_id/2026/plus/1,62f75de72ed1f23bb563a5fa890848e43b2c13847e4bdb7efb02d5b9d513dd38,2026-09-12
FM27-3c9e04616a101200260024ea,,AWAITING_EXTERNAL_RESOLUTION,,,TYPED_CONDITION,YES,Existing native loan condition requires verified current owner and return chronology,ITA1,US Lecce,1005,Milos Jovic,943473,2006-05-22,269972,0,3354941,1769483,DOB_NAME,https://www.transfermarkt.de/us-lecce/kader/verein/1005/saison_id/2026/plus/1,f70b73ab0beef18f4707e1b846172f928bd484c8e6abc3aab35570487739b4bc,2026-09-12
FM27-76626eb1e2d10cf84095eef8,APPLY,RESOLVED,Existing staged exact protected-condition delta; no football reinterpretation.,"{""acquisition_date"":"""",""acquisition_event_key"":"""",""acquisition_seller_club_id"":""0"",""acquisition_source"":"""",""acquisition_source_sha256"":"""",""action"":""PRESERVE_PROTECTED_SQUAD"",""contract_until"":""2030-06-30"",""dob"":""2004-04-01"",""fifa_id"":""79093"",""fm_id"":""282591"",""joined"":""2026-01-28"",""loan_end"":"""",""loan_owner_club_id"":""0"",""new_club_id"":""1769500"",""old_club_id"":""1769503"",""previous_loan_buy_option"":""0"",""previous_loan_end"":"""",""previous_loan_owner_club_id"":""0"",""previous_loan_start"":"""",""protected_condition_param0"":""0"",""protected_condition_param1"":""0"",""protected_condition_param2"":""0"",""protected_condition_param3"":""1"",""protected_condition_param4"":""0"",""protected_condition_type"":""2"",""shirt_number"":""30"",""snapshot_date"":""2026-09-12"",""source"":""https://www.transfermarkt.de/matteo-dagasso/profil/spieler/744621"",""source_sha256"":""fd209eb1d1c5b5a9fe05476d7ab6ae8164a771a72b6519e195e0a76b6316ba8b"",""status"":""CONFIRMED"",""team_type"":""FIRST""}",TYPED_CONDITION,YES,"Existing future, retirement, ban, or other condition requires a preserving typed plan",ITA1,Venezia FC,607,Matteo Dagasso,744621,2004-04-01,282591,79093,1769503,1769500,DOB_NAME,https://www.transfermarkt.de/venezia-fc/kader/verein/607/saison_id/2026/plus/1,d88fc7110893de0f0661e79b4c48d86142d14d93f73bc112159c1995caefb0e9,2026-09-12
FM27-0a9032083dfc18532fede5aa,,AWAITING_EXTERNAL_RESOLUTION,,,TYPED_CONDITION,YES,"Existing future, retirement, ban, or other condition requires a preserving typed plan",NED1,Fortuna Sittard,385,Shiloh 't Zand,595247,2003-05-14,294619,73964,2228232,2228247,DOB_NAME,https://www.transfermarkt.de/fortuna-sittard/kader/verein/385/saison_id/2026/plus/1,3459b44bdebecde47d2a1440be82d9c09e8f120a342ec34fc969ad1288f64fcd,2026-09-12
FM27-ce52bba1b4a84020d610df40,,AWAITING_EXTERNAL_RESOLUTION,,,TYPED_CONDITION,YES,Existing native loan condition requires verified current owner and return chronology,NED1,Willem II Tilburg,403,Amine Et-Taïbi,565401,2003-02-05,136794,0,2228251,2228239,DOB_NAME,https://www.transfermarkt.de/willem-ii-tilburg/kader/verein/403/saison_id/2026/plus/1,032766443b9dd7e08c2a2a00943278f8412892d9f759e398b82d7ef4e594d0db,2026-09-12
FM27-2c6e317a9f19c990b1569faa,,AWAITING_EXTERNAL_RESOLUTION,,,TYPED_CONDITION,YES,Existing native loan condition requires verified current owner and return chronology,POR1,CD Santa Clara,2423,Vitinho,796742,2003-03-25,223200,274462,3552405,2490388,DOB_NAME,https://www.transfermarkt.de/cd-santa-clara/kader/verein/2423/saison_id/2026/plus/1,996787cc90623dddfd5c425ca2df6aae95f8fd62b8b5cfb03677a214be6550e2,2026-09-12
FM27-22101142207f0ae432fd30e5,,AWAITING_EXTERNAL_RESOLUTION,,,TYPED_CONDITION,YES,Existing native loan condition requires verified current owner and return chronology,POR1,FC Alverca,2521,Diogo Spencer,858252,2004-04-17,288094,71981,2504148,2490393,DOB_NAME,https://www.transfermarkt.de/fc-alverca/kader/verein/2521/saison_id/2026/plus/1,7f5d01cde12ec5554a0cdae5ccc699031abd54d7e473e99ebf2c44e9a519b8ae,2026-09-12
FM27-a971a51aff0f591e4a4463db,,AWAITING_EXTERNAL_RESOLUTION,,,TYPED_CONDITION,YES,Existing native loan condition requires verified current owner and return chronology,TUR1,Kocaelispor,120,Mahamadou Susoho,895074,2005-01-20,288463,279624,2752522,3145754,DOB_NAME,https://www.transfermarkt.de/kocaelispor/kader/verein/120/saison_id/2026/plus/1,bda2ed30c80e868d465811681293fb83205ade381ad18055d9cd750ca9ce7817,2026-09-12
FM27-1784f6005f4c04ccf26931f0,,AWAITING_EXTERNAL_RESOLUTION,,,TYPED_CONDITION,YES,Existing native loan condition requires verified current owner and return chronology,TUR1,Samsunspor,152,Elayis Tavsan,462086,2001-04-30,292895,262335,1769569,3145745,DOB_NAME,https://www.transfermarkt.de/samsunspor/kader/verein/152/saison_id/2026/plus/1,4e99640342d6c03de82a839147f9c53a0cc4bc14523c727d2894fc2df5432171,2026-09-12
