league,season,snapshot_date,club_name,external_club_id,player_name,external_player_id,dob,shirt_number,team_type,joined,contract_until,loan_owner_external_club_id,loan_end,status,source_url,source_sha256,fm_id,fifa_id,native_club_id
ENG1,2026/27,2026-09-12,Arsenal,11,David Raya,262749,1995-09-15,1,FIRST,2024-07-04,2028-06-30,,,CONFIRMED,https://www.transfermarkt.de/fc-arsenal/kader/verein/11/saison_id/2026/plus/1,0a651bf929057db7f1dbbe4529cc7f612bb8971a26a0e97c6367450f71960375,257407,220901,917505
ENG1,2026/27,2026-09-12,Arsenal,11,Illan Meslier,542586,2000-03-02,30,FIRST,2026-07-09,2028-06-30,,,CONFIRMED,https://www.transfermarkt.de/fc-arsenal/kader/verein/11/saison_id/2026/plus/1,0a651bf929057db7f1dbbe4529cc7f612bb8971a26a0e97c6367450f71960375,23838,242656,917505
ENG1,2026/27,2026-09-12,Arsenal,11,Kepa Arrizabalaga,192279,1994-10-03,13,FIRST,2025-07-01,2028-06-30,,,CONFIRMED,https://www.transfermarkt.de/fc-arsenal/kader/verein/11/saison_id/2026/plus/1,0a651bf929057db7f1dbbe4529cc7f612bb8971a26a0e97c6367450f71960375,257420,206585,917505
ENG1,2026/27,2026-09-12,Arsenal,11,William Saliba,495666,2001-03-24,2,FIRST,2019-07-25,2030-06-30,,,CONFIRMED,https://www.transfermarkt.de/fc-arsenal/kader/verein/11/saison_id/2026/plus/1,0a651bf929057db7f1dbbe4529cc7f612bb8971a26a0e97c6367450f71960375,257402,243715,917505
ENG1,2026/27,2026-09-12,Arsenal,11,Gabriel,435338,1997-12-19,6,FIRST,2020-09-01,2029-06-30,,,CONFIRMED,https://www.transfermarkt.de/fc-arsenal/kader/verein/11/saison_id/2026/plus/1,0a651bf929057db7f1dbbe4529cc7f612bb8971a26a0e97c6367450f71960375,257404,232580,917505
ENG1,2026/27,2026-09-12,Arsenal,11,Ezri Konsa,413403,1997-10-23,15,FIRST,2026-08-21,,,,CONFIRMED,https://www.transfermarkt.de/fc-arsenal/kader/verein/11/saison_id/2026/plus/1,0a651bf929057db7f1dbbe4529cc7f612bb8971a26a0e97c6367450f71960375,261104,227678,917505
ENG1,2026/27,2026-09-12,Arsenal,11,Cristhian Mosquera,646750,2004-06-27,3,FIRST,2025-07-24,2030-06-30,,,CONFIRMED,https://www.transfermarkt.de/fc-arsenal/kader/verein/11/saison_id/2026/plus/1,0a651bf929057db7f1dbbe4529cc7f612bb8971a26a0e97c6367450f71960375,257421,264846,917505
ENG1,2026/27,2026-09-12,Arsenal,11,Riccardo Calafiori,502821,2002-05-19,33,FIRST,2024-07-29,2029-06-30,,,CONFIRMED,https://www.transfermarkt.de/fc-arsenal/kader/verein/11/saison_id/2026/plus/1,0a651bf929057db7f1dbbe4529cc7f612bb8971a26a0e97c6367450f71960375,257416,257711,917505
ENG1,2026/27,2026-09-12,Arsenal,11,Jurriën Timber,420243,2001-06-17,12,FIRST,2023-07-14,2028-06-30,,,CONFIRMED,https://www.transfermarkt.de/fc-arsenal/kader/verein/11/saison_id/2026/plus/1,0a651bf929057db7f1dbbe4529cc7f612bb8971a26a0e97c6367450f71960375,257414,251805,917505
ENG1,2026/27,2026-09-12,Arsenal,11,Ben White,335721,1997-10-08,4,FIRST,2021-07-30,2028-06-30,,,CONFIRMED,https://www.transfermarkt.de/fc-arsenal/kader/verein/11/saison_id/2026/plus/1,0a651bf929057db7f1dbbe4529cc7f612bb8971a26a0e97c6367450f71960375,257412,231936,917505
ENG1,2026/27,2026-09-12,Arsenal,11,Martín Zubimendi,423440,1999-02-02,36,FIRST,2025-07-06,2030-06-30,,,CONFIRMED,https://www.transfermarkt.de/fc-arsenal/kader/verein/11/saison_id/2026/plus/1,0a651bf929057db7f1dbbe4529cc7f612bb8971a26a0e97c6367450f71960375,257408,248148,917505
ENG1,2026/27,2026-09-12,Arsenal,11,Myles Lewis-Skelly,890721,2006-09-26,49,FIRST,2024-07-01,2030-06-30,,,CONFIRMED,https://www.transfermarkt.de/fc-arsenal/kader/verein/11/saison_id/2026/plus/1,0a651bf929057db7f1dbbe4529cc7f612bb8971a26a0e97c6367450f71960375,257419,278773,917505
ENG1,2026/27,2026-09-12,Arsenal,11,Declan Rice,357662,1999-01-14,41,FIRST,2023-07-15,2028-06-30,,,CONFIRMED,https://www.transfermarkt.de/fc-arsenal/kader/verein/11/saison_id/2026/plus/1,0a651bf929057db7f1dbbe4529cc7f612bb8971a26a0e97c6367450f71960375,257400,234378,917505
ENG1,2026/27,2026-09-12,Arsenal,11,Bruno Guimarães,520624,1997-11-16,39,FIRST,2026-08-08,2030-06-30,,,CONFIRMED,https://www.transfermarkt.de/fc-arsenal/kader/verein/11/saison_id/2026/plus/1,0a651bf929057db7f1dbbe4529cc7f612bb8971a26a0e97c6367450f71960375,23389,247851,917505
ENG1,2026/27,2026-09-12,Arsenal,11,Mikel Merino,338424,1996-06-22,23,FIRST,2024-08-27,2028-06-30,,,CONFIRMED,https://www.transfermarkt.de/fc-arsenal/kader/verein/11/saison_id/2026/plus/1,0a651bf929057db7f1dbbe4529cc7f612bb8971a26a0e97c6367450f71960375,257417,225193,917505
ENG1,2026/27,2026-09-12,Arsenal,11,Martin Ødegaard,316264,1998-12-17,8,FIRST,2021-08-20,2028-06-30,,,CONFIRMED,https://www.transfermarkt.de/fc-arsenal/kader/verein/11/saison_id/2026/plus/1,0a651bf929057db7f1dbbe4529cc7f612bb8971a26a0e97c6367450f71960375,257403,222665,917505
ENG1,2026/27,2026-09-12,Arsenal,11,Eberechi Eze,479999,1998-06-29,10,FIRST,2025-08-23,2029-06-30,,,CONFIRMED,https://www.transfermarkt.de/fc-arsenal/kader/verein/11/saison_id/2026/plus/1,0a651bf929057db7f1dbbe4529cc7f612bb8971a26a0e97c6367450f71960375,257413,235794,917505
ENG1,2026/27,2026-09-12,Arsenal,11,Christos Tzolis,451677,2002-01-30,17,FIRST,2026-07-23,2031-06-30,,,CONFIRMED,https://www.transfermarkt.de/fc-arsenal/kader/verein/11/saison_id/2026/plus/1,0a651bf929057db7f1dbbe4529cc7f612bb8971a26a0e97c6367450f71960375,235048,256948,917505
ENG1,2026/27,2026-09-12,Arsenal,11,Bukayo Saka,433177,2001-09-05,7,FIRST,2019-07-01,2030-06-30,,,CONFIRMED,https://www.transfermarkt.de/fc-arsenal/kader/verein/11/saison_id/2026/plus/1,0a651bf929057db7f1dbbe4529cc7f612bb8971a26a0e97c6367450f71960375,257401,246669,917505
ENG1,2026/27,2026-09-12,Arsenal,11,Noni Madueke,503987,2002-03-10,20,FIRST,2025-07-18,2030-06-30,,,CONFIRMED,https://www.transfermarkt.de/fc-arsenal/kader/verein/11/saison_id/2026/plus/1,0a651bf929057db7f1dbbe4529cc7f612bb8971a26a0e97c6367450f71960375,257415,254796,917505
ENG1,2026/27,2026-09-12,Arsenal,11,Viktor Gyökeres,325443,1998-06-04,14,FIRST,2025-07-26,2030-06-30,,,CONFIRMED,https://www.transfermarkt.de/fc-arsenal/kader/verein/11/saison_id/2026/plus/1,0a651bf929057db7f1dbbe4529cc7f612bb8971a26a0e97c6367450f71960375,257405,241651,917505
ENG1,2026/27,2026-09-12,Arsenal,11,Kai Havertz,309400,1999-06-11,29,FIRST,2023-07-01,2028-06-30,,,CONFIRMED,https://www.transfermarkt.de/fc-arsenal/kader/verein/11/saison_id/2026/plus/1,0a651bf929057db7f1dbbe4529cc7f612bb8971a26a0e97c6367450f71960375,257406,235790,917505
ENG1,2026/27,2026-09-12,Aston Villa,405,Zion Suzuki,432298,2002-08-21,1,FIRST,2026-08-19,,,,CONFIRMED,https://www.transfermarkt.de/aston-villa/kader/verein/405/saison_id/2026/plus/1,66b9b7fdd741084e821d291249f5bdc0fe382243be248d861c1137a95e82f15d,286710,255981,917506
ENG1,2026/27,2026-09-12,Aston Villa,405,Marco Bizot,124884,1991-03-10,40,FIRST,2025-07-15,2027-06-30,,,CONFIRMED,https://www.transfermarkt.de/aston-villa/kader/verein/405/saison_id/2026/plus/1,66b9b7fdd741084e821d291249f5bdc0fe382243be248d861c1137a95e82f15d,261115,200110,917506
ENG1,2026/27,2026-09-12,Aston Villa,405,Taylor Harwood-Bellis,503977,2002-01-30,4,FIRST,2026-09-01,,,,CONFIRMED,https://www.transfermarkt.de/aston-villa/kader/verein/405/saison_id/2026/plus/1,66b9b7fdd741084e821d291249f5bdc0fe382243be248d861c1137a95e82f15d,259294,252793,917506
ENG1,2026/27,2026-09-12,Aston Villa,405,Pau Torres,399776,1997-01-16,14,FIRST,2023-07-12,2028-06-30,,,CONFIRMED,https://www.transfermarkt.de/aston-villa/kader/verein/405/saison_id/2026/plus/1,66b9b7fdd741084e821d291249f5bdc0fe382243be248d861c1137a95e82f15d,261102,241464,917506
ENG1,2026/27,2026-09-12,Aston Villa,405,Modou Kéba Cissé,1282860,2005-08-04,48,FIRST,2026-07-01,2029-06-30,,,CONFIRMED,https://www.transfermarkt.de/aston-villa/kader/verein/405/saison_id/2026/plus/1,66b9b7fdd741084e821d291249f5bdc0fe382243be248d861c1137a95e82f15d,271546,77524,917506
ENG1,2026/27,2026-09-12,Aston Villa,405,Victor Lindelöf,184573,1994-07-17,3,FIRST,2025-09-01,2027-06-30,,,CONFIRMED,https://www.transfermarkt.de/aston-villa/kader/verein/405/saison_id/2026/plus/1,66b9b7fdd741084e821d291249f5bdc0fe382243be248d861c1137a95e82f15d,261116,221660,917506
ENG1,2026/27,2026-09-12,Aston Villa,405,Tyrone Mings,253677,1993-03-13,5,FIRST,2019-07-08,2027-06-30,,,CONFIRMED,https://www.transfermarkt.de/aston-villa/kader/verein/405/saison_id/2026/plus/1,66b9b7fdd741084e821d291249f5bdc0fe382243be248d861c1137a95e82f15d,261109,212419,917506
ENG1,2026/27,2026-09-12,Aston Villa,405,Ian Maatsen,485585,2002-03-10,22,FIRST,2024-07-01,2030-06-30,,,CONFIRMED,https://www.transfermarkt.de/aston-villa/kader/verein/405/saison_id/2026/plus/1,66b9b7fdd741084e821d291249f5bdc0fe382243be248d861c1137a95e82f15d,261106,248465,917506
ENG1,2026/27,2026-09-12,Aston Villa,405,Matteo Ruggeri,616631,2002-07-11,13,FIRST,2026-08-19,,,,CONFIRMED,https://www.transfermarkt.de/aston-villa/kader/verein/405/saison_id/2026/plus/1,66b9b7fdd741084e821d291249f5bdc0fe382243be248d861c1137a95e82f15d,284981,259584,917506
ENG1,2026/27,2026-09-12,Aston Villa,405,Matty Cash,425334,1997-08-07,2,FIRST,2020-09-03,2029-06-30,,,CONFIRMED,https://www.transfermarkt.de/aston-villa/kader/verein/405/saison_id/2026/plus/1,66b9b7fdd741084e821d291249f5bdc0fe382243be248d861c1137a95e82f15d,261108,227174,917506
ENG1,2026/27,2026-09-12,Aston Villa,405,Amadou Onana,485706,2001-08-16,24,FIRST,2024-07-22,2029-06-30,,,CONFIRMED,https://www.transfermarkt.de/aston-villa/kader/verein/405/saison_id/2026/plus/1,66b9b7fdd741084e821d291249f5bdc0fe382243be248d861c1137a95e82f15d,261107,257057,917506
ENG1,2026/27,2026-09-12,Aston Villa,405,Boubacar Kamara,394327,1999-11-23,8,FIRST,2022-07-01,2030-06-30,,,CONFIRMED,https://www.transfermarkt.de/aston-villa/kader/verein/405/saison_id/2026/plus/1,66b9b7fdd741084e821d291249f5bdc0fe382243be248d861c1137a95e82f15d,261098,236987,917506
ENG1,2026/27,2026-09-12,Aston Villa,405,Lamare Bogarde,645686,2004-01-05,26,FIRST,2024-07-01,2028-06-30,,,CONFIRMED,https://www.transfermarkt.de/aston-villa/kader/verein/405/saison_id/2026/plus/1,66b9b7fdd741084e821d291249f5bdc0fe382243be248d861c1137a95e82f15d,261118,264209,917506
ENG1,2026/27,2026-09-12,Aston Villa,405,João Gomes,735570,2001-02-12,35,FIRST,2026-07-20,2031-06-30,,,CONFIRMED,https://www.transfermarkt.de/aston-villa/kader/verein/405/saison_id/2026/plus/1,66b9b7fdd741084e821d291249f5bdc0fe382243be248d861c1137a95e82f15d,23740,273463,917506
ENG1,2026/27,2026-09-12,Aston Villa,405,John McGinn,193116,1994-10-18,7,FIRST,2018-08-08,2028-06-30,,,CONFIRMED,https://www.transfermarkt.de/aston-villa/kader/verein/405/saison_id/2026/plus/1,66b9b7fdd741084e821d291249f5bdc0fe382243be248d861c1137a95e82f15d,261113,210881,917506
ENG1,2026/27,2026-09-12,Aston Villa,405,Leon Goretzka,153084,1995-02-06,27,FIRST,2026-08-27,2028-06-30,,,CONFIRMED,https://www.transfermarkt.de/aston-villa/kader/verein/405/saison_id/2026/plus/1,66b9b7fdd741084e821d291249f5bdc0fe382243be248d861c1137a95e82f15d,276816,209658,917506
ENG1,2026/27,2026-09-12,Aston Villa,405,Ross Barkley,131978,1993-12-05,6,FIRST,2024-07-01,2027-06-30,,,CONFIRMED,https://www.transfermarkt.de/aston-villa/kader/verein/405/saison_id/2026/plus/1,66b9b7fdd741084e821d291249f5bdc0fe382243be248d861c1137a95e82f15d,261105,199189,917506
ENG1,2026/27,2026-09-12,Aston Villa,405,Johan Manzambi,927353,2005-10-14,44,FIRST,2026-07-17,,,,CONFIRMED,https://www.transfermarkt.de/aston-villa/kader/verein/405/saison_id/2026/plus/1,66b9b7fdd741084e821d291249f5bdc0fe382243be248d861c1137a95e82f15d,277866,276694,917506
ENG1,2026/27,2026-09-12,Aston Villa,405,Emiliano Buendía,321247,1996-12-25,10,FIRST,2021-07-01,2027-06-30,,,CONFIRMED,https://www.transfermarkt.de/aston-villa/kader/verein/405/saison_id/2026/plus/1,66b9b7fdd741084e821d291249f5bdc0fe382243be248d861c1137a95e82f15d,261114,226162,917506
ENG1,2026/27,2026-09-12,Aston Villa,405,Ibrahim Mbaye,1185888,2008-01-24,19,FIRST,2026-09-01,,,,CONFIRMED,https://www.transfermarkt.de/aston-villa/kader/verein/405/saison_id/2026/plus/1,66b9b7fdd741084e821d291249f5bdc0fe382243be248d861c1137a95e82f15d,283463,74449,917506
ENG1,2026/27,2026-09-12,Aston Villa,405,Alysson,1005583,2006-05-05,47,FIRST,2026-01-01,2031-06-30,,,CONFIRMED,https://www.transfermarkt.de/aston-villa/kader/verein/405/saison_id/2026/plus/1,66b9b7fdd741084e821d291249f5bdc0fe382243be248d861c1137a95e82f15d,232997,0,917506
ENG1,2026/27,2026-09-12,Aston Villa,405,Brian Madjo,1226357,2009-01-12,39,FIRST,2026-01-12,2032-06-30,,,CONFIRMED,https://www.transfermarkt.de/aston-villa/kader/verein/405/saison_id/2026/plus/1,66b9b7fdd741084e821d291249f5bdc0fe382243be248d861c1137a95e82f15d,290215,0,917506
ENG1,2026/27,2026-09-12,AFC Bournemouth,989,Djordje Petrovic,465555,1999-10-08,1,FIRST,2025-07-16,2030-06-30,,,CONFIRMED,https://www.transfermarkt.de/afc-bournemouth/kader/verein/989/saison_id/2026/plus/1,147ac73d9a94a634b365ebf6ee82ee4655d46b0d4aa0cba07b481ccc27a62359,258535,269626,917553
ENG1,2026/27,2026-09-12,AFC Bournemouth,989,António Silva,650568,2003-10-30,14,FIRST,2026-08-01,2031-06-30,,,CONFIRMED,https://www.transfermarkt.de/afc-bournemouth/kader/verein/989/saison_id/2026/plus/1,147ac73d9a94a634b365ebf6ee82ee4655d46b0d4aa0cba07b481ccc27a62359,288121,270086,917553
ENG1,2026/27,2026-09-12,AFC Bournemouth,989,Bafodé Diakité,463605,2001-01-06,18,FIRST,2025-08-13,2030-06-30,,,CONFIRMED,https://www.transfermarkt.de/afc-bournemouth/kader/verein/989/saison_id/2026/plus/1,147ac73d9a94a634b365ebf6ee82ee4655d46b0d4aa0cba07b481ccc27a62359,258542,246565,917553
ENG1,2026/27,2026-09-12,AFC Bournemouth,989,James Hill,611793,2002-01-10,5,FIRST,2022-01-05,2029-06-30,,,CONFIRMED,https://www.transfermarkt.de/afc-bournemouth/kader/verein/989/saison_id/2026/plus/1,147ac73d9a94a634b365ebf6ee82ee4655d46b0d4aa0cba07b481ccc27a62359,258548,248492,917553
ENG1,2026/27,2026-09-12,AFC Bournemouth,989,Veljko Milosavljevic,989112,2007-06-28,44,FIRST,2025-09-01,2030-06-30,,,CONFIRMED,https://www.transfermarkt.de/afc-bournemouth/kader/verein/989/saison_id/2026/plus/1,147ac73d9a94a634b365ebf6ee82ee4655d46b0d4aa0cba07b481ccc27a62359,258551,81319,917553
ENG1,2026/27,2026-09-12,AFC Bournemouth,989,Adrien Truffert,654539,2001-11-20,3,FIRST,2025-07-01,2030-06-30,,,CONFIRMED,https://www.transfermarkt.de/afc-bournemouth/kader/verein/989/saison_id/2026/plus/1,147ac73d9a94a634b365ebf6ee82ee4655d46b0d4aa0cba07b481ccc27a62359,258536,256769,917553
ENG1,2026/27,2026-09-12,AFC Bournemouth,989,Julio Soler,1009658,2005-02-16,6,FIRST,2025-01-07,2029-06-30,,,CONFIRMED,https://www.transfermarkt.de/afc-bournemouth/kader/verein/989/saison_id/2026/plus/1,147ac73d9a94a634b365ebf6ee82ee4655d46b0d4aa0cba07b481ccc27a62359,258549,269796,917553
ENG1,2026/27,2026-09-12,AFC Bournemouth,989,Juanlu Sánchez,676042,2003-08-15,24,FIRST,2026-08-06,,,,CONFIRMED,https://www.transfermarkt.de/afc-bournemouth/kader/verein/989/saison_id/2026/plus/1,147ac73d9a94a634b365ebf6ee82ee4655d46b0d4aa0cba07b481ccc27a62359,281314,264174,917553
ENG1,2026/27,2026-09-12,AFC Bournemouth,989,Julián Araujo,513970,2001-08-13,2,FIRST,2024-08-13,2029-06-30,,,CONFIRMED,https://www.transfermarkt.de/afc-bournemouth/kader/verein/989/saison_id/2026/plus/1,147ac73d9a94a634b365ebf6ee82ee4655d46b0d4aa0cba07b481ccc27a62359,258547,247678,917553
ENG1,2026/27,2026-09-12,AFC Bournemouth,989,Adam Smith,61841,1991-04-29,15,FIRST,2014-01-28,2027-06-30,,,CONFIRMED,https://www.transfermarkt.de/afc-bournemouth/kader/verein/989/saison_id/2026/plus/1,147ac73d9a94a634b365ebf6ee82ee4655d46b0d4aa0cba07b481ccc27a62359,258543,190885,917553
ENG1,2026/27,2026-09-12,AFC Bournemouth,989,Tyler Adams,332705,1999-02-14,12,FIRST,2023-08-20,2028-06-30,,,CONFIRMED,https://www.transfermarkt.de/afc-bournemouth/kader/verein/989/saison_id/2026/plus/1,147ac73d9a94a634b365ebf6ee82ee4655d46b0d4aa0cba07b481ccc27a62359,258532,232999,917553
ENG1,2026/27,2026-09-12,AFC Bournemouth,989,Alex Scott,855256,2003-08-21,8,FIRST,2023-08-10,2028-06-30,,,CONFIRMED,https://www.transfermarkt.de/afc-bournemouth/kader/verein/989/saison_id/2026/plus/1,147ac73d9a94a634b365ebf6ee82ee4655d46b0d4aa0cba07b481ccc27a62359,258541,261299,917553
ENG1,2026/27,2026-09-12,AFC Bournemouth,989,Lewis Cook,249089,1997-02-03,4,FIRST,2016-07-08,2028-06-30,,,CONFIRMED,https://www.transfermarkt.de/afc-bournemouth/kader/verein/989/saison_id/2026/plus/1,147ac73d9a94a634b365ebf6ee82ee4655d46b0d4aa0cba07b481ccc27a62359,258533,224294,917553
ENG1,2026/27,2026-09-12,AFC Bournemouth,989,Ryan Christie,188077,1995-02-22,10,FIRST,2021-08-31,2029-06-30,,,CONFIRMED,https://www.transfermarkt.de/afc-bournemouth/kader/verein/989/saison_id/2026/plus/1,147ac73d9a94a634b365ebf6ee82ee4655d46b0d4aa0cba07b481ccc27a62359,258534,213884,917553
ENG1,2026/27,2026-09-12,AFC Bournemouth,989,Marcus Tavernier,399434,1999-03-22,16,FIRST,2022-08-01,2029-06-30,,,CONFIRMED,https://www.transfermarkt.de/afc-bournemouth/kader/verein/989/saison_id/2026/plus/1,147ac73d9a94a634b365ebf6ee82ee4655d46b0d4aa0cba07b481ccc27a62359,258539,237477,917553
ENG1,2026/27,2026-09-12,AFC Bournemouth,989,Justin Kluivert,330659,1999-05-05,19,FIRST,2023-07-01,2028-06-30,,,CONFIRMED,https://www.transfermarkt.de/afc-bournemouth/kader/verein/989/saison_id/2026/plus/1,147ac73d9a94a634b365ebf6ee82ee4655d46b0d4aa0cba07b481ccc27a62359,258530,236920,917553
ENG1,2026/27,2026-09-12,AFC Bournemouth,989,Amine Adli,532776,2000-05-10,21,FIRST,2025-08-21,2030-06-30,,,CONFIRMED,https://www.transfermarkt.de/afc-bournemouth/kader/verein/989/saison_id/2026/plus/1,147ac73d9a94a634b365ebf6ee82ee4655d46b0d4aa0cba07b481ccc27a62359,258538,255223,917553
ENG1,2026/27,2026-09-12,AFC Bournemouth,989,Ben Gannon-Doak,719673,2005-11-11,11,FIRST,2025-08-18,2030-06-30,,,CONFIRMED,https://www.transfermarkt.de/afc-bournemouth/kader/verein/989/saison_id/2026/plus/1,147ac73d9a94a634b365ebf6ee82ee4655d46b0d4aa0cba07b481ccc27a62359,258544,266815,917553
ENG1,2026/27,2026-09-12,AFC Bournemouth,989,David Brooks,277033,1997-07-08,7,FIRST,2018-07-01,2029-06-30,,,CONFIRMED,https://www.transfermarkt.de/afc-bournemouth/kader/verein/989/saison_id/2026/plus/1,147ac73d9a94a634b365ebf6ee82ee4655d46b0d4aa0cba07b481ccc27a62359,258540,220196,917553
ENG1,2026/27,2026-09-12,AFC Bournemouth,989,Junior Kroupi,955357,2006-06-23,22,FIRST,2025-02-03,2030-06-30,,,CONFIRMED,https://www.transfermarkt.de/afc-bournemouth/kader/verein/989/saison_id/2026/plus/1,147ac73d9a94a634b365ebf6ee82ee4655d46b0d4aa0cba07b481ccc27a62359,258550,277909,917553
ENG1,2026/27,2026-09-12,AFC Bournemouth,989,Evanilson,711337,1999-10-06,9,FIRST,2024-08-16,2029-06-30,,,CONFIRMED,https://www.transfermarkt.de/afc-bournemouth/kader/verein/989/saison_id/2026/plus/1,147ac73d9a94a634b365ebf6ee82ee4655d46b0d4aa0cba07b481ccc27a62359,258531,256612,917553
ENG1,2026/27,2026-09-12,AFC Bournemouth,989,Álvaro Rodríguez,948275,2004-07-14,30,FIRST,2026-07-14,,,,CONFIRMED,https://www.transfermarkt.de/afc-bournemouth/kader/verein/989/saison_id/2026/plus/1,147ac73d9a94a634b365ebf6ee82ee4655d46b0d4aa0cba07b481ccc27a62359,283906,272445,917553
ENG1,2026/27,2026-09-12,Brentford,1148,Caoimhín Kelleher,340918,1998-11-23,1,FIRST,2025-07-01,2030-06-30,,,CONFIRMED,https://www.transfermarkt.de/fc-brentford/kader/verein/1148/saison_id/2026/plus/1,98977ec56621e787ba2b89973d53a14e8f3ee796ba25d92646304551ba9c96fa,258627,240913,917569
ENG1,2026/27,2026-09-12,Brentford,1148,Hákon Valdimarsson,488935,2001-10-13,12,FIRST,2024-01-26,2030-06-30,,,CONFIRMED,https://www.transfermarkt.de/fc-brentford/kader/verein/1148/saison_id/2026/plus/1,98977ec56621e787ba2b89973d53a14e8f3ee796ba25d92646304551ba9c96fa,258646,264133,917569
ENG1,2026/27,2026-09-12,Brentford,1148,Ellery Balcombe,456292,1999-10-15,31,FIRST,2018-07-01,2029-06-30,,,CONFIRMED,https://www.transfermarkt.de/fc-brentford/kader/verein/1148/saison_id/2026/plus/1,98977ec56621e787ba2b89973d53a14e8f3ee796ba25d92646304551ba9c96fa,258654,236663,917569
ENG1,2026/27,2026-09-12,Brentford,1148,Sepp van den Berg,541231,2001-12-20,4,FIRST,2024-08-22,2029-06-30,,,CONFIRMED,https://www.transfermarkt.de/fc-brentford/kader/verein/1148/saison_id/2026/plus/1,98977ec56621e787ba2b89973d53a14e8f3ee796ba25d92646304551ba9c96fa,258636,242453,917569
ENG1,2026/27,2026-09-12,Brentford,1148,Nathan Collins,469050,2001-04-30,22,FIRST,2023-07-04,2029-06-30,,,CONFIRMED,https://www.transfermarkt.de/fc-brentford/kader/verein/1148/saison_id/2026/plus/1,98977ec56621e787ba2b89973d53a14e8f3ee796ba25d92646304551ba9c96fa,258635,248484,917569
ENG1,2026/27,2026-09-12,Brentford,1148,Kristoffer Ajer,328658,1998-04-17,20,FIRST,2021-07-21,2030-06-30,,,CONFIRMED,https://www.transfermarkt.de/fc-brentford/kader/verein/1148/saison_id/2026/plus/1,98977ec56621e787ba2b89973d53a14e8f3ee796ba25d92646304551ba9c96fa,258639,224258,917569
ENG1,2026/27,2026-09-12,Brentford,1148,Jannik Schuster,915418,2006-05-16,44,FIRST,2026-07-01,2031-06-30,,,CONFIRMED,https://www.transfermarkt.de/fc-brentford/kader/verein/1148/saison_id/2026/plus/1,98977ec56621e787ba2b89973d53a14e8f3ee796ba25d92646304551ba9c96fa,265002,79918,917569
ENG1,2026/27,2026-09-12,Brentford,1148,Rico Henry,339556,1997-07-08,3,FIRST,2016-08-31,2027-06-30,,,CONFIRMED,https://www.transfermarkt.de/fc-brentford/kader/verein/1148/saison_id/2026/plus/1,98977ec56621e787ba2b89973d53a14e8f3ee796ba25d92646304551ba9c96fa,258629,224494,917569
ENG1,2026/27,2026-09-12,Brentford,1148,Michael Kayode,823486,2004-07-10,33,FIRST,2025-07-01,2032-06-30,,,CONFIRMED,https://www.transfermarkt.de/fc-brentford/kader/verein/1148/saison_id/2026/plus/1,98977ec56621e787ba2b89973d53a14e8f3ee796ba25d92646304551ba9c96fa,258638,277869,917569
ENG1,2026/27,2026-09-12,Brentford,1148,Aaron Hickey,591949,2002-06-10,2,FIRST,2022-07-09,2028-06-30,,,CONFIRMED,https://www.transfermarkt.de/fc-brentford/kader/verein/1148/saison_id/2026/plus/1,98977ec56621e787ba2b89973d53a14e8f3ee796ba25d92646304551ba9c96fa,258630,248808,917569
ENG1,2026/27,2026-09-12,Brentford,1148,Vitaly Janelt,270171,1998-05-10,27,FIRST,2020-10-03,2030-06-30,,,CONFIRMED,https://www.transfermarkt.de/fc-brentford/kader/verein/1148/saison_id/2026/plus/1,98977ec56621e787ba2b89973d53a14e8f3ee796ba25d92646304551ba9c96fa,258637,235167,917569
ENG1,2026/27,2026-09-12,Brentford,1148,Mamadou Sangaré,808348,2002-06-26,18,FIRST,2026-08-01,2031-06-30,,,CONFIRMED,https://www.transfermarkt.de/fc-brentford/kader/verein/1148/saison_id/2026/plus/1,98977ec56621e787ba2b89973d53a14e8f3ee796ba25d92646304551ba9c96fa,290505,258601,917569
ENG1,2026/27,2026-09-12,Brentford,1148,Yegor Yarmolyuk,717411,2004-03-01,6,FIRST,2023-07-01,2031-06-30,,,CONFIRMED,https://www.transfermarkt.de/fc-brentford/kader/verein/1148/saison_id/2026/plus/1,98977ec56621e787ba2b89973d53a14e8f3ee796ba25d92646304551ba9c96fa,258640,270608,917569
ENG1,2026/27,2026-09-12,Brentford,1148,Mathias Jensen,319859,1996-01-01,8,FIRST,2019-07-10,2027-06-30,,,CONFIRMED,https://www.transfermarkt.de/fc-brentford/kader/verein/1148/saison_id/2026/plus/1,98977ec56621e787ba2b89973d53a14e8f3ee796ba25d92646304551ba9c96fa,258633,229723,917569
ENG1,2026/27,2026-09-12,Brentford,1148,Josh Dasilva,340321,1998-10-23,10,FIRST,2025-10-23,2027-06-30,,,CONFIRMED,https://www.transfermarkt.de/fc-brentford/kader/verein/1148/saison_id/2026/plus/1,98977ec56621e787ba2b89973d53a14e8f3ee796ba25d92646304551ba9c96fa,256719,231445,917569
ENG1,2026/27,2026-09-12,Brentford,1148,Keane Lewis-Potter,644401,2001-02-22,23,FIRST,2022-07-12,2031-06-30,,,CONFIRMED,https://www.transfermarkt.de/fc-brentford/kader/verein/1148/saison_id/2026/plus/1,98977ec56621e787ba2b89973d53a14e8f3ee796ba25d92646304551ba9c96fa,258634,243606,917569
ENG1,2026/27,2026-09-12,Brentford,1148,Mikkel Damsgaard,540941,2000-07-03,24,FIRST,2022-08-10,2030-06-30,,,CONFIRMED,https://www.transfermarkt.de/fc-brentford/kader/verein/1148/saison_id/2026/plus/1,98977ec56621e787ba2b89973d53a14e8f3ee796ba25d92646304551ba9c96fa,258625,241508,917569
ENG1,2026/27,2026-09-12,Brentford,1148,Antoni Milambo,683620,2005-04-03,17,FIRST,2025-07-03,2030-06-30,,,CONFIRMED,https://www.transfermarkt.de/fc-brentford/kader/verein/1148/saison_id/2026/plus/1,98977ec56621e787ba2b89973d53a14e8f3ee796ba25d92646304551ba9c96fa,258643,263640,917569
ENG1,2026/27,2026-09-12,Brentford,1148,Fábio Carvalho,559263,2002-08-30,14,FIRST,2024-08-12,2029-06-30,,,CONFIRMED,https://www.transfermarkt.de/fc-brentford/kader/verein/1148/saison_id/2026/plus/1,98977ec56621e787ba2b89973d53a14e8f3ee796ba25d92646304551ba9c96fa,258642,256725,917569
ENG1,2026/27,2026-09-12,Brentford,1148,Kevin Schade,473050,2001-11-27,7,FIRST,2023-07-01,2028-06-30,,,CONFIRMED,https://www.transfermarkt.de/fc-brentford/kader/verein/1148/saison_id/2026/plus/1,98977ec56621e787ba2b89973d53a14e8f3ee796ba25d92646304551ba9c96fa,258631,260926,917569
ENG1,2026/27,2026-09-12,Brentford,1148,Jaidon Anthony,684210,1999-12-01,19,FIRST,2026-07-07,2030-06-30,,,CONFIRMED,https://www.transfermarkt.de/fc-brentford/kader/verein/1148/saison_id/2026/plus/1,98977ec56621e787ba2b89973d53a14e8f3ee796ba25d92646304551ba9c96fa,260254,243669,917569
ENG1,2026/27,2026-09-12,Brentford,1148,Gustavo Nunes,1086375,2005-11-20,39,FIRST,2024-08-28,2030-06-30,,,CONFIRMED,https://www.transfermarkt.de/fc-brentford/kader/verein/1148/saison_id/2026/plus/1,98977ec56621e787ba2b89973d53a14e8f3ee796ba25d92646304551ba9c96fa,258650,74759,917569
ENG1,2026/27,2026-09-12,Brentford,1148,Dango Ouattara,823231,2002-02-11,11,FIRST,2025-08-16,2030-06-30,,,CONFIRMED,https://www.transfermarkt.de/fc-brentford/kader/verein/1148/saison_id/2026/plus/1,98977ec56621e787ba2b89973d53a14e8f3ee796ba25d92646304551ba9c96fa,258632,265552,917569
ENG1,2026/27,2026-09-12,Brentford,1148,Igor Thiago,739443,2001-06-26,9,FIRST,2024-07-01,2031-06-30,,,CONFIRMED,https://www.transfermarkt.de/fc-brentford/kader/verein/1148/saison_id/2026/plus/1,98977ec56621e787ba2b89973d53a14e8f3ee796ba25d92646304551ba9c96fa,258644,275771,917569
ENG1,2026/27,2026-09-12,Brentford,1148,Kaye Furo,1011936,2007-02-06,47,FIRST,2026-01-11,2031-06-30,,,CONFIRMED,https://www.transfermarkt.de/fc-brentford/kader/verein/1148/saison_id/2026/plus/1,98977ec56621e787ba2b89973d53a14e8f3ee796ba25d92646304551ba9c96fa,235066,75452,917569
ENG1,2026/27,2026-09-12,Brentford,1148,Callum Wilson,123682,1992-02-27,13,FIRST,2026-07-09,2027-06-30,,,CONFIRMED,https://www.transfermarkt.de/fc-brentford/kader/verein/1148/saison_id/2026/plus/1,98977ec56621e787ba2b89973d53a14e8f3ee796ba25d92646304551ba9c96fa,263491,196978,917569
ENG1,2026/27,2026-09-12,Brighton & Hove Albion,1237,Bart Verbruggen,565093,2002-08-18,1,FIRST,2023-07-03,2028-06-30,,,CONFIRMED,https://www.transfermarkt.de/brighton-hove-albion/kader/verein/1237/saison_id/2026/plus/1,f2cf90d26295bb03b7a9f88ddd237a671bfa8ea7b8601dc2dd42f6c052d76dbc,23578,258498,917529
ENG1,2026/27,2026-09-12,Brighton & Hove Albion,1237,Jason Steele,73564,1990-08-18,23,FIRST,2018-07-01,2027-06-30,,,CONFIRMED,https://www.transfermarkt.de/brighton-hove-albion/kader/verein/1237/saison_id/2026/plus/1,f2cf90d26295bb03b7a9f88ddd237a671bfa8ea7b8601dc2dd42f6c052d76dbc,23577,188836,917529
ENG1,2026/27,2026-09-12,Brighton & Hove Albion,1237,Tom McGill,406556,2000-03-25,38,FIRST,2022-07-29,2027-06-30,,,CONFIRMED,https://www.transfermarkt.de/brighton-hove-albion/kader/verein/1237/saison_id/2026/plus/1,f2cf90d26295bb03b7a9f88ddd237a671bfa8ea7b8601dc2dd42f6c052d76dbc,23589,243588,917529
ENG1,2026/27,2026-09-12,Brighton & Hove Albion,1237,Pascal Struijk,410708,1999-08-11,4,FIRST,2026-07-01,2031-06-30,,,CONFIRMED,https://www.transfermarkt.de/brighton-hove-albion/kader/verein/1237/saison_id/2026/plus/1,f2cf90d26295bb03b7a9f88ddd237a671bfa8ea7b8601dc2dd42f6c052d76dbc,23822,239360,917529
ENG1,2026/27,2026-09-12,Brighton & Hove Albion,1237,Olivier Boscagli,318508,1997-11-18,21,FIRST,2025-07-02,2030-06-30,,,CONFIRMED,https://www.transfermarkt.de/brighton-hove-albion/kader/verein/1237/saison_id/2026/plus/1,f2cf90d26295bb03b7a9f88ddd237a671bfa8ea7b8601dc2dd42f6c052d76dbc,23575,225863,917529
ENG1,2026/27,2026-09-12,Brighton & Hove Albion,1237,Lewis Dunk,148153,1991-11-21,5,FIRST,2010-07-01,2027-06-30,,,CONFIRMED,https://www.transfermarkt.de/brighton-hove-albion/kader/verein/1237/saison_id/2026/plus/1,f2cf90d26295bb03b7a9f88ddd237a671bfa8ea7b8601dc2dd42f6c052d76dbc,23569,199915,917529
ENG1,2026/27,2026-09-12,Brighton & Hove Albion,1237,Michael Svoboda,438961,1998-10-15,30,FIRST,2026-07-02,2030-06-30,,,CONFIRMED,https://www.transfermarkt.de/brighton-hove-albion/kader/verein/1237/saison_id/2026/plus/1,f2cf90d26295bb03b7a9f88ddd237a671bfa8ea7b8601dc2dd42f6c052d76dbc,293522,250779,917529
ENG1,2026/27,2026-09-12,Brighton & Hove Albion,1237,Ferdi Kadıoğlu,369316,1999-10-07,24,FIRST,2024-08-24,2028-06-30,,,CONFIRMED,https://www.transfermarkt.de/brighton-hove-albion/kader/verein/1237/saison_id/2026/plus/1,f2cf90d26295bb03b7a9f88ddd237a671bfa8ea7b8601dc2dd42f6c052d76dbc,23573,235152,917529
ENG1,2026/27,2026-09-12,Brighton & Hove Albion,1237,Maxim De Cuyper,429915,2000-12-22,29,FIRST,2025-07-05,2030-06-30,,,CONFIRMED,https://www.transfermarkt.de/brighton-hove-albion/kader/verein/1237/saison_id/2026/plus/1,f2cf90d26295bb03b7a9f88ddd237a671bfa8ea7b8601dc2dd42f6c052d76dbc,23583,251479,917529
ENG1,2026/27,2026-09-12,Brighton & Hove Albion,1237,Jaouen Hadjam,750903,2003-03-26,3,FIRST,2026-08-25,2031-06-30,,,CONFIRMED,https://www.transfermarkt.de/brighton-hove-albion/kader/verein/1237/saison_id/2026/plus/1,f2cf90d26295bb03b7a9f88ddd237a671bfa8ea7b8601dc2dd42f6c052d76dbc,295454,258230,917529
ENG1,2026/27,2026-09-12,Brighton & Hove Albion,1237,Mats Wieffer,415381,1999-11-16,27,FIRST,2024-07-05,2029-06-30,,,CONFIRMED,https://www.transfermarkt.de/brighton-hove-albion/kader/verein/1237/saison_id/2026/plus/1,f2cf90d26295bb03b7a9f88ddd237a671bfa8ea7b8601dc2dd42f6c052d76dbc,23574,248793,917529
ENG1,2026/27,2026-09-12,Brighton & Hove Albion,1237,Costinha,539252,2000-03-26,20,FIRST,2026-07-01,2031-06-30,,,CONFIRMED,https://www.transfermarkt.de/brighton-hove-albion/kader/verein/1237/saison_id/2026/plus/1,f2cf90d26295bb03b7a9f88ddd237a671bfa8ea7b8601dc2dd42f6c052d76dbc,104490,251942,917529
ENG1,2026/27,2026-09-12,Brighton & Hove Albion,1237,Jack Hinshelwood,867688,2005-04-11,8,FIRST,2023-07-01,2029-06-30,,,CONFIRMED,https://www.transfermarkt.de/brighton-hove-albion/kader/verein/1237/saison_id/2026/plus/1,f2cf90d26295bb03b7a9f88ddd237a671bfa8ea7b8601dc2dd42f6c052d76dbc,23580,277283,917529
ENG1,2026/27,2026-09-12,Brighton & Hove Albion,1237,Chema Andrés,948279,2005-04-25,14,FIRST,2026-09-01,2031-06-30,,,CONFIRMED,https://www.transfermarkt.de/brighton-hove-albion/kader/verein/1237/saison_id/2026/plus/1,f2cf90d26295bb03b7a9f88ddd237a671bfa8ea7b8601dc2dd42f6c052d76dbc,277645,75056,917529
ENG1,2026/27,2026-09-12,Brighton & Hove Albion,1237,Yasin Ayari,667287,2003-10-06,26,FIRST,2023-01-30,2027-06-30,,,CONFIRMED,https://www.transfermarkt.de/brighton-hove-albion/kader/verein/1237/saison_id/2026/plus/1,f2cf90d26295bb03b7a9f88ddd237a671bfa8ea7b8601dc2dd42f6c052d76dbc,23582,257400,917529
ENG1,2026/27,2026-09-12,Brighton & Hove Albion,1237,Diego Gómez,996897,2003-03-27,25,FIRST,2025-01-01,2031-06-30,,,CONFIRMED,https://www.transfermarkt.de/brighton-hove-albion/kader/verein/1237/saison_id/2026/plus/1,f2cf90d26295bb03b7a9f88ddd237a671bfa8ea7b8601dc2dd42f6c052d76dbc,23584,269278,917529
ENG1,2026/27,2026-09-12,Brighton & Hove Albion,1237,Pascal Groß,82873,1991-06-15,13,FIRST,2026-01-02,2027-06-30,,,CONFIRMED,https://www.transfermarkt.de/brighton-hove-albion/kader/verein/1237/saison_id/2026/plus/1,f2cf90d26295bb03b7a9f88ddd237a671bfa8ea7b8601dc2dd42f6c052d76dbc,277390,190765,917529
ENG1,2026/27,2026-09-12,Brighton & Hove Albion,1237,Femi Azeez,703408,2001-06-05,39,FIRST,2026-09-01,2030-06-30,,,CONFIRMED,https://www.transfermarkt.de/brighton-hove-albion/kader/verein/1237/saison_id/2026/plus/1,f2cf90d26295bb03b7a9f88ddd237a671bfa8ea7b8601dc2dd42f6c052d76dbc,262460,253433,917529
ENG1,2026/27,2026-09-12,Brighton & Hove Albion,1237,Kaoru Mitoma,504849,1997-05-20,7,FIRST,2021-08-10,2027-06-30,,,CONFIRMED,https://www.transfermarkt.de/brighton-hove-albion/kader/verein/1237/saison_id/2026/plus/1,f2cf90d26295bb03b7a9f88ddd237a671bfa8ea7b8601dc2dd42f6c052d76dbc,23565,255565,917529
ENG1,2026/27,2026-09-12,Brighton & Hove Albion,1237,Yankuba Minteh,1012534,2004-07-22,11,FIRST,2024-07-01,2029-06-30,,,CONFIRMED,https://www.transfermarkt.de/brighton-hove-albion/kader/verein/1237/saison_id/2026/plus/1,f2cf90d26295bb03b7a9f88ddd237a671bfa8ea7b8601dc2dd42f6c052d76dbc,23571,271800,917529
ENG1,2026/27,2026-09-12,Brighton & Hove Albion,1237,Zadok Yohanna,1421433,2007-06-29,36,FIRST,2026-07-01,2031-06-30,,,CONFIRMED,https://www.transfermarkt.de/brighton-hove-albion/kader/verein/1237/saison_id/2026/plus/1,f2cf90d26295bb03b7a9f88ddd237a671bfa8ea7b8601dc2dd42f6c052d76dbc,187911,80314,917529
ENG1,2026/27,2026-09-12,Brighton & Hove Albion,1237,Georginio Rutter,538977,2002-04-20,10,FIRST,2024-08-19,2028-06-30,,,CONFIRMED,https://www.transfermarkt.de/brighton-hove-albion/kader/verein/1237/saison_id/2026/plus/1,f2cf90d26295bb03b7a9f88ddd237a671bfa8ea7b8601dc2dd42f6c052d76dbc,23568,245637,917529
ENG1,2026/27,2026-09-12,Brighton & Hove Albion,1237,Charalampos Kostoulas,1060087,2007-05-30,19,FIRST,2025-07-01,2030-06-30,,,CONFIRMED,https://www.transfermarkt.de/brighton-hove-albion/kader/verein/1237/saison_id/2026/plus/1,f2cf90d26295bb03b7a9f88ddd237a671bfa8ea7b8601dc2dd42f6c052d76dbc,23587,73885,917529
ENG1,2026/27,2026-09-12,Brighton & Hove Albion,1237,Stefanos Tzimas,950091,2006-01-06,9,FIRST,2025-02-03,2030-06-30,,,CONFIRMED,https://www.transfermarkt.de/brighton-hove-albion/kader/verein/1237/saison_id/2026/plus/1,f2cf90d26295bb03b7a9f88ddd237a671bfa8ea7b8601dc2dd42f6c052d76dbc,23585,274699,917529
ENG1,2026/27,2026-09-12,Chelsea,631,Emiliano Martínez,111873,1992-09-02,1,FIRST,2026-08-30,2029-06-30,,,CONFIRMED,https://www.transfermarkt.de/fc-chelsea/kader/verein/631/saison_id/2026/plus/1,654f4cd4c0ce8c73da8a919c8a23c05e00fc473650df3999c3441d42c128ae64,261096,202811,917513
ENG1,2026/27,2026-09-12,Chelsea,631,Maxence Lacroix,434224,2000-04-06,5,FIRST,2026-07-30,2032-06-30,,,CONFIRMED,https://www.transfermarkt.de/fc-chelsea/kader/verein/631/saison_id/2026/plus/1,654f4cd4c0ce8c73da8a919c8a23c05e00fc473650df3999c3441d42c128ae64,265155,244067,917513
ENG1,2026/27,2026-09-12,Chelsea,631,Levi Colwill,614258,2003-02-26,6,FIRST,2022-07-01,2029-06-30,,,CONFIRMED,https://www.transfermarkt.de/fc-chelsea/kader/verein/631/saison_id/2026/plus/1,654f4cd4c0ce8c73da8a919c8a23c05e00fc473650df3999c3441d42c128ae64,23300,262859,917513
ENG1,2026/27,2026-09-12,Chelsea,631,Wesley Fofana,475411,2000-12-17,3,FIRST,2022-08-31,2029-06-30,,,CONFIRMED,https://www.transfermarkt.de/fc-chelsea/kader/verein/631/saison_id/2026/plus/1,654f4cd4c0ce8c73da8a919c8a23c05e00fc473650df3999c3441d42c128ae64,23299,248695,917513
ENG1,2026/27,2026-09-12,Chelsea,631,Josh Acheampong,1004708,2006-05-05,34,FIRST,2024-12-18,2029-06-30,,,CONFIRMED,https://www.transfermarkt.de/fc-chelsea/kader/verein/631/saison_id/2026/plus/1,654f4cd4c0ce8c73da8a919c8a23c05e00fc473650df3999c3441d42c128ae64,23325,71651,917513
ENG1,2026/27,2026-09-12,Chelsea,631,Jorrel Hato,904802,2006-03-07,21,FIRST,2025-08-03,2032-06-30,,,CONFIRMED,https://www.transfermarkt.de/fc-chelsea/kader/verein/631/saison_id/2026/plus/1,654f4cd4c0ce8c73da8a919c8a23c05e00fc473650df3999c3441d42c128ae64,23311,272978,917513
ENG1,2026/27,2026-09-12,Chelsea,631,Pep Chavarría,596122,1998-04-10,29,FIRST,2026-08-12,2031-06-30,,,CONFIRMED,https://www.transfermarkt.de/fc-chelsea/kader/verein/631/saison_id/2026/plus/1,654f4cd4c0ce8c73da8a919c8a23c05e00fc473650df3999c3441d42c128ae64,282786,258371,917513
ENG1,2026/27,2026-09-12,Chelsea,631,Reece James,472423,1999-12-08,24,FIRST,2019-07-01,2032-06-30,,,CONFIRMED,https://www.transfermarkt.de/fc-chelsea/kader/verein/631/saison_id/2026/plus/1,654f4cd4c0ce8c73da8a919c8a23c05e00fc473650df3999c3441d42c128ae64,23298,238074,917513
ENG1,2026/27,2026-09-12,Chelsea,631,Malo Gusto,620322,2003-05-19,27,FIRST,2023-01-29,2030-06-30,,,CONFIRMED,https://www.transfermarkt.de/fc-chelsea/kader/verein/631/saison_id/2026/plus/1,654f4cd4c0ce8c73da8a919c8a23c05e00fc473650df3999c3441d42c128ae64,23313,259307,917513
ENG1,2026/27,2026-09-12,Chelsea,631,Moisés Caicedo,687626,2001-11-02,25,FIRST,2023-08-14,2033-06-30,,,CONFIRMED,https://www.transfermarkt.de/fc-chelsea/kader/verein/631/saison_id/2026/plus/1,654f4cd4c0ce8c73da8a919c8a23c05e00fc473650df3999c3441d42c128ae64,23297,256079,917513
ENG1,2026/27,2026-09-12,Chelsea,631,Roméo Lavia,628451,2004-01-06,45,FIRST,2023-08-18,2030-06-30,,,CONFIRMED,https://www.transfermarkt.de/fc-chelsea/kader/verein/631/saison_id/2026/plus/1,654f4cd4c0ce8c73da8a919c8a23c05e00fc473650df3999c3441d42c128ae64,23315,263620,917513
ENG1,2026/27,2026-09-12,Chelsea,631,Valentín Barco,849410,2004-07-23,4,FIRST,2026-08-02,2033-06-30,,,CONFIRMED,https://www.transfermarkt.de/fc-chelsea/kader/verein/631/saison_id/2026/plus/1,654f4cd4c0ce8c73da8a919c8a23c05e00fc473650df3999c3441d42c128ae64,289594,263370,917513
ENG1,2026/27,2026-09-12,Chelsea,631,Jordan Henderson,61651,1990-06-17,14,FIRST,2026-08-03,2028-06-30,,,CONFIRMED,https://www.transfermarkt.de/fc-chelsea/kader/verein/631/saison_id/2026/plus/1,654f4cd4c0ce8c73da8a919c8a23c05e00fc473650df3999c3441d42c128ae64,258626,183711,917513
ENG1,2026/27,2026-09-12,Chelsea,631,Morgan Rogers,503743,2002-07-26,17,FIRST,2026-07-21,2033-06-30,,,CONFIRMED,https://www.transfermarkt.de/fc-chelsea/kader/verein/631/saison_id/2026/plus/1,654f4cd4c0ce8c73da8a919c8a23c05e00fc473650df3999c3441d42c128ae64,261099,260247,917513
ENG1,2026/27,2026-09-12,Chelsea,631,Cole Palmer,568177,2002-05-06,10,FIRST,2023-09-01,2033-06-30,,,CONFIRMED,https://www.transfermarkt.de/fc-chelsea/kader/verein/631/saison_id/2026/plus/1,654f4cd4c0ce8c73da8a919c8a23c05e00fc473650df3999c3441d42c128ae64,23295,257534,917513
ENG1,2026/27,2026-09-12,Chelsea,631,Jamie Gittens,670882,2004-08-08,11,FIRST,2025-07-05,2032-06-30,,,CONFIRMED,https://www.transfermarkt.de/fc-chelsea/kader/verein/631/saison_id/2026/plus/1,654f4cd4c0ce8c73da8a919c8a23c05e00fc473650df3999c3441d42c128ae64,23309,266032,917513
ENG1,2026/27,2026-09-12,Chelsea,631,Estêvão,1056993,2007-04-24,41,FIRST,2025-07-14,2033-06-30,,,CONFIRMED,https://www.transfermarkt.de/fc-chelsea/kader/verein/631/saison_id/2026/plus/1,654f4cd4c0ce8c73da8a919c8a23c05e00fc473650df3999c3441d42c128ae64,23320,76687,917513
ENG1,2026/27,2026-09-12,Chelsea,631,Pedro Neto,487465,2000-03-09,7,FIRST,2024-08-11,2032-06-30,,,CONFIRMED,https://www.transfermarkt.de/fc-chelsea/kader/verein/631/saison_id/2026/plus/1,654f4cd4c0ce8c73da8a919c8a23c05e00fc473650df3999c3441d42c128ae64,23312,238616,917513
ENG1,2026/27,2026-09-12,Chelsea,631,Geovany Quenda,1138758,2007-04-30,23,FIRST,2026-07-01,2034-06-30,,,CONFIRMED,https://www.transfermarkt.de/fc-chelsea/kader/verein/631/saison_id/2026/plus/1,654f4cd4c0ce8c73da8a919c8a23c05e00fc473650df3999c3441d42c128ae64,286418,279044,917513
ENG1,2026/27,2026-09-12,Chelsea,631,João Pedro,626724,2001-09-26,9,FIRST,2025-07-02,2034-06-30,,,CONFIRMED,https://www.transfermarkt.de/fc-chelsea/kader/verein/631/saison_id/2026/plus/1,654f4cd4c0ce8c73da8a919c8a23c05e00fc473650df3999c3441d42c128ae64,23301,252042,917513
ENG1,2026/27,2026-09-12,Chelsea,631,Emmanuel Emegha,559328,2003-02-03,22,FIRST,2026-07-01,2033-06-30,,,CONFIRMED,https://www.transfermarkt.de/fc-chelsea/kader/verein/631/saison_id/2026/plus/1,654f4cd4c0ce8c73da8a919c8a23c05e00fc473650df3999c3441d42c128ae64,289593,258437,917513
ENG1,2026/27,2026-09-12,Chelsea,631,Danny Welbeck,67063,1990-11-26,18,FIRST,2026-08-01,2028-06-30,,,CONFIRMED,https://www.transfermarkt.de/fc-chelsea/kader/verein/631/saison_id/2026/plus/1,654f4cd4c0ce8c73da8a919c8a23c05e00fc473650df3999c3441d42c128ae64,23570,186146,917513
ENG1,2026/27,2026-09-12,Coventry City,990,Daniel Bentley,136401,1993-07-13,25,FIRST,2026-08-21,2028-06-30,,,CONFIRMED,https://www.transfermarkt.de/coventry-city/kader/verein/990/saison_id/2026/plus/1,f8b6df3a235487785b5388c90b2e9ed50f43a330cba1ff3e2ab5138484452aae,23758,198350,917530
ENG1,2026/27,2026-09-12,Coventry City,990,Ben Wilson,121352,1992-08-09,13,FIRST,2019-07-01,2027-06-30,,,CONFIRMED,https://www.transfermarkt.de/coventry-city/kader/verein/990/saison_id/2026/plus/1,f8b6df3a235487785b5388c90b2e9ed50f43a330cba1ff3e2ab5138484452aae,24088,204825,917530
ENG1,2026/27,2026-09-12,Coventry City,990,Bobby Thomas,788283,2001-01-30,4,FIRST,2023-07-22,2029-06-30,,,CONFIRMED,https://www.transfermarkt.de/coventry-city/kader/verein/990/saison_id/2026/plus/1,f8b6df3a235487785b5388c90b2e9ed50f43a330cba1ff3e2ab5138484452aae,24075,257253,917530
ENG1,2026/27,2026-09-12,Coventry City,990,Aurèle Amenda,635645,2003-07-31,24,FIRST,2026-07-16,,,,CONFIRMED,https://www.transfermarkt.de/coventry-city/kader/verein/990/saison_id/2026/plus/1,f8b6df3a235487785b5388c90b2e9ed50f43a330cba1ff3e2ab5138484452aae,277155,270846,917530
ENG1,2026/27,2026-09-12,Coventry City,990,Ethan Pinnock,442248,1993-05-29,2,FIRST,2026-08-26,,,,CONFIRMED,https://www.transfermarkt.de/coventry-city/kader/verein/990/saison_id/2026/plus/1,f8b6df3a235487785b5388c90b2e9ed50f43a330cba1ff3e2ab5138484452aae,258641,238717,917530
ENG1,2026/27,2026-09-12,Coventry City,990,Joel Latibeaudiere,412823,2000-01-06,22,FIRST,2023-07-18,2027-06-30,,,CONFIRMED,https://www.transfermarkt.de/coventry-city/kader/verein/990/saison_id/2026/plus/1,f8b6df3a235487785b5388c90b2e9ed50f43a330cba1ff3e2ab5138484452aae,24085,233047,917530
ENG1,2026/27,2026-09-12,Coventry City,990,Luke Woolfenden,527425,1998-10-21,26,FIRST,2025-09-01,2028-06-30,,,CONFIRMED,https://www.transfermarkt.de/coventry-city/kader/verein/990/saison_id/2026/plus/1,f8b6df3a235487785b5388c90b2e9ed50f43a330cba1ff3e2ab5138484452aae,24076,240500,917530
ENG1,2026/27,2026-09-12,Coventry City,990,Jay Dasilva,258915,1998-04-22,3,FIRST,2023-07-01,2027-06-30,,,CONFIRMED,https://www.transfermarkt.de/coventry-city/kader/verein/990/saison_id/2026/plus/1,f8b6df3a235487785b5388c90b2e9ed50f43a330cba1ff3e2ab5138484452aae,24082,232755,917530
ENG1,2026/27,2026-09-12,Coventry City,990,Jake Bidwell,121250,1993-03-21,21,FIRST,2022-01-17,2027-06-30,,,CONFIRMED,https://www.transfermarkt.de/coventry-city/kader/verein/990/saison_id/2026/plus/1,f8b6df3a235487785b5388c90b2e9ed50f43a330cba1ff3e2ab5138484452aae,24084,196952,917530
ENG1,2026/27,2026-09-12,Coventry City,990,Milan van Ewijk,587335,2000-09-08,27,FIRST,2023-07-27,2027-06-30,,,CONFIRMED,https://www.transfermarkt.de/coventry-city/kader/verein/990/saison_id/2026/plus/1,f8b6df3a235487785b5388c90b2e9ed50f43a330cba1ff3e2ab5138484452aae,24071,251626,917530
ENG1,2026/27,2026-09-12,Coventry City,990,Kaine Kesler-Hayden,626888,2002-10-23,20,FIRST,2025-07-01,2029-06-30,,,CONFIRMED,https://www.transfermarkt.de/coventry-city/kader/verein/990/saison_id/2026/plus/1,f8b6df3a235487785b5388c90b2e9ed50f43a330cba1ff3e2ab5138484452aae,24081,261335,917530
ENG1,2026/27,2026-09-12,Coventry City,990,Matt Grimes,265471,1995-07-15,6,FIRST,2025-01-31,2028-06-30,,,CONFIRMED,https://www.transfermarkt.de/coventry-city/kader/verein/990/saison_id/2026/plus/1,f8b6df3a235487785b5388c90b2e9ed50f43a330cba1ff3e2ab5138484452aae,24073,212118,917530
ENG1,2026/27,2026-09-12,Coventry City,990,Caleb Yirenkyi,1240763,2006-01-15,8,FIRST,2026-08-07,,,,CONFIRMED,https://www.transfermarkt.de/coventry-city/kader/verein/990/saison_id/2026/plus/1,f8b6df3a235487785b5388c90b2e9ed50f43a330cba1ff3e2ab5138484452aae,285649,73638,917530
ENG1,2026/27,2026-09-12,Coventry City,990,Victor Torp,403692,1999-07-30,29,FIRST,2024-01-11,,,,CONFIRMED,https://www.transfermarkt.de/coventry-city/kader/verein/990/saison_id/2026/plus/1,f8b6df3a235487785b5388c90b2e9ed50f43a330cba1ff3e2ab5138484452aae,24072,241645,917530
ENG1,2026/27,2026-09-12,Coventry City,990,Gustavo Hamer,322985,1997-06-24,38,FIRST,2026-08-12,,,,CONFIRMED,https://www.transfermarkt.de/coventry-city/kader/verein/990/saison_id/2026/plus/1,f8b6df3a235487785b5388c90b2e9ed50f43a330cba1ff3e2ab5138484452aae,261945,234741,917530
ENG1,2026/27,2026-09-12,Coventry City,990,Josh Eccles,618903,2000-04-06,28,FIRST,2020-07-01,2028-06-30,,,CONFIRMED,https://www.transfermarkt.de/coventry-city/kader/verein/990/saison_id/2026/plus/1,f8b6df3a235487785b5388c90b2e9ed50f43a330cba1ff3e2ab5138484452aae,24087,251555,917530
ENG1,2026/27,2026-09-12,Coventry City,990,Frank Onyeka,421637,1998-01-01,16,FIRST,2026-07-01,2030-06-30,,,CONFIRMED,https://www.transfermarkt.de/coventry-city/kader/verein/990/saison_id/2026/plus/1,f8b6df3a235487785b5388c90b2e9ed50f43a330cba1ff3e2ab5138484452aae,258645,239529,917530
ENG1,2026/27,2026-09-12,Coventry City,990,Jack Rudoni,662476,2001-06-14,5,FIRST,2024-07-01,2028-06-30,,,CONFIRMED,https://www.transfermarkt.de/coventry-city/kader/verein/990/saison_id/2026/plus/1,f8b6df3a235487785b5388c90b2e9ed50f43a330cba1ff3e2ab5138484452aae,24070,251690,917530
ENG1,2026/27,2026-09-12,Coventry City,990,Yann Gboho,463613,2001-01-14,34,FIRST,2026-09-01,,,,CONFIRMED,https://www.transfermarkt.de/coventry-city/kader/verein/990/saison_id/2026/plus/1,f8b6df3a235487785b5388c90b2e9ed50f43a330cba1ff3e2ab5138484452aae,291077,252937,917530
ENG1,2026/27,2026-09-12,Coventry City,990,Ephron Mason-Clark,466637,1999-08-25,10,FIRST,2024-02-01,2028-06-30,,,CONFIRMED,https://www.transfermarkt.de/coventry-city/kader/verein/990/saison_id/2026/plus/1,f8b6df3a235487785b5388c90b2e9ed50f43a330cba1ff3e2ab5138484452aae,24077,236784,917530
ENG1,2026/27,2026-09-12,Coventry City,990,Loum Tchaouna,607226,2003-09-08,17,FIRST,2026-07-11,2031-06-30,,,CONFIRMED,https://www.transfermarkt.de/coventry-city/kader/verein/990/saison_id/2026/plus/1,f8b6df3a235487785b5388c90b2e9ed50f43a330cba1ff3e2ab5138484452aae,260251,264880,917530
ENG1,2026/27,2026-09-12,Coventry City,990,Tatsuhiro Sakamoto,617408,1996-10-22,7,FIRST,2023-07-10,2027-06-30,,,CONFIRMED,https://www.transfermarkt.de/coventry-city/kader/verein/990/saison_id/2026/plus/1,f8b6df3a235487785b5388c90b2e9ed50f43a330cba1ff3e2ab5138484452aae,24074,254910,917530
ENG1,2026/27,2026-09-12,Coventry City,990,Sidiki Chérif,986288,2006-12-15,49,FIRST,2026-08-19,,,,CONFIRMED,https://www.transfermarkt.de/coventry-city/kader/verein/990/saison_id/2026/plus/1,f8b6df3a235487785b5388c90b2e9ed50f43a330cba1ff3e2ab5138484452aae,290119,277485,917530
ENG1,2026/27,2026-09-12,Coventry City,990,Haji Wright,315291,1998-03-27,11,FIRST,2023-08-04,2027-06-30,,,CONFIRMED,https://www.transfermarkt.de/coventry-city/kader/verein/990/saison_id/2026/plus/1,f8b6df3a235487785b5388c90b2e9ed50f43a330cba1ff3e2ab5138484452aae,24069,238743,917530
ENG1,2026/27,2026-09-12,Coventry City,990,Brandon Thomas-Asante,451747,1998-12-29,23,FIRST,2024-08-01,2028-06-30,,,CONFIRMED,https://www.transfermarkt.de/coventry-city/kader/verein/990/saison_id/2026/plus/1,f8b6df3a235487785b5388c90b2e9ed50f43a330cba1ff3e2ab5138484452aae,24086,235744,917530
ENG1,2026/27,2026-09-12,Coventry City,990,Ellis Simms,511550,2001-01-05,9,FIRST,2023-07-07,2027-06-30,,,CONFIRMED,https://www.transfermarkt.de/coventry-city/kader/verein/990/saison_id/2026/plus/1,f8b6df3a235487785b5388c90b2e9ed50f43a330cba1ff3e2ab5138484452aae,24079,251198,917530
ENG1,2026/27,2026-09-12,Coventry City,990,Taiwo Awoniyi,295313,1997-08-12,14,FIRST,2026-08-17,,,,CONFIRMED,https://www.transfermarkt.de/coventry-city/kader/verein/990/saison_id/2026/plus/1,f8b6df3a235487785b5388c90b2e9ed50f43a330cba1ff3e2ab5138484452aae,23499,230978,917530
ENG1,2026/27,2026-09-12,Crystal Palace,873,Dean Henderson,258919,1997-03-12,1,FIRST,2023-08-31,2028-06-30,,,CONFIRMED,https://www.transfermarkt.de/crystal-palace/kader/verein/873/saison_id/2026/plus/1,5b0d8110693231bc9cfcbf4e744171ea18f83dc20ff4c35e294cf84c098ae7ac,265154,233306,917535
ENG1,2026/27,2026-09-12,Crystal Palace,873,Walter Benítez,296802,1993-01-19,44,FIRST,2025-07-01,2028-06-30,,,CONFIRMED,https://www.transfermarkt.de/crystal-palace/kader/verein/873/saison_id/2026/plus/1,5b0d8110693231bc9cfcbf4e744171ea18f83dc20ff4c35e294cf84c098ae7ac,265157,215223,917535
ENG1,2026/27,2026-09-12,Crystal Palace,873,Remi Matthews,196722,1994-02-10,31,FIRST,2021-07-12,2027-06-30,,,CONFIRMED,https://www.transfermarkt.de/crystal-palace/kader/verein/873/saison_id/2026/plus/1,5b0d8110693231bc9cfcbf4e744171ea18f83dc20ff4c35e294cf84c098ae7ac,265171,203824,917535
ENG1,2026/27,2026-09-12,Crystal Palace,873,Jaydee Canvot,1006411,2006-07-29,6,FIRST,2025-09-01,2029-06-30,,,CONFIRMED,https://www.transfermarkt.de/crystal-palace/kader/verein/873/saison_id/2026/plus/1,5b0d8110693231bc9cfcbf4e744171ea18f83dc20ff4c35e294cf84c098ae7ac,265167,74133,917535
ENG1,2026/27,2026-09-12,Crystal Palace,873,Chris Richards,578539,2000-03-28,26,FIRST,2022-07-27,2027-06-30,,,CONFIRMED,https://www.transfermarkt.de/crystal-palace/kader/verein/873/saison_id/2026/plus/1,5b0d8110693231bc9cfcbf4e744171ea18f83dc20ff4c35e294cf84c098ae7ac,265161,250954,917535
ENG1,2026/27,2026-09-12,Crystal Palace,873,Chadi Riad,689637,2003-06-17,4,FIRST,2024-07-02,2029-06-30,,,CONFIRMED,https://www.transfermarkt.de/crystal-palace/kader/verein/873/saison_id/2026/plus/1,5b0d8110693231bc9cfcbf4e744171ea18f83dc20ff4c35e294cf84c098ae7ac,265165,258490,917535
ENG1,2026/27,2026-09-12,Crystal Palace,873,Tyrick Mitchell,730893,1999-09-01,3,FIRST,2020-07-01,2027-06-30,,,CONFIRMED,https://www.transfermarkt.de/crystal-palace/kader/verein/873/saison_id/2026/plus/1,5b0d8110693231bc9cfcbf4e744171ea18f83dc20ff4c35e294cf84c098ae7ac,265158,240947,917535
ENG1,2026/27,2026-09-12,Crystal Palace,873,Ben Chilwell,316125,1996-12-21,33,FIRST,2026-09-01,,,,CONFIRMED,https://www.transfermarkt.de/crystal-palace/kader/verein/873/saison_id/2026/plus/1,5b0d8110693231bc9cfcbf4e744171ea18f83dc20ff4c35e294cf84c098ae7ac,289590,229984,917535
ENG1,2026/27,2026-09-12,Crystal Palace,873,Anan Khalaili,945021,2004-09-03,25,FIRST,2026-08-15,2031-06-30,,,CONFIRMED,https://www.transfermarkt.de/crystal-palace/kader/verein/873/saison_id/2026/plus/1,5b0d8110693231bc9cfcbf4e744171ea18f83dc20ff4c35e294cf84c098ae7ac,234979,70888,917535
ENG1,2026/27,2026-09-12,Crystal Palace,873,Óscar Mingueza,331505,1999-05-13,30,FIRST,2026-07-09,2030-06-30,,,CONFIRMED,https://www.transfermarkt.de/crystal-palace/kader/verein/873/saison_id/2026/plus/1,5b0d8110693231bc9cfcbf4e744171ea18f83dc20ff4c35e294cf84c098ae7ac,283249,259694,917535
ENG1,2026/27,2026-09-12,Crystal Palace,873,Adam Wharton,744149,2004-02-06,20,FIRST,2024-02-01,2029-06-30,,,CONFIRMED,https://www.transfermarkt.de/crystal-palace/kader/verein/873/saison_id/2026/plus/1,5b0d8110693231bc9cfcbf4e744171ea18f83dc20ff4c35e294cf84c098ae7ac,265151,259240,917535
ENG1,2026/27,2026-09-12,Crystal Palace,873,Cheick Doucouré,543387,2000-01-08,28,FIRST,2022-07-11,2029-06-30,,,CONFIRMED,https://www.transfermarkt.de/crystal-palace/kader/verein/873/saison_id/2026/plus/1,5b0d8110693231bc9cfcbf4e744171ea18f83dc20ff4c35e294cf84c098ae7ac,265156,242619,917535
ENG1,2026/27,2026-09-12,Crystal Palace,873,Jefferson Lerma,262980,1994-10-25,8,FIRST,2023-07-01,2027-06-30,,,CONFIRMED,https://www.transfermarkt.de/crystal-palace/kader/verein/873/saison_id/2026/plus/1,5b0d8110693231bc9cfcbf4e744171ea18f83dc20ff4c35e294cf84c098ae7ac,265163,213991,917535
ENG1,2026/27,2026-09-12,Crystal Palace,873,Quinten Timber,420213,2001-06-17,23,FIRST,2026-09-01,2031-06-30,,,CONFIRMED,https://www.transfermarkt.de/crystal-palace/kader/verein/873/saison_id/2026/plus/1,5b0d8110693231bc9cfcbf4e744171ea18f83dc20ff4c35e294cf84c098ae7ac,294596,251806,917535
ENG1,2026/27,2026-09-12,Crystal Palace,873,Daichi Kamada,356141,1996-08-05,18,FIRST,2024-07-01,2027-06-30,,,CONFIRMED,https://www.transfermarkt.de/crystal-palace/kader/verein/873/saison_id/2026/plus/1,5b0d8110693231bc9cfcbf4e744171ea18f83dc20ff4c35e294cf84c098ae7ac,265159,232730,917535
ENG1,2026/27,2026-09-12,Crystal Palace,873,Will Hughes,207014,1995-04-17,19,FIRST,2021-08-28,2027-06-30,,,CONFIRMED,https://www.transfermarkt.de/crystal-palace/kader/verein/873/saison_id/2026/plus/1,5b0d8110693231bc9cfcbf4e744171ea18f83dc20ff4c35e294cf84c098ae7ac,265164,206516,917535
ENG1,2026/27,2026-09-12,Crystal Palace,873,Yéremy Pino,568157,2002-10-20,10,FIRST,2025-08-29,2030-06-30,,,CONFIRMED,https://www.transfermarkt.de/crystal-palace/kader/verein/873/saison_id/2026/plus/1,5b0d8110693231bc9cfcbf4e744171ea18f83dc20ff4c35e294cf84c098ae7ac,265150,259377,917535
ENG1,2026/27,2026-09-12,Crystal Palace,873,Dwight McNeil,584769,1999-11-22,11,FIRST,2026-08-11,2030-06-30,,,CONFIRMED,https://www.transfermarkt.de/crystal-palace/kader/verein/873/saison_id/2026/plus/1,5b0d8110693231bc9cfcbf4e744171ea18f83dc20ff4c35e294cf84c098ae7ac,259155,243282,917535
ENG1,2026/27,2026-09-12,Crystal Palace,873,Ismaïla Sarr,410225,1998-02-25,7,FIRST,2024-08-01,2029-06-30,,,CONFIRMED,https://www.transfermarkt.de/crystal-palace/kader/verein/873/saison_id/2026/plus/1,5b0d8110693231bc9cfcbf4e744171ea18f83dc20ff4c35e294cf84c098ae7ac,265160,235353,917535
ENG1,2026/27,2026-09-12,Crystal Palace,873,Zavier Gozo,1007383,2007-03-22,12,FIRST,2026-08-18,2031-06-30,,,CONFIRMED,https://www.transfermarkt.de/crystal-palace/kader/verein/873/saison_id/2026/plus/1,5b0d8110693231bc9cfcbf4e744171ea18f83dc20ff4c35e294cf84c098ae7ac,299994,278875,917535
ENG1,2026/27,2026-09-12,Crystal Palace,873,Jørgen Strand Larsen,429983,2000-02-06,22,FIRST,2026-02-02,2030-06-30,,,CONFIRMED,https://www.transfermarkt.de/crystal-palace/kader/verein/873/saison_id/2026/plus/1,5b0d8110693231bc9cfcbf4e744171ea18f83dc20ff4c35e294cf84c098ae7ac,23739,238756,917535
ENG1,2026/27,2026-09-12,Crystal Palace,873,Jean-Philippe Mateta,420002,1997-06-28,14,FIRST,2022-01-31,2027-06-30,,,CONFIRMED,https://www.transfermarkt.de/crystal-palace/kader/verein/873/saison_id/2026/plus/1,5b0d8110693231bc9cfcbf4e744171ea18f83dc20ff4c35e294cf84c098ae7ac,290376,236461,917535
ENG1,2026/27,2026-09-12,Crystal Palace,873,Eddie Nketiah,340324,1999-05-30,9,FIRST,2024-08-30,2029-06-30,,,CONFIRMED,https://www.transfermarkt.de/crystal-palace/kader/verein/873/saison_id/2026/plus/1,5b0d8110693231bc9cfcbf4e744171ea18f83dc20ff4c35e294cf84c098ae7ac,265153,236988,917535
ENG1,2026/27,2026-09-12,Everton,29,Jordan Pickford,130164,1994-03-07,1,FIRST,2017-07-01,2029-06-30,,,CONFIRMED,https://www.transfermarkt.de/fc-everton/kader/verein/29/saison_id/2026/plus/1,42b6f20b51ab963f490c0c9e3fce8d8e64beae01bd82a8476a0462feb2ef546d,259144,204935,917517
ENG1,2026/27,2026-09-12,Everton,29,Mark Travers,357658,1999-05-18,12,FIRST,2025-07-15,2029-06-30,,,CONFIRMED,https://www.transfermarkt.de/fc-everton/kader/verein/29/saison_id/2026/plus/1,42b6f20b51ab963f490c0c9e3fce8d8e64beae01bd82a8476a0462feb2ef546d,259157,232284,917517
ENG1,2026/27,2026-09-12,Everton,29,Tom King,215810,1995-03-09,31,FIRST,2025-08-15,2027-06-30,,,CONFIRMED,https://www.transfermarkt.de/fc-everton/kader/verein/29/saison_id/2026/plus/1,42b6f20b51ab963f490c0c9e3fce8d8e64beae01bd82a8476a0462feb2ef546d,259170,225650,917517
ENG1,2026/27,2026-09-12,Everton,29,Jarrad Branthwaite,661053,2002-06-27,4,FIRST,2020-01-13,2030-06-30,,,CONFIRMED,https://www.transfermarkt.de/fc-everton/kader/verein/29/saison_id/2026/plus/1,42b6f20b51ab963f490c0c9e3fce8d8e64beae01bd82a8476a0462feb2ef546d,259146,247649,917517
ENG1,2026/27,2026-09-12,Everton,29,James Tarkowski,173504,1992-11-19,6,FIRST,2022-07-02,2028-06-30,,,CONFIRMED,https://www.transfermarkt.de/fc-everton/kader/verein/29/saison_id/2026/plus/1,42b6f20b51ab963f490c0c9e3fce8d8e64beae01bd82a8476a0462feb2ef546d,259149,202695,917517
ENG1,2026/27,2026-09-12,Everton,29,Michael Keane,118534,1993-01-11,5,FIRST,2017-07-03,2027-06-30,,,CONFIRMED,https://www.transfermarkt.de/fc-everton/kader/verein/29/saison_id/2026/plus/1,42b6f20b51ab963f490c0c9e3fce8d8e64beae01bd82a8476a0462feb2ef546d,259162,207599,917517
ENG1,2026/27,2026-09-12,Everton,29,Vitaliy Mykolenko,404842,1999-05-29,16,FIRST,2022-01-01,2029-06-30,,,CONFIRMED,https://www.transfermarkt.de/fc-everton/kader/verein/29/saison_id/2026/plus/1,42b6f20b51ab963f490c0c9e3fce8d8e64beae01bd82a8476a0462feb2ef546d,259159,244380,917517
ENG1,2026/27,2026-09-12,Everton,29,Jake O'Brien,711544,2001-05-15,15,FIRST,2024-07-30,2028-06-30,,,CONFIRMED,https://www.transfermarkt.de/fc-everton/kader/verein/29/saison_id/2026/plus/1,42b6f20b51ab963f490c0c9e3fce8d8e64beae01bd82a8476a0462feb2ef546d,259158,253510,917517
ENG1,2026/27,2026-09-12,Everton,29,Ainsley Maitland-Niles,285845,1997-08-29,2,FIRST,2026-09-01,2029-06-30,,,CONFIRMED,https://www.transfermarkt.de/fc-everton/kader/verein/29/saison_id/2026/plus/1,42b6f20b51ab963f490c0c9e3fce8d8e64beae01bd82a8476a0462feb2ef546d,284663,225782,917517
ENG1,2026/27,2026-09-12,Everton,29,James Garner,505219,2001-03-13,37,FIRST,2022-09-01,2030-06-30,,,CONFIRMED,https://www.transfermarkt.de/fc-everton/kader/verein/29/saison_id/2026/plus/1,42b6f20b51ab963f490c0c9e3fce8d8e64beae01bd82a8476a0462feb2ef546d,259153,243657,917517
ENG1,2026/27,2026-09-12,Everton,29,Hayden Hackney,538216,2002-06-26,30,FIRST,2026-07-02,2031-06-30,,,CONFIRMED,https://www.transfermarkt.de/fc-everton/kader/verein/29/saison_id/2026/plus/1,42b6f20b51ab963f490c0c9e3fce8d8e64beae01bd82a8476a0462feb2ef546d,266488,253054,917517
ENG1,2026/27,2026-09-12,Everton,29,Christian Nørgaard,148367,1994-03-10,23,FIRST,2026-08-05,2028-06-30,,,CONFIRMED,https://www.transfermarkt.de/fc-everton/kader/verein/29/saison_id/2026/plus/1,42b6f20b51ab963f490c0c9e3fce8d8e64beae01bd82a8476a0462feb2ef546d,257422,210697,917517
ENG1,2026/27,2026-09-12,Everton,29,Kiernan Dewsbury-Hall,475188,1998-09-06,8,FIRST,2025-08-06,2030-06-30,,,CONFIRMED,https://www.transfermarkt.de/fc-everton/kader/verein/29/saison_id/2026/plus/1,42b6f20b51ab963f490c0c9e3fce8d8e64beae01bd82a8476a0462feb2ef546d,259152,237386,917517
ENG1,2026/27,2026-09-12,Everton,29,Carlos Alcaraz,748319,2002-11-30,24,FIRST,2025-07-01,2027-06-30,,,CONFIRMED,https://www.transfermarkt.de/fc-everton/kader/verein/29/saison_id/2026/plus/1,42b6f20b51ab963f490c0c9e3fce8d8e64beae01bd82a8476a0462feb2ef546d,259148,256402,917517
ENG1,2026/27,2026-09-12,Everton,29,Tyrique George,936874,2006-02-04,19,FIRST,2026-07-06,2030-06-30,,,CONFIRMED,https://www.transfermarkt.de/fc-everton/kader/verein/29/saison_id/2026/plus/1,42b6f20b51ab963f490c0c9e3fce8d8e64beae01bd82a8476a0462feb2ef546d,23323,71998,917517
ENG1,2026/27,2026-09-12,Everton,29,Brennan Johnson,470607,2001-05-23,22,FIRST,2026-08-11,2030-06-30,,,CONFIRMED,https://www.transfermarkt.de/fc-everton/kader/verein/29/saison_id/2026/plus/1,42b6f20b51ab963f490c0c9e3fce8d8e64beae01bd82a8476a0462feb2ef546d,265411,251421,917517
ENG1,2026/27,2026-09-12,Everton,29,Tyler Dibling,866655,2006-02-17,20,FIRST,2025-08-25,2029-06-30,,,CONFIRMED,https://www.transfermarkt.de/fc-everton/kader/verein/29/saison_id/2026/plus/1,42b6f20b51ab963f490c0c9e3fce8d8e64beae01bd82a8476a0462feb2ef546d,259154,279497,917517
ENG1,2026/27,2026-09-12,Everton,29,Thierno Barry,937941,2002-10-21,11,FIRST,2025-07-09,2029-06-30,,,CONFIRMED,https://www.transfermarkt.de/fc-everton/kader/verein/29/saison_id/2026/plus/1,42b6f20b51ab963f490c0c9e3fce8d8e64beae01bd82a8476a0462feb2ef546d,259151,276295,917517
ENG1,2026/27,2026-09-12,Fulham,931,Bernd Leno,72476,1992-03-04,1,FIRST,2022-08-02,2027-06-30,,,CONFIRMED,https://www.transfermarkt.de/fc-fulham/kader/verein/931/saison_id/2026/plus/1,abc9ef5d8dbb5849dcf6d123a562b6a7cc7afc983fc84b62fadedbe7ab430fe0,23651,192563,917521
ENG1,2026/27,2026-09-12,Fulham,931,Benjamin Lecomte,127181,1991-04-26,23,FIRST,2025-07-26,2027-06-30,,,CONFIRMED,https://www.transfermarkt.de/fc-fulham/kader/verein/931/saison_id/2026/plus/1,abc9ef5d8dbb5849dcf6d123a562b6a7cc7afc983fc84b62fadedbe7ab430fe0,23671,200726,917521
ENG1,2026/27,2026-09-12,Fulham,931,Alex Borto,817613,2003-11-06,36,FIRST,2026-07-01,2027-06-30,,,CONFIRMED,https://www.transfermarkt.de/fc-fulham/kader/verein/931/saison_id/2026/plus/1,abc9ef5d8dbb5849dcf6d123a562b6a7cc7afc983fc84b62fadedbe7ab430fe0,24307,0,917521
ENG1,2026/27,2026-09-12,Fulham,931,Calvin Bassey,461883,1999-12-31,3,FIRST,2023-07-28,2027-06-30,,,CONFIRMED,https://www.transfermarkt.de/fc-fulham/kader/verein/931/saison_id/2026/plus/1,abc9ef5d8dbb5849dcf6d123a562b6a7cc7afc983fc84b62fadedbe7ab430fe0,23655,241436,917521
ENG1,2026/27,2026-09-12,Fulham,931,Joachim Andersen,260827,1996-05-31,5,FIRST,2024-08-23,2029-06-30,,,CONFIRMED,https://www.transfermarkt.de/fc-fulham/kader/verein/931/saison_id/2026/plus/1,abc9ef5d8dbb5849dcf6d123a562b6a7cc7afc983fc84b62fadedbe7ab430fe0,23653,224221,917521
ENG1,2026/27,2026-09-12,Fulham,931,David Affengruber,452483,2001-03-19,22,FIRST,2026-09-01,2030-06-30,,,CONFIRMED,https://www.transfermarkt.de/fc-fulham/kader/verein/931/saison_id/2026/plus/1,abc9ef5d8dbb5849dcf6d123a562b6a7cc7afc983fc84b62fadedbe7ab430fe0,283902,261264,917521
ENG1,2026/27,2026-09-12,Fulham,931,Jorge Cuenca,494880,1999-11-17,4,FIRST,2024-08-03,2028-06-30,,,CONFIRMED,https://www.transfermarkt.de/fc-fulham/kader/verein/931/saison_id/2026/plus/1,abc9ef5d8dbb5849dcf6d123a562b6a7cc7afc983fc84b62fadedbe7ab430fe0,23667,237522,917521
ENG1,2026/27,2026-09-12,Fulham,931,Ryan Sessegnon,392775,2000-05-18,30,FIRST,2024-07-26,2027-06-30,,,CONFIRMED,https://www.transfermarkt.de/fc-fulham/kader/verein/931/saison_id/2026/plus/1,abc9ef5d8dbb5849dcf6d123a562b6a7cc7afc983fc84b62fadedbe7ab430fe0,23656,235883,917521
ENG1,2026/27,2026-09-12,Fulham,931,Antonee Robinson,349701,1997-08-08,33,FIRST,2020-08-20,2028-06-30,,,CONFIRMED,https://www.transfermarkt.de/fc-fulham/kader/verein/931/saison_id/2026/plus/1,abc9ef5d8dbb5849dcf6d123a562b6a7cc7afc983fc84b62fadedbe7ab430fe0,23650,229348,917521
ENG1,2026/27,2026-09-12,Fulham,931,Kenny Tete,206746,1995-10-09,2,FIRST,2020-09-10,2028-06-30,,,CONFIRMED,https://www.transfermarkt.de/fc-fulham/kader/verein/931/saison_id/2026/plus/1,abc9ef5d8dbb5849dcf6d123a562b6a7cc7afc983fc84b62fadedbe7ab430fe0,23661,216266,917521
ENG1,2026/27,2026-09-12,Fulham,931,Timothy Castagne,262226,1995-12-05,21,FIRST,2023-08-29,2027-06-30,,,CONFIRMED,https://www.transfermarkt.de/fc-fulham/kader/verein/931/saison_id/2026/plus/1,abc9ef5d8dbb5849dcf6d123a562b6a7cc7afc983fc84b62fadedbe7ab430fe0,23660,222501,917521
ENG1,2026/27,2026-09-12,Fulham,931,Sander Berge,333014,1998-02-14,16,FIRST,2024-08-22,2029-06-30,,,CONFIRMED,https://www.transfermarkt.de/fc-fulham/kader/verein/931/saison_id/2026/plus/1,abc9ef5d8dbb5849dcf6d123a562b6a7cc7afc983fc84b62fadedbe7ab430fe0,23659,228092,917521
ENG1,2026/27,2026-09-12,Fulham,931,Alex Iwobi,242631,1996-05-03,17,FIRST,2023-09-01,2028-06-30,,,CONFIRMED,https://www.transfermarkt.de/fc-fulham/kader/verein/931/saison_id/2026/plus/1,abc9ef5d8dbb5849dcf6d123a562b6a7cc7afc983fc84b62fadedbe7ab430fe0,23654,213655,917521
ENG1,2026/27,2026-09-12,Fulham,931,Shea Charles,747951,2003-11-05,19,FIRST,2026-08-11,2031-06-30,,,CONFIRMED,https://www.transfermarkt.de/fc-fulham/kader/verein/931/saison_id/2026/plus/1,abc9ef5d8dbb5849dcf6d123a562b6a7cc7afc983fc84b62fadedbe7ab430fe0,259291,276695,917521
ENG1,2026/27,2026-09-12,Fulham,931,Harrison Reed,226973,1995-01-27,6,FIRST,2020-08-30,2027-06-30,,,CONFIRMED,https://www.transfermarkt.de/fc-fulham/kader/verein/931/saison_id/2026/plus/1,abc9ef5d8dbb5849dcf6d123a562b6a7cc7afc983fc84b62fadedbe7ab430fe0,23669,205990,917521
ENG1,2026/27,2026-09-12,Fulham,931,Tom Cairney,123275,1991-01-20,10,FIRST,2015-07-01,2027-06-30,,,CONFIRMED,https://www.transfermarkt.de/fc-fulham/kader/verein/931/saison_id/2026/plus/1,abc9ef5d8dbb5849dcf6d123a562b6a7cc7afc983fc84b62fadedbe7ab430fe0,23668,195202,917521
ENG1,2026/27,2026-09-12,Fulham,931,Josh King,1011131,2007-01-03,24,FIRST,2024-07-01,2029-06-30,,,CONFIRMED,https://www.transfermarkt.de/fc-fulham/kader/verein/931/saison_id/2026/plus/1,abc9ef5d8dbb5849dcf6d123a562b6a7cc7afc983fc84b62fadedbe7ab430fe0,23670,70786,917521
ENG1,2026/27,2026-09-12,Fulham,931,Emile Smith Rowe,392765,2000-07-28,32,FIRST,2024-08-02,2029-06-30,,,CONFIRMED,https://www.transfermarkt.de/fc-fulham/kader/verein/931/saison_id/2026/plus/1,abc9ef5d8dbb5849dcf6d123a562b6a7cc7afc983fc84b62fadedbe7ab430fe0,23652,240273,917521
ENG1,2026/27,2026-09-12,Fulham,931,César Palacios,948272,2004-11-11,8,FIRST,2026-08-03,2031-06-30,,,CONFIRMED,https://www.transfermarkt.de/fc-fulham/kader/verein/931/saison_id/2026/plus/1,abc9ef5d8dbb5849dcf6d123a562b6a7cc7afc983fc84b62fadedbe7ab430fe0,281745,0,917521
ENG1,2026/27,2026-09-12,Fulham,931,Kevin,900195,2003-01-04,11,FIRST,2025-09-01,2030-06-30,,,CONFIRMED,https://www.transfermarkt.de/fc-fulham/kader/verein/931/saison_id/2026/plus/1,abc9ef5d8dbb5849dcf6d123a562b6a7cc7afc983fc84b62fadedbe7ab430fe0,23657,70571,917521
ENG1,2026/27,2026-09-12,Fulham,931,Oscar Bobb,661207,2003-07-12,14,FIRST,2026-01-30,2031-06-30,,,CONFIRMED,https://www.transfermarkt.de/fc-fulham/kader/verein/931/saison_id/2026/plus/1,abc9ef5d8dbb5849dcf6d123a562b6a7cc7afc983fc84b62fadedbe7ab430fe0,262610,277295,917521
ENG1,2026/27,2026-09-12,Fulham,931,Gonzalo García,935230,2004-03-24,7,FIRST,2026-08-03,2031-06-30,,,CONFIRMED,https://www.transfermarkt.de/fc-fulham/kader/verein/931/saison_id/2026/plus/1,abc9ef5d8dbb5849dcf6d123a562b6a7cc7afc983fc84b62fadedbe7ab430fe0,281743,278399,917521
ENG1,2026/27,2026-09-12,Fulham,931,Rodrigo Muniz,735571,2001-05-04,9,FIRST,2021-08-20,2030-06-30,,,CONFIRMED,https://www.transfermarkt.de/fc-fulham/kader/verein/931/saison_id/2026/plus/1,abc9ef5d8dbb5849dcf6d123a562b6a7cc7afc983fc84b62fadedbe7ab430fe0,23665,264337,917521
ENG1,2026/27,2026-09-12,Hull City,3008,Konstantinos Tzolakis,554389,2002-11-08,19,FIRST,2026-08-05,2031-06-30,,,CONFIRMED,https://www.transfermarkt.de/hull-city/kader/verein/3008/saison_id/2026/plus/1,95d27e3b77eef2306101f2b6eab92a02d56308a31e0d34299be2fa82dcf331db,104477,252552,917532
ENG1,2026/27,2026-09-12,Hull City,3008,Jack Butland,128899,1993-03-10,1,FIRST,2026-07-02,2028-06-30,,,CONFIRMED,https://www.transfermarkt.de/hull-city/kader/verein/3008/saison_id/2026/plus/1,95d27e3b77eef2306101f2b6eab92a02d56308a31e0d34299be2fa82dcf331db,288889,203042,917532
ENG1,2026/27,2026-09-12,Hull City,3008,Dillon Phillips,308431,1995-06-11,12,FIRST,2025-07-01,2027-06-30,,,CONFIRMED,https://www.transfermarkt.de/hull-city/kader/verein/3008/saison_id/2026/plus/1,95d27e3b77eef2306101f2b6eab92a02d56308a31e0d34299be2fa82dcf331db,266810,220058,917532
ENG1,2026/27,2026-09-12,Hull City,3008,Charlie Hughes,746357,2003-10-16,4,FIRST,2024-08-16,2029-06-30,,,CONFIRMED,https://www.transfermarkt.de/hull-city/kader/verein/3008/saison_id/2026/plus/1,95d27e3b77eef2306101f2b6eab92a02d56308a31e0d34299be2fa82dcf331db,266790,272895,917532
ENG1,2026/27,2026-09-12,Hull City,3008,John Egan,121324,1992-10-20,15,FIRST,2025-02-03,2028-06-30,,,CONFIRMED,https://www.transfermarkt.de/hull-city/kader/verein/3008/saison_id/2026/plus/1,95d27e3b77eef2306101f2b6eab92a02d56308a31e0d34299be2fa82dcf331db,266796,204936,917532
ENG1,2026/27,2026-09-12,Hull City,3008,Semi Ajayi,251912,1993-11-09,6,FIRST,2025-07-01,2027-06-30,,,CONFIRMED,https://www.transfermarkt.de/hull-city/kader/verein/3008/saison_id/2026/plus/1,95d27e3b77eef2306101f2b6eab92a02d56308a31e0d34299be2fa82dcf331db,266793,207952,917532
ENG1,2026/27,2026-09-12,Hull City,3008,Ryan Giles,504581,2000-01-26,3,FIRST,2024-07-01,2027-06-30,,,CONFIRMED,https://www.transfermarkt.de/hull-city/kader/verein/3008/saison_id/2026/plus/1,95d27e3b77eef2306101f2b6eab92a02d56308a31e0d34299be2fa82dcf331db,266802,243608,917532
ENG1,2026/27,2026-09-12,Hull City,3008,Brooke Norton-Cuffy,728733,2004-01-12,18,FIRST,2026-09-01,2031-06-30,,,CONFIRMED,https://www.transfermarkt.de/hull-city/kader/verein/3008/saison_id/2026/plus/1,95d27e3b77eef2306101f2b6eab92a02d56308a31e0d34299be2fa82dcf331db,285834,260653,917532
ENG1,2026/27,2026-09-12,Hull City,3008,Lewie Coyle,413402,1995-10-15,2,FIRST,2020-08-07,2029-06-30,,,CONFIRMED,https://www.transfermarkt.de/hull-city/kader/verein/3008/saison_id/2026/plus/1,95d27e3b77eef2306101f2b6eab92a02d56308a31e0d34299be2fa82dcf331db,266806,224099,917532
ENG1,2026/27,2026-09-12,Hull City,3008,Lucas Gourna-Douath,620313,2003-08-05,29,FIRST,2026-08-15,2031-06-30,,,CONFIRMED,https://www.transfermarkt.de/hull-city/kader/verein/3008/saison_id/2026/plus/1,95d27e3b77eef2306101f2b6eab92a02d56308a31e0d34299be2fa82dcf331db,264986,257271,917532
ENG1,2026/27,2026-09-12,Hull City,3008,Regan Slater,473080,1999-09-11,27,FIRST,2022-01-27,2029-06-30,,,CONFIRMED,https://www.transfermarkt.de/hull-city/kader/verein/3008/saison_id/2026/plus/1,95d27e3b77eef2306101f2b6eab92a02d56308a31e0d34299be2fa82dcf331db,266805,241953,917532
ENG1,2026/27,2026-09-12,Hull City,3008,Óscar Zambrano,893658,2004-04-20,20,FIRST,2026-07-21,2030-06-30,,,CONFIRMED,https://www.transfermarkt.de/hull-city/kader/verein/3008/saison_id/2026/plus/1,95d27e3b77eef2306101f2b6eab92a02d56308a31e0d34299be2fa82dcf331db,178418,268599,917532
ENG1,2026/27,2026-09-12,Hull City,3008,Christos Mouzakitis,964426,2006-12-25,36,FIRST,2026-09-01,2031-06-30,,,CONFIRMED,https://www.transfermarkt.de/hull-city/kader/verein/3008/saison_id/2026/plus/1,95d27e3b77eef2306101f2b6eab92a02d56308a31e0d34299be2fa82dcf331db,104493,73884,917532
ENG1,2026/27,2026-09-12,Hull City,3008,Tim Iroegbunam,696589,2003-06-30,42,FIRST,2026-09-01,2031-06-30,,,CONFIRMED,https://www.transfermarkt.de/hull-city/kader/verein/3008/saison_id/2026/plus/1,95d27e3b77eef2306101f2b6eab92a02d56308a31e0d34299be2fa82dcf331db,259163,266609,917532
ENG1,2026/27,2026-09-12,Hull City,3008,Jens Hjertø-Dahl,923535,2005-10-31,14,FIRST,2026-08-07,2031-06-30,,,CONFIRMED,https://www.transfermarkt.de/hull-city/kader/verein/3008/saison_id/2026/plus/1,95d27e3b77eef2306101f2b6eab92a02d56308a31e0d34299be2fa82dcf331db,142964,274979,917532
ENG1,2026/27,2026-09-12,Hull City,3008,Hidemasa Morita,524315,1995-05-10,5,FIRST,2026-07-24,2028-06-30,,,CONFIRMED,https://www.transfermarkt.de/hull-city/kader/verein/3008/saison_id/2026/plus/1,95d27e3b77eef2306101f2b6eab92a02d56308a31e0d34299be2fa82dcf331db,286416,242087,917532
ENG1,2026/27,2026-09-12,Hull City,3008,Darko Gyabi,663264,2004-02-18,24,FIRST,2025-09-01,2028-06-30,,,CONFIRMED,https://www.transfermarkt.de/hull-city/kader/verein/3008/saison_id/2026/plus/1,95d27e3b77eef2306101f2b6eab92a02d56308a31e0d34299be2fa82dcf331db,266808,270209,917532
ENG1,2026/27,2026-09-12,Hull City,3008,Eliot Matazo,535834,2002-02-15,8,FIRST,2025-01-24,2028-06-30,,,CONFIRMED,https://www.transfermarkt.de/hull-city/kader/verein/3008/saison_id/2026/plus/1,95d27e3b77eef2306101f2b6eab92a02d56308a31e0d34299be2fa82dcf331db,266791,258433,917532
ENG1,2026/27,2026-09-12,Hull City,3008,Matt Crooks,169416,1994-01-20,25,FIRST,2025-01-10,2028-06-30,,,CONFIRMED,https://www.transfermarkt.de/hull-city/kader/verein/3008/saison_id/2026/plus/1,95d27e3b77eef2306101f2b6eab92a02d56308a31e0d34299be2fa82dcf331db,266800,202693,917532
ENG1,2026/27,2026-09-12,Hull City,3008,Sorba Thomas,475416,1999-01-25,7,FIRST,2026-09-01,2030-06-30,,,CONFIRMED,https://www.transfermarkt.de/hull-city/kader/verein/3008/saison_id/2026/plus/1,95d27e3b77eef2306101f2b6eab92a02d56308a31e0d34299be2fa82dcf331db,264101,260478,917532
ENG1,2026/27,2026-09-12,Hull City,3008,Elliot Stroud,687622,2002-06-22,21,FIRST,2026-08-09,2030-06-30,,,CONFIRMED,https://www.transfermarkt.de/hull-city/kader/verein/3008/saison_id/2026/plus/1,95d27e3b77eef2306101f2b6eab92a02d56308a31e0d34299be2fa82dcf331db,187995,272712,917532
ENG1,2026/27,2026-09-12,Hull City,3008,Mohamed-Ali Cho,670847,2004-01-19,50,FIRST,2026-08-27,2031-06-30,,,CONFIRMED,https://www.transfermarkt.de/hull-city/kader/verein/3008/saison_id/2026/plus/1,95d27e3b77eef2306101f2b6eab92a02d56308a31e0d34299be2fa82dcf331db,285279,256476,917532
ENG1,2026/27,2026-09-12,Hull City,3008,Mohamed Belloumi,857079,2002-06-01,10,FIRST,2024-08-30,2029-06-30,,,CONFIRMED,https://www.transfermarkt.de/hull-city/kader/verein/3008/saison_id/2026/plus/1,95d27e3b77eef2306101f2b6eab92a02d56308a31e0d34299be2fa82dcf331db,266787,277663,917532
ENG1,2026/27,2026-09-12,Hull City,3008,Oli McBurnie,298477,1996-06-04,9,FIRST,2025-08-06,2029-06-30,,,CONFIRMED,https://www.transfermarkt.de/hull-city/kader/verein/3008/saison_id/2026/plus/1,95d27e3b77eef2306101f2b6eab92a02d56308a31e0d34299be2fa82dcf331db,266786,220031,917532
ENG1,2026/27,2026-09-12,Ipswich Town,677,Kjell Scherpen,463527,2000-01-23,37,FIRST,2026-07-28,2030-06-30,,,CONFIRMED,https://www.transfermarkt.de/ipswich-town/kader/verein/677/saison_id/2026/plus/1,27c77a20084b00ebf1368072929c14c023348a25975bceca8389e69766b037af,234973,243675,917538
ENG1,2026/27,2026-09-12,Ipswich Town,677,Christian Walton,208379,1995-11-09,28,FIRST,2022-01-19,2028-06-30,,,CONFIRMED,https://www.transfermarkt.de/ipswich-town/kader/verein/677/saison_id/2026/plus/1,27c77a20084b00ebf1368072929c14c023348a25975bceca8389e69766b037af,261466,206561,917538
ENG1,2026/27,2026-09-12,Ipswich Town,677,Alex Palmer,245625,1996-08-10,1,FIRST,2025-02-03,2028-06-30,,,CONFIRMED,https://www.transfermarkt.de/ipswich-town/kader/verein/677/saison_id/2026/plus/1,27c77a20084b00ebf1368072929c14c023348a25975bceca8389e69766b037af,261462,223909,917538
ENG1,2026/27,2026-09-12,Ipswich Town,677,Dara O'Shea,401320,1999-03-04,26,FIRST,2024-08-25,2030-06-30,,,CONFIRMED,https://www.transfermarkt.de/ipswich-town/kader/verein/677/saison_id/2026/plus/1,27c77a20084b00ebf1368072929c14c023348a25975bceca8389e69766b037af,261450,235405,917538
ENG1,2026/27,2026-09-12,Ipswich Town,677,Jacob Greaves,693095,2000-09-12,24,FIRST,2024-07-12,2029-06-30,,,CONFIRMED,https://www.transfermarkt.de/ipswich-town/kader/verein/677/saison_id/2026/plus/1,27c77a20084b00ebf1368072929c14c023348a25975bceca8389e69766b037af,261458,248602,917538
ENG1,2026/27,2026-09-12,Ipswich Town,677,Issa Diop,272622,1997-01-09,6,FIRST,2026-07-22,2030-06-30,,,CONFIRMED,https://www.transfermarkt.de/ipswich-town/kader/verein/677/saison_id/2026/plus/1,27c77a20084b00ebf1368072929c14c023348a25975bceca8389e69766b037af,23672,231633,917538
ENG1,2026/27,2026-09-12,Ipswich Town,677,Leif Davis,596446,1999-12-31,3,FIRST,2022-07-25,2029-06-30,,,CONFIRMED,https://www.transfermarkt.de/ipswich-town/kader/verein/677/saison_id/2026/plus/1,27c77a20084b00ebf1368072929c14c023348a25975bceca8389e69766b037af,261451,246685,917538
ENG1,2026/27,2026-09-12,Ipswich Town,677,Abdoul Ouattara,991487,2005-10-22,42,FIRST,2026-08-17,2031-06-30,,,CONFIRMED,https://www.transfermarkt.de/ipswich-town/kader/verein/677/saison_id/2026/plus/1,27c77a20084b00ebf1368072929c14c023348a25975bceca8389e69766b037af,289608,75318,917538
ENG1,2026/27,2026-09-12,Ipswich Town,677,Darnell Furlong,351755,1995-10-31,2,FIRST,2025-08-28,2028-06-30,,,CONFIRMED,https://www.transfermarkt.de/ipswich-town/kader/verein/677/saison_id/2026/plus/1,27c77a20084b00ebf1368072929c14c023348a25975bceca8389e69766b037af,261471,223877,917538
ENG1,2026/27,2026-09-12,Ipswich Town,677,Azor Matusiwa,315145,1998-04-28,5,FIRST,2025-07-13,2029-06-30,,,CONFIRMED,https://www.transfermarkt.de/ipswich-town/kader/verein/677/saison_id/2026/plus/1,27c77a20084b00ebf1368072929c14c023348a25975bceca8389e69766b037af,261449,239356,917538
ENG1,2026/27,2026-09-12,Ipswich Town,677,Exequiel Palacios,401578,1998-10-05,25,FIRST,2026-08-27,2030-06-30,,,CONFIRMED,https://www.transfermarkt.de/ipswich-town/kader/verein/677/saison_id/2026/plus/1,27c77a20084b00ebf1368072929c14c023348a25975bceca8389e69766b037af,277050,231521,917538
ENG1,2026/27,2026-09-12,Ipswich Town,677,Marcelino Núñez,715558,2000-03-01,32,FIRST,2025-08-29,2029-06-30,,,CONFIRMED,https://www.transfermarkt.de/ipswich-town/kader/verein/677/saison_id/2026/plus/1,27c77a20084b00ebf1368072929c14c023348a25975bceca8389e69766b037af,261464,256051,917538
ENG1,2026/27,2026-09-12,Ipswich Town,677,Saša Lukić,245056,1996-08-13,23,FIRST,2026-08-08,2030-06-30,,,CONFIRMED,https://www.transfermarkt.de/ipswich-town/kader/verein/677/saison_id/2026/plus/1,27c77a20084b00ebf1368072929c14c023348a25975bceca8389e69766b037af,23663,236699,917538
ENG1,2026/27,2026-09-12,Ipswich Town,677,Jack Taylor,458178,1998-06-23,14,FIRST,2023-07-01,2028-06-30,,,CONFIRMED,https://www.transfermarkt.de/ipswich-town/kader/verein/677/saison_id/2026/plus/1,27c77a20084b00ebf1368072929c14c023348a25975bceca8389e69766b037af,261467,233851,917538
ENG1,2026/27,2026-09-12,Ipswich Town,677,Kasey McAteer,621193,2001-11-22,20,FIRST,2025-08-22,2029-06-30,,,CONFIRMED,https://www.transfermarkt.de/ipswich-town/kader/verein/677/saison_id/2026/plus/1,27c77a20084b00ebf1368072929c14c023348a25975bceca8389e69766b037af,261460,265801,917538
ENG1,2026/27,2026-09-12,Ipswich Town,677,Julio Enciso,660867,2004-01-23,10,FIRST,2026-08-17,2031-06-30,,,CONFIRMED,https://www.transfermarkt.de/ipswich-town/kader/verein/677/saison_id/2026/plus/1,27c77a20084b00ebf1368072929c14c023348a25975bceca8389e69766b037af,289591,255434,917538
ENG1,2026/27,2026-09-12,Ipswich Town,677,Jaden Philogene,665390,2002-02-08,11,FIRST,2025-01-15,2029-06-30,,,CONFIRMED,https://www.transfermarkt.de/ipswich-town/kader/verein/677/saison_id/2026/plus/1,27c77a20084b00ebf1368072929c14c023348a25975bceca8389e69766b037af,261453,261336,917538
ENG1,2026/27,2026-09-12,Ipswich Town,677,Jack Clarke,559794,2000-11-23,47,FIRST,2024-08-24,2029-06-30,,,CONFIRMED,https://www.transfermarkt.de/ipswich-town/kader/verein/677/saison_id/2026/plus/1,27c77a20084b00ebf1368072929c14c023348a25975bceca8389e69766b037af,261459,242908,917538
ENG1,2026/27,2026-09-12,Ipswich Town,677,Daizen Maeda,420931,1997-10-20,38,FIRST,2026-07-25,2029-06-30,,,CONFIRMED,https://www.transfermarkt.de/ipswich-town/kader/verein/677/saison_id/2026/plus/1,27c77a20084b00ebf1368072929c14c023348a25975bceca8389e69766b037af,289204,246321,917538
ENG1,2026/27,2026-09-12,Ipswich Town,677,Abdul Fatawu,864121,2004-03-08,7,FIRST,2026-07-21,2031-06-30,,,CONFIRMED,https://www.transfermarkt.de/ipswich-town/kader/verein/677/saison_id/2026/plus/1,27c77a20084b00ebf1368072929c14c023348a25975bceca8389e69766b037af,23979,267680,917538
ENG1,2026/27,2026-09-12,Ipswich Town,677,Sindre Walle Egeli,923504,2006-06-21,8,FIRST,2025-08-29,2030-06-30,,,CONFIRMED,https://www.transfermarkt.de/ipswich-town/kader/verein/677/saison_id/2026/plus/1,27c77a20084b00ebf1368072929c14c023348a25975bceca8389e69766b037af,261470,71110,917538
ENG1,2026/27,2026-09-12,Ipswich Town,677,Zian Flemming,411537,1998-08-01,9,FIRST,2026-09-01,2030-06-30,,,CONFIRMED,https://www.transfermarkt.de/ipswich-town/kader/verein/677/saison_id/2026/plus/1,27c77a20084b00ebf1368072929c14c023348a25975bceca8389e69766b037af,260255,239373,917538
ENG1,2026/27,2026-09-12,Ipswich Town,677,Emersonn,743599,2004-07-16,19,FIRST,2026-07-08,2031-06-30,,,CONFIRMED,https://www.transfermarkt.de/ipswich-town/kader/verein/677/saison_id/2026/plus/1,27c77a20084b00ebf1368072929c14c023348a25975bceca8389e69766b037af,291085,76803,917538
ENG1,2026/27,2026-09-12,Leeds United,399,James Trafford,566799,2002-10-10,1,FIRST,2026-08-06,2031-06-30,,,CONFIRMED,https://www.transfermarkt.de/leeds-united/kader/verein/399/saison_id/2026/plus/1,8641181efead6b745e037ec49edb34f1c7ca3a066d41825076ee3196fb4eedd5,262614,263063,917545
ENG1,2026/27,2026-09-12,Leeds United,399,Michael Zetterer,196813,1995-07-12,16,FIRST,2026-08-29,2029-06-30,,,CONFIRMED,https://www.transfermarkt.de/leeds-united/kader/verein/399/saison_id/2026/plus/1,8641181efead6b745e037ec49edb34f1c7ca3a066d41825076ee3196fb4eedd5,277147,227370,917545
ENG1,2026/27,2026-09-12,Leeds United,399,Alex Cairns,194386,1993-01-04,21,FIRST,2024-07-08,2028-06-30,,,CONFIRMED,https://www.transfermarkt.de/leeds-united/kader/verein/399/saison_id/2026/plus/1,8641181efead6b745e037ec49edb34f1c7ca3a066d41825076ee3196fb4eedd5,23846,203215,917545
ENG1,2026/27,2026-09-12,Leeds United,399,Tarik Muharemović,679423,2003-02-28,5,FIRST,2026-07-17,2031-06-30,,,CONFIRMED,https://www.transfermarkt.de/leeds-united/kader/verein/399/saison_id/2026/plus/1,8641181efead6b745e037ec49edb34f1c7ca3a066d41825076ee3196fb4eedd5,287363,262027,917545
ENG1,2026/27,2026-09-12,Leeds United,399,Jaka Bijol,371851,1999-02-05,15,FIRST,2025-07-01,2030-06-30,,,CONFIRMED,https://www.transfermarkt.de/leeds-united/kader/verein/399/saison_id/2026/plus/1,8641181efead6b745e037ec49edb34f1c7ca3a066d41825076ee3196fb4eedd5,23818,244238,917545
ENG1,2026/27,2026-09-12,Leeds United,399,Joe Rodon,297212,1997-10-22,6,FIRST,2024-07-02,2030-06-30,,,CONFIRMED,https://www.transfermarkt.de/leeds-united/kader/verein/399/saison_id/2026/plus/1,8641181efead6b745e037ec49edb34f1c7ca3a066d41825076ee3196fb4eedd5,23827,229266,917545
ENG1,2026/27,2026-09-12,Leeds United,399,Nico Elvedi,192635,1996-09-30,30,FIRST,2026-08-19,2029-06-30,,,CONFIRMED,https://www.transfermarkt.de/leeds-united/kader/verein/399/saison_id/2026/plus/1,8641181efead6b745e037ec49edb34f1c7ca3a066d41825076ee3196fb4eedd5,279832,221491,917545
ENG1,2026/27,2026-09-12,Leeds United,399,Gabriel Gudmundsson,362108,1999-04-29,3,FIRST,2025-07-08,2029-06-30,,,CONFIRMED,https://www.transfermarkt.de/leeds-united/kader/verein/399/saison_id/2026/plus/1,8641181efead6b745e037ec49edb34f1c7ca3a066d41825076ee3196fb4eedd5,23834,236822,917545
ENG1,2026/27,2026-09-12,Leeds United,399,Jayden Bogle,465717,2000-07-27,2,FIRST,2024-07-20,2030-06-30,,,CONFIRMED,https://www.transfermarkt.de/leeds-united/kader/verein/399/saison_id/2026/plus/1,8641181efead6b745e037ec49edb34f1c7ca3a066d41825076ee3196fb4eedd5,23826,244591,917545
ENG1,2026/27,2026-09-12,Leeds United,399,James Justin,413220,1998-02-23,24,FIRST,2025-08-25,2029-06-30,,,CONFIRMED,https://www.transfermarkt.de/leeds-united/kader/verein/399/saison_id/2026/plus/1,8641181efead6b745e037ec49edb34f1c7ca3a066d41825076ee3196fb4eedd5,23832,231554,917545
ENG1,2026/27,2026-09-12,Leeds United,399,Ethan Ampadu,392771,2000-09-14,4,FIRST,2023-07-19,2030-06-30,,,CONFIRMED,https://www.transfermarkt.de/leeds-united/kader/verein/399/saison_id/2026/plus/1,8641181efead6b745e037ec49edb34f1c7ca3a066d41825076ee3196fb4eedd5,23820,235735,917545
ENG1,2026/27,2026-09-12,Leeds United,399,Anton Stach,344069,1998-11-15,18,FIRST,2025-07-22,2029-06-30,,,CONFIRMED,https://www.transfermarkt.de/leeds-united/kader/verein/399/saison_id/2026/plus/1,8641181efead6b745e037ec49edb34f1c7ca3a066d41825076ee3196fb4eedd5,23819,257191,917545
ENG1,2026/27,2026-09-12,Leeds United,399,Ilia Gruev,381753,2000-05-06,44,FIRST,2023-08-31,2027-06-30,,,CONFIRMED,https://www.transfermarkt.de/leeds-united/kader/verein/399/saison_id/2026/plus/1,8641181efead6b745e037ec49edb34f1c7ca3a066d41825076ee3196fb4eedd5,23830,248384,917545
ENG1,2026/27,2026-09-12,Leeds United,399,Sean Longstaff,346707,1997-10-30,8,FIRST,2025-07-18,2029-06-30,,,CONFIRMED,https://www.transfermarkt.de/leeds-united/kader/verein/399/saison_id/2026/plus/1,8641181efead6b745e037ec49edb34f1c7ca3a066d41825076ee3196fb4eedd5,23824,237161,917545
ENG1,2026/27,2026-09-12,Leeds United,399,Ao Tanaka,489359,1998-09-10,22,FIRST,2024-08-30,2028-06-30,,,CONFIRMED,https://www.transfermarkt.de/leeds-united/kader/verein/399/saison_id/2026/plus/1,8641181efead6b745e037ec49edb34f1c7ca3a066d41825076ee3196fb4eedd5,23823,236764,917545
ENG1,2026/27,2026-09-12,Leeds United,399,Brenden Aaronson,393323,2000-10-22,11,FIRST,2022-07-01,2029-06-30,,,CONFIRMED,https://www.transfermarkt.de/leeds-united/kader/verein/399/saison_id/2026/plus/1,8641181efead6b745e037ec49edb34f1c7ca3a066d41825076ee3196fb4eedd5,23835,247361,917545
ENG1,2026/27,2026-09-12,Leeds United,399,Noah Okafor,346890,2000-05-24,19,FIRST,2025-08-21,2029-06-30,,,CONFIRMED,https://www.transfermarkt.de/leeds-united/kader/verein/399/saison_id/2026/plus/1,8641181efead6b745e037ec49edb34f1c7ca3a066d41825076ee3196fb4eedd5,23825,242530,917545
ENG1,2026/27,2026-09-12,Leeds United,399,Harry Wilson,279455,1997-03-22,10,FIRST,2026-07-08,2030-06-30,,,CONFIRMED,https://www.transfermarkt.de/leeds-united/kader/verein/399/saison_id/2026/plus/1,8641181efead6b745e037ec49edb34f1c7ca3a066d41825076ee3196fb4eedd5,23658,220710,917545
ENG1,2026/27,2026-09-12,Leeds United,399,Daniel James,319301,1997-11-10,7,FIRST,2021-08-31,2029-06-30,,,CONFIRMED,https://www.transfermarkt.de/leeds-united/kader/verein/399/saison_id/2026/plus/1,8641181efead6b745e037ec49edb34f1c7ca3a066d41825076ee3196fb4eedd5,23837,232104,917545
ENG1,2026/27,2026-09-12,Leeds United,399,Dominic Calvert-Lewin,306024,1997-03-16,9,FIRST,2025-08-15,2028-06-30,,,CONFIRMED,https://www.transfermarkt.de/leeds-united/kader/verein/399/saison_id/2026/plus/1,8641181efead6b745e037ec49edb34f1c7ca3a066d41825076ee3196fb4eedd5,23821,221479,917545
ENG1,2026/27,2026-09-12,Leeds United,399,Lukas Nmecha,314288,1998-12-14,14,FIRST,2025-07-01,2027-06-30,,,CONFIRMED,https://www.transfermarkt.de/leeds-united/kader/verein/399/saison_id/2026/plus/1,8641181efead6b745e037ec49edb34f1c7ca3a066d41825076ee3196fb4eedd5,23831,230084,917545
ENG1,2026/27,2026-09-12,Liverpool,31,Giorgi Mamardashvili,502676,2000-09-29,25,FIRST,2024-08-27,2031-06-30,,,CONFIRMED,https://www.transfermarkt.de/fc-liverpool/kader/verein/31/saison_id/2026/plus/1,03f6f6108aec08d5028c45b59b341f94eb0a4ac80c8d3246a9cf1767419f8789,258855,262621,917509
ENG1,2026/27,2026-09-12,Liverpool,31,Alisson,105470,1992-10-02,1,FIRST,2018-07-19,2027-06-30,,,CONFIRMED,https://www.transfermarkt.de/fc-liverpool/kader/verein/31/saison_id/2026/plus/1,03f6f6108aec08d5028c45b59b341f94eb0a4ac80c8d3246a9cf1767419f8789,258848,212831,917509
ENG1,2026/27,2026-09-12,Liverpool,31,Freddie Woodman,226049,1997-03-04,28,FIRST,2025-07-01,2029-06-30,,,CONFIRMED,https://www.transfermarkt.de/fc-liverpool/kader/verein/31/saison_id/2026/plus/1,03f6f6108aec08d5028c45b59b341f94eb0a4ac80c8d3246a9cf1767419f8789,258873,222514,917509
ENG1,2026/27,2026-09-12,Liverpool,31,Jérémy Jacquet,1004301,2005-07-13,5,FIRST,2026-07-01,2031-06-30,,,CONFIRMED,https://www.transfermarkt.de/fc-liverpool/kader/verein/31/saison_id/2026/plus/1,03f6f6108aec08d5028c45b59b341f94eb0a4ac80c8d3246a9cf1767419f8789,292156,278903,917509
ENG1,2026/27,2026-09-12,Liverpool,31,Giovanni Leoni,1086619,2006-12-21,15,FIRST,2025-08-15,2031-06-30,,,CONFIRMED,https://www.transfermarkt.de/fc-liverpool/kader/verein/31/saison_id/2026/plus/1,03f6f6108aec08d5028c45b59b341f94eb0a4ac80c8d3246a9cf1767419f8789,258868,70824,917509
ENG1,2026/27,2026-09-12,Liverpool,31,Virgil van Dijk,139208,1991-07-08,4,FIRST,2018-01-01,2027-06-30,,,CONFIRMED,https://www.transfermarkt.de/fc-liverpool/kader/verein/31/saison_id/2026/plus/1,03f6f6108aec08d5028c45b59b341f94eb0a4ac80c8d3246a9cf1767419f8789,258849,203376,917509
ENG1,2026/27,2026-09-12,Liverpool,31,Joe Gomez,256178,1997-05-23,2,FIRST,2015-07-01,2027-06-30,,,CONFIRMED,https://www.transfermarkt.de/fc-liverpool/kader/verein/31/saison_id/2026/plus/1,03f6f6108aec08d5028c45b59b341f94eb0a4ac80c8d3246a9cf1767419f8789,258862,225100,917509
ENG1,2026/27,2026-09-12,Liverpool,31,Milos Kerkez,730861,2003-11-07,6,FIRST,2025-07-01,2030-06-30,,,CONFIRMED,https://www.transfermarkt.de/fc-liverpool/kader/verein/31/saison_id/2026/plus/1,03f6f6108aec08d5028c45b59b341f94eb0a4ac80c8d3246a9cf1767419f8789,258864,260908,917509
ENG1,2026/27,2026-09-12,Liverpool,31,Jeremie Frimpong,484547,2000-12-10,30,FIRST,2025-07-01,2030-06-30,,,CONFIRMED,https://www.transfermarkt.de/fc-liverpool/kader/verein/31/saison_id/2026/plus/1,03f6f6108aec08d5028c45b59b341f94eb0a4ac80c8d3246a9cf1767419f8789,258858,253149,917509
ENG1,2026/27,2026-09-12,Liverpool,31,Conor Bradley,624258,2003-07-09,12,FIRST,2023-07-01,2029-06-30,,,CONFIRMED,https://www.transfermarkt.de/fc-liverpool/kader/verein/31/saison_id/2026/plus/1,03f6f6108aec08d5028c45b59b341f94eb0a4ac80c8d3246a9cf1767419f8789,258866,264298,917509
ENG1,2026/27,2026-09-12,Liverpool,31,Ryan Gravenberch,478573,2002-05-16,38,FIRST,2023-09-01,2032-06-30,,,CONFIRMED,https://www.transfermarkt.de/fc-liverpool/kader/verein/31/saison_id/2026/plus/1,03f6f6108aec08d5028c45b59b341f94eb0a4ac80c8d3246a9cf1767419f8789,258857,246104,917509
ENG1,2026/27,2026-09-12,Liverpool,31,Wataru Endo,146310,1993-02-09,3,FIRST,2023-08-18,2027-06-30,,,CONFIRMED,https://www.transfermarkt.de/fc-liverpool/kader/verein/31/saison_id/2026/plus/1,03f6f6108aec08d5028c45b59b341f94eb0a4ac80c8d3246a9cf1767419f8789,258865,232487,917509
ENG1,2026/27,2026-09-12,Liverpool,31,Alexis Mac Allister,534033,1998-12-24,10,FIRST,2023-07-01,2028-06-30,,,CONFIRMED,https://www.transfermarkt.de/fc-liverpool/kader/verein/31/saison_id/2026/plus/1,03f6f6108aec08d5028c45b59b341f94eb0a4ac80c8d3246a9cf1767419f8789,258852,239837,917509
ENG1,2026/27,2026-09-12,Liverpool,31,Trey Nyoni,1045123,2007-06-30,42,FIRST,2025-07-01,2030-06-30,,,CONFIRMED,https://www.transfermarkt.de/fc-liverpool/kader/verein/31/saison_id/2026/plus/1,03f6f6108aec08d5028c45b59b341f94eb0a4ac80c8d3246a9cf1767419f8789,258870,279128,917509
ENG1,2026/27,2026-09-12,Liverpool,31,Florian Wirtz,598577,2003-05-03,7,FIRST,2025-07-01,2030-06-30,,,CONFIRMED,https://www.transfermarkt.de/fc-liverpool/kader/verein/31/saison_id/2026/plus/1,03f6f6108aec08d5028c45b59b341f94eb0a4ac80c8d3246a9cf1767419f8789,258850,256630,917509
ENG1,2026/27,2026-09-12,Liverpool,31,Dominik Szoboszlai,451276,2000-10-25,8,FIRST,2023-07-02,2031-06-30,,,CONFIRMED,https://www.transfermarkt.de/fc-liverpool/kader/verein/31/saison_id/2026/plus/1,03f6f6108aec08d5028c45b59b341f94eb0a4ac80c8d3246a9cf1767419f8789,258853,236772,917509
ENG1,2026/27,2026-09-12,Liverpool,31,Bradley Barcola,708265,2002-09-02,29,FIRST,2026-08-31,2031-06-30,,,CONFIRMED,https://www.transfermarkt.de/fc-liverpool/kader/verein/31/saison_id/2026/plus/1,03f6f6108aec08d5028c45b59b341f94eb0a4ac80c8d3246a9cf1767419f8789,283451,264652,917509
ENG1,2026/27,2026-09-12,Liverpool,31,Cody Gakpo,434675,1999-05-07,18,FIRST,2023-01-01,2030-06-30,,,CONFIRMED,https://www.transfermarkt.de/fc-liverpool/kader/verein/31/saison_id/2026/plus/1,03f6f6108aec08d5028c45b59b341f94eb0a4ac80c8d3246a9cf1767419f8789,258856,242516,917509
ENG1,2026/27,2026-09-12,Liverpool,31,Víctor Muñoz,935231,2003-07-13,23,FIRST,2026-07-01,2032-06-30,,,CONFIRMED,https://www.transfermarkt.de/fc-liverpool/kader/verein/31/saison_id/2026/plus/1,03f6f6108aec08d5028c45b59b341f94eb0a4ac80c8d3246a9cf1767419f8789,283580,76042,917509
ENG1,2026/27,2026-09-12,Liverpool,31,Rio Ngumoha,1108466,2008-08-29,73,FIRST,2025-07-01,2028-06-30,,,CONFIRMED,https://www.transfermarkt.de/fc-liverpool/kader/verein/31/saison_id/2026/plus/1,03f6f6108aec08d5028c45b59b341f94eb0a4ac80c8d3246a9cf1767419f8789,258867,80376,917509
ENG1,2026/27,2026-09-12,Liverpool,31,Federico Chiesa,341092,1997-10-25,14,FIRST,2024-08-29,2028-06-30,,,CONFIRMED,https://www.transfermarkt.de/fc-liverpool/kader/verein/31/saison_id/2026/plus/1,03f6f6108aec08d5028c45b59b341f94eb0a4ac80c8d3246a9cf1767419f8789,258861,235805,917509
ENG1,2026/27,2026-09-12,Liverpool,31,Alexander Isak,349066,1999-09-21,9,FIRST,2025-09-01,2031-06-30,,,CONFIRMED,https://www.transfermarkt.de/fc-liverpool/kader/verein/31/saison_id/2026/plus/1,03f6f6108aec08d5028c45b59b341f94eb0a4ac80c8d3246a9cf1767419f8789,258851,233731,917509
ENG1,2026/27,2026-09-12,Liverpool,31,Hugo Ekitiké,709726,2002-06-20,22,FIRST,2025-07-23,2031-06-30,,,CONFIRMED,https://www.transfermarkt.de/fc-liverpool/kader/verein/31/saison_id/2026/plus/1,03f6f6108aec08d5028c45b59b341f94eb0a4ac80c8d3246a9cf1767419f8789,258859,257289,917509
ENG1,2026/27,2026-09-12,Manchester City,281,Gianluigi Donnarumma,315858,1999-02-25,1,FIRST,2025-09-01,2030-06-30,,,CONFIRMED,https://www.transfermarkt.de/manchester-city/kader/verein/281/saison_id/2026/plus/1,480dc31ff14f1e9821d8a65e16c6d82796ba24da1b92e06c4904603842d4bf05,262595,230621,917518
ENG1,2026/27,2026-09-12,Manchester City,281,Gerónimo Rulli,229604,1992-05-20,28,FIRST,2026-08-12,2028-06-30,,,CONFIRMED,https://www.transfermarkt.de/manchester-city/kader/verein/281/saison_id/2026/plus/1,480dc31ff14f1e9821d8a65e16c6d82796ba24da1b92e06c4904603842d4bf05,283965,215316,917518
ENG1,2026/27,2026-09-12,Manchester City,281,Marcus Bettinelli,116648,1992-05-24,13,FIRST,2025-06-10,2027-06-30,,,CONFIRMED,https://www.transfermarkt.de/manchester-city/kader/verein/281/saison_id/2026/plus/1,480dc31ff14f1e9821d8a65e16c6d82796ba24da1b92e06c4904603842d4bf05,262616,204246,917518
ENG1,2026/27,2026-09-12,Manchester City,281,Marc Guéhi,392757,2000-07-13,6,FIRST,2026-01-19,2031-06-30,,,CONFIRMED,https://www.transfermarkt.de/manchester-city/kader/verein/281/saison_id/2026/plus/1,480dc31ff14f1e9821d8a65e16c6d82796ba24da1b92e06c4904603842d4bf05,265149,241159,917518
ENG1,2026/27,2026-09-12,Manchester City,281,Josko Gvardiol,475959,2002-01-23,24,FIRST,2023-08-05,2031-06-30,,,CONFIRMED,https://www.transfermarkt.de/manchester-city/kader/verein/281/saison_id/2026/plus/1,480dc31ff14f1e9821d8a65e16c6d82796ba24da1b92e06c4904603842d4bf05,262600,251517,917518
ENG1,2026/27,2026-09-12,Manchester City,281,Rúben Dias,258004,1997-05-14,3,FIRST,2020-09-29,2029-06-30,,,CONFIRMED,https://www.transfermarkt.de/manchester-city/kader/verein/281/saison_id/2026/plus/1,480dc31ff14f1e9821d8a65e16c6d82796ba24da1b92e06c4904603842d4bf05,262593,239818,917518
ENG1,2026/27,2026-09-12,Manchester City,281,Abdukodir Khusanov,763079,2004-02-29,45,FIRST,2025-01-20,2031-06-30,,,CONFIRMED,https://www.transfermarkt.de/manchester-city/kader/verein/281/saison_id/2026/plus/1,480dc31ff14f1e9821d8a65e16c6d82796ba24da1b92e06c4904603842d4bf05,262609,277031,917518
ENG1,2026/27,2026-09-12,Manchester City,281,Nico O'Reilly,743413,2005-03-21,33,FIRST,2024-07-01,2030-06-30,,,CONFIRMED,https://www.transfermarkt.de/manchester-city/kader/verein/281/saison_id/2026/plus/1,480dc31ff14f1e9821d8a65e16c6d82796ba24da1b92e06c4904603842d4bf05,262611,277427,917518
ENG1,2026/27,2026-09-12,Manchester City,281,Rayan Aït-Nouri,578391,2001-06-06,21,FIRST,2025-06-09,2030-06-30,,,CONFIRMED,https://www.transfermarkt.de/manchester-city/kader/verein/281/saison_id/2026/plus/1,480dc31ff14f1e9821d8a65e16c6d82796ba24da1b92e06c4904603842d4bf05,262613,242641,917518
ENG1,2026/27,2026-09-12,Manchester City,281,Matheus Nunes,601883,1998-08-27,27,FIRST,2023-09-01,2028-06-30,,,CONFIRMED,https://www.transfermarkt.de/manchester-city/kader/verein/281/saison_id/2026/plus/1,480dc31ff14f1e9821d8a65e16c6d82796ba24da1b92e06c4904603842d4bf05,262605,253124,917518
ENG1,2026/27,2026-09-12,Manchester City,281,Rico Lewis,701057,2004-11-21,82,FIRST,2022-07-01,2030-06-30,,,CONFIRMED,https://www.transfermarkt.de/manchester-city/kader/verein/281/saison_id/2026/plus/1,480dc31ff14f1e9821d8a65e16c6d82796ba24da1b92e06c4904603842d4bf05,262607,271574,917518
ENG1,2026/27,2026-09-12,Manchester City,281,Ayyoub Bouaddi,1097139,2007-10-02,32,FIRST,2026-08-26,2031-06-30,,,CONFIRMED,https://www.transfermarkt.de/manchester-city/kader/verein/281/saison_id/2026/plus/1,480dc31ff14f1e9821d8a65e16c6d82796ba24da1b92e06c4904603842d4bf05,288730,278901,917518
ENG1,2026/27,2026-09-12,Manchester City,281,Elliot Anderson,567576,2002-11-06,5,FIRST,2026-07-23,2031-06-30,,,CONFIRMED,https://www.transfermarkt.de/manchester-city/kader/verein/281/saison_id/2026/plus/1,480dc31ff14f1e9821d8a65e16c6d82796ba24da1b92e06c4904603842d4bf05,23487,254243,917518
ENG1,2026/27,2026-09-12,Manchester City,281,Enzo Fernández,648195,2001-01-17,17,FIRST,2026-09-01,2031-06-30,,,CONFIRMED,https://www.transfermarkt.de/manchester-city/kader/verein/281/saison_id/2026/plus/1,480dc31ff14f1e9821d8a65e16c6d82796ba24da1b92e06c4904603842d4bf05,23296,247090,917518
ENG1,2026/27,2026-09-12,Manchester City,281,Mateo Kovacic,51471,1994-05-06,8,FIRST,2023-07-01,2027-06-30,,,CONFIRMED,https://www.transfermarkt.de/manchester-city/kader/verein/281/saison_id/2026/plus/1,480dc31ff14f1e9821d8a65e16c6d82796ba24da1b92e06c4904603842d4bf05,262603,207410,917518
ENG1,2026/27,2026-09-12,Manchester City,281,Rayan Cherki,607223,2003-08-17,10,FIRST,2025-06-10,2030-06-30,,,CONFIRMED,https://www.transfermarkt.de/manchester-city/kader/verein/281/saison_id/2026/plus/1,480dc31ff14f1e9821d8a65e16c6d82796ba24da1b92e06c4904603842d4bf05,262606,251570,917518
ENG1,2026/27,2026-09-12,Manchester City,281,Phil Foden,406635,2000-05-28,47,FIRST,2017-07-01,2030-06-30,,,CONFIRMED,https://www.transfermarkt.de/manchester-city/kader/verein/281/saison_id/2026/plus/1,480dc31ff14f1e9821d8a65e16c6d82796ba24da1b92e06c4904603842d4bf05,262594,237692,917518
ENG1,2026/27,2026-09-12,Manchester City,281,Jérémy Doku,486049,2002-05-27,11,FIRST,2023-08-24,2031-06-30,,,CONFIRMED,https://www.transfermarkt.de/manchester-city/kader/verein/281/saison_id/2026/plus/1,480dc31ff14f1e9821d8a65e16c6d82796ba24da1b92e06c4904603842d4bf05,262599,246420,917518
ENG1,2026/27,2026-09-12,Manchester City,281,Iliman Ndiaye,623570,2000-03-06,7,FIRST,2026-09-01,2031-06-30,,,CONFIRMED,https://www.transfermarkt.de/manchester-city/kader/verein/281/saison_id/2026/plus/1,480dc31ff14f1e9821d8a65e16c6d82796ba24da1b92e06c4904603842d4bf05,259150,261188,917518
ENG1,2026/27,2026-09-12,Manchester City,281,Antoine Semenyo,583255,2000-01-07,42,FIRST,2026-01-09,2031-06-30,,,CONFIRMED,https://www.transfermarkt.de/manchester-city/kader/verein/281/saison_id/2026/plus/1,480dc31ff14f1e9821d8a65e16c6d82796ba24da1b92e06c4904603842d4bf05,258529,241236,917518
ENG1,2026/27,2026-09-12,Manchester City,281,Allan,1082631,2004-04-19,37,FIRST,2026-08-31,2031-06-30,,,CONFIRMED,https://www.transfermarkt.de/manchester-city/kader/verein/281/saison_id/2026/plus/1,480dc31ff14f1e9821d8a65e16c6d82796ba24da1b92e06c4904603842d4bf05,231999,0,917518
ENG1,2026/27,2026-09-12,Manchester City,281,Erling Haaland,418560,2000-07-21,9,FIRST,2022-07-01,2034-06-30,,,CONFIRMED,https://www.transfermarkt.de/manchester-city/kader/verein/281/saison_id/2026/plus/1,480dc31ff14f1e9821d8a65e16c6d82796ba24da1b92e06c4904603842d4bf05,262591,239085,917518
ENG1,2026/27,2026-09-12,Manchester United,985,Senne Lammens,503883,2002-07-07,1,FIRST,2025-09-01,2030-06-30,,,CONFIRMED,https://www.transfermarkt.de/manchester-united/kader/verein/985/saison_id/2026/plus/1,543b8e96c6fed73672ad0d37c674352b89ff1da2c63778ec7fb5492ad88361a2,261738,254803,917519
ENG1,2026/27,2026-09-12,Manchester United,985,Karl Darlow,99397,1990-10-08,12,FIRST,2026-07-14,2028-06-30,,,CONFIRMED,https://www.transfermarkt.de/manchester-united/kader/verein/985/saison_id/2026/plus/1,543b8e96c6fed73672ad0d37c674352b89ff1da2c63778ec7fb5492ad88361a2,23839,193331,917519
ENG1,2026/27,2026-09-12,Manchester United,985,Tom Heaton,34130,1986-04-15,22,FIRST,2021-07-02,2027-06-30,,,CONFIRMED,https://www.transfermarkt.de/manchester-united/kader/verein/985/saison_id/2026/plus/1,543b8e96c6fed73672ad0d37c674352b89ff1da2c63778ec7fb5492ad88361a2,261741,163264,917519
ENG1,2026/27,2026-09-12,Manchester United,985,Dermot Mee,620362,2002-11-20,45,FIRST,2026-07-01,2028-06-30,,,CONFIRMED,https://www.transfermarkt.de/manchester-united/kader/verein/985/saison_id/2026/plus/1,543b8e96c6fed73672ad0d37c674352b89ff1da2c63778ec7fb5492ad88361a2,273928,279657,917519
ENG1,2026/27,2026-09-12,Manchester United,985,Leny Yoro,923831,2005-11-13,15,FIRST,2024-07-18,2029-06-30,,,CONFIRMED,https://www.transfermarkt.de/manchester-united/kader/verein/985/saison_id/2026/plus/1,543b8e96c6fed73672ad0d37c674352b89ff1da2c63778ec7fb5492ad88361a2,261736,269087,917519
ENG1,2026/27,2026-09-12,Manchester United,985,Lisandro Martínez,480762,1998-01-18,6,FIRST,2022-07-27,2027-06-30,,,CONFIRMED,https://www.transfermarkt.de/manchester-united/kader/verein/985/saison_id/2026/plus/1,543b8e96c6fed73672ad0d37c674352b89ff1da2c63778ec7fb5492ad88361a2,261723,239301,917519
ENG1,2026/27,2026-09-12,Manchester United,985,Matthijs de Ligt,326031,1999-08-12,4,FIRST,2024-08-13,2029-06-30,,,CONFIRMED,https://www.transfermarkt.de/manchester-united/kader/verein/985/saison_id/2026/plus/1,543b8e96c6fed73672ad0d37c674352b89ff1da2c63778ec7fb5492ad88361a2,261721,235243,917519
ENG1,2026/27,2026-09-12,Manchester United,985,Ayden Heaven,1078163,2006-09-22,26,FIRST,2025-02-01,2029-06-30,,,CONFIRMED,https://www.transfermarkt.de/manchester-united/kader/verein/985/saison_id/2026/plus/1,543b8e96c6fed73672ad0d37c674352b89ff1da2c63778ec7fb5492ad88361a2,261739,75087,917519
ENG1,2026/27,2026-09-12,Manchester United,985,Harry Maguire,177907,1993-03-05,5,FIRST,2019-08-05,2027-06-30,,,CONFIRMED,https://www.transfermarkt.de/manchester-united/kader/verein/985/saison_id/2026/plus/1,543b8e96c6fed73672ad0d37c674352b89ff1da2c63778ec7fb5492ad88361a2,261730,203263,917519
ENG1,2026/27,2026-09-12,Manchester United,985,Luke Shaw,183288,1995-07-12,23,FIRST,2014-07-01,2027-06-30,,,CONFIRMED,https://www.transfermarkt.de/manchester-united/kader/verein/985/saison_id/2026/plus/1,543b8e96c6fed73672ad0d37c674352b89ff1da2c63778ec7fb5492ad88361a2,261725,205988,917519
ENG1,2026/27,2026-09-12,Manchester United,985,Diogo Dalot,357147,1999-03-18,2,FIRST,2018-07-01,2028-06-30,,,CONFIRMED,https://www.transfermarkt.de/manchester-united/kader/verein/985/saison_id/2026/plus/1,543b8e96c6fed73672ad0d37c674352b89ff1da2c63778ec7fb5492ad88361a2,261733,234574,917519
ENG1,2026/27,2026-09-12,Manchester United,985,Noussair Mazraoui,340456,1997-11-14,3,FIRST,2024-08-13,2028-06-30,,,CONFIRMED,https://www.transfermarkt.de/manchester-united/kader/verein/985/saison_id/2026/plus/1,543b8e96c6fed73672ad0d37c674352b89ff1da2c63778ec7fb5492ad88361a2,261728,236401,917519
ENG1,2026/27,2026-09-12,Manchester United,985,Carlos Baleba,973085,2004-01-03,20,FIRST,2026-08-25,2031-06-30,,,CONFIRMED,https://www.transfermarkt.de/manchester-united/kader/verein/985/saison_id/2026/plus/1,543b8e96c6fed73672ad0d37c674352b89ff1da2c63778ec7fb5492ad88361a2,23567,272500,917519
ENG1,2026/27,2026-09-12,Manchester United,985,Andrey Santos,743600,2004-05-03,17,FIRST,2026-07-13,2031-06-30,,,CONFIRMED,https://www.transfermarkt.de/manchester-united/kader/verein/985/saison_id/2026/plus/1,543b8e96c6fed73672ad0d37c674352b89ff1da2c63778ec7fb5492ad88361a2,23318,273018,917519
ENG1,2026/27,2026-09-12,Manchester United,985,Manuel Ugarte,476701,2001-04-11,25,FIRST,2024-08-30,2029-06-30,,,CONFIRMED,https://www.transfermarkt.de/manchester-united/kader/verein/985/saison_id/2026/plus/1,543b8e96c6fed73672ad0d37c674352b89ff1da2c63778ec7fb5492ad88361a2,261735,253306,917519
ENG1,2026/27,2026-09-12,Manchester United,985,Kobbie Mainoo,820374,2005-04-19,37,FIRST,2023-07-01,2031-06-30,,,CONFIRMED,https://www.transfermarkt.de/manchester-united/kader/verein/985/saison_id/2026/plus/1,543b8e96c6fed73672ad0d37c674352b89ff1da2c63778ec7fb5492ad88361a2,261732,269136,917519
ENG1,2026/27,2026-09-12,Manchester United,985,Youri Tielemans,249565,1997-05-07,18,FIRST,2026-07-14,2031-06-30,,,CONFIRMED,https://www.transfermarkt.de/manchester-united/kader/verein/985/saison_id/2026/plus/1,543b8e96c6fed73672ad0d37c674352b89ff1da2c63778ec7fb5492ad88361a2,261097,216393,917519
ENG1,2026/27,2026-09-12,Manchester United,985,Tyler Fletcher,1049911,2007-03-19,39,FIRST,2026-07-01,2027-06-30,,,CONFIRMED,https://www.transfermarkt.de/manchester-united/kader/verein/985/saison_id/2026/plus/1,543b8e96c6fed73672ad0d37c674352b89ff1da2c63778ec7fb5492ad88361a2,273919,80903,917519
ENG1,2026/27,2026-09-12,Manchester United,985,Bruno Fernandes,240306,1994-09-08,8,FIRST,2020-01-29,2027-06-30,,,CONFIRMED,https://www.transfermarkt.de/manchester-united/kader/verein/985/saison_id/2026/plus/1,543b8e96c6fed73672ad0d37c674352b89ff1da2c63778ec7fb5492ad88361a2,261720,212198,917519
ENG1,2026/27,2026-09-12,Manchester United,985,Mason Mount,346483,1999-01-10,7,FIRST,2023-07-05,2028-06-30,,,CONFIRMED,https://www.transfermarkt.de/manchester-united/kader/verein/985/saison_id/2026/plus/1,543b8e96c6fed73672ad0d37c674352b89ff1da2c63778ec7fb5492ad88361a2,261726,233064,917519
ENG1,2026/27,2026-09-12,Manchester United,985,Jack Fletcher,1011140,2007-03-19,38,FIRST,,2027-06-30,,,CONFIRMED,https://www.transfermarkt.de/manchester-united/kader/verein/985/saison_id/2026/plus/1,543b8e96c6fed73672ad0d37c674352b89ff1da2c63778ec7fb5492ad88361a2,273914,276320,917519
ENG1,2026/27,2026-09-12,Manchester United,985,Patrick Dorgu,926952,2004-10-26,13,FIRST,2025-02-02,2030-06-30,,,CONFIRMED,https://www.transfermarkt.de/manchester-united/kader/verein/985/saison_id/2026/plus/1,543b8e96c6fed73672ad0d37c674352b89ff1da2c63778ec7fb5492ad88361a2,261737,277432,917519
ENG1,2026/27,2026-09-12,Manchester United,985,Bryan Mbeumo,413039,1999-08-07,19,FIRST,2025-07-21,2030-06-30,,,CONFIRMED,https://www.transfermarkt.de/manchester-united/kader/verein/985/saison_id/2026/plus/1,543b8e96c6fed73672ad0d37c674352b89ff1da2c63778ec7fb5492ad88361a2,261722,243014,917519
ENG1,2026/27,2026-09-12,Manchester United,985,Amad Diallo,536835,2002-07-11,16,FIRST,2021-01-02,2030-06-30,,,CONFIRMED,https://www.transfermarkt.de/manchester-united/kader/verein/985/saison_id/2026/plus/1,543b8e96c6fed73672ad0d37c674352b89ff1da2c63778ec7fb5492ad88361a2,261727,254088,917519
ENG1,2026/27,2026-09-12,Manchester United,985,Shea Lacey,926309,2007-04-14,31,FIRST,2026-07-01,2029-06-30,,,CONFIRMED,https://www.transfermarkt.de/manchester-united/kader/verein/985/saison_id/2026/plus/1,543b8e96c6fed73672ad0d37c674352b89ff1da2c63778ec7fb5492ad88361a2,273916,256519,917519
ENG1,2026/27,2026-09-12,Manchester United,985,Matheus Cunha,517894,1999-05-27,10,FIRST,2025-07-01,2030-06-30,,,CONFIRMED,https://www.transfermarkt.de/manchester-united/kader/verein/985/saison_id/2026/plus/1,543b8e96c6fed73672ad0d37c674352b89ff1da2c63778ec7fb5492ad88361a2,261724,240243,917519
ENG1,2026/27,2026-09-12,Manchester United,985,Benjamin Sesko,627442,2003-05-31,30,FIRST,2025-08-09,2030-06-30,,,CONFIRMED,https://www.transfermarkt.de/manchester-united/kader/verein/985/saison_id/2026/plus/1,543b8e96c6fed73672ad0d37c674352b89ff1da2c63778ec7fb5492ad88361a2,261731,260592,917519
ENG1,2026/27,2026-09-12,Manchester United,985,Joshua Zirkzee,435648,2001-05-22,11,FIRST,2024-07-14,2029-06-30,,,CONFIRMED,https://www.transfermarkt.de/manchester-united/kader/verein/985/saison_id/2026/plus/1,543b8e96c6fed73672ad0d37c674352b89ff1da2c63778ec7fb5492ad88361a2,261734,250961,917519
ENG1,2026/27,2026-09-12,Newcastle United,762,Lukas Hornicek,629773,2002-07-13,21,FIRST,2026-08-03,2031-06-30,,,CONFIRMED,https://www.transfermarkt.de/newcastle-united/kader/verein/762/saison_id/2026/plus/1,5429334da6bcb2ca4dd3f56c0cd56cdb77a500c262e3ff2fb44ba4e8aeed0c4c,286887,258936,917523
ENG1,2026/27,2026-09-12,Newcastle United,762,Ewen Jaouen,923757,2005-12-29,24,FIRST,2026-07-01,2030-06-30,,,CONFIRMED,https://www.transfermarkt.de/newcastle-united/kader/verein/762/saison_id/2026/plus/1,5429334da6bcb2ca4dd3f56c0cd56cdb77a500c262e3ff2fb44ba4e8aeed0c4c,272586,72022,917523
ENG1,2026/27,2026-09-12,Newcastle United,762,Nick Pope,192080,1992-04-19,1,FIRST,2022-07-01,2027-06-30,,,CONFIRMED,https://www.transfermarkt.de/newcastle-united/kader/verein/762/saison_id/2026/plus/1,5429334da6bcb2ca4dd3f56c0cd56cdb77a500c262e3ff2fb44ba4e8aeed0c4c,23407,203841,917523
ENG1,2026/27,2026-09-12,Newcastle United,762,Mark Gillespie,142389,1992-03-27,29,FIRST,2020-07-03,2027-06-30,,,CONFIRMED,https://www.transfermarkt.de/newcastle-united/kader/verein/762/saison_id/2026/plus/1,5429334da6bcb2ca4dd3f56c0cd56cdb77a500c262e3ff2fb44ba4e8aeed0c4c,23413,198039,917523
ENG1,2026/27,2026-09-12,Newcastle United,762,Malick Thiaw,521964,2001-08-08,12,FIRST,2025-08-12,2029-06-30,,,CONFIRMED,https://www.transfermarkt.de/newcastle-united/kader/verein/762/saison_id/2026/plus/1,5429334da6bcb2ca4dd3f56c0cd56cdb77a500c262e3ff2fb44ba4e8aeed0c4c,23402,256261,917523
ENG1,2026/27,2026-09-12,Newcastle United,762,Sven Botman,361093,2000-01-12,4,FIRST,2022-07-01,2030-06-30,,,CONFIRMED,https://www.transfermarkt.de/newcastle-united/kader/verein/762/saison_id/2026/plus/1,5429334da6bcb2ca4dd3f56c0cd56cdb77a500c262e3ff2fb44ba4e8aeed0c4c,23392,251809,917523
ENG1,2026/27,2026-09-12,Newcastle United,762,Fabian Schär,135343,1991-12-20,5,FIRST,2018-07-26,2027-06-30,,,CONFIRMED,https://www.transfermarkt.de/newcastle-united/kader/verein/762/saison_id/2026/plus/1,5429334da6bcb2ca4dd3f56c0cd56cdb77a500c262e3ff2fb44ba4e8aeed0c4c,23396,210047,917523
ENG1,2026/27,2026-09-12,Newcastle United,762,Dan Burn,134270,1992-05-09,33,FIRST,2022-01-31,2027-06-30,,,CONFIRMED,https://www.transfermarkt.de/newcastle-united/kader/verein/762/saison_id/2026/plus/1,5429334da6bcb2ca4dd3f56c0cd56cdb77a500c262e3ff2fb44ba4e8aeed0c4c,23398,198032,917523
ENG1,2026/27,2026-09-12,Newcastle United,762,Lewis Hall,670858,2004-09-08,3,FIRST,2024-07-01,,,,CONFIRMED,https://www.transfermarkt.de/newcastle-united/kader/verein/762/saison_id/2026/plus/1,5429334da6bcb2ca4dd3f56c0cd56cdb77a500c262e3ff2fb44ba4e8aeed0c4c,23403,266127,917523
ENG1,2026/27,2026-09-12,Newcastle United,762,Tino Livramento,503981,2002-11-12,2,FIRST,2023-08-08,2028-06-30,,,CONFIRMED,https://www.transfermarkt.de/newcastle-united/kader/verein/762/saison_id/2026/plus/1,5429334da6bcb2ca4dd3f56c0cd56cdb77a500c262e3ff2fb44ba4e8aeed0c4c,23394,262118,917523
ENG1,2026/27,2026-09-12,Newcastle United,762,Amar Dedic,519184,2002-08-18,37,FIRST,2026-08-18,2031-06-30,,,CONFIRMED,https://www.transfermarkt.de/newcastle-united/kader/verein/762/saison_id/2026/plus/1,5429334da6bcb2ca4dd3f56c0cd56cdb77a500c262e3ff2fb44ba4e8aeed0c4c,288119,257345,917523
ENG1,2026/27,2026-09-12,Newcastle United,762,Nico González,466805,2002-01-03,6,FIRST,2026-08-26,,,,CONFIRMED,https://www.transfermarkt.de/newcastle-united/kader/verein/762/saison_id/2026/plus/1,5429334da6bcb2ca4dd3f56c0cd56cdb77a500c262e3ff2fb44ba4e8aeed0c4c,262608,255069,917523
ENG1,2026/27,2026-09-12,Newcastle United,762,Aladji Bamba,975347,2006-07-14,8,FIRST,2026-07-24,2031-06-30,,,CONFIRMED,https://www.transfermarkt.de/newcastle-united/kader/verein/762/saison_id/2026/plus/1,5429334da6bcb2ca4dd3f56c0cd56cdb77a500c262e3ff2fb44ba4e8aeed0c4c,284494,75734,917523
ENG1,2026/27,2026-09-12,Newcastle United,762,Jacob Ramsey,503749,2001-05-28,41,FIRST,2025-08-17,2030-06-30,,,CONFIRMED,https://www.transfermarkt.de/newcastle-united/kader/verein/762/saison_id/2026/plus/1,5429334da6bcb2ca4dd3f56c0cd56cdb77a500c262e3ff2fb44ba4e8aeed0c4c,23397,246923,917523
ENG1,2026/27,2026-09-12,Newcastle United,762,Joelinton,333241,1996-08-14,7,FIRST,2019-07-23,2028-06-30,,,CONFIRMED,https://www.transfermarkt.de/newcastle-united/kader/verein/762/saison_id/2026/plus/1,5429334da6bcb2ca4dd3f56c0cd56cdb77a500c262e3ff2fb44ba4e8aeed0c4c,23391,223334,917523
ENG1,2026/27,2026-09-12,Newcastle United,762,Lewis Miley,922769,2006-05-01,67,FIRST,2023-07-01,2032-06-30,,,CONFIRMED,https://www.transfermarkt.de/newcastle-united/kader/verein/762/saison_id/2026/plus/1,5429334da6bcb2ca4dd3f56c0cd56cdb77a500c262e3ff2fb44ba4e8aeed0c4c,23408,274246,917523
ENG1,2026/27,2026-09-12,Newcastle United,762,Joe Willock,340329,1999-08-20,28,FIRST,2021-08-13,2027-06-30,,,CONFIRMED,https://www.transfermarkt.de/newcastle-united/kader/verein/762/saison_id/2026/plus/1,5429334da6bcb2ca4dd3f56c0cd56cdb77a500c262e3ff2fb44ba4e8aeed0c4c,23404,237329,917523
ENG1,2026/27,2026-09-12,Newcastle United,762,Sean Steur,1111063,2008-01-11,14,FIRST,2026-07-09,2031-06-30,,,CONFIRMED,https://www.transfermarkt.de/newcastle-united/kader/verein/762/saison_id/2026/plus/1,5429334da6bcb2ca4dd3f56c0cd56cdb77a500c262e3ff2fb44ba4e8aeed0c4c,295684,77152,917523
ENG1,2026/27,2026-09-12,Newcastle United,762,Bazoumana Touré,1067904,2006-03-02,17,FIRST,2026-07-05,2031-06-30,,,CONFIRMED,https://www.transfermarkt.de/newcastle-united/kader/verein/762/saison_id/2026/plus/1,5429334da6bcb2ca4dd3f56c0cd56cdb77a500c262e3ff2fb44ba4e8aeed0c4c,280186,71418,917523
ENG1,2026/27,2026-09-12,Newcastle United,762,Harvey Barnes,398065,1997-12-09,11,FIRST,2023-07-23,,,,CONFIRMED,https://www.transfermarkt.de/newcastle-united/kader/verein/762/saison_id/2026/plus/1,5429334da6bcb2ca4dd3f56c0cd56cdb77a500c262e3ff2fb44ba4e8aeed0c4c,23400,234742,917523
ENG1,2026/27,2026-09-12,Newcastle United,762,Anthony Elanga,583189,2002-04-27,19,FIRST,2025-07-11,2030-06-30,,,CONFIRMED,https://www.transfermarkt.de/newcastle-united/kader/verein/762/saison_id/2026/plus/1,5429334da6bcb2ca4dd3f56c0cd56cdb77a500c262e3ff2fb44ba4e8aeed0c4c,23405,257470,917523
ENG1,2026/27,2026-09-12,Newcastle United,762,Jacob Murphy,199527,1995-02-24,23,FIRST,2017-07-19,2027-06-30,,,CONFIRMED,https://www.transfermarkt.de/newcastle-united/kader/verein/762/saison_id/2026/plus/1,5429334da6bcb2ca4dd3f56c0cd56cdb77a500c262e3ff2fb44ba4e8aeed0c4c,23406,206085,917523
ENG1,2026/27,2026-09-12,Newcastle United,762,Matias Fernandez-Pardo,724129,2005-02-03,20,FIRST,2026-09-01,2031-06-30,,,CONFIRMED,https://www.transfermarkt.de/newcastle-united/kader/verein/762/saison_id/2026/plus/1,5429334da6bcb2ca4dd3f56c0cd56cdb77a500c262e3ff2fb44ba4e8aeed0c4c,288726,276048,917523
ENG1,2026/27,2026-09-12,Newcastle United,762,William Osula,609556,2003-08-04,10,FIRST,2024-08-08,2029-06-30,,,CONFIRMED,https://www.transfermarkt.de/newcastle-united/kader/verein/762/saison_id/2026/plus/1,5429334da6bcb2ca4dd3f56c0cd56cdb77a500c262e3ff2fb44ba4e8aeed0c4c,23410,270519,917523
ENG1,2026/27,2026-09-12,Newcastle United,762,Yoane Wissa,388165,1996-09-03,9,FIRST,2025-09-01,2029-06-30,,,CONFIRMED,https://www.transfermarkt.de/newcastle-united/kader/verein/762/saison_id/2026/plus/1,5429334da6bcb2ca4dd3f56c0cd56cdb77a500c262e3ff2fb44ba4e8aeed0c4c,23399,234824,917523
ENG1,2026/27,2026-09-12,Nottingham Forest,703,John Victor,432914,1996-02-13,12,FIRST,2025-08-31,2028-06-30,,,CONFIRMED,https://www.transfermarkt.de/nottingham-forest/kader/verein/703/saison_id/2026/plus/1,1f3c6bd0f0de76240faea845ee07a8d1fad13ffa72e96a8cbb4612f966f30983,23504,234724,917549
ENG1,2026/27,2026-09-12,Nottingham Forest,703,Matz Sels,127202,1992-02-26,26,FIRST,2024-02-01,2028-06-30,,,CONFIRMED,https://www.transfermarkt.de/nottingham-forest/kader/verein/703/saison_id/2026/plus/1,1f3c6bd0f0de76240faea845ee07a8d1fad13ffa72e96a8cbb4612f966f30983,23495,199641,917549
ENG1,2026/27,2026-09-12,Nottingham Forest,703,Murillo,1005649,2002-07-04,5,FIRST,2023-08-31,2030-06-30,,,CONFIRMED,https://www.transfermarkt.de/nottingham-forest/kader/verein/703/saison_id/2026/plus/1,1f3c6bd0f0de76240faea845ee07a8d1fad13ffa72e96a8cbb4612f966f30983,23482,278016,917549
ENG1,2026/27,2026-09-12,Nottingham Forest,703,Ousmane Diomande,974982,2003-12-04,2,FIRST,2026-08-11,2030-06-30,,,CONFIRMED,https://www.transfermarkt.de/nottingham-forest/kader/verein/703/saison_id/2026/plus/1,1f3c6bd0f0de76240faea845ee07a8d1fad13ffa72e96a8cbb4612f966f30983,286411,270531,917549
ENG1,2026/27,2026-09-12,Nottingham Forest,703,Nikola Milenković,413507,1997-10-12,31,FIRST,2024-07-18,2029-06-30,,,CONFIRMED,https://www.transfermarkt.de/nottingham-forest/kader/verein/703/saison_id/2026/plus/1,1f3c6bd0f0de76240faea845ee07a8d1fad13ffa72e96a8cbb4612f966f30983,23485,238095,917549
ENG1,2026/27,2026-09-12,Nottingham Forest,703,Jair Cunha,984096,2005-03-07,23,FIRST,2025-07-11,2030-06-30,,,CONFIRMED,https://www.transfermarkt.de/nottingham-forest/kader/verein/703/saison_id/2026/plus/1,1f3c6bd0f0de76240faea845ee07a8d1fad13ffa72e96a8cbb4612f966f30983,23505,79629,917549
ENG1,2026/27,2026-09-12,Nottingham Forest,703,Neco Williams,503680,2001-04-13,3,FIRST,2022-07-10,2030-06-30,,,CONFIRMED,https://www.transfermarkt.de/nottingham-forest/kader/verein/703/saison_id/2026/plus/1,1f3c6bd0f0de76240faea845ee07a8d1fad13ffa72e96a8cbb4612f966f30983,23501,243057,917549
ENG1,2026/27,2026-09-12,Nottingham Forest,703,Luca Netz,524285,2003-05-15,25,FIRST,2026-02-02,2030-06-30,,,CONFIRMED,https://www.transfermarkt.de/nottingham-forest/kader/verein/703/saison_id/2026/plus/1,1f3c6bd0f0de76240faea845ee07a8d1fad13ffa72e96a8cbb4612f966f30983,279845,256781,917549
ENG1,2026/27,2026-09-12,Nottingham Forest,703,Daniel Muñoz,493003,1996-05-26,27,FIRST,2026-08-31,2029-06-30,,,CONFIRMED,https://www.transfermarkt.de/nottingham-forest/kader/verein/703/saison_id/2026/plus/1,1f3c6bd0f0de76240faea845ee07a8d1fad13ffa72e96a8cbb4612f966f30983,265152,237646,917549
ENG1,2026/27,2026-09-12,Nottingham Forest,703,Ola Aina,236490,1996-10-08,34,FIRST,2023-07-22,2028-06-30,,,CONFIRMED,https://www.transfermarkt.de/nottingham-forest/kader/verein/703/saison_id/2026/plus/1,1f3c6bd0f0de76240faea845ee07a8d1fad13ffa72e96a8cbb4612f966f30983,23489,224656,917549
ENG1,2026/27,2026-09-12,Nottingham Forest,703,Nicolò Savona,708072,2003-03-19,37,FIRST,2025-08-30,2030-06-30,,,CONFIRMED,https://www.transfermarkt.de/nottingham-forest/kader/verein/703/saison_id/2026/plus/1,1f3c6bd0f0de76240faea845ee07a8d1fad13ffa72e96a8cbb4612f966f30983,23492,74310,917549
ENG1,2026/27,2026-09-12,Nottingham Forest,703,Ibrahim Sangaré,375885,1997-12-02,6,FIRST,2023-09-01,2029-06-30,,,CONFIRMED,https://www.transfermarkt.de/nottingham-forest/kader/verein/703/saison_id/2026/plus/1,1f3c6bd0f0de76240faea845ee07a8d1fad13ffa72e96a8cbb4612f966f30983,23490,235173,917549
ENG1,2026/27,2026-09-12,Nottingham Forest,703,Nicolás Domínguez,497291,1998-06-28,8,FIRST,2023-09-01,2028-06-30,,,CONFIRMED,https://www.transfermarkt.de/nottingham-forest/kader/verein/703/saison_id/2026/plus/1,1f3c6bd0f0de76240faea845ee07a8d1fad13ffa72e96a8cbb4612f966f30983,23488,237819,917549
ENG1,2026/27,2026-09-12,Nottingham Forest,703,Xaver Schlager,223979,1997-09-28,21,FIRST,2026-07-23,2028-06-30,,,CONFIRMED,https://www.transfermarkt.de/nottingham-forest/kader/verein/703/saison_id/2026/plus/1,1f3c6bd0f0de76240faea845ee07a8d1fad13ffa72e96a8cbb4612f966f30983,276929,233195,917549
ENG1,2026/27,2026-09-12,Nottingham Forest,703,Ryan Yates,425902,1997-11-21,22,FIRST,2016-07-01,2028-06-30,,,CONFIRMED,https://www.transfermarkt.de/nottingham-forest/kader/verein/703/saison_id/2026/plus/1,1f3c6bd0f0de76240faea845ee07a8d1fad13ffa72e96a8cbb4612f966f30983,23502,235642,917549
ENG1,2026/27,2026-09-12,Nottingham Forest,703,Morgan Gibbs-White,429014,2000-01-27,10,FIRST,2022-08-19,2028-06-30,,,CONFIRMED,https://www.transfermarkt.de/nottingham-forest/kader/verein/703/saison_id/2026/plus/1,1f3c6bd0f0de76240faea845ee07a8d1fad13ffa72e96a8cbb4612f966f30983,23483,236015,917549
ENG1,2026/27,2026-09-12,Nottingham Forest,703,James McAtee,583199,2002-10-18,24,FIRST,2025-08-16,2030-06-30,,,CONFIRMED,https://www.transfermarkt.de/nottingham-forest/kader/verein/703/saison_id/2026/plus/1,1f3c6bd0f0de76240faea845ee07a8d1fad13ffa72e96a8cbb4612f966f30983,23497,264349,917549
ENG1,2026/27,2026-09-12,Nottingham Forest,703,Callum Hudson-Odoi,392768,2000-11-07,7,FIRST,2023-09-01,2028-06-30,,,CONFIRMED,https://www.transfermarkt.de/nottingham-forest/kader/verein/703/saison_id/2026/plus/1,1f3c6bd0f0de76240faea845ee07a8d1fad13ffa72e96a8cbb4612f966f30983,23484,240740,917549
ENG1,2026/27,2026-09-12,Nottingham Forest,703,Dan Ndoye,365108,2000-10-25,14,FIRST,2025-07-31,2030-06-30,,,CONFIRMED,https://www.transfermarkt.de/nottingham-forest/kader/verein/703/saison_id/2026/plus/1,1f3c6bd0f0de76240faea845ee07a8d1fad13ffa72e96a8cbb4612f966f30983,23486,257980,917549
ENG1,2026/27,2026-09-12,Nottingham Forest,703,Liam Delap,610849,2003-02-08,19,FIRST,2026-08-27,2031-06-30,,,CONFIRMED,https://www.transfermarkt.de/nottingham-forest/kader/verein/703/saison_id/2026/plus/1,1f3c6bd0f0de76240faea845ee07a8d1fad13ffa72e96a8cbb4612f966f30983,23310,259031,917549
ENG1,2026/27,2026-09-12,Nottingham Forest,703,Igor Jesus,432164,2001-02-25,11,FIRST,2025-07-05,2029-06-30,,,CONFIRMED,https://www.transfermarkt.de/nottingham-forest/kader/verein/703/saison_id/2026/plus/1,1f3c6bd0f0de76240faea845ee07a8d1fad13ffa72e96a8cbb4612f966f30983,23500,79402,917549
ENG1,2026/27,2026-09-12,Nottingham Forest,703,Arnaud Kalimuendo,585959,2002-01-20,15,FIRST,2025-08-18,2030-06-30,,,CONFIRMED,https://www.transfermarkt.de/nottingham-forest/kader/verein/703/saison_id/2026/plus/1,1f3c6bd0f0de76240faea845ee07a8d1fad13ffa72e96a8cbb4612f966f30983,23494,253444,917549
ENG1,2026/27,2026-09-12,Nottingham Forest,703,Chris Wood,108725,1991-12-07,9,FIRST,2023-07-01,2027-06-30,,,CONFIRMED,https://www.transfermarkt.de/nottingham-forest/kader/verein/703/saison_id/2026/plus/1,1f3c6bd0f0de76240faea845ee07a8d1fad13ffa72e96a8cbb4612f966f30983,23496,192123,917549
ENG1,2026/27,2026-09-12,Sunderland,289,Robin Roefs,646991,2003-01-17,22,FIRST,2025-08-01,2031-06-30,,,CONFIRMED,https://www.transfermarkt.de/afc-sunderland/kader/verein/289/saison_id/2026/plus/1,bd74ae0019b88eeaf201f5b09382a2f264e6feab18e637371f9e43576b711509,23913,263798,917524
ENG1,2026/27,2026-09-12,Sunderland,289,Melker Ellborg,605426,2003-05-22,31,FIRST,2026-02-01,2030-06-30,,,CONFIRMED,https://www.transfermarkt.de/afc-sunderland/kader/verein/289/saison_id/2026/plus/1,bd74ae0019b88eeaf201f5b09382a2f264e6feab18e637371f9e43576b711509,187747,259987,917524
ENG1,2026/27,2026-09-12,Sunderland,289,Simon Moore,123536,1990-05-19,21,FIRST,2024-07-01,2027-06-30,,,CONFIRMED,https://www.transfermarkt.de/afc-sunderland/kader/verein/289/saison_id/2026/plus/1,bd74ae0019b88eeaf201f5b09382a2f264e6feab18e637371f9e43576b711509,23930,194150,917524
ENG1,2026/27,2026-09-12,Sunderland,289,Dan Ballard,503686,1999-09-22,5,FIRST,2022-07-01,2029-06-30,,,CONFIRMED,https://www.transfermarkt.de/afc-sunderland/kader/verein/289/saison_id/2026/plus/1,bd74ae0019b88eeaf201f5b09382a2f264e6feab18e637371f9e43576b711509,23912,243908,917524
ENG1,2026/27,2026-09-12,Sunderland,289,Omar Alderete,353032,1996-12-26,15,FIRST,2025-08-12,2029-06-30,,,CONFIRMED,https://www.transfermarkt.de/afc-sunderland/kader/verein/289/saison_id/2026/plus/1,bd74ae0019b88eeaf201f5b09382a2f264e6feab18e637371f9e43576b711509,23902,240359,917524
ENG1,2026/27,2026-09-12,Sunderland,289,Luke O'Nien,282939,1994-11-21,13,FIRST,2018-07-30,2027-06-30,,,CONFIRMED,https://www.transfermarkt.de/afc-sunderland/kader/verein/289/saison_id/2026/plus/1,bd74ae0019b88eeaf201f5b09382a2f264e6feab18e637371f9e43576b711509,23918,215700,917524
ENG1,2026/27,2026-09-12,Sunderland,289,Aji Alese,502065,2001-01-17,42,FIRST,2022-07-15,2027-06-30,,,CONFIRMED,https://www.transfermarkt.de/afc-sunderland/kader/verein/289/saison_id/2026/plus/1,bd74ae0019b88eeaf201f5b09382a2f264e6feab18e637371f9e43576b711509,23922,240867,917524
ENG1,2026/27,2026-09-12,Sunderland,289,Dayann Méthalie,1191444,2006-02-15,6,FIRST,2026-08-21,2031-06-30,,,CONFIRMED,https://www.transfermarkt.de/afc-sunderland/kader/verein/289/saison_id/2026/plus/1,bd74ae0019b88eeaf201f5b09382a2f264e6feab18e637371f9e43576b711509,291087,74491,917524
ENG1,2026/27,2026-09-12,Sunderland,289,Reinildo Mandava,240692,1994-01-21,17,FIRST,2025-07-08,2027-06-30,,,CONFIRMED,https://www.transfermarkt.de/afc-sunderland/kader/verein/289/saison_id/2026/plus/1,bd74ae0019b88eeaf201f5b09382a2f264e6feab18e637371f9e43576b711509,23903,236045,917524
ENG1,2026/27,2026-09-12,Sunderland,289,Trai Hume,515544,2002-03-18,32,FIRST,2022-01-04,2030-06-30,,,CONFIRMED,https://www.transfermarkt.de/afc-sunderland/kader/verein/289/saison_id/2026/plus/1,bd74ae0019b88eeaf201f5b09382a2f264e6feab18e637371f9e43576b711509,23914,266400,917524
ENG1,2026/27,2026-09-12,Sunderland,289,Nordi Mukiele,348026,1997-11-01,20,FIRST,2025-08-17,2029-06-30,,,CONFIRMED,https://www.transfermarkt.de/afc-sunderland/kader/verein/289/saison_id/2026/plus/1,bd74ae0019b88eeaf201f5b09382a2f264e6feab18e637371f9e43576b711509,23905,226166,917524
ENG1,2026/27,2026-09-12,Sunderland,289,Thomas Meunier,100986,1991-09-12,12,FIRST,2026-07-15,2028-06-30,,,CONFIRMED,https://www.transfermarkt.de/afc-sunderland/kader/verein/289/saison_id/2026/plus/1,bd74ae0019b88eeaf201f5b09382a2f264e6feab18e637371f9e43576b711509,288731,202371,917524
ENG1,2026/27,2026-09-12,Sunderland,289,Granit Xhaka,111455,1992-09-27,34,FIRST,2025-07-30,2028-06-30,,,CONFIRMED,https://www.transfermarkt.de/afc-sunderland/kader/verein/289/saison_id/2026/plus/1,bd74ae0019b88eeaf201f5b09382a2f264e6feab18e637371f9e43576b711509,23901,199503,917524
ENG1,2026/27,2026-09-12,Sunderland,289,Habib Diarra,876631,2004-01-03,19,FIRST,2025-07-01,2030-06-30,,,CONFIRMED,https://www.transfermarkt.de/afc-sunderland/kader/verein/289/saison_id/2026/plus/1,bd74ae0019b88eeaf201f5b09382a2f264e6feab18e637371f9e43576b711509,23907,264293,917524
ENG1,2026/27,2026-09-12,Sunderland,289,Noah Sadiki,727089,2004-12-17,27,FIRST,2025-07-04,2030-06-30,,,CONFIRMED,https://www.transfermarkt.de/afc-sunderland/kader/verein/289/saison_id/2026/plus/1,bd74ae0019b88eeaf201f5b09382a2f264e6feab18e637371f9e43576b711509,23911,269230,917524
ENG1,2026/27,2026-09-12,Sunderland,289,Enzo Le Fée,633992,2000-02-03,28,FIRST,2025-07-01,2029-06-30,,,CONFIRMED,https://www.transfermarkt.de/afc-sunderland/kader/verein/289/saison_id/2026/plus/1,bd74ae0019b88eeaf201f5b09382a2f264e6feab18e637371f9e43576b711509,23908,246350,917524
ENG1,2026/27,2026-09-12,Sunderland,289,Abdoullah Ba,654412,2003-07-31,46,FIRST,2022-08-31,2027-06-30,,,CONFIRMED,https://www.transfermarkt.de/afc-sunderland/kader/verein/289/saison_id/2026/plus/1,bd74ae0019b88eeaf201f5b09382a2f264e6feab18e637371f9e43576b711509,23923,262149,917524
ENG1,2026/27,2026-09-12,Sunderland,289,Chris Rigg,947411,2007-06-18,11,FIRST,2023-07-01,2030-06-30,,,CONFIRMED,https://www.transfermarkt.de/afc-sunderland/kader/verein/289/saison_id/2026/plus/1,bd74ae0019b88eeaf201f5b09382a2f264e6feab18e637371f9e43576b711509,23921,273459,917524
ENG1,2026/27,2026-09-12,Sunderland,289,Malick Fofana,743386,2005-03-31,39,FIRST,2026-09-01,2031-06-30,,,CONFIRMED,https://www.transfermarkt.de/afc-sunderland/kader/verein/289/saison_id/2026/plus/1,bd74ae0019b88eeaf201f5b09382a2f264e6feab18e637371f9e43576b711509,284662,256420,917524
ENG1,2026/27,2026-09-12,Sunderland,289,Nilson Angulo,903611,2003-06-19,10,FIRST,2026-02-02,2030-06-30,,,CONFIRMED,https://www.transfermarkt.de/afc-sunderland/kader/verein/289/saison_id/2026/plus/1,bd74ae0019b88eeaf201f5b09382a2f264e6feab18e637371f9e43576b711509,235249,264205,917524
ENG1,2026/27,2026-09-12,Sunderland,289,Romaine Mundle,696181,2003-04-24,14,FIRST,2024-02-01,2030-06-30,,,CONFIRMED,https://www.transfermarkt.de/afc-sunderland/kader/verein/289/saison_id/2026/plus/1,bd74ae0019b88eeaf201f5b09382a2f264e6feab18e637371f9e43576b711509,23919,268903,917524
ENG1,2026/27,2026-09-12,Sunderland,289,Chemsdine Talbi,743384,2005-05-09,7,FIRST,2025-07-09,2030-06-30,,,CONFIRMED,https://www.transfermarkt.de/afc-sunderland/kader/verein/289/saison_id/2026/plus/1,bd74ae0019b88eeaf201f5b09382a2f264e6feab18e637371f9e43576b711509,23915,275048,917524
ENG1,2026/27,2026-09-12,Sunderland,289,Brian Brobbey,473169,2002-02-01,9,FIRST,2025-09-01,2029-06-30,,,CONFIRMED,https://www.transfermarkt.de/afc-sunderland/kader/verein/289/saison_id/2026/plus/1,bd74ae0019b88eeaf201f5b09382a2f264e6feab18e637371f9e43576b711509,23909,251810,917524
ENG1,2026/27,2026-09-12,Sunderland,289,Wilson Isidor,494237,2000-08-27,18,FIRST,2025-02-01,2030-06-30,,,CONFIRMED,https://www.transfermarkt.de/afc-sunderland/kader/verein/289/saison_id/2026/plus/1,bd74ae0019b88eeaf201f5b09382a2f264e6feab18e637371f9e43576b711509,23916,247335,917524
ENG1,2026/27,2026-09-12,Sunderland,289,Juan Riquelme Angulo,1257410,2008-01-12,-,FIRST,2026-09-01,2031-06-30,,,CONFIRMED,https://www.transfermarkt.de/afc-sunderland/kader/verein/289/saison_id/2026/plus/1,bd74ae0019b88eeaf201f5b09382a2f264e6feab18e637371f9e43576b711509,244552,0,917524
ENG1,2026/27,2026-09-12,Tottenham Hotspur,148,Antonín Kinský,725912,2003-03-13,31,FIRST,2025-01-05,2031-06-30,,,CONFIRMED,https://www.transfermarkt.de/tottenham-hotspur/kader/verein/148/saison_id/2026/plus/1,007fc11048dc50b4cfd2c580b82958bb7cc02f984af0af71c4079e53b5c71390,265422,73580,917514
ENG1,2026/27,2026-09-12,Tottenham Hotspur,148,Martin Dúbravka,74960,1989-01-15,39,FIRST,2026-07-01,2027-06-30,,,CONFIRMED,https://www.transfermarkt.de/tottenham-hotspur/kader/verein/148/saison_id/2026/plus/1,007fc11048dc50b4cfd2c580b82958bb7cc02f984af0af71c4079e53b5c71390,260245,220407,917514
ENG1,2026/27,2026-09-12,Tottenham Hotspur,148,Brandon Austin,428016,1999-01-08,40,FIRST,2021-08-01,2029-06-30,,,CONFIRMED,https://www.transfermarkt.de/tottenham-hotspur/kader/verein/148/saison_id/2026/plus/1,007fc11048dc50b4cfd2c580b82958bb7cc02f984af0af71c4079e53b5c71390,265423,236568,917514
ENG1,2026/27,2026-09-12,Tottenham Hotspur,148,Jan Paul van Hecke,576314,2000-06-08,6,FIRST,2026-07-01,,,,CONFIRMED,https://www.transfermarkt.de/tottenham-hotspur/kader/verein/148/saison_id/2026/plus/1,007fc11048dc50b4cfd2c580b82958bb7cc02f984af0af71c4079e53b5c71390,23566,258908,917514
ENG1,2026/27,2026-09-12,Tottenham Hotspur,148,Micky van de Ven,557459,2001-04-19,37,FIRST,2023-08-08,2031-06-30,,,CONFIRMED,https://www.transfermarkt.de/tottenham-hotspur/kader/verein/148/saison_id/2026/plus/1,007fc11048dc50b4cfd2c580b82958bb7cc02f984af0af71c4079e53b5c71390,265399,264453,917514
ENG1,2026/27,2026-09-12,Tottenham Hotspur,148,Marcos Senesi,469781,1997-05-10,5,FIRST,2026-07-01,2030-06-30,,,CONFIRMED,https://www.transfermarkt.de/tottenham-hotspur/kader/verein/148/saison_id/2026/plus/1,007fc11048dc50b4cfd2c580b82958bb7cc02f984af0af71c4079e53b5c71390,258537,236506,917514
ENG1,2026/27,2026-09-12,Tottenham Hotspur,148,Tosin Adarabioyo,258878,1997-09-24,4,FIRST,2026-09-01,,,,CONFIRMED,https://www.transfermarkt.de/tottenham-hotspur/kader/verein/148/saison_id/2026/plus/1,007fc11048dc50b4cfd2c580b82958bb7cc02f984af0af71c4079e53b5c71390,23317,222104,917514
ENG1,2026/27,2026-09-12,Tottenham Hotspur,148,Ben Davies,192765,1993-04-24,33,FIRST,2014-07-23,2027-06-30,,,CONFIRMED,https://www.transfermarkt.de/tottenham-hotspur/kader/verein/148/saison_id/2026/plus/1,007fc11048dc50b4cfd2c580b82958bb7cc02f984af0af71c4079e53b5c71390,265418,205923,917514
ENG1,2026/27,2026-09-12,Tottenham Hotspur,148,Destiny Udogie,556385,2002-11-28,13,FIRST,2022-08-16,2030-06-30,,,CONFIRMED,https://www.transfermarkt.de/tottenham-hotspur/kader/verein/148/saison_id/2026/plus/1,007fc11048dc50b4cfd2c580b82958bb7cc02f984af0af71c4079e53b5c71390,265407,259583,917514
ENG1,2026/27,2026-09-12,Tottenham Hotspur,148,Andrew Robertson,234803,1994-03-11,3,FIRST,2026-07-01,2030-06-30,,,CONFIRMED,https://www.transfermarkt.de/tottenham-hotspur/kader/verein/148/saison_id/2026/plus/1,007fc11048dc50b4cfd2c580b82958bb7cc02f984af0af71c4079e53b5c71390,258860,216267,917514
ENG1,2026/27,2026-09-12,Tottenham Hotspur,148,Pedro Porro,553875,1999-09-13,23,FIRST,2023-07-01,2031-06-30,,,CONFIRMED,https://www.transfermarkt.de/tottenham-hotspur/kader/verein/148/saison_id/2026/plus/1,007fc11048dc50b4cfd2c580b82958bb7cc02f984af0af71c4079e53b5c71390,265410,243576,917514
ENG1,2026/27,2026-09-12,Tottenham Hotspur,148,Archie Gray,922693,2006-03-12,14,FIRST,2024-07-02,2030-06-30,,,CONFIRMED,https://www.transfermarkt.de/tottenham-hotspur/kader/verein/148/saison_id/2026/plus/1,007fc11048dc50b4cfd2c580b82958bb7cc02f984af0af71c4079e53b5c71390,265420,270208,917514
ENG1,2026/27,2026-09-12,Tottenham Hotspur,148,Sandro Tonali,397033,2000-05-08,16,FIRST,2026-07-06,2032-06-30,,,CONFIRMED,https://www.transfermarkt.de/tottenham-hotspur/kader/verein/148/saison_id/2026/plus/1,007fc11048dc50b4cfd2c580b82958bb7cc02f984af0af71c4079e53b5c71390,23388,241096,917514
ENG1,2026/27,2026-09-12,Tottenham Hotspur,148,Rodrigo Bentancur,354362,1997-06-25,30,FIRST,2022-01-31,2029-06-30,,,CONFIRMED,https://www.transfermarkt.de/tottenham-hotspur/kader/verein/148/saison_id/2026/plus/1,007fc11048dc50b4cfd2c580b82958bb7cc02f984af0af71c4079e53b5c71390,265406,227535,917514
ENG1,2026/27,2026-09-12,Tottenham Hotspur,148,Mateus Fernandes,880245,2004-07-10,18,FIRST,2026-07-02,2031-06-30,,,CONFIRMED,https://www.transfermarkt.de/tottenham-hotspur/kader/verein/148/saison_id/2026/plus/1,007fc11048dc50b4cfd2c580b82958bb7cc02f984af0af71c4079e53b5c71390,263484,270857,917514
ENG1,2026/27,2026-09-12,Tottenham Hotspur,148,Lucas Bergvall,866246,2006-02-02,15,FIRST,2024-07-01,2031-06-30,,,CONFIRMED,https://www.transfermarkt.de/tottenham-hotspur/kader/verein/148/saison_id/2026/plus/1,007fc11048dc50b4cfd2c580b82958bb7cc02f984af0af71c4079e53b5c71390,265417,272926,917514
ENG1,2026/27,2026-09-12,Tottenham Hotspur,148,Conor Gallagher,488362,2000-02-06,8,FIRST,2026-01-14,2031-06-30,,,CONFIRMED,https://www.transfermarkt.de/tottenham-hotspur/kader/verein/148/saison_id/2026/plus/1,007fc11048dc50b4cfd2c580b82958bb7cc02f984af0af71c4079e53b5c71390,284976,238216,917514
ENG1,2026/27,2026-09-12,Tottenham Hotspur,148,Xavi Simons,566931,2003-04-21,7,FIRST,2025-08-29,2030-06-30,,,CONFIRMED,https://www.transfermarkt.de/tottenham-hotspur/kader/verein/148/saison_id/2026/plus/1,007fc11048dc50b4cfd2c580b82958bb7cc02f984af0af71c4079e53b5c71390,265401,245367,917514
ENG1,2026/27,2026-09-12,Tottenham Hotspur,148,James Maddison,294057,1996-11-23,10,FIRST,2023-07-01,2028-06-30,,,CONFIRMED,https://www.transfermarkt.de/tottenham-hotspur/kader/verein/148/saison_id/2026/plus/1,007fc11048dc50b4cfd2c580b82958bb7cc02f984af0af71c4079e53b5c71390,265403,220697,917514
ENG1,2026/27,2026-09-12,Tottenham Hotspur,148,Dejan Kulusevski,431755,2000-04-25,21,FIRST,2023-07-01,2028-06-30,,,CONFIRMED,https://www.transfermarkt.de/tottenham-hotspur/kader/verein/148/saison_id/2026/plus/1,007fc11048dc50b4cfd2c580b82958bb7cc02f984af0af71c4079e53b5c71390,265398,247394,917514
ENG1,2026/27,2026-09-12,Tottenham Hotspur,148,Mathys Tel,801734,2005-04-27,11,FIRST,2025-07-01,2031-06-30,,,CONFIRMED,https://www.transfermarkt.de/tottenham-hotspur/kader/verein/148/saison_id/2026/plus/1,007fc11048dc50b4cfd2c580b82958bb7cc02f984af0af71c4079e53b5c71390,265419,268421,917514
ENG1,2026/27,2026-09-12,Tottenham Hotspur,148,Wilson Odobert,743498,2004-11-28,28,FIRST,2024-08-16,2029-06-30,,,CONFIRMED,https://www.transfermarkt.de/tottenham-hotspur/kader/verein/148/saison_id/2026/plus/1,007fc11048dc50b4cfd2c580b82958bb7cc02f984af0af71c4079e53b5c71390,265421,270579,917514
ENG1,2026/27,2026-09-12,Tottenham Hotspur,148,Mohammed Kudus,543499,2000-08-02,20,FIRST,2025-07-10,2031-06-30,,,CONFIRMED,https://www.transfermarkt.de/tottenham-hotspur/kader/verein/148/saison_id/2026/plus/1,007fc11048dc50b4cfd2c580b82958bb7cc02f984af0af71c4079e53b5c71390,265409,245155,917514
ENG1,2026/27,2026-09-12,Tottenham Hotspur,148,Dominic Solanke,258889,1997-09-14,19,FIRST,2024-08-10,2030-06-30,,,CONFIRMED,https://www.transfermarkt.de/tottenham-hotspur/kader/verein/148/saison_id/2026/plus/1,007fc11048dc50b4cfd2c580b82958bb7cc02f984af0af71c4079e53b5c71390,265413,225539,917514
ENG1,2026/27,2026-09-12,Tottenham Hotspur,148,Richarlison,378710,1997-05-10,9,FIRST,2022-07-01,2027-06-30,,,CONFIRMED,https://www.transfermarkt.de/tottenham-hotspur/kader/verein/148/saison_id/2026/plus/1,007fc11048dc50b4cfd2c580b82958bb7cc02f984af0af71c4079e53b5c71390,265412,231943,917514
GER1,2026/27,2026-09-12,FC Bayern München,27,Jonas Urbig,607720,2003-08-08,40,FIRST,2025-01-27,2029-06-30,,,CONFIRMED,https://www.transfermarkt.de/fc-bayern-munchen/kader/verein/27/saison_id/2026/plus/1,820ba470399c46c372cca08fabf7f49fd2f3e3e097d9ac94e1494b055e7a3df5,276825,263887,1376264
GER1,2026/27,2026-09-12,FC Bayern München,27,Manuel Neuer,17259,1986-03-27,1,FIRST,2011-07-01,2027-06-30,,,CONFIRMED,https://www.transfermarkt.de/fc-bayern-munchen/kader/verein/27/saison_id/2026/plus/1,820ba470399c46c372cca08fabf7f49fd2f3e3e097d9ac94e1494b055e7a3df5,276819,167495,1376264
GER1,2026/27,2026-09-12,FC Bayern München,27,Dayot Upamecano,344695,1998-10-27,2,FIRST,2021-07-05,2030-06-30,,,CONFIRMED,https://www.transfermarkt.de/fc-bayern-munchen/kader/verein/27/saison_id/2026/plus/1,820ba470399c46c372cca08fabf7f49fd2f3e3e097d9ac94e1494b055e7a3df5,276810,229558,1376264
GER1,2026/27,2026-09-12,FC Bayern München,27,Jonathan Tah,196357,1996-02-11,4,FIRST,2025-06-09,2029-06-30,,,CONFIRMED,https://www.transfermarkt.de/fc-bayern-munchen/kader/verein/27/saison_id/2026/plus/1,820ba470399c46c372cca08fabf7f49fd2f3e3e097d9ac94e1494b055e7a3df5,276814,213331,1376264
GER1,2026/27,2026-09-12,FC Bayern München,27,Min-jae Kim,503482,1996-11-15,3,FIRST,2023-07-18,2028-06-30,,,CONFIRMED,https://www.transfermarkt.de/fc-bayern-munchen/kader/verein/27/saison_id/2026/plus/1,820ba470399c46c372cca08fabf7f49fd2f3e3e097d9ac94e1494b055e7a3df5,276815,237086,1376264
GER1,2026/27,2026-09-12,FC Bayern München,27,Hiroki Ito,353892,1999-05-12,21,FIRST,2024-07-01,2028-06-30,,,CONFIRMED,https://www.transfermarkt.de/fc-bayern-munchen/kader/verein/27/saison_id/2026/plus/1,820ba470399c46c372cca08fabf7f49fd2f3e3e097d9ac94e1494b055e7a3df5,276821,234205,1376264
GER1,2026/27,2026-09-12,FC Bayern München,27,Nathaniel Brown,691892,2003-06-16,11,FIRST,2026-07-03,2031-06-30,,,CONFIRMED,https://www.transfermarkt.de/fc-bayern-munchen/kader/verein/27/saison_id/2026/plus/1,820ba470399c46c372cca08fabf7f49fd2f3e3e097d9ac94e1494b055e7a3df5,277144,269701,1376264
GER1,2026/27,2026-09-12,FC Bayern München,27,Alphonso Davies,424204,2000-11-02,19,FIRST,2019-01-01,2030-06-30,,,CONFIRMED,https://www.transfermarkt.de/fc-bayern-munchen/kader/verein/27/saison_id/2026/plus/1,820ba470399c46c372cca08fabf7f49fd2f3e3e097d9ac94e1494b055e7a3df5,276812,234396,1376264
GER1,2026/27,2026-09-12,FC Bayern München,27,Josip Stanisic,483046,2000-04-02,44,FIRST,2021-08-01,2029-06-30,,,CONFIRMED,https://www.transfermarkt.de/fc-bayern-munchen/kader/verein/27/saison_id/2026/plus/1,820ba470399c46c372cca08fabf7f49fd2f3e3e097d9ac94e1494b055e7a3df5,276822,250955,1376264
GER1,2026/27,2026-09-12,FC Bayern München,27,Konrad Laimer,223967,1997-05-27,27,FIRST,2023-07-01,2029-06-30,,,CONFIRMED,https://www.transfermarkt.de/fc-bayern-munchen/kader/verein/27/saison_id/2026/plus/1,820ba470399c46c372cca08fabf7f49fd2f3e3e097d9ac94e1494b055e7a3df5,276817,225375,1376264
GER1,2026/27,2026-09-12,FC Bayern München,27,Sacha Boey,475413,2000-09-13,23,FIRST,2024-01-28,2028-06-30,,,CONFIRMED,https://www.transfermarkt.de/fc-bayern-munchen/kader/verein/27/saison_id/2026/plus/1,820ba470399c46c372cca08fabf7f49fd2f3e3e097d9ac94e1494b055e7a3df5,276824,248266,1376264
GER1,2026/27,2026-09-12,FC Bayern München,27,Aleksandar Pavlovic,792380,2004-05-03,45,FIRST,2023-11-01,2029-06-30,,,CONFIRMED,https://www.transfermarkt.de/fc-bayern-munchen/kader/verein/27/saison_id/2026/plus/1,820ba470399c46c372cca08fabf7f49fd2f3e3e097d9ac94e1494b055e7a3df5,276818,275298,1376264
GER1,2026/27,2026-09-12,FC Bayern München,27,Joshua Kimmich,161056,1995-02-08,6,FIRST,2015-07-02,2029-06-30,,,CONFIRMED,https://www.transfermarkt.de/fc-bayern-munchen/kader/verein/27/saison_id/2026/plus/1,820ba470399c46c372cca08fabf7f49fd2f3e3e097d9ac94e1494b055e7a3df5,276807,212622,1376264
GER1,2026/27,2026-09-12,FC Bayern München,27,Tom Bischof,822959,2005-06-28,8,FIRST,2025-06-09,2029-06-30,,,CONFIRMED,https://www.transfermarkt.de/fc-bayern-munchen/kader/verein/27/saison_id/2026/plus/1,820ba470399c46c372cca08fabf7f49fd2f3e3e097d9ac94e1494b055e7a3df5,276823,263765,1376264
GER1,2026/27,2026-09-12,FC Bayern München,27,Jamal Musiala,580195,2003-02-26,10,FIRST,2020-07-01,2030-06-30,,,CONFIRMED,https://www.transfermarkt.de/fc-bayern-munchen/kader/verein/27/saison_id/2026/plus/1,820ba470399c46c372cca08fabf7f49fd2f3e3e097d9ac94e1494b055e7a3df5,276809,256790,1376264
GER1,2026/27,2026-09-12,FC Bayern München,27,Lennart Karl,1075147,2008-02-22,42,FIRST,2025-06-01,2029-06-30,,,CONFIRMED,https://www.transfermarkt.de/fc-bayern-munchen/kader/verein/27/saison_id/2026/plus/1,820ba470399c46c372cca08fabf7f49fd2f3e3e097d9ac94e1494b055e7a3df5,276828,78063,1376264
GER1,2026/27,2026-09-12,FC Bayern München,27,Ismael Saibari,702869,2001-01-28,34,FIRST,2026-07-01,2031-06-30,,,CONFIRMED,https://www.transfermarkt.de/fc-bayern-munchen/kader/verein/27/saison_id/2026/plus/1,820ba470399c46c372cca08fabf7f49fd2f3e3e097d9ac94e1494b055e7a3df5,291513,259480,1376264
GER1,2026/27,2026-09-12,FC Bayern München,27,Luis Díaz,480692,1997-01-13,14,FIRST,2025-07-30,2029-06-30,,,CONFIRMED,https://www.transfermarkt.de/fc-bayern-munchen/kader/verein/27/saison_id/2026/plus/1,820ba470399c46c372cca08fabf7f49fd2f3e3e097d9ac94e1494b055e7a3df5,276811,241084,1376264
GER1,2026/27,2026-09-12,FC Bayern München,27,Michael Olise,566723,2001-12-12,17,FIRST,2024-07-07,2029-06-30,,,CONFIRMED,https://www.transfermarkt.de/fc-bayern-munchen/kader/verein/27/saison_id/2026/plus/1,820ba470399c46c372cca08fabf7f49fd2f3e3e097d9ac94e1494b055e7a3df5,276808,247827,1376264
GER1,2026/27,2026-09-12,FC Bayern München,27,Serge Gnabry,159471,1995-07-14,7,FIRST,2017-07-01,2028-06-30,,,CONFIRMED,https://www.transfermarkt.de/fc-bayern-munchen/kader/verein/27/saison_id/2026/plus/1,820ba470399c46c372cca08fabf7f49fd2f3e3e097d9ac94e1494b055e7a3df5,276813,206113,1376264
GER1,2026/27,2026-09-12,FC Bayern München,27,Harry Kane,132098,1993-07-28,9,FIRST,2023-08-12,2027-06-30,,,CONFIRMED,https://www.transfermarkt.de/fc-bayern-munchen/kader/verein/27/saison_id/2026/plus/1,820ba470399c46c372cca08fabf7f49fd2f3e3e097d9ac94e1494b055e7a3df5,276806,202126,1376264
GER1,2026/27,2026-09-12,Borussia Dortmund,16,Gregor Kobel,257814,1997-12-06,1,FIRST,2021-07-01,2028-06-30,,,CONFIRMED,https://www.transfermarkt.de/borussia-dortmund/kader/verein/16/saison_id/2026/plus/1,927453550675aa19e2e1770ec753efb040ae08d849fa3f9549ef9d993044efb7,277388,235073,1376262
GER1,2026/27,2026-09-12,Borussia Dortmund,16,Alexander Meyer,76158,1991-04-13,33,FIRST,2022-07-01,2027-06-30,,,CONFIRMED,https://www.transfermarkt.de/borussia-dortmund/kader/verein/16/saison_id/2026/plus/1,927453550675aa19e2e1770ec753efb040ae08d849fa3f9549ef9d993044efb7,277406,241050,1376262
GER1,2026/27,2026-09-12,Borussia Dortmund,16,Patrick Drewes,94192,1993-02-04,30,FIRST,2025-07-01,2027-06-30,,,CONFIRMED,https://www.transfermarkt.de/borussia-dortmund/kader/verein/16/saison_id/2026/plus/1,927453550675aa19e2e1770ec753efb040ae08d849fa3f9549ef9d993044efb7,277411,210772,1376262
GER1,2026/27,2026-09-12,Borussia Dortmund,16,Silas Ostrzinski,684116,2003-11-19,31,FIRST,2025-01-04,2027-06-30,,,CONFIRMED,https://www.transfermarkt.de/borussia-dortmund/kader/verein/16/saison_id/2026/plus/1,927453550675aa19e2e1770ec753efb040ae08d849fa3f9549ef9d993044efb7,277419,266906,1376262
GER1,2026/27,2026-09-12,Borussia Dortmund,16,Nico Schlotterbeck,388198,1999-12-01,4,FIRST,2022-07-01,2031-06-30,,,CONFIRMED,https://www.transfermarkt.de/borussia-dortmund/kader/verein/16/saison_id/2026/plus/1,927453550675aa19e2e1770ec753efb040ae08d849fa3f9549ef9d993044efb7,277389,247819,1376262
GER1,2026/27,2026-09-12,Borussia Dortmund,16,Joane Gadou,1075577,2007-01-17,22,FIRST,2026-07-01,2031-06-30,,,CONFIRMED,https://www.transfermarkt.de/borussia-dortmund/kader/verein/16/saison_id/2026/plus/1,927453550675aa19e2e1770ec753efb040ae08d849fa3f9549ef9d993044efb7,264987,71350,1376262
GER1,2026/27,2026-09-12,Borussia Dortmund,16,Waldemar Anton,193004,1996-07-20,3,FIRST,2024-07-08,2028-06-30,,,CONFIRMED,https://www.transfermarkt.de/borussia-dortmund/kader/verein/16/saison_id/2026/plus/1,927453550675aa19e2e1770ec753efb040ae08d849fa3f9549ef9d993044efb7,277395,229476,1376262
GER1,2026/27,2026-09-12,Borussia Dortmund,16,Luca Reggiani,1074990,2008-01-09,49,FIRST,2026-03-20,,,,CONFIRMED,https://www.transfermarkt.de/borussia-dortmund/kader/verein/16/saison_id/2026/plus/1,927453550675aa19e2e1770ec753efb040ae08d849fa3f9549ef9d993044efb7,289662,0,1376262
GER1,2026/27,2026-09-12,Borussia Dortmund,16,Ramy Bensebaini,284732,1995-04-16,5,FIRST,2023-07-01,2027-06-30,,,CONFIRMED,https://www.transfermarkt.de/borussia-dortmund/kader/verein/16/saison_id/2026/plus/1,927453550675aa19e2e1770ec753efb040ae08d849fa3f9549ef9d993044efb7,277400,224196,1376262
GER1,2026/27,2026-09-12,Borussia Dortmund,16,Emre Can,119296,1994-01-12,23,FIRST,2020-07-01,2027-06-30,,,CONFIRMED,https://www.transfermarkt.de/borussia-dortmund/kader/verein/16/saison_id/2026/plus/1,927453550675aa19e2e1770ec753efb040ae08d849fa3f9549ef9d993044efb7,277396,208333,1376262
GER1,2026/27,2026-09-12,Borussia Dortmund,16,Filippo Mane,883007,2005-03-08,39,FIRST,2025-01-06,2028-06-30,,,CONFIRMED,https://www.transfermarkt.de/borussia-dortmund/kader/verein/16/saison_id/2026/plus/1,927453550675aa19e2e1770ec753efb040ae08d849fa3f9549ef9d993044efb7,277415,73016,1376262
GER1,2026/27,2026-09-12,Borussia Dortmund,16,Daniel Svensson,579287,2002-02-12,24,FIRST,2025-07-01,2029-06-30,,,CONFIRMED,https://www.transfermarkt.de/borussia-dortmund/kader/verein/16/saison_id/2026/plus/1,927453550675aa19e2e1770ec753efb040ae08d849fa3f9549ef9d993044efb7,277401,259716,1376262
GER1,2026/27,2026-09-12,Borussia Dortmund,16,Kauã Prates,1275068,2008-08-12,36,FIRST,2026-08-12,2031-06-30,,,CONFIRMED,https://www.transfermarkt.de/borussia-dortmund/kader/verein/16/saison_id/2026/plus/1,927453550675aa19e2e1770ec753efb040ae08d849fa3f9549ef9d993044efb7,232579,0,1376262
GER1,2026/27,2026-09-12,Borussia Dortmund,16,Julian Ryerson,370789,1997-11-17,26,FIRST,2023-01-17,2028-06-30,,,CONFIRMED,https://www.transfermarkt.de/borussia-dortmund/kader/verein/16/saison_id/2026/plus/1,927453550675aa19e2e1770ec753efb040ae08d849fa3f9549ef9d993044efb7,277399,229891,1376262
GER1,2026/27,2026-09-12,Borussia Dortmund,16,Mussa Kaba,1141179,2008-11-17,48,FIRST,2026-07-01,2031-06-30,,,CONFIRMED,https://www.transfermarkt.de/borussia-dortmund/kader/verein/16/saison_id/2026/plus/1,927453550675aa19e2e1770ec753efb040ae08d849fa3f9549ef9d993044efb7,289651,0,1376262
GER1,2026/27,2026-09-12,Borussia Dortmund,16,Felix Nmecha,406640,2000-10-10,8,FIRST,2023-07-03,2030-06-30,,,CONFIRMED,https://www.transfermarkt.de/borussia-dortmund/kader/verein/16/saison_id/2026/plus/1,927453550675aa19e2e1770ec753efb040ae08d849fa3f9549ef9d993044efb7,277392,246863,1376262
GER1,2026/27,2026-09-12,Borussia Dortmund,16,Jobe Bellingham,796297,2005-09-23,7,FIRST,2025-06-10,2030-06-30,,,CONFIRMED,https://www.transfermarkt.de/borussia-dortmund/kader/verein/16/saison_id/2026/plus/1,927453550675aa19e2e1770ec753efb040ae08d849fa3f9549ef9d993044efb7,277409,270964,1376262
GER1,2026/27,2026-09-12,Borussia Dortmund,16,Joey Veerman,408574,1998-11-19,25,FIRST,2026-08-18,2031-06-30,,,CONFIRMED,https://www.transfermarkt.de/borussia-dortmund/kader/verein/16/saison_id/2026/plus/1,927453550675aa19e2e1770ec753efb040ae08d849fa3f9549ef9d993044efb7,291515,253109,1376262
GER1,2026/27,2026-09-12,Borussia Dortmund,16,Carney Chukwuemeka,659459,2003-10-20,17,FIRST,2025-08-26,2030-06-30,,,CONFIRMED,https://www.transfermarkt.de/borussia-dortmund/kader/verein/16/saison_id/2026/plus/1,927453550675aa19e2e1770ec753efb040ae08d849fa3f9549ef9d993044efb7,277403,259356,1376262
GER1,2026/27,2026-09-12,Borussia Dortmund,16,Marcel Sabitzer,106987,1994-03-17,20,FIRST,2023-07-24,2027-06-30,,,CONFIRMED,https://www.transfermarkt.de/borussia-dortmund/kader/verein/16/saison_id/2026/plus/1,927453550675aa19e2e1770ec753efb040ae08d849fa3f9549ef9d993044efb7,277394,204923,1376262
GER1,2026/27,2026-09-12,Borussia Dortmund,16,Enzo dos Santos,1311594,2009-01-28,44,FIRST,2026-08-19,2029-06-30,,,CONFIRMED,https://www.transfermarkt.de/borussia-dortmund/kader/verein/16/saison_id/2026/plus/1,927453550675aa19e2e1770ec753efb040ae08d849fa3f9549ef9d993044efb7,289661,0,1376262
GER1,2026/27,2026-09-12,Borussia Dortmund,16,Konstantinos Karetsas,990148,2007-11-19,19,FIRST,2026-08-03,2031-06-30,,,CONFIRMED,https://www.transfermarkt.de/borussia-dortmund/kader/verein/16/saison_id/2026/plus/1,927453550675aa19e2e1770ec753efb040ae08d849fa3f9549ef9d993044efb7,235153,70497,1376262
GER1,2026/27,2026-09-12,Borussia Dortmund,16,Giannis Konstantelias,628331,2003-03-05,45,FIRST,2026-08-17,2031-06-30,,,CONFIRMED,https://www.transfermarkt.de/borussia-dortmund/kader/verein/16/saison_id/2026/plus/1,927453550675aa19e2e1770ec753efb040ae08d849fa3f9549ef9d993044efb7,104641,259633,1376262
GER1,2026/27,2026-09-12,Borussia Dortmund,16,Justin Lerma,1185507,2008-05-05,28,FIRST,2026-07-01,2031-06-30,,,CONFIRMED,https://www.transfermarkt.de/borussia-dortmund/kader/verein/16/saison_id/2026/plus/1,927453550675aa19e2e1770ec753efb040ae08d849fa3f9549ef9d993044efb7,233048,72419,1376262
GER1,2026/27,2026-09-12,Borussia Dortmund,16,Mathis Albert,1193849,2009-05-21,41,FIRST,2026-07-01,2027-06-30,,,CONFIRMED,https://www.transfermarkt.de/borussia-dortmund/kader/verein/16/saison_id/2026/plus/1,927453550675aa19e2e1770ec753efb040ae08d849fa3f9549ef9d993044efb7,289641,0,1376262
GER1,2026/27,2026-09-12,Borussia Dortmund,16,Samuele Inácio,1058359,2008-04-02,40,FIRST,2026-07-01,2029-06-30,,,CONFIRMED,https://www.transfermarkt.de/borussia-dortmund/kader/verein/16/saison_id/2026/plus/1,927453550675aa19e2e1770ec753efb040ae08d849fa3f9549ef9d993044efb7,289649,0,1376262
GER1,2026/27,2026-09-12,Borussia Dortmund,16,Maximilian Beier,578392,2002-10-17,14,FIRST,2024-08-12,2029-06-30,,,CONFIRMED,https://www.transfermarkt.de/borussia-dortmund/kader/verein/16/saison_id/2026/plus/1,927453550675aa19e2e1770ec753efb040ae08d849fa3f9549ef9d993044efb7,277397,254117,1376262
GER1,2026/27,2026-09-12,Borussia Dortmund,16,Serhou Guirassy,270541,1996-03-12,9,FIRST,2024-07-18,2028-06-30,,,CONFIRMED,https://www.transfermarkt.de/borussia-dortmund/kader/verein/16/saison_id/2026/plus/1,927453550675aa19e2e1770ec753efb040ae08d849fa3f9549ef9d993044efb7,277387,215441,1376262
GER1,2026/27,2026-09-12,Borussia Dortmund,16,Fábio Silva,505653,2002-07-19,21,FIRST,2025-08-29,2030-06-30,,,CONFIRMED,https://www.transfermarkt.de/borussia-dortmund/kader/verein/16/saison_id/2026/plus/1,927453550675aa19e2e1770ec753efb040ae08d849fa3f9549ef9d993044efb7,277404,252037,1376262
GER1,2026/27,2026-09-12,RasenBallsport Leipzig,23826,Maarten Vandevoordt,486046,2002-02-26,26,FIRST,2024-07-01,2030-06-30,,,CONFIRMED,https://www.transfermarkt.de/rb-leipzig/kader/verein/23826/saison_id/2026/plus/1,97283d90f2a9e564bd064da4fa47fa71d7ad3661db6e1e1a6f768776682c54ff,276947,242879,1376555
GER1,2026/27,2026-09-12,RasenBallsport Leipzig,23826,Ørjan Nyland,73517,1990-09-10,1,FIRST,2026-08-04,2028-06-30,,,CONFIRMED,https://www.transfermarkt.de/rb-leipzig/kader/verein/23826/saison_id/2026/plus/1,97283d90f2a9e564bd064da4fa47fa71d7ad3661db6e1e1a6f768776682c54ff,281322,185427,1376555
GER1,2026/27,2026-09-12,RasenBallsport Leipzig,23826,Leopold Zingerle,160971,1994-04-10,25,FIRST,2023-07-01,2028-06-30,,,CONFIRMED,https://www.transfermarkt.de/rb-leipzig/kader/verein/23826/saison_id/2026/plus/1,97283d90f2a9e564bd064da4fa47fa71d7ad3661db6e1e1a6f768776682c54ff,276955,222546,1376555
GER1,2026/27,2026-09-12,RasenBallsport Leipzig,23826,Castello Lukeba,618472,2002-12-17,23,FIRST,2023-08-11,2029-06-30,,,CONFIRMED,https://www.transfermarkt.de/rb-leipzig/kader/verein/23826/saison_id/2026/plus/1,97283d90f2a9e564bd064da4fa47fa71d7ad3661db6e1e1a6f768776682c54ff,276933,262138,1376555
GER1,2026/27,2026-09-12,RasenBallsport Leipzig,23826,Maxime Estève,842341,2002-05-26,3,FIRST,2026-07-17,2031-06-30,,,CONFIRMED,https://www.transfermarkt.de/rb-leipzig/kader/verein/23826/saison_id/2026/plus/1,97283d90f2a9e564bd064da4fa47fa71d7ad3661db6e1e1a6f768776682c54ff,260243,262042,1376555
GER1,2026/27,2026-09-12,RasenBallsport Leipzig,23826,Abdoul Koné,1130445,2005-04-22,2,FIRST,2026-01-29,2031-06-30,,,CONFIRMED,https://www.transfermarkt.de/rb-leipzig/kader/verein/23826/saison_id/2026/plus/1,97283d90f2a9e564bd064da4fa47fa71d7ad3661db6e1e1a6f768776682c54ff,272590,72250,1376555
GER1,2026/27,2026-09-12,RasenBallsport Leipzig,23826,Willi Orbán,93740,1992-11-03,4,FIRST,2015-07-01,2027-06-30,,,CONFIRMED,https://www.transfermarkt.de/rb-leipzig/kader/verein/23826/saison_id/2026/plus/1,97283d90f2a9e564bd064da4fa47fa71d7ad3661db6e1e1a6f768776682c54ff,276930,204638,1376555
GER1,2026/27,2026-09-12,RasenBallsport Leipzig,23826,Lukas Klostermann,215599,1996-06-03,16,FIRST,2014-08-22,2028-06-30,,,CONFIRMED,https://www.transfermarkt.de/rb-leipzig/kader/verein/23826/saison_id/2026/plus/1,97283d90f2a9e564bd064da4fa47fa71d7ad3661db6e1e1a6f768776682c54ff,276943,222331,1376555
GER1,2026/27,2026-09-12,RasenBallsport Leipzig,23826,David Raum,318204,1998-04-22,22,FIRST,2022-07-31,2027-06-30,,,CONFIRMED,https://www.transfermarkt.de/rb-leipzig/kader/verein/23826/saison_id/2026/plus/1,97283d90f2a9e564bd064da4fa47fa71d7ad3661db6e1e1a6f768776682c54ff,276931,236703,1376555
GER1,2026/27,2026-09-12,RasenBallsport Leipzig,23826,Max Finkgräfe,810649,2004-03-27,35,FIRST,2025-07-03,2030-06-30,,,CONFIRMED,https://www.transfermarkt.de/rb-leipzig/kader/verein/23826/saison_id/2026/plus/1,97283d90f2a9e564bd064da4fa47fa71d7ad3661db6e1e1a6f768776682c54ff,276952,277887,1376555
GER1,2026/27,2026-09-12,RasenBallsport Leipzig,23826,Ridle Baku,327251,1998-04-08,17,FIRST,2025-01-10,2027-06-30,,,CONFIRMED,https://www.transfermarkt.de/rb-leipzig/kader/verein/23826/saison_id/2026/plus/1,97283d90f2a9e564bd064da4fa47fa71d7ad3661db6e1e1a6f768776682c54ff,276940,240709,1376555
GER1,2026/27,2026-09-12,RasenBallsport Leipzig,23826,Benjamin Henrichs,202591,1997-02-23,39,FIRST,2021-07-01,2028-06-30,,,CONFIRMED,https://www.transfermarkt.de/rb-leipzig/kader/verein/23826/saison_id/2026/plus/1,97283d90f2a9e564bd064da4fa47fa71d7ad3661db6e1e1a6f768776682c54ff,276934,228579,1376555
GER1,2026/27,2026-09-12,RasenBallsport Leipzig,23826,Nicolas Seiwald,404950,2001-05-04,13,FIRST,2023-07-01,2028-06-30,,,CONFIRMED,https://www.transfermarkt.de/rb-leipzig/kader/verein/23826/saison_id/2026/plus/1,97283d90f2a9e564bd064da4fa47fa71d7ad3661db6e1e1a6f768776682c54ff,276938,257876,1376555
GER1,2026/27,2026-09-12,RasenBallsport Leipzig,23826,Benno Kaltefleiter,1279157,2008-02-14,37,FIRST,2026-02-19,2029-06-30,,,CONFIRMED,https://www.transfermarkt.de/rb-leipzig/kader/verein/23826/saison_id/2026/plus/1,97283d90f2a9e564bd064da4fa47fa71d7ad3661db6e1e1a6f768776682c54ff,289177,0,1376555
GER1,2026/27,2026-09-12,RasenBallsport Leipzig,23826,Assan Ouédraogo,897424,2006-05-09,8,FIRST,2024-07-01,2029-06-30,,,CONFIRMED,https://www.transfermarkt.de/rb-leipzig/kader/verein/23826/saison_id/2026/plus/1,97283d90f2a9e564bd064da4fa47fa71d7ad3661db6e1e1a6f768776682c54ff,276949,276602,1376555
GER1,2026/27,2026-09-12,RasenBallsport Leipzig,23826,Rocco Reitz,467434,2002-05-29,20,FIRST,2026-07-01,2031-06-30,,,CONFIRMED,https://www.transfermarkt.de/rb-leipzig/kader/verein/23826/saison_id/2026/plus/1,97283d90f2a9e564bd064da4fa47fa71d7ad3661db6e1e1a6f768776682c54ff,279829,257919,1376555
GER1,2026/27,2026-09-12,RasenBallsport Leipzig,23826,Ezechiel Banzuzi,865682,2005-02-16,6,FIRST,2025-07-01,2030-06-30,,,CONFIRMED,https://www.transfermarkt.de/rb-leipzig/kader/verein/23826/saison_id/2026/plus/1,97283d90f2a9e564bd064da4fa47fa71d7ad3661db6e1e1a6f768776682c54ff,276950,276216,1376555
GER1,2026/27,2026-09-12,RasenBallsport Leipzig,23826,Christoph Baumgartner,324278,1999-08-01,14,FIRST,2023-07-01,2028-06-30,,,CONFIRMED,https://www.transfermarkt.de/rb-leipzig/kader/verein/23826/saison_id/2026/plus/1,97283d90f2a9e564bd064da4fa47fa71d7ad3661db6e1e1a6f768776682c54ff,276936,242187,1376555
GER1,2026/27,2026-09-12,RasenBallsport Leipzig,23826,Andrija Maksimovic,952779,2007-06-05,30,FIRST,2025-07-16,2030-06-30,,,CONFIRMED,https://www.transfermarkt.de/rb-leipzig/kader/verein/23826/saison_id/2026/plus/1,97283d90f2a9e564bd064da4fa47fa71d7ad3661db6e1e1a6f768776682c54ff,276953,79107,1376555
GER1,2026/27,2026-09-12,RasenBallsport Leipzig,23826,Viggo Gebel,1074526,2007-11-22,47,FIRST,2026-07-01,2028-06-30,,,CONFIRMED,https://www.transfermarkt.de/rb-leipzig/kader/verein/23826/saison_id/2026/plus/1,97283d90f2a9e564bd064da4fa47fa71d7ad3661db6e1e1a6f768776682c54ff,276956,74512,1376555
GER1,2026/27,2026-09-12,RasenBallsport Leipzig,23826,Antonio Nusa,894914,2005-04-17,7,FIRST,2024-08-13,2029-06-30,,,CONFIRMED,https://www.transfermarkt.de/rb-leipzig/kader/verein/23826/saison_id/2026/plus/1,97283d90f2a9e564bd064da4fa47fa71d7ad3661db6e1e1a6f768776682c54ff,276941,262863,1376555
GER1,2026/27,2026-09-12,RasenBallsport Leipzig,23826,Tidiam Gomis,955448,2006-08-08,27,FIRST,2025-02-03,2029-06-30,,,CONFIRMED,https://www.transfermarkt.de/rb-leipzig/kader/verein/23826/saison_id/2026/plus/1,97283d90f2a9e564bd064da4fa47fa71d7ad3661db6e1e1a6f768776682c54ff,276954,278061,1376555
GER1,2026/27,2026-09-12,RasenBallsport Leipzig,23826,Johan Bakayoko,565424,2003-04-20,11,FIRST,2025-07-16,2030-06-30,,,CONFIRMED,https://www.transfermarkt.de/rb-leipzig/kader/verein/23826/saison_id/2026/plus/1,97283d90f2a9e564bd064da4fa47fa71d7ad3661db6e1e1a6f768776682c54ff,276935,265450,1376555
GER1,2026/27,2026-09-12,RasenBallsport Leipzig,23826,Rômulo,957874,2002-02-08,40,FIRST,2025-08-15,2030-06-30,,,CONFIRMED,https://www.transfermarkt.de/rb-leipzig/kader/verein/23826/saison_id/2026/plus/1,97283d90f2a9e564bd064da4fa47fa71d7ad3661db6e1e1a6f768776682c54ff,276942,73398,1376555
GER1,2026/27,2026-09-12,RasenBallsport Leipzig,23826,Marc Guiu,938158,2006-01-04,9,FIRST,2026-09-01,2031-06-30,,,CONFIRMED,https://www.transfermarkt.de/rb-leipzig/kader/verein/23826/saison_id/2026/plus/1,97283d90f2a9e564bd064da4fa47fa71d7ad3661db6e1e1a6f768776682c54ff,23324,278813,1376555
GER1,2026/27,2026-09-12,VfB Stuttgart,79,Fabian Bredlow,187624,1995-03-02,1,FIRST,2019-07-01,2027-06-30,,,CONFIRMED,https://www.transfermarkt.de/vfb-stuttgart/kader/verein/79/saison_id/2026/plus/1,b40e4a3e03d09694b8088bd37ac70efaa5300c9034dde9d4027b90762ed3b647,277658,223603,1376272
GER1,2026/27,2026-09-12,VfB Stuttgart,79,Marius Funk,170517,1996-01-01,33,FIRST,2026-07-01,2028-06-30,,,CONFIRMED,https://www.transfermarkt.de/vfb-stuttgart/kader/verein/79/saison_id/2026/plus/1,b40e4a3e03d09694b8088bd37ac70efaa5300c9034dde9d4027b90762ed3b647,273083,234858,1376272
GER1,2026/27,2026-09-12,VfB Stuttgart,79,Stefan Drljaca,388067,1999-04-20,46,FIRST,2024-07-01,2027-06-30,,,CONFIRMED,https://www.transfermarkt.de/vfb-stuttgart/kader/verein/79/saison_id/2026/plus/1,b40e4a3e03d09694b8088bd37ac70efaa5300c9034dde9d4027b90762ed3b647,277660,258864,1376272
GER1,2026/27,2026-09-12,VfB Stuttgart,79,Finn Jeltsch,924117,2006-07-17,29,FIRST,2025-02-03,2030-06-30,,,CONFIRMED,https://www.transfermarkt.de/vfb-stuttgart/kader/verein/79/saison_id/2026/plus/1,b40e4a3e03d09694b8088bd37ac70efaa5300c9034dde9d4027b90762ed3b647,277653,278780,1376272
GER1,2026/27,2026-09-12,VfB Stuttgart,79,Ramon Hendriks,436064,2001-07-18,3,FIRST,2024-07-01,2028-06-30,,,CONFIRMED,https://www.transfermarkt.de/vfb-stuttgart/kader/verein/79/saison_id/2026/plus/1,b40e4a3e03d09694b8088bd37ac70efaa5300c9034dde9d4027b90762ed3b647,277650,251829,1376272
GER1,2026/27,2026-09-12,VfB Stuttgart,79,Jeff Chabot,303219,1998-02-12,24,FIRST,2024-07-01,2028-06-30,,,CONFIRMED,https://www.transfermarkt.de/vfb-stuttgart/kader/verein/79/saison_id/2026/plus/1,b40e4a3e03d09694b8088bd37ac70efaa5300c9034dde9d4027b90762ed3b647,277640,239340,1376272
GER1,2026/27,2026-09-12,VfB Stuttgart,79,Luca Jaquez,539798,2003-06-02,14,FIRST,2025-02-03,2029-06-30,,,CONFIRMED,https://www.transfermarkt.de/vfb-stuttgart/kader/verein/79/saison_id/2026/plus/1,b40e4a3e03d09694b8088bd37ac70efaa5300c9034dde9d4027b90762ed3b647,277652,266685,1376272
GER1,2026/27,2026-09-12,VfB Stuttgart,79,Ameen Al-Dakhil,620598,2002-03-06,2,FIRST,2024-08-27,2028-06-30,,,CONFIRMED,https://www.transfermarkt.de/vfb-stuttgart/kader/verein/79/saison_id/2026/plus/1,b40e4a3e03d09694b8088bd37ac70efaa5300c9034dde9d4027b90762ed3b647,277654,263573,1376272
GER1,2026/27,2026-09-12,VfB Stuttgart,79,Dan-Axel Zagadou,344598,1999-06-03,23,FIRST,2022-09-19,2027-06-30,,,CONFIRMED,https://www.transfermarkt.de/vfb-stuttgart/kader/verein/79/saison_id/2026/plus/1,b40e4a3e03d09694b8088bd37ac70efaa5300c9034dde9d4027b90762ed3b647,277646,238476,1376272
GER1,2026/27,2026-09-12,VfB Stuttgart,79,Maximilian Mittelstädt,282660,1997-03-18,7,FIRST,2023-07-01,2028-06-30,,,CONFIRMED,https://www.transfermarkt.de/vfb-stuttgart/kader/verein/79/saison_id/2026/plus/1,b40e4a3e03d09694b8088bd37ac70efaa5300c9034dde9d4027b90762ed3b647,277635,227647,1376272
GER1,2026/27,2026-09-12,VfB Stuttgart,79,Josha Vagnoman,448258,2000-12-11,4,FIRST,2022-07-09,2028-06-30,,,CONFIRMED,https://www.transfermarkt.de/vfb-stuttgart/kader/verein/79/saison_id/2026/plus/1,b40e4a3e03d09694b8088bd37ac70efaa5300c9034dde9d4027b90762ed3b647,277648,242602,1376272
GER1,2026/27,2026-09-12,VfB Stuttgart,79,Lorenz Assignon,711969,2000-06-22,22,FIRST,2025-07-01,2029-06-30,,,CONFIRMED,https://www.transfermarkt.de/vfb-stuttgart/kader/verein/79/saison_id/2026/plus/1,b40e4a3e03d09694b8088bd37ac70efaa5300c9034dde9d4027b90762ed3b647,277643,260574,1376272
GER1,2026/27,2026-09-12,VfB Stuttgart,79,Leonidas Stergiou,507345,2002-03-03,20,FIRST,2024-07-01,2028-06-30,,,CONFIRMED,https://www.transfermarkt.de/vfb-stuttgart/kader/verein/79/saison_id/2026/plus/1,b40e4a3e03d09694b8088bd37ac70efaa5300c9034dde9d4027b90762ed3b647,277655,247360,1376272
GER1,2026/27,2026-09-12,VfB Stuttgart,79,Angelo Stiller,443710,2001-04-04,6,FIRST,2023-08-25,2028-06-30,,,CONFIRMED,https://www.transfermarkt.de/vfb-stuttgart/kader/verein/79/saison_id/2026/plus/1,b40e4a3e03d09694b8088bd37ac70efaa5300c9034dde9d4027b90762ed3b647,277634,250959,1376272
GER1,2026/27,2026-09-12,VfB Stuttgart,79,Atakan Karazor,232320,1996-10-13,16,FIRST,2019-07-01,2028-06-30,,,CONFIRMED,https://www.transfermarkt.de/vfb-stuttgart/kader/verein/79/saison_id/2026/plus/1,b40e4a3e03d09694b8088bd37ac70efaa5300c9034dde9d4027b90762ed3b647,277642,239096,1376272
GER1,2026/27,2026-09-12,VfB Stuttgart,79,Nikolas Nartey,400546,2000-02-22,28,FIRST,2019-08-29,2028-06-30,,,CONFIRMED,https://www.transfermarkt.de/vfb-stuttgart/kader/verein/79/saison_id/2026/plus/1,b40e4a3e03d09694b8088bd37ac70efaa5300c9034dde9d4027b90762ed3b647,277657,238379,1376272
GER1,2026/27,2026-09-12,VfB Stuttgart,79,Grischa Prömel,234029,1995-01-09,21,FIRST,2026-07-01,2029-06-30,,,CONFIRMED,https://www.transfermarkt.de/vfb-stuttgart/kader/verein/79/saison_id/2026/plus/1,b40e4a3e03d09694b8088bd37ac70efaa5300c9034dde9d4027b90762ed3b647,280175,228595,1376272
GER1,2026/27,2026-09-12,VfB Stuttgart,79,Ertugrul Yigit,1297520,2009-01-08,39,FIRST,2026-07-01,2029-06-30,,,CONFIRMED,https://www.transfermarkt.de/vfb-stuttgart/kader/verein/79/saison_id/2026/plus/1,b40e4a3e03d09694b8088bd37ac70efaa5300c9034dde9d4027b90762ed3b647,277719,0,1376272
GER1,2026/27,2026-09-12,VfB Stuttgart,79,Chris Führich,272278,1998-01-09,10,FIRST,2021-07-19,2028-06-30,,,CONFIRMED,https://www.transfermarkt.de/vfb-stuttgart/kader/verein/79/saison_id/2026/plus/1,b40e4a3e03d09694b8088bd37ac70efaa5300c9034dde9d4027b90762ed3b647,277647,241925,1376272
GER1,2026/27,2026-09-12,VfB Stuttgart,79,Leo Sauer,710886,2005-12-16,44,FIRST,2026-07-29,2031-06-30,,,CONFIRMED,https://www.transfermarkt.de/vfb-stuttgart/kader/verein/79/saison_id/2026/plus/1,b40e4a3e03d09694b8088bd37ac70efaa5300c9034dde9d4027b90762ed3b647,294612,277482,1376272
GER1,2026/27,2026-09-12,VfB Stuttgart,79,Justin Diehl,720162,2004-11-27,31,FIRST,2024-07-01,2029-06-30,,,CONFIRMED,https://www.transfermarkt.de/vfb-stuttgart/kader/verein/79/saison_id/2026/plus/1,b40e4a3e03d09694b8088bd37ac70efaa5300c9034dde9d4027b90762ed3b647,277659,273667,1376272
GER1,2026/27,2026-09-12,VfB Stuttgart,79,Jamie Leweling,518505,2001-02-26,18,FIRST,2024-07-01,2029-06-30,,,CONFIRMED,https://www.transfermarkt.de/vfb-stuttgart/kader/verein/79/saison_id/2026/plus/1,b40e4a3e03d09694b8088bd37ac70efaa5300c9034dde9d4027b90762ed3b647,277638,252448,1376272
GER1,2026/27,2026-09-12,VfB Stuttgart,79,Tiago Tomás,616344,2002-06-16,8,FIRST,2025-08-16,2029-06-30,,,CONFIRMED,https://www.transfermarkt.de/vfb-stuttgart/kader/verein/79/saison_id/2026/plus/1,b40e4a3e03d09694b8088bd37ac70efaa5300c9034dde9d4027b90762ed3b647,277644,257073,1376272
GER1,2026/27,2026-09-12,VfB Stuttgart,79,Ermedin Demirovic,335457,1998-03-25,9,FIRST,2024-07-16,2028-06-30,,,CONFIRMED,https://www.transfermarkt.de/vfb-stuttgart/kader/verein/79/saison_id/2026/plus/1,b40e4a3e03d09694b8088bd37ac70efaa5300c9034dde9d4027b90762ed3b647,277637,238900,1376272
GER1,2026/27,2026-09-12,VfB Stuttgart,79,Deniz Undav,339314,1996-07-19,26,FIRST,2024-08-09,2029-06-30,,,CONFIRMED,https://www.transfermarkt.de/vfb-stuttgart/kader/verein/79/saison_id/2026/plus/1,b40e4a3e03d09694b8088bd37ac70efaa5300c9034dde9d4027b90762ed3b647,277636,244176,1376272
GER1,2026/27,2026-09-12,VfB Stuttgart,79,Dzenan Pejcinovic,819636,2005-02-15,17,FIRST,2026-08-10,2031-06-30,,,CONFIRMED,https://www.transfermarkt.de/vfb-stuttgart/kader/verein/79/saison_id/2026/plus/1,b40e4a3e03d09694b8088bd37ac70efaa5300c9034dde9d4027b90762ed3b647,100010,270532,1376272
GER1,2026/27,2026-09-12,TSG 1899 Hoffenheim,533,Oliver Baumann,55089,1990-06-02,1,FIRST,2014-07-01,2028-06-30,,,CONFIRMED,https://www.transfermarkt.de/tsg-1899-hoffenheim/kader/verein/533/saison_id/2026/plus/1,e5e493cd00b5c047bf6df4097b4f69f777e988a4f1f63a0879aef32a7379e1cd,280172,193698,1376433
GER1,2026/27,2026-09-12,TSG 1899 Hoffenheim,533,Lúkas Petersson,718460,2004-02-09,36,FIRST,2024-07-01,,,,CONFIRMED,https://www.transfermarkt.de/tsg-1899-hoffenheim/kader/verein/533/saison_id/2026/plus/1,e5e493cd00b5c047bf6df4097b4f69f777e988a4f1f63a0879aef32a7379e1cd,280206,73072,1376433
GER1,2026/27,2026-09-12,TSG 1899 Hoffenheim,533,Albian Hajdari,579459,2003-05-18,21,FIRST,2025-08-25,2031-06-30,,,CONFIRMED,https://www.transfermarkt.de/tsg-1899-hoffenheim/kader/verein/533/saison_id/2026/plus/1,e5e493cd00b5c047bf6df4097b4f69f777e988a4f1f63a0879aef32a7379e1cd,280192,259074,1376433
GER1,2026/27,2026-09-12,TSG 1899 Hoffenheim,533,Ozan Kabak,361260,2000-03-25,5,FIRST,2022-07-23,2030-06-30,,,CONFIRMED,https://www.transfermarkt.de/tsg-1899-hoffenheim/kader/verein/533/saison_id/2026/plus/1,e5e493cd00b5c047bf6df4097b4f69f777e988a4f1f63a0879aef32a7379e1cd,280178,239890,1376433
GER1,2026/27,2026-09-12,TSG 1899 Hoffenheim,533,Robin Hranac,620217,2000-01-29,2,FIRST,2024-08-25,2028-06-30,,,CONFIRMED,https://www.transfermarkt.de/tsg-1899-hoffenheim/kader/verein/533/saison_id/2026/plus/1,e5e493cd00b5c047bf6df4097b4f69f777e988a4f1f63a0879aef32a7379e1cd,280187,276646,1376433
GER1,2026/27,2026-09-12,TSG 1899 Hoffenheim,533,Koki Machida,415035,1997-08-25,28,FIRST,2025-07-01,2029-06-30,,,CONFIRMED,https://www.transfermarkt.de/tsg-1899-hoffenheim/kader/verein/533/saison_id/2026/plus/1,e5e493cd00b5c047bf6df4097b4f69f777e988a4f1f63a0879aef32a7379e1cd,280176,232873,1376433
GER1,2026/27,2026-09-12,TSG 1899 Hoffenheim,533,Sean Dulic,907277,2005-06-05,4,FIRST,2026-07-01,2030-06-30,,,CONFIRMED,https://www.transfermarkt.de/tsg-1899-hoffenheim/kader/verein/533/saison_id/2026/plus/1,e5e493cd00b5c047bf6df4097b4f69f777e988a4f1f63a0879aef32a7379e1cd,269682,73089,1376433
GER1,2026/27,2026-09-12,TSG 1899 Hoffenheim,533,Mats Rots,983677,2006-03-11,39,FIRST,2026-07-01,2031-06-30,,,CONFIRMED,https://www.transfermarkt.de/tsg-1899-hoffenheim/kader/verein/533/saison_id/2026/plus/1,e5e493cd00b5c047bf6df4097b4f69f777e988a4f1f63a0879aef32a7379e1cd,294998,274834,1376433
GER1,2026/27,2026-09-12,TSG 1899 Hoffenheim,533,Bernardo,364258,1995-05-14,13,FIRST,2025-07-01,2027-06-30,,,CONFIRMED,https://www.transfermarkt.de/tsg-1899-hoffenheim/kader/verein/533/saison_id/2026/plus/1,e5e493cd00b5c047bf6df4097b4f69f777e988a4f1f63a0879aef32a7379e1cd,280174,232805,1376433
GER1,2026/27,2026-09-12,TSG 1899 Hoffenheim,533,Valentin Gendrey,569387,2000-06-21,15,FIRST,2024-08-27,2028-06-30,,,CONFIRMED,https://www.transfermarkt.de/tsg-1899-hoffenheim/kader/verein/533/saison_id/2026/plus/1,e5e493cd00b5c047bf6df4097b4f69f777e988a4f1f63a0879aef32a7379e1cd,280184,245863,1376433
GER1,2026/27,2026-09-12,TSG 1899 Hoffenheim,533,Vladimír Coufal,157672,1992-08-22,34,FIRST,2025-08-05,2028-06-30,,,CONFIRMED,https://www.transfermarkt.de/tsg-1899-hoffenheim/kader/verein/533/saison_id/2026/plus/1,e5e493cd00b5c047bf6df4097b4f69f777e988a4f1f63a0879aef32a7379e1cd,280177,244470,1376433
GER1,2026/27,2026-09-12,TSG 1899 Hoffenheim,533,Natnael Abraha,1075143,2008-03-14,29,FIRST,2026-07-01,,,,CONFIRMED,https://www.transfermarkt.de/tsg-1899-hoffenheim/kader/verein/533/saison_id/2026/plus/1,e5e493cd00b5c047bf6df4097b4f69f777e988a4f1f63a0879aef32a7379e1cd,292445,238282,1376433
GER1,2026/27,2026-09-12,TSG 1899 Hoffenheim,533,Leon Avdullahu,667457,2004-02-23,7,FIRST,2025-07-01,2031-06-30,,,CONFIRMED,https://www.transfermarkt.de/tsg-1899-hoffenheim/kader/verein/533/saison_id/2026/plus/1,e5e493cd00b5c047bf6df4097b4f69f777e988a4f1f63a0879aef32a7379e1cd,280185,276969,1376433
GER1,2026/27,2026-09-12,TSG 1899 Hoffenheim,533,Wouter Burger,412953,2001-02-16,18,FIRST,2025-07-22,,,,CONFIRMED,https://www.transfermarkt.de/tsg-1899-hoffenheim/kader/verein/533/saison_id/2026/plus/1,e5e493cd00b5c047bf6df4097b4f69f777e988a4f1f63a0879aef32a7379e1cd,280182,244050,1376433
GER1,2026/27,2026-09-12,TSG 1899 Hoffenheim,533,Cajetan Lenz,1047136,2006-06-16,32,FIRST,2026-07-01,2031-06-30,,,CONFIRMED,https://www.transfermarkt.de/tsg-1899-hoffenheim/kader/verein/533/saison_id/2026/plus/1,e5e493cd00b5c047bf6df4097b4f69f777e988a4f1f63a0879aef32a7379e1cd,275299,80218,1376433
GER1,2026/27,2026-09-12,TSG 1899 Hoffenheim,533,Luis Engelns,1116191,2007-03-11,16,FIRST,2026-02-02,,,,CONFIRMED,https://www.transfermarkt.de/tsg-1899-hoffenheim/kader/verein/533/saison_id/2026/plus/1,e5e493cd00b5c047bf6df4097b4f69f777e988a4f1f63a0879aef32a7379e1cd,275876,71925,1376433
GER1,2026/27,2026-09-12,TSG 1899 Hoffenheim,533,Nathan De Cat,1105541,2008-07-19,17,FIRST,2026-07-10,2031-06-30,,,CONFIRMED,https://www.transfermarkt.de/tsg-1899-hoffenheim/kader/verein/533/saison_id/2026/plus/1,e5e493cd00b5c047bf6df4097b4f69f777e988a4f1f63a0879aef32a7379e1cd,235250,73921,1376433
GER1,2026/27,2026-09-12,TSG 1899 Hoffenheim,533,Alexander Prass,434116,2001-05-26,22,FIRST,2024-08-05,2028-06-30,,,CONFIRMED,https://www.transfermarkt.de/tsg-1899-hoffenheim/kader/verein/533/saison_id/2026/plus/1,e5e493cd00b5c047bf6df4097b4f69f777e988a4f1f63a0879aef32a7379e1cd,280179,263041,1376433
GER1,2026/27,2026-09-12,TSG 1899 Hoffenheim,533,Patrick Wimmer,533295,2001-05-30,8,FIRST,2026-07-01,2031-06-30,,,CONFIRMED,https://www.transfermarkt.de/tsg-1899-hoffenheim/kader/verein/533/saison_id/2026/plus/1,e5e493cd00b5c047bf6df4097b4f69f777e988a4f1f63a0879aef32a7379e1cd,99990,254566,1376433
GER1,2026/27,2026-09-12,TSG 1899 Hoffenheim,533,Andrej Kramaric,46580,1991-06-19,27,FIRST,2016-07-01,2028-06-30,,,CONFIRMED,https://www.transfermarkt.de/tsg-1899-hoffenheim/kader/verein/533/saison_id/2026/plus/1,e5e493cd00b5c047bf6df4097b4f69f777e988a4f1f63a0879aef32a7379e1cd,280171,216354,1376433
GER1,2026/27,2026-09-12,TSG 1899 Hoffenheim,533,Fisnik Asllani,524290,2002-08-08,11,FIRST,2022-01-04,2029-06-30,,,CONFIRMED,https://www.transfermarkt.de/tsg-1899-hoffenheim/kader/verein/533/saison_id/2026/plus/1,e5e493cd00b5c047bf6df4097b4f69f777e988a4f1f63a0879aef32a7379e1cd,280173,265577,1376433
GER1,2026/27,2026-09-12,TSG 1899 Hoffenheim,533,Tim Lemperle,553285,2002-02-05,19,FIRST,2025-07-01,2031-06-30,,,CONFIRMED,https://www.transfermarkt.de/tsg-1899-hoffenheim/kader/verein/533/saison_id/2026/plus/1,e5e493cd00b5c047bf6df4097b4f69f777e988a4f1f63a0879aef32a7379e1cd,280183,256564,1376433
GER1,2026/27,2026-09-12,TSG 1899 Hoffenheim,533,Adam Hlozek,552057,2002-07-25,10,FIRST,2024-08-17,2029-06-30,,,CONFIRMED,https://www.transfermarkt.de/tsg-1899-hoffenheim/kader/verein/533/saison_id/2026/plus/1,e5e493cd00b5c047bf6df4097b4f69f777e988a4f1f63a0879aef32a7379e1cd,280181,246618,1376433
GER1,2026/27,2026-09-12,TSG 1899 Hoffenheim,533,Max Moerstedt,923595,2006-01-15,9,FIRST,2024-01-01,2030-06-30,,,CONFIRMED,https://www.transfermarkt.de/tsg-1899-hoffenheim/kader/verein/533/saison_id/2026/plus/1,e5e493cd00b5c047bf6df4097b4f69f777e988a4f1f63a0879aef32a7379e1cd,280194,279542,1376433
GER1,2026/27,2026-09-12,Bayer 04 Leverkusen,15,Mark Flekken,125714,1993-06-13,1,FIRST,2025-07-01,2028-06-30,,,CONFIRMED,https://www.transfermarkt.de/bayer-04-leverkusen/kader/verein/15/saison_id/2026/plus/1,355a935f7561800deae1a58eea59105fd8753e003beced3cff71c0acbf734e7f,277058,211738,1376261
GER1,2026/27,2026-09-12,Bayer 04 Leverkusen,15,Janis Blaswich,81173,1991-05-02,28,FIRST,2025-08-11,2027-06-30,,,CONFIRMED,https://www.transfermarkt.de/bayer-04-leverkusen/kader/verein/15/saison_id/2026/plus/1,355a935f7561800deae1a58eea59105fd8753e003beced3cff71c0acbf734e7f,277066,204092,1376261
GER1,2026/27,2026-09-12,Bayer 04 Leverkusen,15,Niklas Lomb,85543,1993-07-28,36,FIRST,2012-07-01,2027-06-30,,,CONFIRMED,https://www.transfermarkt.de/bayer-04-leverkusen/kader/verein/15/saison_id/2026/plus/1,355a935f7561800deae1a58eea59105fd8753e003beced3cff71c0acbf734e7f,277074,210366,1376261
GER1,2026/27,2026-09-12,Bayer 04 Leverkusen,15,Jarell Quansah,632349,2003-01-29,4,FIRST,2025-07-02,2030-06-30,,,CONFIRMED,https://www.transfermarkt.de/bayer-04-leverkusen/kader/verein/15/saison_id/2026/plus/1,355a935f7561800deae1a58eea59105fd8753e003beced3cff71c0acbf734e7f,277059,273651,1376261
GER1,2026/27,2026-09-12,Bayer 04 Leverkusen,15,Edmond Tapsoba,564545,1999-02-02,12,FIRST,2020-01-31,2031-06-30,,,CONFIRMED,https://www.transfermarkt.de/bayer-04-leverkusen/kader/verein/15/saison_id/2026/plus/1,355a935f7561800deae1a58eea59105fd8753e003beced3cff71c0acbf734e7f,277054,247263,1376261
GER1,2026/27,2026-09-12,Bayer 04 Leverkusen,15,Loïc Badé,730581,2000-04-11,5,FIRST,2025-08-21,2030-06-30,,,CONFIRMED,https://www.transfermarkt.de/bayer-04-leverkusen/kader/verein/15/saison_id/2026/plus/1,355a935f7561800deae1a58eea59105fd8753e003beced3cff71c0acbf734e7f,277052,255106,1376261
GER1,2026/27,2026-09-12,Bayer 04 Leverkusen,15,Miguel Gutiérrez,525299,2001-07-27,3,FIRST,2026-08-05,2031-06-30,,,CONFIRMED,https://www.transfermarkt.de/bayer-04-leverkusen/kader/verein/15/saison_id/2026/plus/1,355a935f7561800deae1a58eea59105fd8753e003beced3cff71c0acbf734e7f,281886,261865,1376261
GER1,2026/27,2026-09-12,Bayer 04 Leverkusen,15,Guéla Doué,711980,2002-10-17,20,FIRST,2026-09-01,2031-06-30,,,CONFIRMED,https://www.transfermarkt.de/bayer-04-leverkusen/kader/verein/15/saison_id/2026/plus/1,355a935f7561800deae1a58eea59105fd8753e003beced3cff71c0acbf734e7f,289595,275208,1376261
GER1,2026/27,2026-09-12,Bayer 04 Leverkusen,15,Lucas Vázquez,221316,1991-07-01,17,FIRST,2025-08-26,2027-06-30,,,CONFIRMED,https://www.transfermarkt.de/bayer-04-leverkusen/kader/verein/15/saison_id/2026/plus/1,355a935f7561800deae1a58eea59105fd8753e003beced3cff71c0acbf734e7f,277056,208618,1376261
GER1,2026/27,2026-09-12,Bayer 04 Leverkusen,15,Equi Fernández,664708,2002-07-25,6,FIRST,2025-09-01,2030-06-30,,,CONFIRMED,https://www.transfermarkt.de/bayer-04-leverkusen/kader/verein/15/saison_id/2026/plus/1,355a935f7561800deae1a58eea59105fd8753e003beced3cff71c0acbf734e7f,277062,262151,1376261
GER1,2026/27,2026-09-12,Bayer 04 Leverkusen,15,Kennet Eichhorn,1214123,2009-07-27,18,FIRST,2026-07-01,2031-06-30,,,CONFIRMED,https://www.transfermarkt.de/bayer-04-leverkusen/kader/verein/15/saison_id/2026/plus/1,355a935f7561800deae1a58eea59105fd8753e003beced3cff71c0acbf734e7f,284387,0,1376261
GER1,2026/27,2026-09-12,Bayer 04 Leverkusen,15,Robert Andrich,159088,1994-09-22,8,FIRST,2021-08-16,2028-06-30,,,CONFIRMED,https://www.transfermarkt.de/bayer-04-leverkusen/kader/verein/15/saison_id/2026/plus/1,355a935f7561800deae1a58eea59105fd8753e003beced3cff71c0acbf734e7f,277055,212242,1376261
GER1,2026/27,2026-09-12,Bayer 04 Leverkusen,15,Aleix García,261504,1997-06-28,24,FIRST,2024-07-01,2029-06-30,,,CONFIRMED,https://www.transfermarkt.de/bayer-04-leverkusen/kader/verein/15/saison_id/2026/plus/1,355a935f7561800deae1a58eea59105fd8753e003beced3cff71c0acbf734e7f,277057,228813,1376261
GER1,2026/27,2026-09-12,Bayer 04 Leverkusen,15,Ibrahim Maza,905011,2005-11-24,30,FIRST,2025-07-01,2030-06-30,,,CONFIRMED,https://www.transfermarkt.de/bayer-04-leverkusen/kader/verein/15/saison_id/2026/plus/1,355a935f7561800deae1a58eea59105fd8753e003beced3cff71c0acbf734e7f,277068,275029,1376261
GER1,2026/27,2026-09-12,Bayer 04 Leverkusen,15,Malik Tillman,467437,2002-05-28,10,FIRST,2025-07-12,2030-06-30,,,CONFIRMED,https://www.transfermarkt.de/bayer-04-leverkusen/kader/verein/15/saison_id/2026/plus/1,355a935f7561800deae1a58eea59105fd8753e003beced3cff71c0acbf734e7f,277053,256853,1376261
GER1,2026/27,2026-09-12,Bayer 04 Leverkusen,15,Jonas Hofmann,7161,1992-07-14,7,FIRST,2023-07-05,2027-06-30,,,CONFIRMED,https://www.transfermarkt.de/bayer-04-leverkusen/kader/verein/15/saison_id/2026/plus/1,355a935f7561800deae1a58eea59105fd8753e003beced3cff71c0acbf734e7f,277063,210324,1376261
GER1,2026/27,2026-09-12,Bayer 04 Leverkusen,15,Afonso Moreira,952282,2005-03-19,9,FIRST,2026-07-01,2031-06-30,,,CONFIRMED,https://www.transfermarkt.de/bayer-04-leverkusen/kader/verein/15/saison_id/2026/plus/1,355a935f7561800deae1a58eea59105fd8753e003beced3cff71c0acbf734e7f,284677,276901,1376261
GER1,2026/27,2026-09-12,Bayer 04 Leverkusen,15,Eliesse Ben Seghir,810895,2005-02-16,29,FIRST,2025-08-31,2030-06-30,,,CONFIRMED,https://www.transfermarkt.de/bayer-04-leverkusen/kader/verein/15/saison_id/2026/plus/1,355a935f7561800deae1a58eea59105fd8753e003beced3cff71c0acbf734e7f,277065,272781,1376261
GER1,2026/27,2026-09-12,Bayer 04 Leverkusen,15,Martin Terrier,442891,1997-03-04,11,FIRST,2024-07-18,2029-06-30,,,CONFIRMED,https://www.transfermarkt.de/bayer-04-leverkusen/kader/verein/15/saison_id/2026/plus/1,355a935f7561800deae1a58eea59105fd8753e003beced3cff71c0acbf734e7f,277061,236786,1376261
GER1,2026/27,2026-09-12,Bayer 04 Leverkusen,15,Moussa Diaby,395516,1999-07-07,19,FIRST,2026-09-01,2031-06-30,,,CONFIRMED,https://www.transfermarkt.de/bayer-04-leverkusen/kader/verein/15/saison_id/2026/plus/1,355a935f7561800deae1a58eea59105fd8753e003beced3cff71c0acbf734e7f,76759,241852,1376261
GER1,2026/27,2026-09-12,Bayer 04 Leverkusen,15,Nathan Tella,340322,1999-07-05,23,FIRST,2023-08-27,2031-06-30,,,CONFIRMED,https://www.transfermarkt.de/bayer-04-leverkusen/kader/verein/15/saison_id/2026/plus/1,355a935f7561800deae1a58eea59105fd8753e003beced3cff71c0acbf734e7f,277060,237328,1376261
GER1,2026/27,2026-09-12,Bayer 04 Leverkusen,15,Montrell Culbreath,1058514,2007-08-29,42,FIRST,2026-01-29,2031-06-30,,,CONFIRMED,https://www.transfermarkt.de/bayer-04-leverkusen/kader/verein/15/saison_id/2026/plus/1,355a935f7561800deae1a58eea59105fd8753e003beced3cff71c0acbf734e7f,277087,81844,1376261
GER1,2026/27,2026-09-12,Bayer 04 Leverkusen,15,Christian Kofane,1364454,2006-07-26,35,FIRST,2025-07-11,2029-06-30,,,CONFIRMED,https://www.transfermarkt.de/bayer-04-leverkusen/kader/verein/15/saison_id/2026/plus/1,355a935f7561800deae1a58eea59105fd8753e003beced3cff71c0acbf734e7f,277071,76416,1376261
GER1,2026/27,2026-09-12,Bayer 04 Leverkusen,15,Patrik Schick,242086,1996-01-24,14,FIRST,2020-09-08,2030-06-30,,,CONFIRMED,https://www.transfermarkt.de/bayer-04-leverkusen/kader/verein/15/saison_id/2026/plus/1,355a935f7561800deae1a58eea59105fd8753e003beced3cff71c0acbf734e7f,277051,234236,1376261
GER1,2026/27,2026-09-12,Sport-Club Freiburg,60,Mio Backhaus,620295,2004-04-16,1,FIRST,2026-07-01,,,,CONFIRMED,https://www.transfermarkt.de/sc-freiburg/kader/verein/60/saison_id/2026/plus/1,e62e19efa9614998b4f5177da82a997a537a7c947c1c8872e3857207ec428e4f,280804,268428,1376270
GER1,2026/27,2026-09-12,Sport-Club Freiburg,60,Florian Müller,284769,1997-11-13,21,FIRST,2023-07-01,,,,CONFIRMED,https://www.transfermarkt.de/sc-freiburg/kader/verein/60/saison_id/2026/plus/1,e62e19efa9614998b4f5177da82a997a537a7c947c1c8872e3857207ec428e4f,277871,234833,1376270
GER1,2026/27,2026-09-12,Sport-Club Freiburg,60,Jannik Huth,160954,1994-04-15,24,FIRST,2024-07-01,,,,CONFIRMED,https://www.transfermarkt.de/sc-freiburg/kader/verein/60/saison_id/2026/plus/1,e62e19efa9614998b4f5177da82a997a537a7c947c1c8872e3857207ec428e4f,277873,229692,1376270
GER1,2026/27,2026-09-12,Sport-Club Freiburg,60,Matthias Ginter,124502,1994-01-19,28,FIRST,2022-07-01,2027-06-30,,,CONFIRMED,https://www.transfermarkt.de/sc-freiburg/kader/verein/60/saison_id/2026/plus/1,e62e19efa9614998b4f5177da82a997a537a7c947c1c8872e3857207ec428e4f,277850,207862,1376270
GER1,2026/27,2026-09-12,Sport-Club Freiburg,60,Anthony Jung,58995,1991-11-03,5,FIRST,2025-07-01,2027-06-30,,,CONFIRMED,https://www.transfermarkt.de/sc-freiburg/kader/verein/60/saison_id/2026/plus/1,e62e19efa9614998b4f5177da82a997a537a7c947c1c8872e3857207ec428e4f,277864,207897,1376270
GER1,2026/27,2026-09-12,Sport-Club Freiburg,60,Jordy Makengo,815078,2001-08-03,33,FIRST,2023-07-01,2028-06-30,,,CONFIRMED,https://www.transfermarkt.de/sc-freiburg/kader/verein/60/saison_id/2026/plus/1,e62e19efa9614998b4f5177da82a997a537a7c947c1c8872e3857207ec428e4f,277867,262668,1376270
GER1,2026/27,2026-09-12,Sport-Club Freiburg,60,Rihito Yamamoto,432403,2001-12-12,20,FIRST,2026-07-01,,,,CONFIRMED,https://www.transfermarkt.de/sc-freiburg/kader/verein/60/saison_id/2026/plus/1,e62e19efa9614998b4f5177da82a997a537a7c947c1c8872e3857207ec428e4f,236036,270923,1376270
GER1,2026/27,2026-09-12,Sport-Club Freiburg,60,Rouven Tarnutzer,1159439,2007-07-24,39,FIRST,2026-07-01,,,,CONFIRMED,https://www.transfermarkt.de/sc-freiburg/kader/verein/60/saison_id/2026/plus/1,e62e19efa9614998b4f5177da82a997a537a7c947c1c8872e3857207ec428e4f,290104,269729,1376270
GER1,2026/27,2026-09-12,Sport-Club Freiburg,60,Vincenzo Grifo,185077,1993-04-07,32,FIRST,2019-09-02,,,,CONFIRMED,https://www.transfermarkt.de/sc-freiburg/kader/verein/60/saison_id/2026/plus/1,e62e19efa9614998b4f5177da82a997a537a7c947c1c8872e3857207ec428e4f,277852,212096,1376270
GER1,2026/27,2026-09-12,Sport-Club Freiburg,60,Niklas Beste,342967,1999-01-04,19,FIRST,2025-01-31,2030-06-30,,,CONFIRMED,https://www.transfermarkt.de/sc-freiburg/kader/verein/60/saison_id/2026/plus/1,e62e19efa9614998b4f5177da82a997a537a7c947c1c8872e3857207ec428e4f,277856,240451,1376270
GER1,2026/27,2026-09-12,Sport-Club Freiburg,60,Yuito Suzuki,668606,2001-10-25,14,FIRST,2025-07-01,,,,CONFIRMED,https://www.transfermarkt.de/sc-freiburg/kader/verein/60/saison_id/2026/plus/1,e62e19efa9614998b4f5177da82a997a537a7c947c1c8872e3857207ec428e4f,277862,255185,1376270
GER1,2026/27,2026-09-12,Eintracht Frankfurt,24,Kauã Santos,997861,2003-04-11,40,FIRST,2023-08-29,2030-06-30,,,CONFIRMED,https://www.transfermarkt.de/eintracht-frankfurt/kader/verein/24/saison_id/2026/plus/1,b45935ddcd2a6095f6ba7722a68fe41a24ae9eab482678ab594edfe3149e642f,277152,277929,1376279
GER1,2026/27,2026-09-12,Eintracht Frankfurt,24,Jens Grahl,40034,1988-09-22,33,FIRST,2021-07-19,2027-06-30,,,CONFIRMED,https://www.transfermarkt.de/eintracht-frankfurt/kader/verein/24/saison_id/2026/plus/1,b45935ddcd2a6095f6ba7722a68fe41a24ae9eab482678ab594edfe3149e642f,277161,183513,1376279
GER1,2026/27,2026-09-12,Eintracht Frankfurt,24,Amil Siljevic,1079622,2007-01-19,39,FIRST,2025-07-10,2029-06-30,,,CONFIRMED,https://www.transfermarkt.de/eintracht-frankfurt/kader/verein/24/saison_id/2026/plus/1,b45935ddcd2a6095f6ba7722a68fe41a24ae9eab482678ab594edfe3149e642f,277171,75810,1376279
GER1,2026/27,2026-09-12,Eintracht Frankfurt,24,Nnamdi Collins,684315,2004-01-10,34,FIRST,2023-08-09,2030-06-30,,,CONFIRMED,https://www.transfermarkt.de/eintracht-frankfurt/kader/verein/24/saison_id/2026/plus/1,b45935ddcd2a6095f6ba7722a68fe41a24ae9eab482678ab594edfe3149e642f,277154,256500,1376279
GER1,2026/27,2026-09-12,Eintracht Frankfurt,24,Lilian Brassier,485960,1999-11-02,3,FIRST,2026-08-31,2031-06-30,,,CONFIRMED,https://www.transfermarkt.de/eintracht-frankfurt/kader/verein/24/saison_id/2026/plus/1,b45935ddcd2a6095f6ba7722a68fe41a24ae9eab482678ab594edfe3149e642f,292147,251380,1376279
GER1,2026/27,2026-09-12,Eintracht Frankfurt,24,Robin Koch,328784,1996-07-17,4,FIRST,2024-07-01,2030-06-30,,,CONFIRMED,https://www.transfermarkt.de/eintracht-frankfurt/kader/verein/24/saison_id/2026/plus/1,b45935ddcd2a6095f6ba7722a68fe41a24ae9eab482678ab594edfe3149e642f,277139,236532,1376279
GER1,2026/27,2026-09-12,Eintracht Frankfurt,24,Otávio,1094885,2005-11-25,5,FIRST,2026-07-28,2031-06-30,,,CONFIRMED,https://www.transfermarkt.de/eintracht-frankfurt/kader/verein/24/saison_id/2026/plus/1,b45935ddcd2a6095f6ba7722a68fe41a24ae9eab482678ab594edfe3149e642f,287927,78088,1376279
GER1,2026/27,2026-09-12,Eintracht Frankfurt,24,Jeremiaha Maluze,1022523,2004-11-11,37,FIRST,2026-07-01,2031-06-30,,,CONFIRMED,https://www.transfermarkt.de/eintracht-frankfurt/kader/verein/24/saison_id/2026/plus/1,b45935ddcd2a6095f6ba7722a68fe41a24ae9eab482678ab594edfe3149e642f,277164,0,1376279
GER1,2026/27,2026-09-12,Eintracht Frankfurt,24,Keita Kosugi,1146988,2006-03-18,26,FIRST,2026-01-01,2031-06-30,,,CONFIRMED,https://www.transfermarkt.de/eintracht-frankfurt/kader/verein/24/saison_id/2026/plus/1,b45935ddcd2a6095f6ba7722a68fe41a24ae9eab482678ab594edfe3149e642f,187947,71672,1376279
GER1,2026/27,2026-09-12,Eintracht Frankfurt,24,Elias Baum,744857,2005-10-26,2,FIRST,2023-10-26,2028-06-30,,,CONFIRMED,https://www.transfermarkt.de/eintracht-frankfurt/kader/verein/24/saison_id/2026/plus/1,b45935ddcd2a6095f6ba7722a68fe41a24ae9eab482678ab594edfe3149e642f,277158,278228,1376279
GER1,2026/27,2026-09-12,Eintracht Frankfurt,24,Raphael Onyedika,699783,2001-04-19,25,FIRST,2026-08-02,2031-06-30,,,CONFIRMED,https://www.transfermarkt.de/eintracht-frankfurt/kader/verein/24/saison_id/2026/plus/1,b45935ddcd2a6095f6ba7722a68fe41a24ae9eab482678ab594edfe3149e642f,235047,262880,1376279
GER1,2026/27,2026-09-12,Eintracht Frankfurt,24,Oscar Højlund,846310,2005-01-04,6,FIRST,2024-07-10,2029-06-30,,,CONFIRMED,https://www.transfermarkt.de/eintracht-frankfurt/kader/verein/24/saison_id/2026/plus/1,b45935ddcd2a6095f6ba7722a68fe41a24ae9eab482678ab594edfe3149e642f,277156,274952,1376279
GER1,2026/27,2026-09-12,Eintracht Frankfurt,24,Can Uzun,816585,2005-11-11,42,FIRST,2024-07-02,2029-06-30,,,CONFIRMED,https://www.transfermarkt.de/eintracht-frankfurt/kader/verein/24/saison_id/2026/plus/1,b45935ddcd2a6095f6ba7722a68fe41a24ae9eab482678ab594edfe3149e642f,277146,275328,1376279
GER1,2026/27,2026-09-12,Eintracht Frankfurt,24,Farès Chaïbi,855015,2002-11-28,8,FIRST,2023-08-30,2028-06-30,,,CONFIRMED,https://www.transfermarkt.de/eintracht-frankfurt/kader/verein/24/saison_id/2026/plus/1,b45935ddcd2a6095f6ba7722a68fe41a24ae9eab482678ab594edfe3149e642f,277153,270670,1376279
GER1,2026/27,2026-09-12,Eintracht Frankfurt,24,Love Arrhov,1184986,2008-05-17,31,FIRST,2026-01-01,2028-06-30,,,CONFIRMED,https://www.transfermarkt.de/eintracht-frankfurt/kader/verein/24/saison_id/2026/plus/1,b45935ddcd2a6095f6ba7722a68fe41a24ae9eab482678ab594edfe3149e642f,188231,76519,1376279
GER1,2026/27,2026-09-12,Eintracht Frankfurt,24,Mario Götze,74842,1992-06-03,27,FIRST,2022-07-01,2028-06-30,,,CONFIRMED,https://www.transfermarkt.de/eintracht-frankfurt/kader/verein/24/saison_id/2026/plus/1,b45935ddcd2a6095f6ba7722a68fe41a24ae9eab482678ab594edfe3149e642f,277142,192318,1376279
GER1,2026/27,2026-09-12,Eintracht Frankfurt,24,Ritsu Doan,358504,1998-06-16,20,FIRST,2025-08-07,2030-06-30,,,CONFIRMED,https://www.transfermarkt.de/eintracht-frankfurt/kader/verein/24/saison_id/2026/plus/1,b45935ddcd2a6095f6ba7722a68fe41a24ae9eab482678ab594edfe3149e642f,277137,232639,1376279
GER1,2026/27,2026-09-12,Eintracht Frankfurt,24,Ansgar Knauff,429874,2002-01-10,7,FIRST,2023-07-01,2028-06-30,,,CONFIRMED,https://www.transfermarkt.de/eintracht-frankfurt/kader/verein/24/saison_id/2026/plus/1,b45935ddcd2a6095f6ba7722a68fe41a24ae9eab482678ab594edfe3149e642f,277148,257540,1376279
GER1,2026/27,2026-09-12,Eintracht Frankfurt,24,Jonathan Burkardt,333647,2000-07-11,9,FIRST,2025-07-04,2030-06-30,,,CONFIRMED,https://www.transfermarkt.de/eintracht-frankfurt/kader/verein/24/saison_id/2026/plus/1,b45935ddcd2a6095f6ba7722a68fe41a24ae9eab482678ab594edfe3149e642f,277141,244257,1376279
GER1,2026/27,2026-09-12,Eintracht Frankfurt,24,Younes Ebnoutalib,692368,2003-09-13,11,FIRST,2026-01-01,2031-06-30,,,CONFIRMED,https://www.transfermarkt.de/eintracht-frankfurt/kader/verein/24/saison_id/2026/plus/1,b45935ddcd2a6095f6ba7722a68fe41a24ae9eab482678ab594edfe3149e642f,276425,76282,1376279
GER1,2026/27,2026-09-12,Eintracht Frankfurt,24,Malik Pimpong,1259986,2008-01-01,35,FIRST,2026-07-01,2031-06-30,,,CONFIRMED,https://www.transfermarkt.de/eintracht-frankfurt/kader/verein/24/saison_id/2026/plus/1,b45935ddcd2a6095f6ba7722a68fe41a24ae9eab482678ab594edfe3149e642f,298420,0,1376279
GER1,2026/27,2026-09-12,Eintracht Frankfurt,24,Jessic Ngankam,448177,2000-07-20,-,FIRST,2023-07-14,2028-06-30,,,CONFIRMED,https://www.transfermarkt.de/eintracht-frankfurt/kader/verein/24/saison_id/2026/plus/1,b45935ddcd2a6095f6ba7722a68fe41a24ae9eab482678ab594edfe3149e642f,277160,256658,1376279
GER1,2026/27,2026-09-12,FC Augsburg,167,Finn Dahmen,251299,1998-03-27,1,FIRST,2023-07-01,2027-06-30,,,CONFIRMED,https://www.transfermarkt.de/fc-augsburg/kader/verein/167/saison_id/2026/plus/1,323d986d5d073658ccfd8af3d4978da6e4a9845c0cdcce47798096a26f016833,279680,242818,1376431
GER1,2026/27,2026-09-12,FC Augsburg,167,Nediljko Labrovic,610190,1999-10-10,22,FIRST,2024-07-01,2029-06-30,,,CONFIRMED,https://www.transfermarkt.de/fc-augsburg/kader/verein/167/saison_id/2026/plus/1,323d986d5d073658ccfd8af3d4978da6e4a9845c0cdcce47798096a26f016833,279691,271949,1376431
GER1,2026/27,2026-09-12,FC Augsburg,167,Tom Wisbereit,954082,2007-11-17,48,FIRST,2026-07-14,2030-06-30,,,CONFIRMED,https://www.transfermarkt.de/fc-augsburg/kader/verein/167/saison_id/2026/plus/1,323d986d5d073658ccfd8af3d4978da6e4a9845c0cdcce47798096a26f016833,290004,263468,1376431
GER1,2026/27,2026-09-12,FC Augsburg,167,Chrislain Matsima,569383,2002-05-15,5,FIRST,2025-07-01,2030-06-30,,,CONFIRMED,https://www.transfermarkt.de/fc-augsburg/kader/verein/167/saison_id/2026/plus/1,323d986d5d073658ccfd8af3d4978da6e4a9845c0cdcce47798096a26f016833,279683,258432,1376431
GER1,2026/27,2026-09-12,FC Augsburg,167,Noahkai Banks,923945,2006-12-01,40,FIRST,2024-07-10,2029-06-30,,,CONFIRMED,https://www.transfermarkt.de/fc-augsburg/kader/verein/167/saison_id/2026/plus/1,323d986d5d073658ccfd8af3d4978da6e4a9845c0cdcce47798096a26f016833,279703,73731,1376431
GER1,2026/27,2026-09-12,FC Augsburg,167,Calvin Brackelmann,358766,1999-08-22,2,FIRST,2026-07-01,2030-06-30,,,CONFIRMED,https://www.transfermarkt.de/fc-augsburg/kader/verein/167/saison_id/2026/plus/1,323d986d5d073658ccfd8af3d4978da6e4a9845c0cdcce47798096a26f016833,275858,269912,1376431
GER1,2026/27,2026-09-12,FC Augsburg,167,Jeffrey Gouweleeuw,106405,1991-07-10,6,FIRST,2016-01-09,2027-06-30,,,CONFIRMED,https://www.transfermarkt.de/fc-augsburg/kader/verein/167/saison_id/2026/plus/1,323d986d5d073658ccfd8af3d4978da6e4a9845c0cdcce47798096a26f016833,279687,202201,1376431
GER1,2026/27,2026-09-12,FC Augsburg,167,Hennes Behrens,829838,2005-01-19,16,FIRST,2026-07-13,2031-06-30,,,CONFIRMED,https://www.transfermarkt.de/fc-augsburg/kader/verein/167/saison_id/2026/plus/1,323d986d5d073658ccfd8af3d4978da6e4a9845c0cdcce47798096a26f016833,280201,76922,1376431
GER1,2026/27,2026-09-12,FC Augsburg,167,Young-woo Seol,639414,1998-12-05,7,FIRST,2026-08-27,2030-06-30,,,CONFIRMED,https://www.transfermarkt.de/fc-augsburg/kader/verein/167/saison_id/2026/plus/1,323d986d5d073658ccfd8af3d4978da6e4a9845c0cdcce47798096a26f016833,270378,254980,1376431
GER1,2026/27,2026-09-12,FC Augsburg,167,Marius Wolf,193900,1995-05-27,27,FIRST,2024-08-08,2027-06-30,,,CONFIRMED,https://www.transfermarkt.de/fc-augsburg/kader/verein/167/saison_id/2026/plus/1,323d986d5d073658ccfd8af3d4978da6e4a9845c0cdcce47798096a26f016833,279684,224425,1376431
GER1,2026/27,2026-09-12,FC Augsburg,167,Robin Fellhauer,264960,1998-01-21,19,FIRST,2025-07-01,2029-06-30,,,CONFIRMED,https://www.transfermarkt.de/fc-augsburg/kader/verein/167/saison_id/2026/plus/1,323d986d5d073658ccfd8af3d4978da6e4a9845c0cdcce47798096a26f016833,279690,269305,1376431
GER1,2026/27,2026-09-12,FC Augsburg,167,Tim Schnitzer,1162968,2008-02-07,37,FIRST,2026-07-01,2029-06-30,,,CONFIRMED,https://www.transfermarkt.de/fc-augsburg/kader/verein/167/saison_id/2026/plus/1,323d986d5d073658ccfd8af3d4978da6e4a9845c0cdcce47798096a26f016833,279729,0,1376431
GER1,2026/27,2026-09-12,FC Augsburg,167,Han-Noah Massengo,536508,2001-07-07,4,FIRST,2025-07-15,2030-06-30,,,CONFIRMED,https://www.transfermarkt.de/fc-augsburg/kader/verein/167/saison_id/2026/plus/1,323d986d5d073658ccfd8af3d4978da6e4a9845c0cdcce47798096a26f016833,279694,246594,1376431
GER1,2026/27,2026-09-12,FC Augsburg,167,Sima Suso,928265,2005-05-28,8,FIRST,2026-07-10,2031-06-30,,,CONFIRMED,https://www.transfermarkt.de/fc-augsburg/kader/verein/167/saison_id/2026/plus/1,323d986d5d073658ccfd8af3d4978da6e4a9845c0cdcce47798096a26f016833,276715,278834,1376431
GER1,2026/27,2026-09-12,FC Augsburg,167,Alexis Claude-Maurice,384593,1998-06-06,20,FIRST,2024-08-30,2027-06-30,,,CONFIRMED,https://www.transfermarkt.de/fc-augsburg/kader/verein/167/saison_id/2026/plus/1,323d986d5d073658ccfd8af3d4978da6e4a9845c0cdcce47798096a26f016833,279682,236477,1376431
GER1,2026/27,2026-09-12,FC Augsburg,167,Mert Kömür,777005,2005-07-17,10,FIRST,2023-07-01,2029-06-30,,,CONFIRMED,https://www.transfermarkt.de/fc-augsburg/kader/verein/167/saison_id/2026/plus/1,323d986d5d073658ccfd8af3d4978da6e4a9845c0cdcce47798096a26f016833,279700,274226,1376431
GER1,2026/27,2026-09-12,FC Augsburg,167,Fabian Rieder,507341,2002-02-16,32,FIRST,2025-09-01,2030-06-30,,,CONFIRMED,https://www.transfermarkt.de/fc-augsburg/kader/verein/167/saison_id/2026/plus/1,323d986d5d073658ccfd8af3d4978da6e4a9845c0cdcce47798096a26f016833,279688,259306,1376431
GER1,2026/27,2026-09-12,FC Augsburg,167,Anton Kade,654234,2004-01-17,30,FIRST,2025-08-25,2029-06-30,,,CONFIRMED,https://www.transfermarkt.de/fc-augsburg/kader/verein/167/saison_id/2026/plus/1,323d986d5d073658ccfd8af3d4978da6e4a9845c0cdcce47798096a26f016833,279702,266433,1376431
GER1,2026/27,2026-09-12,FC Augsburg,167,Faik Sakar,1132292,2008-01-14,23,FIRST,2026-07-01,2030-06-30,,,CONFIRMED,https://www.transfermarkt.de/fc-augsburg/kader/verein/167/saison_id/2026/plus/1,323d986d5d073658ccfd8af3d4978da6e4a9845c0cdcce47798096a26f016833,289170,0,1376431
GER1,2026/27,2026-09-12,FC Augsburg,167,Rodrigo Ribeiro,726701,2005-04-28,9,FIRST,2026-07-01,2031-06-30,,,CONFIRMED,https://www.transfermarkt.de/fc-augsburg/kader/verein/167/saison_id/2026/plus/1,323d986d5d073658ccfd8af3d4978da6e4a9845c0cdcce47798096a26f016833,286435,268837,1376431
GER1,2026/27,2026-09-12,FC Augsburg,167,Uchenna Ogundu,1309324,2006-05-12,39,FIRST,2026-02-02,2031-06-30,,,CONFIRMED,https://www.transfermarkt.de/fc-augsburg/kader/verein/167/saison_id/2026/plus/1,323d986d5d073658ccfd8af3d4978da6e4a9845c0cdcce47798096a26f016833,200203,80729,1376431
GER1,2026/27,2026-09-12,FC Augsburg,167,Michael Gregoritsch,120205,1994-04-18,11,FIRST,2026-07-01,2027-06-30,,,CONFIRMED,https://www.transfermarkt.de/fc-augsburg/kader/verein/167/saison_id/2026/plus/1,323d986d5d073658ccfd8af3d4978da6e4a9845c0cdcce47798096a26f016833,286270,199439,1376431
GER1,2026/27,2026-09-12,1. FSV Mainz 05,39,Robin Zentner,160963,1994-10-28,27,FIRST,2014-07-01,2028-06-30,,,CONFIRMED,https://www.transfermarkt.de/1-fsv-mainz-05/kader/verein/39/saison_id/2026/plus/1,a0ac0e0c9eb47a3776e4e43c8257aa032114b35240aadb843dc1c757a5313de7,280305,224251,1376259
GER1,2026/27,2026-09-12,1. FSV Mainz 05,39,Alexander Schwolow,93763,1992-06-02,1,FIRST,2026-07-30,,,,CONFIRMED,https://www.transfermarkt.de/1-fsv-mainz-05/kader/verein/39/saison_id/2026/plus/1,a0ac0e0c9eb47a3776e4e43c8257aa032114b35240aadb843dc1c757a5313de7,288821,202789,1376259
GER1,2026/27,2026-09-12,1. FSV Mainz 05,39,Maximilian Kinzig,817521,2003-12-04,40,FIRST,2026-07-01,,,,CONFIRMED,https://www.transfermarkt.de/1-fsv-mainz-05/kader/verein/39/saison_id/2026/plus/1,a0ac0e0c9eb47a3776e4e43c8257aa032114b35240aadb843dc1c757a5313de7,292586,0,1376259
GER1,2026/27,2026-09-12,1. FSV Mainz 05,39,Kacper Potulski,1073748,2007-10-19,48,FIRST,2026-01-01,2028-06-30,,,CONFIRMED,https://www.transfermarkt.de/1-fsv-mainz-05/kader/verein/39/saison_id/2026/plus/1,a0ac0e0c9eb47a3776e4e43c8257aa032114b35240aadb843dc1c757a5313de7,280323,81427,1376259
GER1,2026/27,2026-09-12,1. FSV Mainz 05,39,Fabio Gruber,594731,2002-09-03,3,FIRST,2026-07-01,2030-06-30,,,CONFIRMED,https://www.transfermarkt.de/1-fsv-mainz-05/kader/verein/39/saison_id/2026/plus/1,a0ac0e0c9eb47a3776e4e43c8257aa032114b35240aadb843dc1c757a5313de7,274311,276283,1376259
GER1,2026/27,2026-09-12,1. FSV Mainz 05,39,Dominik Kohr,118847,1994-01-31,31,FIRST,2022-07-01,2028-06-30,,,CONFIRMED,https://www.transfermarkt.de/1-fsv-mainz-05/kader/verein/39/saison_id/2026/plus/1,a0ac0e0c9eb47a3776e4e43c8257aa032114b35240aadb843dc1c757a5313de7,280301,212212,1376259
GER1,2026/27,2026-09-12,1. FSV Mainz 05,39,Danny da Costa,85906,1993-07-13,21,FIRST,2022-07-01,2027-06-30,,,CONFIRMED,https://www.transfermarkt.de/1-fsv-mainz-05/kader/verein/39/saison_id/2026/plus/1,a0ac0e0c9eb47a3776e4e43c8257aa032114b35240aadb843dc1c757a5313de7,280311,202429,1376259
GER1,2026/27,2026-09-12,1. FSV Mainz 05,39,Phillipp Mwene,127573,1994-01-29,2,FIRST,2023-08-23,,,,CONFIRMED,https://www.transfermarkt.de/1-fsv-mainz-05/kader/verein/39/saison_id/2026/plus/1,a0ac0e0c9eb47a3776e4e43c8257aa032114b35240aadb843dc1c757a5313de7,280308,216275,1376259
GER1,2026/27,2026-09-12,1. FSV Mainz 05,39,Anthony Caci,453016,1997-07-01,19,FIRST,2022-07-01,2028-06-30,,,CONFIRMED,https://www.transfermarkt.de/1-fsv-mainz-05/kader/verein/39/saison_id/2026/plus/1,a0ac0e0c9eb47a3776e4e43c8257aa032114b35240aadb843dc1c757a5313de7,280302,236636,1376259
GER1,2026/27,2026-09-12,1. FSV Mainz 05,39,Silvan Widmer,168989,1993-03-05,30,FIRST,2021-07-09,,,,CONFIRMED,https://www.transfermarkt.de/1-fsv-mainz-05/kader/verein/39/saison_id/2026/plus/1,a0ac0e0c9eb47a3776e4e43c8257aa032114b35240aadb843dc1c757a5313de7,280307,216158,1376259
GER1,2026/27,2026-09-12,1. FSV Mainz 05,39,Kaishu Sano,643574,2000-12-30,6,FIRST,2024-07-03,2028-06-30,,,CONFIRMED,https://www.transfermarkt.de/1-fsv-mainz-05/kader/verein/39/saison_id/2026/plus/1,a0ac0e0c9eb47a3776e4e43c8257aa032114b35240aadb843dc1c757a5313de7,280299,73078,1376259
GER1,2026/27,2026-09-12,1. FSV Mainz 05,39,Lennard Maloney,392710,1999-10-08,15,FIRST,2025-01-21,2028-06-30,,,CONFIRMED,https://www.transfermarkt.de/1-fsv-mainz-05/kader/verein/39/saison_id/2026/plus/1,a0ac0e0c9eb47a3776e4e43c8257aa032114b35240aadb843dc1c757a5313de7,280313,240669,1376259
GER1,2026/27,2026-09-12,1. FSV Mainz 05,39,Nadiem Amiri,232454,1996-10-27,10,FIRST,2024-01-31,2028-06-30,,,CONFIRMED,https://www.transfermarkt.de/1-fsv-mainz-05/kader/verein/39/saison_id/2026/plus/1,a0ac0e0c9eb47a3776e4e43c8257aa032114b35240aadb843dc1c757a5313de7,280298,225309,1376259
GER1,2026/27,2026-09-12,1. FSV Mainz 05,39,Paul Nebel,503160,2002-10-10,8,FIRST,2020-07-01,2027-06-30,,,CONFIRMED,https://www.transfermarkt.de/1-fsv-mainz-05/kader/verein/39/saison_id/2026/plus/1,a0ac0e0c9eb47a3776e4e43c8257aa032114b35240aadb843dc1c757a5313de7,280300,257075,1376259
GER1,2026/27,2026-09-12,1. FSV Mainz 05,39,Jae-sung Lee,314398,1992-08-10,7,FIRST,2021-07-08,,,,CONFIRMED,https://www.transfermarkt.de/1-fsv-mainz-05/kader/verein/39/saison_id/2026/plus/1,a0ac0e0c9eb47a3776e4e43c8257aa032114b35240aadb843dc1c757a5313de7,280304,221671,1376259
GER1,2026/27,2026-09-12,1. FSV Mainz 05,39,Otto Ruoppi,901877,2006-01-31,20,FIRST,2026-02-02,2030-06-30,,,CONFIRMED,https://www.transfermarkt.de/1-fsv-mainz-05/kader/verein/39/saison_id/2026/plus/1,a0ac0e0c9eb47a3776e4e43c8257aa032114b35240aadb843dc1c757a5313de7,66379,0,1376259
GER1,2026/27,2026-09-12,1. FSV Mainz 05,39,Sheraldo Becker,188888,1995-02-09,23,FIRST,2026-07-01,,,,CONFIRMED,https://www.transfermarkt.de/1-fsv-mainz-05/kader/verein/39/saison_id/2026/plus/1,a0ac0e0c9eb47a3776e4e43c8257aa032114b35240aadb843dc1c757a5313de7,283571,223790,1376259
GER1,2026/27,2026-09-12,1. FSV Mainz 05,39,Benedict Hollerbach,453870,2001-05-17,17,FIRST,2025-07-01,2029-06-30,,,CONFIRMED,https://www.transfermarkt.de/1-fsv-mainz-05/kader/verein/39/saison_id/2026/plus/1,a0ac0e0c9eb47a3776e4e43c8257aa032114b35240aadb843dc1c757a5313de7,280303,258715,1376259
GER1,2026/27,2026-09-12,1. FSV Mainz 05,39,Phillip Tietz,288340,1997-07-09,9,FIRST,2026-01-02,2028-06-30,,,CONFIRMED,https://www.transfermarkt.de/1-fsv-mainz-05/kader/verein/39/saison_id/2026/plus/1,a0ac0e0c9eb47a3776e4e43c8257aa032114b35240aadb843dc1c757a5313de7,279698,233216,1376259
GER1,2026/27,2026-09-12,1. FC Union Berlin,89,Frederik Rönnow,107775,1992-08-04,1,FIRST,2021-07-20,,,,CONFIRMED,https://www.transfermarkt.de/1-fc-union-berlin/kader/verein/89/saison_id/2026/plus/1,09ae9c47f64c54ef97da615c30d6aa9ae9d953e1a3e18c00b87ea902f5a73e34,277755,201269,1376348
GER1,2026/27,2026-09-12,1. FC Union Berlin,89,Leopold Querfeld,597432,2003-12-20,14,FIRST,2024-07-01,2027-06-30,,,CONFIRMED,https://www.transfermarkt.de/1-fc-union-berlin/kader/verein/89/saison_id/2026/plus/1,09ae9c47f64c54ef97da615c30d6aa9ae9d953e1a3e18c00b87ea902f5a73e34,277766,265576,1376348
GER1,2026/27,2026-09-12,1. FC Union Berlin,89,Felix Uduokhai,278343,1997-09-09,2,FIRST,2026-08-27,,,,CONFIRMED,https://www.transfermarkt.de/1-fc-union-berlin/kader/verein/89/saison_id/2026/plus/1,09ae9c47f64c54ef97da615c30d6aa9ae9d953e1a3e18c00b87ea902f5a73e34,199885,232144,1376348
GER1,2026/27,2026-09-12,1. FC Union Berlin,89,Tom Rothe,798043,2004-10-29,15,FIRST,2024-08-07,,,,CONFIRMED,https://www.transfermarkt.de/1-fc-union-berlin/kader/verein/89/saison_id/2026/plus/1,09ae9c47f64c54ef97da615c30d6aa9ae9d953e1a3e18c00b87ea902f5a73e34,277770,268116,1376348
GER1,2026/27,2026-09-12,1. FC Union Berlin,89,Derrick Köhn,391780,1999-02-04,39,FIRST,2025-08-19,2029-06-30,,,CONFIRMED,https://www.transfermarkt.de/1-fc-union-berlin/kader/verein/89/saison_id/2026/plus/1,09ae9c47f64c54ef97da615c30d6aa9ae9d953e1a3e18c00b87ea902f5a73e34,277762,250941,1376348
GER1,2026/27,2026-09-12,1. FC Union Berlin,89,Aljoscha Kemlein,692737,2004-08-02,6,FIRST,2023-07-01,2029-06-30,,,CONFIRMED,https://www.transfermarkt.de/1-fc-union-berlin/kader/verein/89/saison_id/2026/plus/1,09ae9c47f64c54ef97da615c30d6aa9ae9d953e1a3e18c00b87ea902f5a73e34,277773,271659,1376348
GER1,2026/27,2026-09-12,1. FC Union Berlin,89,Rani Khedira,124410,1994-01-27,8,FIRST,2021-07-01,2027-06-30,,,CONFIRMED,https://www.transfermarkt.de/1-fc-union-berlin/kader/verein/89/saison_id/2026/plus/1,09ae9c47f64c54ef97da615c30d6aa9ae9d953e1a3e18c00b87ea902f5a73e34,277760,211999,1376348
GER1,2026/27,2026-09-12,1. FC Union Berlin,89,András Schäfer,454863,1999-04-13,13,FIRST,2022-01-21,2027-06-30,,,CONFIRMED,https://www.transfermarkt.de/1-fc-union-berlin/kader/verein/89/saison_id/2026/plus/1,09ae9c47f64c54ef97da615c30d6aa9ae9d953e1a3e18c00b87ea902f5a73e34,277765,247026,1376348
GER1,2026/27,2026-09-12,1. FC Union Berlin,89,Janik Haberer,177779,1994-04-02,19,FIRST,2022-07-01,2027-06-30,,,CONFIRMED,https://www.transfermarkt.de/1-fc-union-berlin/kader/verein/89/saison_id/2026/plus/1,09ae9c47f64c54ef97da615c30d6aa9ae9d953e1a3e18c00b87ea902f5a73e34,277764,211879,1376348
GER1,2026/27,2026-09-12,1. FC Union Berlin,89,Woo-yeong Jeong,297583,1999-09-20,11,FIRST,2025-07-01,,,,CONFIRMED,https://www.transfermarkt.de/1-fc-union-berlin/kader/verein/89/saison_id/2026/plus/1,09ae9c47f64c54ef97da615c30d6aa9ae9d953e1a3e18c00b87ea902f5a73e34,277763,239138,1376348
GER1,2026/27,2026-09-12,1. FC Union Berlin,89,Linus Güther,1378338,2010-04-08,49,FIRST,2026-07-01,2028-06-30,,,CONFIRMED,https://www.transfermarkt.de/1-fc-union-berlin/kader/verein/89/saison_id/2026/plus/1,09ae9c47f64c54ef97da615c30d6aa9ae9d953e1a3e18c00b87ea902f5a73e34,290041,0,1376348
GER1,2026/27,2026-09-12,1. FC Union Berlin,89,Andrej Ilic,583699,2000-04-03,23,FIRST,2025-07-01,,,,CONFIRMED,https://www.transfermarkt.de/1-fc-union-berlin/kader/verein/89/saison_id/2026/plus/1,09ae9c47f64c54ef97da615c30d6aa9ae9d953e1a3e18c00b87ea902f5a73e34,277768,277799,1376348
GER1,2026/27,2026-09-12,1. FC Union Berlin,89,Oliver Burke,341317,1997-04-07,7,FIRST,2025-07-01,2029-06-30,,,CONFIRMED,https://www.transfermarkt.de/1-fc-union-berlin/kader/verein/89/saison_id/2026/plus/1,09ae9c47f64c54ef97da615c30d6aa9ae9d953e1a3e18c00b87ea902f5a73e34,277775,225632,1376348
GER1,2026/27,2026-09-12,1. FC Union Berlin,89,Marin Ljubicic,838236,2002-02-28,27,FIRST,2025-02-02,,,,CONFIRMED,https://www.transfermarkt.de/1-fc-union-berlin/kader/verein/89/saison_id/2026/plus/1,09ae9c47f64c54ef97da615c30d6aa9ae9d953e1a3e18c00b87ea902f5a73e34,277776,262587,1376348
GER1,2026/27,2026-09-12,Borussia Mönchengladbach,18,Moritz Nicolas,284270,1997-10-21,1,FIRST,2016-07-01,2029-06-30,,,CONFIRMED,https://www.transfermarkt.de/borussia-monchengladbach/kader/verein/18/saison_id/2026/plus/1,93aeb3d082cba6ceafd5d994cd6c62a394304bd2c6b1a3d5db6e9a807ca2f1d1,279831,235018,1376263
GER1,2026/27,2026-09-12,Borussia Mönchengladbach,18,Daniel Batz,90317,1991-01-12,33,FIRST,2026-07-01,2029-06-30,,,CONFIRMED,https://www.transfermarkt.de/borussia-monchengladbach/kader/verein/18/saison_id/2026/plus/1,93aeb3d082cba6ceafd5d994cd6c62a394304bd2c6b1a3d5db6e9a807ca2f1d1,280319,199803,1376263
GER1,2026/27,2026-09-12,Borussia Mönchengladbach,18,Ko Itakura,355816,1997-01-27,6,FIRST,2026-08-20,2030-06-30,,,CONFIRMED,https://www.transfermarkt.de/borussia-monchengladbach/kader/verein/18/saison_id/2026/plus/1,93aeb3d082cba6ceafd5d994cd6c62a394304bd2c6b1a3d5db6e9a807ca2f1d1,295665,233152,1376263
GER1,2026/27,2026-09-12,Borussia Mönchengladbach,18,Kevin Diks,335209,1996-10-06,4,FIRST,2025-07-01,2030-06-30,,,CONFIRMED,https://www.transfermarkt.de/borussia-monchengladbach/kader/verein/18/saison_id/2026/plus/1,93aeb3d082cba6ceafd5d994cd6c62a394304bd2c6b1a3d5db6e9a807ca2f1d1,279836,224841,1376263
GER1,2026/27,2026-09-12,Borussia Mönchengladbach,18,Fabio Chiarodia,724104,2005-06-05,2,FIRST,2023-07-01,2028-06-30,,,CONFIRMED,https://www.transfermarkt.de/borussia-monchengladbach/kader/verein/18/saison_id/2026/plus/1,93aeb3d082cba6ceafd5d994cd6c62a394304bd2c6b1a3d5db6e9a807ca2f1d1,279848,264763,1376263
GER1,2026/27,2026-09-12,Borussia Mönchengladbach,18,Jan Leszczyński,1118874,2007-04-12,5,FIRST,2026-07-01,2030-06-30,,,CONFIRMED,https://www.transfermarkt.de/borussia-monchengladbach/kader/verein/18/saison_id/2026/plus/1,93aeb3d082cba6ceafd5d994cd6c62a394304bd2c6b1a3d5db6e9a807ca2f1d1,148369,0,1376263
GER1,2026/27,2026-09-12,Borussia Mönchengladbach,18,Lukas Ullrich,787151,2004-03-16,26,FIRST,2023-07-01,2029-06-30,,,CONFIRMED,https://www.transfermarkt.de/borussia-monchengladbach/kader/verein/18/saison_id/2026/plus/1,93aeb3d082cba6ceafd5d994cd6c62a394304bd2c6b1a3d5db6e9a807ca2f1d1,279846,271119,1376263
GER1,2026/27,2026-09-12,Borussia Mönchengladbach,18,David Herold,604358,2003-02-20,20,FIRST,2026-07-01,2030-06-30,,,CONFIRMED,https://www.transfermarkt.de/borussia-monchengladbach/kader/verein/18/saison_id/2026/plus/1,93aeb3d082cba6ceafd5d994cd6c62a394304bd2c6b1a3d5db6e9a807ca2f1d1,276186,274093,1376263
GER1,2026/27,2026-09-12,Borussia Mönchengladbach,18,Joe Scally,504153,2002-12-31,29,FIRST,2021-01-01,2027-06-30,,,CONFIRMED,https://www.transfermarkt.de/borussia-monchengladbach/kader/verein/18/saison_id/2026/plus/1,93aeb3d082cba6ceafd5d994cd6c62a394304bd2c6b1a3d5db6e9a807ca2f1d1,279842,243133,1376263
GER1,2026/27,2026-09-12,Borussia Mönchengladbach,18,Yukhym Konoplya,467250,1999-08-26,22,FIRST,2026-07-01,2029-06-30,,,CONFIRMED,https://www.transfermarkt.de/borussia-monchengladbach/kader/verein/18/saison_id/2026/plus/1,93aeb3d082cba6ceafd5d994cd6c62a394304bd2c6b1a3d5db6e9a807ca2f1d1,205505,263804,1376263
GER1,2026/27,2026-09-12,Borussia Mönchengladbach,18,Philipp Sander,388409,1998-02-21,16,FIRST,2024-07-01,2028-06-30,,,CONFIRMED,https://www.transfermarkt.de/borussia-monchengladbach/kader/verein/18/saison_id/2026/plus/1,93aeb3d082cba6ceafd5d994cd6c62a394304bd2c6b1a3d5db6e9a807ca2f1d1,279838,243354,1376263
GER1,2026/27,2026-09-12,Borussia Mönchengladbach,18,Zento Uno,957526,2003-11-20,47,FIRST,2026-07-01,2030-06-30,,,CONFIRMED,https://www.transfermarkt.de/borussia-monchengladbach/kader/verein/18/saison_id/2026/plus/1,93aeb3d082cba6ceafd5d994cd6c62a394304bd2c6b1a3d5db6e9a807ca2f1d1,58097,0,1376263
GER1,2026/27,2026-09-12,Borussia Mönchengladbach,18,Jens Castrop,613192,2003-07-29,17,FIRST,2025-07-01,2029-06-30,,,CONFIRMED,https://www.transfermarkt.de/borussia-monchengladbach/kader/verein/18/saison_id/2026/plus/1,93aeb3d082cba6ceafd5d994cd6c62a394304bd2c6b1a3d5db6e9a807ca2f1d1,279844,264194,1376263
GER1,2026/27,2026-09-12,Borussia Mönchengladbach,18,Enzo Leopold,383362,2000-07-23,8,FIRST,2026-07-01,2030-06-30,,,CONFIRMED,https://www.transfermarkt.de/borussia-monchengladbach/kader/verein/18/saison_id/2026/plus/1,93aeb3d082cba6ceafd5d994cd6c62a394304bd2c6b1a3d5db6e9a807ca2f1d1,275744,262669,1376263
GER1,2026/27,2026-09-12,Borussia Mönchengladbach,18,Florian Neuhaus,278332,1997-03-16,10,FIRST,2017-07-01,2027-06-30,,,CONFIRMED,https://www.transfermarkt.de/borussia-monchengladbach/kader/verein/18/saison_id/2026/plus/1,93aeb3d082cba6ceafd5d994cd6c62a394304bd2c6b1a3d5db6e9a807ca2f1d1,279834,234943,1376263
GER1,2026/27,2026-09-12,Borussia Mönchengladbach,18,Mathieu Nguefack,1070980,2008-05-14,34,FIRST,2026-08-09,2029-06-30,,,CONFIRMED,https://www.transfermarkt.de/borussia-monchengladbach/kader/verein/18/saison_id/2026/plus/1,93aeb3d082cba6ceafd5d994cd6c62a394304bd2c6b1a3d5db6e9a807ca2f1d1,292095,0,1376263
GER1,2026/27,2026-09-12,Borussia Mönchengladbach,18,Kevin Stöger,106872,1993-08-27,7,FIRST,2024-07-01,2027-06-30,,,CONFIRMED,https://www.transfermarkt.de/borussia-monchengladbach/kader/verein/18/saison_id/2026/plus/1,93aeb3d082cba6ceafd5d994cd6c62a394304bd2c6b1a3d5db6e9a807ca2f1d1,279827,204497,1376263
GER1,2026/27,2026-09-12,Borussia Mönchengladbach,18,Fritz Fleck,1067439,2007-05-30,27,FIRST,2026-08-09,2028-06-30,,,CONFIRMED,https://www.transfermarkt.de/borussia-monchengladbach/kader/verein/18/saison_id/2026/plus/1,93aeb3d082cba6ceafd5d994cd6c62a394304bd2c6b1a3d5db6e9a807ca2f1d1,292080,0,1376263
GER1,2026/27,2026-09-12,Borussia Mönchengladbach,18,Robin Hack,284010,1998-08-27,25,FIRST,2023-07-01,2029-06-30,,,CONFIRMED,https://www.transfermarkt.de/borussia-monchengladbach/kader/verein/18/saison_id/2026/plus/1,93aeb3d082cba6ceafd5d994cd6c62a394304bd2c6b1a3d5db6e9a807ca2f1d1,279830,239367,1376263
GER1,2026/27,2026-09-12,Borussia Mönchengladbach,18,Hugo Bolin,667251,2003-07-24,38,FIRST,2026-07-01,2030-06-30,,,CONFIRMED,https://www.transfermarkt.de/borussia-monchengladbach/kader/verein/18/saison_id/2026/plus/1,93aeb3d082cba6ceafd5d994cd6c62a394304bd2c6b1a3d5db6e9a807ca2f1d1,187734,272931,1376263
GER1,2026/27,2026-09-12,Borussia Mönchengladbach,18,Franck Honorat,229006,1996-08-11,9,FIRST,2023-07-11,2029-06-30,,,CONFIRMED,https://www.transfermarkt.de/borussia-monchengladbach/kader/verein/18/saison_id/2026/plus/1,93aeb3d082cba6ceafd5d994cd6c62a394304bd2c6b1a3d5db6e9a807ca2f1d1,279828,220876,1376263
GER1,2026/27,2026-09-12,Borussia Mönchengladbach,18,Tim Kleindienst,193033,1995-08-31,11,FIRST,2024-07-01,2029-06-30,,,CONFIRMED,https://www.transfermarkt.de/borussia-monchengladbach/kader/verein/18/saison_id/2026/plus/1,93aeb3d082cba6ceafd5d994cd6c62a394304bd2c6b1a3d5db6e9a807ca2f1d1,279826,214096,1376263
GER1,2026/27,2026-09-12,Borussia Mönchengladbach,18,Isac Lidberg,322073,1998-09-08,3,FIRST,2026-07-01,2030-06-30,,,CONFIRMED,https://www.transfermarkt.de/borussia-monchengladbach/kader/verein/18/saison_id/2026/plus/1,93aeb3d082cba6ceafd5d994cd6c62a394304bd2c6b1a3d5db6e9a807ca2f1d1,275506,228859,1376263
GER1,2026/27,2026-09-12,Borussia Mönchengladbach,18,Shuto Machino,550580,1999-09-30,18,FIRST,2025-07-26,2029-06-30,,,CONFIRMED,https://www.transfermarkt.de/borussia-monchengladbach/kader/verein/18/saison_id/2026/plus/1,93aeb3d082cba6ceafd5d994cd6c62a394304bd2c6b1a3d5db6e9a807ca2f1d1,279840,245622,1376263
GER1,2026/27,2026-09-12,Borussia Mönchengladbach,18,Iaia Manco Danfa,1211929,2007-04-06,39,FIRST,2026-08-09,2028-06-30,,,CONFIRMED,https://www.transfermarkt.de/borussia-monchengladbach/kader/verein/18/saison_id/2026/plus/1,93aeb3d082cba6ceafd5d994cd6c62a394304bd2c6b1a3d5db6e9a807ca2f1d1,292081,0,1376263
GER1,2026/27,2026-09-12,Hamburger SV,41,Sander Tangvik,549378,2002-11-29,12,FIRST,2026-01-22,2030-06-30,,,CONFIRMED,https://www.transfermarkt.de/hamburger-sv/kader/verein/41/saison_id/2026/plus/1,b64691692e6ee125bc166e1e2f2766b5b1648b8f0d8bf0281ff1575f23bed386,142424,257568,1376267
GER1,2026/27,2026-09-12,Hamburger SV,41,Daniel Heuer Fernandes,84993,1992-11-13,1,FIRST,2019-07-01,2028-06-30,,,CONFIRMED,https://www.transfermarkt.de/hamburger-sv/kader/verein/41/saison_id/2026/plus/1,b64691692e6ee125bc166e1e2f2766b5b1648b8f0d8bf0281ff1575f23bed386,275622,212197,1376267
GER1,2026/27,2026-09-12,Hamburger SV,41,Fernando Dickes,1048715,2007-10-13,41,FIRST,2025-07-01,2028-06-30,,,CONFIRMED,https://www.transfermarkt.de/hamburger-sv/kader/verein/41/saison_id/2026/plus/1,b64691692e6ee125bc166e1e2f2766b5b1648b8f0d8bf0281ff1575f23bed386,275656,77589,1376267
GER1,2026/27,2026-09-12,Hamburger SV,41,Nicolás Capaldo,649672,1998-09-14,24,FIRST,2025-07-10,2028-06-30,,,CONFIRMED,https://www.transfermarkt.de/hamburger-sv/kader/verein/41/saison_id/2026/plus/1,b64691692e6ee125bc166e1e2f2766b5b1648b8f0d8bf0281ff1575f23bed386,275624,246885,1376267
GER1,2026/27,2026-09-12,Hamburger SV,41,Jordan Torunarigha,227110,1997-08-07,23,FIRST,2025-07-01,2028-06-30,,,CONFIRMED,https://www.transfermarkt.de/hamburger-sv/kader/verein/41/saison_id/2026/plus/1,b64691692e6ee125bc166e1e2f2766b5b1648b8f0d8bf0281ff1575f23bed386,275635,236947,1376267
GER1,2026/27,2026-09-12,Hamburger SV,41,Shafiq Nandja,1125079,2007-01-15,43,FIRST,2026-07-01,2030-06-30,,,CONFIRMED,https://www.transfermarkt.de/hamburger-sv/kader/verein/41/saison_id/2026/plus/1,b64691692e6ee125bc166e1e2f2766b5b1648b8f0d8bf0281ff1575f23bed386,287863,0,1376267
GER1,2026/27,2026-09-12,Hamburger SV,41,Miro Muheim,298603,1998-03-24,28,FIRST,2022-07-01,2027-06-30,,,CONFIRMED,https://www.transfermarkt.de/hamburger-sv/kader/verein/41/saison_id/2026/plus/1,b64691692e6ee125bc166e1e2f2766b5b1648b8f0d8bf0281ff1575f23bed386,275623,232839,1376267
GER1,2026/27,2026-09-12,Hamburger SV,41,Zakaria El Ouahdi,820474,2001-12-31,7,FIRST,2026-09-01,2031-06-30,,,CONFIRMED,https://www.transfermarkt.de/hamburger-sv/kader/verein/41/saison_id/2026/plus/1,b64691692e6ee125bc166e1e2f2766b5b1648b8f0d8bf0281ff1575f23bed386,235142,275353,1376267
GER1,2026/27,2026-09-12,Hamburger SV,41,Nicolai Remberg,592534,2000-06-19,21,FIRST,2025-07-01,2028-06-30,,,CONFIRMED,https://www.transfermarkt.de/hamburger-sv/kader/verein/41/saison_id/2026/plus/1,b64691692e6ee125bc166e1e2f2766b5b1648b8f0d8bf0281ff1575f23bed386,275627,276119,1376267
GER1,2026/27,2026-09-12,Hamburger SV,41,Kofi Amoako,814950,2005-05-06,22,FIRST,2026-07-01,2030-06-30,,,CONFIRMED,https://www.transfermarkt.de/hamburger-sv/kader/verein/41/saison_id/2026/plus/1,b64691692e6ee125bc166e1e2f2766b5b1648b8f0d8bf0281ff1575f23bed386,274798,279490,1376267
GER1,2026/27,2026-09-12,Hamburger SV,41,Albert Sambi Lokonga,381967,1999-10-22,6,FIRST,2025-09-01,2028-06-30,,,CONFIRMED,https://www.transfermarkt.de/hamburger-sv/kader/verein/41/saison_id/2026/plus/1,b64691692e6ee125bc166e1e2f2766b5b1648b8f0d8bf0281ff1575f23bed386,275620,241928,1376267
GER1,2026/27,2026-09-12,Hamburger SV,41,Bilal Nadir,659520,2003-11-28,4,FIRST,2026-07-24,2029-06-30,,,CONFIRMED,https://www.transfermarkt.de/hamburger-sv/kader/verein/41/saison_id/2026/plus/1,b64691692e6ee125bc166e1e2f2766b5b1648b8f0d8bf0281ff1575f23bed386,283987,263602,1376267
GER1,2026/27,2026-09-12,Hamburger SV,41,Bakery Jatta,415194,1998-06-06,18,FIRST,2016-07-01,2029-06-30,,,CONFIRMED,https://www.transfermarkt.de/hamburger-sv/kader/verein/41/saison_id/2026/plus/1,b64691692e6ee125bc166e1e2f2766b5b1648b8f0d8bf0281ff1575f23bed386,275644,234640,1376267
GER1,2026/27,2026-09-12,Hamburger SV,41,Martin Adeline,814976,2003-12-02,5,FIRST,2026-07-13,2030-06-30,,,CONFIRMED,https://www.transfermarkt.de/hamburger-sv/kader/verein/41/saison_id/2026/plus/1,b64691692e6ee125bc166e1e2f2766b5b1648b8f0d8bf0281ff1575f23bed386,280048,266272,1376267
GER1,2026/27,2026-09-12,Hamburger SV,41,Immanuel Pherai,412935,2001-04-25,10,FIRST,2023-07-01,2027-06-30,,,CONFIRMED,https://www.transfermarkt.de/hamburger-sv/kader/verein/41/saison_id/2026/plus/1,b64691692e6ee125bc166e1e2f2766b5b1648b8f0d8bf0281ff1575f23bed386,275637,243904,1376267
GER1,2026/27,2026-09-12,Hamburger SV,41,Alexander Røssing-Lelesiit,1213681,2007-01-20,38,FIRST,2025-02-03,2030-06-30,,,CONFIRMED,https://www.transfermarkt.de/hamburger-sv/kader/verein/41/saison_id/2026/plus/1,b64691692e6ee125bc166e1e2f2766b5b1648b8f0d8bf0281ff1575f23bed386,275648,72319,1376267
GER1,2026/27,2026-09-12,Hamburger SV,41,Terem Moffi,538874,1999-05-25,9,FIRST,2026-08-24,2029-06-30,,,CONFIRMED,https://www.transfermarkt.de/hamburger-sv/kader/verein/41/saison_id/2026/plus/1,b64691692e6ee125bc166e1e2f2766b5b1648b8f0d8bf0281ff1575f23bed386,285276,255000,1376267
GER1,2026/27,2026-09-12,Hamburger SV,41,Patson Daka,365172,1998-10-09,27,FIRST,2026-07-22,2027-06-30,,,CONFIRMED,https://www.transfermarkt.de/hamburger-sv/kader/verein/41/saison_id/2026/plus/1,b64691692e6ee125bc166e1e2f2766b5b1648b8f0d8bf0281ff1575f23bed386,23994,241202,1376267
GER1,2026/27,2026-09-12,Hamburger SV,41,Yussuf Poulsen,157635,1994-06-15,15,FIRST,2025-07-13,2027-06-30,,,CONFIRMED,https://www.transfermarkt.de/hamburger-sv/kader/verein/41/saison_id/2026/plus/1,b64691692e6ee125bc166e1e2f2766b5b1648b8f0d8bf0281ff1575f23bed386,275621,207791,1376267
GER1,2026/27,2026-09-12,1. FC Köln,3,Marvin Schwäbe,160929,1995-04-25,1,FIRST,2021-07-01,2027-06-30,,,CONFIRMED,https://www.transfermarkt.de/1-fc-koln/kader/verein/3/saison_id/2026/plus/1,12a14d27346ee235b404e134f85a38d7a6bdd54c78b986e25f49d9688db94c53,277507,224041,1376275
GER1,2026/27,2026-09-12,1. FC Köln,3,Ron-Robert Zieler,21327,1989-02-12,20,FIRST,2025-07-07,2027-06-30,,,CONFIRMED,https://www.transfermarkt.de/1-fc-koln/kader/verein/3/saison_id/2026/plus/1,12a14d27346ee235b404e134f85a38d7a6bdd54c78b986e25f49d9688db94c53,277513,186148,1376275
GER1,2026/27,2026-09-12,1. FC Köln,3,Matthias Köbbing,227089,1997-05-28,44,FIRST,2022-01-01,2027-06-30,,,CONFIRMED,https://www.transfermarkt.de/1-fc-koln/kader/verein/3/saison_id/2026/plus/1,12a14d27346ee235b404e134f85a38d7a6bdd54c78b986e25f49d9688db94c53,277550,239510,1376275
GER1,2026/27,2026-09-12,1. FC Köln,3,Martin James,1077676,2008-02-14,21,FIRST,2026-07-24,2029-06-30,,,CONFIRMED,https://www.transfermarkt.de/1-fc-koln/kader/verein/3/saison_id/2026/plus/1,12a14d27346ee235b404e134f85a38d7a6bdd54c78b986e25f49d9688db94c53,295905,257340,1376275
GER1,2026/27,2026-09-12,1. FC Köln,3,Rav van den Berg,640556,2004-07-07,33,FIRST,2025-08-13,2030-06-30,,,CONFIRMED,https://www.transfermarkt.de/1-fc-koln/kader/verein/3/saison_id/2026/plus/1,12a14d27346ee235b404e134f85a38d7a6bdd54c78b986e25f49d9688db94c53,277517,259442,1376275
GER1,2026/27,2026-09-12,1. FC Köln,3,Joël Schmied,322517,1998-09-23,2,FIRST,2025-01-13,2029-06-30,,,CONFIRMED,https://www.transfermarkt.de/1-fc-koln/kader/verein/3/saison_id/2026/plus/1,12a14d27346ee235b404e134f85a38d7a6bdd54c78b986e25f49d9688db94c53,277526,258412,1376275
GER1,2026/27,2026-09-12,1. FC Köln,3,Luka Lochoshvili,345189,1998-05-29,24,FIRST,2026-07-02,2029-06-30,,,CONFIRMED,https://www.transfermarkt.de/1-fc-koln/kader/verein/3/saison_id/2026/plus/1,12a14d27346ee235b404e134f85a38d7a6bdd54c78b986e25f49d9688db94c53,274304,258464,1376275
GER1,2026/27,2026-09-12,1. FC Köln,3,Timo Hübers,236981,1996-07-20,4,FIRST,2021-07-01,2027-06-30,,,CONFIRMED,https://www.transfermarkt.de/1-fc-koln/kader/verein/3/saison_id/2026/plus/1,12a14d27346ee235b404e134f85a38d7a6bdd54c78b986e25f49d9688db94c53,277511,234727,1376275
GER1,2026/27,2026-09-12,1. FC Köln,3,Gideon Mensah,397171,1998-07-18,14,FIRST,2026-07-11,2028-06-30,,,CONFIRMED,https://www.transfermarkt.de/1-fc-koln/kader/verein/3/saison_id/2026/plus/1,12a14d27346ee235b404e134f85a38d7a6bdd54c78b986e25f49d9688db94c53,291273,247124,1376275
GER1,2026/27,2026-09-12,1. FC Köln,3,Sebastian Sebulonsen,592387,2000-01-27,28,FIRST,2025-07-18,2028-06-30,,,CONFIRMED,https://www.transfermarkt.de/1-fc-koln/kader/verein/3/saison_id/2026/plus/1,12a14d27346ee235b404e134f85a38d7a6bdd54c78b986e25f49d9688db94c53,277516,254638,1376275
GER1,2026/27,2026-09-12,1. FC Köln,3,Alessio Castro-Montes,340166,1997-05-17,17,FIRST,2025-09-01,2028-06-30,,,CONFIRMED,https://www.transfermarkt.de/1-fc-koln/kader/verein/3/saison_id/2026/plus/1,12a14d27346ee235b404e134f85a38d7a6bdd54c78b986e25f49d9688db94c53,277525,233965,1376275
GER1,2026/27,2026-09-12,1. FC Köln,3,Ellyes Skhiri,290587,1995-05-10,6,FIRST,2026-08-21,2028-06-30,,,CONFIRMED,https://www.transfermarkt.de/1-fc-koln/kader/verein/3/saison_id/2026/plus/1,12a14d27346ee235b404e134f85a38d7a6bdd54c78b986e25f49d9688db94c53,277143,225126,1376275
GER1,2026/27,2026-09-12,1. FC Köln,3,Paul Okon-Engstler,1064377,2005-01-24,23,FIRST,2026-07-23,2030-06-30,,,CONFIRMED,https://www.transfermarkt.de/1-fc-koln/kader/verein/3/saison_id/2026/plus/1,12a14d27346ee235b404e134f85a38d7a6bdd54c78b986e25f49d9688db94c53,88227,80236,1376275
GER1,2026/27,2026-09-12,1. FC Köln,3,Ísak Jóhannesson,579565,2003-03-23,8,FIRST,2025-07-01,2030-06-30,,,CONFIRMED,https://www.transfermarkt.de/1-fc-koln/kader/verein/3/saison_id/2026/plus/1,12a14d27346ee235b404e134f85a38d7a6bdd54c78b986e25f49d9688db94c53,277509,246814,1376275
GER1,2026/27,2026-09-12,1. FC Köln,3,Gil Neves,1073474,2008-02-09,31,FIRST,2026-08-07,2029-06-30,,,CONFIRMED,https://www.transfermarkt.de/1-fc-koln/kader/verein/3/saison_id/2026/plus/1,12a14d27346ee235b404e134f85a38d7a6bdd54c78b986e25f49d9688db94c53,288186,0,1376275
GER1,2026/27,2026-09-12,1. FC Köln,3,Said El Mala,1168219,2006-08-26,10,FIRST,2024-07-01,2031-06-30,,,CONFIRMED,https://www.transfermarkt.de/1-fc-koln/kader/verein/3/saison_id/2026/plus/1,12a14d27346ee235b404e134f85a38d7a6bdd54c78b986e25f49d9688db94c53,277521,71178,1376275
GER1,2026/27,2026-09-12,1. FC Köln,3,Reigan Heskey,1056437,2008-01-19,11,FIRST,2026-07-17,2031-06-30,,,CONFIRMED,https://www.transfermarkt.de/1-fc-koln/kader/verein/3/saison_id/2026/plus/1,12a14d27346ee235b404e134f85a38d7a6bdd54c78b986e25f49d9688db94c53,274821,0,1376275
GER1,2026/27,2026-09-12,1. FC Köln,3,Marius Bülter,116088,1993-03-29,30,FIRST,2025-07-31,2027-06-30,,,CONFIRMED,https://www.transfermarkt.de/1-fc-koln/kader/verein/3/saison_id/2026/plus/1,12a14d27346ee235b404e134f85a38d7a6bdd54c78b986e25f49d9688db94c53,277508,244390,1376275
GER1,2026/27,2026-09-12,1. FC Köln,3,Jan Thielmann,472249,2002-05-26,29,FIRST,2020-01-17,2028-06-30,,,CONFIRMED,https://www.transfermarkt.de/1-fc-koln/kader/verein/3/saison_id/2026/plus/1,12a14d27346ee235b404e134f85a38d7a6bdd54c78b986e25f49d9688db94c53,277519,254660,1376275
GER1,2026/27,2026-09-12,1. FC Köln,3,Linton Maina,335103,1999-06-23,37,FIRST,2022-07-01,,,,CONFIRMED,https://www.transfermarkt.de/1-fc-koln/kader/verein/3/saison_id/2026/plus/1,12a14d27346ee235b404e134f85a38d7a6bdd54c78b986e25f49d9688db94c53,277613,242997,1376275
GER1,2026/27,2026-09-12,1. FC Köln,3,Ragnar Ache,416380,1998-07-28,9,FIRST,2025-07-01,2029-06-30,,,CONFIRMED,https://www.transfermarkt.de/1-fc-koln/kader/verein/3/saison_id/2026/plus/1,12a14d27346ee235b404e134f85a38d7a6bdd54c78b986e25f49d9688db94c53,277515,235360,1376275
GER1,2026/27,2026-09-12,1. FC Köln,3,Luca Waldschmidt,196095,1996-05-19,7,FIRST,2024-07-01,2027-06-30,,,CONFIRMED,https://www.transfermarkt.de/1-fc-koln/kader/verein/3/saison_id/2026/plus/1,12a14d27346ee235b404e134f85a38d7a6bdd54c78b986e25f49d9688db94c53,277528,220085,1376275
GER1,2026/27,2026-09-12,1. FC Köln,3,Malek El Mala,1168222,2005-04-02,19,FIRST,2024-07-01,2031-06-30,,,CONFIRMED,https://www.transfermarkt.de/1-fc-koln/kader/verein/3/saison_id/2026/plus/1,12a14d27346ee235b404e134f85a38d7a6bdd54c78b986e25f49d9688db94c53,277536,71177,1376275
GER1,2026/27,2026-09-12,SV Werder Bremen,86,Alexander Schlager,186374,1996-02-01,30,FIRST,2026-07-10,2029-06-30,,,CONFIRMED,https://www.transfermarkt.de/sv-werder-bremen/kader/verein/86/saison_id/2026/plus/1,0a7e36159d0c7ffd555ab7f3ffa226b0cf286e7a1a009e2dca794bd509bbd26e,264980,215522,1376271
GER1,2026/27,2026-09-12,SV Werder Bremen,86,Markus Kolke,99451,1990-08-18,25,FIRST,2024-07-01,,,,CONFIRMED,https://www.transfermarkt.de/sv-werder-bremen/kader/verein/86/saison_id/2026/plus/1,0a7e36159d0c7ffd555ab7f3ffa226b0cf286e7a1a009e2dca794bd509bbd26e,280807,211946,1376271
GER1,2026/27,2026-09-12,SV Werder Bremen,86,Marco Friedl,156990,1998-03-16,32,FIRST,2019-07-01,2028-06-30,,,CONFIRMED,https://www.transfermarkt.de/sv-werder-bremen/kader/verein/86/saison_id/2026/plus/1,0a7e36159d0c7ffd555ab7f3ffa226b0cf286e7a1a009e2dca794bd509bbd26e,280787,237595,1376271
GER1,2026/27,2026-09-12,SV Werder Bremen,86,Oskar Wójcik,821350,2003-07-21,3,FIRST,2026-07-09,2031-06-30,,,CONFIRMED,https://www.transfermarkt.de/sv-werder-bremen/kader/verein/86/saison_id/2026/plus/1,0a7e36159d0c7ffd555ab7f3ffa226b0cf286e7a1a009e2dca794bd509bbd26e,148462,270382,1376271
GER1,2026/27,2026-09-12,SV Werder Bremen,86,Amos Pieper,334221,1998-01-17,5,FIRST,2022-07-01,,,,CONFIRMED,https://www.transfermarkt.de/sv-werder-bremen/kader/verein/86/saison_id/2026/plus/1,0a7e36159d0c7ffd555ab7f3ffa226b0cf286e7a1a009e2dca794bd509bbd26e,280789,246836,1376271
GER1,2026/27,2026-09-12,SV Werder Bremen,86,Mick Schmetgens,1045986,2007-09-09,33,FIRST,2025-12-10,2029-06-30,,,CONFIRMED,https://www.transfermarkt.de/sv-werder-bremen/kader/verein/86/saison_id/2026/plus/1,0a7e36159d0c7ffd555ab7f3ffa226b0cf286e7a1a009e2dca794bd509bbd26e,280815,77127,1376271
GER1,2026/27,2026-09-12,SV Werder Bremen,86,Felix Agu,393512,1999-09-27,27,FIRST,2020-07-01,2027-06-30,,,CONFIRMED,https://www.transfermarkt.de/sv-werder-bremen/kader/verein/86/saison_id/2026/plus/1,0a7e36159d0c7ffd555ab7f3ffa226b0cf286e7a1a009e2dca794bd509bbd26e,280798,243350,1376271
GER1,2026/27,2026-09-12,SV Werder Bremen,86,Olivier Deman,621802,2000-04-06,2,FIRST,2023-08-31,2028-06-30,,,CONFIRMED,https://www.transfermarkt.de/sv-werder-bremen/kader/verein/86/saison_id/2026/plus/1,0a7e36159d0c7ffd555ab7f3ffa226b0cf286e7a1a009e2dca794bd509bbd26e,280802,247771,1376271
GER1,2026/27,2026-09-12,SV Werder Bremen,86,Mitchell Weiser,119211,1994-04-21,8,FIRST,2022-07-15,2027-06-30,,,CONFIRMED,https://www.transfermarkt.de/sv-werder-bremen/kader/verein/86/saison_id/2026/plus/1,0a7e36159d0c7ffd555ab7f3ffa226b0cf286e7a1a009e2dca794bd509bbd26e,280785,206591,1376271
GER1,2026/27,2026-09-12,SV Werder Bremen,86,Senne Lynen,338668,1999-02-19,14,FIRST,2023-08-08,2030-06-30,,,CONFIRMED,https://www.transfermarkt.de/sv-werder-bremen/kader/verein/86/saison_id/2026/plus/1,0a7e36159d0c7ffd555ab7f3ffa226b0cf286e7a1a009e2dca794bd509bbd26e,280788,261659,1376271
GER1,2026/27,2026-09-12,SV Werder Bremen,86,Skelly Alvero,855134,2002-05-04,28,FIRST,2024-07-01,2028-06-30,,,CONFIRMED,https://www.transfermarkt.de/sv-werder-bremen/kader/verein/86/saison_id/2026/plus/1,0a7e36159d0c7ffd555ab7f3ffa226b0cf286e7a1a009e2dca794bd509bbd26e,280801,271247,1376271
GER1,2026/27,2026-09-12,SV Werder Bremen,86,Jens Stage,289835,1996-11-08,6,FIRST,2022-07-01,2028-06-30,,,CONFIRMED,https://www.transfermarkt.de/sv-werder-bremen/kader/verein/86/saison_id/2026/plus/1,0a7e36159d0c7ffd555ab7f3ffa226b0cf286e7a1a009e2dca794bd509bbd26e,280784,232711,1376271
GER1,2026/27,2026-09-12,SV Werder Bremen,86,Ludovit Reis,490884,2000-06-01,15,FIRST,2026-08-14,2029-06-30,,,CONFIRMED,https://www.transfermarkt.de/sv-werder-bremen/kader/verein/86/saison_id/2026/plus/1,0a7e36159d0c7ffd555ab7f3ffa226b0cf286e7a1a009e2dca794bd509bbd26e,235050,240683,1376271
GER1,2026/27,2026-09-12,SV Werder Bremen,86,Chuki,926763,2004-04-29,20,FIRST,2026-07-01,2030-06-30,,,CONFIRMED,https://www.transfermarkt.de/sv-werder-bremen/kader/verein/86/saison_id/2026/plus/1,0a7e36159d0c7ffd555ab7f3ffa226b0cf286e7a1a009e2dca794bd509bbd26e,284360,271267,1376271
GER1,2026/27,2026-09-12,SV Werder Bremen,86,Marco Grüll,391766,1998-07-06,17,FIRST,2024-07-01,,,,CONFIRMED,https://www.transfermarkt.de/sv-werder-bremen/kader/verein/86/saison_id/2026/plus/1,0a7e36159d0c7ffd555ab7f3ffa226b0cf286e7a1a009e2dca794bd509bbd26e,280797,256548,1376271
GER1,2026/27,2026-09-12,SV Werder Bremen,86,Justin Njinmah,596153,2000-11-15,11,FIRST,2022-01-05,2028-06-30,,,CONFIRMED,https://www.transfermarkt.de/sv-werder-bremen/kader/verein/86/saison_id/2026/plus/1,0a7e36159d0c7ffd555ab7f3ffa226b0cf286e7a1a009e2dca794bd509bbd26e,280790,266183,1376271
GER1,2026/27,2026-09-12,SV Werder Bremen,86,Keke Topp,701757,2004-03-25,9,FIRST,2024-07-01,2028-06-30,,,CONFIRMED,https://www.transfermarkt.de/sv-werder-bremen/kader/verein/86/saison_id/2026/plus/1,0a7e36159d0c7ffd555ab7f3ffa226b0cf286e7a1a009e2dca794bd509bbd26e,280806,265749,1376271
GER1,2026/27,2026-09-12,SV Werder Bremen,86,Kenny Quetant,1178695,2006-07-17,19,FIRST,2026-07-01,2030-06-30,,,CONFIRMED,https://www.transfermarkt.de/sv-werder-bremen/kader/verein/86/saison_id/2026/plus/1,0a7e36159d0c7ffd555ab7f3ffa226b0cf286e7a1a009e2dca794bd509bbd26e,302487,0,1376271
GER1,2026/27,2026-09-12,SV Werder Bremen,86,Cedric Itten,243856,1996-12-27,26,FIRST,2026-07-01,2029-06-30,,,CONFIRMED,https://www.transfermarkt.de/sv-werder-bremen/kader/verein/86/saison_id/2026/plus/1,0a7e36159d0c7ffd555ab7f3ffa226b0cf286e7a1a009e2dca794bd509bbd26e,276697,233139,1376271
GER1,2026/27,2026-09-12,FC Schalke 04,33,Loris Karius,85864,1993-06-22,1,FIRST,2025-01-14,2028-06-30,,,CONFIRMED,https://www.transfermarkt.de/fc-schalke-04/kader/verein/33/saison_id/2026/plus/1,a9ed4724b397b1d2e983c42cd58b22eee88dad2e22e96a26bd8a21ee813c34b7,275040,203775,1376266
GER1,2026/27,2026-09-12,FC Schalke 04,33,Kevin Müller,43824,1991-03-15,22,FIRST,2026-07-08,,,,CONFIRMED,https://www.transfermarkt.de/fc-schalke-04/kader/verein/33/saison_id/2026/plus/1,a9ed4724b397b1d2e983c42cd58b22eee88dad2e22e96a26bd8a21ee813c34b7,281236,202873,1376266
GER1,2026/27,2026-09-12,FC Schalke 04,33,Johannes Siebeking,1047294,2006-03-02,36,FIRST,2025-07-01,2029-06-30,,,CONFIRMED,https://www.transfermarkt.de/fc-schalke-04/kader/verein/33/saison_id/2026/plus/1,a9ed4724b397b1d2e983c42cd58b22eee88dad2e22e96a26bd8a21ee813c34b7,275076,80780,1376266
GER1,2026/27,2026-09-12,FC Schalke 04,33,Mertcan Ayhan,969376,2006-09-08,43,FIRST,2025-07-01,2030-06-30,,,CONFIRMED,https://www.transfermarkt.de/fc-schalke-04/kader/verein/33/saison_id/2026/plus/1,a9ed4724b397b1d2e983c42cd58b22eee88dad2e22e96a26bd8a21ee813c34b7,275061,78537,1376266
GER1,2026/27,2026-09-12,FC Schalke 04,33,Hasan Kuruçay,292812,1997-08-31,4,FIRST,2025-07-29,2027-06-30,,,CONFIRMED,https://www.transfermarkt.de/fc-schalke-04/kader/verein/33/saison_id/2026/plus/1,a9ed4724b397b1d2e983c42cd58b22eee88dad2e22e96a26bd8a21ee813c34b7,275044,225487,1376266
GER1,2026/27,2026-09-12,FC Schalke 04,33,Nikola Katic,422051,1996-10-10,25,FIRST,2025-07-01,2028-06-30,,,CONFIRMED,https://www.transfermarkt.de/fc-schalke-04/kader/verein/33/saison_id/2026/plus/1,a9ed4724b397b1d2e983c42cd58b22eee88dad2e22e96a26bd8a21ee813c34b7,275043,244204,1376266
GER1,2026/27,2026-09-12,FC Schalke 04,33,Timo Becker,282349,1997-03-25,5,FIRST,2025-07-01,2029-06-30,,,CONFIRMED,https://www.transfermarkt.de/fc-schalke-04/kader/verein/33/saison_id/2026/plus/1,a9ed4724b397b1d2e983c42cd58b22eee88dad2e22e96a26bd8a21ee813c34b7,275045,254245,1376266
GER1,2026/27,2026-09-12,FC Schalke 04,33,Vitalie Becker,919703,2005-03-03,33,FIRST,2024-07-01,2030-06-30,,,CONFIRMED,https://www.transfermarkt.de/fc-schalke-04/kader/verein/33/saison_id/2026/plus/1,a9ed4724b397b1d2e983c42cd58b22eee88dad2e22e96a26bd8a21ee813c34b7,275055,72964,1376266
GER1,2026/27,2026-09-12,FC Schalke 04,33,Adrian Gantenbein,410870,2001-04-18,17,FIRST,2024-07-01,2028-06-30,,,CONFIRMED,https://www.transfermarkt.de/fc-schalke-04/kader/verein/33/saison_id/2026/plus/1,a9ed4724b397b1d2e983c42cd58b22eee88dad2e22e96a26bd8a21ee813c34b7,275050,269566,1376266
GER1,2026/27,2026-09-12,FC Schalke 04,33,Ron Schallenberg,332392,1998-10-06,6,FIRST,2023-07-01,2027-06-30,,,CONFIRMED,https://www.transfermarkt.de/fc-schalke-04/kader/verein/33/saison_id/2026/plus/1,a9ed4724b397b1d2e983c42cd58b22eee88dad2e22e96a26bd8a21ee813c34b7,275042,239099,1376266
GER1,2026/27,2026-09-12,FC Schalke 04,33,Satoshi Tanaka,665618,2002-08-13,13,FIRST,2026-07-01,2030-06-30,,,CONFIRMED,https://www.transfermarkt.de/fc-schalke-04/kader/verein/33/saison_id/2026/plus/1,a9ed4724b397b1d2e983c42cd58b22eee88dad2e22e96a26bd8a21ee813c34b7,54982,256753,1376266
GER1,2026/27,2026-09-12,FC Schalke 04,33,Luca Vozar,1162413,2007-05-06,38,FIRST,2026-07-01,2028-06-30,,,CONFIRMED,https://www.transfermarkt.de/fc-schalke-04/kader/verein/33/saison_id/2026/plus/1,a9ed4724b397b1d2e983c42cd58b22eee88dad2e22e96a26bd8a21ee813c34b7,275075,82154,1376266
GER1,2026/27,2026-09-12,FC Schalke 04,33,Soufiane El-Faouzi,697740,2002-07-13,23,FIRST,2025-07-01,2030-06-30,,,CONFIRMED,https://www.transfermarkt.de/fc-schalke-04/kader/verein/33/saison_id/2026/plus/1,a9ed4724b397b1d2e983c42cd58b22eee88dad2e22e96a26bd8a21ee813c34b7,275049,262936,1376266
GER1,2026/27,2026-09-12,FC Schalke 04,33,Janik Bachmann,327862,1996-05-06,14,FIRST,2024-07-01,2027-06-30,,,CONFIRMED,https://www.transfermarkt.de/fc-schalke-04/kader/verein/33/saison_id/2026/plus/1,a9ed4724b397b1d2e983c42cd58b22eee88dad2e22e96a26bd8a21ee813c34b7,275053,224094,1376266
GER1,2026/27,2026-09-12,FC Schalke 04,33,Finn Porath,241307,1997-02-23,27,FIRST,2025-08-21,2027-06-30,,,CONFIRMED,https://www.transfermarkt.de/fc-schalke-04/kader/verein/33/saison_id/2026/plus/1,a9ed4724b397b1d2e983c42cd58b22eee88dad2e22e96a26bd8a21ee813c34b7,275046,229472,1376266
GER1,2026/27,2026-09-12,FC Schalke 04,33,Kenan Karaman,119557,1994-03-05,19,FIRST,2022-09-01,2028-06-30,,,CONFIRMED,https://www.transfermarkt.de/fc-schalke-04/kader/verein/33/saison_id/2026/plus/1,a9ed4724b397b1d2e983c42cd58b22eee88dad2e22e96a26bd8a21ee813c34b7,275039,212240,1376266
GER1,2026/27,2026-09-12,FC Schalke 04,33,Moussa Sylla,460655,1999-11-25,9,FIRST,2024-07-02,2028-06-30,,,CONFIRMED,https://www.transfermarkt.de/fc-schalke-04/kader/verein/33/saison_id/2026/plus/1,a9ed4724b397b1d2e983c42cd58b22eee88dad2e22e96a26bd8a21ee813c34b7,275041,237708,1376266
GER1,2026/27,2026-09-12,FC Schalke 04,33,Junior Adamu,452477,2001-06-06,20,FIRST,2026-07-01,2029-06-30,,,CONFIRMED,https://www.transfermarkt.de/fc-schalke-04/kader/verein/33/saison_id/2026/plus/1,a9ed4724b397b1d2e983c42cd58b22eee88dad2e22e96a26bd8a21ee813c34b7,277869,257877,1376266
GER1,2026/27,2026-09-12,FC Schalke 04,33,Bryan Lasme,477109,1998-11-14,11,FIRST,2023-07-01,2027-06-30,,,CONFIRMED,https://www.transfermarkt.de/fc-schalke-04/kader/verein/33/saison_id/2026/plus/1,a9ed4724b397b1d2e983c42cd58b22eee88dad2e22e96a26bd8a21ee813c34b7,275057,237509,1376266
GER1,2026/27,2026-09-12,FC Schalke 04,33,Emil Højlund,802560,2005-01-04,15,FIRST,2024-07-16,2028-06-30,,,CONFIRMED,https://www.transfermarkt.de/fc-schalke-04/kader/verein/33/saison_id/2026/plus/1,a9ed4724b397b1d2e983c42cd58b22eee88dad2e22e96a26bd8a21ee813c34b7,275059,276979,1376266
GER1,2026/27,2026-09-12,SV Elversberg,64,Nicolas Kristof,349465,1999-12-20,20,FIRST,2021-07-01,2029-06-30,,,CONFIRMED,https://www.transfermarkt.de/sv-07-elversberg/kader/verein/64/saison_id/2026/plus/1,ac54bb8cfcfed8b072f1b208573d831ba987c384a94a38fe45024bff098be56e,276415,269301,1376432
GER1,2026/27,2026-09-12,SV Elversberg,64,Tim Boss,85534,1993-06-28,28,FIRST,2023-07-01,2027-06-30,,,CONFIRMED,https://www.transfermarkt.de/sv-07-elversberg/kader/verein/64/saison_id/2026/plus/1,ac54bb8cfcfed8b072f1b208573d831ba987c384a94a38fe45024bff098be56e,276434,238489,1376432
GER1,2026/27,2026-09-12,SV Elversberg,64,Frank Lehmann,44536,1989-04-29,1,FIRST,2017-07-01,2027-06-30,,,CONFIRMED,https://www.transfermarkt.de/sv-07-elversberg/kader/verein/64/saison_id/2026/plus/1,ac54bb8cfcfed8b072f1b208573d831ba987c384a94a38fe45024bff098be56e,276437,189917,1376432
GER1,2026/27,2026-09-12,SV Elversberg,64,Elias Etringer,1159486,2007-11-24,12,FIRST,2026-07-01,2029-06-30,,,CONFIRMED,https://www.transfermarkt.de/sv-07-elversberg/kader/verein/64/saison_id/2026/plus/1,ac54bb8cfcfed8b072f1b208573d831ba987c384a94a38fe45024bff098be56e,290135,0,1376432
GER1,2026/27,2026-09-12,SV Elversberg,64,Lukas Pinckert,448259,2000-01-22,19,FIRST,2022-07-22,2028-06-30,,,CONFIRMED,https://www.transfermarkt.de/sv-07-elversberg/kader/verein/64/saison_id/2026/plus/1,ac54bb8cfcfed8b072f1b208573d831ba987c384a94a38fe45024bff098be56e,276413,262591,1376432
GER1,2026/27,2026-09-12,SV Elversberg,64,Luca Sirch,521928,1999-06-14,26,FIRST,2026-07-21,2029-06-30,,,CONFIRMED,https://www.transfermarkt.de/sv-07-elversberg/kader/verein/64/saison_id/2026/plus/1,ac54bb8cfcfed8b072f1b208573d831ba987c384a94a38fe45024bff098be56e,276583,73135,1376432
GER1,2026/27,2026-09-12,SV Elversberg,64,Maximilian Rohr,440386,1995-06-27,31,FIRST,2024-08-05,2028-06-30,,,CONFIRMED,https://www.transfermarkt.de/sv-07-elversberg/kader/verein/64/saison_id/2026/plus/1,ac54bb8cfcfed8b072f1b208573d831ba987c384a94a38fe45024bff098be56e,276414,251320,1376432
GER1,2026/27,2026-09-12,SV Elversberg,64,Florian Le Joncour,352332,1995-02-03,3,FIRST,2024-02-01,2027-06-30,,,CONFIRMED,https://www.transfermarkt.de/sv-07-elversberg/kader/verein/64/saison_id/2026/plus/1,ac54bb8cfcfed8b072f1b208573d831ba987c384a94a38fe45024bff098be56e,276426,229200,1376432
GER1,2026/27,2026-09-12,SV Elversberg,64,Luis Seifert,806007,2004-01-26,4,FIRST,2025-07-01,2028-06-30,,,CONFIRMED,https://www.transfermarkt.de/sv-07-elversberg/kader/verein/64/saison_id/2026/plus/1,ac54bb8cfcfed8b072f1b208573d831ba987c384a94a38fe45024bff098be56e,276435,279212,1376432
GER1,2026/27,2026-09-12,SV Elversberg,64,Lasse Günther,522245,2003-03-21,21,FIRST,2025-07-01,2030-06-30,,,CONFIRMED,https://www.transfermarkt.de/sv-07-elversberg/kader/verein/64/saison_id/2026/plus/1,ac54bb8cfcfed8b072f1b208573d831ba987c384a94a38fe45024bff098be56e,276423,261745,1376432
GER1,2026/27,2026-09-12,SV Elversberg,64,Nicholas Mickelson,430034,1999-07-24,2,FIRST,2025-07-03,2027-06-30,,,CONFIRMED,https://www.transfermarkt.de/sv-07-elversberg/kader/verein/64/saison_id/2026/plus/1,ac54bb8cfcfed8b072f1b208573d831ba987c384a94a38fe45024bff098be56e,276421,246858,1376432
GER1,2026/27,2026-09-12,SV Elversberg,64,Felix Keidel,815322,2003-06-14,43,FIRST,2025-07-01,2028-06-30,,,CONFIRMED,https://www.transfermarkt.de/sv-07-elversberg/kader/verein/64/saison_id/2026/plus/1,ac54bb8cfcfed8b072f1b208573d831ba987c384a94a38fe45024bff098be56e,276424,270554,1376432
GER1,2026/27,2026-09-12,SV Elversberg,64,Jan Gyamerah,192840,1995-06-18,30,FIRST,2025-07-04,2027-06-30,,,CONFIRMED,https://www.transfermarkt.de/sv-07-elversberg/kader/verein/64/saison_id/2026/plus/1,ac54bb8cfcfed8b072f1b208573d831ba987c384a94a38fe45024bff098be56e,276416,216416,1376432
GER1,2026/27,2026-09-12,SV Elversberg,64,Amara Condé,207580,1997-01-06,6,FIRST,2025-07-01,2028-06-30,,,CONFIRMED,https://www.transfermarkt.de/sv-07-elversberg/kader/verein/64/saison_id/2026/plus/1,ac54bb8cfcfed8b072f1b208573d831ba987c384a94a38fe45024bff098be56e,276428,234860,1376432
GER1,2026/27,2026-09-12,SV Elversberg,64,Frederik Schmahl,604756,2002-12-21,17,FIRST,2024-07-01,2027-06-30,,,CONFIRMED,https://www.transfermarkt.de/sv-07-elversberg/kader/verein/64/saison_id/2026/plus/1,ac54bb8cfcfed8b072f1b208573d831ba987c384a94a38fe45024bff098be56e,276433,73002,1376432
GER1,2026/27,2026-09-12,SV Elversberg,64,Tom Zimmerschied,337097,1998-09-22,29,FIRST,2024-08-21,2029-06-30,,,CONFIRMED,https://www.transfermarkt.de/sv-07-elversberg/kader/verein/64/saison_id/2026/plus/1,ac54bb8cfcfed8b072f1b208573d831ba987c384a94a38fe45024bff098be56e,276429,262978,1376432
GER1,2026/27,2026-09-12,SV Elversberg,64,Cole Campbell,866579,2006-02-20,39,FIRST,2026-07-09,2030-06-30,,,CONFIRMED,https://www.transfermarkt.de/sv-07-elversberg/kader/verein/64/saison_id/2026/plus/1,ac54bb8cfcfed8b072f1b208573d831ba987c384a94a38fe45024bff098be56e,277410,73057,1376432
GER1,2026/27,2026-09-12,SV Elversberg,64,Lukas Petkov,401639,2000-11-01,25,FIRST,2024-08-21,2027-06-30,,,CONFIRMED,https://www.transfermarkt.de/sv-07-elversberg/kader/verein/64/saison_id/2026/plus/1,ac54bb8cfcfed8b072f1b208573d831ba987c384a94a38fe45024bff098be56e,276420,260925,1376432
GER1,2026/27,2026-09-12,SV Elversberg,64,Luca Pfeiffer,232463,1996-08-20,16,FIRST,2025-07-01,2028-06-30,,,CONFIRMED,https://www.transfermarkt.de/sv-07-elversberg/kader/verein/64/saison_id/2026/plus/1,ac54bb8cfcfed8b072f1b208573d831ba987c384a94a38fe45024bff098be56e,276422,244233,1376432
GER1,2026/27,2026-09-12,SV Elversberg,64,Luca Schnellbacher,229991,1994-05-06,24,FIRST,2020-07-27,2028-06-30,,,CONFIRMED,https://www.transfermarkt.de/sv-07-elversberg/kader/verein/64/saison_id/2026/plus/1,ac54bb8cfcfed8b072f1b208573d831ba987c384a94a38fe45024bff098be56e,276427,238631,1376432
GER1,2026/27,2026-09-12,SC Paderborn 07,127,Markus Schubert,296741,1998-06-12,1,FIRST,2024-07-01,2028-06-30,,,CONFIRMED,https://www.transfermarkt.de/sc-paderborn-07/kader/verein/127/saison_id/2026/plus/1,2bc1c2dc6af19cdfe4c15f929f45c9c1b3aeb6d1349fe49c0cbceca9a06d7cde,275875,234383,1376421
GER1,2026/27,2026-09-12,SC Paderborn 07,127,Florian Pruhs,930013,2006-02-06,31,FIRST,2023-07-01,,,,CONFIRMED,https://www.transfermarkt.de/sc-paderborn-07/kader/verein/127/saison_id/2026/plus/1,2bc1c2dc6af19cdfe4c15f929f45c9c1b3aeb6d1349fe49c0cbceca9a06d7cde,275889,276408,1376421
GER1,2026/27,2026-09-12,SC Paderborn 07,127,Felix Götze,330635,1998-02-11,20,FIRST,2024-07-01,,,,CONFIRMED,https://www.transfermarkt.de/sc-paderborn-07/kader/verein/127/saison_id/2026/plus/1,2bc1c2dc6af19cdfe4c15f929f45c9c1b3aeb6d1349fe49c0cbceca9a06d7cde,275857,236467,1376421
GER1,2026/27,2026-09-12,SC Paderborn 07,127,Marcel Hoffmeier,570152,1999-07-15,33,FIRST,2022-07-01,2028-06-30,,,CONFIRMED,https://www.transfermarkt.de/sc-paderborn-07/kader/verein/127/saison_id/2026/plus/1,2bc1c2dc6af19cdfe4c15f929f45c9c1b3aeb6d1349fe49c0cbceca9a06d7cde,275861,250926,1376421
GER1,2026/27,2026-09-12,SC Paderborn 07,127,Jonah Sticker,698843,2004-05-08,3,FIRST,2025-09-01,,,,CONFIRMED,https://www.transfermarkt.de/sc-paderborn-07/kader/verein/127/saison_id/2026/plus/1,2bc1c2dc6af19cdfe4c15f929f45c9c1b3aeb6d1349fe49c0cbceca9a06d7cde,275873,275262,1376421
GER1,2026/27,2026-09-12,SC Paderborn 07,127,Nyamekye Awortwie-Grant,521331,2000-08-07,4,FIRST,2026-07-01,,,,CONFIRMED,https://www.transfermarkt.de/sc-paderborn-07/kader/verein/127/saison_id/2026/plus/1,2bc1c2dc6af19cdfe4c15f929f45c9c1b3aeb6d1349fe49c0cbceca9a06d7cde,273089,79503,1376421
GER1,2026/27,2026-09-12,SC Paderborn 07,127,Ruben Müller,907085,2005-08-24,2,FIRST,2025-07-01,,,,CONFIRMED,https://www.transfermarkt.de/sc-paderborn-07/kader/verein/127/saison_id/2026/plus/1,2bc1c2dc6af19cdfe4c15f929f45c9c1b3aeb6d1349fe49c0cbceca9a06d7cde,275874,79816,1376421
GER1,2026/27,2026-09-12,SC Paderborn 07,127,Santiago Castañeda,1005509,2004-11-13,5,FIRST,2024-07-01,,,,CONFIRMED,https://www.transfermarkt.de/sc-paderborn-07/kader/verein/127/saison_id/2026/plus/1,2bc1c2dc6af19cdfe4c15f929f45c9c1b3aeb6d1349fe49c0cbceca9a06d7cde,275863,276311,1376421
GER1,2026/27,2026-09-12,SC Paderborn 07,127,Tom Baack,331637,1999-03-13,6,FIRST,2026-07-01,,,,CONFIRMED,https://www.transfermarkt.de/sc-paderborn-07/kader/verein/127/saison_id/2026/plus/1,2bc1c2dc6af19cdfe4c15f929f45c9c1b3aeb6d1349fe49c0cbceca9a06d7cde,274318,229184,1376421
GER1,2026/27,2026-09-12,SC Paderborn 07,127,Timur Gayret,421323,1998-08-08,44,FIRST,2026-07-01,2029-06-30,,,CONFIRMED,https://www.transfermarkt.de/sc-paderborn-07/kader/verein/127/saison_id/2026/plus/1,2bc1c2dc6af19cdfe4c15f929f45c9c1b3aeb6d1349fe49c0cbceca9a06d7cde,271438,270008,1376421
GER1,2026/27,2026-09-12,SC Paderborn 07,127,Raphael Obermair,330699,1996-04-01,23,FIRST,2022-07-01,2027-06-30,,,CONFIRMED,https://www.transfermarkt.de/sc-paderborn-07/kader/verein/127/saison_id/2026/plus/1,2bc1c2dc6af19cdfe4c15f929f45c9c1b3aeb6d1349fe49c0cbceca9a06d7cde,275856,238363,1376421
GER1,2026/27,2026-09-12,SC Paderborn 07,127,Niklas Mohr,949389,2004-07-23,24,FIRST,2025-09-01,2028-06-30,,,CONFIRMED,https://www.transfermarkt.de/sc-paderborn-07/kader/verein/127/saison_id/2026/plus/1,2bc1c2dc6af19cdfe4c15f929f45c9c1b3aeb6d1349fe49c0cbceca9a06d7cde,275884,81769,1376421
GER1,2026/27,2026-09-12,SC Paderborn 07,127,Gabriel Vidovic,604327,2003-12-01,40,FIRST,2026-08-18,,,,CONFIRMED,https://www.transfermarkt.de/sc-paderborn-07/kader/verein/127/saison_id/2026/plus/1,2bc1c2dc6af19cdfe4c15f929f45c9c1b3aeb6d1349fe49c0cbceca9a06d7cde,263387,267899,1376421
GER1,2026/27,2026-09-12,SC Paderborn 07,127,Sven Michel,186988,1990-07-15,11,FIRST,2024-07-05,2027-06-30,,,CONFIRMED,https://www.transfermarkt.de/sc-paderborn-07/kader/verein/127/saison_id/2026/plus/1,2bc1c2dc6af19cdfe4c15f929f45c9c1b3aeb6d1349fe49c0cbceca9a06d7cde,275864,212879,1376421
GER1,2026/27,2026-09-12,SC Paderborn 07,127,Marvin Pieringer,471055,1999-10-04,18,FIRST,2026-08-26,,,,CONFIRMED,https://www.transfermarkt.de/sc-paderborn-07/kader/verein/127/saison_id/2026/plus/1,2bc1c2dc6af19cdfe4c15f929f45c9c1b3aeb6d1349fe49c0cbceca9a06d7cde,281234,260290,1376421
GER1,2026/27,2026-09-12,SC Paderborn 07,127,Stefano Marino,829267,2004-03-12,30,FIRST,2025-07-15,,,,CONFIRMED,https://www.transfermarkt.de/sc-paderborn-07/kader/verein/127/saison_id/2026/plus/1,2bc1c2dc6af19cdfe4c15f929f45c9c1b3aeb6d1349fe49c0cbceca9a06d7cde,275877,266012,1376421
GER1,2026/27,2026-09-12,SC Paderborn 07,127,Steffen Tigges,296879,1998-07-31,27,FIRST,2025-08-06,2027-06-30,,,CONFIRMED,https://www.transfermarkt.de/sc-paderborn-07/kader/verein/127/saison_id/2026/plus/1,2bc1c2dc6af19cdfe4c15f929f45c9c1b3aeb6d1349fe49c0cbceca9a06d7cde,275869,238656,1376421
GER1,2026/27,2026-09-12,SC Paderborn 07,127,Lasse Eickel,1299403,2008-02-28,32,FIRST,2026-07-01,2031-06-30,,,CONFIRMED,https://www.transfermarkt.de/sc-paderborn-07/kader/verein/127/saison_id/2026/plus/1,2bc1c2dc6af19cdfe4c15f929f45c9c1b3aeb6d1349fe49c0cbceca9a06d7cde,288115,229188,1376421
GER2,2026/27,2026-09-12,VfL Wolfsburg,82,Timon Wellenreuther,196829,1995-12-03,1,FIRST,2026-07-16,2029-06-30,,,CONFIRMED,https://www.transfermarkt.de/vfl-wolfsburg/kader/verein/82/saison_id/2026/plus/1,0d671e8b1f26fd27a90d4507455627094aa5ed12d9869e4c7dc8c2b2573eb1ef,294600,223686,1376274
GER2,2026/27,2026-09-12,VfL Wolfsburg,82,Jakub Zieliński,1068257,2008-02-21,30,FIRST,2025-07-01,2028-06-30,,,CONFIRMED,https://www.transfermarkt.de/vfl-wolfsburg/kader/verein/82/saison_id/2026/plus/1,0d671e8b1f26fd27a90d4507455627094aa5ed12d9869e4c7dc8c2b2573eb1ef,100016,78735,1376274
GER2,2026/27,2026-09-12,VfL Wolfsburg,82,Pavao Pervan,51977,1987-11-13,12,FIRST,2018-07-01,2027-06-30,,,CONFIRMED,https://www.transfermarkt.de/vfl-wolfsburg/kader/verein/82/saison_id/2026/plus/1,0d671e8b1f26fd27a90d4507455627094aa5ed12d9869e4c7dc8c2b2573eb1ef,100011,199909,1376274
GER2,2026/27,2026-09-12,VfL Wolfsburg,82,Hauke Wahl,154147,1994-04-15,6,FIRST,2026-07-01,2029-06-30,,,CONFIRMED,https://www.transfermarkt.de/vfl-wolfsburg/kader/verein/82/saison_id/2026/plus/1,0d671e8b1f26fd27a90d4507455627094aa5ed12d9869e4c7dc8c2b2573eb1ef,277269,230855,1376274
GER2,2026/27,2026-09-12,VfL Wolfsburg,82,Mathys Angély,1075579,2007-04-21,22,FIRST,2024-08-13,2029-06-30,,,CONFIRMED,https://www.transfermarkt.de/vfl-wolfsburg/kader/verein/82/saison_id/2026/plus/1,0d671e8b1f26fd27a90d4507455627094aa5ed12d9869e4c7dc8c2b2573eb1ef,100012,71897,1376274
GER2,2026/27,2026-09-12,VfL Wolfsburg,82,Joakim Maehle,369674,1997-05-20,21,FIRST,2023-08-12,2027-06-30,,,CONFIRMED,https://www.transfermarkt.de/vfl-wolfsburg/kader/verein/82/saison_id/2026/plus/1,0d671e8b1f26fd27a90d4507455627094aa5ed12d9869e4c7dc8c2b2573eb1ef,99993,234678,1376274
GER2,2026/27,2026-09-12,VfL Wolfsburg,82,Aaron Zehnter,730484,2004-10-31,25,FIRST,2025-07-01,2030-06-30,,,CONFIRMED,https://www.transfermarkt.de/vfl-wolfsburg/kader/verein/82/saison_id/2026/plus/1,0d671e8b1f26fd27a90d4507455627094aa5ed12d9869e4c7dc8c2b2573eb1ef,100006,270013,1376274
GER2,2026/27,2026-09-12,VfL Wolfsburg,82,Rogério,401527,1998-01-13,13,FIRST,2023-08-05,2027-06-30,,,CONFIRMED,https://www.transfermarkt.de/vfl-wolfsburg/kader/verein/82/saison_id/2026/plus/1,0d671e8b1f26fd27a90d4507455627094aa5ed12d9869e4c7dc8c2b2573eb1ef,100002,241629,1376274
GER2,2026/27,2026-09-12,VfL Wolfsburg,82,Kilian Fischer,435796,2000-10-12,2,FIRST,2022-07-01,2027-06-30,,,CONFIRMED,https://www.transfermarkt.de/vfl-wolfsburg/kader/verein/82/saison_id/2026/plus/1,0d671e8b1f26fd27a90d4507455627094aa5ed12d9869e4c7dc8c2b2573eb1ef,100003,256281,1376274
GER2,2026/27,2026-09-12,VfL Wolfsburg,82,Vini Souza,663581,1999-06-17,5,FIRST,2025-07-05,2030-06-30,,,CONFIRMED,https://www.transfermarkt.de/vfl-wolfsburg/kader/verein/82/saison_id/2026/plus/1,0d671e8b1f26fd27a90d4507455627094aa5ed12d9869e4c7dc8c2b2573eb1ef,99995,262929,1376274
GER2,2026/27,2026-09-12,VfL Wolfsburg,82,Mattias Svanberg,342405,1999-01-05,32,FIRST,2022-07-16,2027-06-30,,,CONFIRMED,https://www.transfermarkt.de/vfl-wolfsburg/kader/verein/82/saison_id/2026/plus/1,0d671e8b1f26fd27a90d4507455627094aa5ed12d9869e4c7dc8c2b2573eb1ef,99996,228946,1376274
GER2,2026/27,2026-09-12,VfL Wolfsburg,82,Elvis Rexhbecaj,280575,1997-11-01,37,FIRST,2026-07-01,2030-06-30,,,CONFIRMED,https://www.transfermarkt.de/vfl-wolfsburg/kader/verein/82/saison_id/2026/plus/1,0d671e8b1f26fd27a90d4507455627094aa5ed12d9869e4c7dc8c2b2573eb1ef,279696,240193,1376274
GER2,2026/27,2026-09-12,VfL Wolfsburg,82,Pharell Hensel,1150105,2007-06-08,14,FIRST,2026-01-15,2029-06-30,,,CONFIRMED,https://www.transfermarkt.de/vfl-wolfsburg/kader/verein/82/saison_id/2026/plus/1,0d671e8b1f26fd27a90d4507455627094aa5ed12d9869e4c7dc8c2b2573eb1ef,100020,82194,1376274
GER2,2026/27,2026-09-12,VfL Wolfsburg,82,Maximilian Arnold,117674,1994-05-27,27,FIRST,2012-01-01,2028-06-30,,,CONFIRMED,https://www.transfermarkt.de/vfl-wolfsburg/kader/verein/82/saison_id/2026/plus/1,0d671e8b1f26fd27a90d4507455627094aa5ed12d9869e4c7dc8c2b2573eb1ef,99987,206511,1376274
GER2,2026/27,2026-09-12,VfL Wolfsburg,82,Bence Dárdai,789252,2006-01-24,8,FIRST,2024-07-01,2029-06-30,,,CONFIRMED,https://www.transfermarkt.de/vfl-wolfsburg/kader/verein/82/saison_id/2026/plus/1,0d671e8b1f26fd27a90d4507455627094aa5ed12d9869e4c7dc8c2b2573eb1ef,100007,259522,1376274
GER2,2026/27,2026-09-12,VfL Wolfsburg,82,Muhammed Damar,789898,2004-04-09,20,FIRST,2026-07-23,2031-06-30,,,CONFIRMED,https://www.transfermarkt.de/vfl-wolfsburg/kader/verein/82/saison_id/2026/plus/1,0d671e8b1f26fd27a90d4507455627094aa5ed12d9869e4c7dc8c2b2573eb1ef,280190,271246,1376274
GER2,2026/27,2026-09-12,VfL Wolfsburg,82,Christian Eriksen,69633,1992-02-14,24,FIRST,2025-09-10,2027-06-30,,,CONFIRMED,https://www.transfermarkt.de/vfl-wolfsburg/kader/verein/82/saison_id/2026/plus/1,0d671e8b1f26fd27a90d4507455627094aa5ed12d9869e4c7dc8c2b2573eb1ef,99985,190460,1376274
GER2,2026/27,2026-09-12,VfL Wolfsburg,82,Fabian Reese,227102,1997-11-29,11,FIRST,2026-07-01,2030-06-30,,,CONFIRMED,https://www.transfermarkt.de/vfl-wolfsburg/kader/verein/82/saison_id/2026/plus/1,0d671e8b1f26fd27a90d4507455627094aa5ed12d9869e4c7dc8c2b2573eb1ef,272178,231614,1376274
GER2,2026/27,2026-09-12,VfL Wolfsburg,82,Bruno Katz,1139729,2008-05-14,42,FIRST,2026-07-01,2029-06-30,,,CONFIRMED,https://www.transfermarkt.de/vfl-wolfsburg/kader/verein/82/saison_id/2026/plus/1,0d671e8b1f26fd27a90d4507455627094aa5ed12d9869e4c7dc8c2b2573eb1ef,100035,82425,1376274
GER2,2026/27,2026-09-12,VfL Wolfsburg,82,Fraser Hornby,388160,1999-09-13,10,FIRST,2026-07-01,2030-06-30,,,CONFIRMED,https://www.transfermarkt.de/vfl-wolfsburg/kader/verein/82/saison_id/2026/plus/1,0d671e8b1f26fd27a90d4507455627094aa5ed12d9869e4c7dc8c2b2573eb1ef,275522,242965,1376274
GER2,2026/27,2026-09-12,VfL Wolfsburg,82,Robert Glatzel,196139,1994-01-08,19,FIRST,2026-07-01,2028-06-30,,,CONFIRMED,https://www.transfermarkt.de/vfl-wolfsburg/kader/verein/82/saison_id/2026/plus/1,0d671e8b1f26fd27a90d4507455627094aa5ed12d9869e4c7dc8c2b2573eb1ef,275630,236533,1376274
GER2,2026/27,2026-09-12,1. FC Heidenheim 1846,2036,Frank Feller,806948,2004-01-07,1,FIRST,2023-07-01,2029-06-30,,,CONFIRMED,https://www.transfermarkt.de/1-fc-heidenheim-1846/kader/verein/2036/saison_id/2026/plus/1,36e24e4c10d034372cc86f2815daf3eafd1f3551697053d3716bf14e8bbbab12,281248,266641,1376302
GER2,2026/27,2026-09-12,1. FC Heidenheim 1846,2036,Thomas Dähne,115979,1994-01-04,33,FIRST,2026-07-15,2028-06-30,,,CONFIRMED,https://www.transfermarkt.de/1-fc-heidenheim-1846/kader/verein/2036/saison_id/2026/plus/1,36e24e4c10d034372cc86f2815daf3eafd1f3551697053d3716bf14e8bbbab12,269673,210006,1376302
GER2,2026/27,2026-09-12,1. FC Heidenheim 1846,2036,Paul Tschernuth,519035,2002-01-20,34,FIRST,2021-07-01,2027-06-30,,,CONFIRMED,https://www.transfermarkt.de/1-fc-heidenheim-1846/kader/verein/2036/saison_id/2026/plus/1,36e24e4c10d034372cc86f2815daf3eafd1f3551697053d3716bf14e8bbbab12,281255,262922,1376302
GER2,2026/27,2026-09-12,1. FC Heidenheim 1846,2036,Felix Mark,1153621,2008-02-03,40,FIRST,2026-07-01,2029-06-30,,,CONFIRMED,https://www.transfermarkt.de/1-fc-heidenheim-1846/kader/verein/2036/saison_id/2026/plus/1,36e24e4c10d034372cc86f2815daf3eafd1f3551697053d3716bf14e8bbbab12,281278,0,1376302
GER2,2026/27,2026-09-12,1. FC Heidenheim 1846,2036,Patrick Mainka,133731,1994-11-06,6,FIRST,2018-07-01,2029-06-30,,,CONFIRMED,https://www.transfermarkt.de/1-fc-heidenheim-1846/kader/verein/2036/saison_id/2026/plus/1,36e24e4c10d034372cc86f2815daf3eafd1f3551697053d3716bf14e8bbbab12,281229,216199,1376302
GER2,2026/27,2026-09-12,1. FC Heidenheim 1846,2036,Tim Siersleben,337092,2000-03-09,4,FIRST,2023-07-01,2028-06-30,,,CONFIRMED,https://www.transfermarkt.de/1-fc-heidenheim-1846/kader/verein/2036/saison_id/2026/plus/1,36e24e4c10d034372cc86f2815daf3eafd1f3551697053d3716bf14e8bbbab12,281242,258812,1376302
GER2,2026/27,2026-09-12,1. FC Heidenheim 1846,2036,Adam Kölle,921431,2006-04-28,28,FIRST,2025-07-01,2029-06-30,,,CONFIRMED,https://www.transfermarkt.de/1-fc-heidenheim-1846/kader/verein/2036/saison_id/2026/plus/1,36e24e4c10d034372cc86f2815daf3eafd1f3551697053d3716bf14e8bbbab12,281251,79762,1376302
GER2,2026/27,2026-09-12,1. FC Heidenheim 1846,2036,Michael Heule,521442,2001-04-27,27,FIRST,2026-08-24,2030-06-30,,,CONFIRMED,https://www.transfermarkt.de/1-fc-heidenheim-1846/kader/verein/2036/saison_id/2026/plus/1,36e24e4c10d034372cc86f2815daf3eafd1f3551697053d3716bf14e8bbbab12,194526,276773,1376302
GER2,2026/27,2026-09-12,1. FC Heidenheim 1846,2036,Jonas Föhrenbach,192169,1996-01-26,19,FIRST,2019-07-01,2027-06-30,,,CONFIRMED,https://www.transfermarkt.de/1-fc-heidenheim-1846/kader/verein/2036/saison_id/2026/plus/1,36e24e4c10d034372cc86f2815daf3eafd1f3551697053d3716bf14e8bbbab12,281241,229277,1376302
GER2,2026/27,2026-09-12,1. FC Heidenheim 1846,2036,Leart Paçarada,107219,1994-10-08,23,FIRST,2025-08-28,2027-06-30,,,CONFIRMED,https://www.transfermarkt.de/1-fc-heidenheim-1846/kader/verein/2036/saison_id/2026/plus/1,36e24e4c10d034372cc86f2815daf3eafd1f3551697053d3716bf14e8bbbab12,281238,223633,1376302
GER2,2026/27,2026-09-12,1. FC Heidenheim 1846,2036,Marnon Busch,117478,1994-12-08,2,FIRST,2017-07-01,2027-06-30,,,CONFIRMED,https://www.transfermarkt.de/1-fc-heidenheim-1846/kader/verein/2036/saison_id/2026/plus/1,36e24e4c10d034372cc86f2815daf3eafd1f3551697053d3716bf14e8bbbab12,281240,224980,1376302
GER2,2026/27,2026-09-12,1. FC Heidenheim 1846,2036,Oualid Mhamdi,673273,2003-05-20,22,FIRST,2026-07-01,2030-06-30,,,CONFIRMED,https://www.transfermarkt.de/1-fc-heidenheim-1846/kader/verein/2036/saison_id/2026/plus/1,36e24e4c10d034372cc86f2815daf3eafd1f3551697053d3716bf14e8bbbab12,271448,268430,1376302
GER2,2026/27,2026-09-12,1. FC Heidenheim 1846,2036,Julian Niehues,530173,2001-04-17,16,FIRST,2024-07-01,2027-06-30,,,CONFIRMED,https://www.transfermarkt.de/1-fc-heidenheim-1846/kader/verein/2036/saison_id/2026/plus/1,36e24e4c10d034372cc86f2815daf3eafd1f3551697053d3716bf14e8bbbab12,281245,262754,1376302
GER2,2026/27,2026-09-12,1. FC Heidenheim 1846,2036,Marko Zrilić,1344455,2007-10-24,41,FIRST,2026-07-01,2029-06-30,,,CONFIRMED,https://www.transfermarkt.de/1-fc-heidenheim-1846/kader/verein/2036/saison_id/2026/plus/1,36e24e4c10d034372cc86f2815daf3eafd1f3551697053d3716bf14e8bbbab12,281276,0,1376302
GER2,2026/27,2026-09-12,1. FC Heidenheim 1846,2036,Jan Schöppner,581357,1999-06-12,3,FIRST,2020-08-05,2028-06-30,,,CONFIRMED,https://www.transfermarkt.de/1-fc-heidenheim-1846/kader/verein/2036/saison_id/2026/plus/1,36e24e4c10d034372cc86f2815daf3eafd1f3551697053d3716bf14e8bbbab12,281232,256292,1376302
GER2,2026/27,2026-09-12,1. FC Heidenheim 1846,2036,Luca Kerber,809498,2002-03-10,20,FIRST,2024-07-01,2027-06-30,,,CONFIRMED,https://www.transfermarkt.de/1-fc-heidenheim-1846/kader/verein/2036/saison_id/2026/plus/1,36e24e4c10d034372cc86f2815daf3eafd1f3551697053d3716bf14e8bbbab12,281246,260369,1376302
GER2,2026/27,2026-09-12,1. FC Heidenheim 1846,2036,Mathias Honsak,283497,1996-12-20,17,FIRST,2024-07-01,2027-06-30,,,CONFIRMED,https://www.transfermarkt.de/1-fc-heidenheim-1846/kader/verein/2036/saison_id/2026/plus/1,36e24e4c10d034372cc86f2815daf3eafd1f3551697053d3716bf14e8bbbab12,281237,232156,1376302
GER2,2026/27,2026-09-12,1. FC Heidenheim 1846,2036,Yannik Wagner,1153628,2007-05-09,38,FIRST,2025-07-30,2029-06-30,,,CONFIRMED,https://www.transfermarkt.de/1-fc-heidenheim-1846/kader/verein/2036/saison_id/2026/plus/1,36e24e4c10d034372cc86f2815daf3eafd1f3551697053d3716bf14e8bbbab12,281252,80231,1376302
GER2,2026/27,2026-09-12,1. FC Heidenheim 1846,2036,Paul Hennrich,810108,2005-03-06,8,FIRST,2026-07-01,2030-06-30,,,CONFIRMED,https://www.transfermarkt.de/1-fc-heidenheim-1846/kader/verein/2036/saison_id/2026/plus/1,36e24e4c10d034372cc86f2815daf3eafd1f3551697053d3716bf14e8bbbab12,280202,0,1376302
GER2,2026/27,2026-09-12,1. FC Heidenheim 1846,2036,Sirlord Conteh,307183,1996-07-09,31,FIRST,2024-07-01,2027-06-30,,,CONFIRMED,https://www.transfermarkt.de/1-fc-heidenheim-1846/kader/verein/2036/saison_id/2026/plus/1,36e24e4c10d034372cc86f2815daf3eafd1f3551697053d3716bf14e8bbbab12,281247,251002,1376302
GER2,2026/27,2026-09-12,1. FC Heidenheim 1846,2036,Marcel Costly,274274,1995-11-20,24,FIRST,2026-07-01,2029-06-30,,,CONFIRMED,https://www.transfermarkt.de/1-fc-heidenheim-1846/kader/verein/2036/saison_id/2026/plus/1,36e24e4c10d034372cc86f2815daf3eafd1f3551697053d3716bf14e8bbbab12,264272,241967,1376302
GER2,2026/27,2026-09-12,1. FC Heidenheim 1846,2036,Mikkel Kaufmann,545332,2001-01-03,29,FIRST,2024-07-01,2028-06-30,,,CONFIRMED,https://www.transfermarkt.de/1-fc-heidenheim-1846/kader/verein/2036/saison_id/2026/plus/1,36e24e4c10d034372cc86f2815daf3eafd1f3551697053d3716bf14e8bbbab12,281244,245264,1376302
GER2,2026/27,2026-09-12,1. FC Heidenheim 1846,2036,Budu Zivzivadze,187097,1994-03-10,11,FIRST,2025-01-03,2029-06-30,,,CONFIRMED,https://www.transfermarkt.de/1-fc-heidenheim-1846/kader/verein/2036/saison_id/2026/plus/1,36e24e4c10d034372cc86f2815daf3eafd1f3551697053d3716bf14e8bbbab12,281233,237633,1376302
GER2,2026/27,2026-09-12,FC St. Pauli,35,Dimitar Mitov,264302,1997-01-22,33,FIRST,2026-08-13,,,,CONFIRMED,https://www.transfermarkt.de/fc-st-pauli/kader/verein/35/saison_id/2026/plus/1,cb3581752f3910c559c9f42a6cbb09551a6187c6a88b14cfcc35019d0c02bc47,289287,225280,1376425
GER2,2026/27,2026-09-12,FC St. Pauli,35,Ben Voll,453742,2000-12-09,1,FIRST,2024-07-01,,,,CONFIRMED,https://www.transfermarkt.de/fc-st-pauli/kader/verein/35/saison_id/2026/plus/1,cb3581752f3910c559c9f42a6cbb09551a6187c6a88b14cfcc35019d0c02bc47,277283,251433,1376425
GER2,2026/27,2026-09-12,FC St. Pauli,35,Simon Spari,527597,2002-06-16,30,FIRST,2025-07-01,,,,CONFIRMED,https://www.transfermarkt.de/fc-st-pauli/kader/verein/35/saison_id/2026/plus/1,cb3581752f3910c559c9f42a6cbb09551a6187c6a88b14cfcc35019d0c02bc47,277284,73119,1376425
GER2,2026/27,2026-09-12,FC St. Pauli,35,Eric Smith,292534,1997-01-08,8,FIRST,2021-07-01,2027-06-30,,,CONFIRMED,https://www.transfermarkt.de/fc-st-pauli/kader/verein/35/saison_id/2026/plus/1,cb3581752f3910c559c9f42a6cbb09551a6187c6a88b14cfcc35019d0c02bc47,277262,222369,1376425
GER2,2026/27,2026-09-12,FC St. Pauli,35,Adam Dzwigala,236966,1995-09-25,25,FIRST,2020-12-17,2027-06-30,,,CONFIRMED,https://www.transfermarkt.de/fc-st-pauli/kader/verein/35/saison_id/2026/plus/1,cb3581752f3910c559c9f42a6cbb09551a6187c6a88b14cfcc35019d0c02bc47,277280,211362,1376425
GER2,2026/27,2026-09-12,FC St. Pauli,35,Louis Oppie,605265,2002-05-17,23,FIRST,2025-07-11,,,,CONFIRMED,https://www.transfermarkt.de/fc-st-pauli/kader/verein/35/saison_id/2026/plus/1,cb3581752f3910c559c9f42a6cbb09551a6187c6a88b14cfcc35019d0c02bc47,277273,276610,1376425
GER2,2026/27,2026-09-12,FC St. Pauli,35,Arkadiusz Pyrka,599733,2002-09-20,11,FIRST,2025-07-01,,,,CONFIRMED,https://www.transfermarkt.de/fc-st-pauli/kader/verein/35/saison_id/2026/plus/1,cb3581752f3910c559c9f42a6cbb09551a6187c6a88b14cfcc35019d0c02bc47,277278,257886,1376425
GER2,2026/27,2026-09-12,FC St. Pauli,35,Rony Jansson,716897,2004-01-10,2,FIRST,2026-07-31,,,,CONFIRMED,https://www.transfermarkt.de/fc-st-pauli/kader/verein/35/saison_id/2026/plus/1,cb3581752f3910c559c9f42a6cbb09551a6187c6a88b14cfcc35019d0c02bc47,188552,269789,1376425
GER2,2026/27,2026-09-12,FC St. Pauli,35,Joel Chima Fujita,697277,2002-02-16,16,FIRST,2025-07-01,,,,CONFIRMED,https://www.transfermarkt.de/fc-st-pauli/kader/verein/35/saison_id/2026/plus/1,cb3581752f3910c559c9f42a6cbb09551a6187c6a88b14cfcc35019d0c02bc47,277265,260464,1376425
GER2,2026/27,2026-09-12,FC St. Pauli,35,Connor Metcalfe,522223,1999-11-05,24,FIRST,2022-07-01,2027-06-30,,,CONFIRMED,https://www.transfermarkt.de/fc-st-pauli/kader/verein/35/saison_id/2026/plus/1,cb3581752f3910c559c9f42a6cbb09551a6187c6a88b14cfcc35019d0c02bc47,277271,240648,1376425
GER2,2026/27,2026-09-12,FC St. Pauli,35,Sam Klein,976123,2004-03-15,22,FIRST,2026-07-01,,,,CONFIRMED,https://www.transfermarkt.de/fc-st-pauli/kader/verein/35/saison_id/2026/plus/1,cb3581752f3910c559c9f42a6cbb09551a6187c6a88b14cfcc35019d0c02bc47,88491,266629,1376425
GER2,2026/27,2026-09-12,FC St. Pauli,35,Erik Ahlstrand,501049,2001-10-14,14,FIRST,2024-01-27,,,,CONFIRMED,https://www.transfermarkt.de/fc-st-pauli/kader/verein/35/saison_id/2026/plus/1,cb3581752f3910c559c9f42a6cbb09551a6187c6a88b14cfcc35019d0c02bc47,277281,259993,1376425
GER2,2026/27,2026-09-12,FC St. Pauli,35,Mathias Pereira Lage,424072,1996-11-30,28,FIRST,2025-07-01,2028-06-30,,,CONFIRMED,https://www.transfermarkt.de/fc-st-pauli/kader/verein/35/saison_id/2026/plus/1,cb3581752f3910c559c9f42a6cbb09551a6187c6a88b14cfcc35019d0c02bc47,277263,233061,1376425
GER2,2026/27,2026-09-12,FC St. Pauli,35,Martijn Kaars,377729,1999-03-05,19,FIRST,2025-08-28,,,,CONFIRMED,https://www.transfermarkt.de/fc-st-pauli/kader/verein/35/saison_id/2026/plus/1,cb3581752f3910c559c9f42a6cbb09551a6187c6a88b14cfcc35019d0c02bc47,277267,269264,1376425
GER2,2026/27,2026-09-12,FC St. Pauli,35,Ricky-Jade Jones,677935,2002-11-08,26,FIRST,2025-07-01,,,,CONFIRMED,https://www.transfermarkt.de/fc-st-pauli/kader/verein/35/saison_id/2026/plus/1,cb3581752f3910c559c9f42a6cbb09551a6187c6a88b14cfcc35019d0c02bc47,277277,254482,1376425
GER2,2026/27,2026-09-12,FC St. Pauli,35,Abdoulie Ceesay,1280281,2004-01-05,9,FIRST,2025-01-03,,,,CONFIRMED,https://www.transfermarkt.de/fc-st-pauli/kader/verein/35/saison_id/2026/plus/1,cb3581752f3910c559c9f42a6cbb09551a6187c6a88b14cfcc35019d0c02bc47,277285,76228,1376425
GER2,2026/27,2026-09-12,Hannover 96,42,Pascal Loretz,583038,2003-06-01,1,FIRST,2026-07-09,2030-06-30,,,CONFIRMED,https://www.transfermarkt.de/hannover-96/kader/verein/42/saison_id/2026/plus/1,1215cddc874fab7e50402cb82ad6c5ca92f8ced09d37a9d8569043058176a32f,193893,262862,1376268
GER2,2026/27,2026-09-12,Hannover 96,42,Leo Weinkauf,196427,1996-07-07,30,FIRST,2018-07-01,2028-06-30,,,CONFIRMED,https://www.transfermarkt.de/hannover-96/kader/verein/42/saison_id/2026/plus/1,1215cddc874fab7e50402cb82ad6c5ca92f8ced09d37a9d8569043058176a32f,275763,238503,1376268
GER2,2026/27,2026-09-12,Hannover 96,42,Jonas Schwanke,1023809,2006-09-24,40,FIRST,2025-07-01,2028-06-30,,,CONFIRMED,https://www.transfermarkt.de/hannover-96/kader/verein/42/saison_id/2026/plus/1,1215cddc874fab7e50402cb82ad6c5ca92f8ced09d37a9d8569043058176a32f,275785,80309,1376268
GER2,2026/27,2026-09-12,Hannover 96,42,Ime Okon,1107265,2004-02-20,20,FIRST,2025-07-01,2029-06-30,,,CONFIRMED,https://www.transfermarkt.de/hannover-96/kader/verein/42/saison_id/2026/plus/1,1215cddc874fab7e50402cb82ad6c5ca92f8ced09d37a9d8569043058176a32f,275758,79280,1376268
GER2,2026/27,2026-09-12,Hannover 96,42,Virgil Ghiță,340977,1998-06-04,5,FIRST,2025-07-01,2028-06-30,,,CONFIRMED,https://www.transfermarkt.de/hannover-96/kader/verein/42/saison_id/2026/plus/1,1215cddc874fab7e50402cb82ad6c5ca92f8ced09d37a9d8569043058176a32f,275743,248105,1376268
GER2,2026/27,2026-09-12,Hannover 96,42,Boris Tomiak,280581,1998-09-11,3,FIRST,2025-01-16,2028-06-30,,,CONFIRMED,https://www.transfermarkt.de/hannover-96/kader/verein/42/saison_id/2026/plus/1,1215cddc874fab7e50402cb82ad6c5ca92f8ced09d37a9d8569043058176a32f,275745,262119,1376268
GER2,2026/27,2026-09-12,Hannover 96,42,Jean Hugonet,695644,1999-11-24,4,FIRST,2026-07-01,2030-06-30,,,CONFIRMED,https://www.transfermarkt.de/hannover-96/kader/verein/42/saison_id/2026/plus/1,1215cddc874fab7e50402cb82ad6c5ca92f8ced09d37a9d8569043058176a32f,276300,251519,1376268
GER2,2026/27,2026-09-12,Hannover 96,42,Bastian Allgeier,569455,2002-02-18,17,FIRST,2025-07-01,2027-06-30,,,CONFIRMED,https://www.transfermarkt.de/hannover-96/kader/verein/42/saison_id/2026/plus/1,1215cddc874fab7e50402cb82ad6c5ca92f8ced09d37a9d8569043058176a32f,275765,260683,1376268
GER2,2026/27,2026-09-12,Hannover 96,42,Marcel Hartel,189073,1996-01-19,10,FIRST,2026-08-11,2029-06-30,,,CONFIRMED,https://www.transfermarkt.de/hannover-96/kader/verein/42/saison_id/2026/plus/1,1215cddc874fab7e50402cb82ad6c5ca92f8ced09d37a9d8569043058176a32f,300910,233125,1376268
GER2,2026/27,2026-09-12,Hannover 96,42,Waniss Taïbi,680447,2002-03-07,8,FIRST,2025-07-01,2029-06-30,,,CONFIRMED,https://www.transfermarkt.de/hannover-96/kader/verein/42/saison_id/2026/plus/1,1215cddc874fab7e50402cb82ad6c5ca92f8ced09d37a9d8569043058176a32f,275747,251855,1376268
GER2,2026/27,2026-09-12,Hannover 96,42,Stefán Teitur Thórdarson,422721,1998-10-16,23,FIRST,2026-01-12,2029-06-30,,,CONFIRMED,https://www.transfermarkt.de/hannover-96/kader/verein/42/saison_id/2026/plus/1,1215cddc874fab7e50402cb82ad6c5ca92f8ced09d37a9d8569043058176a32f,24414,262551,1376268
GER2,2026/27,2026-09-12,Hannover 96,42,Franz Roggow,567974,2002-07-14,13,FIRST,2025-07-01,2028-06-30,,,CONFIRMED,https://www.transfermarkt.de/hannover-96/kader/verein/42/saison_id/2026/plus/1,1215cddc874fab7e50402cb82ad6c5ca92f8ced09d37a9d8569043058176a32f,275753,263065,1376268
GER2,2026/27,2026-09-12,Hannover 96,42,Hayate Matsuda,957531,2003-10-02,27,FIRST,2025-07-01,2028-06-30,,,CONFIRMED,https://www.transfermarkt.de/hannover-96/kader/verein/42/saison_id/2026/plus/1,1215cddc874fab7e50402cb82ad6c5ca92f8ced09d37a9d8569043058176a32f,275749,72674,1376268
GER2,2026/27,2026-09-12,Hannover 96,42,Maurice Neubauer,216422,1996-04-29,33,FIRST,2025-07-01,2028-06-30,,,CONFIRMED,https://www.transfermarkt.de/hannover-96/kader/verein/42/saison_id/2026/plus/1,1215cddc874fab7e50402cb82ad6c5ca92f8ced09d37a9d8569043058176a32f,275742,269302,1376268
GER2,2026/27,2026-09-12,Hannover 96,42,Kolja Oudenne,392157,2001-11-11,29,FIRST,2023-07-01,2028-06-30,,,CONFIRMED,https://www.transfermarkt.de/hannover-96/kader/verein/42/saison_id/2026/plus/1,1215cddc874fab7e50402cb82ad6c5ca92f8ced09d37a9d8569043058176a32f,275764,277910,1376268
GER2,2026/27,2026-09-12,Hannover 96,42,Alexander Vogel,993720,2006-01-13,37,FIRST,2026-07-01,2029-06-30,,,CONFIRMED,https://www.transfermarkt.de/hannover-96/kader/verein/42/saison_id/2026/plus/1,1215cddc874fab7e50402cb82ad6c5ca92f8ced09d37a9d8569043058176a32f,287986,78991,1376268
GER2,2026/27,2026-09-12,Hannover 96,42,Husseyn Chakroun,1145570,2004-11-10,14,FIRST,2024-07-01,2027-06-30,,,CONFIRMED,https://www.transfermarkt.de/hannover-96/kader/verein/42/saison_id/2026/plus/1,1215cddc874fab7e50402cb82ad6c5ca92f8ced09d37a9d8569043058176a32f,275762,72675,1376268
GER2,2026/27,2026-09-12,Hannover 96,42,Yunus Ünal,1163052,2008-05-12,24,FIRST,2026-07-01,2030-06-30,,,CONFIRMED,https://www.transfermarkt.de/hannover-96/kader/verein/42/saison_id/2026/plus/1,1215cddc874fab7e50402cb82ad6c5ca92f8ced09d37a9d8569043058176a32f,284396,0,1376268
GER2,2026/27,2026-09-12,Hannover 96,42,Mustapha Bundu,457728,1997-02-28,7,FIRST,2025-07-01,2028-06-30,,,CONFIRMED,https://www.transfermarkt.de/hannover-96/kader/verein/42/saison_id/2026/plus/1,1215cddc874fab7e50402cb82ad6c5ca92f8ced09d37a9d8569043058176a32f,275757,236474,1376268
GER2,2026/27,2026-09-12,Hannover 96,42,Benjamin Källman,322990,1998-06-17,9,FIRST,2025-07-01,2028-06-30,,,CONFIRMED,https://www.transfermarkt.de/hannover-96/kader/verein/42/saison_id/2026/plus/1,1215cddc874fab7e50402cb82ad6c5ca92f8ced09d37a9d8569043058176a32f,275752,245582,1376268
GER2,2026/27,2026-09-12,Hannover 96,42,Benedikt Pichler,331362,1997-07-20,11,FIRST,2025-07-01,2027-06-30,,,CONFIRMED,https://www.transfermarkt.de/hannover-96/kader/verein/42/saison_id/2026/plus/1,1215cddc874fab7e50402cb82ad6c5ca92f8ced09d37a9d8569043058176a32f,275754,251342,1376268
GER2,2026/27,2026-09-12,Hannover 96,42,Tom Hobrecht,1282776,2006-11-27,26,FIRST,2026-07-01,2029-06-30,,,CONFIRMED,https://www.transfermarkt.de/hannover-96/kader/verein/42/saison_id/2026/plus/1,1215cddc874fab7e50402cb82ad6c5ca92f8ced09d37a9d8569043058176a32f,287995,229327,1376268
GER2,2026/27,2026-09-12,Hannover 96,42,Taycan Etcibasi,1009443,2007-05-21,28,FIRST,2026-07-03,2029-06-30,,,CONFIRMED,https://www.transfermarkt.de/hannover-96/kader/verein/42/saison_id/2026/plus/1,1215cddc874fab7e50402cb82ad6c5ca92f8ced09d37a9d8569043058176a32f,289658,0,1376268
GER2,2026/27,2026-09-12,SV Darmstadt 98,105,Alexander Brunst,146693,1995-07-07,30,FIRST,2022-07-01,2027-06-30,,,CONFIRMED,https://www.transfermarkt.de/sv-darmstadt-98/kader/verein/105/saison_id/2026/plus/1,807e79c80e44c91b1d4926d0fb6534a3276b98489473cc35d4238a5a660a95f9,275528,223925,1376442
GER2,2026/27,2026-09-12,SV Darmstadt 98,105,Meldin Dreskovic,379100,1998-03-26,14,FIRST,2025-02-03,,,,CONFIRMED,https://www.transfermarkt.de/sv-darmstadt-98/kader/verein/105/saison_id/2026/plus/1,807e79c80e44c91b1d4926d0fb6534a3276b98489473cc35d4238a5a660a95f9,275523,276205,1376442
GER2,2026/27,2026-09-12,SV Darmstadt 98,105,Grayson Dettoni,821066,2005-06-29,4,FIRST,2026-07-01,,,,CONFIRMED,https://www.transfermarkt.de/sv-darmstadt-98/kader/verein/105/saison_id/2026/plus/1,807e79c80e44c91b1d4926d0fb6534a3276b98489473cc35d4238a5a660a95f9,289048,74161,1376442
GER2,2026/27,2026-09-12,SV Darmstadt 98,105,Max Pfister,1131113,2007-04-03,45,FIRST,2026-07-01,2027-06-30,,,CONFIRMED,https://www.transfermarkt.de/sv-darmstadt-98/kader/verein/105/saison_id/2026/plus/1,807e79c80e44c91b1d4926d0fb6534a3276b98489473cc35d4238a5a660a95f9,275533,80161,1376442
GER2,2026/27,2026-09-12,SV Darmstadt 98,105,Fabian Nürnberger,349433,1999-07-28,15,FIRST,2023-07-01,,,,CONFIRMED,https://www.transfermarkt.de/sv-darmstadt-98/kader/verein/105/saison_id/2026/plus/1,807e79c80e44c91b1d4926d0fb6534a3276b98489473cc35d4238a5a660a95f9,275510,251287,1376442
GER2,2026/27,2026-09-12,SV Darmstadt 98,105,Christopher Lannert,326921,1998-06-08,28,FIRST,2026-07-16,2029-06-30,,,CONFIRMED,https://www.transfermarkt.de/sv-darmstadt-98/kader/verein/105/saison_id/2026/plus/1,807e79c80e44c91b1d4926d0fb6534a3276b98489473cc35d4238a5a660a95f9,275980,259453,1376442
GER2,2026/27,2026-09-12,SV Darmstadt 98,105,Carlo Sickinger,282163,1997-07-29,23,FIRST,2026-07-20,,,,CONFIRMED,https://www.transfermarkt.de/sv-darmstadt-98/kader/verein/105/saison_id/2026/plus/1,807e79c80e44c91b1d4926d0fb6534a3276b98489473cc35d4238a5a660a95f9,276418,242525,1376442
GER2,2026/27,2026-09-12,SV Darmstadt 98,105,Lance Duijvestijn,378316,1999-01-15,41,FIRST,2026-07-01,,,,CONFIRMED,https://www.transfermarkt.de/sv-darmstadt-98/kader/verein/105/saison_id/2026/plus/1,807e79c80e44c91b1d4926d0fb6534a3276b98489473cc35d4238a5a660a95f9,290851,275858,1376442
GER2,2026/27,2026-09-12,SV Darmstadt 98,105,Milian Herbst,1191425,2008-02-23,47,FIRST,2026-07-01,2027-06-30,,,CONFIRMED,https://www.transfermarkt.de/sv-darmstadt-98/kader/verein/105/saison_id/2026/plus/1,807e79c80e44c91b1d4926d0fb6534a3276b98489473cc35d4238a5a660a95f9,287794,0,1376442
GER2,2026/27,2026-09-12,SV Darmstadt 98,105,Ibrahim El Kadiri,508642,2002-01-23,11,FIRST,2026-07-01,,,,CONFIRMED,https://www.transfermarkt.de/sv-darmstadt-98/kader/verein/105/saison_id/2026/plus/1,807e79c80e44c91b1d4926d0fb6534a3276b98489473cc35d4238a5a660a95f9,136452,269274,1376442
GER2,2026/27,2026-09-12,SV Darmstadt 98,105,Manolo Merx,1125031,2008-08-20,48,FIRST,2026-07-01,2027-06-30,,,CONFIRMED,https://www.transfermarkt.de/sv-darmstadt-98/kader/verein/105/saison_id/2026/plus/1,807e79c80e44c91b1d4926d0fb6534a3276b98489473cc35d4238a5a660a95f9,275567,0,1376442
GER2,2026/27,2026-09-12,SV Darmstadt 98,105,Ho-jae Lee,545501,2000-10-14,9,FIRST,2026-07-29,,,,CONFIRMED,https://www.transfermarkt.de/sv-darmstadt-98/kader/verein/105/saison_id/2026/plus/1,807e79c80e44c91b1d4926d0fb6534a3276b98489473cc35d4238a5a660a95f9,61630,261115,1376442
GER2,2026/27,2026-09-12,SV Darmstadt 98,105,Fynn Lakenmacher,528856,2000-05-10,19,FIRST,2024-07-01,2027-06-30,,,CONFIRMED,https://www.transfermarkt.de/sv-darmstadt-98/kader/verein/105/saison_id/2026/plus/1,807e79c80e44c91b1d4926d0fb6534a3276b98489473cc35d4238a5a660a95f9,275529,262776,1376442
GER2,2026/27,2026-09-12,1. FC Kaiserslautern,2,Julian Krahl,337082,2000-01-22,1,FIRST,2022-07-01,,,,CONFIRMED,https://www.transfermarkt.de/1-fc-kaiserslautern/kader/verein/2/saison_id/2026/plus/1,f57ab040dd8126f8fe2d4d84bbf8f3d5dee76ffc0d0c490223335ff120a69dd1,276588,244417,1376257
GER2,2026/27,2026-09-12,1. FC Kaiserslautern,2,Maxwell Gyamfi,452078,2000-01-18,4,FIRST,2025-07-01,,,,CONFIRMED,https://www.transfermarkt.de/1-fc-kaiserslautern/kader/verein/2/saison_id/2026/plus/1,f57ab040dd8126f8fe2d4d84bbf8f3d5dee76ffc0d0c490223335ff120a69dd1,276595,250993,1376257
GER2,2026/27,2026-09-12,1. FC Kaiserslautern,2,Jacob Rasmussen,283233,1997-05-28,14,FIRST,2026-01-30,,,,CONFIRMED,https://www.transfermarkt.de/1-fc-kaiserslautern/kader/verein/2/saison_id/2026/plus/1,f57ab040dd8126f8fe2d4d84bbf8f3d5dee76ffc0d0c490223335ff120a69dd1,264981,234827,1376257
GER2,2026/27,2026-09-12,1. FC Kaiserslautern,2,Jan Elvedi,322506,1996-09-30,33,FIRST,2023-07-01,2028-06-30,,,CONFIRMED,https://www.transfermarkt.de/1-fc-kaiserslautern/kader/verein/2/saison_id/2026/plus/1,f57ab040dd8126f8fe2d4d84bbf8f3d5dee76ffc0d0c490223335ff120a69dd1,276597,256705,1376257
GER2,2026/27,2026-09-12,1. FC Kaiserslautern,2,Mika Haas,924087,2005-08-11,22,FIRST,2024-07-01,,,,CONFIRMED,https://www.transfermarkt.de/1-fc-kaiserslautern/kader/verein/2/saison_id/2026/plus/1,f57ab040dd8126f8fe2d4d84bbf8f3d5dee76ffc0d0c490223335ff120a69dd1,276601,73137,1376257
GER2,2026/27,2026-09-12,1. FC Kaiserslautern,2,Simon Asta,392131,2001-01-25,2,FIRST,2025-07-01,,,,CONFIRMED,https://www.transfermarkt.de/1-fc-kaiserslautern/kader/verein/2/saison_id/2026/plus/1,f57ab040dd8126f8fe2d4d84bbf8f3d5dee76ffc0d0c490223335ff120a69dd1,276589,242850,1376257
GER2,2026/27,2026-09-12,1. FC Kaiserslautern,2,Fabian Kunze,334186,1998-06-14,6,FIRST,2025-07-01,,,,CONFIRMED,https://www.transfermarkt.de/1-fc-kaiserslautern/kader/verein/2/saison_id/2026/plus/1,f57ab040dd8126f8fe2d4d84bbf8f3d5dee76ffc0d0c490223335ff120a69dd1,276587,251429,1376257
GER2,2026/27,2026-09-12,1. FC Kaiserslautern,2,Semih Sahin,566857,1999-12-22,8,FIRST,2025-07-01,,,,CONFIRMED,https://www.transfermarkt.de/1-fc-kaiserslautern/kader/verein/2/saison_id/2026/plus/1,f57ab040dd8126f8fe2d4d84bbf8f3d5dee76ffc0d0c490223335ff120a69dd1,276581,269307,1376257
GER2,2026/27,2026-09-12,1. FC Kaiserslautern,2,Naatan Skyttä,567309,2002-05-07,15,FIRST,2025-08-04,2028-06-30,,,CONFIRMED,https://www.transfermarkt.de/1-fc-kaiserslautern/kader/verein/2/saison_id/2026/plus/1,f57ab040dd8126f8fe2d4d84bbf8f3d5dee76ffc0d0c490223335ff120a69dd1,276584,263343,1376257
GER2,2026/27,2026-09-12,1. FC Kaiserslautern,2,Owen Gibs,952980,2006-11-21,43,FIRST,2026-07-01,,,,CONFIRMED,https://www.transfermarkt.de/1-fc-kaiserslautern/kader/verein/2/saison_id/2026/plus/1,f57ab040dd8126f8fe2d4d84bbf8f3d5dee76ffc0d0c490223335ff120a69dd1,288827,223663,1376257
GER2,2026/27,2026-09-12,1. FC Kaiserslautern,2,Ben Jungfleisch,1224744,2008-06-14,47,FIRST,2026-07-01,2029-06-30,,,CONFIRMED,https://www.transfermarkt.de/1-fc-kaiserslautern/kader/verein/2/saison_id/2026/plus/1,f57ab040dd8126f8fe2d4d84bbf8f3d5dee76ffc0d0c490223335ff120a69dd1,288841,80456,1376257
GER2,2026/27,2026-09-12,1. FC Kaiserslautern,2,Mergim Berisha,307924,1998-05-11,20,FIRST,2026-02-02,2027-06-30,,,CONFIRMED,https://www.transfermarkt.de/1-fc-kaiserslautern/kader/verein/2/saison_id/2026/plus/1,f57ab040dd8126f8fe2d4d84bbf8f3d5dee76ffc0d0c490223335ff120a69dd1,280188,237321,1376257
GER2,2026/27,2026-09-12,1. FC Kaiserslautern,2,Ivan Prtajin,340700,1996-05-14,9,FIRST,2025-07-01,,,,CONFIRMED,https://www.transfermarkt.de/1-fc-kaiserslautern/kader/verein/2/saison_id/2026/plus/1,f57ab040dd8126f8fe2d4d84bbf8f3d5dee76ffc0d0c490223335ff120a69dd1,276585,271395,1376257
GER2,2026/27,2026-09-12,Hertha BSC,44,Konstantin Heide,829831,2006-01-27,13,FIRST,2025-08-22,2028-06-30,,,CONFIRMED,https://www.transfermarkt.de/hertha-bsc/kader/verein/44/saison_id/2026/plus/1,ef58d9277a7c8472efef0e1196d30918a7a6beed8d2cadd9f3cdca341e9a64b2,272208,277588,1376269
GER2,2026/27,2026-09-12,Hertha BSC,44,Marius Gersbeck,196382,1995-06-20,35,FIRST,2023-07-01,2027-06-30,,,CONFIRMED,https://www.transfermarkt.de/hertha-bsc/kader/verein/44/saison_id/2026/plus/1,ef58d9277a7c8472efef0e1196d30918a7a6beed8d2cadd9f3cdca341e9a64b2,272195,213573,1376269
GER2,2026/27,2026-09-12,Hertha BSC,44,Tim Goller,822960,2005-01-26,43,FIRST,2023-07-01,2028-06-30,,,CONFIRMED,https://www.transfermarkt.de/hertha-bsc/kader/verein/44/saison_id/2026/plus/1,ef58d9277a7c8472efef0e1196d30918a7a6beed8d2cadd9f3cdca341e9a64b2,272205,273778,1376269
GER2,2026/27,2026-09-12,Hertha BSC,44,Linus Gechter,692734,2004-02-27,44,FIRST,2022-01-01,,,,CONFIRMED,https://www.transfermarkt.de/hertha-bsc/kader/verein/44/saison_id/2026/plus/1,ef58d9277a7c8472efef0e1196d30918a7a6beed8d2cadd9f3cdca341e9a64b2,272191,264589,1376269
GER2,2026/27,2026-09-12,Hertha BSC,44,Márton Dárdai,432281,2002-02-12,31,FIRST,2020-07-01,2028-06-30,,,CONFIRMED,https://www.transfermarkt.de/hertha-bsc/kader/verein/44/saison_id/2026/plus/1,ef58d9277a7c8472efef0e1196d30918a7a6beed8d2cadd9f3cdca341e9a64b2,272186,256780,1376269
GER2,2026/27,2026-09-12,Hertha BSC,44,Pascal Klemens,820261,2005-02-23,41,FIRST,2023-07-01,2028-06-30,,,CONFIRMED,https://www.transfermarkt.de/hertha-bsc/kader/verein/44/saison_id/2026/plus/1,ef58d9277a7c8472efef0e1196d30918a7a6beed8d2cadd9f3cdca341e9a64b2,272190,274735,1376269
GER2,2026/27,2026-09-12,Hertha BSC,44,Niklas Kolbe,388508,1996-12-27,27,FIRST,2025-07-01,2027-06-30,,,CONFIRMED,https://www.transfermarkt.de/hertha-bsc/kader/verein/44/saison_id/2026/plus/1,ef58d9277a7c8472efef0e1196d30918a7a6beed8d2cadd9f3cdca341e9a64b2,272198,73133,1376269
GER2,2026/27,2026-09-12,Hertha BSC,44,Mads Pedersen,288429,1996-09-01,22,FIRST,2026-08-24,2027-06-30,,,CONFIRMED,https://www.transfermarkt.de/hertha-bsc/kader/verein/44/saison_id/2026/plus/1,ef58d9277a7c8472efef0e1196d30918a7a6beed8d2cadd9f3cdca341e9a64b2,279699,229640,1376269
GER2,2026/27,2026-09-12,Hertha BSC,44,Julian Eitschberger,706617,2004-03-05,2,FIRST,2022-07-01,2029-06-30,,,CONFIRMED,https://www.transfermarkt.de/hertha-bsc/kader/verein/44/saison_id/2026/plus/1,ef58d9277a7c8472efef0e1196d30918a7a6beed8d2cadd9f3cdca341e9a64b2,272200,268536,1376269
GER2,2026/27,2026-09-12,Hertha BSC,44,Deyovaisio Zeefuik,338032,1998-03-11,42,FIRST,2020-08-06,2027-06-30,,,CONFIRMED,https://www.transfermarkt.de/hertha-bsc/kader/verein/44/saison_id/2026/plus/1,ef58d9277a7c8472efef0e1196d30918a7a6beed8d2cadd9f3cdca341e9a64b2,272180,235899,1376269
GER2,2026/27,2026-09-12,Hertha BSC,44,Selim Telib,897428,2006-03-14,47,FIRST,2026-07-01,2027-06-30,,,CONFIRMED,https://www.transfermarkt.de/hertha-bsc/kader/verein/44/saison_id/2026/plus/1,ef58d9277a7c8472efef0e1196d30918a7a6beed8d2cadd9f3cdca341e9a64b2,284394,80721,1376269
GER2,2026/27,2026-09-12,Hertha BSC,44,Kevin Sessa,448028,2000-07-06,8,FIRST,2024-07-01,2027-06-30,,,CONFIRMED,https://www.transfermarkt.de/hertha-bsc/kader/verein/44/saison_id/2026/plus/1,ef58d9277a7c8472efef0e1196d30918a7a6beed8d2cadd9f3cdca341e9a64b2,272189,242974,1376269
GER2,2026/27,2026-09-12,Hertha BSC,44,Paul Seguin,183780,1995-03-29,30,FIRST,2025-07-01,2027-06-30,,,CONFIRMED,https://www.transfermarkt.de/hertha-bsc/kader/verein/44/saison_id/2026/plus/1,ef58d9277a7c8472efef0e1196d30918a7a6beed8d2cadd9f3cdca341e9a64b2,272181,221885,1376269
GER2,2026/27,2026-09-12,Hertha BSC,44,Soufian Gouram,897482,2006-05-01,33,FIRST,2026-07-01,2027-06-30,,,CONFIRMED,https://www.transfermarkt.de/hertha-bsc/kader/verein/44/saison_id/2026/plus/1,ef58d9277a7c8472efef0e1196d30918a7a6beed8d2cadd9f3cdca341e9a64b2,272226,0,1376269
GER2,2026/27,2026-09-12,Hertha BSC,44,Josip Brekalo,293169,1998-06-23,7,FIRST,2026-02-02,2028-06-30,,,CONFIRMED,https://www.transfermarkt.de/hertha-bsc/kader/verein/44/saison_id/2026/plus/1,ef58d9277a7c8472efef0e1196d30918a7a6beed8d2cadd9f3cdca341e9a64b2,281540,234711,1376269
GER2,2026/27,2026-09-12,Hertha BSC,44,Jón Dagur Thorsteinsson,331739,1998-11-26,23,FIRST,2024-08-27,2027-06-30,,,CONFIRMED,https://www.transfermarkt.de/hertha-bsc/kader/verein/44/saison_id/2026/plus/1,ef58d9277a7c8472efef0e1196d30918a7a6beed8d2cadd9f3cdca341e9a64b2,272193,241474,1376269
GER2,2026/27,2026-09-12,Hertha BSC,44,Luca Schuler,388029,1999-03-22,18,FIRST,2024-07-01,2027-06-30,,,CONFIRMED,https://www.transfermarkt.de/hertha-bsc/kader/verein/44/saison_id/2026/plus/1,ef58d9277a7c8472efef0e1196d30918a7a6beed8d2cadd9f3cdca341e9a64b2,272199,259752,1376269
GER2,2026/27,2026-09-12,Hertha BSC,44,Sebastian Grönning,439456,1997-02-03,17,FIRST,2025-07-01,2027-06-30,,,CONFIRMED,https://www.transfermarkt.de/hertha-bsc/kader/verein/44/saison_id/2026/plus/1,ef58d9277a7c8472efef0e1196d30918a7a6beed8d2cadd9f3cdca341e9a64b2,272197,234631,1376269
GER2,2026/27,2026-09-12,1. FC Nürnberg,4,Jan Reichert,624462,2001-06-28,1,FIRST,2022-07-01,2027-06-30,,,CONFIRMED,https://www.transfermarkt.de/1-fc-nurnberg/kader/verein/4/saison_id/2026/plus/1,1d02eebfb6b905a4b771fed6091258b15847c4bfb1b6d4bd643980220ba21ebd,274317,256229,1376258
GER2,2026/27,2026-09-12,1. FC Nürnberg,4,Christian Mathenia,82361,1992-03-31,26,FIRST,2018-07-01,2028-06-30,,,CONFIRMED,https://www.transfermarkt.de/1-fc-nurnberg/kader/verein/4/saison_id/2026/plus/1,1d02eebfb6b905a4b771fed6091258b15847c4bfb1b6d4bd643980220ba21ebd,274319,215417,1376258
GER2,2026/27,2026-09-12,1. FC Nürnberg,4,Alexios Kalogeropoulos,735354,2004-07-26,4,FIRST,2026-07-01,2030-06-30,,,CONFIRMED,https://www.transfermarkt.de/1-fc-nurnberg/kader/verein/4/saison_id/2026/plus/1,1d02eebfb6b905a4b771fed6091258b15847c4bfb1b6d4bd643980220ba21ebd,104501,262109,1376258
GER2,2026/27,2026-09-12,1. FC Nürnberg,4,Styopa Mkrtchyan,623119,2003-02-17,5,FIRST,2026-02-02,,,,CONFIRMED,https://www.transfermarkt.de/1-fc-nurnberg/kader/verein/4/saison_id/2026/plus/1,1d02eebfb6b905a4b771fed6091258b15847c4bfb1b6d4bd643980220ba21ebd,275230,0,1376258
GER2,2026/27,2026-09-12,1. FC Nürnberg,4,Tobias Heß,1030193,2006-06-13,43,FIRST,2026-07-01,2027-06-30,,,CONFIRMED,https://www.transfermarkt.de/1-fc-nurnberg/kader/verein/4/saison_id/2026/plus/1,1d02eebfb6b905a4b771fed6091258b15847c4bfb1b6d4bd643980220ba21ebd,286540,271571,1376258
GER2,2026/27,2026-09-12,1. FC Nürnberg,4,Tim Janisch,924115,2005-08-12,32,FIRST,2025-01-01,,,,CONFIRMED,https://www.transfermarkt.de/1-fc-nurnberg/kader/verein/4/saison_id/2026/plus/1,1d02eebfb6b905a4b771fed6091258b15847c4bfb1b6d4bd643980220ba21ebd,274320,275594,1376258
GER2,2026/27,2026-09-12,1. FC Nürnberg,4,Adam Markhiev,592878,2002-03-17,6,FIRST,2025-09-01,2030-06-30,,,CONFIRMED,https://www.transfermarkt.de/1-fc-nurnberg/kader/verein/4/saison_id/2026/plus/1,1d02eebfb6b905a4b771fed6091258b15847c4bfb1b6d4bd643980220ba21ebd,274303,81326,1376258
GER2,2026/27,2026-09-12,1. FC Nürnberg,4,Winners Osawe,974564,2006-11-29,-,FIRST,2024-08-30,,,,CONFIRMED,https://www.transfermarkt.de/1-fc-nurnberg/kader/verein/4/saison_id/2026/plus/1,1d02eebfb6b905a4b771fed6091258b15847c4bfb1b6d4bd643980220ba21ebd,274330,70906,1376258
GER2,2026/27,2026-09-12,1. FC Nürnberg,4,Rafael Lubach,745601,2005-01-11,18,FIRST,2024-07-01,2028-06-30,,,CONFIRMED,https://www.transfermarkt.de/1-fc-nurnberg/kader/verein/4/saison_id/2026/plus/1,1d02eebfb6b905a4b771fed6091258b15847c4bfb1b6d4bd643980220ba21ebd,274316,73161,1376258
GER2,2026/27,2026-09-12,1. FC Nürnberg,4,Finn Becker,334999,2000-06-08,22,FIRST,2025-08-27,,,,CONFIRMED,https://www.transfermarkt.de/1-fc-nurnberg/kader/verein/4/saison_id/2026/plus/1,1d02eebfb6b905a4b771fed6091258b15847c4bfb1b6d4bd643980220ba21ebd,274302,245097,1376258
GER2,2026/27,2026-09-12,1. FC Nürnberg,4,Julian Justvan,324861,1998-04-02,10,FIRST,2024-08-20,2027-06-30,,,CONFIRMED,https://www.transfermarkt.de/1-fc-nurnberg/kader/verein/4/saison_id/2026/plus/1,1d02eebfb6b905a4b771fed6091258b15847c4bfb1b6d4bd643980220ba21ebd,274300,256674,1376258
GER2,2026/27,2026-09-12,1. FC Nürnberg,4,Can Moustfa,696026,2004-11-19,28,FIRST,2026-07-01,,,,CONFIRMED,https://www.transfermarkt.de/1-fc-nurnberg/kader/verein/4/saison_id/2026/plus/1,1d02eebfb6b905a4b771fed6091258b15847c4bfb1b6d4bd643980220ba21ebd,273098,73201,1376258
GER2,2026/27,2026-09-12,1. FC Nürnberg,4,Rayan Ghrieb,503291,1999-04-21,7,FIRST,2026-07-01,,,,CONFIRMED,https://www.transfermarkt.de/1-fc-nurnberg/kader/verein/4/saison_id/2026/plus/1,1d02eebfb6b905a4b771fed6091258b15847c4bfb1b6d4bd643980220ba21ebd,276305,276027,1376258
GER2,2026/27,2026-09-12,1. FC Nürnberg,4,Mohamed Alì Zoma,935828,2003-12-15,23,FIRST,2025-08-19,2029-06-30,,,CONFIRMED,https://www.transfermarkt.de/1-fc-nurnberg/kader/verein/4/saison_id/2026/plus/1,1d02eebfb6b905a4b771fed6091258b15847c4bfb1b6d4bd643980220ba21ebd,274315,80820,1376258
GER2,2026/27,2026-09-12,1. FC Nürnberg,4,Sigurd Haugen,386541,1997-07-17,9,FIRST,2026-07-01,,,,CONFIRMED,https://www.transfermarkt.de/1-fc-nurnberg/kader/verein/4/saison_id/2026/plus/1,1d02eebfb6b905a4b771fed6091258b15847c4bfb1b6d4bd643980220ba21ebd,269675,233707,1376258
GER2,2026/27,2026-09-12,1. FC Nürnberg,4,Piet Scobel,1143097,2005-04-22,19,FIRST,2025-07-01,2029-06-30,,,CONFIRMED,https://www.transfermarkt.de/1-fc-nurnberg/kader/verein/4/saison_id/2026/plus/1,1d02eebfb6b905a4b771fed6091258b15847c4bfb1b6d4bd643980220ba21ebd,274334,79266,1376258
GER2,2026/27,2026-09-12,1. FC Nürnberg,4,Adriano Grimaldi,69392,1991-04-05,39,FIRST,2025-09-01,,,,CONFIRMED,https://www.transfermarkt.de/1-fc-nurnberg/kader/verein/4/saison_id/2026/plus/1,1d02eebfb6b905a4b771fed6091258b15847c4bfb1b6d4bd643980220ba21ebd,274313,195262,1376258
GER2,2026/27,2026-09-12,VfL Bochum 1848,80,Timo Horn,84938,1993-05-12,1,FIRST,2024-08-01,2028-06-30,,,CONFIRMED,https://www.transfermarkt.de/vfl-bochum/kader/verein/80/saison_id/2026/plus/1,46a6a42e333b793b20bad6d9e1b77f42c8ca39e91c8c69a2bf0dbb6aa5adc64a,275285,200316,1376273
GER2,2026/27,2026-09-12,VfL Bochum 1848,80,Tino Casali,169271,1995-11-14,16,FIRST,2026-07-16,2028-06-30,,,CONFIRMED,https://www.transfermarkt.de/vfl-bochum/kader/verein/80/saison_id/2026/plus/1,46a6a42e333b793b20bad6d9e1b77f42c8ca39e91c8c69a2bf0dbb6aa5adc64a,256730,0,1376273
GER2,2026/27,2026-09-12,VfL Bochum 1848,80,Hugo Rölleke,930004,2005-05-06,38,FIRST,2025-07-01,2029-06-30,,,CONFIRMED,https://www.transfermarkt.de/vfl-bochum/kader/verein/80/saison_id/2026/plus/1,46a6a42e333b793b20bad6d9e1b77f42c8ca39e91c8c69a2bf0dbb6aa5adc64a,275311,71383,1376273
GER2,2026/27,2026-09-12,VfL Bochum 1848,80,Michael Steinwender,375434,2000-05-04,15,FIRST,2026-07-01,2029-06-30,,,CONFIRMED,https://www.transfermarkt.de/vfl-bochum/kader/verein/80/saison_id/2026/plus/1,46a6a42e333b793b20bad6d9e1b77f42c8ca39e91c8c69a2bf0dbb6aa5adc64a,288835,245233,1376273
GER2,2026/27,2026-09-12,VfL Bochum 1848,80,Philipp Strompf,337031,1998-04-23,3,FIRST,2025-07-01,2028-06-30,,,CONFIRMED,https://www.transfermarkt.de/vfl-bochum/kader/verein/80/saison_id/2026/plus/1,46a6a42e333b793b20bad6d9e1b77f42c8ca39e91c8c69a2bf0dbb6aa5adc64a,275284,264442,1376273
GER2,2026/27,2026-09-12,VfL Bochum 1848,80,Karol Mets,139304,1993-05-16,5,FIRST,2026-07-17,2028-06-30,,,CONFIRMED,https://www.transfermarkt.de/vfl-bochum/kader/verein/80/saison_id/2026/plus/1,46a6a42e333b793b20bad6d9e1b77f42c8ca39e91c8c69a2bf0dbb6aa5adc64a,277266,226506,1376273
GER2,2026/27,2026-09-12,VfL Bochum 1848,80,Yiğit Karademir,796217,2004-04-10,4,FIRST,2026-07-01,2030-06-30,,,CONFIRMED,https://www.transfermarkt.de/vfl-bochum/kader/verein/80/saison_id/2026/plus/1,46a6a42e333b793b20bad6d9e1b77f42c8ca39e91c8c69a2bf0dbb6aa5adc64a,272312,268651,1376273
GER2,2026/27,2026-09-12,VfL Bochum 1848,80,Maximilian Wittek,196793,1995-08-21,32,FIRST,2023-08-14,2028-06-30,,,CONFIRMED,https://www.transfermarkt.de/vfl-bochum/kader/verein/80/saison_id/2026/plus/1,46a6a42e333b793b20bad6d9e1b77f42c8ca39e91c8c69a2bf0dbb6aa5adc64a,275282,224423,1376273
GER2,2026/27,2026-09-12,VfL Bochum 1848,80,Leon Sawas,1159505,2007-07-11,31,FIRST,2026-07-01,2028-06-30,,,CONFIRMED,https://www.transfermarkt.de/vfl-bochum/kader/verein/80/saison_id/2026/plus/1,46a6a42e333b793b20bad6d9e1b77f42c8ca39e91c8c69a2bf0dbb6aa5adc64a,290131,0,1376273
GER2,2026/27,2026-09-12,VfL Bochum 1848,80,Jean Manuel Mbom,335003,2000-02-24,8,FIRST,2026-07-01,2029-06-30,,,CONFIRMED,https://www.transfermarkt.de/vfl-bochum/kader/verein/80/saison_id/2026/plus/1,46a6a42e333b793b20bad6d9e1b77f42c8ca39e91c8c69a2bf0dbb6aa5adc64a,284823,241150,1376273
GER2,2026/27,2026-09-12,VfL Bochum 1848,80,Sean Klaiber,268113,1994-07-31,2,FIRST,2026-08-31,,,,CONFIRMED,https://www.transfermarkt.de/vfl-bochum/kader/verein/80/saison_id/2026/plus/1,46a6a42e333b793b20bad6d9e1b77f42c8ca39e91c8c69a2bf0dbb6aa5adc64a,286273,219814,1376273
GER2,2026/27,2026-09-12,VfL Bochum 1848,80,Lasse Isbruch,1253286,2008-06-15,39,FIRST,2026-07-01,2028-06-30,,,CONFIRMED,https://www.transfermarkt.de/vfl-bochum/kader/verein/80/saison_id/2026/plus/1,46a6a42e333b793b20bad6d9e1b77f42c8ca39e91c8c69a2bf0dbb6aa5adc64a,287516,0,1376273
GER2,2026/27,2026-09-12,VfL Bochum 1848,80,Mats Pannewig,796221,2004-10-28,24,FIRST,2023-07-01,2028-06-30,,,CONFIRMED,https://www.transfermarkt.de/vfl-bochum/kader/verein/80/saison_id/2026/plus/1,46a6a42e333b793b20bad6d9e1b77f42c8ca39e91c8c69a2bf0dbb6aa5adc64a,275302,274617,1376273
GER2,2026/27,2026-09-12,VfL Bochum 1848,80,Tom Meyer,1162490,2007-12-22,34,FIRST,2026-07-01,2028-06-30,,,CONFIRMED,https://www.transfermarkt.de/vfl-bochum/kader/verein/80/saison_id/2026/plus/1,46a6a42e333b793b20bad6d9e1b77f42c8ca39e91c8c69a2bf0dbb6aa5adc64a,287512,0,1376273
GER2,2026/27,2026-09-12,VfL Bochum 1848,80,Koji Miyoshi,295060,1997-03-26,23,FIRST,2024-08-30,2028-06-30,,,CONFIRMED,https://www.transfermarkt.de/vfl-bochum/kader/verein/80/saison_id/2026/plus/1,46a6a42e333b793b20bad6d9e1b77f42c8ca39e91c8c69a2bf0dbb6aa5adc64a,275291,233151,1376273
GER2,2026/27,2026-09-12,VfL Bochum 1848,80,Berkan Taz,451380,1998-12-19,10,FIRST,2026-07-01,2028-06-30,,,CONFIRMED,https://www.transfermarkt.de/vfl-bochum/kader/verein/80/saison_id/2026/plus/1,46a6a42e333b793b20bad6d9e1b77f42c8ca39e91c8c69a2bf0dbb6aa5adc64a,271434,240329,1376273
GER2,2026/27,2026-09-12,VfL Bochum 1848,80,Gerrit Holtmann,190289,1995-03-25,17,FIRST,2020-08-24,2027-06-30,,,CONFIRMED,https://www.transfermarkt.de/vfl-bochum/kader/verein/80/saison_id/2026/plus/1,46a6a42e333b793b20bad6d9e1b77f42c8ca39e91c8c69a2bf0dbb6aa5adc64a,275290,228614,1376273
GER2,2026/27,2026-09-12,VfL Bochum 1848,80,Alessandro Crimaldi,1127988,2007-09-28,37,FIRST,2026-07-01,2029-06-30,,,CONFIRMED,https://www.transfermarkt.de/vfl-bochum/kader/verein/80/saison_id/2026/plus/1,46a6a42e333b793b20bad6d9e1b77f42c8ca39e91c8c69a2bf0dbb6aa5adc64a,275314,80264,1376273
GER2,2026/27,2026-09-12,VfL Bochum 1848,80,Christian Rasmussen,610429,2003-01-19,7,FIRST,2026-07-08,2030-06-30,,,CONFIRMED,https://www.transfermarkt.de/vfl-bochum/kader/verein/80/saison_id/2026/plus/1,46a6a42e333b793b20bad6d9e1b77f42c8ca39e91c8c69a2bf0dbb6aa5adc64a,276698,272982,1376273
GER2,2026/27,2026-09-12,VfL Bochum 1848,80,Babis Drakas,675612,2003-02-04,27,FIRST,2026-07-01,2029-06-30,,,CONFIRMED,https://www.transfermarkt.de/vfl-bochum/kader/verein/80/saison_id/2026/plus/1,46a6a42e333b793b20bad6d9e1b77f42c8ca39e91c8c69a2bf0dbb6aa5adc64a,289640,0,1376273
GER2,2026/27,2026-09-12,VfL Bochum 1848,80,Daniel Hanslik,416809,1996-10-06,19,FIRST,2026-07-01,2028-06-30,,,CONFIRMED,https://www.transfermarkt.de/vfl-bochum/kader/verein/80/saison_id/2026/plus/1,46a6a42e333b793b20bad6d9e1b77f42c8ca39e91c8c69a2bf0dbb6aa5adc64a,276596,248434,1376273
GER2,2026/27,2026-09-12,VfL Bochum 1848,80,Philipp Hofmann,119037,1993-03-30,33,FIRST,2022-07-01,2028-06-30,,,CONFIRMED,https://www.transfermarkt.de/vfl-bochum/kader/verein/80/saison_id/2026/plus/1,46a6a42e333b793b20bad6d9e1b77f42c8ca39e91c8c69a2bf0dbb6aa5adc64a,275283,206606,1376273
GER2,2026/27,2026-09-12,VfL Bochum 1848,80,Luis Pick,1162986,2007-11-05,36,FIRST,2026-07-01,2028-06-30,,,CONFIRMED,https://www.transfermarkt.de/vfl-bochum/kader/verein/80/saison_id/2026/plus/1,46a6a42e333b793b20bad6d9e1b77f42c8ca39e91c8c69a2bf0dbb6aa5adc64a,287513,0,1376273
GER2,2026/27,2026-09-12,Karlsruher SC,48,Sebastian Jung,49730,1990-06-22,2,FIRST,2020-09-22,2027-06-30,,,CONFIRMED,https://www.transfermarkt.de/karlsruher-sc/kader/verein/48/saison_id/2026/plus/1,502be878e53560db93a5e23bc70c24b09c8a3f9aa264941d3a29a99a7083b789,276190,192658,1376283
GER2,2026/27,2026-09-12,Karlsruher SC,48,Danyal Zor,1163673,2007-06-05,26,FIRST,2026-07-01,2028-06-30,,,CONFIRMED,https://www.transfermarkt.de/karlsruher-sc/kader/verein/48/saison_id/2026/plus/1,502be878e53560db93a5e23bc70c24b09c8a3f9aa264941d3a29a99a7083b789,276214,81655,1376283
GER2,2026/27,2026-09-12,Karlsruher SC,48,Lilian Egloff,472243,2002-08-20,25,FIRST,2024-09-02,,,,CONFIRMED,https://www.transfermarkt.de/karlsruher-sc/kader/verein/48/saison_id/2026/plus/1,502be878e53560db93a5e23bc70c24b09c8a3f9aa264941d3a29a99a7083b789,276192,254480,1376283
GER2,2026/27,2026-09-12,Karlsruher SC,48,John Davis Meyer,1297467,2009-07-29,27,FIRST,2026-07-01,2029-06-30,,,CONFIRMED,https://www.transfermarkt.de/karlsruher-sc/kader/verein/48/saison_id/2026/plus/1,502be878e53560db93a5e23bc70c24b09c8a3f9aa264941d3a29a99a7083b789,288478,215419,1376283
GER2,2026/27,2026-09-12,SG Dynamo Dresden,129,Tim Schreiber,426685,2002-04-24,1,FIRST,2024-07-01,2027-06-30,,,CONFIRMED,https://www.transfermarkt.de/sg-dynamo-dresden/kader/verein/129/saison_id/2026/plus/1,e7de409708fb7109444d4f9163d9959ec24a63b876d33dbfb1a3f2afff6bb65f,274789,252911,1376278
GER2,2026/27,2026-09-12,SG Dynamo Dresden,129,Elias Bethke,601918,2003-03-21,40,FIRST,2026-01-13,2028-06-30,,,CONFIRMED,https://www.transfermarkt.de/sg-dynamo-dresden/kader/verein/129/saison_id/2026/plus/1,e7de409708fb7109444d4f9163d9959ec24a63b876d33dbfb1a3f2afff6bb65f,273076,72755,1376278
GER2,2026/27,2026-09-12,SG Dynamo Dresden,129,Thomas Keller,485747,1999-08-05,39,FIRST,2026-07-10,2030-06-30,,,CONFIRMED,https://www.transfermarkt.de/sg-dynamo-dresden/kader/verein/129/saison_id/2026/plus/1,e7de409708fb7109444d4f9163d9959ec24a63b876d33dbfb1a3f2afff6bb65f,281250,251289,1376278
GER2,2026/27,2026-09-12,SG Dynamo Dresden,129,Kenneth Schmidt,527276,2002-06-03,4,FIRST,2026-07-01,,,,CONFIRMED,https://www.transfermarkt.de/sg-dynamo-dresden/kader/verein/129/saison_id/2026/plus/1,e7de409708fb7109444d4f9163d9959ec24a63b876d33dbfb1a3f2afff6bb65f,276710,262665,1376278
GER2,2026/27,2026-09-12,SG Dynamo Dresden,129,Lukas Boeder,227078,1997-04-18,29,FIRST,2024-07-01,2027-06-30,,,CONFIRMED,https://www.transfermarkt.de/sg-dynamo-dresden/kader/verein/129/saison_id/2026/plus/1,e7de409708fb7109444d4f9163d9959ec24a63b876d33dbfb1a3f2afff6bb65f,274792,225636,1376278
GER2,2026/27,2026-09-12,SG Dynamo Dresden,129,Lars Bünning,379114,1998-02-27,23,FIRST,2023-08-16,2027-06-30,,,CONFIRMED,https://www.transfermarkt.de/sg-dynamo-dresden/kader/verein/129/saison_id/2026/plus/1,e7de409708fb7109444d4f9163d9959ec24a63b876d33dbfb1a3f2afff6bb65f,274795,239634,1376278
GER2,2026/27,2026-09-12,SG Dynamo Dresden,129,Alexander Rossipal,296188,1996-06-06,19,FIRST,2025-07-01,2027-06-30,,,CONFIRMED,https://www.transfermarkt.de/sg-dynamo-dresden/kader/verein/129/saison_id/2026/plus/1,e7de409708fb7109444d4f9163d9959ec24a63b876d33dbfb1a3f2afff6bb65f,274799,244133,1376278
GER2,2026/27,2026-09-12,SG Dynamo Dresden,129,Jonas Sterner,528619,2002-05-13,32,FIRST,2026-07-01,,,,CONFIRMED,https://www.transfermarkt.de/sg-dynamo-dresden/kader/verein/129/saison_id/2026/plus/1,e7de409708fb7109444d4f9163d9959ec24a63b876d33dbfb1a3f2afff6bb65f,275761,256954,1376278
GER2,2026/27,2026-09-12,SG Dynamo Dresden,129,Nicolai Rapp,185427,1996-12-13,6,FIRST,2026-07-01,2029-06-30,,,CONFIRMED,https://www.transfermarkt.de/sg-dynamo-dresden/kader/verein/129/saison_id/2026/plus/1,e7de409708fb7109444d4f9163d9959ec24a63b876d33dbfb1a3f2afff6bb65f,276188,227511,1376278
GER2,2026/27,2026-09-12,SG Dynamo Dresden,129,Niklas Hauptmann,205544,1996-06-27,27,FIRST,2022-08-31,2028-06-30,,,CONFIRMED,https://www.transfermarkt.de/sg-dynamo-dresden/kader/verein/129/saison_id/2026/plus/1,e7de409708fb7109444d4f9163d9959ec24a63b876d33dbfb1a3f2afff6bb65f,274782,234385,1376278
GER2,2026/27,2026-09-12,SG Dynamo Dresden,129,Ben Bobzien,658116,2003-04-29,20,FIRST,2026-07-16,,,,CONFIRMED,https://www.transfermarkt.de/sg-dynamo-dresden/kader/verein/129/saison_id/2026/plus/1,e7de409708fb7109444d4f9163d9959ec24a63b876d33dbfb1a3f2afff6bb65f,280318,264247,1376278
GER2,2026/27,2026-09-12,SG Dynamo Dresden,129,Nils Fröling,532784,2000-04-20,16,FIRST,2025-07-01,2027-06-30,,,CONFIRMED,https://www.transfermarkt.de/sg-dynamo-dresden/kader/verein/129/saison_id/2026/plus/1,e7de409708fb7109444d4f9163d9959ec24a63b876d33dbfb1a3f2afff6bb65f,274791,243360,1376278
GER2,2026/27,2026-09-12,SG Dynamo Dresden,129,Christoph Daferner,324851,1998-01-12,33,FIRST,2025-07-01,2028-06-30,,,CONFIRMED,https://www.transfermarkt.de/sg-dynamo-dresden/kader/verein/129/saison_id/2026/plus/1,e7de409708fb7109444d4f9163d9959ec24a63b876d33dbfb1a3f2afff6bb65f,274784,235157,1376278
GER2,2026/27,2026-09-12,SG Dynamo Dresden,129,Kaan Inanoglu,1186442,2005-08-16,11,FIRST,2026-07-01,,,,CONFIRMED,https://www.transfermarkt.de/sg-dynamo-dresden/kader/verein/129/saison_id/2026/plus/1,e7de409708fb7109444d4f9163d9959ec24a63b876d33dbfb1a3f2afff6bb65f,289387,224428,1376278
GER2,2026/27,2026-09-12,Holstein Kiel,269,Timon Weiner,296428,1999-01-18,1,FIRST,2018-07-01,2027-06-30,,,CONFIRMED,https://www.transfermarkt.de/holstein-kiel/kader/verein/269/saison_id/2026/plus/1,a21383144033c3b6f3673ba9e2f837be3941ac96cf75125b24654477c6bc1716,100096,244001,1376418
GER2,2026/27,2026-09-12,Holstein Kiel,269,Lio Rothenhagen,939807,2006-08-31,41,FIRST,2025-07-01,2029-06-30,,,CONFIRMED,https://www.transfermarkt.de/holstein-kiel/kader/verein/269/saison_id/2026/plus/1,a21383144033c3b6f3673ba9e2f837be3941ac96cf75125b24654477c6bc1716,100114,279022,1376418
GER2,2026/27,2026-09-12,Holstein Kiel,269,Ben Schmit,1200691,2008-02-11,49,FIRST,2026-07-01,2030-06-30,,,CONFIRMED,https://www.transfermarkt.de/holstein-kiel/kader/verein/269/saison_id/2026/plus/1,a21383144033c3b6f3673ba9e2f837be3941ac96cf75125b24654477c6bc1716,104979,0,1376418
GER2,2026/27,2026-09-12,Holstein Kiel,269,David Zec,469709,2000-01-05,26,FIRST,2025-01-01,2029-06-30,,,CONFIRMED,https://www.transfermarkt.de/holstein-kiel/kader/verein/269/saison_id/2026/plus/1,a21383144033c3b6f3673ba9e2f837be3941ac96cf75125b24654477c6bc1716,100089,76106,1376418
GER2,2026/27,2026-09-12,Holstein Kiel,269,Ivan Nekic,464333,2000-12-24,13,FIRST,2025-01-22,2029-06-30,,,CONFIRMED,https://www.transfermarkt.de/holstein-kiel/kader/verein/269/saison_id/2026/plus/1,a21383144033c3b6f3673ba9e2f837be3941ac96cf75125b24654477c6bc1716,100103,76706,1376418
GER2,2026/27,2026-09-12,Holstein Kiel,269,Noah Madsen,856406,2001-09-17,5,FIRST,2026-08-19,2030-06-30,,,CONFIRMED,https://www.transfermarkt.de/holstein-kiel/kader/verein/269/saison_id/2026/plus/1,a21383144033c3b6f3673ba9e2f837be3941ac96cf75125b24654477c6bc1716,159247,0,1376418
GER2,2026/27,2026-09-12,Holstein Kiel,269,Frederik Roslyng,1051739,2005-12-25,2,FIRST,2025-08-26,2029-06-30,,,CONFIRMED,https://www.transfermarkt.de/holstein-kiel/kader/verein/269/saison_id/2026/plus/1,a21383144033c3b6f3673ba9e2f837be3941ac96cf75125b24654477c6bc1716,100107,275604,1376418
GER2,2026/27,2026-09-12,Holstein Kiel,269,Sebastian Schonlau,213751,1994-08-05,4,FIRST,2026-07-04,2027-06-30,,,CONFIRMED,https://www.transfermarkt.de/holstein-kiel/kader/verein/269/saison_id/2026/plus/1,a21383144033c3b6f3673ba9e2f837be3941ac96cf75125b24654477c6bc1716,300432,214948,1376418
GER2,2026/27,2026-09-12,Holstein Kiel,269,John Tolkin,683812,2002-07-31,47,FIRST,2025-01-16,2028-06-30,,,CONFIRMED,https://www.transfermarkt.de/holstein-kiel/kader/verein/269/saison_id/2026/plus/1,a21383144033c3b6f3673ba9e2f837be3941ac96cf75125b24654477c6bc1716,100087,251834,1376418
GER2,2026/27,2026-09-12,Holstein Kiel,269,Leon Parduzi,1045850,2006-12-10,40,FIRST,2025-07-01,2028-06-30,,,CONFIRMED,https://www.transfermarkt.de/holstein-kiel/kader/verein/269/saison_id/2026/plus/1,a21383144033c3b6f3673ba9e2f837be3941ac96cf75125b24654477c6bc1716,100111,79299,1376418
GER2,2026/27,2026-09-12,Holstein Kiel,269,Kasper Davidsen,802513,2005-01-25,15,FIRST,2025-07-01,2029-06-30,,,CONFIRMED,https://www.transfermarkt.de/holstein-kiel/kader/verein/269/saison_id/2026/plus/1,a21383144033c3b6f3673ba9e2f837be3941ac96cf75125b24654477c6bc1716,100101,73125,1376418
GER2,2026/27,2026-09-12,Holstein Kiel,269,Jonas Meffert,107574,1994-09-04,28,FIRST,2026-01-03,2028-06-30,,,CONFIRMED,https://www.transfermarkt.de/holstein-kiel/kader/verein/269/saison_id/2026/plus/1,a21383144033c3b6f3673ba9e2f837be3941ac96cf75125b24654477c6bc1716,275636,212321,1376418
GER2,2026/27,2026-09-12,Holstein Kiel,269,Ikem Ugoh,915433,2005-07-11,27,FIRST,2026-04-01,2028-06-30,,,CONFIRMED,https://www.transfermarkt.de/holstein-kiel/kader/verein/269/saison_id/2026/plus/1,a21383144033c3b6f3673ba9e2f837be3941ac96cf75125b24654477c6bc1716,104513,74919,1376418
GER2,2026/27,2026-09-12,Holstein Kiel,269,Hamza Muqaj,920013,2005-10-03,48,FIRST,2025-07-01,2028-06-30,,,CONFIRMED,https://www.transfermarkt.de/holstein-kiel/kader/verein/269/saison_id/2026/plus/1,a21383144033c3b6f3673ba9e2f837be3941ac96cf75125b24654477c6bc1716,100110,79298,1376418
GER2,2026/27,2026-09-12,Holstein Kiel,269,Jonas Therkelsen,1027770,2003-05-05,10,FIRST,2025-07-01,2029-06-30,,,CONFIRMED,https://www.transfermarkt.de/holstein-kiel/kader/verein/269/saison_id/2026/plus/1,a21383144033c3b6f3673ba9e2f837be3941ac96cf75125b24654477c6bc1716,100092,271993,1376418
GER2,2026/27,2026-09-12,Holstein Kiel,269,Tayar Tasdelen,1215798,2006-03-10,30,FIRST,2026-01-03,2029-06-30,,,CONFIRMED,https://www.transfermarkt.de/holstein-kiel/kader/verein/269/saison_id/2026/plus/1,a21383144033c3b6f3673ba9e2f837be3941ac96cf75125b24654477c6bc1716,280616,71778,1376418
GER2,2026/27,2026-09-12,Holstein Kiel,269,Faride Alidou,456492,2001-07-18,17,FIRST,2026-07-06,2027-06-30,,,CONFIRMED,https://www.transfermarkt.de/holstein-kiel/kader/verein/269/saison_id/2026/plus/1,a21383144033c3b6f3673ba9e2f837be3941ac96cf75125b24654477c6bc1716,276594,264409,1376418
GER2,2026/27,2026-09-12,Holstein Kiel,269,Andu Kelati,719694,2002-08-13,16,FIRST,2024-07-01,2028-06-30,,,CONFIRMED,https://www.transfermarkt.de/holstein-kiel/kader/verein/269/saison_id/2026/plus/1,a21383144033c3b6f3673ba9e2f837be3941ac96cf75125b24654477c6bc1716,100099,73149,1376418
GER2,2026/27,2026-09-12,Holstein Kiel,269,Moritz Reimers,1084639,2007-02-13,22,FIRST,2026-07-01,2030-06-30,,,CONFIRMED,https://www.transfermarkt.de/holstein-kiel/kader/verein/269/saison_id/2026/plus/1,a21383144033c3b6f3673ba9e2f837be3941ac96cf75125b24654477c6bc1716,287852,0,1376418
GER2,2026/27,2026-09-12,Holstein Kiel,269,Adrián Kaprálik,546822,2002-06-10,20,FIRST,2025-08-22,2029-06-30,,,CONFIRMED,https://www.transfermarkt.de/holstein-kiel/kader/verein/269/saison_id/2026/plus/1,a21383144033c3b6f3673ba9e2f837be3941ac96cf75125b24654477c6bc1716,100088,277767,1376418
GER2,2026/27,2026-09-12,Holstein Kiel,269,Giorgi Kvilitaia,186233,1993-10-01,9,FIRST,2026-07-01,2027-06-30,,,CONFIRMED,https://www.transfermarkt.de/holstein-kiel/kader/verein/269/saison_id/2026/plus/1,a21383144033c3b6f3673ba9e2f837be3941ac96cf75125b24654477c6bc1716,6189,235812,1376418
GER2,2026/27,2026-09-12,Holstein Kiel,269,Steven Skrzybski,93827,1992-11-18,7,FIRST,2021-07-05,2027-06-30,,,CONFIRMED,https://www.transfermarkt.de/holstein-kiel/kader/verein/269/saison_id/2026/plus/1,a21383144033c3b6f3673ba9e2f837be3941ac96cf75125b24654477c6bc1716,100086,200473,1376418
GER2,2026/27,2026-09-12,DSC Arminia Bielefeld,10,Jonas Kersken,597804,2000-09-01,1,FIRST,2024-07-01,2028-06-30,,,CONFIRMED,https://www.transfermarkt.de/arminia-bielefeld/kader/verein/10/saison_id/2026/plus/1,6bf7304bb5b98268f93279c205b7358b904316470f2c43947fcad0ff2680d083,275977,257914,1376260
GER2,2026/27,2026-09-12,DSC Arminia Bielefeld,10,Leo Oppermann,489343,2001-08-28,18,FIRST,2024-07-01,2027-06-30,,,CONFIRMED,https://www.transfermarkt.de/arminia-bielefeld/kader/verein/10/saison_id/2026/plus/1,6bf7304bb5b98268f93279c205b7358b904316470f2c43947fcad0ff2680d083,275996,253171,1376260
GER2,2026/27,2026-09-12,DSC Arminia Bielefeld,10,Maximilian Bauer,388363,2000-02-09,5,FIRST,2026-07-01,,,,CONFIRMED,https://www.transfermarkt.de/arminia-bielefeld/kader/verein/10/saison_id/2026/plus/1,6bf7304bb5b98268f93279c205b7358b904316470f2c43947fcad0ff2680d083,279701,245347,1376260
GER2,2026/27,2026-09-12,DSC Arminia Bielefeld,10,Maximilian Großer,528515,2001-07-23,19,FIRST,2023-07-01,2027-06-30,,,CONFIRMED,https://www.transfermarkt.de/arminia-bielefeld/kader/verein/10/saison_id/2026/plus/1,6bf7304bb5b98268f93279c205b7358b904316470f2c43947fcad0ff2680d083,275978,257779,1376260
GER2,2026/27,2026-09-12,DSC Arminia Bielefeld,10,Joel Felix,400532,1998-01-13,3,FIRST,2024-07-01,2027-06-30,,,CONFIRMED,https://www.transfermarkt.de/arminia-bielefeld/kader/verein/10/saison_id/2026/plus/1,6bf7304bb5b98268f93279c205b7358b904316470f2c43947fcad0ff2680d083,275983,233492,1376260
GER2,2026/27,2026-09-12,DSC Arminia Bielefeld,10,Arne Sicker,244997,1997-04-17,17,FIRST,2025-08-29,2028-06-30,,,CONFIRMED,https://www.transfermarkt.de/arminia-bielefeld/kader/verein/10/saison_id/2026/plus/1,6bf7304bb5b98268f93279c205b7358b904316470f2c43947fcad0ff2680d083,275994,238683,1376260
GER2,2026/27,2026-09-12,DSC Arminia Bielefeld,10,Felix Hagmann,749942,2004-01-29,2,FIRST,2024-09-01,2028-06-30,,,CONFIRMED,https://www.transfermarkt.de/arminia-bielefeld/kader/verein/10/saison_id/2026/plus/1,6bf7304bb5b98268f93279c205b7358b904316470f2c43947fcad0ff2680d083,275986,74938,1376260
GER2,2026/27,2026-09-12,DSC Arminia Bielefeld,10,Stefano Russo,343332,2000-06-29,21,FIRST,2024-07-01,2028-06-30,,,CONFIRMED,https://www.transfermarkt.de/arminia-bielefeld/kader/verein/10/saison_id/2026/plus/1,6bf7304bb5b98268f93279c205b7358b904316470f2c43947fcad0ff2680d083,275973,252861,1376260
GER2,2026/27,2026-09-12,DSC Arminia Bielefeld,10,Marius Wörl,786827,2004-04-05,38,FIRST,2025-08-24,2029-06-30,,,CONFIRMED,https://www.transfermarkt.de/arminia-bielefeld/kader/verein/10/saison_id/2026/plus/1,6bf7304bb5b98268f93279c205b7358b904316470f2c43947fcad0ff2680d083,275976,270403,1376260
GER2,2026/27,2026-09-12,DSC Arminia Bielefeld,10,Leon Jensen,273904,1997-05-19,31,FIRST,2026-09-01,2027-06-30,,,CONFIRMED,https://www.transfermarkt.de/arminia-bielefeld/kader/verein/10/saison_id/2026/plus/1,6bf7304bb5b98268f93279c205b7358b904316470f2c43947fcad0ff2680d083,272188,238792,1376260
GER2,2026/27,2026-09-12,DSC Arminia Bielefeld,10,Till Wegener,1322876,2009-02-01,42,FIRST,2026-07-29,2028-06-30,,,CONFIRMED,https://www.transfermarkt.de/arminia-bielefeld/kader/verein/10/saison_id/2026/plus/1,6bf7304bb5b98268f93279c205b7358b904316470f2c43947fcad0ff2680d083,276031,0,1376260
GER2,2026/27,2026-09-12,DSC Arminia Bielefeld,10,Sam Schreck,335100,1999-01-29,8,FIRST,2023-07-01,2027-06-30,,,CONFIRMED,https://www.transfermarkt.de/arminia-bielefeld/kader/verein/10/saison_id/2026/plus/1,6bf7304bb5b98268f93279c205b7358b904316470f2c43947fcad0ff2680d083,275988,235288,1376260
GER2,2026/27,2026-09-12,DSC Arminia Bielefeld,10,Lukas Kunze,333239,1998-06-14,13,FIRST,2024-07-01,2027-06-30,,,CONFIRMED,https://www.transfermarkt.de/arminia-bielefeld/kader/verein/10/saison_id/2026/plus/1,6bf7304bb5b98268f93279c205b7358b904316470f2c43947fcad0ff2680d083,275993,262840,1376260
GER2,2026/27,2026-09-12,DSC Arminia Bielefeld,10,Jannik Rochelt,501794,1998-09-27,10,FIRST,2026-07-01,,,,CONFIRMED,https://www.transfermarkt.de/arminia-bielefeld/kader/verein/10/saison_id/2026/plus/1,6bf7304bb5b98268f93279c205b7358b904316470f2c43947fcad0ff2680d083,275756,250946,1376260
GER2,2026/27,2026-09-12,DSC Arminia Bielefeld,10,Daniel Richter,1116190,2008-04-08,43,FIRST,2025-07-01,2028-06-30,,,CONFIRMED,https://www.transfermarkt.de/arminia-bielefeld/kader/verein/10/saison_id/2026/plus/1,6bf7304bb5b98268f93279c205b7358b904316470f2c43947fcad0ff2680d083,275997,73953,1376260
GER2,2026/27,2026-09-12,DSC Arminia Bielefeld,10,Isaiah Young,433956,1998-03-30,30,FIRST,2024-08-27,2027-06-30,,,CONFIRMED,https://www.transfermarkt.de/arminia-bielefeld/kader/verein/10/saison_id/2026/plus/1,6bf7304bb5b98268f93279c205b7358b904316470f2c43947fcad0ff2680d083,275989,239661,1376260
GER2,2026/27,2026-09-12,1. FC Magdeburg,187,Dominik Reimann,238722,1997-06-18,1,FIRST,2021-07-01,2029-06-30,,,CONFIRMED,https://www.transfermarkt.de/1-fc-magdeburg/kader/verein/187/saison_id/2026/plus/1,d0ff31a4349276164899e3293cd9c2c30e400169104ef2ece40cfdb9b3d70c93,276306,228607,1376373
GER2,2026/27,2026-09-12,1. FC Magdeburg,187,Tobias Müller,19483,1994-07-08,5,FIRST,2024-01-02,2028-06-30,,,CONFIRMED,https://www.transfermarkt.de/1-fc-magdeburg/kader/verein/187/saison_id/2026/plus/1,d0ff31a4349276164899e3293cd9c2c30e400169104ef2ece40cfdb9b3d70c93,276312,239928,1376373
GER2,2026/27,2026-09-12,1. FC Magdeburg,187,Lubambo Musonda,333859,1995-03-01,19,FIRST,2024-07-01,2027-06-30,,,CONFIRMED,https://www.transfermarkt.de/1-fc-magdeburg/kader/verein/187/saison_id/2026/plus/1,d0ff31a4349276164899e3293cd9c2c30e400169104ef2ece40cfdb9b3d70c93,276309,246959,1376373
GER2,2026/27,2026-09-12,1. FC Magdeburg,187,Luka Hyryläinen,716898,2004-08-25,38,FIRST,2025-08-19,2028-06-30,,,CONFIRMED,https://www.transfermarkt.de/1-fc-magdeburg/kader/verein/187/saison_id/2026/plus/1,d0ff31a4349276164899e3293cd9c2c30e400169104ef2ece40cfdb9b3d70c93,276320,72974,1376373
GER2,2026/27,2026-09-12,1. FC Magdeburg,187,Tony Reitz,815237,2004-07-05,14,FIRST,2026-07-01,,,,CONFIRMED,https://www.transfermarkt.de/1-fc-magdeburg/kader/verein/187/saison_id/2026/plus/1,d0ff31a4349276164899e3293cd9c2c30e400169104ef2ece40cfdb9b3d70c93,289633,0,1376373
GER2,2026/27,2026-09-12,1. FC Magdeburg,187,Leon Mergner,1035864,2006-07-21,33,FIRST,2026-08-27,2029-06-30,,,CONFIRMED,https://www.transfermarkt.de/1-fc-magdeburg/kader/verein/187/saison_id/2026/plus/1,d0ff31a4349276164899e3293cd9c2c30e400169104ef2ece40cfdb9b3d70c93,288550,239357,1376373
GER2,2026/27,2026-09-12,1. FC Magdeburg,187,Moritz-Broni Kwarteng,316575,1998-04-28,10,FIRST,2026-07-07,2028-06-30,,,CONFIRMED,https://www.transfermarkt.de/1-fc-magdeburg/kader/verein/187/saison_id/2026/plus/1,d0ff31a4349276164899e3293cd9c2c30e400169104ef2ece40cfdb9b3d70c93,275292,243970,1376373
GER2,2026/27,2026-09-12,1. FC Magdeburg,187,Mateusz Zukowski,470375,2001-11-23,22,FIRST,2025-09-01,2029-06-30,,,CONFIRMED,https://www.transfermarkt.de/1-fc-magdeburg/kader/verein/187/saison_id/2026/plus/1,d0ff31a4349276164899e3293cd9c2c30e400169104ef2ece40cfdb9b3d70c93,276319,243949,1376373
GER2,2026/27,2026-09-12,Braunschweig TSV Eintracht,23,Ron-Thorben Hoffmann,317444,1999-04-04,1,FIRST,2025-07-01,2027-06-30,,,CONFIRMED,https://www.transfermarkt.de/eintracht-braunschweig/kader/verein/23/saison_id/2026/plus/1,4dcb46d8b8a7e777d024f2983d9ebc008ec793f5ecc0c3f4c8db4cd20b3b5982,275163,241859,1376426
GER2,2026/27,2026-09-12,Braunschweig TSV Eintracht,23,Benjamin Uphoff,120296,1993-08-08,32,FIRST,2026-07-01,2028-06-30,,,CONFIRMED,https://www.transfermarkt.de/eintracht-braunschweig/kader/verein/23/saison_id/2026/plus/1,4dcb46d8b8a7e777d024f2983d9ebc008ec793f5ecc0c3f4c8db4cd20b3b5982,100210,206145,1376426
GER2,2026/27,2026-09-12,Braunschweig TSV Eintracht,23,Nick Bodon,1115668,2007-05-31,33,FIRST,2026-07-01,2030-06-30,,,CONFIRMED,https://www.transfermarkt.de/eintracht-braunschweig/kader/verein/23/saison_id/2026/plus/1,4dcb46d8b8a7e777d024f2983d9ebc008ec793f5ecc0c3f4c8db4cd20b3b5982,287291,195668,1376426
GER2,2026/27,2026-09-12,Braunschweig TSV Eintracht,23,Kevin Ehlers,447783,2001-01-23,21,FIRST,2024-07-01,2027-06-30,,,CONFIRMED,https://www.transfermarkt.de/eintracht-braunschweig/kader/verein/23/saison_id/2026/plus/1,4dcb46d8b8a7e777d024f2983d9ebc008ec793f5ecc0c3f4c8db4cd20b3b5982,275179,251405,1376426
GER2,2026/27,2026-09-12,Braunschweig TSV Eintracht,23,Lukas Frenkert,563966,2000-07-19,29,FIRST,2025-07-01,2027-06-30,,,CONFIRMED,https://www.transfermarkt.de/eintracht-braunschweig/kader/verein/23/saison_id/2026/plus/1,4dcb46d8b8a7e777d024f2983d9ebc008ec793f5ecc0c3f4c8db4cd20b3b5982,275162,276288,1376426
GER2,2026/27,2026-09-12,Braunschweig TSV Eintracht,23,Andi Hoti,656095,2003-03-02,4,FIRST,2026-02-02,2028-06-30,,,CONFIRMED,https://www.transfermarkt.de/eintracht-braunschweig/kader/verein/23/saison_id/2026/plus/1,4dcb46d8b8a7e777d024f2983d9ebc008ec793f5ecc0c3f4c8db4cd20b3b5982,276318,270900,1376426
GER2,2026/27,2026-09-12,Braunschweig TSV Eintracht,23,Isidoros Koutsidis,878419,2004-12-23,23,FIRST,2026-09-01,2029-06-30,,,CONFIRMED,https://www.transfermarkt.de/eintracht-braunschweig/kader/verein/23/saison_id/2026/plus/1,4dcb46d8b8a7e777d024f2983d9ebc008ec793f5ecc0c3f4c8db4cd20b3b5982,104505,74095,1376426
GER2,2026/27,2026-09-12,Braunschweig TSV Eintracht,23,Fabio Di Michele Sanchez,676889,2003-03-14,22,FIRST,2024-07-01,2027-06-30,,,CONFIRMED,https://www.transfermarkt.de/eintracht-braunschweig/kader/verein/23/saison_id/2026/plus/1,4dcb46d8b8a7e777d024f2983d9ebc008ec793f5ecc0c3f4c8db4cd20b3b5982,275177,270461,1376426
GER2,2026/27,2026-09-12,Braunschweig TSV Eintracht,23,Mehmet Aydin,472242,2002-02-09,8,FIRST,2025-07-02,2027-06-30,,,CONFIRMED,https://www.transfermarkt.de/eintracht-braunschweig/kader/verein/23/saison_id/2026/plus/1,4dcb46d8b8a7e777d024f2983d9ebc008ec793f5ecc0c3f4c8db4cd20b3b5982,275168,261446,1376426
GER2,2026/27,2026-09-12,Braunschweig TSV Eintracht,23,Damjan Kovacevic,694598,2004-08-28,43,FIRST,2026-07-01,2029-06-30,,,CONFIRMED,https://www.transfermarkt.de/eintracht-braunschweig/kader/verein/23/saison_id/2026/plus/1,4dcb46d8b8a7e777d024f2983d9ebc008ec793f5ecc0c3f4c8db4cd20b3b5982,271832,276123,1376426
GER2,2026/27,2026-09-12,Braunschweig TSV Eintracht,23,Sanoussy Ba,717346,2004-01-05,25,FIRST,2024-07-01,2027-06-30,,,CONFIRMED,https://www.transfermarkt.de/eintracht-braunschweig/kader/verein/23/saison_id/2026/plus/1,4dcb46d8b8a7e777d024f2983d9ebc008ec793f5ecc0c3f4c8db4cd20b3b5982,275174,269875,1376426
GER2,2026/27,2026-09-12,Braunschweig TSV Eintracht,23,Max Marie,729176,2004-10-02,15,FIRST,2024-07-01,2027-06-30,,,CONFIRMED,https://www.transfermarkt.de/eintracht-braunschweig/kader/verein/23/saison_id/2026/plus/1,4dcb46d8b8a7e777d024f2983d9ebc008ec793f5ecc0c3f4c8db4cd20b3b5982,275178,73008,1376426
GER2,2026/27,2026-09-12,Braunschweig TSV Eintracht,23,Lino Tempelmann,378883,1999-02-02,20,FIRST,2025-07-01,2028-06-30,,,CONFIRMED,https://www.transfermarkt.de/eintracht-braunschweig/kader/verein/23/saison_id/2026/plus/1,4dcb46d8b8a7e777d024f2983d9ebc008ec793f5ecc0c3f4c8db4cd20b3b5982,275161,241085,1376426
GER2,2026/27,2026-09-12,Braunschweig TSV Eintracht,23,Samuele Di Benedetto,826064,2005-07-16,10,FIRST,2026-07-01,2029-06-30,,,CONFIRMED,https://www.transfermarkt.de/eintracht-braunschweig/kader/verein/23/saison_id/2026/plus/1,4dcb46d8b8a7e777d024f2983d9ebc008ec793f5ecc0c3f4c8db4cd20b3b5982,289878,277069,1376426
GER2,2026/27,2026-09-12,Braunschweig TSV Eintracht,23,Robin Heußer,337042,1998-05-23,30,FIRST,2025-07-21,2027-06-30,,,CONFIRMED,https://www.transfermarkt.de/eintracht-braunschweig/kader/verein/23/saison_id/2026/plus/1,4dcb46d8b8a7e777d024f2983d9ebc008ec793f5ecc0c3f4c8db4cd20b3b5982,275166,269604,1376426
GER2,2026/27,2026-09-12,Braunschweig TSV Eintracht,23,Sidney Raebiger,717345,2005-04-17,37,FIRST,2024-07-01,2027-06-30,,,CONFIRMED,https://www.transfermarkt.de/eintracht-braunschweig/kader/verein/23/saison_id/2026/plus/1,4dcb46d8b8a7e777d024f2983d9ebc008ec793f5ecc0c3f4c8db4cd20b3b5982,275183,262242,1376426
GER2,2026/27,2026-09-12,Braunschweig TSV Eintracht,23,Tristan Wagner,913501,2005-07-06,26,FIRST,2026-07-01,2029-06-30,,,CONFIRMED,https://www.transfermarkt.de/eintracht-braunschweig/kader/verein/23/saison_id/2026/plus/1,4dcb46d8b8a7e777d024f2983d9ebc008ec793f5ecc0c3f4c8db4cd20b3b5982,281526,232770,1376426
GER2,2026/27,2026-09-12,Braunschweig TSV Eintracht,23,Junior Zé,925199,2006-03-22,19,FIRST,2026-07-03,2029-06-30,,,CONFIRMED,https://www.transfermarkt.de/eintracht-braunschweig/kader/verein/23/saison_id/2026/plus/1,4dcb46d8b8a7e777d024f2983d9ebc008ec793f5ecc0c3f4c8db4cd20b3b5982,295348,277270,1376426
GER2,2026/27,2026-09-12,Braunschweig TSV Eintracht,23,Sidi Sané,410561,2003-04-21,24,FIRST,2023-07-20,2027-06-30,,,CONFIRMED,https://www.transfermarkt.de/eintracht-braunschweig/kader/verein/23/saison_id/2026/plus/1,4dcb46d8b8a7e777d024f2983d9ebc008ec793f5ecc0c3f4c8db4cd20b3b5982,275184,271160,1376426
GER2,2026/27,2026-09-12,Braunschweig TSV Eintracht,23,Aaron Opoku,344063,1999-03-28,17,FIRST,2026-02-02,2028-06-30,,,CONFIRMED,https://www.transfermarkt.de/eintracht-braunschweig/kader/verein/23/saison_id/2026/plus/1,4dcb46d8b8a7e777d024f2983d9ebc008ec793f5ecc0c3f4c8db4cd20b3b5982,200237,244234,1376426
GER2,2026/27,2026-09-12,Braunschweig TSV Eintracht,23,Maximilian Entrup,403184,1997-07-25,9,FIRST,2026-07-03,2028-06-30,,,CONFIRMED,https://www.transfermarkt.de/eintracht-braunschweig/kader/verein/23/saison_id/2026/plus/1,4dcb46d8b8a7e777d024f2983d9ebc008ec793f5ecc0c3f4c8db4cd20b3b5982,271532,235416,1376426
GER2,2026/27,2026-09-12,SpVgg Greuther Fürth,65,Christian Ortag,196826,1995-01-14,39,FIRST,2026-07-01,2029-06-30,,,CONFIRMED,https://www.transfermarkt.de/spvgg-greuther-furth/kader/verein/65/saison_id/2026/plus/1,582a3d28fdc7b95bf59c3bf33f2d9b2847185d2a8fd3682db98bcd5e3a81d68b,271646,224491,1376288
GER2,2026/27,2026-09-12,SpVgg Greuther Fürth,65,Maxim Dal,934317,2006-01-26,5,FIRST,2026-07-13,2029-06-30,,,CONFIRMED,https://www.transfermarkt.de/spvgg-greuther-furth/kader/verein/65/saison_id/2026/plus/1,582a3d28fdc7b95bf59c3bf33f2d9b2847185d2a8fd3682db98bcd5e3a81d68b,280332,276863,1376288
GER2,2026/27,2026-09-12,SpVgg Greuther Fürth,65,Luca Itter,296378,1999-01-05,27,FIRST,2022-07-01,2027-06-30,,,CONFIRMED,https://www.transfermarkt.de/spvgg-greuther-furth/kader/verein/65/saison_id/2026/plus/1,582a3d28fdc7b95bf59c3bf33f2d9b2847185d2a8fd3682db98bcd5e3a81d68b,275404,237024,1376288
GER2,2026/27,2026-09-12,SpVgg Greuther Fürth,65,Lukas Reich,957669,2006-10-24,2,FIRST,2025-07-01,2028-06-30,,,CONFIRMED,https://www.transfermarkt.de/spvgg-greuther-furth/kader/verein/65/saison_id/2026/plus/1,582a3d28fdc7b95bf59c3bf33f2d9b2847185d2a8fd3682db98bcd5e3a81d68b,275412,72130,1376288
GER2,2026/27,2026-09-12,SpVgg Greuther Fürth,65,Jannik Dehm,211671,1996-05-02,23,FIRST,2025-07-01,2027-06-30,,,CONFIRMED,https://www.transfermarkt.de/spvgg-greuther-furth/kader/verein/65/saison_id/2026/plus/1,582a3d28fdc7b95bf59c3bf33f2d9b2847185d2a8fd3682db98bcd5e3a81d68b,275410,226167,1376288
GER2,2026/27,2026-09-12,SpVgg Greuther Fürth,65,Sacha Bansé,409485,2001-03-16,6,FIRST,2024-08-24,2027-06-30,,,CONFIRMED,https://www.transfermarkt.de/spvgg-greuther-furth/kader/verein/65/saison_id/2026/plus/1,582a3d28fdc7b95bf59c3bf33f2d9b2847185d2a8fd3682db98bcd5e3a81d68b,275411,277464,1376288
GER2,2026/27,2026-09-12,SpVgg Greuther Fürth,65,Paul Will,356640,1999-03-01,13,FIRST,2026-07-03,2029-06-30,,,CONFIRMED,https://www.transfermarkt.de/spvgg-greuther-furth/kader/verein/65/saison_id/2026/plus/1,582a3d28fdc7b95bf59c3bf33f2d9b2847185d2a8fd3682db98bcd5e3a81d68b,275518,246127,1376288
GER2,2026/27,2026-09-12,SpVgg Greuther Fürth,65,Doni Arifi,563841,2002-04-11,28,FIRST,2026-01-03,2027-06-30,,,CONFIRMED,https://www.transfermarkt.de/spvgg-greuther-furth/kader/verein/65/saison_id/2026/plus/1,582a3d28fdc7b95bf59c3bf33f2d9b2847185d2a8fd3682db98bcd5e3a81d68b,66374,0,1376288
GER2,2026/27,2026-09-12,SpVgg Greuther Fürth,65,Mehmet Avlayici,1138765,2006-06-16,44,FIRST,2026-07-01,2027-06-30,,,CONFIRMED,https://www.transfermarkt.de/spvgg-greuther-furth/kader/verein/65/saison_id/2026/plus/1,582a3d28fdc7b95bf59c3bf33f2d9b2847185d2a8fd3682db98bcd5e3a81d68b,287644,0,1376288
GER2,2026/27,2026-09-12,SpVgg Greuther Fürth,65,Felix Klaus,89591,1992-09-13,30,FIRST,2025-01-13,2027-06-30,,,CONFIRMED,https://www.transfermarkt.de/spvgg-greuther-furth/kader/verein/65/saison_id/2026/plus/1,582a3d28fdc7b95bf59c3bf33f2d9b2847185d2a8fd3682db98bcd5e3a81d68b,275402,202088,1376288
GER2,2026/27,2026-09-12,SpVgg Greuther Fürth,65,Aaron Keller,727538,2004-05-15,11,FIRST,2025-07-01,2029-06-30,,,CONFIRMED,https://www.transfermarkt.de/spvgg-greuther-furth/kader/verein/65/saison_id/2026/plus/1,582a3d28fdc7b95bf59c3bf33f2d9b2847185d2a8fd3682db98bcd5e3a81d68b,275407,276337,1376288
GER2,2026/27,2026-09-12,SpVgg Greuther Fürth,65,Shinta Appelkamp,452121,2000-11-01,8,FIRST,2026-07-01,2028-06-30,,,CONFIRMED,https://www.transfermarkt.de/spvgg-greuther-furth/kader/verein/65/saison_id/2026/plus/1,582a3d28fdc7b95bf59c3bf33f2d9b2847185d2a8fd3682db98bcd5e3a81d68b,276699,252903,1376288
GER2,2026/27,2026-09-12,SpVgg Greuther Fürth,65,Ole Pohlmann,405690,2001-04-05,10,FIRST,2026-07-10,2029-06-30,,,CONFIRMED,https://www.transfermarkt.de/spvgg-greuther-furth/kader/verein/65/saison_id/2026/plus/1,582a3d28fdc7b95bf59c3bf33f2d9b2847185d2a8fd3682db98bcd5e3a81d68b,286978,263279,1376288
GER2,2026/27,2026-09-12,SpVgg Greuther Fürth,65,Omar Megeed,910582,2005-08-19,18,FIRST,2026-08-05,2028-06-30,,,CONFIRMED,https://www.transfermarkt.de/spvgg-greuther-furth/kader/verein/65/saison_id/2026/plus/1,582a3d28fdc7b95bf59c3bf33f2d9b2847185d2a8fd3682db98bcd5e3a81d68b,275651,271214,1376288
GER2,2026/27,2026-09-12,SpVgg Greuther Fürth,65,Dennis Srbeny,159239,1994-05-05,7,FIRST,2023-07-01,2027-06-30,,,CONFIRMED,https://www.transfermarkt.de/spvgg-greuther-furth/kader/verein/65/saison_id/2026/plus/1,582a3d28fdc7b95bf59c3bf33f2d9b2847185d2a8fd3682db98bcd5e3a81d68b,275414,239097,1376288
GER2,2026/27,2026-09-12,SpVgg Greuther Fürth,65,Omar Sillah,930377,2003-07-25,42,FIRST,2025-07-01,2027-06-30,,,CONFIRMED,https://www.transfermarkt.de/spvgg-greuther-furth/kader/verein/65/saison_id/2026/plus/1,582a3d28fdc7b95bf59c3bf33f2d9b2847185d2a8fd3682db98bcd5e3a81d68b,275422,79394,1376288
GER2,2026/27,2026-09-12,SpVgg Greuther Fürth,65,Benjamin Zank,687903,2004-08-14,19,FIRST,2026-07-02,2029-06-30,,,CONFIRMED,https://www.transfermarkt.de/spvgg-greuther-furth/kader/verein/65/saison_id/2026/plus/1,582a3d28fdc7b95bf59c3bf33f2d9b2847185d2a8fd3682db98bcd5e3a81d68b,272926,79321,1376288
GER2,2026/27,2026-09-12,VfL Osnabrück,81,Niklas Sauter,632147,2003-04-06,1,FIRST,2025-01-29,2028-06-30,,,CONFIRMED,https://www.transfermarkt.de/vfl-osnabruck/kader/verein/81/saison_id/2026/plus/1,e705d735d9e41aeb7a7781affacb5ed1a2f31cc8fd9e319c826182a9e12937a6,272320,263023,1376420
GER2,2026/27,2026-09-12,VfL Osnabrück,81,Robin Fabinski,929857,2003-08-26,27,FIRST,2025-07-01,2028-06-30,,,CONFIRMED,https://www.transfermarkt.de/vfl-osnabruck/kader/verein/81/saison_id/2026/plus/1,e705d735d9e41aeb7a7781affacb5ed1a2f31cc8fd9e319c826182a9e12937a6,272321,79383,1376420
GER2,2026/27,2026-09-12,VfL Osnabrück,81,Jannik Müller,119286,1994-01-18,24,FIRST,2025-01-02,2028-06-30,,,CONFIRMED,https://www.transfermarkt.de/vfl-osnabruck/kader/verein/81/saison_id/2026/plus/1,e705d735d9e41aeb7a7781affacb5ed1a2f31cc8fd9e319c826182a9e12937a6,272307,234381,1376420
GER2,2026/27,2026-09-12,VfL Osnabrück,81,Niklas Wiemann,334238,1999-02-23,25,FIRST,2023-01-29,2028-06-30,,,CONFIRMED,https://www.transfermarkt.de/vfl-osnabruck/kader/verein/81/saison_id/2026/plus/1,e705d735d9e41aeb7a7781affacb5ed1a2f31cc8fd9e319c826182a9e12937a6,272309,245760,1376420
GER2,2026/27,2026-09-12,VfL Osnabrück,81,Theo Janotta,997772,2003-09-18,20,FIRST,2025-07-01,2028-06-30,,,CONFIRMED,https://www.transfermarkt.de/vfl-osnabruck/kader/verein/81/saison_id/2026/plus/1,e705d735d9e41aeb7a7781affacb5ed1a2f31cc8fd9e319c826182a9e12937a6,272330,270023,1376420
GER2,2026/27,2026-09-12,VfL Osnabrück,81,Fridolin Wagner,238175,1997-09-23,26,FIRST,2025-07-03,2028-06-30,,,CONFIRMED,https://www.transfermarkt.de/vfl-osnabruck/kader/verein/81/saison_id/2026/plus/1,e705d735d9e41aeb7a7781affacb5ed1a2f31cc8fd9e319c826182a9e12937a6,272315,239690,1376420
GER2,2026/27,2026-09-12,VfL Osnabrück,81,Bjarke Jacobsen,239987,1993-08-21,15,FIRST,2025-07-01,2027-06-30,,,CONFIRMED,https://www.transfermarkt.de/vfl-osnabruck/kader/verein/81/saison_id/2026/plus/1,e705d735d9e41aeb7a7781affacb5ed1a2f31cc8fd9e319c826182a9e12937a6,272310,240335,1376420
GER2,2026/27,2026-09-12,VfL Osnabrück,81,Bryan Henning,202515,1995-03-16,6,FIRST,2025-01-03,2027-06-30,,,CONFIRMED,https://www.transfermarkt.de/vfl-osnabruck/kader/verein/81/saison_id/2026/plus/1,e705d735d9e41aeb7a7781affacb5ed1a2f31cc8fd9e319c826182a9e12937a6,272314,239498,1376420
GER2,2026/27,2026-09-12,VfL Osnabrück,81,Patrick Kammerbauer,227087,1997-02-11,31,FIRST,2025-07-01,2027-06-30,,,CONFIRMED,https://www.transfermarkt.de/vfl-osnabruck/kader/verein/81/saison_id/2026/plus/1,e705d735d9e41aeb7a7781affacb5ed1a2f31cc8fd9e319c826182a9e12937a6,272313,235253,1376420
GER2,2026/27,2026-09-12,VfL Osnabrück,81,Tony Lesueur,683768,2000-08-19,23,FIRST,2025-07-14,,,,CONFIRMED,https://www.transfermarkt.de/vfl-osnabruck/kader/verein/81/saison_id/2026/plus/1,e705d735d9e41aeb7a7781affacb5ed1a2f31cc8fd9e319c826182a9e12937a6,272325,79705,1376420
GER2,2026/27,2026-09-12,VfL Osnabrück,81,Ismail Badjie,962862,2005-10-17,10,FIRST,2024-07-01,,,,CONFIRMED,https://www.transfermarkt.de/vfl-osnabruck/kader/verein/81/saison_id/2026/plus/1,e705d735d9e41aeb7a7781affacb5ed1a2f31cc8fd9e319c826182a9e12937a6,272324,73131,1376420
GER2,2026/27,2026-09-12,VfL Osnabrück,81,Leonhard Münst,572133,2002-01-22,8,FIRST,2026-07-01,,,,CONFIRMED,https://www.transfermarkt.de/vfl-osnabruck/kader/verein/81/saison_id/2026/plus/1,e705d735d9e41aeb7a7781affacb5ed1a2f31cc8fd9e319c826182a9e12937a6,272914,263135,1376420
GER2,2026/27,2026-09-12,VfL Osnabrück,81,Luca Raimund,907489,2005-04-09,17,FIRST,2026-07-01,,,,CONFIRMED,https://www.transfermarkt.de/vfl-osnabruck/kader/verein/81/saison_id/2026/plus/1,e705d735d9e41aeb7a7781affacb5ed1a2f31cc8fd9e319c826182a9e12937a6,276714,278177,1376420
GER2,2026/27,2026-09-12,FC Energie Cottbus,25,Marcel Lotka,453737,2001-05-25,1,FIRST,2026-07-01,,,,CONFIRMED,https://www.transfermarkt.de/fc-energie-cottbus/kader/verein/25/saison_id/2026/plus/1,bfac2c82e9908a44ea8264f2a591d43d8ad627ceaeb5639879d980dcab166809,276701,262298,1376280
GER2,2026/27,2026-09-12,FC Energie Cottbus,25,Kevin Kratzsch,457346,2002-07-09,29,FIRST,2026-07-20,,,,CONFIRMED,https://www.transfermarkt.de/fc-energie-cottbus/kader/verein/25/saison_id/2026/plus/1,bfac2c82e9908a44ea8264f2a591d43d8ad627ceaeb5639879d980dcab166809,281131,0,1376280
GER2,2026/27,2026-09-12,FC Energie Cottbus,25,Max Böhnke,692332,2003-08-16,30,FIRST,2025-07-17,,,,CONFIRMED,https://www.transfermarkt.de/fc-energie-cottbus/kader/verein/25/saison_id/2026/plus/1,bfac2c82e9908a44ea8264f2a591d43d8ad627ceaeb5639879d980dcab166809,273103,79775,1376280
GER2,2026/27,2026-09-12,FC Energie Cottbus,25,Tim Campulka,434659,1999-04-28,4,FIRST,2023-07-01,2027-06-30,,,CONFIRMED,https://www.transfermarkt.de/fc-energie-cottbus/kader/verein/25/saison_id/2026/plus/1,bfac2c82e9908a44ea8264f2a591d43d8ad627ceaeb5639879d980dcab166809,273085,243534,1376280
GER2,2026/27,2026-09-12,FC Energie Cottbus,25,Ryan Malone,373178,1992-08-11,16,FIRST,2026-07-01,,,,CONFIRMED,https://www.transfermarkt.de/fc-energie-cottbus/kader/verein/25/saison_id/2026/plus/1,bfac2c82e9908a44ea8264f2a591d43d8ad627ceaeb5639879d980dcab166809,272668,257147,1376280
GER2,2026/27,2026-09-12,FC Energie Cottbus,25,Jannis Zaydan,1145861,2007-05-07,42,FIRST,2026-07-01,2028-06-30,,,CONFIRMED,https://www.transfermarkt.de/fc-energie-cottbus/kader/verein/25/saison_id/2026/plus/1,bfac2c82e9908a44ea8264f2a591d43d8ad627ceaeb5639879d980dcab166809,285292,76034,1376280
GER2,2026/27,2026-09-12,FC Energie Cottbus,25,Axel Borgmann,119032,1994-07-08,20,FIRST,2019-08-11,2028-06-30,,,CONFIRMED,https://www.transfermarkt.de/fc-energie-cottbus/kader/verein/25/saison_id/2026/plus/1,bfac2c82e9908a44ea8264f2a591d43d8ad627ceaeb5639879d980dcab166809,273081,224661,1376280
GER2,2026/27,2026-09-12,FC Energie Cottbus,25,Anderson Lucoqui,240274,1997-07-06,24,FIRST,2025-09-01,2027-06-30,,,CONFIRMED,https://www.transfermarkt.de/fc-energie-cottbus/kader/verein/25/saison_id/2026/plus/1,bfac2c82e9908a44ea8264f2a591d43d8ad627ceaeb5639879d980dcab166809,273091,233812,1376280
GER2,2026/27,2026-09-12,FC Energie Cottbus,25,Dominik Pelivan,178643,1996-06-08,5,FIRST,2023-07-01,2027-06-30,,,CONFIRMED,https://www.transfermarkt.de/fc-energie-cottbus/kader/verein/25/saison_id/2026/plus/1,bfac2c82e9908a44ea8264f2a591d43d8ad627ceaeb5639879d980dcab166809,273084,239909,1376280
GER2,2026/27,2026-09-12,FC Energie Cottbus,25,Jonas Hofmann,227085,1997-02-07,6,FIRST,2020-10-05,2027-06-30,,,CONFIRMED,https://www.transfermarkt.de/fc-energie-cottbus/kader/verein/25/saison_id/2026/plus/1,bfac2c82e9908a44ea8264f2a591d43d8ad627ceaeb5639879d980dcab166809,273086,244083,1376280
GER2,2026/27,2026-09-12,FC Energie Cottbus,25,Tolcay Cigerci,192266,1995-01-24,10,FIRST,2024-07-01,,,,CONFIRMED,https://www.transfermarkt.de/fc-energie-cottbus/kader/verein/25/saison_id/2026/plus/1,bfac2c82e9908a44ea8264f2a591d43d8ad627ceaeb5639879d980dcab166809,273079,224518,1376280
GER2,2026/27,2026-09-12,FC Energie Cottbus,25,Julian Guttau,469814,1999-10-29,17,FIRST,2026-07-01,,,,CONFIRMED,https://www.transfermarkt.de/fc-energie-cottbus/kader/verein/25/saison_id/2026/plus/1,bfac2c82e9908a44ea8264f2a591d43d8ad627ceaeb5639879d980dcab166809,272659,243041,1376280
GER2,2026/27,2026-09-12,FC Energie Cottbus,25,Jannis Boziaris,815030,2003-04-10,19,FIRST,2025-07-01,2027-06-30,,,CONFIRMED,https://www.transfermarkt.de/fc-energie-cottbus/kader/verein/25/saison_id/2026/plus/1,bfac2c82e9908a44ea8264f2a591d43d8ad627ceaeb5639879d980dcab166809,273088,72549,1376280
GER2,2026/27,2026-09-12,FC Energie Cottbus,25,Justin Butler,453861,2001-03-23,31,FIRST,2025-07-14,2027-06-30,,,CONFIRMED,https://www.transfermarkt.de/fc-energie-cottbus/kader/verein/25/saison_id/2026/plus/1,bfac2c82e9908a44ea8264f2a591d43d8ad627ceaeb5639879d980dcab166809,273087,257009,1376280
GER2,2026/27,2026-09-12,FC Energie Cottbus,25,Moritz Hannemann,337237,1998-04-09,11,FIRST,2025-07-01,2027-06-30,,,CONFIRMED,https://www.transfermarkt.de/fc-energie-cottbus/kader/verein/25/saison_id/2026/plus/1,bfac2c82e9908a44ea8264f2a591d43d8ad627ceaeb5639879d980dcab166809,273090,276195,1376280
GER2,2026/27,2026-09-12,FC Energie Cottbus,25,Erik Engelhardt,291537,1998-04-18,18,FIRST,2025-01-02,2028-06-30,,,CONFIRMED,https://www.transfermarkt.de/fc-energie-cottbus/kader/verein/25/saison_id/2026/plus/1,bfac2c82e9908a44ea8264f2a591d43d8ad627ceaeb5639879d980dcab166809,273082,250763,1376280
GER2,2026/27,2026-09-12,FC Energie Cottbus,25,Lucas Copado,636898,2004-01-10,9,FIRST,2026-07-02,,,,CONFIRMED,https://www.transfermarkt.de/fc-energie-cottbus/kader/verein/25/saison_id/2026/plus/1,bfac2c82e9908a44ea8264f2a591d43d8ad627ceaeb5639879d980dcab166809,275870,266235,1376280
GER3,2026/27,2026-09-12,Fortuna Düsseldorf 1895,38,Louis Lord,572891,2003-10-22,22,FIRST,2026-07-01,2028-06-30,,,CONFIRMED,https://www.transfermarkt.de/fortuna-dusseldorf/kader/verein/38/saison_id/2026/plus/1,05373c5cfa7534d6542a7839a6b4faf710e30f1746f3272457fd8dbea4ba1976,272682,271171,1376429
GER3,2026/27,2026-09-12,Fortuna Düsseldorf 1895,38,Milán Czakó,934517,2006-04-01,41,FIRST,2026-07-01,2027-06-30,,,CONFIRMED,https://www.transfermarkt.de/fortuna-dusseldorf/kader/verein/38/saison_id/2026/plus/1,05373c5cfa7534d6542a7839a6b4faf710e30f1746f3272457fd8dbea4ba1976,276730,0,1376429
GER3,2026/27,2026-09-12,Fortuna Düsseldorf 1895,38,Elias Egouli,946037,2002-08-06,44,FIRST,2025-07-01,2029-06-30,,,CONFIRMED,https://www.transfermarkt.de/fortuna-dusseldorf/kader/verein/38/saison_id/2026/plus/1,05373c5cfa7534d6542a7839a6b4faf710e30f1746f3272457fd8dbea4ba1976,276716,77882,1376429
GER3,2026/27,2026-09-12,Fortuna Düsseldorf 1895,38,Tim Oberdorf,358906,1996-08-16,15,FIRST,2022-01-01,2027-06-30,,,CONFIRMED,https://www.transfermarkt.de/fortuna-dusseldorf/kader/verein/38/saison_id/2026/plus/1,05373c5cfa7534d6542a7839a6b4faf710e30f1746f3272457fd8dbea4ba1976,276695,263649,1376429
GER3,2026/27,2026-09-12,Fortuna Düsseldorf 1895,38,Dominique Heintz,110036,1993-08-15,3,FIRST,2026-07-01,2028-06-30,,,CONFIRMED,https://www.transfermarkt.de/fortuna-dusseldorf/kader/verein/38/saison_id/2026/plus/1,05373c5cfa7534d6542a7839a6b4faf710e30f1746f3272457fd8dbea4ba1976,277527,206198,1376429
GER3,2026/27,2026-09-12,Fortuna Düsseldorf 1895,38,Felix Meiser,1069641,2007-01-16,20,FIRST,2026-07-10,2029-06-30,,,CONFIRMED,https://www.transfermarkt.de/fortuna-dusseldorf/kader/verein/38/saison_id/2026/plus/1,05373c5cfa7534d6542a7839a6b4faf710e30f1746f3272457fd8dbea4ba1976,279710,77413,1376429
GER3,2026/27,2026-09-12,Fortuna Düsseldorf 1895,38,Noah Egouli,1282871,2006-04-05,43,FIRST,2026-07-01,2029-06-30,,,CONFIRMED,https://www.transfermarkt.de/fortuna-dusseldorf/kader/verein/38/saison_id/2026/plus/1,05373c5cfa7534d6542a7839a6b4faf710e30f1746f3272457fd8dbea4ba1976,276728,0,1376429
GER3,2026/27,2026-09-12,Fortuna Düsseldorf 1895,38,Erik Wekesser,260657,1997-07-03,7,FIRST,2026-08-24,2028-06-30,,,CONFIRMED,https://www.transfermarkt.de/fortuna-dusseldorf/kader/verein/38/saison_id/2026/plus/1,05373c5cfa7534d6542a7839a6b4faf710e30f1746f3272457fd8dbea4ba1976,276600,229925,1376429
GER3,2026/27,2026-09-12,Fortuna Düsseldorf 1895,38,Sascha Risch,383354,2000-04-13,28,FIRST,2026-07-01,2028-06-30,,,CONFIRMED,https://www.transfermarkt.de/fortuna-dusseldorf/kader/verein/38/saison_id/2026/plus/1,05373c5cfa7534d6542a7839a6b4faf710e30f1746f3272457fd8dbea4ba1976,274801,262671,1376429
GER3,2026/27,2026-09-12,Fortuna Düsseldorf 1895,38,Steven van der Sloot,548935,2002-07-06,2,FIRST,2026-07-01,2030-06-30,,,CONFIRMED,https://www.transfermarkt.de/fortuna-dusseldorf/kader/verein/38/saison_id/2026/plus/1,05373c5cfa7534d6542a7839a6b4faf710e30f1746f3272457fd8dbea4ba1976,141453,0,1376429
GER3,2026/27,2026-09-12,Fortuna Düsseldorf 1895,38,Kaden Amaniampong,696017,2004-05-26,39,FIRST,2026-07-01,2027-06-30,,,CONFIRMED,https://www.transfermarkt.de/fortuna-dusseldorf/kader/verein/38/saison_id/2026/plus/1,05373c5cfa7534d6542a7839a6b4faf710e30f1746f3272457fd8dbea4ba1976,289889,198023,1376429
GER3,2026/27,2026-09-12,Fortuna Düsseldorf 1895,38,Marcel Benger,330269,1998-07-02,16,FIRST,2026-07-23,2027-06-30,,,CONFIRMED,https://www.transfermarkt.de/fortuna-dusseldorf/kader/verein/38/saison_id/2026/plus/1,05373c5cfa7534d6542a7839a6b4faf710e30f1746f3272457fd8dbea4ba1976,276092,241900,1376429
GER3,2026/27,2026-09-12,Fortuna Düsseldorf 1895,38,Elias Arden,1282876,2008-11-29,38,FIRST,2026-07-01,2027-06-30,,,CONFIRMED,https://www.transfermarkt.de/fortuna-dusseldorf/kader/verein/38/saison_id/2026/plus/1,05373c5cfa7534d6542a7839a6b4faf710e30f1746f3272457fd8dbea4ba1976,276761,0,1376429
GER3,2026/27,2026-09-12,Fortuna Düsseldorf 1895,38,Jorrit Hendrix,205004,1995-02-06,8,FIRST,2026-07-01,2028-06-30,,,CONFIRMED,https://www.transfermarkt.de/fortuna-dusseldorf/kader/verein/38/saison_id/2026/plus/1,05373c5cfa7534d6542a7839a6b4faf710e30f1746f3272457fd8dbea4ba1976,276081,212755,1376429
GER3,2026/27,2026-09-12,Fortuna Düsseldorf 1895,38,Jomaine Consbruch,511246,2002-01-26,14,FIRST,2026-07-01,2029-06-30,,,CONFIRMED,https://www.transfermarkt.de/fortuna-dusseldorf/kader/verein/38/saison_id/2026/plus/1,05373c5cfa7534d6542a7839a6b4faf710e30f1746f3272457fd8dbea4ba1976,275415,252125,1376429
GER3,2026/27,2026-09-12,Fortuna Düsseldorf 1895,38,Yassine Bouchama,440108,1997-05-28,5,FIRST,2026-07-06,2028-06-30,,,CONFIRMED,https://www.transfermarkt.de/fortuna-dusseldorf/kader/verein/38/saison_id/2026/plus/1,05373c5cfa7534d6542a7839a6b4faf710e30f1746f3272457fd8dbea4ba1976,276103,276289,1376429
GER3,2026/27,2026-09-12,Fortuna Düsseldorf 1895,38,Miguel Gonçalves,914314,2004-08-18,18,FIRST,2026-07-01,2029-06-30,,,CONFIRMED,https://www.transfermarkt.de/fortuna-dusseldorf/kader/verein/38/saison_id/2026/plus/1,05373c5cfa7534d6542a7839a6b4faf710e30f1746f3272457fd8dbea4ba1976,278759,0,1376429
GER3,2026/27,2026-09-12,Fortuna Düsseldorf 1895,38,Philipp Förster,179635,1995-02-04,10,FIRST,2026-07-28,2027-06-30,,,CONFIRMED,https://www.transfermarkt.de/fortuna-dusseldorf/kader/verein/38/saison_id/2026/plus/1,05373c5cfa7534d6542a7839a6b4faf710e30f1746f3272457fd8dbea4ba1976,276189,237540,1376429
GER3,2026/27,2026-09-12,Fortuna Düsseldorf 1895,38,Anas Slimani,1067460,2007-07-20,34,FIRST,2026-07-01,2028-06-30,,,CONFIRMED,https://www.transfermarkt.de/fortuna-dusseldorf/kader/verein/38/saison_id/2026/plus/1,05373c5cfa7534d6542a7839a6b4faf710e30f1746f3272457fd8dbea4ba1976,288946,254810,1376429
GER3,2026/27,2026-09-12,Fortuna Düsseldorf 1895,38,Hamza Anhari,751027,2004-01-30,40,FIRST,2025-07-01,2028-06-30,,,CONFIRMED,https://www.transfermarkt.de/fortuna-dusseldorf/kader/verein/38/saison_id/2026/plus/1,05373c5cfa7534d6542a7839a6b4faf710e30f1746f3272457fd8dbea4ba1976,276719,269997,1376429
GER3,2026/27,2026-09-12,Fortuna Düsseldorf 1895,38,Eric Hottmann,403899,2000-02-08,9,FIRST,2026-07-01,2029-06-30,,,CONFIRMED,https://www.transfermarkt.de/fortuna-dusseldorf/kader/verein/38/saison_id/2026/plus/1,05373c5cfa7534d6542a7839a6b4faf710e30f1746f3272457fd8dbea4ba1976,271147,251417,1376429
GER3,2026/27,2026-09-12,Fortuna Düsseldorf 1895,38,Fabian Schleusener,229176,1991-10-24,24,FIRST,2026-07-01,2028-06-30,,,CONFIRMED,https://www.transfermarkt.de/fortuna-dusseldorf/kader/verein/38/saison_id/2026/plus/1,05373c5cfa7534d6542a7839a6b4faf710e30f1746f3272457fd8dbea4ba1976,276195,231624,1376429
GER3,2026/27,2026-09-12,Fortuna Düsseldorf 1895,38,Lukas Eixler,1047044,2003-11-03,11,FIRST,2026-07-09,2028-06-30,,,CONFIRMED,https://www.transfermarkt.de/fortuna-dusseldorf/kader/verein/38/saison_id/2026/plus/1,05373c5cfa7534d6542a7839a6b4faf710e30f1746f3272457fd8dbea4ba1976,268712,270815,1376429
GER3,2026/27,2026-09-12,SC Preußen Münster,91,Morten Behrens,274039,1997-04-01,1,FIRST,2024-07-01,2028-06-30,,,CONFIRMED,https://www.transfermarkt.de/preussen-munster/kader/verein/91/saison_id/2026/plus/1,358c233225c0f06e8cc0ea5bfec52949f3501471b53e29edc807611cd04332ae,276098,243925,1376419
GER3,2026/27,2026-09-12,SC Preußen Münster,91,Matthis Harsman,443478,1999-10-04,38,FIRST,2026-07-01,2028-06-30,,,CONFIRMED,https://www.transfermarkt.de/preussen-munster/kader/verein/91/saison_id/2026/plus/1,358c233225c0f06e8cc0ea5bfec52949f3501471b53e29edc807611cd04332ae,268397,244172,1376419
GER3,2026/27,2026-09-12,SC Preußen Münster,91,Paul Ervens,1168858,2007-09-10,40,FIRST,2026-07-01,2030-06-30,,,CONFIRMED,https://www.transfermarkt.de/preussen-munster/kader/verein/91/saison_id/2026/plus/1,358c233225c0f06e8cc0ea5bfec52949f3501471b53e29edc807611cd04332ae,288317,0,1376419
GER3,2026/27,2026-09-12,SC Preußen Münster,91,Antonio Tikvic,797791,2004-04-21,4,FIRST,2025-07-29,2028-06-30,,,CONFIRMED,https://www.transfermarkt.de/preussen-munster/kader/verein/91/saison_id/2026/plus/1,358c233225c0f06e8cc0ea5bfec52949f3501471b53e29edc807611cd04332ae,276095,264856,1376419
GER3,2026/27,2026-09-12,SC Preußen Münster,91,Niko Koulis,406988,1999-05-04,24,FIRST,2022-07-01,2027-06-30,,,CONFIRMED,https://www.transfermarkt.de/preussen-munster/kader/verein/91/saison_id/2026/plus/1,358c233225c0f06e8cc0ea5bfec52949f3501471b53e29edc807611cd04332ae,276094,266438,1376419
GER3,2026/27,2026-09-12,SC Preußen Münster,91,Torge Paetow,249207,1995-08-14,16,FIRST,2024-07-01,2027-06-30,,,CONFIRMED,https://www.transfermarkt.de/preussen-munster/kader/verein/91/saison_id/2026/plus/1,358c233225c0f06e8cc0ea5bfec52949f3501471b53e29edc807611cd04332ae,276090,238634,1376419
GER3,2026/27,2026-09-12,SC Preußen Münster,91,Tim Dietrich,521412,2002-11-08,3,FIRST,2026-07-01,2029-06-30,,,CONFIRMED,https://www.transfermarkt.de/preussen-munster/kader/verein/91/saison_id/2026/plus/1,358c233225c0f06e8cc0ea5bfec52949f3501471b53e29edc807611cd04332ae,275078,274395,1376419
GER3,2026/27,2026-09-12,SC Preußen Münster,91,Lucas Zeller,494827,2000-03-14,5,FIRST,2026-07-01,2028-06-30,,,CONFIRMED,https://www.transfermarkt.de/preussen-munster/kader/verein/91/saison_id/2026/plus/1,358c233225c0f06e8cc0ea5bfec52949f3501471b53e29edc807611cd04332ae,269569,78524,1376419
GER3,2026/27,2026-09-12,SC Preußen Münster,91,Luca Bolay,594664,2002-07-25,25,FIRST,2024-07-01,2028-06-30,,,CONFIRMED,https://www.transfermarkt.de/preussen-munster/kader/verein/91/saison_id/2026/plus/1,358c233225c0f06e8cc0ea5bfec52949f3501471b53e29edc807611cd04332ae,276099,263138,1376419
GER3,2026/27,2026-09-12,SC Preußen Münster,91,Charalambos Makridis,414318,1996-07-05,14,FIRST,2024-07-01,2028-06-30,,,CONFIRMED,https://www.transfermarkt.de/preussen-munster/kader/verein/91/saison_id/2026/plus/1,358c233225c0f06e8cc0ea5bfec52949f3501471b53e29edc807611cd04332ae,276097,253694,1376419
GER3,2026/27,2026-09-12,SC Preußen Münster,91,Niklas Varelmann,993398,2006-10-29,36,FIRST,2026-07-01,2029-06-30,,,CONFIRMED,https://www.transfermarkt.de/preussen-munster/kader/verein/91/saison_id/2026/plus/1,358c233225c0f06e8cc0ea5bfec52949f3501471b53e29edc807611cd04332ae,288331,0,1376419
GER3,2026/27,2026-09-12,SC Preußen Münster,91,Louis Kolbe,624063,2004-03-11,2,FIRST,2026-07-01,2029-06-30,,,CONFIRMED,https://www.transfermarkt.de/preussen-munster/kader/verein/91/saison_id/2026/plus/1,358c233225c0f06e8cc0ea5bfec52949f3501471b53e29edc807611cd04332ae,279750,0,1376419
GER3,2026/27,2026-09-12,SC Preußen Münster,91,Leon Tasov,813735,2004-11-13,29,FIRST,2025-07-01,2028-06-30,,,CONFIRMED,https://www.transfermarkt.de/preussen-munster/kader/verein/91/saison_id/2026/plus/1,358c233225c0f06e8cc0ea5bfec52949f3501471b53e29edc807611cd04332ae,276106,75592,1376419
GER3,2026/27,2026-09-12,SC Preußen Münster,91,Philipp Maier,258108,1994-06-14,26,FIRST,2026-09-03,2027-06-30,,,CONFIRMED,https://www.transfermarkt.de/preussen-munster/kader/verein/91/saison_id/2026/plus/1,358c233225c0f06e8cc0ea5bfec52949f3501471b53e29edc807611cd04332ae,269686,276191,1376419
GER3,2026/27,2026-09-12,SC Preußen Münster,91,Jakob Korte,695940,2003-06-15,27,FIRST,2024-07-01,2027-06-30,,,CONFIRMED,https://www.transfermarkt.de/preussen-munster/kader/verein/91/saison_id/2026/plus/1,358c233225c0f06e8cc0ea5bfec52949f3501471b53e29edc807611cd04332ae,276104,73900,1376419
GER3,2026/27,2026-09-12,SC Preußen Münster,91,Marvin Schulz,168678,1995-01-15,10,FIRST,2025-07-01,2028-06-30,,,CONFIRMED,https://www.transfermarkt.de/preussen-munster/kader/verein/91/saison_id/2026/plus/1,358c233225c0f06e8cc0ea5bfec52949f3501471b53e29edc807611cd04332ae,276083,223756,1376419
GER3,2026/27,2026-09-12,SC Preußen Münster,91,Rico Preißinger,206411,1996-07-21,21,FIRST,2023-07-01,2028-06-30,,,CONFIRMED,https://www.transfermarkt.de/preussen-munster/kader/verein/91/saison_id/2026/plus/1,358c233225c0f06e8cc0ea5bfec52949f3501471b53e29edc807611cd04332ae,276089,238636,1376419
GER3,2026/27,2026-09-12,SC Preußen Münster,91,Samuel Althaus,1014942,2006-01-10,44,FIRST,2026-08-05,2029-06-30,,,CONFIRMED,https://www.transfermarkt.de/preussen-munster/kader/verein/91/saison_id/2026/plus/1,358c233225c0f06e8cc0ea5bfec52949f3501471b53e29edc807611cd04332ae,269703,76596,1376419
GER3,2026/27,2026-09-12,SC Preußen Münster,91,Mikail Demirhan,1286307,2006-06-06,19,FIRST,2026-07-01,2029-06-30,,,CONFIRMED,https://www.transfermarkt.de/preussen-munster/kader/verein/91/saison_id/2026/plus/1,358c233225c0f06e8cc0ea5bfec52949f3501471b53e29edc807611cd04332ae,288375,74206,1376419
GER3,2026/27,2026-09-12,SC Preußen Münster,91,Joshua Mees,196815,1996-04-15,8,FIRST,2024-07-01,2027-06-30,,,CONFIRMED,https://www.transfermarkt.de/preussen-munster/kader/verein/91/saison_id/2026/plus/1,358c233225c0f06e8cc0ea5bfec52949f3501471b53e29edc807611cd04332ae,276087,229702,1376419
GER3,2026/27,2026-09-12,SC Preußen Münster,91,Romario Rösch,333464,1999-07-01,43,FIRST,2026-08-28,2027-06-30,,,CONFIRMED,https://www.transfermarkt.de/preussen-munster/kader/verein/91/saison_id/2026/plus/1,358c233225c0f06e8cc0ea5bfec52949f3501471b53e29edc807611cd04332ae,275294,244087,1376419
GER3,2026/27,2026-09-12,SC Preußen Münster,91,Ryan Johansson,351071,2001-02-15,20,FIRST,2026-07-01,2029-06-30,,,CONFIRMED,https://www.transfermarkt.de/preussen-munster/kader/verein/91/saison_id/2026/plus/1,358c233225c0f06e8cc0ea5bfec52949f3501471b53e29edc807611cd04332ae,273912,255337,1376419
GER3,2026/27,2026-09-12,SC Preußen Münster,91,Mika Stuhlmacher,807540,2002-11-02,17,FIRST,2026-07-01,2029-06-30,,,CONFIRMED,https://www.transfermarkt.de/preussen-munster/kader/verein/91/saison_id/2026/plus/1,358c233225c0f06e8cc0ea5bfec52949f3501471b53e29edc807611cd04332ae,100333,0,1376419
GER3,2026/27,2026-09-12,SC Preußen Münster,91,Montell Ndikom,905896,2005-02-05,28,FIRST,2026-07-01,2029-06-30,,,CONFIRMED,https://www.transfermarkt.de/preussen-munster/kader/verein/91/saison_id/2026/plus/1,358c233225c0f06e8cc0ea5bfec52949f3501471b53e29edc807611cd04332ae,275773,0,1376419
GER3,2026/27,2026-09-12,SC Preußen Münster,91,Oscar Vilhelmsson,673071,2003-10-02,11,FIRST,2025-07-01,2027-06-30,,,CONFIRMED,https://www.transfermarkt.de/preussen-munster/kader/verein/91/saison_id/2026/plus/1,358c233225c0f06e8cc0ea5bfec52949f3501471b53e29edc807611cd04332ae,276096,257264,1376419
GER3,2026/27,2026-09-12,SC Preußen Münster,91,Malik Batmaz,411134,2000-03-17,23,FIRST,2023-07-06,2027-06-30,,,CONFIRMED,https://www.transfermarkt.de/preussen-munster/kader/verein/91/saison_id/2026/plus/1,358c233225c0f06e8cc0ea5bfec52949f3501471b53e29edc807611cd04332ae,276100,245856,1376419
GER3,2026/27,2026-09-12,SC Preußen Münster,91,Felix Higl,230810,1997-01-08,33,FIRST,2026-07-28,2028-06-30,,,CONFIRMED,https://www.transfermarkt.de/preussen-munster/kader/verein/91/saison_id/2026/plus/1,358c233225c0f06e8cc0ea5bfec52949f3501471b53e29edc807611cd04332ae,275416,262838,1376419
GER3,2026/27,2026-09-12,SC Preußen Münster,91,Marvin Schulz,1045133,2004-04-11,30,FIRST,2026-02-01,2028-06-30,,,CONFIRMED,https://www.transfermarkt.de/preussen-munster/kader/verein/91/saison_id/2026/plus/1,358c233225c0f06e8cc0ea5bfec52949f3501471b53e29edc807611cd04332ae,276119,82001,1376419
GER3,2026/27,2026-09-12,Rot-Weiss Essen 1907,56,Jakob Golz,288650,1998-08-16,1,FIRST,2019-07-01,2027-06-30,,,CONFIRMED,https://www.transfermarkt.de/rot-weiss-essen/kader/verein/56/saison_id/2026/plus/1,428b980f8718cfe610b74c6ed65b6316eaa3b91941d20a4def68f9bfec3ccdb3,271906,269269,1376282
GER3,2026/27,2026-09-12,Rot-Weiss Essen 1907,56,Felix Wienand,553449,2002-06-27,35,FIRST,2022-07-01,2028-06-30,,,CONFIRMED,https://www.transfermarkt.de/rot-weiss-essen/kader/verein/56/saison_id/2026/plus/1,428b980f8718cfe610b74c6ed65b6316eaa3b91941d20a4def68f9bfec3ccdb3,271922,265750,1376282
GER3,2026/27,2026-09-12,Rot-Weiss Essen 1907,56,Romero Gerres,982127,2007-10-24,45,FIRST,2026-07-01,2028-06-30,,,CONFIRMED,https://www.transfermarkt.de/rot-weiss-essen/kader/verein/56/saison_id/2026/plus/1,428b980f8718cfe610b74c6ed65b6316eaa3b91941d20a4def68f9bfec3ccdb3,284115,0,1376282
GER3,2026/27,2026-09-12,Rot-Weiss Essen 1907,56,José Enrique Ríos Alonso,343374,2000-08-13,23,FIRST,2021-07-01,2027-06-30,,,CONFIRMED,https://www.transfermarkt.de/rot-weiss-essen/kader/verein/56/saison_id/2026/plus/1,428b980f8718cfe610b74c6ed65b6316eaa3b91941d20a4def68f9bfec3ccdb3,271907,269315,1376282
GER3,2026/27,2026-09-12,Rot-Weiss Essen 1907,56,Ben Hüning,922877,2004-11-11,15,FIRST,2026-01-07,2028-06-30,,,CONFIRMED,https://www.transfermarkt.de/rot-weiss-essen/kader/verein/56/saison_id/2026/plus/1,428b980f8718cfe610b74c6ed65b6316eaa3b91941d20a4def68f9bfec3ccdb3,289629,0,1376282
GER3,2026/27,2026-09-12,Rot-Weiss Essen 1907,56,Luca Bazzoli,493899,2000-11-01,32,FIRST,2025-07-01,2027-06-30,,,CONFIRMED,https://www.transfermarkt.de/rot-weiss-essen/kader/verein/56/saison_id/2026/plus/1,428b980f8718cfe610b74c6ed65b6316eaa3b91941d20a4def68f9bfec3ccdb3,271917,264214,1376282
GER3,2026/27,2026-09-12,Rot-Weiss Essen 1907,56,James Gnagnon,1279119,2008-05-02,36,FIRST,2026-07-01,2028-06-30,,,CONFIRMED,https://www.transfermarkt.de/rot-weiss-essen/kader/verein/56/saison_id/2026/plus/1,428b980f8718cfe610b74c6ed65b6316eaa3b91941d20a4def68f9bfec3ccdb3,284112,0,1376282
GER3,2026/27,2026-09-12,Rot-Weiss Essen 1907,56,Michael Kostka,554285,2003-12-13,2,FIRST,2025-07-01,2027-06-30,,,CONFIRMED,https://www.transfermarkt.de/rot-weiss-essen/kader/verein/56/saison_id/2026/plus/1,428b980f8718cfe610b74c6ed65b6316eaa3b91941d20a4def68f9bfec3ccdb3,271920,269850,1376282
GER3,2026/27,2026-09-12,Rot-Weiss Essen 1907,56,Janne Sietan,601933,2002-06-08,22,FIRST,2026-07-01,2028-06-30,,,CONFIRMED,https://www.transfermarkt.de/rot-weiss-essen/kader/verein/56/saison_id/2026/plus/1,428b980f8718cfe610b74c6ed65b6316eaa3b91941d20a4def68f9bfec3ccdb3,272091,73169,1376282
GER3,2026/27,2026-09-12,Rot-Weiss Essen 1907,56,Ruben Reisig,318379,1996-03-16,16,FIRST,2026-01-18,2027-06-30,,,CONFIRMED,https://www.transfermarkt.de/rot-weiss-essen/kader/verein/56/saison_id/2026/plus/1,428b980f8718cfe610b74c6ed65b6316eaa3b91941d20a4def68f9bfec3ccdb3,292431,277665,1376282
GER3,2026/27,2026-09-12,Rot-Weiss Essen 1907,56,Nick Bätzner,443855,2000-03-15,25,FIRST,2026-08-30,2028-06-30,,,CONFIRMED,https://www.transfermarkt.de/rot-weiss-essen/kader/verein/56/saison_id/2026/plus/1,428b980f8718cfe610b74c6ed65b6316eaa3b91941d20a4def68f9bfec3ccdb3,275872,257307,1376282
GER3,2026/27,2026-09-12,Rot-Weiss Essen 1907,56,Lucas Brumme,392714,1999-09-25,14,FIRST,2023-07-29,2027-06-30,,,CONFIRMED,https://www.transfermarkt.de/rot-weiss-essen/kader/verein/56/saison_id/2026/plus/1,428b980f8718cfe610b74c6ed65b6316eaa3b91941d20a4def68f9bfec3ccdb3,271909,260186,1376282
GER3,2026/27,2026-09-12,Rot-Weiss Essen 1907,56,Dickson Abiama,596813,1998-11-03,18,FIRST,2026-07-21,2028-06-30,,,CONFIRMED,https://www.transfermarkt.de/rot-weiss-essen/kader/verein/56/saison_id/2026/plus/1,428b980f8718cfe610b74c6ed65b6316eaa3b91941d20a4def68f9bfec3ccdb3,276602,257190,1376282
GER3,2026/27,2026-09-12,Rot-Weiss Essen 1907,56,Marvin Obuz,522084,2002-01-25,10,FIRST,2025-07-01,2027-06-30,,,CONFIRMED,https://www.transfermarkt.de/rot-weiss-essen/kader/verein/56/saison_id/2026/plus/1,428b980f8718cfe610b74c6ed65b6316eaa3b91941d20a4def68f9bfec3ccdb3,271911,261528,1376282
GER3,2026/27,2026-09-12,Rot-Weiss Essen 1907,56,Marek Janssen,385701,1997-04-15,20,FIRST,2025-07-01,2027-06-30,,,CONFIRMED,https://www.transfermarkt.de/rot-weiss-essen/kader/verein/56/saison_id/2026/plus/1,428b980f8718cfe610b74c6ed65b6316eaa3b91941d20a4def68f9bfec3ccdb3,271929,272909,1376282
GER3,2026/27,2026-09-12,MSV Duisburg,52,Maximilian Braune,656163,2003-07-06,1,FIRST,2022-02-02,2029-06-30,,,CONFIRMED,https://www.transfermarkt.de/msv-duisburg/kader/verein/52/saison_id/2026/plus/1,18d4d26950b4b7ad041e50ae2365995e7a92e62db4daa0e38fdb65d1224bbf52,271739,265763,1376285
GER3,2026/27,2026-09-12,MSV Duisburg,52,Toni Stahl,347722,1999-09-17,33,FIRST,2026-07-15,2028-06-30,,,CONFIRMED,https://www.transfermarkt.de/msv-duisburg/kader/verein/52/saison_id/2026/plus/1,18d4d26950b4b7ad041e50ae2365995e7a92e62db4daa0e38fdb65d1224bbf52,269561,269560,1376285
GER3,2026/27,2026-09-12,MSV Duisburg,52,Laurenz Jennissen,1162630,2007-12-09,21,FIRST,2026-01-05,2029-06-30,,,CONFIRMED,https://www.transfermarkt.de/msv-duisburg/kader/verein/52/saison_id/2026/plus/1,18d4d26950b4b7ad041e50ae2365995e7a92e62db4daa0e38fdb65d1224bbf52,283938,0,1376285
GER3,2026/27,2026-09-12,MSV Duisburg,52,Tobias Fleckstein,335101,1999-04-24,5,FIRST,2020-08-24,2028-06-30,,,CONFIRMED,https://www.transfermarkt.de/msv-duisburg/kader/verein/52/saison_id/2026/plus/1,18d4d26950b4b7ad041e50ae2365995e7a92e62db4daa0e38fdb65d1224bbf52,271736,244000,1376285
GER3,2026/27,2026-09-12,MSV Duisburg,52,Ben Schlicke,908370,2005-10-31,40,FIRST,2025-07-01,2027-06-30,,,CONFIRMED,https://www.transfermarkt.de/msv-duisburg/kader/verein/52/saison_id/2026/plus/1,18d4d26950b4b7ad041e50ae2365995e7a92e62db4daa0e38fdb65d1224bbf52,271755,271441,1376285
GER3,2026/27,2026-09-12,MSV Duisburg,52,Can Coskun,237576,1998-03-26,27,FIRST,2024-07-01,2028-06-30,,,CONFIRMED,https://www.transfermarkt.de/msv-duisburg/kader/verein/52/saison_id/2026/plus/1,18d4d26950b4b7ad041e50ae2365995e7a92e62db4daa0e38fdb65d1224bbf52,271746,255454,1376285
GER3,2026/27,2026-09-12,MSV Duisburg,52,Joshua Bitter,265159,1997-01-01,29,FIRST,2022-07-01,2029-06-30,,,CONFIRMED,https://www.transfermarkt.de/msv-duisburg/kader/verein/52/saison_id/2026/plus/1,18d4d26950b4b7ad041e50ae2365995e7a92e62db4daa0e38fdb65d1224bbf52,271741,234407,1376285
GER3,2026/27,2026-09-12,MSV Duisburg,52,Niklas Jessen,574197,2003-09-04,20,FIRST,2025-07-01,2027-06-30,,,CONFIRMED,https://www.transfermarkt.de/msv-duisburg/kader/verein/52/saison_id/2026/plus/1,18d4d26950b4b7ad041e50ae2365995e7a92e62db4daa0e38fdb65d1224bbf52,271744,269869,1376285
GER3,2026/27,2026-09-12,MSV Duisburg,52,Rasim Bulic,679471,2000-12-10,6,FIRST,2025-07-01,2028-06-30,,,CONFIRMED,https://www.transfermarkt.de/msv-duisburg/kader/verein/52/saison_id/2026/plus/1,18d4d26950b4b7ad041e50ae2365995e7a92e62db4daa0e38fdb65d1224bbf52,271732,257054,1376285
GER3,2026/27,2026-09-12,MSV Duisburg,52,Aljaz Casar,682519,2000-09-17,8,FIRST,2026-01-02,2027-06-30,,,CONFIRMED,https://www.transfermarkt.de/msv-duisburg/kader/verein/52/saison_id/2026/plus/1,18d4d26950b4b7ad041e50ae2365995e7a92e62db4daa0e38fdb65d1224bbf52,274794,251662,1376285
GER3,2026/27,2026-09-12,MSV Duisburg,52,Christian Viet,486731,1999-03-27,10,FIRST,2025-07-01,2027-06-30,,,CONFIRMED,https://www.transfermarkt.de/msv-duisburg/kader/verein/52/saison_id/2026/plus/1,18d4d26950b4b7ad041e50ae2365995e7a92e62db4daa0e38fdb65d1224bbf52,271735,256634,1376285
GER3,2026/27,2026-09-12,MSV Duisburg,52,Max Besuschkow,207578,1997-05-31,17,FIRST,2026-07-01,2029-06-30,,,CONFIRMED,https://www.transfermarkt.de/msv-duisburg/kader/verein/52/saison_id/2026/plus/1,18d4d26950b4b7ad041e50ae2365995e7a92e62db4daa0e38fdb65d1224bbf52,264263,234945,1376285
GER3,2026/27,2026-09-12,MSV Duisburg,52,Conor Noß,520857,2001-01-01,14,FIRST,2025-07-01,2027-06-30,,,CONFIRMED,https://www.transfermarkt.de/msv-duisburg/kader/verein/52/saison_id/2026/plus/1,18d4d26950b4b7ad041e50ae2365995e7a92e62db4daa0e38fdb65d1224bbf52,271742,253693,1376285
GER3,2026/27,2026-09-12,MSV Duisburg,52,Jakob Bookjans,662220,2000-07-21,7,FIRST,2024-07-01,2028-06-30,,,CONFIRMED,https://www.transfermarkt.de/msv-duisburg/kader/verein/52/saison_id/2026/plus/1,18d4d26950b4b7ad041e50ae2365995e7a92e62db4daa0e38fdb65d1224bbf52,271737,270027,1376285
GER3,2026/27,2026-09-12,MSV Duisburg,52,Dominik Kother,450253,2000-03-16,11,FIRST,2026-07-01,2028-06-30,,,CONFIRMED,https://www.transfermarkt.de/msv-duisburg/kader/verein/52/saison_id/2026/plus/1,18d4d26950b4b7ad041e50ae2365995e7a92e62db4daa0e38fdb65d1224bbf52,274790,248575,1376285
GER3,2026/27,2026-09-12,MSV Duisburg,52,Patrick Sussek,427291,2000-02-08,37,FIRST,2024-07-01,2028-06-30,,,CONFIRMED,https://www.transfermarkt.de/msv-duisburg/kader/verein/52/saison_id/2026/plus/1,18d4d26950b4b7ad041e50ae2365995e7a92e62db4daa0e38fdb65d1224bbf52,271734,240756,1376285
GER3,2026/27,2026-09-12,MSV Duisburg,52,Dennis Borkowski,467426,2002-01-26,25,FIRST,2025-07-01,2027-06-30,,,CONFIRMED,https://www.transfermarkt.de/msv-duisburg/kader/verein/52/saison_id/2026/plus/1,18d4d26950b4b7ad041e50ae2365995e7a92e62db4daa0e38fdb65d1224bbf52,271751,257007,1376285
GER3,2026/27,2026-09-12,MSV Duisburg,52,Florian Krüger,317740,1999-02-13,26,FIRST,2025-09-01,2027-06-30,,,CONFIRMED,https://www.transfermarkt.de/msv-duisburg/kader/verein/52/saison_id/2026/plus/1,18d4d26950b4b7ad041e50ae2365995e7a92e62db4daa0e38fdb65d1224bbf52,271740,245228,1376285
GER3,2026/27,2026-09-12,MSV Duisburg,52,Jan-Simon Symalla,934523,2005-01-23,23,FIRST,2024-07-01,2027-06-30,,,CONFIRMED,https://www.transfermarkt.de/msv-duisburg/kader/verein/52/saison_id/2026/plus/1,18d4d26950b4b7ad041e50ae2365995e7a92e62db4daa0e38fdb65d1224bbf52,271733,71590,1376285
GER3,2026/27,2026-09-12,MSV Duisburg,52,Ramien Safi,600414,1999-10-17,19,FIRST,2026-07-01,2028-06-30,,,CONFIRMED,https://www.transfermarkt.de/msv-duisburg/kader/verein/52/saison_id/2026/plus/1,18d4d26950b4b7ad041e50ae2365995e7a92e62db4daa0e38fdb65d1224bbf52,271916,73009,1376285
GER3,2026/27,2026-09-12,MSV Duisburg,52,Lex Tyger Lobinger,378874,1999-02-22,9,FIRST,2026-01-03,2028-06-30,,,CONFIRMED,https://www.transfermarkt.de/msv-duisburg/kader/verein/52/saison_id/2026/plus/1,18d4d26950b4b7ad041e50ae2365995e7a92e62db4daa0e38fdb65d1224bbf52,272907,261653,1376285
GER3,2026/27,2026-09-12,FC Hansa Rostock,30,Luca Unbehaun,388815,2001-02-27,1,FIRST,2026-07-01,2028-06-30,,,CONFIRMED,https://www.transfermarkt.de/fc-hansa-rostock/kader/verein/30/saison_id/2026/plus/1,6da33a7ccf32faa9ebb0b7823a0ee5537fb70bfe8ee363795199b5de4015e0f1,136513,247479,1376265
GER3,2026/27,2026-09-12,FC Hansa Rostock,30,Philipp Klewin,94120,1993-09-30,25,FIRST,2024-07-13,2027-06-30,,,CONFIRMED,https://www.transfermarkt.de/fc-hansa-rostock/kader/verein/30/saison_id/2026/plus/1,6da33a7ccf32faa9ebb0b7823a0ee5537fb70bfe8ee363795199b5de4015e0f1,100229,211827,1376265
GER3,2026/27,2026-09-12,FC Hansa Rostock,30,Ahmet Gürleyen,397696,1999-04-26,15,FIRST,2024-07-18,2027-06-30,,,CONFIRMED,https://www.transfermarkt.de/fc-hansa-rostock/kader/verein/30/saison_id/2026/plus/1,6da33a7ccf32faa9ebb0b7823a0ee5537fb70bfe8ee363795199b5de4015e0f1,100208,245252,1376265
GER3,2026/27,2026-09-12,FC Hansa Rostock,30,Florian Carstens,334543,1998-11-08,17,FIRST,2025-07-01,2027-06-30,,,CONFIRMED,https://www.transfermarkt.de/fc-hansa-rostock/kader/verein/30/saison_id/2026/plus/1,6da33a7ccf32faa9ebb0b7823a0ee5537fb70bfe8ee363795199b5de4015e0f1,100213,245750,1376265
GER3,2026/27,2026-09-12,FC Hansa Rostock,30,Lukas Wallner,548026,2003-04-26,16,FIRST,2025-07-01,2029-06-30,,,CONFIRMED,https://www.transfermarkt.de/fc-hansa-rostock/kader/verein/30/saison_id/2026/plus/1,6da33a7ccf32faa9ebb0b7823a0ee5537fb70bfe8ee363795199b5de4015e0f1,100220,266109,1376265
GER3,2026/27,2026-09-12,FC Hansa Rostock,30,Franz Pfanne,159258,1994-12-10,23,FIRST,2024-07-01,2027-06-30,,,CONFIRMED,https://www.transfermarkt.de/fc-hansa-rostock/kader/verein/30/saison_id/2026/plus/1,6da33a7ccf32faa9ebb0b7823a0ee5537fb70bfe8ee363795199b5de4015e0f1,100211,262635,1376265
GER3,2026/27,2026-09-12,FC Hansa Rostock,30,Leon Reichardt,730408,2004-06-28,22,FIRST,2025-07-01,2028-06-30,,,CONFIRMED,https://www.transfermarkt.de/fc-hansa-rostock/kader/verein/30/saison_id/2026/plus/1,6da33a7ccf32faa9ebb0b7823a0ee5537fb70bfe8ee363795199b5de4015e0f1,100223,273885,1376265
GER3,2026/27,2026-09-12,FC Hansa Rostock,30,Niklas Kölle,369881,1999-11-17,32,FIRST,2026-07-06,2028-06-30,,,CONFIRMED,https://www.transfermarkt.de/fc-hansa-rostock/kader/verein/30/saison_id/2026/plus/1,6da33a7ccf32faa9ebb0b7823a0ee5537fb70bfe8ee363795199b5de4015e0f1,271655,252263,1376265
GER3,2026/27,2026-09-12,FC Hansa Rostock,30,Milosz Brzozowski,661158,2004-09-17,37,FIRST,2023-07-01,2028-06-30,,,CONFIRMED,https://www.transfermarkt.de/fc-hansa-rostock/kader/verein/30/saison_id/2026/plus/1,6da33a7ccf32faa9ebb0b7823a0ee5537fb70bfe8ee363795199b5de4015e0f1,100234,276330,1376265
GER3,2026/27,2026-09-12,FC Hansa Rostock,30,Florian Bohnert,251448,1997-11-09,3,FIRST,2026-07-01,2028-06-30,,,CONFIRMED,https://www.transfermarkt.de/fc-hansa-rostock/kader/verein/30/saison_id/2026/plus/1,6da33a7ccf32faa9ebb0b7823a0ee5537fb70bfe8ee363795199b5de4015e0f1,273002,272808,1376265
GER3,2026/27,2026-09-12,FC Hansa Rostock,30,Kenan Fatkic,491963,1997-08-20,4,FIRST,2025-07-01,2027-06-30,,,CONFIRMED,https://www.transfermarkt.de/fc-hansa-rostock/kader/verein/30/saison_id/2026/plus/1,6da33a7ccf32faa9ebb0b7823a0ee5537fb70bfe8ee363795199b5de4015e0f1,100221,243893,1376265
GER3,2026/27,2026-09-12,FC Hansa Rostock,30,Marco Schuster,168186,1995-10-10,5,FIRST,2024-07-08,2027-06-30,,,CONFIRMED,https://www.transfermarkt.de/fc-hansa-rostock/kader/verein/30/saison_id/2026/plus/1,6da33a7ccf32faa9ebb0b7823a0ee5537fb70bfe8ee363795199b5de4015e0f1,100207,223680,1376265
GER3,2026/27,2026-09-12,FC Hansa Rostock,30,Robin Falk,1069971,2007-02-06,46,FIRST,2026-07-01,2027-06-30,,,CONFIRMED,https://www.transfermarkt.de/fc-hansa-rostock/kader/verein/30/saison_id/2026/plus/1,6da33a7ccf32faa9ebb0b7823a0ee5537fb70bfe8ee363795199b5de4015e0f1,100252,0,1376265
GER3,2026/27,2026-09-12,FC Hansa Rostock,30,Benno Dietze,820973,2003-07-15,42,FIRST,2024-07-01,2028-06-30,,,CONFIRMED,https://www.transfermarkt.de/fc-hansa-rostock/kader/verein/30/saison_id/2026/plus/1,6da33a7ccf32faa9ebb0b7823a0ee5537fb70bfe8ee363795199b5de4015e0f1,100217,270111,1376265
GER3,2026/27,2026-09-12,FC Hansa Rostock,30,Jonas Dirkner,605222,2002-07-15,6,FIRST,2024-07-01,2029-06-30,,,CONFIRMED,https://www.transfermarkt.de/fc-hansa-rostock/kader/verein/30/saison_id/2026/plus/1,6da33a7ccf32faa9ebb0b7823a0ee5537fb70bfe8ee363795199b5de4015e0f1,100222,262297,1376265
GER3,2026/27,2026-09-12,FC Hansa Rostock,30,David Kopacz,317739,1999-05-29,27,FIRST,2026-08-28,2028-06-30,,,CONFIRMED,https://www.transfermarkt.de/fc-hansa-rostock/kader/verein/30/saison_id/2026/plus/1,6da33a7ccf32faa9ebb0b7823a0ee5537fb70bfe8ee363795199b5de4015e0f1,272316,244034,1376265
GER3,2026/27,2026-09-12,FC Hansa Rostock,30,Paul Stock,425834,1997-01-08,10,FIRST,2025-07-01,2027-06-30,,,CONFIRMED,https://www.transfermarkt.de/fc-hansa-rostock/kader/verein/30/saison_id/2026/plus/1,6da33a7ccf32faa9ebb0b7823a0ee5537fb70bfe8ee363795199b5de4015e0f1,100216,276319,1376265
GER3,2026/27,2026-09-12,FC Hansa Rostock,30,Felikss Sprogis,1280672,2008-05-17,45,FIRST,2026-07-01,2027-06-30,,,CONFIRMED,https://www.transfermarkt.de/fc-hansa-rostock/kader/verein/30/saison_id/2026/plus/1,6da33a7ccf32faa9ebb0b7823a0ee5537fb70bfe8ee363795199b5de4015e0f1,100245,0,1376265
GER3,2026/27,2026-09-12,FC Hansa Rostock,30,Leon Dajaku,483974,2001-04-12,43,FIRST,2026-07-01,2028-06-30,,,CONFIRMED,https://www.transfermarkt.de/fc-hansa-rostock/kader/verein/30/saison_id/2026/plus/1,6da33a7ccf32faa9ebb0b7823a0ee5537fb70bfe8ee363795199b5de4015e0f1,271653,246416,1376265
GER3,2026/27,2026-09-12,FC Hansa Rostock,30,Maximilian Krauß,334554,1996-11-24,35,FIRST,2025-07-01,2027-06-30,,,CONFIRMED,https://www.transfermarkt.de/fc-hansa-rostock/kader/verein/30/saison_id/2026/plus/1,6da33a7ccf32faa9ebb0b7823a0ee5537fb70bfe8ee363795199b5de4015e0f1,100212,244109,1376265
GER3,2026/27,2026-09-12,FC Hansa Rostock,30,Fiete Bock,1140611,2007-09-23,36,FIRST,2025-01-01,2027-06-30,,,CONFIRMED,https://www.transfermarkt.de/fc-hansa-rostock/kader/verein/30/saison_id/2026/plus/1,6da33a7ccf32faa9ebb0b7823a0ee5537fb70bfe8ee363795199b5de4015e0f1,100233,75952,1376265
GER3,2026/27,2026-09-12,FC Hansa Rostock,30,Bernie Lennemann,933253,2003-04-25,7,FIRST,2026-07-01,2029-06-30,,,CONFIRMED,https://www.transfermarkt.de/fc-hansa-rostock/kader/verein/30/saison_id/2026/plus/1,6da33a7ccf32faa9ebb0b7823a0ee5537fb70bfe8ee363795199b5de4015e0f1,289806,0,1376265
GER3,2026/27,2026-09-12,FC Hansa Rostock,30,Yannick Michaelis,789738,2006-08-01,41,FIRST,2026-07-01,2030-06-30,,,CONFIRMED,https://www.transfermarkt.de/fc-hansa-rostock/kader/verein/30/saison_id/2026/plus/1,6da33a7ccf32faa9ebb0b7823a0ee5537fb70bfe8ee363795199b5de4015e0f1,292091,0,1376265
GER3,2026/27,2026-09-12,FC Hansa Rostock,30,Andreas Voglsammer,94771,1992-01-09,9,FIRST,2025-07-01,2027-06-30,,,CONFIRMED,https://www.transfermarkt.de/fc-hansa-rostock/kader/verein/30/saison_id/2026/plus/1,6da33a7ccf32faa9ebb0b7823a0ee5537fb70bfe8ee363795199b5de4015e0f1,100205,211891,1376265
GER3,2026/27,2026-09-12,FC Hansa Rostock,30,David Hummel,472248,2002-01-01,21,FIRST,2025-07-01,2028-06-30,,,CONFIRMED,https://www.transfermarkt.de/fc-hansa-rostock/kader/verein/30/saison_id/2026/plus/1,6da33a7ccf32faa9ebb0b7823a0ee5537fb70bfe8ee363795199b5de4015e0f1,100228,79401,1376265
GER3,2026/27,2026-09-12,SC Verl,93,Fabian Pekruhl,567764,1999-02-14,32,FIRST,2023-07-01,2028-06-30,,,CONFIRMED,https://www.transfermarkt.de/sc-verl/kader/verein/93/saison_id/2026/plus/1,bd69b9b6c3fd17e062c0bf50a17563b42a98d2c42534eeab1330ee7efa38071a,271454,274489,1376406
GER3,2026/27,2026-09-12,SC Verl,93,Julian Fuest,934668,2005-02-22,12,FIRST,2026-07-01,2027-06-30,,,CONFIRMED,https://www.transfermarkt.de/sc-verl/kader/verein/93/saison_id/2026/plus/1,bd69b9b6c3fd17e062c0bf50a17563b42a98d2c42534eeab1330ee7efa38071a,283665,0,1376406
GER3,2026/27,2026-09-12,SC Verl,93,Tim Hoffmann,914720,2005-02-26,46,FIRST,2026-07-01,2028-06-30,,,CONFIRMED,https://www.transfermarkt.de/sc-verl/kader/verein/93/saison_id/2026/plus/1,bd69b9b6c3fd17e062c0bf50a17563b42a98d2c42534eeab1330ee7efa38071a,272203,70951,1376406
GER3,2026/27,2026-09-12,SC Verl,93,Felix Vogler,601502,2003-04-12,27,FIRST,2026-07-01,2028-06-30,,,CONFIRMED,https://www.transfermarkt.de/sc-verl/kader/verein/93/saison_id/2026/plus/1,bd69b9b6c3fd17e062c0bf50a17563b42a98d2c42534eeab1330ee7efa38071a,288559,0,1376406
GER3,2026/27,2026-09-12,SC Verl,93,Niko Kijewski,193032,1996-03-28,19,FIRST,2024-07-29,2027-06-30,,,CONFIRMED,https://www.transfermarkt.de/sc-verl/kader/verein/93/saison_id/2026/plus/1,bd69b9b6c3fd17e062c0bf50a17563b42a98d2c42534eeab1330ee7efa38071a,271437,229175,1376406
GER3,2026/27,2026-09-12,SC Verl,93,Moritz Kaube,818807,2001-01-22,11,FIRST,2026-07-01,2028-06-30,,,CONFIRMED,https://www.transfermarkt.de/sc-verl/kader/verein/93/saison_id/2026/plus/1,bd69b9b6c3fd17e062c0bf50a17563b42a98d2c42534eeab1330ee7efa38071a,291934,0,1376406
GER3,2026/27,2026-09-12,SC Verl,93,Joshua Eze,606079,2003-03-20,6,FIRST,2025-07-01,2027-06-30,,,CONFIRMED,https://www.transfermarkt.de/sc-verl/kader/verein/93/saison_id/2026/plus/1,bd69b9b6c3fd17e062c0bf50a17563b42a98d2c42534eeab1330ee7efa38071a,271453,269863,1376406
GER3,2026/27,2026-09-12,SC Verl,93,Dennis Waidner,453877,2001-02-08,8,FIRST,2025-07-01,2027-06-30,,,CONFIRMED,https://www.transfermarkt.de/sc-verl/kader/verein/93/saison_id/2026/plus/1,bd69b9b6c3fd17e062c0bf50a17563b42a98d2c42534eeab1330ee7efa38071a,271439,252016,1376406
GER3,2026/27,2026-09-12,SC Verl,93,Antonio Foti,615036,2003-11-03,26,FIRST,2026-01-03,2028-06-30,,,CONFIRMED,https://www.transfermarkt.de/sc-verl/kader/verein/93/saison_id/2026/plus/1,bd69b9b6c3fd17e062c0bf50a17563b42a98d2c42534eeab1330ee7efa38071a,277421,266392,1376406
GER3,2026/27,2026-09-12,SC Verl,93,Yari Otto,316590,1999-05-27,17,FIRST,2022-09-01,2027-06-30,,,CONFIRMED,https://www.transfermarkt.de/sc-verl/kader/verein/93/saison_id/2026/plus/1,bd69b9b6c3fd17e062c0bf50a17563b42a98d2c42534eeab1330ee7efa38071a,271441,244076,1376406
GER3,2026/27,2026-09-12,SC Verl,93,Fabian Wessig,670140,2003-04-27,18,FIRST,2025-07-01,2027-06-30,,,CONFIRMED,https://www.transfermarkt.de/sc-verl/kader/verein/93/saison_id/2026/plus/1,bd69b9b6c3fd17e062c0bf50a17563b42a98d2c42534eeab1330ee7efa38071a,271456,79331,1376406
GER3,2026/27,2026-09-12,SC Verl,93,Amin Farouk,692397,2003-07-22,7,FIRST,2026-07-01,2028-06-30,,,CONFIRMED,https://www.transfermarkt.de/sc-verl/kader/verein/93/saison_id/2026/plus/1,bd69b9b6c3fd17e062c0bf50a17563b42a98d2c42534eeab1330ee7efa38071a,267063,263731,1376406
GER3,2026/27,2026-09-12,SC Verl,93,Mika Clausen,906540,2002-06-10,21,FIRST,2026-07-01,2028-06-30,,,CONFIRMED,https://www.transfermarkt.de/sc-verl/kader/verein/93/saison_id/2026/plus/1,bd69b9b6c3fd17e062c0bf50a17563b42a98d2c42534eeab1330ee7efa38071a,272661,73370,1376406
GER3,2026/27,2026-09-12,SC Verl,93,Bilal Yalcinkaya,897491,2006-03-30,10,FIRST,2026-07-01,2028-06-30,,,CONFIRMED,https://www.transfermarkt.de/sc-verl/kader/verein/93/saison_id/2026/plus/1,bd69b9b6c3fd17e062c0bf50a17563b42a98d2c42534eeab1330ee7efa38071a,275650,279101,1376406
GER3,2026/27,2026-09-12,SC Verl,93,Almin Mesanovic,829253,2004-01-17,30,FIRST,2025-07-01,2027-06-30,,,CONFIRMED,https://www.transfermarkt.de/sc-verl/kader/verein/93/saison_id/2026/plus/1,bd69b9b6c3fd17e062c0bf50a17563b42a98d2c42534eeab1330ee7efa38071a,271452,79327,1376406
GER3,2026/27,2026-09-12,SC Verl,93,Kasim Rabihic,196146,1993-02-24,23,FIRST,2026-09-07,2027-06-30,,,CONFIRMED,https://www.transfermarkt.de/sc-verl/kader/verein/93/saison_id/2026/plus/1,bd69b9b6c3fd17e062c0bf50a17563b42a98d2c42534eeab1330ee7efa38071a,273631,256282,1376406
GER3,2026/27,2026-09-12,SC Verl,93,Tim Heike,445448,2000-02-25,25,FIRST,2026-07-01,2028-06-30,,,CONFIRMED,https://www.transfermarkt.de/sc-verl/kader/verein/93/saison_id/2026/plus/1,bd69b9b6c3fd17e062c0bf50a17563b42a98d2c42534eeab1330ee7efa38071a,271747,73157,1376406
GER3,2026/27,2026-09-12,SC Verl,93,Alem Japaur,665535,2004-04-23,9,FIRST,2025-07-01,2027-06-30,,,CONFIRMED,https://www.transfermarkt.de/sc-verl/kader/verein/93/saison_id/2026/plus/1,bd69b9b6c3fd17e062c0bf50a17563b42a98d2c42534eeab1330ee7efa38071a,271457,79329,1376406
GER3,2026/27,2026-09-12,TSV Alemannia Aachen,8,Stefan Bajic,465836,2001-12-23,23,FIRST,2026-07-01,2028-06-30,,,CONFIRMED,https://www.transfermarkt.de/alemannia-aachen/kader/verein/8/saison_id/2026/plus/1,d50319c6c39283dd66c83e32c0e53c0fbab8eb26ba138f0fe6e86b3dfc2b9c0b,289616,245865,1376276
GER3,2026/27,2026-09-12,TSV Alemannia Aachen,8,Tom Hendriks,687560,2002-05-14,22,FIRST,2025-07-01,2027-06-30,,,CONFIRMED,https://www.transfermarkt.de/alemannia-aachen/kader/verein/8/saison_id/2026/plus/1,d50319c6c39283dd66c83e32c0e53c0fbab8eb26ba138f0fe6e86b3dfc2b9c0b,272769,247058,1376276
GER3,2026/27,2026-09-12,TSV Alemannia Aachen,8,Joel da Silva Kiala,797560,2004-01-21,37,FIRST,2025-07-01,2029-06-30,,,CONFIRMED,https://www.transfermarkt.de/alemannia-aachen/kader/verein/8/saison_id/2026/plus/1,d50319c6c39283dd66c83e32c0e53c0fbab8eb26ba138f0fe6e86b3dfc2b9c0b,272763,79335,1376276
GER3,2026/27,2026-09-12,TSV Alemannia Aachen,8,Gideon Jung,247661,1994-09-12,21,FIRST,2026-02-02,2027-06-30,,,CONFIRMED,https://www.transfermarkt.de/alemannia-aachen/kader/verein/8/saison_id/2026/plus/1,d50319c6c39283dd66c83e32c0e53c0fbab8eb26ba138f0fe6e86b3dfc2b9c0b,200236,223751,1376276
GER3,2026/27,2026-09-12,TSV Alemannia Aachen,8,Marius Wegmann,416032,1998-09-03,33,FIRST,2025-09-01,2027-06-30,,,CONFIRMED,https://www.transfermarkt.de/alemannia-aachen/kader/verein/8/saison_id/2026/plus/1,d50319c6c39283dd66c83e32c0e53c0fbab8eb26ba138f0fe6e86b3dfc2b9c0b,272766,239700,1376276
GER3,2026/27,2026-09-12,TSV Alemannia Aachen,8,Mika Hanraths,334225,1999-06-04,15,FIRST,2023-07-01,2027-06-30,,,CONFIRMED,https://www.transfermarkt.de/alemannia-aachen/kader/verein/8/saison_id/2026/plus/1,d50319c6c39283dd66c83e32c0e53c0fbab8eb26ba138f0fe6e86b3dfc2b9c0b,272746,268533,1376276
GER3,2026/27,2026-09-12,TSV Alemannia Aachen,8,Danilo Wiebe,119292,1994-03-22,28,FIRST,2025-01-06,2027-06-30,,,CONFIRMED,https://www.transfermarkt.de/alemannia-aachen/kader/verein/8/saison_id/2026/plus/1,d50319c6c39283dd66c83e32c0e53c0fbab8eb26ba138f0fe6e86b3dfc2b9c0b,272749,238563,1376276
GER3,2026/27,2026-09-12,TSV Alemannia Aachen,8,Mehdi Loune,519869,2004-05-14,10,FIRST,2025-10-13,2027-06-30,,,CONFIRMED,https://www.transfermarkt.de/alemannia-aachen/kader/verein/8/saison_id/2026/plus/1,d50319c6c39283dd66c83e32c0e53c0fbab8eb26ba138f0fe6e86b3dfc2b9c0b,272767,269993,1376276
GER3,2026/27,2026-09-12,TSV Alemannia Aachen,8,Meiko Wäschenbach,696019,2004-01-13,11,FIRST,2026-07-30,2028-06-30,,,CONFIRMED,https://www.transfermarkt.de/alemannia-aachen/kader/verein/8/saison_id/2026/plus/1,d50319c6c39283dd66c83e32c0e53c0fbab8eb26ba138f0fe6e86b3dfc2b9c0b,276202,74004,1376276
GER3,2026/27,2026-09-12,TSV Alemannia Aachen,8,Mika Pobric,1281526,2007-06-10,49,FIRST,2025-01-16,2027-06-30,,,CONFIRMED,https://www.transfermarkt.de/alemannia-aachen/kader/verein/8/saison_id/2026/plus/1,d50319c6c39283dd66c83e32c0e53c0fbab8eb26ba138f0fe6e86b3dfc2b9c0b,272771,76802,1376276
GER3,2026/27,2026-09-12,TSV Alemannia Aachen,8,Lukas Scepanik,140712,1994-04-11,7,FIRST,2023-07-01,2027-06-30,,,CONFIRMED,https://www.transfermarkt.de/alemannia-aachen/kader/verein/8/saison_id/2026/plus/1,d50319c6c39283dd66c83e32c0e53c0fbab8eb26ba138f0fe6e86b3dfc2b9c0b,272750,251440,1376276
GER3,2026/27,2026-09-12,TSV Alemannia Aachen,8,Louis Köster,630761,2003-01-25,8,FIRST,2026-07-01,2028-06-30,,,CONFIRMED,https://www.transfermarkt.de/alemannia-aachen/kader/verein/8/saison_id/2026/plus/1,d50319c6c39283dd66c83e32c0e53c0fbab8eb26ba138f0fe6e86b3dfc2b9c0b,100113,274696,1376276
GER3,2026/27,2026-09-12,TSV Alemannia Aachen,8,Nathan Bitumazala,618415,2002-12-10,19,FIRST,2026-08-07,2028-06-30,,,CONFIRMED,https://www.transfermarkt.de/alemannia-aachen/kader/verein/8/saison_id/2026/plus/1,d50319c6c39283dd66c83e32c0e53c0fbab8eb26ba138f0fe6e86b3dfc2b9c0b,236946,264026,1376276
GER3,2026/27,2026-09-12,TSV Alemannia Aachen,8,Ken Izekor,929912,2007-05-24,18,FIRST,2026-07-09,2028-06-30,,,CONFIRMED,https://www.transfermarkt.de/alemannia-aachen/kader/verein/8/saison_id/2026/plus/1,d50319c6c39283dd66c83e32c0e53c0fbab8eb26ba138f0fe6e86b3dfc2b9c0b,277080,274393,1376276
GER3,2026/27,2026-09-12,TSV Alemannia Aachen,8,Valmir Sulejmani,193050,1996-02-01,38,FIRST,2025-07-01,2027-06-30,,,CONFIRMED,https://www.transfermarkt.de/alemannia-aachen/kader/verein/8/saison_id/2026/plus/1,d50319c6c39283dd66c83e32c0e53c0fbab8eb26ba138f0fe6e86b3dfc2b9c0b,272751,220881,1376276
GER3,2026/27,2026-09-12,TSV Alemannia Aachen,8,Daniel Starodid,906538,2004-02-12,9,FIRST,2026-07-01,2028-06-30,,,CONFIRMED,https://www.transfermarkt.de/alemannia-aachen/kader/verein/8/saison_id/2026/plus/1,d50319c6c39283dd66c83e32c0e53c0fbab8eb26ba138f0fe6e86b3dfc2b9c0b,289399,245601,1376276
GER3,2026/27,2026-09-12,SV Wehen Wiesbaden,108,Florian Stritzel,148096,1994-01-31,16,FIRST,2021-07-02,2027-06-30,,,CONFIRMED,https://www.transfermarkt.de/sv-wehen-wiesbaden/kader/verein/108/saison_id/2026/plus/1,c5333e619a4ccff973d898b3a9c4668b151ad7106dcb46f85b4726a7ee4c6ef3,273913,208776,1376439
GER3,2026/27,2026-09-12,SV Wehen Wiesbaden,108,Noah Brdar,820760,2005-08-11,31,FIRST,2023-07-21,2028-06-30,,,CONFIRMED,https://www.transfermarkt.de/sv-wehen-wiesbaden/kader/verein/108/saison_id/2026/plus/1,c5333e619a4ccff973d898b3a9c4668b151ad7106dcb46f85b4726a7ee4c6ef3,273929,276993,1376439
GER3,2026/27,2026-09-12,SV Wehen Wiesbaden,108,Finn Ludwig,1056281,2006-03-10,41,FIRST,2025-07-01,2028-06-30,,,CONFIRMED,https://www.transfermarkt.de/sv-wehen-wiesbaden/kader/verein/108/saison_id/2026/plus/1,c5333e619a4ccff973d898b3a9c4668b151ad7106dcb46f85b4726a7ee4c6ef3,273930,79258,1376439
GER3,2026/27,2026-09-12,SV Wehen Wiesbaden,108,Justin Janitzek,639580,2004-02-10,15,FIRST,2024-07-01,2027-06-30,,,CONFIRMED,https://www.transfermarkt.de/sv-wehen-wiesbaden/kader/verein/108/saison_id/2026/plus/1,c5333e619a4ccff973d898b3a9c4668b151ad7106dcb46f85b4726a7ee4c6ef3,273915,274101,1376439
GER3,2026/27,2026-09-12,SV Wehen Wiesbaden,108,Jordy Gillekens,465307,2000-02-18,27,FIRST,2025-07-04,2028-06-30,,,CONFIRMED,https://www.transfermarkt.de/sv-wehen-wiesbaden/kader/verein/108/saison_id/2026/plus/1,c5333e619a4ccff973d898b3a9c4668b151ad7106dcb46f85b4726a7ee4c6ef3,273916,256519,1376439
GER3,2026/27,2026-09-12,SV Wehen Wiesbaden,108,Michael Schultz,126424,1993-05-30,14,FIRST,2026-08-31,2027-06-30,,,CONFIRMED,https://www.transfermarkt.de/sv-wehen-wiesbaden/kader/verein/108/saison_id/2026/plus/1,c5333e619a4ccff973d898b3a9c4668b151ad7106dcb46f85b4726a7ee4c6ef3,271913,217841,1376439
GER3,2026/27,2026-09-12,SV Wehen Wiesbaden,108,Tim Neubert,1137144,2007-05-23,24,FIRST,2025-07-01,2027-06-30,,,CONFIRMED,https://www.transfermarkt.de/sv-wehen-wiesbaden/kader/verein/108/saison_id/2026/plus/1,c5333e619a4ccff973d898b3a9c4668b151ad7106dcb46f85b4726a7ee4c6ef3,273932,76794,1376439
GER3,2026/27,2026-09-12,SV Wehen Wiesbaden,108,Florian Hübner,85822,1991-03-01,19,FIRST,2024-07-29,2027-06-30,,,CONFIRMED,https://www.transfermarkt.de/sv-wehen-wiesbaden/kader/verein/108/saison_id/2026/plus/1,c5333e619a4ccff973d898b3a9c4668b151ad7106dcb46f85b4726a7ee4c6ef3,273926,203590,1376439
GER3,2026/27,2026-09-12,SV Wehen Wiesbaden,108,Niklas May,597001,2002-04-10,5,FIRST,2025-07-01,2027-06-30,,,CONFIRMED,https://www.transfermarkt.de/sv-wehen-wiesbaden/kader/verein/108/saison_id/2026/plus/1,c5333e619a4ccff973d898b3a9c4668b151ad7106dcb46f85b4726a7ee4c6ef3,273910,259272,1376439
GER3,2026/27,2026-09-12,SV Wehen Wiesbaden,108,Fabian Greilinger,435798,2000-09-13,18,FIRST,2024-07-01,2027-06-30,,,CONFIRMED,https://www.transfermarkt.de/sv-wehen-wiesbaden/kader/verein/108/saison_id/2026/plus/1,c5333e619a4ccff973d898b3a9c4668b151ad7106dcb46f85b4726a7ee4c6ef3,273921,251688,1376439
GER3,2026/27,2026-09-12,SV Wehen Wiesbaden,108,Philipp Hercher,216399,1996-03-21,29,FIRST,2026-07-01,2028-06-30,,,CONFIRMED,https://www.transfermarkt.de/sv-wehen-wiesbaden/kader/verein/108/saison_id/2026/plus/1,c5333e619a4ccff973d898b3a9c4668b151ad7106dcb46f85b4726a7ee4c6ef3,276314,229267,1376439
GER3,2026/27,2026-09-12,SV Wehen Wiesbaden,108,Ben Nink,1137145,2007-07-04,17,FIRST,2024-04-02,2029-06-30,,,CONFIRMED,https://www.transfermarkt.de/sv-wehen-wiesbaden/kader/verein/108/saison_id/2026/plus/1,c5333e619a4ccff973d898b3a9c4668b151ad7106dcb46f85b4726a7ee4c6ef3,273928,279657,1376439
GER3,2026/27,2026-09-12,SV Wehen Wiesbaden,108,Max Brandt,392150,2001-06-02,37,FIRST,2026-07-01,2028-06-30,,,CONFIRMED,https://www.transfermarkt.de/sv-wehen-wiesbaden/kader/verein/108/saison_id/2026/plus/1,c5333e619a4ccff973d898b3a9c4668b151ad7106dcb46f85b4726a7ee4c6ef3,271648,276365,1376439
GER3,2026/27,2026-09-12,SV Wehen Wiesbaden,108,David Suárez,821902,2000-11-13,47,FIRST,2025-08-28,2028-06-30,,,CONFIRMED,https://www.transfermarkt.de/sv-wehen-wiesbaden/kader/verein/108/saison_id/2026/plus/1,c5333e619a4ccff973d898b3a9c4668b151ad7106dcb46f85b4726a7ee4c6ef3,273919,80903,1376439
GER3,2026/27,2026-09-12,SV Wehen Wiesbaden,108,Gino Fechner,264633,1997-09-05,6,FIRST,2021-07-01,2027-06-30,,,CONFIRMED,https://www.transfermarkt.de/sv-wehen-wiesbaden/kader/verein/108/saison_id/2026/plus/1,c5333e619a4ccff973d898b3a9c4668b151ad7106dcb46f85b4726a7ee4c6ef3,273918,233880,1376439
GER3,2026/27,2026-09-12,SV Wehen Wiesbaden,108,Tarik Gözüsirin,489363,2001-08-08,11,FIRST,2024-07-01,2027-06-30,,,CONFIRMED,https://www.transfermarkt.de/sv-wehen-wiesbaden/kader/verein/108/saison_id/2026/plus/1,c5333e619a4ccff973d898b3a9c4668b151ad7106dcb46f85b4726a7ee4c6ef3,273905,276342,1376439
GER3,2026/27,2026-09-12,SV Wehen Wiesbaden,108,Donny Bogicevic,742548,2001-10-08,8,FIRST,2025-07-01,2027-06-30,,,CONFIRMED,https://www.transfermarkt.de/sv-wehen-wiesbaden/kader/verein/108/saison_id/2026/plus/1,c5333e619a4ccff973d898b3a9c4668b151ad7106dcb46f85b4726a7ee4c6ef3,273914,276320,1376439
GER3,2026/27,2026-09-12,SV Wehen Wiesbaden,108,Raul Paula,716756,2004-01-25,32,FIRST,2026-08-31,2028-06-30,,,CONFIRMED,https://www.transfermarkt.de/sv-wehen-wiesbaden/kader/verein/108/saison_id/2026/plus/1,c5333e619a4ccff973d898b3a9c4668b151ad7106dcb46f85b4726a7ee4c6ef3,294099,69987,1376439
GER3,2026/27,2026-09-12,SV Wehen Wiesbaden,108,Sinan Karweina,337816,1999-03-29,30,FIRST,2026-07-01,2029-06-30,,,CONFIRMED,https://www.transfermarkt.de/sv-wehen-wiesbaden/kader/verein/108/saison_id/2026/plus/1,c5333e619a4ccff973d898b3a9c4668b151ad7106dcb46f85b4726a7ee4c6ef3,193897,244082,1376439
GER3,2026/27,2026-09-12,SV Wehen Wiesbaden,108,Robin Kalem,500771,2002-07-14,10,FIRST,2025-07-01,2028-06-30,,,CONFIRMED,https://www.transfermarkt.de/sv-wehen-wiesbaden/kader/verein/108/saison_id/2026/plus/1,c5333e619a4ccff973d898b3a9c4668b151ad7106dcb46f85b4726a7ee4c6ef3,273908,263970,1376439
GER3,2026/27,2026-09-12,SV Wehen Wiesbaden,108,Ibrahim Ati Allah,1144297,2007-04-27,45,FIRST,2026-02-13,2028-06-30,,,CONFIRMED,https://www.transfermarkt.de/sv-wehen-wiesbaden/kader/verein/108/saison_id/2026/plus/1,c5333e619a4ccff973d898b3a9c4668b151ad7106dcb46f85b4726a7ee4c6ef3,273935,0,1376439
GER3,2026/27,2026-09-12,SV Wehen Wiesbaden,108,Lukas Schleimer,479273,1999-12-09,7,FIRST,2025-07-10,2028-06-30,,,CONFIRMED,https://www.transfermarkt.de/sv-wehen-wiesbaden/kader/verein/108/saison_id/2026/plus/1,c5333e619a4ccff973d898b3a9c4668b151ad7106dcb46f85b4726a7ee4c6ef3,273906,253418,1376439
GER3,2026/27,2026-09-12,SV Wehen Wiesbaden,108,Simon Stehle,557205,2001-09-17,9,FIRST,2025-07-01,2027-06-30,,,CONFIRMED,https://www.transfermarkt.de/sv-wehen-wiesbaden/kader/verein/108/saison_id/2026/plus/1,c5333e619a4ccff973d898b3a9c4668b151ad7106dcb46f85b4726a7ee4c6ef3,273909,255789,1376439
GER3,2026/27,2026-09-12,SV Wehen Wiesbaden,108,Moritz Flotho,859433,2002-05-26,28,FIRST,2024-07-01,2027-06-30,,,CONFIRMED,https://www.transfermarkt.de/sv-wehen-wiesbaden/kader/verein/108/saison_id/2026/plus/1,c5333e619a4ccff973d898b3a9c4668b151ad7106dcb46f85b4726a7ee4c6ef3,273911,278893,1376439
GER3,2026/27,2026-09-12,SV Waldhof Mannheim 07,85,Thijmen Nijhuis,315235,1998-07-25,1,FIRST,2025-08-08,2028-06-30,,,CONFIRMED,https://www.transfermarkt.de/sv-waldhof-mannheim/kader/verein/85/saison_id/2026/plus/1,34e998eba6b950fe72d328e27cb46b4a4d1c4b3c218c58557f9db9a44925ae39,272094,233725,1376301
GER3,2026/27,2026-09-12,SV Waldhof Mannheim 07,85,Jan Niemann,910173,2004-07-05,16,FIRST,2025-07-01,2027-06-30,,,CONFIRMED,https://www.transfermarkt.de/sv-waldhof-mannheim/kader/verein/85/saison_id/2026/plus/1,34e998eba6b950fe72d328e27cb46b4a4d1c4b3c218c58557f9db9a44925ae39,272105,79392,1376301
GER3,2026/27,2026-09-12,SV Waldhof Mannheim 07,85,Lucien Hawryluk,384740,2000-10-05,30,FIRST,2021-07-23,2027-06-30,,,CONFIRMED,https://www.transfermarkt.de/sv-waldhof-mannheim/kader/verein/85/saison_id/2026/plus/1,34e998eba6b950fe72d328e27cb46b4a4d1c4b3c218c58557f9db9a44925ae39,272101,263674,1376301
GER3,2026/27,2026-09-12,SV Waldhof Mannheim 07,85,Claudio Kammerknecht,329360,1999-07-07,15,FIRST,2026-07-01,2029-06-30,,,CONFIRMED,https://www.transfermarkt.de/sv-waldhof-mannheim/kader/verein/85/saison_id/2026/plus/1,34e998eba6b950fe72d328e27cb46b4a4d1c4b3c218c58557f9db9a44925ae39,274800,262664,1376301
GER3,2026/27,2026-09-12,SV Waldhof Mannheim 07,85,Lukas Klünter,282577,1996-05-26,24,FIRST,2024-02-01,2027-06-30,,,CONFIRMED,https://www.transfermarkt.de/sv-waldhof-mannheim/kader/verein/85/saison_id/2026/plus/1,34e998eba6b950fe72d328e27cb46b4a4d1c4b3c218c58557f9db9a44925ae39,272089,229487,1376301
GER3,2026/27,2026-09-12,SV Waldhof Mannheim 07,85,Tim Sechelmann,317747,1999-01-15,4,FIRST,2023-07-01,2028-06-30,,,CONFIRMED,https://www.transfermarkt.de/sv-waldhof-mannheim/kader/verein/85/saison_id/2026/plus/1,34e998eba6b950fe72d328e27cb46b4a4d1c4b3c218c58557f9db9a44925ae39,272085,262926,1376301
GER3,2026/27,2026-09-12,SV Waldhof Mannheim 07,85,Moritz Polte,1033582,2007-09-22,3,FIRST,2026-07-01,2029-06-30,,,CONFIRMED,https://www.transfermarkt.de/sv-waldhof-mannheim/kader/verein/85/saison_id/2026/plus/1,34e998eba6b950fe72d328e27cb46b4a4d1c4b3c218c58557f9db9a44925ae39,281707,0,1376301
GER3,2026/27,2026-09-12,SV Waldhof Mannheim 07,85,Djayson Mendes,1272761,2004-03-15,35,FIRST,2025-07-01,2028-06-30,,,CONFIRMED,https://www.transfermarkt.de/sv-waldhof-mannheim/kader/verein/85/saison_id/2026/plus/1,34e998eba6b950fe72d328e27cb46b4a4d1c4b3c218c58557f9db9a44925ae39,272104,76085,1376301
GER3,2026/27,2026-09-12,SV Waldhof Mannheim 07,85,Yannis Hör,829837,2005-01-05,5,FIRST,2026-07-02,2028-06-30,,,CONFIRMED,https://www.transfermarkt.de/sv-waldhof-mannheim/kader/verein/85/saison_id/2026/plus/1,34e998eba6b950fe72d328e27cb46b4a4d1c4b3c218c58557f9db9a44925ae39,292437,237615,1376301
GER3,2026/27,2026-09-12,SV Waldhof Mannheim 07,85,Joey Müller,452054,2000-08-30,6,FIRST,2026-08-06,2028-06-30,,,CONFIRMED,https://www.transfermarkt.de/sv-waldhof-mannheim/kader/verein/85/saison_id/2026/plus/1,34e998eba6b950fe72d328e27cb46b4a4d1c4b3c218c58557f9db9a44925ae39,136709,273665,1376301
GER3,2026/27,2026-09-12,SV Waldhof Mannheim 07,85,Julian Rieckmann,380078,2000-08-01,21,FIRST,2023-07-01,2028-06-30,,,CONFIRMED,https://www.transfermarkt.de/sv-waldhof-mannheim/kader/verein/85/saison_id/2026/plus/1,34e998eba6b950fe72d328e27cb46b4a4d1c4b3c218c58557f9db9a44925ae39,272088,243345,1376301
GER3,2026/27,2026-09-12,SV Waldhof Mannheim 07,85,Maximilian Thalhammer,388316,1997-07-10,8,FIRST,2024-07-01,2027-06-30,,,CONFIRMED,https://www.transfermarkt.de/sv-waldhof-mannheim/kader/verein/85/saison_id/2026/plus/1,34e998eba6b950fe72d328e27cb46b4a4d1c4b3c218c58557f9db9a44925ae39,272093,239494,1376301
GER3,2026/27,2026-09-12,SV Waldhof Mannheim 07,85,Denis Kryeziu,1278889,2006-09-19,22,FIRST,2026-01-15,2028-06-30,,,CONFIRMED,https://www.transfermarkt.de/sv-waldhof-mannheim/kader/verein/85/saison_id/2026/plus/1,34e998eba6b950fe72d328e27cb46b4a4d1c4b3c218c58557f9db9a44925ae39,284291,0,1376301
GER3,2026/27,2026-09-12,SV Waldhof Mannheim 07,85,Adama Diakhaby,453594,1996-07-05,27,FIRST,2025-07-07,2027-06-30,,,CONFIRMED,https://www.transfermarkt.de/sv-waldhof-mannheim/kader/verein/85/saison_id/2026/plus/1,34e998eba6b950fe72d328e27cb46b4a4d1c4b3c218c58557f9db9a44925ae39,272083,234924,1376301
GER3,2026/27,2026-09-12,SV Waldhof Mannheim 07,85,Diego Michel,562455,1997-10-16,28,FIRST,2025-07-23,2027-06-30,,,CONFIRMED,https://www.transfermarkt.de/sv-waldhof-mannheim/kader/verein/85/saison_id/2026/plus/1,34e998eba6b950fe72d328e27cb46b4a4d1c4b3c218c58557f9db9a44925ae39,272092,80012,1376301
GER3,2026/27,2026-09-12,SV Waldhof Mannheim 07,85,Leroy Mickels,191426,1995-06-25,23,FIRST,2026-07-22,2028-06-30,,,CONFIRMED,https://www.transfermarkt.de/sv-waldhof-mannheim/kader/verein/85/saison_id/2026/plus/1,34e998eba6b950fe72d328e27cb46b4a4d1c4b3c218c58557f9db9a44925ae39,203212,251443,1376301
GER3,2026/27,2026-09-12,SV Waldhof Mannheim 07,85,Jascha Brandt,603734,2003-03-20,19,FIRST,2025-07-01,2027-06-30,,,CONFIRMED,https://www.transfermarkt.de/sv-waldhof-mannheim/kader/verein/85/saison_id/2026/plus/1,34e998eba6b950fe72d328e27cb46b4a4d1c4b3c218c58557f9db9a44925ae39,272102,277842,1376301
GER3,2026/27,2026-09-12,SV Waldhof Mannheim 07,85,Noah Sarenren Bazee,283001,1996-08-21,37,FIRST,2026-07-01,2029-06-30,,,CONFIRMED,https://www.transfermarkt.de/sv-waldhof-mannheim/kader/verein/85/saison_id/2026/plus/1,34e998eba6b950fe72d328e27cb46b4a4d1c4b3c218c58557f9db9a44925ae39,275982,233472,1376301
GER3,2026/27,2026-09-12,SV Waldhof Mannheim 07,85,Kushtrim Asallari,553939,2003-04-23,20,FIRST,2025-07-01,2028-06-30,,,CONFIRMED,https://www.transfermarkt.de/sv-waldhof-mannheim/kader/verein/85/saison_id/2026/plus/1,34e998eba6b950fe72d328e27cb46b4a4d1c4b3c218c58557f9db9a44925ae39,272097,79391,1376301
GER3,2026/27,2026-09-12,SV Waldhof Mannheim 07,85,Julian Ulbricht,349404,1999-06-16,10,FIRST,2026-07-01,2029-06-30,,,CONFIRMED,https://www.transfermarkt.de/sv-waldhof-mannheim/kader/verein/85/saison_id/2026/plus/1,34e998eba6b950fe72d328e27cb46b4a4d1c4b3c218c58557f9db9a44925ae39,100332,0,1376301
GER3,2026/27,2026-09-12,SV Waldhof Mannheim 07,85,Kian Ramadani,1136303,2007-06-23,36,FIRST,2026-07-01,2028-06-30,,,CONFIRMED,https://www.transfermarkt.de/sv-waldhof-mannheim/kader/verein/85/saison_id/2026/plus/1,34e998eba6b950fe72d328e27cb46b4a4d1c4b3c218c58557f9db9a44925ae39,288842,219482,1376301
GER3,2026/27,2026-09-12,FC Viktoria Köln 1904,1622,Arne Schulz,606301,2003-03-23,1,FIRST,2025-07-01,2027-06-30,,,CONFIRMED,https://www.transfermarkt.de/fc-viktoria-koln/kader/verein/1622/saison_id/2026/plus/1,b7bfc92e8e7c5a16b30c7b0ff346d1259614911747f68b6cb84920bb2afd1606,272929,262939,1376446
GER3,2026/27,2026-09-12,FC Viktoria Köln 1904,1622,David Wyciok,1162658,2007-08-22,12,FIRST,2026-07-01,2028-06-30,,,CONFIRMED,https://www.transfermarkt.de/fc-viktoria-koln/kader/verein/1622/saison_id/2026/plus/1,b7bfc92e8e7c5a16b30c7b0ff346d1259614911747f68b6cb84920bb2afd1606,285119,0,1376446
GER3,2026/27,2026-09-12,FC Viktoria Köln 1904,1622,Tim Kloss,786824,2004-06-05,18,FIRST,2025-07-01,2027-06-30,,,CONFIRMED,https://www.transfermarkt.de/fc-viktoria-koln/kader/verein/1622/saison_id/2026/plus/1,b7bfc92e8e7c5a16b30c7b0ff346d1259614911747f68b6cb84920bb2afd1606,272917,276783,1376446
GER3,2026/27,2026-09-12,FC Viktoria Köln 1904,1622,Christoph Greger,278324,1997-01-14,15,FIRST,2021-07-01,2027-06-30,,,CONFIRMED,https://www.transfermarkt.de/fc-viktoria-koln/kader/verein/1622/saison_id/2026/plus/1,b7bfc92e8e7c5a16b30c7b0ff346d1259614911747f68b6cb84920bb2afd1606,272909,238963,1376446
GER3,2026/27,2026-09-12,FC Viktoria Köln 1904,1622,Tobias Eisenhuth,524566,2001-09-21,6,FIRST,2025-01-16,2027-06-30,,,CONFIRMED,https://www.transfermarkt.de/fc-viktoria-koln/kader/verein/1622/saison_id/2026/plus/1,b7bfc92e8e7c5a16b30c7b0ff346d1259614911747f68b6cb84920bb2afd1606,272915,276271,1376446
GER3,2026/27,2026-09-12,FC Viktoria Köln 1904,1622,Meiko Sponsel,598576,2002-02-28,19,FIRST,2025-07-01,2027-06-30,,,CONFIRMED,https://www.transfermarkt.de/fc-viktoria-koln/kader/verein/1622/saison_id/2026/plus/1,b7bfc92e8e7c5a16b30c7b0ff346d1259614911747f68b6cb84920bb2afd1606,272924,264380,1376446
GER3,2026/27,2026-09-12,FC Viktoria Köln 1904,1622,Verthomy Boboy,696165,2003-04-19,22,FIRST,2025-07-10,2027-06-30,,,CONFIRMED,https://www.transfermarkt.de/fc-viktoria-koln/kader/verein/1622/saison_id/2026/plus/1,b7bfc92e8e7c5a16b30c7b0ff346d1259614911747f68b6cb84920bb2afd1606,272920,260187,1376446
GER3,2026/27,2026-09-12,FC Viktoria Köln 1904,1622,Kilian Jakob,324760,1998-01-25,26,FIRST,2026-07-23,2027-06-30,,,CONFIRMED,https://www.transfermarkt.de/fc-viktoria-koln/kader/verein/1622/saison_id/2026/plus/1,b7bfc92e8e7c5a16b30c7b0ff346d1259614911747f68b6cb84920bb2afd1606,269678,236675,1376446
GER3,2026/27,2026-09-12,FC Viktoria Köln 1904,1622,Marco Pledl,820819,2000-12-13,17,FIRST,2025-07-01,2027-06-30,,,CONFIRMED,https://www.transfermarkt.de/fc-viktoria-koln/kader/verein/1622/saison_id/2026/plus/1,b7bfc92e8e7c5a16b30c7b0ff346d1259614911747f68b6cb84920bb2afd1606,272919,71629,1376446
GER3,2026/27,2026-09-12,FC Viktoria Köln 1904,1622,Pascal Fallmann,535650,2003-11-07,28,FIRST,2026-07-01,2028-06-30,,,CONFIRMED,https://www.transfermarkt.de/fc-viktoria-koln/kader/verein/1622/saison_id/2026/plus/1,b7bfc92e8e7c5a16b30c7b0ff346d1259614911747f68b6cb84920bb2afd1606,272663,270994,1376446
GER3,2026/27,2026-09-12,FC Viktoria Köln 1904,1622,Felix Albers,1162701,2007-01-10,39,FIRST,2026-07-01,2028-06-30,,,CONFIRMED,https://www.transfermarkt.de/fc-viktoria-koln/kader/verein/1622/saison_id/2026/plus/1,b7bfc92e8e7c5a16b30c7b0ff346d1259614911747f68b6cb84920bb2afd1606,285123,0,1376446
GER3,2026/27,2026-09-12,FC Viktoria Köln 1904,1622,Niklas Jahn,744600,2004-07-26,16,FIRST,2026-07-01,2028-06-30,,,CONFIRMED,https://www.transfermarkt.de/fc-viktoria-koln/kader/verein/1622/saison_id/2026/plus/1,b7bfc92e8e7c5a16b30c7b0ff346d1259614911747f68b6cb84920bb2afd1606,275303,270583,1376446
GER3,2026/27,2026-09-12,FC Viktoria Köln 1904,1622,Jason Amann,906598,2005-03-13,24,FIRST,2026-07-01,2028-06-30,,,CONFIRMED,https://www.transfermarkt.de/fc-viktoria-koln/kader/verein/1622/saison_id/2026/plus/1,b7bfc92e8e7c5a16b30c7b0ff346d1259614911747f68b6cb84920bb2afd1606,292571,0,1376446
GER3,2026/27,2026-09-12,FC Viktoria Köln 1904,1622,Lucas Wolf,447864,2001-08-28,21,FIRST,2025-07-01,2027-06-30,,,CONFIRMED,https://www.transfermarkt.de/fc-viktoria-koln/kader/verein/1622/saison_id/2026/plus/1,b7bfc92e8e7c5a16b30c7b0ff346d1259614911747f68b6cb84920bb2afd1606,272925,259643,1376446
GER3,2026/27,2026-09-12,FC Viktoria Köln 1904,1622,Yannick Tonye,796187,2004-09-18,7,FIRST,2025-07-01,2027-06-30,,,CONFIRMED,https://www.transfermarkt.de/fc-viktoria-koln/kader/verein/1622/saison_id/2026/plus/1,b7bfc92e8e7c5a16b30c7b0ff346d1259614911747f68b6cb84920bb2afd1606,272921,79322,1376446
GER3,2026/27,2026-09-12,FC Viktoria Köln 1904,1622,Eric Gueye,529399,1999-11-10,11,FIRST,2026-07-01,2028-06-30,,,CONFIRMED,https://www.transfermarkt.de/fc-viktoria-koln/kader/verein/1622/saison_id/2026/plus/1,b7bfc92e8e7c5a16b30c7b0ff346d1259614911747f68b6cb84920bb2afd1606,281130,0,1376446
GER3,2026/27,2026-09-12,FC Viktoria Köln 1904,1622,Alexander Prokopenko,542454,2002-01-05,30,FIRST,2026-07-01,2028-06-30,,,CONFIRMED,https://www.transfermarkt.de/fc-viktoria-koln/kader/verein/1622/saison_id/2026/plus/1,b7bfc92e8e7c5a16b30c7b0ff346d1259614911747f68b6cb84920bb2afd1606,283515,0,1376446
GER3,2026/27,2026-09-12,FC Viktoria Köln 1904,1622,Diego Perri,1161638,2007-09-20,25,FIRST,2025-07-01,2027-06-30,,,CONFIRMED,https://www.transfermarkt.de/fc-viktoria-koln/kader/verein/1622/saison_id/2026/plus/1,b7bfc92e8e7c5a16b30c7b0ff346d1259614911747f68b6cb84920bb2afd1606,272933,76402,1376446
GER3,2026/27,2026-09-12,FC Viktoria Köln 1904,1622,David Otto,362184,1999-03-03,10,FIRST,2025-07-01,2027-06-30,,,CONFIRMED,https://www.transfermarkt.de/fc-viktoria-koln/kader/verein/1622/saison_id/2026/plus/1,b7bfc92e8e7c5a16b30c7b0ff346d1259614911747f68b6cb84920bb2afd1606,272910,242183,1376446
GER3,2026/27,2026-09-12,FC Ingolstadt 04,4795,Markus Ponath,601917,2001-01-13,1,FIRST,2022-07-01,2028-06-30,,,CONFIRMED,https://www.transfermarkt.de/fc-ingolstadt-04/kader/verein/4795/saison_id/2026/plus/1,9602267b250c0007efa439f83a79d1bdd5376932fbafd7a4fc5bf6bcd1c6cbc5,264277,263780,1376315
GER3,2026/27,2026-09-12,FC Ingolstadt 04,4795,David Klein,1130286,2006-04-27,47,FIRST,2025-07-01,2028-06-30,,,CONFIRMED,https://www.transfermarkt.de/fc-ingolstadt-04/kader/verein/4795/saison_id/2026/plus/1,9602267b250c0007efa439f83a79d1bdd5376932fbafd7a4fc5bf6bcd1c6cbc5,264295,80455,1376315
GER3,2026/27,2026-09-12,FC Ingolstadt 04,4795,Rafael Eßlinger,907075,2005-11-07,40,FIRST,2026-07-27,2028-06-30,,,CONFIRMED,https://www.transfermarkt.de/fc-ingolstadt-04/kader/verein/4795/saison_id/2026/plus/1,9602267b250c0007efa439f83a79d1bdd5376932fbafd7a4fc5bf6bcd1c6cbc5,264346,0,1376315
GER3,2026/27,2026-09-12,FC Ingolstadt 04,4795,Elias Decker,963259,2006-03-15,4,FIRST,2025-01-01,2027-06-30,,,CONFIRMED,https://www.transfermarkt.de/fc-ingolstadt-04/kader/verein/4795/saison_id/2026/plus/1,9602267b250c0007efa439f83a79d1bdd5376932fbafd7a4fc5bf6bcd1c6cbc5,264274,278190,1376315
GER3,2026/27,2026-09-12,FC Ingolstadt 04,4795,Georgios Antzoulas,465537,2000-02-04,6,FIRST,2026-01-01,2027-06-30,,,CONFIRMED,https://www.transfermarkt.de/fc-ingolstadt-04/kader/verein/4795/saison_id/2026/plus/1,9602267b250c0007efa439f83a79d1bdd5376932fbafd7a4fc5bf6bcd1c6cbc5,64053,73722,1376315
GER3,2026/27,2026-09-12,FC Ingolstadt 04,4795,Simon Lorenz,278459,1997-03-30,32,FIRST,2023-07-05,2030-06-30,,,CONFIRMED,https://www.transfermarkt.de/fc-ingolstadt-04/kader/verein/4795/saison_id/2026/plus/1,9602267b250c0007efa439f83a79d1bdd5376932fbafd7a4fc5bf6bcd1c6cbc5,264270,242383,1376315
GER3,2026/27,2026-09-12,FC Ingolstadt 04,4795,Jonas Scholz,380285,1999-01-24,15,FIRST,2025-07-24,2027-06-30,,,CONFIRMED,https://www.transfermarkt.de/fc-ingolstadt-04/kader/verein/4795/saison_id/2026/plus/1,9602267b250c0007efa439f83a79d1bdd5376932fbafd7a4fc5bf6bcd1c6cbc5,264278,246264,1376315
GER3,2026/27,2026-09-12,FC Ingolstadt 04,4795,Lukas Fröde,153628,1995-01-23,34,FIRST,2023-07-01,2027-06-30,,,CONFIRMED,https://www.transfermarkt.de/fc-ingolstadt-04/kader/verein/4795/saison_id/2026/plus/1,9602267b250c0007efa439f83a79d1bdd5376932fbafd7a4fc5bf6bcd1c6cbc5,264268,227932,1376315
GER3,2026/27,2026-09-12,FC Ingolstadt 04,4795,Jasper Maljojoki,572125,2002-06-11,23,FIRST,2025-07-25,2027-06-30,,,CONFIRMED,https://www.transfermarkt.de/fc-ingolstadt-04/kader/verein/4795/saison_id/2026/plus/1,9602267b250c0007efa439f83a79d1bdd5376932fbafd7a4fc5bf6bcd1c6cbc5,264282,80201,1376315
GER3,2026/27,2026-09-12,FC Ingolstadt 04,4795,Tomislav Bagaric,1285006,2006-12-28,27,FIRST,2026-07-01,2028-06-30,,,CONFIRMED,https://www.transfermarkt.de/fc-ingolstadt-04/kader/verein/4795/saison_id/2026/plus/1,9602267b250c0007efa439f83a79d1bdd5376932fbafd7a4fc5bf6bcd1c6cbc5,264348,0,1376315
GER3,2026/27,2026-09-12,FC Ingolstadt 04,4795,Keanan Bennetts,321096,1999-03-09,18,FIRST,2026-07-18,2028-06-30,,,CONFIRMED,https://www.transfermarkt.de/fc-ingolstadt-04/kader/verein/4795/saison_id/2026/plus/1,9602267b250c0007efa439f83a79d1bdd5376932fbafd7a4fc5bf6bcd1c6cbc5,258232,241038,1376315
GER3,2026/27,2026-09-12,FC Ingolstadt 04,4795,Linus Rosenlöcher,520983,2000-09-09,19,FIRST,2025-07-01,2027-06-30,,,CONFIRMED,https://www.transfermarkt.de/fc-ingolstadt-04/kader/verein/4795/saison_id/2026/plus/1,9602267b250c0007efa439f83a79d1bdd5376932fbafd7a4fc5bf6bcd1c6cbc5,264267,260078,1376315
GER3,2026/27,2026-09-12,FC Ingolstadt 04,4795,Yannick Deichmann,158805,1994-08-13,20,FIRST,2023-07-01,2028-06-30,,,CONFIRMED,https://www.transfermarkt.de/fc-ingolstadt-04/kader/verein/4795/saison_id/2026/plus/1,9602267b250c0007efa439f83a79d1bdd5376932fbafd7a4fc5bf6bcd1c6cbc5,264271,230607,1376315
GER3,2026/27,2026-09-12,FC Ingolstadt 04,4795,Davide-Danilo Sekulovic,912849,2004-09-11,33,FIRST,2025-09-15,2027-06-30,,,CONFIRMED,https://www.transfermarkt.de/fc-ingolstadt-04/kader/verein/4795/saison_id/2026/plus/1,9602267b250c0007efa439f83a79d1bdd5376932fbafd7a4fc5bf6bcd1c6cbc5,276519,0,1376315
GER3,2026/27,2026-09-12,FC Ingolstadt 04,4795,Noel Lakatos,1130288,2007-12-12,2,FIRST,2026-07-27,2027-06-30,,,CONFIRMED,https://www.transfermarkt.de/fc-ingolstadt-04/kader/verein/4795/saison_id/2026/plus/1,9602267b250c0007efa439f83a79d1bdd5376932fbafd7a4fc5bf6bcd1c6cbc5,276496,0,1376315
GER3,2026/27,2026-09-12,FC Ingolstadt 04,4795,Vinko Sapina,88033,1995-06-29,41,FIRST,2026-07-01,2028-06-30,,,CONFIRMED,https://www.transfermarkt.de/fc-ingolstadt-04/kader/verein/4795/saison_id/2026/plus/1,9602267b250c0007efa439f83a79d1bdd5376932fbafd7a4fc5bf6bcd1c6cbc5,274788,262902,1376315
GER3,2026/27,2026-09-12,FC Ingolstadt 04,4795,Max Plath,918447,2005-07-01,14,FIRST,2024-07-01,2027-06-30,,,CONFIRMED,https://www.transfermarkt.de/fc-ingolstadt-04/kader/verein/4795/saison_id/2026/plus/1,9602267b250c0007efa439f83a79d1bdd5376932fbafd7a4fc5bf6bcd1c6cbc5,264275,72335,1376315
GER3,2026/27,2026-09-12,FC Ingolstadt 04,4795,Fredrik Carlsen,612130,2001-12-01,8,FIRST,2025-07-24,2027-06-30,,,CONFIRMED,https://www.transfermarkt.de/fc-ingolstadt-04/kader/verein/4795/saison_id/2026/plus/1,9602267b250c0007efa439f83a79d1bdd5376932fbafd7a4fc5bf6bcd1c6cbc5,264266,275742,1376315
GER3,2026/27,2026-09-12,FC Ingolstadt 04,4795,Benjamin Kanuric,580612,2003-02-26,37,FIRST,2026-07-16,2028-06-30,,,CONFIRMED,https://www.transfermarkt.de/fc-ingolstadt-04/kader/verein/4795/saison_id/2026/plus/1,9602267b250c0007efa439f83a79d1bdd5376932fbafd7a4fc5bf6bcd1c6cbc5,153439,264253,1376315
GER3,2026/27,2026-09-12,FC Ingolstadt 04,4795,Dennis Kaygin,829257,2004-04-02,10,FIRST,2025-07-01,2027-06-30,,,CONFIRMED,https://www.transfermarkt.de/fc-ingolstadt-04/kader/verein/4795/saison_id/2026/plus/1,9602267b250c0007efa439f83a79d1bdd5376932fbafd7a4fc5bf6bcd1c6cbc5,264264,275736,1376315
GER3,2026/27,2026-09-12,FC Ingolstadt 04,4795,Joseph Ganda,456929,1997-03-10,16,FIRST,2026-07-23,2027-06-30,,,CONFIRMED,https://www.transfermarkt.de/fc-ingolstadt-04/kader/verein/4795/saison_id/2026/plus/1,9602267b250c0007efa439f83a79d1bdd5376932fbafd7a4fc5bf6bcd1c6cbc5,275772,258545,1376315
GER3,2026/27,2026-09-12,FC Ingolstadt 04,4795,Emre Gül,924778,2005-01-09,5,FIRST,2024-07-01,2027-06-30,,,CONFIRMED,https://www.transfermarkt.de/fc-ingolstadt-04/kader/verein/4795/saison_id/2026/plus/1,9602267b250c0007efa439f83a79d1bdd5376932fbafd7a4fc5bf6bcd1c6cbc5,264283,72129,1376315
GER3,2026/27,2026-09-12,FC Ingolstadt 04,4795,Jong-min Seo,586231,2002-05-09,7,FIRST,2026-07-01,2029-06-30,,,CONFIRMED,https://www.transfermarkt.de/fc-ingolstadt-04/kader/verein/4795/saison_id/2026/plus/1,9602267b250c0007efa439f83a79d1bdd5376932fbafd7a4fc5bf6bcd1c6cbc5,293832,262947,1376315
GER3,2026/27,2026-09-12,FC Ingolstadt 04,4795,Sejdo Durakov,859255,2007-01-07,11,FIRST,2026-07-01,2028-06-30,,,CONFIRMED,https://www.transfermarkt.de/fc-ingolstadt-04/kader/verein/4795/saison_id/2026/plus/1,9602267b250c0007efa439f83a79d1bdd5376932fbafd7a4fc5bf6bcd1c6cbc5,268575,0,1376315
GER3,2026/27,2026-09-12,FC Ingolstadt 04,4795,Lars Lokotsch,425283,1996-05-17,13,FIRST,2026-07-01,2028-06-30,,,CONFIRMED,https://www.transfermarkt.de/fc-ingolstadt-04/kader/verein/4795/saison_id/2026/plus/1,9602267b250c0007efa439f83a79d1bdd5376932fbafd7a4fc5bf6bcd1c6cbc5,276093,258547,1376315
GER3,2026/27,2026-09-12,FC Ingolstadt 04,4795,Mason Toye,562388,1998-10-16,9,FIRST,2026-01-14,2027-06-30,,,CONFIRMED,https://www.transfermarkt.de/fc-ingolstadt-04/kader/verein/4795/saison_id/2026/plus/1,9602267b250c0007efa439f83a79d1bdd5376932fbafd7a4fc5bf6bcd1c6cbc5,300974,242253,1376315
GER3,2026/27,2026-09-12,FC Ingolstadt 04,4795,Obed Chidindu Ugondu,1039271,2002-04-22,17,FIRST,2026-07-01,2028-06-30,,,CONFIRMED,https://www.transfermarkt.de/fc-ingolstadt-04/kader/verein/4795/saison_id/2026/plus/1,9602267b250c0007efa439f83a79d1bdd5376932fbafd7a4fc5bf6bcd1c6cbc5,280760,0,1376315
GER3,2026/27,2026-09-12,FC Ingolstadt 04,4795,Ognjen Drakulic,924784,2006-03-26,30,FIRST,2024-07-01,2027-06-30,,,CONFIRMED,https://www.transfermarkt.de/fc-ingolstadt-04/kader/verein/4795/saison_id/2026/plus/1,9602267b250c0007efa439f83a79d1bdd5376932fbafd7a4fc5bf6bcd1c6cbc5,276453,0,1376315
GER3,2026/27,2026-09-12,SSV Jahn Regensburg,109,Alexander Weidinger,255633,1997-06-18,32,FIRST,2018-07-01,2027-06-30,,,CONFIRMED,https://www.transfermarkt.de/ssv-jahn-regensburg/kader/verein/109/saison_id/2026/plus/1,910d9ceb2a6fd8df9083100aef021ed429578cccc99acb9d4ad7d388c93d13bd,271162,240218,1376436
GER3,2026/27,2026-09-12,SSV Jahn Regensburg,109,Leopold Wurm,897431,2006-03-21,37,FIRST,2023-09-27,2027-06-30,,,CONFIRMED,https://www.transfermarkt.de/ssv-jahn-regensburg/kader/verein/109/saison_id/2026/plus/1,910d9ceb2a6fd8df9083100aef021ed429578cccc99acb9d4ad7d388c93d13bd,271141,277877,1376436
GER3,2026/27,2026-09-12,SSV Jahn Regensburg,109,Felix Strauss,453786,2001-03-26,4,FIRST,2025-07-02,2027-06-30,,,CONFIRMED,https://www.transfermarkt.de/ssv-jahn-regensburg/kader/verein/109/saison_id/2026/plus/1,910d9ceb2a6fd8df9083100aef021ed429578cccc99acb9d4ad7d388c93d13bd,271146,262792,1376436
GER3,2026/27,2026-09-12,SSV Jahn Regensburg,109,Malte Karbstein,327631,1998-01-30,44,FIRST,2026-01-26,2027-06-30,,,CONFIRMED,https://www.transfermarkt.de/ssv-jahn-regensburg/kader/verein/109/saison_id/2026/plus/1,910d9ceb2a6fd8df9083100aef021ed429578cccc99acb9d4ad7d388c93d13bd,272096,243738,1376436
GER3,2026/27,2026-09-12,SSV Jahn Regensburg,109,Leo Mätzler,526076,2002-04-17,31,FIRST,2025-07-04,2027-06-30,,,CONFIRMED,https://www.transfermarkt.de/ssv-jahn-regensburg/kader/verein/109/saison_id/2026/plus/1,910d9ceb2a6fd8df9083100aef021ed429578cccc99acb9d4ad7d388c93d13bd,271155,252231,1376436
GER3,2026/27,2026-09-12,SSV Jahn Regensburg,109,Ben Kieffer,1162003,2008-02-17,36,FIRST,2025-07-01,2027-06-30,,,CONFIRMED,https://www.transfermarkt.de/ssv-jahn-regensburg/kader/verein/109/saison_id/2026/plus/1,910d9ceb2a6fd8df9083100aef021ed429578cccc99acb9d4ad7d388c93d13bd,271161,76138,1376436
GER3,2026/27,2026-09-12,SSV Jahn Regensburg,109,Benedikt Bauer,653186,2003-08-17,26,FIRST,2025-07-01,2027-06-30,,,CONFIRMED,https://www.transfermarkt.de/ssv-jahn-regensburg/kader/verein/109/saison_id/2026/plus/1,910d9ceb2a6fd8df9083100aef021ed429578cccc99acb9d4ad7d388c93d13bd,271144,276270,1376436
GER3,2026/27,2026-09-12,SSV Jahn Regensburg,109,Oscar Schönfelder,455933,2001-02-05,7,FIRST,2023-07-01,2027-06-30,,,CONFIRMED,https://www.transfermarkt.de/ssv-jahn-regensburg/kader/verein/109/saison_id/2026/plus/1,910d9ceb2a6fd8df9083100aef021ed429578cccc99acb9d4ad7d388c93d13bd,271139,257051,1376436
GER3,2026/27,2026-09-12,SSV Jahn Regensburg,109,Nicolas Oliveira,729165,2004-02-06,25,FIRST,2025-07-03,2027-06-30,,,CONFIRMED,https://www.transfermarkt.de/ssv-jahn-regensburg/kader/verein/109/saison_id/2026/plus/1,910d9ceb2a6fd8df9083100aef021ed429578cccc99acb9d4ad7d388c93d13bd,271145,274038,1376436
GER3,2026/27,2026-09-12,SSV Jahn Regensburg,109,Robin Ziegele,280589,1997-03-13,14,FIRST,2023-07-01,2027-06-30,,,CONFIRMED,https://www.transfermarkt.de/ssv-jahn-regensburg/kader/verein/109/saison_id/2026/plus/1,910d9ceb2a6fd8df9083100aef021ed429578cccc99acb9d4ad7d388c93d13bd,271156,234861,1376436
GER3,2026/27,2026-09-12,SSV Jahn Regensburg,109,Erik Majetschak,337083,2000-03-01,13,FIRST,2026-07-01,2028-06-30,,,CONFIRMED,https://www.transfermarkt.de/ssv-jahn-regensburg/kader/verein/109/saison_id/2026/plus/1,910d9ceb2a6fd8df9083100aef021ed429578cccc99acb9d4ad7d388c93d13bd,272672,245769,1376436
GER3,2026/27,2026-09-12,SSV Jahn Regensburg,109,Benedikt Saller,93552,1992-09-22,6,FIRST,2016-08-10,2027-06-30,,,CONFIRMED,https://www.transfermarkt.de/ssv-jahn-regensburg/kader/verein/109/saison_id/2026/plus/1,910d9ceb2a6fd8df9083100aef021ed429578cccc99acb9d4ad7d388c93d13bd,271140,210004,1376436
GER3,2026/27,2026-09-12,SSV Jahn Regensburg,109,Sascha Hingerl,519412,1999-05-15,35,FIRST,2026-01-03,2027-06-30,,,CONFIRMED,https://www.transfermarkt.de/ssv-jahn-regensburg/kader/verein/109/saison_id/2026/plus/1,910d9ceb2a6fd8df9083100aef021ed429578cccc99acb9d4ad7d388c93d13bd,275835,0,1376436
GER3,2026/27,2026-09-12,SSV Jahn Regensburg,109,Adrian Fein,379979,1999-03-18,29,FIRST,2025-08-13,2028-06-30,,,CONFIRMED,https://www.transfermarkt.de/ssv-jahn-regensburg/kader/verein/109/saison_id/2026/plus/1,910d9ceb2a6fd8df9083100aef021ed429578cccc99acb9d4ad7d388c93d13bd,271151,244280,1376436
GER3,2026/27,2026-09-12,SSV Jahn Regensburg,109,Jakob Seibold,1051173,2006-02-02,40,FIRST,2025-12-18,2027-06-30,,,CONFIRMED,https://www.transfermarkt.de/ssv-jahn-regensburg/kader/verein/109/saison_id/2026/plus/1,910d9ceb2a6fd8df9083100aef021ed429578cccc99acb9d4ad7d388c93d13bd,283387,0,1376436
GER3,2026/27,2026-09-12,SSV Jahn Regensburg,109,Nassim Boujellab,346332,1999-06-20,10,FIRST,2026-07-01,2028-06-30,,,CONFIRMED,https://www.transfermarkt.de/ssv-jahn-regensburg/kader/verein/109/saison_id/2026/plus/1,910d9ceb2a6fd8df9083100aef021ed429578cccc99acb9d4ad7d388c93d13bd,268479,248174,1376436
GER3,2026/27,2026-09-12,SSV Jahn Regensburg,109,Sebastian Stolze,157927,1995-01-29,22,FIRST,2025-07-21,2027-06-30,,,CONFIRMED,https://www.transfermarkt.de/ssv-jahn-regensburg/kader/verein/109/saison_id/2026/plus/1,910d9ceb2a6fd8df9083100aef021ed429578cccc99acb9d4ad7d388c93d13bd,271152,229923,1376436
GER3,2026/27,2026-09-12,SSV Jahn Regensburg,109,Davis Asante,622723,2003-04-15,19,FIRST,2025-07-01,2027-06-30,,,CONFIRMED,https://www.transfermarkt.de/ssv-jahn-regensburg/kader/verein/109/saison_id/2026/plus/1,910d9ceb2a6fd8df9083100aef021ed429578cccc99acb9d4ad7d388c93d13bd,271159,79328,1376436
GER3,2026/27,2026-09-12,SSV Jahn Regensburg,109,David Philipp,342165,2000-04-10,8,FIRST,2026-07-01,2028-06-30,,,CONFIRMED,https://www.transfermarkt.de/ssv-jahn-regensburg/kader/verein/109/saison_id/2026/plus/1,910d9ceb2a6fd8df9083100aef021ed429578cccc99acb9d4ad7d388c93d13bd,269690,243932,1376436
GER3,2026/27,2026-09-12,SSV Jahn Regensburg,109,Arian Dizdarevic,1302747,2009-05-27,42,FIRST,2026-07-01,2029-06-30,,,CONFIRMED,https://www.transfermarkt.de/ssv-jahn-regensburg/kader/verein/109/saison_id/2026/plus/1,910d9ceb2a6fd8df9083100aef021ed429578cccc99acb9d4ad7d388c93d13bd,283375,0,1376436
GER3,2026/27,2026-09-12,SSV Jahn Regensburg,109,Patrick Hobsch,236543,1994-10-10,34,FIRST,2026-07-16,2028-06-30,,,CONFIRMED,https://www.transfermarkt.de/ssv-jahn-regensburg/kader/verein/109/saison_id/2026/plus/1,910d9ceb2a6fd8df9083100aef021ed429578cccc99acb9d4ad7d388c93d13bd,269683,257144,1376436
GER3,2026/27,2026-09-12,SSV Jahn Regensburg,109,Florian Dietz,283871,1998-08-03,9,FIRST,2025-08-26,2027-06-30,,,CONFIRMED,https://www.transfermarkt.de/ssv-jahn-regensburg/kader/verein/109/saison_id/2026/plus/1,910d9ceb2a6fd8df9083100aef021ed429578cccc99acb9d4ad7d388c93d13bd,271143,238957,1376436
GER3,2026/27,2026-09-12,SSV Jahn Regensburg,109,Lucas Hermes,451243,2000-03-23,27,FIRST,2025-07-01,2027-06-30,,,CONFIRMED,https://www.transfermarkt.de/ssv-jahn-regensburg/kader/verein/109/saison_id/2026/plus/1,910d9ceb2a6fd8df9083100aef021ed429578cccc99acb9d4ad7d388c93d13bd,271158,79326,1376436
GER3,2026/27,2026-09-12,VfB Stuttgart,102,Jerik von der Felsen,829297,2004-10-22,1,RESERVE,2025-07-01,2027-06-30,,,CONFIRMED,https://www.transfermarkt.de/vfb-stuttgart-ii/kader/verein/102/saison_id/2026/plus/1,282836c83b3d06fc536ab783944214e6762cd5b47e8b5db9908690b0565ef593,289907,0,1376272
GER3,2026/27,2026-09-12,VfB Stuttgart,102,Julian Bock,912834,2004-05-29,22,RESERVE,2026-07-01,2027-06-30,,,CONFIRMED,https://www.transfermarkt.de/vfb-stuttgart-ii/kader/verein/102/saison_id/2026/plus/1,282836c83b3d06fc536ab783944214e6762cd5b47e8b5db9908690b0565ef593,193925,73176,1376272
GER3,2026/27,2026-09-12,VfB Stuttgart,102,Dominik Draband,197969,1996-03-07,28,RESERVE,2023-07-01,2028-06-30,,,CONFIRMED,https://www.transfermarkt.de/vfb-stuttgart-ii/kader/verein/102/saison_id/2026/plus/1,282836c83b3d06fc536ab783944214e6762cd5b47e8b5db9908690b0565ef593,289899,0,1376272
GER3,2026/27,2026-09-12,VfB Stuttgart,102,Maximilian Herwerth,989613,2006-02-09,4,RESERVE,2024-07-01,2027-06-30,,,CONFIRMED,https://www.transfermarkt.de/vfb-stuttgart-ii/kader/verein/102/saison_id/2026/plus/1,282836c83b3d06fc536ab783944214e6762cd5b47e8b5db9908690b0565ef593,289894,268082,1376272
GER3,2026/27,2026-09-12,VfB Stuttgart,102,Tim Köhler,913429,2005-05-02,13,RESERVE,2025-08-08,2027-06-30,,,CONFIRMED,https://www.transfermarkt.de/vfb-stuttgart-ii/kader/verein/102/saison_id/2026/plus/1,282836c83b3d06fc536ab783944214e6762cd5b47e8b5db9908690b0565ef593,277675,278751,1376272
GER3,2026/27,2026-09-12,VfB Stuttgart,102,Dominik Nothnagel,161062,1994-12-28,29,RESERVE,2021-07-01,2027-06-30,,,CONFIRMED,https://www.transfermarkt.de/vfb-stuttgart-ii/kader/verein/102/saison_id/2026/plus/1,282836c83b3d06fc536ab783944214e6762cd5b47e8b5db9908690b0565ef593,289880,260463,1376272
GER3,2026/27,2026-09-12,VfB Stuttgart,102,Alexander Groiß,270164,1998-07-01,6,RESERVE,2023-07-01,2027-06-30,,,CONFIRMED,https://www.transfermarkt.de/vfb-stuttgart-ii/kader/verein/102/saison_id/2026/plus/1,282836c83b3d06fc536ab783944214e6762cd5b47e8b5db9908690b0565ef593,277664,245719,1376272
GER3,2026/27,2026-09-12,VfB Stuttgart,102,Tom Santos,1159568,2007-02-20,32,RESERVE,2026-07-01,2027-06-30,,,CONFIRMED,https://www.transfermarkt.de/vfb-stuttgart-ii/kader/verein/102/saison_id/2026/plus/1,282836c83b3d06fc536ab783944214e6762cd5b47e8b5db9908690b0565ef593,289917,0,1376272
GER3,2026/27,2026-09-12,VfB Stuttgart,102,David Preu,745075,2004-10-26,37,RESERVE,2026-07-02,2028-06-30,,,CONFIRMED,https://www.transfermarkt.de/vfb-stuttgart-ii/kader/verein/102/saison_id/2026/plus/1,282836c83b3d06fc536ab783944214e6762cd5b47e8b5db9908690b0565ef593,277779,276489,1376272
GER3,2026/27,2026-09-12,VfB Stuttgart,102,Collin Schramm,1297515,2008-05-03,23,RESERVE,2026-07-01,2028-06-30,,,CONFIRMED,https://www.transfermarkt.de/vfb-stuttgart-ii/kader/verein/102/saison_id/2026/plus/1,282836c83b3d06fc536ab783944214e6762cd5b47e8b5db9908690b0565ef593,289928,0,1376272
GER3,2026/27,2026-09-12,VfB Stuttgart,102,Antonijo Janjic,1133884,2007-02-03,17,RESERVE,2026-07-01,2027-06-30,,,CONFIRMED,https://www.transfermarkt.de/vfb-stuttgart-ii/kader/verein/102/saison_id/2026/plus/1,282836c83b3d06fc536ab783944214e6762cd5b47e8b5db9908690b0565ef593,289911,0,1376272
GER3,2026/27,2026-09-12,VfB Stuttgart,102,Julian Lüers,957629,2006-01-25,18,RESERVE,2025-07-01,2027-06-30,,,CONFIRMED,https://www.transfermarkt.de/vfb-stuttgart-ii/kader/verein/102/saison_id/2026/plus/1,282836c83b3d06fc536ab783944214e6762cd5b47e8b5db9908690b0565ef593,289895,73934,1376272
GER3,2026/27,2026-09-12,VfB Stuttgart,102,Veit Stange,787152,2004-02-08,31,RESERVE,2026-07-01,2028-06-30,,,CONFIRMED,https://www.transfermarkt.de/vfb-stuttgart-ii/kader/verein/102/saison_id/2026/plus/1,282836c83b3d06fc536ab783944214e6762cd5b47e8b5db9908690b0565ef593,279858,275263,1376272
GER3,2026/27,2026-09-12,VfB Stuttgart,102,Yanik Spalt,960462,2007-09-03,8,RESERVE,2026-01-01,2028-06-30,,,CONFIRMED,https://www.transfermarkt.de/vfb-stuttgart-ii/kader/verein/102/saison_id/2026/plus/1,282836c83b3d06fc536ab783944214e6762cd5b47e8b5db9908690b0565ef593,289920,0,1376272
GER3,2026/27,2026-09-12,VfB Stuttgart,102,Nicolas Sessa,259135,1996-03-23,10,RESERVE,2024-07-01,2028-06-30,,,CONFIRMED,https://www.transfermarkt.de/vfb-stuttgart-ii/kader/verein/102/saison_id/2026/plus/1,282836c83b3d06fc536ab783944214e6762cd5b47e8b5db9908690b0565ef593,277672,240891,1376272
GER3,2026/27,2026-09-12,VfB Stuttgart,102,Lauri Penna,1031773,2006-07-02,7,RESERVE,2025-07-01,2027-06-30,,,CONFIRMED,https://www.transfermarkt.de/vfb-stuttgart-ii/kader/verein/102/saison_id/2026/plus/1,282836c83b3d06fc536ab783944214e6762cd5b47e8b5db9908690b0565ef593,289896,0,1376272
GER3,2026/27,2026-09-12,VfB Stuttgart,102,Neno Zezelj,1200914,2008-05-20,21,RESERVE,2026-07-01,2028-06-30,,,CONFIRMED,https://www.transfermarkt.de/vfb-stuttgart-ii/kader/verein/102/saison_id/2026/plus/1,282836c83b3d06fc536ab783944214e6762cd5b47e8b5db9908690b0565ef593,289901,0,1376272
GER3,2026/27,2026-09-12,VfB Stuttgart,102,Tim van der Leij,1030528,2006-03-06,9,RESERVE,2026-07-01,2030-06-30,,,CONFIRMED,https://www.transfermarkt.de/vfb-stuttgart-ii/kader/verein/102/saison_id/2026/plus/1,282836c83b3d06fc536ab783944214e6762cd5b47e8b5db9908690b0565ef593,141277,0,1376272
GER3,2026/27,2026-09-12,VfB Stuttgart,102,Jordan Majchrzak,846302,2004-10-08,30,RESERVE,2025-08-08,2027-06-30,,,CONFIRMED,https://www.transfermarkt.de/vfb-stuttgart-ii/kader/verein/102/saison_id/2026/plus/1,282836c83b3d06fc536ab783944214e6762cd5b47e8b5db9908690b0565ef593,277676,274865,1376272
GER3,2026/27,2026-09-12,VfB Stuttgart,102,Oliver Rölke,904975,2005-01-06,11,RESERVE,2026-07-01,2028-06-30,,,CONFIRMED,https://www.transfermarkt.de/vfb-stuttgart-ii/kader/verein/102/saison_id/2026/plus/1,282836c83b3d06fc536ab783944214e6762cd5b47e8b5db9908690b0565ef593,284395,0,1376272
GER3,2026/27,2026-09-12,1. FC Saarbrücken,1,Matteo Bignetti,629032,2004-05-06,1,FIRST,2026-07-01,2028-06-30,,,CONFIRMED,https://www.transfermarkt.de/1-fc-saarbrucken/kader/verein/1/saison_id/2026/plus/1,c2a771ee3b9af8a2a73329774d02f459ed75e0faf23ff6531e00889776b2c7d8,265249,268623,1376287
GER3,2026/27,2026-09-12,1. FC Saarbrücken,1,Kevin Broll,161075,1995-08-23,33,FIRST,2026-07-01,2028-06-30,,,CONFIRMED,https://www.transfermarkt.de/1-fc-saarbrucken/kader/verein/1/saison_id/2026/plus/1,c2a771ee3b9af8a2a73329774d02f459ed75e0faf23ff6531e00889776b2c7d8,309970,0,1376287
GER3,2026/27,2026-09-12,1. FC Saarbrücken,1,Benjamin Lade,896350,2006-06-28,23,FIRST,2026-07-01,2028-06-30,,,CONFIRMED,https://www.transfermarkt.de/1-fc-saarbrucken/kader/verein/1/saison_id/2026/plus/1,c2a771ee3b9af8a2a73329774d02f459ed75e0faf23ff6531e00889776b2c7d8,292448,75645,1376287
GER3,2026/27,2026-09-12,1. FC Saarbrücken,1,Siemen Voet,460845,2000-02-03,4,FIRST,2026-07-01,,,,CONFIRMED,https://www.transfermarkt.de/1-fc-saarbrucken/kader/verein/1/saison_id/2026/plus/1,c2a771ee3b9af8a2a73329774d02f459ed75e0faf23ff6531e00889776b2c7d8,269679,251456,1376287
GER3,2026/27,2026-09-12,1. FC Saarbrücken,1,Abdoulaye Kamara,718232,2004-11-06,15,FIRST,2025-09-01,2027-06-30,,,CONFIRMED,https://www.transfermarkt.de/1-fc-saarbrucken/kader/verein/1/saison_id/2026/plus/1,c2a771ee3b9af8a2a73329774d02f459ed75e0faf23ff6531e00889776b2c7d8,273634,263514,1376287
GER3,2026/27,2026-09-12,1. FC Saarbrücken,1,Nikola Aracic,600951,2000-09-02,26,FIRST,2026-07-01,2028-06-30,,,CONFIRMED,https://www.transfermarkt.de/1-fc-saarbrucken/kader/verein/1/saison_id/2026/plus/1,c2a771ee3b9af8a2a73329774d02f459ed75e0faf23ff6531e00889776b2c7d8,280378,0,1376287
GER3,2026/27,2026-09-12,1. FC Saarbrücken,1,Niko Bretschneider,397677,1999-08-10,28,FIRST,2025-07-01,2027-06-30,,,CONFIRMED,https://www.transfermarkt.de/1-fc-saarbrucken/kader/verein/1/saison_id/2026/plus/1,c2a771ee3b9af8a2a73329774d02f459ed75e0faf23ff6531e00889776b2c7d8,273627,257532,1376287
GER3,2026/27,2026-09-12,1. FC Saarbrücken,1,Anton Bäuerle,922363,2005-04-30,3,FIRST,2026-07-01,2028-06-30,,,CONFIRMED,https://www.transfermarkt.de/1-fc-saarbrucken/kader/verein/1/saison_id/2026/plus/1,c2a771ee3b9af8a2a73329774d02f459ed75e0faf23ff6531e00889776b2c7d8,275878,73165,1376287
GER3,2026/27,2026-09-12,1. FC Saarbrücken,1,Nils Krämer,1278961,2007-09-07,34,FIRST,2026-07-01,2027-06-30,,,CONFIRMED,https://www.transfermarkt.de/1-fc-saarbrucken/kader/verein/1/saison_id/2026/plus/1,c2a771ee3b9af8a2a73329774d02f459ed75e0faf23ff6531e00889776b2c7d8,285846,206159,1376287
GER3,2026/27,2026-09-12,1. FC Saarbrücken,1,Philip Fahrner,690425,2003-01-02,42,FIRST,2024-07-01,2028-06-30,,,CONFIRMED,https://www.transfermarkt.de/1-fc-saarbrucken/kader/verein/1/saison_id/2026/plus/1,c2a771ee3b9af8a2a73329774d02f459ed75e0faf23ff6531e00889776b2c7d8,273628,263841,1376287
GER3,2026/27,2026-09-12,1. FC Saarbrücken,1,Calogero Rizzuto,93753,1992-01-05,7,FIRST,2022-09-28,2027-06-30,,,CONFIRMED,https://www.transfermarkt.de/1-fc-saarbrucken/kader/verein/1/saison_id/2026/plus/1,c2a771ee3b9af8a2a73329774d02f459ed75e0faf23ff6531e00889776b2c7d8,273622,234279,1376287
GER3,2026/27,2026-09-12,1. FC Saarbrücken,1,Patrick Sontheimer,296897,1998-07-03,6,FIRST,2023-07-01,2027-06-30,,,CONFIRMED,https://www.transfermarkt.de/1-fc-saarbrucken/kader/verein/1/saison_id/2026/plus/1,c2a771ee3b9af8a2a73329774d02f459ed75e0faf23ff6531e00889776b2c7d8,273623,237490,1376287
GER3,2026/27,2026-09-12,1. FC Saarbrücken,1,Sebastian Vasiliadis,333516,1997-10-04,19,FIRST,2024-07-01,2027-06-30,,,CONFIRMED,https://www.transfermarkt.de/1-fc-saarbrucken/kader/verein/1/saison_id/2026/plus/1,c2a771ee3b9af8a2a73329774d02f459ed75e0faf23ff6531e00889776b2c7d8,273626,238637,1376287
GER3,2026/27,2026-09-12,1. FC Saarbrücken,1,Zac Shuaib,1150262,2007-03-17,14,FIRST,2026-07-01,2028-06-30,,,CONFIRMED,https://www.transfermarkt.de/1-fc-saarbrucken/kader/verein/1/saison_id/2026/plus/1,c2a771ee3b9af8a2a73329774d02f459ed75e0faf23ff6531e00889776b2c7d8,294123,0,1376287
GER3,2026/27,2026-09-12,1. FC Saarbrücken,1,Christian Kühlwetter,184204,1996-04-21,10,FIRST,2026-07-01,2028-06-30,,,CONFIRMED,https://www.transfermarkt.de/1-fc-saarbrucken/kader/verein/1/saison_id/2026/plus/1,c2a771ee3b9af8a2a73329774d02f459ed75e0faf23ff6531e00889776b2c7d8,271142,245543,1376287
GER3,2026/27,2026-09-12,1. FC Saarbrücken,1,Kaan Caliskaner,561647,1999-11-03,22,FIRST,2025-09-17,2028-06-30,,,CONFIRMED,https://www.transfermarkt.de/1-fc-saarbrucken/kader/verein/1/saison_id/2026/plus/1,c2a771ee3b9af8a2a73329774d02f459ed75e0faf23ff6531e00889776b2c7d8,273641,257172,1376287
GER3,2026/27,2026-09-12,1. FC Saarbrücken,1,Gökdeniz Gürpüz,884821,2006-02-25,8,FIRST,2026-07-01,2028-06-30,,,CONFIRMED,https://www.transfermarkt.de/1-fc-saarbrucken/kader/verein/1/saison_id/2026/plus/1,c2a771ee3b9af8a2a73329774d02f459ed75e0faf23ff6531e00889776b2c7d8,291460,279882,1376287
GER3,2026/27,2026-09-12,1. FC Saarbrücken,1,Abdenego Nankishi,455662,2002-07-06,17,FIRST,2026-07-01,2028-06-30,,,CONFIRMED,https://www.transfermarkt.de/1-fc-saarbrucken/kader/verein/1/saison_id/2026/plus/1,c2a771ee3b9af8a2a73329774d02f459ed75e0faf23ff6531e00889776b2c7d8,277683,263404,1376287
GER3,2026/27,2026-09-12,1. FC Saarbrücken,1,Kelsey Owusu,729181,2004-06-19,31,FIRST,2026-07-01,2027-06-30,,,CONFIRMED,https://www.transfermarkt.de/1-fc-saarbrucken/kader/verein/1/saison_id/2026/plus/1,c2a771ee3b9af8a2a73329774d02f459ed75e0faf23ff6531e00889776b2c7d8,271924,74747,1376287
GER3,2026/27,2026-09-12,1. FC Saarbrücken,1,Florian Pick,191359,1995-09-08,20,FIRST,2025-07-03,2028-06-30,,,CONFIRMED,https://www.transfermarkt.de/1-fc-saarbrucken/kader/verein/1/saison_id/2026/plus/1,c2a771ee3b9af8a2a73329774d02f459ed75e0faf23ff6531e00889776b2c7d8,273621,237635,1376287
GER3,2026/27,2026-09-12,1. FC Saarbrücken,1,Maurice Multhaup,187496,1996-12-15,11,FIRST,2024-07-01,2028-06-30,,,CONFIRMED,https://www.transfermarkt.de/1-fc-saarbrucken/kader/verein/1/saison_id/2026/plus/1,c2a771ee3b9af8a2a73329774d02f459ed75e0faf23ff6531e00889776b2c7d8,273640,224662,1376287
GER3,2026/27,2026-09-12,1. FC Saarbrücken,1,Seung-joon Lee,856330,2004-08-11,16,FIRST,2026-07-02,2028-06-30,,,CONFIRMED,https://www.transfermarkt.de/1-fc-saarbrucken/kader/verein/1/saison_id/2026/plus/1,c2a771ee3b9af8a2a73329774d02f459ed75e0faf23ff6531e00889776b2c7d8,88698,0,1376287
GER3,2026/27,2026-09-12,1. FC Saarbrücken,1,Kai Brünker,284058,1994-06-10,9,FIRST,2023-07-01,2027-06-30,,,CONFIRMED,https://www.transfermarkt.de/1-fc-saarbrucken/kader/verein/1/saison_id/2026/plus/1,c2a771ee3b9af8a2a73329774d02f459ed75e0faf23ff6531e00889776b2c7d8,273636,242291,1376287
GER3,2026/27,2026-09-12,1. FC Saarbrücken,1,Dominic Baumann,152431,1995-04-24,30,FIRST,2025-07-16,2027-06-30,,,CONFIRMED,https://www.transfermarkt.de/1-fc-saarbrucken/kader/verein/1/saison_id/2026/plus/1,c2a771ee3b9af8a2a73329774d02f459ed75e0faf23ff6531e00889776b2c7d8,273637,225735,1376287
GER3,2026/27,2026-09-12,1. FC Saarbrücken,1,Patrick Schmidt,124416,1993-09-10,39,FIRST,2023-07-01,2027-06-30,,,CONFIRMED,https://www.transfermarkt.de/1-fc-saarbrucken/kader/verein/1/saison_id/2026/plus/1,c2a771ee3b9af8a2a73329774d02f459ed75e0faf23ff6531e00889776b2c7d8,273639,244040,1376287
GER3,2026/27,2026-09-12,TSG 1899 Hoffenheim,983,Tobias Trautner,234033,1995-03-05,27,RESERVE,2026-07-01,2028-06-30,,,CONFIRMED,https://www.transfermarkt.de/tsg-1899-hoffenheim-ii/kader/verein/983/saison_id/2026/plus/1,ab3835df09261faf7ddd2ed9c07b00f74ba9f141891a5f719f13e9b204f6234d,277565,247217,1376433
GER3,2026/27,2026-09-12,TSG 1899 Hoffenheim,983,Tim Philipp,923606,2005-12-21,32,RESERVE,2024-07-01,2027-06-30,,,CONFIRMED,https://www.transfermarkt.de/tsg-1899-hoffenheim-ii/kader/verein/983/saison_id/2026/plus/1,ab3835df09261faf7ddd2ed9c07b00f74ba9f141891a5f719f13e9b204f6234d,292454,0,1376433
GER3,2026/27,2026-09-12,TSG 1899 Hoffenheim,983,Nils Schlosser,1188261,2007-04-01,33,RESERVE,2026-07-01,2027-06-30,,,CONFIRMED,https://www.transfermarkt.de/tsg-1899-hoffenheim-ii/kader/verein/983/saison_id/2026/plus/1,ab3835df09261faf7ddd2ed9c07b00f74ba9f141891a5f719f13e9b204f6234d,292475,0,1376433
GER3,2026/27,2026-09-12,TSG 1899 Hoffenheim,983,Valentin Lässig,553539,2003-03-03,6,RESERVE,2022-07-01,,,,CONFIRMED,https://www.transfermarkt.de/tsg-1899-hoffenheim-ii/kader/verein/983/saison_id/2026/plus/1,ab3835df09261faf7ddd2ed9c07b00f74ba9f141891a5f719f13e9b204f6234d,280203,0,1376433
GER3,2026/27,2026-09-12,TSG 1899 Hoffenheim,983,Tristan Spranger,1032559,2007-09-27,13,RESERVE,2026-07-01,2027-06-30,,,CONFIRMED,https://www.transfermarkt.de/tsg-1899-hoffenheim-ii/kader/verein/983/saison_id/2026/plus/1,ab3835df09261faf7ddd2ed9c07b00f74ba9f141891a5f719f13e9b204f6234d,292449,74080,1376433
GER3,2026/27,2026-09-12,TSG 1899 Hoffenheim,983,Santino Pistrol,1312780,2007-08-26,40,RESERVE,2026-07-01,,,,CONFIRMED,https://www.transfermarkt.de/tsg-1899-hoffenheim-ii/kader/verein/983/saison_id/2026/plus/1,ab3835df09261faf7ddd2ed9c07b00f74ba9f141891a5f719f13e9b204f6234d,306306,0,1376433
GER3,2026/27,2026-09-12,TSG 1899 Hoffenheim,983,Maxime Ndong-Penda,1058036,2007-03-01,44,RESERVE,2026-07-01,2027-06-30,,,CONFIRMED,https://www.transfermarkt.de/tsg-1899-hoffenheim-ii/kader/verein/983/saison_id/2026/plus/1,ab3835df09261faf7ddd2ed9c07b00f74ba9f141891a5f719f13e9b204f6234d,292455,0,1376433
GER3,2026/27,2026-09-12,TSG 1899 Hoffenheim,983,Maximilian Theuer,1247495,2008-12-13,47,RESERVE,2026-07-01,2027-06-30,,,CONFIRMED,https://www.transfermarkt.de/tsg-1899-hoffenheim-ii/kader/verein/983/saison_id/2026/plus/1,ab3835df09261faf7ddd2ed9c07b00f74ba9f141891a5f719f13e9b204f6234d,292479,0,1376433
GER3,2026/27,2026-09-12,TSG 1899 Hoffenheim,983,Tim Müller,912438,2004-09-23,22,RESERVE,2026-07-01,2028-06-30,,,CONFIRMED,https://www.transfermarkt.de/tsg-1899-hoffenheim-ii/kader/verein/983/saison_id/2026/plus/1,ab3835df09261faf7ddd2ed9c07b00f74ba9f141891a5f719f13e9b204f6234d,292559,0,1376433
GER3,2026/27,2026-09-12,TSG 1899 Hoffenheim,983,Finn Sherlock,1134227,2008-07-04,41,RESERVE,2026-07-01,2027-06-30,,,CONFIRMED,https://www.transfermarkt.de/tsg-1899-hoffenheim-ii/kader/verein/983/saison_id/2026/plus/1,ab3835df09261faf7ddd2ed9c07b00f74ba9f141891a5f719f13e9b204f6234d,292453,0,1376433
GER3,2026/27,2026-09-12,TSG 1899 Hoffenheim,983,Timo Hildmann,814190,2004-10-01,21,RESERVE,2026-07-01,2028-06-30,,,CONFIRMED,https://www.transfermarkt.de/tsg-1899-hoffenheim-ii/kader/verein/983/saison_id/2026/plus/1,ab3835df09261faf7ddd2ed9c07b00f74ba9f141891a5f719f13e9b204f6234d,279243,0,1376433
GER3,2026/27,2026-09-12,TSG 1899 Hoffenheim,983,Lars Strobl,923608,2005-04-15,4,RESERVE,2024-07-01,2027-06-30,,,CONFIRMED,https://www.transfermarkt.de/tsg-1899-hoffenheim-ii/kader/verein/983/saison_id/2026/plus/1,ab3835df09261faf7ddd2ed9c07b00f74ba9f141891a5f719f13e9b204f6234d,292447,73973,1376433
GER3,2026/27,2026-09-12,TSG 1899 Hoffenheim,983,Matthew Moore,1109572,2007-03-27,15,RESERVE,2026-07-01,2027-06-30,,,CONFIRMED,https://www.transfermarkt.de/tsg-1899-hoffenheim-ii/kader/verein/983/saison_id/2026/plus/1,ab3835df09261faf7ddd2ed9c07b00f74ba9f141891a5f719f13e9b204f6234d,292459,0,1376433
GER3,2026/27,2026-09-12,TSG 1899 Hoffenheim,983,Klaus Gjasula,57598,1989-12-14,5,RESERVE,2026-07-01,2028-06-30,,,CONFIRMED,https://www.transfermarkt.de/tsg-1899-hoffenheim-ii/kader/verein/983/saison_id/2026/plus/1,ab3835df09261faf7ddd2ed9c07b00f74ba9f141891a5f719f13e9b204f6234d,271908,238692,1376433
GER3,2026/27,2026-09-12,TSG 1899 Hoffenheim,983,Krystof Cizek,1013795,2008-01-04,26,RESERVE,2026-07-01,2027-06-30,,,CONFIRMED,https://www.transfermarkt.de/tsg-1899-hoffenheim-ii/kader/verein/983/saison_id/2026/plus/1,ab3835df09261faf7ddd2ed9c07b00f74ba9f141891a5f719f13e9b204f6234d,292463,0,1376433
GER3,2026/27,2026-09-12,TSG 1899 Hoffenheim,983,Alex Honajzer,765079,2006-02-20,23,RESERVE,2025-07-01,2027-06-30,,,CONFIRMED,https://www.transfermarkt.de/tsg-1899-hoffenheim-ii/kader/verein/983/saison_id/2026/plus/1,ab3835df09261faf7ddd2ed9c07b00f74ba9f141891a5f719f13e9b204f6234d,292452,0,1376433
GER3,2026/27,2026-09-12,TSG 1899 Hoffenheim,983,Nader Jindaoui,193012,1996-11-16,30,RESERVE,2025-07-01,2027-06-30,,,CONFIRMED,https://www.transfermarkt.de/tsg-1899-hoffenheim-ii/kader/verein/983/saison_id/2026/plus/1,ab3835df09261faf7ddd2ed9c07b00f74ba9f141891a5f719f13e9b204f6234d,292434,203780,1376433
GER3,2026/27,2026-09-12,TSG 1899 Hoffenheim,983,Konstantin Aleksa,960458,2007-04-25,25,RESERVE,2026-07-01,2030-06-30,,,CONFIRMED,https://www.transfermarkt.de/tsg-1899-hoffenheim-ii/kader/verein/983/saison_id/2026/plus/1,ab3835df09261faf7ddd2ed9c07b00f74ba9f141891a5f719f13e9b204f6234d,265634,74355,1376433
GER3,2026/27,2026-09-12,TSG 1899 Hoffenheim,983,Jykese Fields,1099437,2007-06-14,11,RESERVE,2026-07-01,2030-06-30,,,CONFIRMED,https://www.transfermarkt.de/tsg-1899-hoffenheim-ii/kader/verein/983/saison_id/2026/plus/1,ab3835df09261faf7ddd2ed9c07b00f74ba9f141891a5f719f13e9b204f6234d,292458,74724,1376433
GER3,2026/27,2026-09-12,TSG 1899 Hoffenheim,983,Ben Opoku Labes,753466,2004-03-02,9,RESERVE,2025-07-01,2027-06-30,,,CONFIRMED,https://www.transfermarkt.de/tsg-1899-hoffenheim-ii/kader/verein/983/saison_id/2026/plus/1,ab3835df09261faf7ddd2ed9c07b00f74ba9f141891a5f719f13e9b204f6234d,292438,251761,1376433
GER3,2026/27,2026-09-12,TSG 1899 Hoffenheim,983,Jakov Dedic,1468849,2009-08-27,36,RESERVE,2026-07-06,2031-06-30,,,CONFIRMED,https://www.transfermarkt.de/tsg-1899-hoffenheim-ii/kader/verein/983/saison_id/2026/plus/1,ab3835df09261faf7ddd2ed9c07b00f74ba9f141891a5f719f13e9b204f6234d,275254,0,1376433
GER3,2026/27,2026-09-12,TSV Havelse 1912,476,Tom Opitz,925487,2003-11-13,1,FIRST,2022-07-01,2027-06-30,,,CONFIRMED,https://www.transfermarkt.de/tsv-havelse/kader/verein/476/saison_id/2026/plus/1,b4490298444b6e31458c6e927b4ab3fff5378977e083c471be7a43b9938c0f59,268484,79024,1376539
GER3,2026/27,2026-09-12,TSV Havelse 1912,476,Norman Quindt,235403,1996-11-02,29,FIRST,2026-01-10,2027-06-30,,,CONFIRMED,https://www.transfermarkt.de/tsv-havelse/kader/verein/476/saison_id/2026/plus/1,b4490298444b6e31458c6e927b4ab3fff5378977e083c471be7a43b9938c0f59,269312,244524,1376539
GER3,2026/27,2026-09-12,TSV Havelse 1912,476,Omer Hanin,211530,1998-05-14,13,FIRST,2026-07-25,2027-06-30,,,CONFIRMED,https://www.transfermarkt.de/tsv-havelse/kader/verein/476/saison_id/2026/plus/1,b4490298444b6e31458c6e927b4ab3fff5378977e083c471be7a43b9938c0f59,271745,251298,1376539
GER3,2026/27,2026-09-12,TSV Havelse 1912,476,Fynn Wolter,1407160,2006-08-06,25,FIRST,2024-07-01,2028-06-30,,,CONFIRMED,https://www.transfermarkt.de/tsv-havelse/kader/verein/476/saison_id/2026/plus/1,b4490298444b6e31458c6e927b4ab3fff5378977e083c471be7a43b9938c0f59,268507,81241,1376539
GER3,2026/27,2026-09-12,TSV Havelse 1912,476,Semi Belkahia,315334,1998-12-22,4,FIRST,2025-09-12,2027-06-30,,,CONFIRMED,https://www.transfermarkt.de/tsv-havelse/kader/verein/476/saison_id/2026/plus/1,b4490298444b6e31458c6e927b4ab3fff5378977e083c471be7a43b9938c0f59,268477,244028,1376539
GER3,2026/27,2026-09-12,TSV Havelse 1912,476,Irichad Behrens,807209,2004-04-28,21,FIRST,2023-07-01,2027-06-30,,,CONFIRMED,https://www.transfermarkt.de/tsv-havelse/kader/verein/476/saison_id/2026/plus/1,b4490298444b6e31458c6e927b4ab3fff5378977e083c471be7a43b9938c0f59,268493,79025,1376539
GER3,2026/27,2026-09-12,TSV Havelse 1912,476,Donald Nduka,825721,2003-03-22,27,FIRST,2026-07-16,2027-06-30,,,CONFIRMED,https://www.transfermarkt.de/tsv-havelse/kader/verein/476/saison_id/2026/plus/1,b4490298444b6e31458c6e927b4ab3fff5378977e083c471be7a43b9938c0f59,264285,274912,1376539
GER3,2026/27,2026-09-12,TSV Havelse 1912,476,Max Lamby,693965,2003-02-07,3,FIRST,2026-07-03,2027-06-30,,,CONFIRMED,https://www.transfermarkt.de/tsv-havelse/kader/verein/476/saison_id/2026/plus/1,b4490298444b6e31458c6e927b4ab3fff5378977e083c471be7a43b9938c0f59,275065,275921,1376539
GER3,2026/27,2026-09-12,TSV Havelse 1912,476,Leon Sommer-Deiss,477578,2001-03-10,22,FIRST,2025-07-01,2027-06-30,,,CONFIRMED,https://www.transfermarkt.de/tsv-havelse/kader/verein/476/saison_id/2026/plus/1,b4490298444b6e31458c6e927b4ab3fff5378977e083c471be7a43b9938c0f59,268482,276430,1376539
GER3,2026/27,2026-09-12,TSV Havelse 1912,476,Timo Friedrich,263237,1998-01-16,30,FIRST,2025-02-01,2028-06-30,,,CONFIRMED,https://www.transfermarkt.de/tsv-havelse/kader/verein/476/saison_id/2026/plus/1,b4490298444b6e31458c6e927b4ab3fff5378977e083c471be7a43b9938c0f59,268492,79026,1376539
GER3,2026/27,2026-09-12,TSV Havelse 1912,476,Johann Berger,451451,1999-07-23,8,FIRST,2025-07-01,2027-06-30,,,CONFIRMED,https://www.transfermarkt.de/tsv-havelse/kader/verein/476/saison_id/2026/plus/1,b4490298444b6e31458c6e927b4ab3fff5378977e083c471be7a43b9938c0f59,268488,243212,1376539
GER3,2026/27,2026-09-12,TSV Havelse 1912,476,Leonardo Posadas,815798,2005-01-01,6,FIRST,2026-07-01,2027-06-30,,,CONFIRMED,https://www.transfermarkt.de/tsv-havelse/kader/verein/476/saison_id/2026/plus/1,b4490298444b6e31458c6e927b4ab3fff5378977e083c471be7a43b9938c0f59,287853,0,1376539
GER3,2026/27,2026-09-12,TSV Havelse 1912,476,Jannik Oltrogge,325155,1995-05-24,31,FIRST,2022-07-15,2028-06-30,,,CONFIRMED,https://www.transfermarkt.de/tsv-havelse/kader/verein/476/saison_id/2026/plus/1,b4490298444b6e31458c6e927b4ab3fff5378977e083c471be7a43b9938c0f59,268485,79078,1376539
GER3,2026/27,2026-09-12,TSV Havelse 1912,476,Niklas Tauer,470815,2001-02-17,5,FIRST,2026-07-16,2027-06-30,,,CONFIRMED,https://www.transfermarkt.de/tsv-havelse/kader/verein/476/saison_id/2026/plus/1,b4490298444b6e31458c6e927b4ab3fff5378977e083c471be7a43b9938c0f59,280321,253474,1376539
GER3,2026/27,2026-09-12,TSV Havelse 1912,476,Jesse Tugbenyo,565118,2001-08-07,33,FIRST,2026-07-03,2027-06-30,,,CONFIRMED,https://www.transfermarkt.de/tsv-havelse/kader/verein/476/saison_id/2026/plus/1,b4490298444b6e31458c6e927b4ab3fff5378977e083c471be7a43b9938c0f59,271752,259194,1376539
GER3,2026/27,2026-09-12,TSV Havelse 1912,476,Anton Hanke,1150142,2007-07-09,32,FIRST,2026-07-01,2028-06-30,,,CONFIRMED,https://www.transfermarkt.de/tsv-havelse/kader/verein/476/saison_id/2026/plus/1,b4490298444b6e31458c6e927b4ab3fff5378977e083c471be7a43b9938c0f59,280644,0,1376539
GER3,2026/27,2026-09-12,TSV Havelse 1912,476,Marc Richter,584065,2001-11-25,7,FIRST,2026-07-03,2027-06-30,,,CONFIRMED,https://www.transfermarkt.de/tsv-havelse/kader/verein/476/saison_id/2026/plus/1,b4490298444b6e31458c6e927b4ab3fff5378977e083c471be7a43b9938c0f59,272759,79333,1376539
GER3,2026/27,2026-09-12,TSV Havelse 1912,476,Kevin Schumacher,368922,1997-12-24,10,FIRST,2026-07-03,2027-06-30,,,CONFIRMED,https://www.transfermarkt.de/tsv-havelse/kader/verein/476/saison_id/2026/plus/1,b4490298444b6e31458c6e927b4ab3fff5378977e083c471be7a43b9938c0f59,272322,262984,1376539
GER3,2026/27,2026-09-12,TSV Havelse 1912,476,Robin Velasco,472247,2002-06-24,28,FIRST,2026-08-05,2027-06-30,,,CONFIRMED,https://www.transfermarkt.de/tsv-havelse/kader/verein/476/saison_id/2026/plus/1,b4490298444b6e31458c6e927b4ab3fff5378977e083c471be7a43b9938c0f59,272918,276429,1376539
GER3,2026/27,2026-09-12,TSV Havelse 1912,476,Lorenzo Paldino,595093,1999-09-25,9,FIRST,2024-07-19,2027-06-30,,,CONFIRMED,https://www.transfermarkt.de/tsv-havelse/kader/verein/476/saison_id/2026/plus/1,b4490298444b6e31458c6e927b4ab3fff5378977e083c471be7a43b9938c0f59,268486,79083,1376539
GER3,2026/27,2026-09-12,TSV Havelse 1912,476,Kwasi Wriedt,154819,1994-07-10,11,FIRST,2026-07-03,2027-06-30,,,CONFIRMED,https://www.transfermarkt.de/tsv-havelse/kader/verein/476/saison_id/2026/plus/1,b4490298444b6e31458c6e927b4ab3fff5378977e083c471be7a43b9938c0f59,272756,213949,1376539
GER3,2026/27,2026-09-12,TSV Havelse 1912,476,Finn Kiszka,632182,2000-12-17,17,FIRST,2026-07-06,2027-06-30,,,CONFIRMED,https://www.transfermarkt.de/tsv-havelse/kader/verein/476/saison_id/2026/plus/1,b4490298444b6e31458c6e927b4ab3fff5378977e083c471be7a43b9938c0f59,280633,78649,1376539
GER3,2026/27,2026-09-12,TSV Havelse 1912,476,Leon Svitek,1138641,2007-09-01,38,FIRST,2026-07-01,2027-06-30,,,CONFIRMED,https://www.transfermarkt.de/tsv-havelse/kader/verein/476/saison_id/2026/plus/1,b4490298444b6e31458c6e927b4ab3fff5378977e083c471be7a43b9938c0f59,268508,80379,1376539
GER3,2026/27,2026-09-12,TSV Havelse 1912,476,Torben Engelking,383699,1996-06-28,16,FIRST,2019-07-01,2028-06-30,,,CONFIRMED,https://www.transfermarkt.de/tsv-havelse/kader/verein/476/saison_id/2026/plus/1,b4490298444b6e31458c6e927b4ab3fff5378977e083c471be7a43b9938c0f59,268491,262772,1376539
GER3,2026/27,2026-09-12,SV Meppen,247,Julius Pünt,964114,2004-04-01,44,FIRST,2023-07-01,2028-06-30,,,CONFIRMED,https://www.transfermarkt.de/sv-meppen/kader/verein/247/saison_id/2026/plus/1,bb6dac7a3a8a8d7c79b23424ccb65850442347058ab16c823460c547dc72588a,100334,265769,1376347
GER3,2026/27,2026-09-12,SV Meppen,247,Noah Oberbeck,591882,2002-12-09,1,FIRST,2025-07-01,2027-06-30,,,CONFIRMED,https://www.transfermarkt.de/sv-meppen/kader/verein/247/saison_id/2026/plus/1,bb6dac7a3a8a8d7c79b23424ccb65850442347058ab16c823460c547dc72588a,100329,0,1376347
GER3,2026/27,2026-09-12,SV Meppen,247,Timo Schmitz,1001249,2007-01-04,30,FIRST,2026-07-24,2027-06-30,,,CONFIRMED,https://www.transfermarkt.de/sv-meppen/kader/verein/247/saison_id/2026/plus/1,bb6dac7a3a8a8d7c79b23424ccb65850442347058ab16c823460c547dc72588a,289799,0,1376347
GER3,2026/27,2026-09-12,SV Meppen,247,Jonas Fedl,379804,1999-02-05,5,FIRST,2021-07-01,2027-06-30,,,CONFIRMED,https://www.transfermarkt.de/sv-meppen/kader/verein/247/saison_id/2026/plus/1,bb6dac7a3a8a8d7c79b23424ccb65850442347058ab16c823460c547dc72588a,100320,263084,1376347
GER3,2026/27,2026-09-12,SV Meppen,247,Luis Sprekelmeyer,627399,2002-04-15,19,FIRST,2023-07-01,2027-06-30,,,CONFIRMED,https://www.transfermarkt.de/sv-meppen/kader/verein/247/saison_id/2026/plus/1,bb6dac7a3a8a8d7c79b23424ccb65850442347058ab16c823460c547dc72588a,100321,261280,1376347
GER3,2026/27,2026-09-12,SV Meppen,247,Stefan Rankic,501958,2001-01-13,33,FIRST,2024-07-22,2027-06-30,,,CONFIRMED,https://www.transfermarkt.de/sv-meppen/kader/verein/247/saison_id/2026/plus/1,bb6dac7a3a8a8d7c79b23424ccb65850442347058ab16c823460c547dc72588a,104708,0,1376347
GER3,2026/27,2026-09-12,SV Meppen,247,Jonas Goldenstein,1034594,2006-12-09,28,FIRST,2025-07-01,2027-06-30,,,CONFIRMED,https://www.transfermarkt.de/sv-meppen/kader/verein/247/saison_id/2026/plus/1,bb6dac7a3a8a8d7c79b23424ccb65850442347058ab16c823460c547dc72588a,104728,224574,1376347
GER3,2026/27,2026-09-12,SV Meppen,247,Florian Bähr,569032,2003-02-18,39,FIRST,2026-07-02,2028-06-30,,,CONFIRMED,https://www.transfermarkt.de/sv-meppen/kader/verein/247/saison_id/2026/plus/1,bb6dac7a3a8a8d7c79b23424ccb65850442347058ab16c823460c547dc72588a,280205,276292,1376347
GER3,2026/27,2026-09-12,SV Meppen,247,Tobias Mißner,384531,2000-02-17,3,FIRST,2023-07-13,2028-06-30,,,CONFIRMED,https://www.transfermarkt.de/sv-meppen/kader/verein/247/saison_id/2026/plus/1,bb6dac7a3a8a8d7c79b23424ccb65850442347058ab16c823460c547dc72588a,100326,251468,1376347
GER3,2026/27,2026-09-12,SV Meppen,247,Dominique Domröse,515965,2002-02-12,2,FIRST,2025-01-01,2028-06-30,,,CONFIRMED,https://www.transfermarkt.de/sv-meppen/kader/verein/247/saison_id/2026/plus/1,bb6dac7a3a8a8d7c79b23424ccb65850442347058ab16c823460c547dc72588a,100327,0,1376347
GER3,2026/27,2026-09-12,SV Meppen,247,Nikell Touglo,453854,2001-11-20,20,FIRST,2024-07-01,2027-06-30,,,CONFIRMED,https://www.transfermarkt.de/sv-meppen/kader/verein/247/saison_id/2026/plus/1,bb6dac7a3a8a8d7c79b23424ccb65850442347058ab16c823460c547dc72588a,100325,257175,1376347
GER3,2026/27,2026-09-12,SV Meppen,247,Ersin Zehir,275127,1998-01-15,6,FIRST,2025-07-01,2027-06-30,,,CONFIRMED,https://www.transfermarkt.de/sv-meppen/kader/verein/247/saison_id/2026/plus/1,bb6dac7a3a8a8d7c79b23424ccb65850442347058ab16c823460c547dc72588a,100331,242319,1376347
GER3,2026/27,2026-09-12,SV Meppen,247,Henrik Wittrock,1034656,2007-02-19,24,FIRST,2026-07-01,2028-06-30,,,CONFIRMED,https://www.transfermarkt.de/sv-meppen/kader/verein/247/saison_id/2026/plus/1,bb6dac7a3a8a8d7c79b23424ccb65850442347058ab16c823460c547dc72588a,104746,233917,1376347
GER3,2026/27,2026-09-12,SV Meppen,247,Niclas Wessels,1030276,2004-11-14,23,FIRST,2023-07-01,2027-06-30,,,CONFIRMED,https://www.transfermarkt.de/sv-meppen/kader/verein/247/saison_id/2026/plus/1,bb6dac7a3a8a8d7c79b23424ccb65850442347058ab16c823460c547dc72588a,100341,0,1376347
GER3,2026/27,2026-09-12,SV Meppen,247,Erik Zenga,85961,1993-01-18,8,FIRST,2025-01-17,2027-06-30,,,CONFIRMED,https://www.transfermarkt.de/sv-meppen/kader/verein/247/saison_id/2026/plus/1,bb6dac7a3a8a8d7c79b23424ccb65850442347058ab16c823460c547dc72588a,100319,208370,1376347
GER3,2026/27,2026-09-12,SV Meppen,247,Thorben Deters,322249,1995-08-20,14,FIRST,2025-07-01,2027-06-30,,,CONFIRMED,https://www.transfermarkt.de/sv-meppen/kader/verein/247/saison_id/2026/plus/1,bb6dac7a3a8a8d7c79b23424ccb65850442347058ab16c823460c547dc72588a,100317,238930,1376347
GER3,2026/27,2026-09-12,SV Meppen,247,Niclas Nadj,447799,2000-12-24,40,FIRST,2025-07-21,2027-06-30,,,CONFIRMED,https://www.transfermarkt.de/sv-meppen/kader/verein/247/saison_id/2026/plus/1,bb6dac7a3a8a8d7c79b23424ccb65850442347058ab16c823460c547dc72588a,100318,251307,1376347
GER3,2026/27,2026-09-12,SV Meppen,247,Oliver Schmitt,343336,2000-06-04,7,FIRST,2025-07-03,2027-06-30,,,CONFIRMED,https://www.transfermarkt.de/sv-meppen/kader/verein/247/saison_id/2026/plus/1,bb6dac7a3a8a8d7c79b23424ccb65850442347058ab16c823460c547dc72588a,100322,262787,1376347
GER3,2026/27,2026-09-12,SV Meppen,247,Mika Herrmann,1043700,2006-04-16,22,FIRST,2025-07-01,2027-06-30,,,CONFIRMED,https://www.transfermarkt.de/sv-meppen/kader/verein/247/saison_id/2026/plus/1,bb6dac7a3a8a8d7c79b23424ccb65850442347058ab16c823460c547dc72588a,277400,224196,1376347
GER3,2026/27,2026-09-12,SV Meppen,247,Jannic Ehlers,639577,2003-01-05,17,FIRST,2026-07-01,,,,CONFIRMED,https://www.transfermarkt.de/sv-meppen/kader/verein/247/saison_id/2026/plus/1,bb6dac7a3a8a8d7c79b23424ccb65850442347058ab16c823460c547dc72588a,272674,79756,1376347
GER3,2026/27,2026-09-12,SV Meppen,247,Cyrill Akono,506855,2000-02-29,9,FIRST,2026-07-01,2028-06-30,,,CONFIRMED,https://www.transfermarkt.de/sv-meppen/kader/verein/247/saison_id/2026/plus/1,bb6dac7a3a8a8d7c79b23424ccb65850442347058ab16c823460c547dc72588a,267194,242433,1376347
GER3,2026/27,2026-09-12,SV Meppen,247,Simon Engelmann,122194,1989-03-22,11,FIRST,2025-07-01,2027-06-30,,,CONFIRMED,https://www.transfermarkt.de/sv-meppen/kader/verein/247/saison_id/2026/plus/1,bb6dac7a3a8a8d7c79b23424ccb65850442347058ab16c823460c547dc72588a,100324,269267,1376347
GER3,2026/27,2026-09-12,SC Fortuna Köln,92,Lennart Winkler,675534,2003-10-05,1,FIRST,2023-07-01,2027-06-30,,,CONFIRMED,https://www.transfermarkt.de/sc-fortuna-koln/kader/verein/92/saison_id/2026/plus/1,c255b2b753fa967f4c2eb7cdee0e0a6e7bb7b0e3c371fdcdfc7a8694476b2be0,280529,279224,1376444
GER3,2026/27,2026-09-12,SC Fortuna Köln,92,Lennart Stollenwerk,897427,2006-01-07,33,FIRST,2024-07-01,2027-06-30,,,CONFIRMED,https://www.transfermarkt.de/sc-fortuna-koln/kader/verein/92/saison_id/2026/plus/1,c255b2b753fa967f4c2eb7cdee0e0a6e7bb7b0e3c371fdcdfc7a8694476b2be0,280522,264441,1376444
GER3,2026/27,2026-09-12,SC Fortuna Köln,92,Maximilian Fischer,598284,2002-04-22,3,FIRST,2024-07-01,2027-06-30,,,CONFIRMED,https://www.transfermarkt.de/sc-fortuna-koln/kader/verein/92/saison_id/2026/plus/1,c255b2b753fa967f4c2eb7cdee0e0a6e7bb7b0e3c371fdcdfc7a8694476b2be0,268333,0,1376444
GER3,2026/27,2026-09-12,SC Fortuna Köln,92,Seymour Fünger,530165,2002-05-18,5,FIRST,2024-07-01,2027-06-30,,,CONFIRMED,https://www.transfermarkt.de/sc-fortuna-koln/kader/verein/92/saison_id/2026/plus/1,c255b2b753fa967f4c2eb7cdee0e0a6e7bb7b0e3c371fdcdfc7a8694476b2be0,268338,270015,1376444
GER3,2026/27,2026-09-12,SC Fortuna Köln,92,Robin Afamefuna,265441,1997-03-02,22,FIRST,2024-07-11,2027-06-30,,,CONFIRMED,https://www.transfermarkt.de/sc-fortuna-koln/kader/verein/92/saison_id/2026/plus/1,c255b2b753fa967f4c2eb7cdee0e0a6e7bb7b0e3c371fdcdfc7a8694476b2be0,280510,230727,1376444
GER3,2026/27,2026-09-12,SC Fortuna Köln,92,Jasper Löffelsend,443391,1997-09-10,13,FIRST,2026-07-17,2027-06-30,,,CONFIRMED,https://www.transfermarkt.de/sc-fortuna-koln/kader/verein/92/saison_id/2026/plus/1,c255b2b753fa967f4c2eb7cdee0e0a6e7bb7b0e3c371fdcdfc7a8694476b2be0,149710,268349,1376444
GER3,2026/27,2026-09-12,SC Fortuna Köln,92,Florian Heister,333661,1997-03-02,17,FIRST,2026-08-20,2028-06-30,,,CONFIRMED,https://www.transfermarkt.de/sc-fortuna-koln/kader/verein/92/saison_id/2026/plus/1,c255b2b753fa967f4c2eb7cdee0e0a6e7bb7b0e3c371fdcdfc7a8694476b2be0,272748,252031,1376444
GER3,2026/27,2026-09-12,SC Fortuna Köln,92,Vleron Statovci,687257,2003-07-13,4,FIRST,2025-07-01,2027-06-30,,,CONFIRMED,https://www.transfermarkt.de/sc-fortuna-koln/kader/verein/92/saison_id/2026/plus/1,c255b2b753fa967f4c2eb7cdee0e0a6e7bb7b0e3c371fdcdfc7a8694476b2be0,280511,248473,1376444
GER3,2026/27,2026-09-12,SC Fortuna Köln,92,Kevin Brechmann,927940,2002-07-22,27,FIRST,2025-07-01,2027-06-30,,,CONFIRMED,https://www.transfermarkt.de/sc-fortuna-koln/kader/verein/92/saison_id/2026/plus/1,c255b2b753fa967f4c2eb7cdee0e0a6e7bb7b0e3c371fdcdfc7a8694476b2be0,268332,0,1376444
GER3,2026/27,2026-09-12,SC Fortuna Köln,92,Georg Strauch,522077,2001-03-30,11,FIRST,2025-07-01,2027-06-30,,,CONFIRMED,https://www.transfermarkt.de/sc-fortuna-koln/kader/verein/92/saison_id/2026/plus/1,c255b2b753fa967f4c2eb7cdee0e0a6e7bb7b0e3c371fdcdfc7a8694476b2be0,268331,270016,1376444
GER3,2026/27,2026-09-12,SC Fortuna Köln,92,David Savic,815629,2005-06-08,23,FIRST,2026-07-01,2028-06-30,,,CONFIRMED,https://www.transfermarkt.de/sc-fortuna-koln/kader/verein/92/saison_id/2026/plus/1,c255b2b753fa967f4c2eb7cdee0e0a6e7bb7b0e3c371fdcdfc7a8694476b2be0,276720,271850,1376444
GER3,2026/27,2026-09-12,SC Fortuna Köln,92,Tom Geerkens,512988,2000-10-07,6,FIRST,2025-07-01,2027-06-30,,,CONFIRMED,https://www.transfermarkt.de/sc-fortuna-koln/kader/verein/92/saison_id/2026/plus/1,c255b2b753fa967f4c2eb7cdee0e0a6e7bb7b0e3c371fdcdfc7a8694476b2be0,268328,271058,1376444
GER3,2026/27,2026-09-12,SC Fortuna Köln,92,Adrian Stanilewicz,389078,2000-02-22,20,FIRST,2022-09-09,2027-06-30,,,CONFIRMED,https://www.transfermarkt.de/sc-fortuna-koln/kader/verein/92/saison_id/2026/plus/1,c255b2b753fa967f4c2eb7cdee0e0a6e7bb7b0e3c371fdcdfc7a8694476b2be0,268322,252201,1376444
GER3,2026/27,2026-09-12,SC Fortuna Köln,92,Rafael García,241973,1993-09-27,10,FIRST,2025-07-01,2027-06-30,,,CONFIRMED,https://www.transfermarkt.de/sc-fortuna-koln/kader/verein/92/saison_id/2026/plus/1,c255b2b753fa967f4c2eb7cdee0e0a6e7bb7b0e3c371fdcdfc7a8694476b2be0,268326,250907,1376444
GER3,2026/27,2026-09-12,SC Fortuna Köln,92,Cedric Harenbrock,284178,1998-04-19,14,FIRST,2026-08-31,2027-06-30,,,CONFIRMED,https://www.transfermarkt.de/sc-fortuna-koln/kader/verein/92/saison_id/2026/plus/1,c255b2b753fa967f4c2eb7cdee0e0a6e7bb7b0e3c371fdcdfc7a8694476b2be0,100224,269318,1376444
GER3,2026/27,2026-09-12,SC Fortuna Köln,92,Jonas Michelbrink,471901,2001-06-23,16,FIRST,2025-08-30,2027-06-30,,,CONFIRMED,https://www.transfermarkt.de/sc-fortuna-koln/kader/verein/92/saison_id/2026/plus/1,c255b2b753fa967f4c2eb7cdee0e0a6e7bb7b0e3c371fdcdfc7a8694476b2be0,268324,261428,1376444
GER3,2026/27,2026-09-12,SC Fortuna Köln,92,Nico Thier,455694,1998-09-10,7,FIRST,2025-07-01,2027-06-30,,,CONFIRMED,https://www.transfermarkt.de/sc-fortuna-koln/kader/verein/92/saison_id/2026/plus/1,c255b2b753fa967f4c2eb7cdee0e0a6e7bb7b0e3c371fdcdfc7a8694476b2be0,268325,0,1376444
GER3,2026/27,2026-09-12,SC Fortuna Köln,92,Suheyel Najar,354032,1995-10-13,21,FIRST,2025-07-01,2027-06-30,,,CONFIRMED,https://www.transfermarkt.de/sc-fortuna-koln/kader/verein/92/saison_id/2026/plus/1,c255b2b753fa967f4c2eb7cdee0e0a6e7bb7b0e3c371fdcdfc7a8694476b2be0,268336,251370,1376444
GER3,2026/27,2026-09-12,SC Fortuna Köln,92,Luca Majetic,988279,2003-05-15,8,FIRST,2025-07-01,2027-06-30,,,CONFIRMED,https://www.transfermarkt.de/sc-fortuna-koln/kader/verein/92/saison_id/2026/plus/1,c255b2b753fa967f4c2eb7cdee0e0a6e7bb7b0e3c371fdcdfc7a8694476b2be0,268337,0,1376444
GER3,2026/27,2026-09-12,SC Fortuna Köln,92,Enzo Wirtz,360625,1995-12-05,9,FIRST,2025-07-01,2027-06-30,,,CONFIRMED,https://www.transfermarkt.de/sc-fortuna-koln/kader/verein/92/saison_id/2026/plus/1,c255b2b753fa967f4c2eb7cdee0e0a6e7bb7b0e3c371fdcdfc7a8694476b2be0,268327,0,1376444
GER3,2026/27,2026-09-12,SC Fortuna Köln,92,Timo Bornemann,452131,2000-12-01,19,FIRST,2025-07-01,2027-06-30,,,CONFIRMED,https://www.transfermarkt.de/sc-fortuna-koln/kader/verein/92/saison_id/2026/plus/1,c255b2b753fa967f4c2eb7cdee0e0a6e7bb7b0e3c371fdcdfc7a8694476b2be0,268335,262739,1376444
GER3,2026/27,2026-09-12,SC Fortuna Köln,92,Hamadi Al Ghaddioui,193534,1990-09-22,18,FIRST,2025-07-01,2027-06-30,,,CONFIRMED,https://www.transfermarkt.de/sc-fortuna-koln/kader/verein/92/saison_id/2026/plus/1,c255b2b753fa967f4c2eb7cdee0e0a6e7bb7b0e3c371fdcdfc7a8694476b2be0,268323,239121,1376444
GER3,2026/27,2026-09-12,SG Sonnenhof Großaspach,2589,Maximilian Reule,160249,1994-02-01,1,FIRST,2021-07-01,2028-06-30,,,CONFIRMED,https://www.transfermarkt.de/sg-sonnenhof-grossaspach/kader/verein/2589/saison_id/2026/plus/1,ceb6dce8c3f846bc1688d6ba77daaf4b6d34d1ddb8ca555b2498968bf85c6f78,263804,215968,1376306
GER3,2026/27,2026-09-12,SG Sonnenhof Großaspach,2589,Robin Dittrich,1159566,2007-03-12,24,FIRST,2026-07-01,2028-06-30,,,CONFIRMED,https://www.transfermarkt.de/sg-sonnenhof-grossaspach/kader/verein/2589/saison_id/2026/plus/1,ceb6dce8c3f846bc1688d6ba77daaf4b6d34d1ddb8ca555b2498968bf85c6f78,289919,277675,1376306
GER3,2026/27,2026-09-12,SG Sonnenhof Großaspach,2589,Tim Schulz,1031765,2006-08-15,33,FIRST,2024-01-18,2028-06-30,,,CONFIRMED,https://www.transfermarkt.de/sg-sonnenhof-grossaspach/kader/verein/2589/saison_id/2026/plus/1,ceb6dce8c3f846bc1688d6ba77daaf4b6d34d1ddb8ca555b2498968bf85c6f78,275982,233472,1376306
GER3,2026/27,2026-09-12,SG Sonnenhof Großaspach,2589,Antonis Aidonis,405674,2001-05-22,15,FIRST,2024-08-15,2028-06-30,,,CONFIRMED,https://www.transfermarkt.de/sg-sonnenhof-grossaspach/kader/verein/2589/saison_id/2026/plus/1,ceb6dce8c3f846bc1688d6ba77daaf4b6d34d1ddb8ca555b2498968bf85c6f78,263801,246328,1376306
GER3,2026/27,2026-09-12,SG Sonnenhof Großaspach,2589,Arbnor Nuraj,526125,2000-02-26,25,FIRST,2023-07-03,2027-06-30,,,CONFIRMED,https://www.transfermarkt.de/sg-sonnenhof-grossaspach/kader/verein/2589/saison_id/2026/plus/1,ceb6dce8c3f846bc1688d6ba77daaf4b6d34d1ddb8ca555b2498968bf85c6f78,275981,243959,1376306
GER3,2026/27,2026-09-12,SG Sonnenhof Großaspach,2589,Marius Uhl,578879,2000-04-07,19,FIRST,2026-07-01,2028-06-30,,,CONFIRMED,https://www.transfermarkt.de/sg-sonnenhof-grossaspach/kader/verein/2589/saison_id/2026/plus/1,ceb6dce8c3f846bc1688d6ba77daaf4b6d34d1ddb8ca555b2498968bf85c6f78,277985,70160,1376306
GER3,2026/27,2026-09-12,SG Sonnenhof Großaspach,2589,Luca Molinari,805865,2002-10-29,21,FIRST,2025-07-01,2028-06-30,,,CONFIRMED,https://www.transfermarkt.de/sg-sonnenhof-grossaspach/kader/verein/2589/saison_id/2026/plus/1,ceb6dce8c3f846bc1688d6ba77daaf4b6d34d1ddb8ca555b2498968bf85c6f78,275993,262840,1376306
GER3,2026/27,2026-09-12,SG Sonnenhof Großaspach,2589,Benedikt Landwehr,392155,2001-03-09,22,FIRST,2023-07-01,2027-06-30,,,CONFIRMED,https://www.transfermarkt.de/sg-sonnenhof-grossaspach/kader/verein/2589/saison_id/2026/plus/1,ceb6dce8c3f846bc1688d6ba77daaf4b6d34d1ddb8ca555b2498968bf85c6f78,275977,257914,1376306
GER3,2026/27,2026-09-12,SG Sonnenhof Großaspach,2589,Mark Gashi,1045914,2006-02-04,36,FIRST,2025-07-01,2027-06-30,,,CONFIRMED,https://www.transfermarkt.de/sg-sonnenhof-grossaspach/kader/verein/2589/saison_id/2026/plus/1,ceb6dce8c3f846bc1688d6ba77daaf4b6d34d1ddb8ca555b2498968bf85c6f78,107491,0,1376306
GER3,2026/27,2026-09-12,SG Sonnenhof Großaspach,2589,Elias Rahn,604568,2002-07-16,8,FIRST,2021-07-01,2027-06-30,,,CONFIRMED,https://www.transfermarkt.de/sg-sonnenhof-grossaspach/kader/verein/2589/saison_id/2026/plus/1,ceb6dce8c3f846bc1688d6ba77daaf4b6d34d1ddb8ca555b2498968bf85c6f78,275975,239571,1376306
GER3,2026/27,2026-09-12,SG Sonnenhof Großaspach,2589,Leon Maier,546030,1999-04-27,20,FIRST,2025-07-01,2027-06-30,,,CONFIRMED,https://www.transfermarkt.de/sg-sonnenhof-grossaspach/kader/verein/2589/saison_id/2026/plus/1,ceb6dce8c3f846bc1688d6ba77daaf4b6d34d1ddb8ca555b2498968bf85c6f78,275978,257779,1376306
GER3,2026/27,2026-09-12,SG Sonnenhof Großaspach,2589,Volkan Celiktas,196044,1995-10-20,5,FIRST,2022-07-01,2028-06-30,,,CONFIRMED,https://www.transfermarkt.de/sg-sonnenhof-grossaspach/kader/verein/2589/saison_id/2026/plus/1,ceb6dce8c3f846bc1688d6ba77daaf4b6d34d1ddb8ca555b2498968bf85c6f78,275979,240814,1376306
GER3,2026/27,2026-09-12,SG Sonnenhof Großaspach,2589,Christian Mistl,405688,2001-09-19,6,FIRST,2023-07-01,2027-06-30,,,CONFIRMED,https://www.transfermarkt.de/sg-sonnenhof-grossaspach/kader/verein/2589/saison_id/2026/plus/1,ceb6dce8c3f846bc1688d6ba77daaf4b6d34d1ddb8ca555b2498968bf85c6f78,275973,252861,1376306
GER3,2026/27,2026-09-12,SG Sonnenhof Großaspach,2589,Marius Kunde,196062,1995-02-15,16,FIRST,2023-07-01,2028-06-30,,,CONFIRMED,https://www.transfermarkt.de/sg-sonnenhof-grossaspach/kader/verein/2589/saison_id/2026/plus/1,ceb6dce8c3f846bc1688d6ba77daaf4b6d34d1ddb8ca555b2498968bf85c6f78,275974,227978,1376306
GER3,2026/27,2026-09-12,SG Sonnenhof Großaspach,2589,Niklas Pollex,408573,1997-04-16,18,FIRST,2024-07-01,2027-06-30,,,CONFIRMED,https://www.transfermarkt.de/sg-sonnenhof-grossaspach/kader/verein/2589/saison_id/2026/plus/1,ceb6dce8c3f846bc1688d6ba77daaf4b6d34d1ddb8ca555b2498968bf85c6f78,275994,238683,1376306
GER3,2026/27,2026-09-12,SG Sonnenhof Großaspach,2589,Lukas Stoppel,1157414,2005-06-03,10,FIRST,2023-07-01,2029-06-30,,,CONFIRMED,https://www.transfermarkt.de/sg-sonnenhof-grossaspach/kader/verein/2589/saison_id/2026/plus/1,ceb6dce8c3f846bc1688d6ba77daaf4b6d34d1ddb8ca555b2498968bf85c6f78,275995,72376,1376306
GER3,2026/27,2026-09-12,SG Sonnenhof Großaspach,2589,Tim Rossmann,692148,2003-11-11,11,FIRST,2026-07-20,2028-06-30,,,CONFIRMED,https://www.transfermarkt.de/sg-sonnenhof-grossaspach/kader/verein/2589/saison_id/2026/plus/1,ceb6dce8c3f846bc1688d6ba77daaf4b6d34d1ddb8ca555b2498968bf85c6f78,276705,266011,1376306
GER3,2026/27,2026-09-12,SG Sonnenhof Großaspach,2589,Nikos Zografakis,296431,1999-07-07,13,FIRST,2026-09-01,2028-06-30,,,CONFIRMED,https://www.transfermarkt.de/sg-sonnenhof-grossaspach/kader/verein/2589/saison_id/2026/plus/1,ceb6dce8c3f846bc1688d6ba77daaf4b6d34d1ddb8ca555b2498968bf85c6f78,105560,260840,1376306
GER3,2026/27,2026-09-12,SG Sonnenhof Großaspach,2589,Deli Hajdini,1281649,2006-10-02,7,FIRST,2026-07-01,2028-06-30,,,CONFIRMED,https://www.transfermarkt.de/sg-sonnenhof-grossaspach/kader/verein/2589/saison_id/2026/plus/1,ceb6dce8c3f846bc1688d6ba77daaf4b6d34d1ddb8ca555b2498968bf85c6f78,289909,75660,1376306
GER3,2026/27,2026-09-12,SG Sonnenhof Großaspach,2589,Loris Maier,532341,1999-04-27,27,FIRST,2025-07-01,2027-06-30,,,CONFIRMED,https://www.transfermarkt.de/sg-sonnenhof-grossaspach/kader/verein/2589/saison_id/2026/plus/1,ceb6dce8c3f846bc1688d6ba77daaf4b6d34d1ddb8ca555b2498968bf85c6f78,275972,231897,1376306
GER3,2026/27,2026-09-12,SG Sonnenhof Großaspach,2589,Fabian Eisele,196819,1995-03-10,23,FIRST,2024-07-09,2027-06-30,,,CONFIRMED,https://www.transfermarkt.de/sg-sonnenhof-grossaspach/kader/verein/2589/saison_id/2026/plus/1,ceb6dce8c3f846bc1688d6ba77daaf4b6d34d1ddb8ca555b2498968bf85c6f78,263802,0,1376306
GER3,2026/27,2026-09-12,SG Sonnenhof Großaspach,2589,Leon Schürer,1159597,2007-06-25,39,FIRST,2025-07-01,2028-06-30,,,CONFIRMED,https://www.transfermarkt.de/sg-sonnenhof-grossaspach/kader/verein/2589/saison_id/2026/plus/1,ceb6dce8c3f846bc1688d6ba77daaf4b6d34d1ddb8ca555b2498968bf85c6f78,275983,233492,1376306
GER3,2026/27,2026-09-12,FC Würzburger Kickers,1557,Marko Rajkovacic,691071,1999-12-09,33,FIRST,2026-07-01,2028-06-30,,,CONFIRMED,https://www.transfermarkt.de/wurzburger-kickers/kader/verein/1557/saison_id/2026/plus/1,9dbdd312708d7d42a15f61c7f3845b1923e56748dcb9145650ba0c4e99195940,275186,80339,1376540
GER3,2026/27,2026-09-12,FC Würzburger Kickers,1557,Johann Hipper,450942,1998-09-30,1,FIRST,2024-01-09,2027-06-30,,,CONFIRMED,https://www.transfermarkt.de/wurzburger-kickers/kader/verein/1557/saison_id/2026/plus/1,9dbdd312708d7d42a15f61c7f3845b1923e56748dcb9145650ba0c4e99195940,265813,243934,1376540
GER3,2026/27,2026-09-12,FC Würzburger Kickers,1557,Nathan de Medina,285951,1997-10-08,4,FIRST,2026-07-11,2027-06-30,,,CONFIRMED,https://www.transfermarkt.de/wurzburger-kickers/kader/verein/1557/saison_id/2026/plus/1,9dbdd312708d7d42a15f61c7f3845b1923e56748dcb9145650ba0c4e99195940,309969,229107,1376540
GER3,2026/27,2026-09-12,FC Würzburger Kickers,1557,Leo Eberle,924031,2005-08-14,5,FIRST,2026-07-07,2027-06-30,,,CONFIRMED,https://www.transfermarkt.de/wurzburger-kickers/kader/verein/1557/saison_id/2026/plus/1,9dbdd312708d7d42a15f61c7f3845b1923e56748dcb9145650ba0c4e99195940,286543,271017,1376540
GER3,2026/27,2026-09-12,FC Würzburger Kickers,1557,Ebrahim Farahnak,449835,1998-01-19,28,FIRST,2024-08-13,2027-06-30,,,CONFIRMED,https://www.transfermarkt.de/wurzburger-kickers/kader/verein/1557/saison_id/2026/plus/1,9dbdd312708d7d42a15f61c7f3845b1923e56748dcb9145650ba0c4e99195940,277982,278065,1376540
GER3,2026/27,2026-09-12,FC Würzburger Kickers,1557,Daniel Hägele,101168,1989-02-23,22,FIRST,2018-07-01,2027-06-30,,,CONFIRMED,https://www.transfermarkt.de/wurzburger-kickers/kader/verein/1557/saison_id/2026/plus/1,9dbdd312708d7d42a15f61c7f3845b1923e56748dcb9145650ba0c4e99195940,265800,238682,1376540
GER3,2026/27,2026-09-12,FC Würzburger Kickers,1557,Burak Karakaya,902973,2005-07-11,34,FIRST,2026-07-01,2027-06-30,,,CONFIRMED,https://www.transfermarkt.de/wurzburger-kickers/kader/verein/1557/saison_id/2026/plus/1,9dbdd312708d7d42a15f61c7f3845b1923e56748dcb9145650ba0c4e99195940,287796,0,1376540
GER3,2026/27,2026-09-12,FC Würzburger Kickers,1557,Eliot Muteba,610443,2003-06-20,7,FIRST,2025-07-01,2027-06-30,,,CONFIRMED,https://www.transfermarkt.de/wurzburger-kickers/kader/verein/1557/saison_id/2026/plus/1,9dbdd312708d7d42a15f61c7f3845b1923e56748dcb9145650ba0c4e99195940,265806,70668,1376540
GER3,2026/27,2026-09-12,FC Würzburger Kickers,1557,Liam Omore,1133684,2003-03-20,17,FIRST,2025-07-01,2027-06-30,,,CONFIRMED,https://www.transfermarkt.de/wurzburger-kickers/kader/verein/1557/saison_id/2026/plus/1,9dbdd312708d7d42a15f61c7f3845b1923e56748dcb9145650ba0c4e99195940,277983,236723,1376540
GER3,2026/27,2026-09-12,FC Würzburger Kickers,1557,Luke Hemmerich,300502,1998-02-09,21,FIRST,2025-07-01,2027-06-30,,,CONFIRMED,https://www.transfermarkt.de/wurzburger-kickers/kader/verein/1557/saison_id/2026/plus/1,9dbdd312708d7d42a15f61c7f3845b1923e56748dcb9145650ba0c4e99195940,265801,239341,1376540
GER3,2026/27,2026-09-12,FC Würzburger Kickers,1557,David Kinsombi,196834,1995-12-12,8,FIRST,2026-07-27,2028-06-30,,,CONFIRMED,https://www.transfermarkt.de/wurzburger-kickers/kader/verein/1557/saison_id/2026/plus/1,9dbdd312708d7d42a15f61c7f3845b1923e56748dcb9145650ba0c4e99195940,275868,212625,1376540
GER3,2026/27,2026-09-12,FC Würzburger Kickers,1557,Tim Kraus,531779,2000-03-31,31,FIRST,2023-08-25,2027-06-30,,,CONFIRMED,https://www.transfermarkt.de/wurzburger-kickers/kader/verein/1557/saison_id/2026/plus/1,9dbdd312708d7d42a15f61c7f3845b1923e56748dcb9145650ba0c4e99195940,277978,244694,1376540
GER3,2026/27,2026-09-12,FC Würzburger Kickers,1557,Namrud Embaye,709271,2002-01-09,6,FIRST,2026-07-01,2027-06-30,,,CONFIRMED,https://www.transfermarkt.de/wurzburger-kickers/kader/verein/1557/saison_id/2026/plus/1,9dbdd312708d7d42a15f61c7f3845b1923e56748dcb9145650ba0c4e99195940,278388,0,1376540
GER3,2026/27,2026-09-12,FC Würzburger Kickers,1557,Dorian Deppner,1434339,2008-10-22,20,FIRST,2025-07-01,2027-06-30,,,CONFIRMED,https://www.transfermarkt.de/wurzburger-kickers/kader/verein/1557/saison_id/2026/plus/1,9dbdd312708d7d42a15f61c7f3845b1923e56748dcb9145650ba0c4e99195940,277993,73330,1376540
GER3,2026/27,2026-09-12,FC Würzburger Kickers,1557,Eroll Zejnullahu,203076,1994-10-19,10,FIRST,2025-07-01,2028-06-30,,,CONFIRMED,https://www.transfermarkt.de/wurzburger-kickers/kader/verein/1557/saison_id/2026/plus/1,9dbdd312708d7d42a15f61c7f3845b1923e56748dcb9145650ba0c4e99195940,265803,212997,1376540
GER3,2026/27,2026-09-12,FC Würzburger Kickers,1557,Dominik Meisel,380286,1999-06-29,25,FIRST,2019-07-01,2027-06-30,,,CONFIRMED,https://www.transfermarkt.de/wurzburger-kickers/kader/verein/1557/saison_id/2026/plus/1,9dbdd312708d7d42a15f61c7f3845b1923e56748dcb9145650ba0c4e99195940,265799,251856,1376540
GER3,2026/27,2026-09-12,FC Würzburger Kickers,1557,Batuhan Gögce,814981,2004-12-15,36,FIRST,2025-07-01,2027-06-30,,,CONFIRMED,https://www.transfermarkt.de/wurzburger-kickers/kader/verein/1557/saison_id/2026/plus/1,9dbdd312708d7d42a15f61c7f3845b1923e56748dcb9145650ba0c4e99195940,277981,239919,1376540
GER3,2026/27,2026-09-12,FC Würzburger Kickers,1557,Noah Mikrut,1161446,2007-05-23,14,FIRST,2026-09-01,2028-06-30,,,CONFIRMED,https://www.transfermarkt.de/wurzburger-kickers/kader/verein/1557/saison_id/2026/plus/1,9dbdd312708d7d42a15f61c7f3845b1923e56748dcb9145650ba0c4e99195940,292466,0,1376540
GER3,2026/27,2026-09-12,FC Würzburger Kickers,1557,Philipp Ochs,207592,1997-04-17,13,FIRST,2025-09-10,2027-06-30,,,CONFIRMED,https://www.transfermarkt.de/wurzburger-kickers/kader/verein/1557/saison_id/2026/plus/1,9dbdd312708d7d42a15f61c7f3845b1923e56748dcb9145650ba0c4e99195940,265797,229701,1376540
GER3,2026/27,2026-09-12,FC Würzburger Kickers,1557,Ivan Franjic,237193,1997-09-08,37,FIRST,2026-07-01,2028-06-30,,,CONFIRMED,https://www.transfermarkt.de/wurzburger-kickers/kader/verein/1557/saison_id/2026/plus/1,9dbdd312708d7d42a15f61c7f3845b1923e56748dcb9145650ba0c4e99195940,273925,244078,1376540
GER3,2026/27,2026-09-12,FC Würzburger Kickers,1557,Dion Berisha,596186,2003-05-09,11,FIRST,2025-09-10,2027-06-30,,,CONFIRMED,https://www.transfermarkt.de/wurzburger-kickers/kader/verein/1557/saison_id/2026/plus/1,9dbdd312708d7d42a15f61c7f3845b1923e56748dcb9145650ba0c4e99195940,265798,260016,1376540
GER3,2026/27,2026-09-12,FC Würzburger Kickers,1557,Thomas Kastanaras,675565,2003-01-09,19,FIRST,2026-09-01,2028-06-30,,,CONFIRMED,https://www.transfermarkt.de/wurzburger-kickers/kader/verein/1557/saison_id/2026/plus/1,9dbdd312708d7d42a15f61c7f3845b1923e56748dcb9145650ba0c4e99195940,277670,269951,1376540
GER3,2026/27,2026-09-12,FC Würzburger Kickers,1557,Jermain Nischalke,692712,2003-03-26,9,FIRST,2025-07-01,2027-06-30,,,CONFIRMED,https://www.transfermarkt.de/wurzburger-kickers/kader/verein/1557/saison_id/2026/plus/1,9dbdd312708d7d42a15f61c7f3845b1923e56748dcb9145650ba0c4e99195940,265804,272601,1376540
GER3,2026/27,2026-09-12,FC Würzburger Kickers,1557,Franck Evina,336331,2000-07-05,18,FIRST,2026-07-01,2027-06-30,,,CONFIRMED,https://www.transfermarkt.de/wurzburger-kickers/kader/verein/1557/saison_id/2026/plus/1,9dbdd312708d7d42a15f61c7f3845b1923e56748dcb9145650ba0c4e99195940,136512,243357,1376540
GER3,2026/27,2026-09-12,FC Würzburger Kickers,1557,Tarsis Bonga,283140,1997-01-10,30,FIRST,2025-07-01,2027-06-30,,,CONFIRMED,https://www.transfermarkt.de/wurzburger-kickers/kader/verein/1557/saison_id/2026/plus/1,9dbdd312708d7d42a15f61c7f3845b1923e56748dcb9145650ba0c4e99195940,265802,244097,1376540
GER3,2026/27,2026-09-12,FC Würzburger Kickers,1557,Tiago De Moura,1267598,2007-07-13,15,FIRST,2025-07-01,2027-06-30,,,CONFIRMED,https://www.transfermarkt.de/wurzburger-kickers/kader/verein/1557/saison_id/2026/plus/1,9dbdd312708d7d42a15f61c7f3845b1923e56748dcb9145650ba0c4e99195940,277992,278119,1376540
