league,club_name,external_club_id,player_name,external_player_id,dob,status,review_reason,classification,transfer_type,old_club_id,new_club_id,fm_id,fifa_id,source_url,source_sha256
ENG1,Arsenal,11,Piero Hincapié,659813,2002-01-09,REVIEW_REQUIRED,Installed future conditions need typed native review,UNCHANGED,PERMANENT,917505,917505,257418,256197,https://www.transfermarkt.de/fc-arsenal/kader/verein/11/saison_id/2026/plus/1,0a651bf929057db7f1dbbe4529cc7f612bb8971a26a0e97c6367450f71960375
ENG1,Arsenal,11,Max Dowman,1187629,2009-12-31,REVIEW_REQUIRED,Missing/expired contract or unverified effective date,UNCHANGED,UNVERIFIED,917505,917505,269642,0,https://www.transfermarkt.de/fc-arsenal/kader/verein/11/saison_id/2026/plus/1,0a651bf929057db7f1dbbe4529cc7f612bb8971a26a0e97c6367450f71960375
ENG1,Aston Villa,405,James Wright,712181,2004-12-02,REVIEW_REQUIRED,Missing/expired contract or unverified effective date,UNCHANGED,PERMANENT,917506,917506,273299,0,https://www.transfermarkt.de/aston-villa/kader/verein/405/saison_id/2026/plus/1,66b9b7fdd741084e821d291249f5bdc0fe382243be248d861c1137a95e82f15d
ENG1,Aston Villa,405,Aaron Wan-Bissaka,477758,1997-11-26,REVIEW_REQUIRED,Loan: parent ownership and dates require native loan plan,LOAN_IN,LOAN,917511,917506,263483,229880,https://www.transfermarkt.de/aston-villa/kader/verein/405/saison_id/2026/plus/1,66b9b7fdd741084e821d291249f5bdc0fe382243be248d861c1137a95e82f15d
ENG1,Aston Villa,405,Alejandro Garnacho,811779,2004-07-01,REVIEW_REQUIRED,Loan: parent ownership and dates require native loan plan,LOAN_IN,LOAN,917513,917506,23306,268438,https://www.transfermarkt.de/aston-villa/kader/verein/405/saison_id/2026/plus/1,66b9b7fdd741084e821d291249f5bdc0fe382243be248d861c1137a95e82f15d
ENG1,Aston Villa,405,George Hemmings,1023191,2007-04-03,REVIEW_REQUIRED,Missing/expired contract or unverified effective date,UNCHANGED,PERMANENT,917506,917506,273310,0,https://www.transfermarkt.de/aston-villa/kader/verein/405/saison_id/2026/plus/1,66b9b7fdd741084e821d291249f5bdc0fe382243be248d861c1137a95e82f15d
ENG1,Aston Villa,405,Nicolas Jackson,776890,2001-06-20,REVIEW_REQUIRED,Installed future conditions need typed native review,TRANSFER_IN,PERMANENT,1376264,917506,276820,259197,https://www.transfermarkt.de/aston-villa/kader/verein/405/saison_id/2026/plus/1,66b9b7fdd741084e821d291249f5bdc0fe382243be248d861c1137a95e82f15d
ENG1,Aston Villa,405,Tammy Abraham,331726,1997-10-02,REVIEW_REQUIRED,Installed future conditions need typed native review,TRANSFER_IN,PERMANENT,3145824,917506,199880,231352,https://www.transfermarkt.de/aston-villa/kader/verein/405/saison_id/2026/plus/1,66b9b7fdd741084e821d291249f5bdc0fe382243be248d861c1137a95e82f15d
ENG1,AFC Bournemouth,989,Michele Di Gregorio,301238,1997-07-27,REVIEW_REQUIRED,Loan: parent ownership and dates require native loan plan,LOAN_IN,LOAN,1769482,917553,278349,235840,https://www.transfermarkt.de/afc-bournemouth/kader/verein/989/saison_id/2026/plus/1,147ac73d9a94a634b365ebf6ee82ee4655d46b0d4aa0cba07b481ccc27a62359
ENG1,AFC Bournemouth,989,Fraser Forster,52570,1988-03-17,REVIEW_REQUIRED,Changed club without confirmed matching transfer event,TRANSFER_IN,UNVERIFIED,0,917553,,172203,https://www.transfermarkt.de/afc-bournemouth/kader/verein/989/saison_id/2026/plus/1,147ac73d9a94a634b365ebf6ee82ee4655d46b0d4aa0cba07b481ccc27a62359
ENG1,AFC Bournemouth,989,Max Aarons,471690,2000-01-04,REVIEW_REQUIRED,Installed future conditions need typed native review,TRANSFER_IN,LOAN_RETURN,2752517,917553,288893,240060,https://www.transfermarkt.de/afc-bournemouth/kader/verein/989/saison_id/2026/plus/1,147ac73d9a94a634b365ebf6ee82ee4655d46b0d4aa0cba07b481ccc27a62359
ENG1,AFC Bournemouth,989,Ben Winterburn,854721,2004-09-04,REVIEW_REQUIRED,Installed future conditions need typed native review,TRANSFER_IN,LOAN_RETURN,917573,917553,265834,75839,https://www.transfermarkt.de/afc-bournemouth/kader/verein/989/saison_id/2026/plus/1,147ac73d9a94a634b365ebf6ee82ee4655d46b0d4aa0cba07b481ccc27a62359
ENG1,AFC Bournemouth,989,Alex Tóth,998101,2005-10-23,REVIEW_REQUIRED,Changed club without confirmed matching transfer event,TRANSFER_IN,UNVERIFIED,1507348,917553,107259,70903,https://www.transfermarkt.de/afc-bournemouth/kader/verein/989/saison_id/2026/plus/1,147ac73d9a94a634b365ebf6ee82ee4655d46b0d4aa0cba07b481ccc27a62359
ENG1,AFC Bournemouth,989,Rayan,1012564,2006-08-03,REVIEW_REQUIRED,Changed club without confirmed matching transfer event,TRANSFER_IN,UNVERIFIED,3538951,917553,,0,https://www.transfermarkt.de/afc-bournemouth/kader/verein/989/saison_id/2026/plus/1,147ac73d9a94a634b365ebf6ee82ee4655d46b0d4aa0cba07b481ccc27a62359
ENG1,AFC Bournemouth,989,Daniel Jebbison,746740,2003-08-13,REVIEW_REQUIRED,Installed future conditions need typed native review,TRANSFER_IN,LOAN_RETURN,917540,917553,24417,262227,https://www.transfermarkt.de/afc-bournemouth/kader/verein/989/saison_id/2026/plus/1,147ac73d9a94a634b365ebf6ee82ee4655d46b0d4aa0cba07b481ccc27a62359
ENG1,Brentford,1148,Ji-soo Kim,709767,2004-12-24,REVIEW_REQUIRED,Installed future conditions need typed native review,TRANSFER_IN,LOAN_RETURN,1376257,917569,276590,267844,https://www.transfermarkt.de/fc-brentford/kader/verein/1148/saison_id/2026/plus/1,98977ec56621e787ba2b89973d53a14e8f3ee796ba25d92646304551ba9c96fa
ENG1,Brentford,1148,Benjamin Fredrick,1071138,2005-05-28,REVIEW_REQUIRED,Installed future conditions need typed native review,TRANSFER_IN,PERMANENT,458795,917569,235809,70781,https://www.transfermarkt.de/fc-brentford/kader/verein/1148/saison_id/2026/plus/1,98977ec56621e787ba2b89973d53a14e8f3ee796ba25d92646304551ba9c96fa
ENG1,Brentford,1148,El Hadji Malick Diouf,1111589,2004-12-29,REVIEW_REQUIRED,Identity unresolved,MISSING_FROM_FM,UNVERIFIED,,917569,,,https://www.transfermarkt.de/fc-brentford/kader/verein/1148/saison_id/2026/plus/1,98977ec56621e787ba2b89973d53a14e8f3ee796ba25d92646304551ba9c96fa
ENG1,Brighton & Hove Albion,1237,Luka Vuskovic,892160,2007-02-24,REVIEW_REQUIRED,Installed future conditions need typed native review,TRANSFER_IN,PERMANENT,1376267,917529,275629,275192,https://www.transfermarkt.de/brighton-hove-albion/kader/verein/1237/saison_id/2026/plus/1,f2cf90d26295bb03b7a9f88ddd237a671bfa8ea7b8601dc2dd42f6c052d76dbc
ENG1,Brighton & Hove Albion,1237,Matt O'Riley,406634,2000-11-21,REVIEW_REQUIRED,Changed club without confirmed matching transfer event,TRANSFER_IN,UNVERIFIED,1179662,917529,283967,240734,https://www.transfermarkt.de/brighton-hove-albion/kader/verein/1237/saison_id/2026/plus/1,f2cf90d26295bb03b7a9f88ddd237a671bfa8ea7b8601dc2dd42f6c052d76dbc
ENG1,Brighton & Hove Albion,1237,Malick Yalcouyé,1178758,2005-11-18,REVIEW_REQUIRED,Changed club without confirmed matching transfer event,TRANSFER_IN,UNVERIFIED,917565,917529,24272,70841,https://www.transfermarkt.de/brighton-hove-albion/kader/verein/1237/saison_id/2026/plus/1,f2cf90d26295bb03b7a9f88ddd237a671bfa8ea7b8601dc2dd42f6c052d76dbc
ENG1,Brighton & Hove Albion,1237,Ibrahim Osman,1110406,2004-11-29,REVIEW_REQUIRED,Changed club without confirmed matching transfer event,TRANSFER_IN,UNVERIFIED,1179654,917529,291270,274516,https://www.transfermarkt.de/brighton-hove-albion/kader/verein/1237/saison_id/2026/plus/1,f2cf90d26295bb03b7a9f88ddd237a671bfa8ea7b8601dc2dd42f6c052d76dbc
ENG1,Brighton & Hove Albion,1237,Evan Ferguson,648046,2004-10-19,REVIEW_REQUIRED,Installed future conditions need typed native review,TRANSFER_IN,LOAN_RETURN,1769476,917529,278485,259608,https://www.transfermarkt.de/brighton-hove-albion/kader/verein/1237/saison_id/2026/plus/1,f2cf90d26295bb03b7a9f88ddd237a671bfa8ea7b8601dc2dd42f6c052d76dbc
ENG1,Brighton & Hove Albion,1237,Promise David,888785,2001-07-03,REVIEW_REQUIRED,Loan: parent ownership and dates require native loan plan,LOAN_IN,LOAN,458780,917529,234972,73070,https://www.transfermarkt.de/brighton-hove-albion/kader/verein/1237/saison_id/2026/plus/1,f2cf90d26295bb03b7a9f88ddd237a671bfa8ea7b8601dc2dd42f6c052d76dbc
ENG1,Chelsea,631,Mike Penders,834397,2005-07-31,REVIEW_REQUIRED,Installed future conditions need typed native review,TRANSFER_IN,LOAN_RETURN,1179667,917513,289605,270821,https://www.transfermarkt.de/fc-chelsea/kader/verein/631/saison_id/2026/plus/1,654f4cd4c0ce8c73da8a919c8a23c05e00fc473650df3999c3441d42c128ae64
ENG1,Chelsea,631,Gabriel Slonina,656316,2004-05-15,REVIEW_REQUIRED,Identity unresolved,CONFLICT,UNVERIFIED,,917513,23327,248158,https://www.transfermarkt.de/fc-chelsea/kader/verein/631/saison_id/2026/plus/1,654f4cd4c0ce8c73da8a919c8a23c05e00fc473650df3999c3441d42c128ae64
ENG1,Chelsea,631,Teddy Sharman-Lowe,731466,2003-03-30,REVIEW_REQUIRED,Changed club without confirmed matching transfer event,TRANSFER_IN,UNVERIFIED,917515,917513,259494,257126,https://www.transfermarkt.de/fc-chelsea/kader/verein/631/saison_id/2026/plus/1,654f4cd4c0ce8c73da8a919c8a23c05e00fc473650df3999c3441d42c128ae64
ENG1,Chelsea,631,Aarón Anselmino,1145504,2005-04-29,REVIEW_REQUIRED,Installed future conditions need typed native review,TRANSFER_IN,LOAN_RETURN,1376262,917513,277407,278455,https://www.transfermarkt.de/fc-chelsea/kader/verein/631/saison_id/2026/plus/1,654f4cd4c0ce8c73da8a919c8a23c05e00fc473650df3999c3441d42c128ae64
ENG1,Chelsea,631,Marco Palestra,895937,2005-03-03,REVIEW_REQUIRED,Installed future conditions need typed native review,TRANSFER_IN,PERMANENT,1769480,917513,286048,278339,https://www.transfermarkt.de/fc-chelsea/kader/verein/631/saison_id/2026/plus/1,654f4cd4c0ce8c73da8a919c8a23c05e00fc473650df3999c3441d42c128ae64
ENG1,Coventry City,990,Carl Rushworth,646353,2001-07-02,REVIEW_REQUIRED,Missing/expired contract or unverified effective date,UNCHANGED,PERMANENT,917530,917530,24078,263339,https://www.transfermarkt.de/coventry-city/kader/verein/990/saison_id/2026/plus/1,f8b6df3a235487785b5388c90b2e9ed50f43a330cba1ff3e2ab5138484452aae
ENG1,Coventry City,990,Stephen Mfuni,1049020,2008-02-12,REVIEW_REQUIRED,Loan: parent ownership and dates require native loan plan,LOAN_IN,LOAN,917518,917530,274809,0,https://www.transfermarkt.de/coventry-city/kader/verein/990/saison_id/2026/plus/1,f8b6df3a235487785b5388c90b2e9ed50f43a330cba1ff3e2ab5138484452aae
ENG1,Crystal Palace,873,Honest Ahanor,1077175,2008-02-23,REVIEW_REQUIRED,Loan: parent ownership and dates require native loan plan,LOAN_IN,LOAN,1769477,917535,282292,74483,https://www.transfermarkt.de/crystal-palace/kader/verein/873/saison_id/2026/plus/1,5b0d8110693231bc9cfcbf4e744171ea18f83dc20ff4c35e294cf84c098ae7ac
ENG1,Crystal Palace,873,Axel Disasi,386047,1998-03-11,REVIEW_REQUIRED,Loan: parent ownership and dates require native loan plan,LOAN_IN,LOAN,917513,917535,23302,229942,https://www.transfermarkt.de/crystal-palace/kader/verein/873/saison_id/2026/plus/1,5b0d8110693231bc9cfcbf4e744171ea18f83dc20ff4c35e294cf84c098ae7ac
ENG1,Crystal Palace,873,Takehiro Tomiyasu,331560,1998-11-05,REVIEW_REQUIRED,Missing/expired contract or unverified effective date,TRANSFER_IN,PERMANENT,0,917535,,232938,https://www.transfermarkt.de/crystal-palace/kader/verein/873/saison_id/2026/plus/1,5b0d8110693231bc9cfcbf4e744171ea18f83dc20ff4c35e294cf84c098ae7ac
ENG1,Crystal Palace,873,Evann Guessand,500689,2001-07-01,REVIEW_REQUIRED,Loan: parent ownership and dates require native loan plan,LOAN_IN,UNVERIFIED,917506,917535,261112,258444,https://www.transfermarkt.de/crystal-palace/kader/verein/873/saison_id/2026/plus/1,5b0d8110693231bc9cfcbf4e744171ea18f83dc20ff4c35e294cf84c098ae7ac
ENG1,Crystal Palace,873,Darío Osorio,881116,2004-01-24,REVIEW_REQUIRED,Loan: parent ownership and dates require native loan plan,LOAN_IN,LOAN,851973,917535,285963,278012,https://www.transfermarkt.de/crystal-palace/kader/verein/873/saison_id/2026/plus/1,5b0d8110693231bc9cfcbf4e744171ea18f83dc20ff4c35e294cf84c098ae7ac
ENG1,Everton,29,Merlin Röhl,608832,2002-07-05,REVIEW_REQUIRED,Installed future conditions need typed native review,UNCHANGED,PERMANENT,917517,917517,259160,259714,https://www.transfermarkt.de/fc-everton/kader/verein/29/saison_id/2026/plus/1,42b6f20b51ab963f490c0c9e3fce8d8e64beae01bd82a8476a0462feb2ef546d
ENG1,Everton,29,Harrison Armstrong,1107733,2007-01-19,REVIEW_REQUIRED,Changed club without confirmed matching transfer event,TRANSFER_IN,UNVERIFIED,917540,917517,24410,74413,https://www.transfermarkt.de/fc-everton/kader/verein/29/saison_id/2026/plus/1,42b6f20b51ab963f490c0c9e3fce8d8e64beae01bd82a8476a0462feb2ef546d
ENG1,Everton,29,Jack Grealish,203460,1995-09-10,REVIEW_REQUIRED,Loan: parent ownership and dates require native loan plan,LOAN_IN,LOAN,917517,917517,259145,206517,https://www.transfermarkt.de/fc-everton/kader/verein/29/saison_id/2026/plus/1,42b6f20b51ab963f490c0c9e3fce8d8e64beae01bd82a8476a0462feb2ef546d
ENG1,Fulham,931,Hugo Larsson,931838,2004-06-27,REVIEW_REQUIRED,Loan: parent ownership and dates require native loan plan,LOAN_IN,LOAN,1376279,917521,277145,268896,https://www.transfermarkt.de/fc-fulham/kader/verein/931/saison_id/2026/plus/1,abc9ef5d8dbb5849dcf6d123a562b6a7cc7afc983fc84b62fadedbe7ab430fe0
ENG1,Fulham,931,Manuel Ángel,646824,2004-03-15,REVIEW_REQUIRED,"Unique identity, dated current roster and valid contract chronology; transfer event required for club change",TRANSFER_IN,PERMANENT,2949134,917521,,0,https://www.transfermarkt.de/fc-fulham/kader/verein/931/saison_id/2026/plus/1,abc9ef5d8dbb5849dcf6d123a562b6a7cc7afc983fc84b62fadedbe7ab430fe0
ENG1,Fulham,931,Jonah Kusi-Asare,1069512,2007-07-04,REVIEW_REQUIRED,Installed future conditions need typed native review,UNCHANGED,PERMANENT,917521,917521,23673,278578,https://www.transfermarkt.de/fc-fulham/kader/verein/931/saison_id/2026/plus/1,abc9ef5d8dbb5849dcf6d123a562b6a7cc7afc983fc84b62fadedbe7ab430fe0
ENG1,Hull City,3008,Lucas Herrington,1279984,2007-09-05,REVIEW_REQUIRED,Identity unresolved,MISSING_FROM_FM,UNVERIFIED,,917532,,,https://www.transfermarkt.de/hull-city/kader/verein/3008/saison_id/2026/plus/1,95d27e3b77eef2306101f2b6eab92a02d56308a31e0d34299be2fa82dcf331db
ENG1,Hull City,3008,Nobel Mendy,1034853,2004-09-03,REVIEW_REQUIRED,Installed future conditions need typed native review,TRANSFER_IN,PERMANENT,2949171,917532,282801,276633,https://www.transfermarkt.de/hull-city/kader/verein/3008/saison_id/2026/plus/1,95d27e3b77eef2306101f2b6eab92a02d56308a31e0d34299be2fa82dcf331db
ENG1,Hull City,3008,Paddy McNair,167268,1995-04-27,REVIEW_REQUIRED,Changed club without confirmed matching transfer event,TRANSFER_IN,UNVERIFIED,6239520,917532,301431,213697,https://www.transfermarkt.de/hull-city/kader/verein/3008/saison_id/2026/plus/1,95d27e3b77eef2306101f2b6eab92a02d56308a31e0d34299be2fa82dcf331db
ENG1,Hull City,3008,Matt Targett,250478,1995-09-18,REVIEW_REQUIRED,Installed future conditions need typed native review,TRANSFER_IN,PERMANENT,917522,917532,266490,218659,https://www.transfermarkt.de/hull-city/kader/verein/3008/saison_id/2026/plus/1,95d27e3b77eef2306101f2b6eab92a02d56308a31e0d34299be2fa82dcf331db
ENG1,Hull City,3008,Abdülkadir Ömür,271495,1999-06-25,REVIEW_REQUIRED,Installed future conditions need typed native review,TRANSFER_IN,LOAN_RETURN,3145835,917532,200319,231777,https://www.transfermarkt.de/hull-city/kader/verein/3008/saison_id/2026/plus/1,95d27e3b77eef2306101f2b6eab92a02d56308a31e0d34299be2fa82dcf331db
ENG1,Hull City,3008,Kieran Dowell,258916,1997-10-10,REVIEW_REQUIRED,Changed club without confirmed matching transfer event,TRANSFER_IN,UNVERIFIED,2752517,917532,288906,226401,https://www.transfermarkt.de/hull-city/kader/verein/3008/saison_id/2026/plus/1,95d27e3b77eef2306101f2b6eab92a02d56308a31e0d34299be2fa82dcf331db
ENG1,Hull City,3008,Robinio Vaz,1131161,2007-02-17,REVIEW_REQUIRED,Loan: parent ownership and dates require native loan plan,LOAN_IN,LOAN,1179662,917532,283989,76410,https://www.transfermarkt.de/hull-city/kader/verein/3008/saison_id/2026/plus/1,95d27e3b77eef2306101f2b6eab92a02d56308a31e0d34299be2fa82dcf331db
ENG1,Hull City,3008,Joe Gelhardt,503980,2002-05-04,REVIEW_REQUIRED,Installed future conditions need typed native review,UNCHANGED,PERMANENT,917532,917532,266792,246053,https://www.transfermarkt.de/hull-city/kader/verein/3008/saison_id/2026/plus/1,95d27e3b77eef2306101f2b6eab92a02d56308a31e0d34299be2fa82dcf331db
ENG1,Hull City,3008,Ilyas Ansah,1035765,2004-11-08,REVIEW_REQUIRED,DFB roster contradicts current Transfermarkt affiliation,AMBIGUOUS,PERMANENT,1376348,917532,277769,276372,https://www.transfermarkt.de/hull-city/kader/verein/3008/saison_id/2026/plus/1,95d27e3b77eef2306101f2b6eab92a02d56308a31e0d34299be2fa82dcf331db
ENG1,Ipswich Town,677,David Button,61814,1989-02-27,REVIEW_REQUIRED,Missing/expired contract or unverified effective date,UNCHANGED,UNVERIFIED,917538,917538,261476,173533,https://www.transfermarkt.de/ipswich-town/kader/verein/677/saison_id/2026/plus/1,27c77a20084b00ebf1368072929c14c023348a25975bceca8389e69766b037af
ENG1,Ipswich Town,677,Cédric Kipré,364827,1996-12-09,REVIEW_REQUIRED,Installed future conditions need typed native review,UNCHANGED,PERMANENT,917538,917538,261461,235458,https://www.transfermarkt.de/ipswich-town/kader/verein/677/saison_id/2026/plus/1,27c77a20084b00ebf1368072929c14c023348a25975bceca8389e69766b037af
ENG1,Ipswich Town,677,Florentino,357162,1999-08-19,REVIEW_REQUIRED,Installed future conditions need typed native review,TRANSFER_IN,PERMANENT,917526,917538,260241,234569,https://www.transfermarkt.de/ipswich-town/kader/verein/677/saison_id/2026/plus/1,27c77a20084b00ebf1368072929c14c023348a25975bceca8389e69766b037af
ENG1,Ipswich Town,677,Anis Mehmeti,530813,2001-01-09,REVIEW_REQUIRED,Changed club without confirmed matching transfer event,TRANSFER_IN,UNVERIFIED,917555,917538,24129,250816,https://www.transfermarkt.de/ipswich-town/kader/verein/677/saison_id/2026/plus/1,27c77a20084b00ebf1368072929c14c023348a25975bceca8389e69766b037af
ENG1,Ipswich Town,677,Chuba Akpom,197642,1995-10-09,REVIEW_REQUIRED,Installed future conditions need typed native review,UNCHANGED,PERMANENT,917538,917538,261455,213418,https://www.transfermarkt.de/ipswich-town/kader/verein/677/saison_id/2026/plus/1,27c77a20084b00ebf1368072929c14c023348a25975bceca8389e69766b037af
ENG1,Leeds United,399,Melvin Bard,532775,2000-11-06,REVIEW_REQUIRED,Loan: parent ownership and dates require native loan plan,LOAN_IN,LOAN,1179666,917545,285266,254548,https://www.transfermarkt.de/leeds-united/kader/verein/399/saison_id/2026/plus/1,8641181efead6b745e037ec49edb34f1c7ca3a066d41825076ee3196fb4eedd5
ENG1,Leeds United,399,Jean-Mattéo Bahoya,939964,2005-05-07,REVIEW_REQUIRED,Loan: parent ownership and dates require native loan plan,LOAN_IN,LOAN,1376279,917545,277149,269728,https://www.transfermarkt.de/leeds-united/kader/verein/399/saison_id/2026/plus/1,8641181efead6b745e037ec49edb34f1c7ca3a066d41825076ee3196fb4eedd5
ENG1,Leeds United,399,Mateo Joseph,834742,2003-10-19,REVIEW_REQUIRED,Installed future conditions need typed native review,TRANSFER_IN,LOAN_RETURN,2949130,917545,282417,270206,https://www.transfermarkt.de/leeds-united/kader/verein/399/saison_id/2026/plus/1,8641181efead6b745e037ec49edb34f1c7ca3a066d41825076ee3196fb4eedd5
ENG1,Liverpool,31,Vitezslav Jaros,486604,2001-07-23,REVIEW_REQUIRED,Installed future conditions need typed native review,TRANSFER_IN,LOAN_RETURN,2228227,917509,295672,253428,https://www.transfermarkt.de/fc-liverpool/kader/verein/31/saison_id/2026/plus/1,03f6f6108aec08d5028c45b59b341f94eb0a4ac80c8d3246a9cf1767419f8789
ENG1,Liverpool,31,Harvey Davies,706815,2003-09-03,REVIEW_REQUIRED,Changed club without confirmed matching transfer event,TRANSFER_IN,UNVERIFIED,917613,917509,267822,271977,https://www.transfermarkt.de/fc-liverpool/kader/verein/31/saison_id/2026/plus/1,03f6f6108aec08d5028c45b59b341f94eb0a4ac80c8d3246a9cf1767419f8789
ENG1,Liverpool,31,Ronald Araujo,480267,1999-03-07,REVIEW_REQUIRED,Loan: parent ownership and dates require native loan plan,LOAN_IN,LOAN,2949124,917509,283341,253163,https://www.transfermarkt.de/fc-liverpool/kader/verein/31/saison_id/2026/plus/1,03f6f6108aec08d5028c45b59b341f94eb0a4ac80c8d3246a9cf1767419f8789
ENG1,Liverpool,31,Konstantinos Tsimikas,338070,1996-05-12,REVIEW_REQUIRED,Installed future conditions need typed native review,TRANSFER_IN,LOAN_RETURN,1769476,917509,278477,232223,https://www.transfermarkt.de/fc-liverpool/kader/verein/31/saison_id/2026/plus/1,03f6f6108aec08d5028c45b59b341f94eb0a4ac80c8d3246a9cf1767419f8789
ENG1,Manchester City,281,Vitor Reis,1005575,2006-01-12,REVIEW_REQUIRED,Installed future conditions need typed native review,TRANSFER_IN,LOAN_RETURN,2949203,917518,282935,76624,https://www.transfermarkt.de/manchester-city/kader/verein/281/saison_id/2026/plus/1,480dc31ff14f1e9821d8a65e16c6d82796ba24da1b92e06c4904603842d4bf05
ENG1,Manchester City,281,Josh Wilson-Esbrand,576121,2002-12-26,REVIEW_REQUIRED,Installed future conditions need typed native review,TRANSFER_IN,LOAN_RETURN,2424862,917518,148811,264681,https://www.transfermarkt.de/manchester-city/kader/verein/281/saison_id/2026/plus/1,480dc31ff14f1e9821d8a65e16c6d82796ba24da1b92e06c4904603842d4bf05
ENG1,Manchester City,281,Ryan McAidoo,1187640,2008-06-24,REVIEW_REQUIRED,Missing/expired contract or unverified effective date,UNCHANGED,PERMANENT,917518,917518,274793,262667,https://www.transfermarkt.de/manchester-city/kader/verein/281/saison_id/2026/plus/1,480dc31ff14f1e9821d8a65e16c6d82796ba24da1b92e06c4904603842d4bf05
ENG1,Manchester United,985,Harry Amass,1011738,2007-03-16,REVIEW_REQUIRED,Installed future conditions need typed native review,TRANSFER_IN,LOAN_RETURN,917527,917519,24352,273599,https://www.transfermarkt.de/manchester-united/kader/verein/985/saison_id/2026/plus/1,543b8e96c6fed73672ad0d37c674352b89ff1da2c63778ec7fb5492ad88361a2
ENG1,Manchester United,985,Marcus Rashford,258923,1997-10-31,REVIEW_REQUIRED,Installed future conditions need typed native review,TRANSFER_IN,LOAN_RETURN,2949124,917519,283336,231677,https://www.transfermarkt.de/manchester-united/kader/verein/985/saison_id/2026/plus/1,543b8e96c6fed73672ad0d37c674352b89ff1da2c63778ec7fb5492ad88361a2
ENG1,Nottingham Forest,703,Steven Benda,381469,1998-10-01,REVIEW_REQUIRED,Installed future conditions need typed native review,TRANSFER_IN,PERMANENT,917548,917549,262451,241076,https://www.transfermarkt.de/nottingham-forest/kader/verein/703/saison_id/2026/plus/1,1f3c6bd0f0de76240faea845ee07a8d1fad13ffa72e96a8cbb4612f966f30983
ENG1,Sunderland,289,Kevin Danso,263236,1998-09-19,REVIEW_REQUIRED,Loan: parent ownership and dates require native loan plan,LOAN_IN,LOAN,917514,917524,265414,237985,https://www.transfermarkt.de/afc-sunderland/kader/verein/289/saison_id/2026/plus/1,bd74ae0019b88eeaf201f5b09382a2f264e6feab18e637371f9e43576b711509
ENG1,Sunderland,289,Jules Ahoka,1401779,2006-05-08,REVIEW_REQUIRED,Identity unresolved,MISSING_FROM_FM,UNVERIFIED,,917524,,85425,https://www.transfermarkt.de/afc-sunderland/kader/verein/289/saison_id/2026/plus/1,bd74ae0019b88eeaf201f5b09382a2f264e6feab18e637371f9e43576b711509
ENG1,Sunderland,289,Alan Browne,277697,1995-04-15,REVIEW_REQUIRED,Installed future conditions need typed native review,TRANSFER_IN,LOAN_RETURN,917522,917524,266500,216464,https://www.transfermarkt.de/afc-sunderland/kader/verein/289/saison_id/2026/plus/1,bd74ae0019b88eeaf201f5b09382a2f264e6feab18e637371f9e43576b711509
ENG1,Sunderland,289,Jocelin Ta Bi,1322090,2005-02-09,REVIEW_REQUIRED,Changed club without confirmed matching transfer event,TRANSFER_IN,UNVERIFIED,1703940,917524,118934,0,https://www.transfermarkt.de/afc-sunderland/kader/verein/289/saison_id/2026/plus/1,bd74ae0019b88eeaf201f5b09382a2f264e6feab18e637371f9e43576b711509
ENG1,Tottenham Hotspur,148,Sávio,743591,2004-04-10,REVIEW_REQUIRED,Identity unresolved,MISSING_FROM_FM,UNVERIFIED,,917514,,,https://www.transfermarkt.de/tottenham-hotspur/kader/verein/148/saison_id/2026/plus/1,007fc11048dc50b4cfd2c580b82958bb7cc02f984af0af71c4079e53b5c71390
ENG1,Tottenham Hotspur,148,Mykhaylo Mudryk,537860,2001-01-05,REVIEW_REQUIRED,Loan: parent ownership and dates require native loan plan,LOAN_IN,LOAN,917513,917514,23316,246340,https://www.transfermarkt.de/tottenham-hotspur/kader/verein/148/saison_id/2026/plus/1,007fc11048dc50b4cfd2c580b82958bb7cc02f984af0af71c4079e53b5c71390
ENG1,Tottenham Hotspur,148,Omar Marmoush,445939,1999-02-07,REVIEW_REQUIRED,Loan: parent ownership and dates require native loan plan,LOAN_IN,LOAN,917518,917514,262597,256675,https://www.transfermarkt.de/tottenham-hotspur/kader/verein/148/saison_id/2026/plus/1,007fc11048dc50b4cfd2c580b82958bb7cc02f984af0af71c4079e53b5c71390
GER1,FC Bayern München,27,Sven Ulreich,40680,1988-08-03,REVIEW_REQUIRED,Installed future conditions need typed native review,UNCHANGED,UNVERIFIED,1376264,1376264,276826,186569,https://www.transfermarkt.de/fc-bayern-munchen/kader/verein/27/saison_id/2026/plus/1,820ba470399c46c372cca08fabf7f49fd2f3e3e097d9ac94e1494b055e7a3df5
GER1,FC Bayern München,27,Bara Sapoko Ndiaye,1497653,2007-12-31,REVIEW_REQUIRED,Identity unresolved,MISSING_FROM_FM,UNVERIFIED,,1376264,,,https://www.transfermarkt.de/fc-bayern-munchen/kader/verein/27/saison_id/2026/plus/1,820ba470399c46c372cca08fabf7f49fd2f3e3e097d9ac94e1494b055e7a3df5
GER1,Borussia Dortmund,16,Ethan Nwaneri,890719,2007-03-21,REVIEW_REQUIRED,Loan: parent ownership and dates require native loan plan,LOAN_IN,LOAN,917505,1376262,257423,271807,https://www.transfermarkt.de/borussia-dortmund/kader/verein/16/saison_id/2026/plus/1,927453550675aa19e2e1770ec753efb040ae08d849fa3f9549ef9d993044efb7
GER1,RasenBallsport Leipzig,23826,Neil El Aynaoui,901019,2001-07-02,REVIEW_REQUIRED,Loan: parent ownership and dates require native loan plan,LOAN_IN,LOAN,1769476,1376555,278489,262745,https://www.transfermarkt.de/rb-leipzig/kader/verein/23826/saison_id/2026/plus/1,97283d90f2a9e564bd064da4fa47fa71d7ad3661db6e1e1a6f768776682c54ff
GER1,RasenBallsport Leipzig,23826,Brajan Gruda,700106,2004-05-31,REVIEW_REQUIRED,Loan: parent ownership and dates require native loan plan,LOAN_IN,UNVERIFIED,917529,1376555,23579,272612,https://www.transfermarkt.de/rb-leipzig/kader/verein/23826/saison_id/2026/plus/1,97283d90f2a9e564bd064da4fa47fa71d7ad3661db6e1e1a6f768776682c54ff
GER1,RasenBallsport Leipzig,23826,Christopher Nkunku,344381,1997-11-14,REVIEW_REQUIRED,Loan: parent ownership and dates require native loan plan,LOAN_IN,LOAN,1769474,1376555,278211,232411,https://www.transfermarkt.de/rb-leipzig/kader/verein/23826/saison_id/2026/plus/1,97283d90f2a9e564bd064da4fa47fa71d7ad3661db6e1e1a6f768776682c54ff
GER1,RasenBallsport Leipzig,23826,Samba Konaté,1380977,2009-02-27,REVIEW_REQUIRED,Identity unresolved,CONFLICT,UNVERIFIED,,1376555,276962,0,https://www.transfermarkt.de/rb-leipzig/kader/verein/23826/saison_id/2026/plus/1,97283d90f2a9e564bd064da4fa47fa71d7ad3661db6e1e1a6f768776682c54ff
GER1,VfB Stuttgart,79,Dennis Seimen,800946,2005-12-01,REVIEW_REQUIRED,Installed future conditions need typed native review,TRANSFER_IN,LOAN_RETURN,1376421,1376272,275859,271114,https://www.transfermarkt.de/vfb-stuttgart/kader/verein/79/saison_id/2026/plus/1,b40e4a3e03d09694b8088bd37ac70efaa5300c9034dde9d4027b90762ed3b647
GER1,VfB Stuttgart,79,Yanik Spalt,960462,2007-09-03,REVIEW_REQUIRED,Identity unresolved,CONFLICT,UNVERIFIED,,1376272,277704,0,https://www.transfermarkt.de/vfb-stuttgart/kader/verein/79/saison_id/2026/plus/1,b40e4a3e03d09694b8088bd37ac70efaa5300c9034dde9d4027b90762ed3b647
GER1,VfB Stuttgart,79,Bilal El Khannouss,654982,2004-05-10,REVIEW_REQUIRED,Installed future conditions need typed native review,UNCHANGED,PERMANENT,1376272,1376272,277639,257504,https://www.transfermarkt.de/vfb-stuttgart/kader/verein/79/saison_id/2026/plus/1,b40e4a3e03d09694b8088bd37ac70efaa5300c9034dde9d4027b90762ed3b647
GER1,VfB Stuttgart,79,Jarzinho Malanga,1031774,2006-07-10,REVIEW_REQUIRED,Installed future conditions need typed native review,TRANSFER_IN,PERMANENT,1376432,1376272,276432,73585,https://www.transfermarkt.de/vfb-stuttgart/kader/verein/79/saison_id/2026/plus/1,b40e4a3e03d09694b8088bd37ac70efaa5300c9034dde9d4027b90762ed3b647
GER1,TSG 1899 Hoffenheim,533,Luca Philipp,432671,2000-11-28,REVIEW_REQUIRED,Missing/expired contract or unverified effective date,UNCHANGED,UNVERIFIED,1376433,1376433,280195,257638,https://www.transfermarkt.de/tsg-1899-hoffenheim/kader/verein/533/saison_id/2026/plus/1,e5e493cd00b5c047bf6df4097b4f69f777e988a4f1f63a0879aef32a7379e1cd
GER1,TSG 1899 Hoffenheim,533,Bambasé Conté,574193,2003-07-07,REVIEW_REQUIRED,Missing/expired contract or unverified effective date,TRANSFER_IN,LOAN_RETURN,1376432,1376433,276419,267782,https://www.transfermarkt.de/tsg-1899-hoffenheim/kader/verein/533/saison_id/2026/plus/1,e5e493cd00b5c047bf6df4097b4f69f777e988a4f1f63a0879aef32a7379e1cd
GER1,TSG 1899 Hoffenheim,533,Adam Daghim,881297,2005-09-28,REVIEW_REQUIRED,Missing/expired contract or unverified effective date,TRANSFER_IN,PERMANENT,1376274,1376433,100005,268504,https://www.transfermarkt.de/tsg-1899-hoffenheim/kader/verein/533/saison_id/2026/plus/1,e5e493cd00b5c047bf6df4097b4f69f777e988a4f1f63a0879aef32a7379e1cd
GER1,Bayer 04 Leverkusen,15,Facundo Medina,474800,1999-05-28,REVIEW_REQUIRED,Installed future conditions need typed native review,TRANSFER_IN,PERMANENT,1179662,1376261,283969,236804,https://www.transfermarkt.de/bayer-04-leverkusen/kader/verein/15/saison_id/2026/plus/1,355a935f7561800deae1a58eea59105fd8753e003beced3cff71c0acbf734e7f
GER1,Bayer 04 Leverkusen,15,Tim Oermann,696164,2003-10-06,REVIEW_REQUIRED,Changed club without confirmed matching transfer event,TRANSFER_IN,UNVERIFIED,262154,1376261,265237,270033,https://www.transfermarkt.de/bayer-04-leverkusen/kader/verein/15/saison_id/2026/plus/1,355a935f7561800deae1a58eea59105fd8753e003beced3cff71c0acbf734e7f
GER1,Bayer 04 Leverkusen,15,Victor Boniface,656681,2000-12-23,REVIEW_REQUIRED,Installed future conditions need typed native review,TRANSFER_IN,LOAN_RETURN,1376271,1376261,280783,247679,https://www.transfermarkt.de/bayer-04-leverkusen/kader/verein/15/saison_id/2026/plus/1,355a935f7561800deae1a58eea59105fd8753e003beced3cff71c0acbf734e7f
GER1,Bayer 04 Leverkusen,15,Ndjicoura Bomba,1392804,2008-03-12,REVIEW_REQUIRED,Identity unresolved,MISSING_FROM_FM,UNVERIFIED,,1376261,,,https://www.transfermarkt.de/bayer-04-leverkusen/kader/verein/15/saison_id/2026/plus/1,355a935f7561800deae1a58eea59105fd8753e003beced3cff71c0acbf734e7f
GER1,Sport-Club Freiburg,60,Bruno Ogbus,863759,2005-12-17,REVIEW_REQUIRED,Missing/expired contract or unverified effective date,UNCHANGED,UNVERIFIED,1376270,1376270,277875,279045,https://www.transfermarkt.de/sc-freiburg/kader/verein/60/saison_id/2026/plus/1,e62e19efa9614998b4f5177da82a997a537a7c947c1c8872e3857207ec428e4f
GER1,Sport-Club Freiburg,60,Philipp Lienhart,225657,1996-07-11,REVIEW_REQUIRED,Missing/expired contract or unverified effective date,UNCHANGED,UNVERIFIED,1376270,1376270,277851,231366,https://www.transfermarkt.de/sc-freiburg/kader/verein/60/saison_id/2026/plus/1,e62e19efa9614998b4f5177da82a997a537a7c947c1c8872e3857207ec428e4f
GER1,Sport-Club Freiburg,60,Max Rosenfelder,599419,2003-02-10,REVIEW_REQUIRED,Missing/expired contract or unverified effective date,UNCHANGED,UNVERIFIED,1376270,1376270,277865,263022,https://www.transfermarkt.de/sc-freiburg/kader/verein/60/saison_id/2026/plus/1,e62e19efa9614998b4f5177da82a997a537a7c947c1c8872e3857207ec428e4f
GER1,Sport-Club Freiburg,60,Berkay Yılmaz,907087,2005-02-25,REVIEW_REQUIRED,Missing/expired contract or unverified effective date,TRANSFER_IN,LOAN_RETURN,1376258,1376270,274305,279115,https://www.transfermarkt.de/sc-freiburg/kader/verein/60/saison_id/2026/plus/1,e62e19efa9614998b4f5177da82a997a537a7c947c1c8872e3857207ec428e4f
GER1,Sport-Club Freiburg,60,Christian Günter,93707,1993-02-28,REVIEW_REQUIRED,Missing/expired contract or unverified effective date,UNCHANGED,UNVERIFIED,1376270,1376270,277854,209846,https://www.transfermarkt.de/sc-freiburg/kader/verein/60/saison_id/2026/plus/1,e62e19efa9614998b4f5177da82a997a537a7c947c1c8872e3857207ec428e4f
GER1,Sport-Club Freiburg,60,Philipp Treu,335993,2000-12-03,REVIEW_REQUIRED,Missing/expired contract or unverified effective date,UNCHANGED,UNVERIFIED,1376270,1376270,277859,262666,https://www.transfermarkt.de/sc-freiburg/kader/verein/60/saison_id/2026/plus/1,e62e19efa9614998b4f5177da82a997a537a7c947c1c8872e3857207ec428e4f
GER1,Sport-Club Freiburg,60,Lukas Kübler,93604,1992-08-30,REVIEW_REQUIRED,Missing/expired contract or unverified effective date,UNCHANGED,UNVERIFIED,1376270,1376270,277858,208335,https://www.transfermarkt.de/sc-freiburg/kader/verein/60/saison_id/2026/plus/1,e62e19efa9614998b4f5177da82a997a537a7c947c1c8872e3857207ec428e4f
GER1,Sport-Club Freiburg,60,Patrick Osterhage,443331,2000-02-01,REVIEW_REQUIRED,Missing/expired contract or unverified effective date,UNCHANGED,UNVERIFIED,1376270,1376270,277857,250931,https://www.transfermarkt.de/sc-freiburg/kader/verein/60/saison_id/2026/plus/1,e62e19efa9614998b4f5177da82a997a537a7c947c1c8872e3857207ec428e4f
GER1,Sport-Club Freiburg,60,Yannik Engelhardt,405670,2001-02-07,REVIEW_REQUIRED,Missing/expired contract or unverified effective date,TRANSFER_IN,PERMANENT,1376263,1376270,279839,262906,https://www.transfermarkt.de/sc-freiburg/kader/verein/60/saison_id/2026/plus/1,e62e19efa9614998b4f5177da82a997a537a7c947c1c8872e3857207ec428e4f
GER1,Sport-Club Freiburg,60,Maximilian Eggestein,190284,1996-12-08,REVIEW_REQUIRED,Missing/expired contract or unverified effective date,UNCHANGED,UNVERIFIED,1376270,1376270,277855,226168,https://www.transfermarkt.de/sc-freiburg/kader/verein/60/saison_id/2026/plus/1,e62e19efa9614998b4f5177da82a997a537a7c947c1c8872e3857207ec428e4f
GER1,Sport-Club Freiburg,60,Derry Scherhant,820957,2002-11-10,REVIEW_REQUIRED,Missing/expired contract or unverified effective date,UNCHANGED,UNVERIFIED,1376270,1376270,277870,269705,https://www.transfermarkt.de/sc-freiburg/kader/verein/60/saison_id/2026/plus/1,e62e19efa9614998b4f5177da82a997a537a7c947c1c8872e3857207ec428e4f
GER1,Sport-Club Freiburg,60,Florent Muslija,337036,1998-07-06,REVIEW_REQUIRED,Installed future conditions need typed native review,TRANSFER_IN,LOAN_RETURN,1376429,1376270,276694,239696,https://www.transfermarkt.de/sc-freiburg/kader/verein/60/saison_id/2026/plus/1,e62e19efa9614998b4f5177da82a997a537a7c947c1c8872e3857207ec428e4f
GER1,Sport-Club Freiburg,60,Cyriaque Irié,1145064,2005-06-20,REVIEW_REQUIRED,Missing/expired contract or unverified effective date,UNCHANGED,UNVERIFIED,1376270,1376270,277872,74431,https://www.transfermarkt.de/sc-freiburg/kader/verein/60/saison_id/2026/plus/1,e62e19efa9614998b4f5177da82a997a537a7c947c1c8872e3857207ec428e4f
GER1,Sport-Club Freiburg,60,Igor Matanovic,605268,2003-03-31,REVIEW_REQUIRED,Missing/expired contract or unverified effective date,UNCHANGED,UNVERIFIED,1376270,1376270,277868,259750,https://www.transfermarkt.de/sc-freiburg/kader/verein/60/saison_id/2026/plus/1,e62e19efa9614998b4f5177da82a997a537a7c947c1c8872e3857207ec428e4f
GER1,Sport-Club Freiburg,60,Keisuke Goto,916623,2005-06-03,REVIEW_REQUIRED,Missing/expired contract or unverified effective date,TRANSFER_IN,PERMANENT,458759,1376270,236040,76570,https://www.transfermarkt.de/sc-freiburg/kader/verein/60/saison_id/2026/plus/1,e62e19efa9614998b4f5177da82a997a537a7c947c1c8872e3857207ec428e4f
GER1,Sport-Club Freiburg,60,Lucas Höler,248999,1994-07-10,REVIEW_REQUIRED,Missing/expired contract or unverified effective date,UNCHANGED,UNVERIFIED,1376270,1376270,277863,234875,https://www.transfermarkt.de/sc-freiburg/kader/verein/60/saison_id/2026/plus/1,e62e19efa9614998b4f5177da82a997a537a7c947c1c8872e3857207ec428e4f
GER1,Eintracht Frankfurt,24,Noah Atubolu,526845,2002-05-25,REVIEW_REQUIRED,Loan: parent ownership and dates require native loan plan,LOAN_IN,LOAN,1376270,1376279,277853,262659,https://www.transfermarkt.de/eintracht-frankfurt/kader/verein/24/saison_id/2026/plus/1,b45935ddcd2a6095f6ba7722a68fe41a24ae9eab482678ab594edfe3149e642f
GER1,Eintracht Frankfurt,24,Timothy Chandler,49723,1990-03-29,REVIEW_REQUIRED,Installed future conditions need typed native review,UNCHANGED,UNVERIFIED,1376279,1376279,277159,202316,https://www.transfermarkt.de/eintracht-frankfurt/kader/verein/24/saison_id/2026/plus/1,b45935ddcd2a6095f6ba7722a68fe41a24ae9eab482678ab594edfe3149e642f
GER1,Eintracht Frankfurt,24,Noël Aséko,904974,2005-11-22,REVIEW_REQUIRED,Installed future conditions need typed native review,TRANSFER_IN,PERMANENT,1376268,1376279,275748,279622,https://www.transfermarkt.de/eintracht-frankfurt/kader/verein/24/saison_id/2026/plus/1,b45935ddcd2a6095f6ba7722a68fe41a24ae9eab482678ab594edfe3149e642f
GER1,Eintracht Frankfurt,24,Ayoube Amaimouni-Echghouyab,799993,2004-11-30,REVIEW_REQUIRED,"Unique identity, dated current roster and valid contract chronology; transfer event required for club change",TRANSFER_IN,PERMANENT,1376433,1376279,,0,https://www.transfermarkt.de/eintracht-frankfurt/kader/verein/24/saison_id/2026/plus/1,b45935ddcd2a6095f6ba7722a68fe41a24ae9eab482678ab594edfe3149e642f
GER1,FC Augsburg,167,Juma Bah,1121298,2006-04-11,REVIEW_REQUIRED,Loan: parent ownership and dates require native loan plan,LOAN_IN,LOAN,1179666,1376431,285283,75148,https://www.transfermarkt.de/fc-augsburg/kader/verein/167/saison_id/2026/plus/1,323d986d5d073658ccfd8af3d4978da6e4a9845c0cdcce47798096a26f016833
GER1,FC Augsburg,167,Yannik Keitel,342039,2000-02-15,REVIEW_REQUIRED,Loan: parent ownership and dates require native loan plan,LOAN_IN,UNVERIFIED,1376272,1376431,277656,256118,https://www.transfermarkt.de/fc-augsburg/kader/verein/167/saison_id/2026/plus/1,323d986d5d073658ccfd8af3d4978da6e4a9845c0cdcce47798096a26f016833
GER1,FC Augsburg,167,Tim Breithaupt,569457,2002-02-07,REVIEW_REQUIRED,Installed future conditions need typed native review,TRANSFER_IN,LOAN_RETURN,1376429,1376431,276700,259559,https://www.transfermarkt.de/fc-augsburg/kader/verein/167/saison_id/2026/plus/1,323d986d5d073658ccfd8af3d4978da6e4a9845c0cdcce47798096a26f016833
GER1,FC Augsburg,167,Arijon Ibrahimovic,744728,2005-12-11,REVIEW_REQUIRED,DFB roster contradicts current Transfermarkt affiliation,AMBIGUOUS,LOAN,1376302,1376431,281243,266236,https://www.transfermarkt.de/fc-augsburg/kader/verein/167/saison_id/2026/plus/1,323d986d5d073658ccfd8af3d4978da6e4a9845c0cdcce47798096a26f016833
GER1,FC Augsburg,167,Steve Mounié,238639,1994-09-29,REVIEW_REQUIRED,Installed future conditions need typed native review,TRANSFER_IN,LOAN_RETURN,3145783,1376431,200186,224883,https://www.transfermarkt.de/fc-augsburg/kader/verein/167/saison_id/2026/plus/1,323d986d5d073658ccfd8af3d4978da6e4a9845c0cdcce47798096a26f016833
GER1,1. FSV Mainz 05,39,Stefan Posch,223974,1997-05-14,REVIEW_REQUIRED,Missing/expired contract or unverified effective date,TRANSFER_IN,PERMANENT,1769516,1376259,283721,223671,https://www.transfermarkt.de/1-fsv-mainz-05/kader/verein/39/saison_id/2026/plus/1,a0ac0e0c9eb47a3776e4e43c8257aa032114b35240aadb843dc1c757a5313de7
GER1,1. FSV Mainz 05,39,Stefan Bell,82350,1991-08-24,REVIEW_REQUIRED,Installed future conditions need typed native review,UNCHANGED,UNVERIFIED,1376259,1376259,280309,198352,https://www.transfermarkt.de/1-fsv-mainz-05/kader/verein/39/saison_id/2026/plus/1,a0ac0e0c9eb47a3776e4e43c8257aa032114b35240aadb843dc1c757a5313de7
GER1,1. FSV Mainz 05,39,Rael Nakuzola,1112952,2007-04-28,REVIEW_REQUIRED,Identity unresolved,CONFLICT,UNVERIFIED,,1376259,271938,0,https://www.transfermarkt.de/1-fsv-mainz-05/kader/verein/39/saison_id/2026/plus/1,a0ac0e0c9eb47a3776e4e43c8257aa032114b35240aadb843dc1c757a5313de7
GER1,1. FSV Mainz 05,39,Eric Martel,597000,2002-04-29,REVIEW_REQUIRED,Missing/expired contract or unverified effective date,TRANSFER_IN,PERMANENT,1376275,1376259,277510,256942,https://www.transfermarkt.de/1-fsv-mainz-05/kader/verein/39/saison_id/2026/plus/1,a0ac0e0c9eb47a3776e4e43c8257aa032114b35240aadb843dc1c757a5313de7
GER1,1. FSV Mainz 05,39,Sota Kawasaki,733371,2001-07-30,REVIEW_REQUIRED,Missing/expired contract or unverified effective date,UNCHANGED,PERMANENT,1376259,1376259,280314,266061,https://www.transfermarkt.de/1-fsv-mainz-05/kader/verein/39/saison_id/2026/plus/1,a0ac0e0c9eb47a3776e4e43c8257aa032114b35240aadb843dc1c757a5313de7
GER1,1. FSV Mainz 05,39,Silas,612826,1998-10-06,REVIEW_REQUIRED,Missing/expired contract or unverified effective date,TRANSFER_IN,UNVERIFIED,1376272,1376259,277651,245940,https://www.transfermarkt.de/1-fsv-mainz-05/kader/verein/39/saison_id/2026/plus/1,a0ac0e0c9eb47a3776e4e43c8257aa032114b35240aadb843dc1c757a5313de7
GER1,1. FSV Mainz 05,39,Ransford Königsdörffer,470038,2001-09-13,REVIEW_REQUIRED,Missing/expired contract or unverified effective date,TRANSFER_IN,PERMANENT,1376267,1376259,275631,255036,https://www.transfermarkt.de/1-fsv-mainz-05/kader/verein/39/saison_id/2026/plus/1,a0ac0e0c9eb47a3776e4e43c8257aa032114b35240aadb843dc1c757a5313de7
GER1,1. FSV Mainz 05,39,Alynho Haidara,1392952,2008-07-26,REVIEW_REQUIRED,Identity unresolved,CONFLICT,UNVERIFIED,,1376259,,86854,https://www.transfermarkt.de/1-fsv-mainz-05/kader/verein/39/saison_id/2026/plus/1,a0ac0e0c9eb47a3776e4e43c8257aa032114b35240aadb843dc1c757a5313de7
GER1,1. FC Union Berlin,89,Matheo Raab,386685,1998-12-18,REVIEW_REQUIRED,Missing/expired contract or unverified effective date,UNCHANGED,UNVERIFIED,1376348,1376348,277774,257480,https://www.transfermarkt.de/1-fc-union-berlin/kader/verein/89/saison_id/2026/plus/1,09ae9c47f64c54ef97da615c30d6aa9ae9d953e1a3e18c00b87ea902f5a73e34
GER1,1. FC Union Berlin,89,Carl Klaus,161057,1994-01-16,REVIEW_REQUIRED,Missing/expired contract or unverified effective date,UNCHANGED,UNVERIFIED,1376348,1376348,277778,252456,https://www.transfermarkt.de/1-fc-union-berlin/kader/verein/89/saison_id/2026/plus/1,09ae9c47f64c54ef97da615c30d6aa9ae9d953e1a3e18c00b87ea902f5a73e34
GER1,1. FC Union Berlin,89,Zeno Van Den Bosch,738774,2003-07-06,REVIEW_REQUIRED,Missing/expired contract or unverified effective date,TRANSFER_IN,PERMANENT,458785,1376348,235338,260931,https://www.transfermarkt.de/1-fc-union-berlin/kader/verein/89/saison_id/2026/plus/1,09ae9c47f64c54ef97da615c30d6aa9ae9d953e1a3e18c00b87ea902f5a73e34
GER1,1. FC Union Berlin,89,Stanley Nsoki,371141,1999-04-09,REVIEW_REQUIRED,Missing/expired contract or unverified effective date,UNCHANGED,PERMANENT,1376348,1376348,277772,241941,https://www.transfermarkt.de/1-fc-union-berlin/kader/verein/89/saison_id/2026/plus/1,09ae9c47f64c54ef97da615c30d6aa9ae9d953e1a3e18c00b87ea902f5a73e34
GER1,1. FC Union Berlin,89,Marvin Friedrich,196231,1995-12-13,REVIEW_REQUIRED,Missing/expired contract or unverified effective date,TRANSFER_IN,PERMANENT,1376263,1376348,279837,222493,https://www.transfermarkt.de/1-fc-union-berlin/kader/verein/89/saison_id/2026/plus/1,09ae9c47f64c54ef97da615c30d6aa9ae9d953e1a3e18c00b87ea902f5a73e34
GER1,1. FC Union Berlin,89,Andrik Markgraf,1027870,2006-03-07,REVIEW_REQUIRED,Missing/expired contract or unverified effective date,UNCHANGED,UNVERIFIED,1376348,1376348,277781,80165,https://www.transfermarkt.de/1-fc-union-berlin/kader/verein/89/saison_id/2026/plus/1,09ae9c47f64c54ef97da615c30d6aa9ae9d953e1a3e18c00b87ea902f5a73e34
GER1,1. FC Union Berlin,89,Josip Juranovic,362977,1995-08-16,REVIEW_REQUIRED,Missing/expired contract or unverified effective date,UNCHANGED,UNVERIFIED,1376348,1376348,277758,257771,https://www.transfermarkt.de/1-fc-union-berlin/kader/verein/89/saison_id/2026/plus/1,09ae9c47f64c54ef97da615c30d6aa9ae9d953e1a3e18c00b87ea902f5a73e34
GER1,1. FC Union Berlin,89,Christopher Trimmel,75921,1987-02-24,REVIEW_REQUIRED,Installed future conditions need typed native review,UNCHANGED,UNVERIFIED,1376348,1376348,277761,193254,https://www.transfermarkt.de/1-fc-union-berlin/kader/verein/89/saison_id/2026/plus/1,09ae9c47f64c54ef97da615c30d6aa9ae9d953e1a3e18c00b87ea902f5a73e34
GER1,1. FC Union Berlin,89,Michel Aebischer,237658,1997-01-06,REVIEW_REQUIRED,Missing/expired contract or unverified effective date,TRANSFER_IN,PERMANENT,1769520,1376348,287482,236898,https://www.transfermarkt.de/1-fc-union-berlin/kader/verein/89/saison_id/2026/plus/1,09ae9c47f64c54ef97da615c30d6aa9ae9d953e1a3e18c00b87ea902f5a73e34
GER1,1. FC Union Berlin,89,Robert Skov,270393,1996-05-20,REVIEW_REQUIRED,Missing/expired contract or unverified effective date,UNCHANGED,UNVERIFIED,1376348,1376348,277759,215449,https://www.transfermarkt.de/1-fc-union-berlin/kader/verein/89/saison_id/2026/plus/1,09ae9c47f64c54ef97da615c30d6aa9ae9d953e1a3e18c00b87ea902f5a73e34
GER1,1. FC Union Berlin,89,Kastriot Imeri,469957,2000-06-27,REVIEW_REQUIRED,Missing/expired contract or unverified effective date,TRANSFER_IN,PERMANENT,3080197,1376348,194528,250766,https://www.transfermarkt.de/1-fc-union-berlin/kader/verein/89/saison_id/2026/plus/1,09ae9c47f64c54ef97da615c30d6aa9ae9d953e1a3e18c00b87ea902f5a73e34
GER1,1. FC Union Berlin,89,Livan Burcu,519872,2004-09-28,REVIEW_REQUIRED,Missing/expired contract or unverified effective date,UNCHANGED,UNVERIFIED,1376348,1376348,277777,276583,https://www.transfermarkt.de/1-fc-union-berlin/kader/verein/89/saison_id/2026/plus/1,09ae9c47f64c54ef97da615c30d6aa9ae9d953e1a3e18c00b87ea902f5a73e34
GER1,1. FC Union Berlin,89,Julien Friedrich,1033581,2006-11-12,REVIEW_REQUIRED,Missing/expired contract or unverified effective date,TRANSFER_IN,LOAN_RETURN,1378815,1376348,280168,0,https://www.transfermarkt.de/1-fc-union-berlin/kader/verein/89/saison_id/2026/plus/1,09ae9c47f64c54ef97da615c30d6aa9ae9d953e1a3e18c00b87ea902f5a73e34
GER1,1. FC Union Berlin,89,Emmanuel Latte Lath,392964,1999-01-01,REVIEW_REQUIRED,Loan: parent ownership and dates require native loan plan,LOAN_IN,LOAN,6234441,1376348,300580,237295,https://www.transfermarkt.de/1-fc-union-berlin/kader/verein/89/saison_id/2026/plus/1,09ae9c47f64c54ef97da615c30d6aa9ae9d953e1a3e18c00b87ea902f5a73e34
GER1,1. FC Union Berlin,89,Tim Skarke,287920,1996-09-07,REVIEW_REQUIRED,Missing/expired contract or unverified effective date,UNCHANGED,UNVERIFIED,1376348,1376348,277771,229286,https://www.transfermarkt.de/1-fc-union-berlin/kader/verein/89/saison_id/2026/plus/1,09ae9c47f64c54ef97da615c30d6aa9ae9d953e1a3e18c00b87ea902f5a73e34
GER1,1. FC Union Berlin,89,Mekhi Gray,1162925,2007-02-19,REVIEW_REQUIRED,Missing/expired contract or unverified effective date,UNCHANGED,PERMANENT,1376348,1376348,290008,220820,https://www.transfermarkt.de/1-fc-union-berlin/kader/verein/89/saison_id/2026/plus/1,09ae9c47f64c54ef97da615c30d6aa9ae9d953e1a3e18c00b87ea902f5a73e34
GER1,Borussia Mönchengladbach,18,Jan Olschowsky,455922,2001-11-18,REVIEW_REQUIRED,Changed club without confirmed matching transfer event,TRANSFER_IN,UNVERIFIED,1376276,1376263,272744,257273,https://www.transfermarkt.de/borussia-monchengladbach/kader/verein/18/saison_id/2026/plus/1,93aeb3d082cba6ceafd5d994cd6c62a394304bd2c6b1a3d5db6e9a807ca2f1d1
GER1,Borussia Mönchengladbach,18,Tobias Sippel,31653,1988-03-22,REVIEW_REQUIRED,Installed future conditions need typed native review,UNCHANGED,UNVERIFIED,1376263,1376263,279852,177475,https://www.transfermarkt.de/borussia-monchengladbach/kader/verein/18/saison_id/2026/plus/1,93aeb3d082cba6ceafd5d994cd6c62a394304bd2c6b1a3d5db6e9a807ca2f1d1
GER1,Borussia Mönchengladbach,18,Daiki Hashioka,387191,1999-05-17,REVIEW_REQUIRED,Loan: parent ownership and dates require native loan plan,LOAN_IN,LOAN,786441,1376263,295796,242006,https://www.transfermarkt.de/borussia-monchengladbach/kader/verein/18/saison_id/2026/plus/1,93aeb3d082cba6ceafd5d994cd6c62a394304bd2c6b1a3d5db6e9a807ca2f1d1
GER1,Borussia Mönchengladbach,18,Wael Mohya,1070979,2008-12-31,REVIEW_REQUIRED,Missing/expired contract or unverified effective date,UNCHANGED,UNVERIFIED,1376263,1376263,292082,0,https://www.transfermarkt.de/borussia-monchengladbach/kader/verein/18/saison_id/2026/plus/1,93aeb3d082cba6ceafd5d994cd6c62a394304bd2c6b1a3d5db6e9a807ca2f1d1
GER1,Borussia Mönchengladbach,18,Nicolas Kühn,336012,2000-01-01,REVIEW_REQUIRED,Loan: parent ownership and dates require native loan plan,LOAN_IN,LOAN,1769516,1376263,283726,239977,https://www.transfermarkt.de/borussia-monchengladbach/kader/verein/18/saison_id/2026/plus/1,93aeb3d082cba6ceafd5d994cd6c62a394304bd2c6b1a3d5db6e9a807ca2f1d1
GER1,Hamburger SV,41,Elias Lahti,1303450,2009-01-09,REVIEW_REQUIRED,Identity unresolved,CONFLICT,UNVERIFIED,,1376267,275707,0,https://www.transfermarkt.de/hamburger-sv/kader/verein/41/saison_id/2026/plus/1,b64691692e6ee125bc166e1e2f2766b5b1648b8f0d8bf0281ff1575f23bed386
GER1,Hamburger SV,41,Sebastiaan Bornauw,338629,1999-03-22,REVIEW_REQUIRED,Loan: parent ownership and dates require native loan plan,LOAN_IN,LOAN,917545,1376267,23829,242663,https://www.transfermarkt.de/hamburger-sv/kader/verein/41/saison_id/2026/plus/1,b64691692e6ee125bc166e1e2f2766b5b1648b8f0d8bf0281ff1575f23bed386
GER1,Hamburger SV,41,Warmed Omari,711996,2000-04-23,REVIEW_REQUIRED,Installed future conditions need typed native review,UNCHANGED,UNVERIFIED,1376267,1376267,275634,256854,https://www.transfermarkt.de/hamburger-sv/kader/verein/41/saison_id/2026/plus/1,b64691692e6ee125bc166e1e2f2766b5b1648b8f0d8bf0281ff1575f23bed386
GER1,Hamburger SV,41,David Møller Wolfe,661427,2002-04-23,REVIEW_REQUIRED,Loan: parent ownership and dates require native loan plan,LOAN_IN,LOAN,917547,1376267,23749,262135,https://www.transfermarkt.de/hamburger-sv/kader/verein/41/saison_id/2026/plus/1,b64691692e6ee125bc166e1e2f2766b5b1648b8f0d8bf0281ff1575f23bed386
GER1,Hamburger SV,41,Louis Lemke,1294853,2009-10-08,REVIEW_REQUIRED,Identity unresolved,CONFLICT,UNVERIFIED,,1376267,275699,0,https://www.transfermarkt.de/hamburger-sv/kader/verein/41/saison_id/2026/plus/1,b64691692e6ee125bc166e1e2f2766b5b1648b8f0d8bf0281ff1575f23bed386
GER1,Hamburger SV,41,Fábio Vieira,537598,2000-05-30,REVIEW_REQUIRED,Installed future conditions need typed native review,UNCHANGED,PERMANENT,1376267,1376267,275619,256958,https://www.transfermarkt.de/hamburger-sv/kader/verein/41/saison_id/2026/plus/1,b64691692e6ee125bc166e1e2f2766b5b1648b8f0d8bf0281ff1575f23bed386
GER1,Hamburger SV,41,Albert Grønbaek,503866,2001-05-23,REVIEW_REQUIRED,Installed future conditions need typed native review,TRANSFER_IN,PERMANENT,1769510,1376267,285841,256949,https://www.transfermarkt.de/hamburger-sv/kader/verein/41/saison_id/2026/plus/1,b64691692e6ee125bc166e1e2f2766b5b1648b8f0d8bf0281ff1575f23bed386
GER1,Hamburger SV,41,Otto Stange,1058520,2007-02-09,REVIEW_REQUIRED,Changed club without confirmed matching transfer event,TRANSFER_IN,UNVERIFIED,1376432,1376267,276431,279213,https://www.transfermarkt.de/hamburger-sv/kader/verein/41/saison_id/2026/plus/1,b64691692e6ee125bc166e1e2f2766b5b1648b8f0d8bf0281ff1575f23bed386
GER1,1. FC Köln,3,Jahmai Simpson-Pusey,942497,2005-11-04,REVIEW_REQUIRED,Installed future conditions need typed native review,TRANSFER_IN,PERMANENT,2752513,1376275,289228,75577,https://www.transfermarkt.de/1-fc-koln/kader/verein/3/saison_id/2026/plus/1,12a14d27346ee235b404e134f85a38d7a6bdd54c78b986e25f49d9688db94c53
GER1,1. FC Köln,3,Borna Sosa,293194,1998-01-21,REVIEW_REQUIRED,Loan: parent ownership and dates require native loan plan,LOAN_IN,LOAN,917535,1376275,265166,243388,https://www.transfermarkt.de/1-fc-koln/kader/verein/3/saison_id/2026/plus/1,12a14d27346ee235b404e134f85a38d7a6bdd54c78b986e25f49d9688db94c53
GER1,1. FC Köln,3,Tom Krauß,405687,2001-06-22,REVIEW_REQUIRED,Installed future conditions need typed native review,UNCHANGED,PERMANENT,1376275,1376275,277512,251392,https://www.transfermarkt.de/1-fc-koln/kader/verein/3/saison_id/2026/plus/1,12a14d27346ee235b404e134f85a38d7a6bdd54c78b986e25f49d9688db94c53
GER1,1. FC Köln,3,Mikey Moore,1011147,2007-08-11,REVIEW_REQUIRED,Loan: parent ownership and dates require native loan plan,LOAN_IN,LOAN,2752517,1376275,288892,72159,https://www.transfermarkt.de/1-fc-koln/kader/verein/3/saison_id/2026/plus/1,12a14d27346ee235b404e134f85a38d7a6bdd54c78b986e25f49d9688db94c53
GER1,1. FC Köln,3,Thijs Dallinga,538964,2000-08-03,REVIEW_REQUIRED,Loan: parent ownership and dates require native loan plan,LOAN_IN,LOAN,1769478,1376275,283136,252021,https://www.transfermarkt.de/1-fc-koln/kader/verein/3/saison_id/2026/plus/1,12a14d27346ee235b404e134f85a38d7a6bdd54c78b986e25f49d9688db94c53
GER1,1. FC Köln,3,Imad Rondic,464154,1999-02-16,REVIEW_REQUIRED,Installed future conditions need typed native review,TRANSFER_IN,LOAN_RETURN,2424906,1376275,148162,276735,https://www.transfermarkt.de/1-fc-koln/kader/verein/3/saison_id/2026/plus/1,12a14d27346ee235b404e134f85a38d7a6bdd54c78b986e25f49d9688db94c53
GER1,SV Werder Bremen,86,Karl Hein,493513,2002-04-13,REVIEW_REQUIRED,Installed future conditions need typed native review,UNCHANGED,PERMANENT,1376271,1376271,280796,248732,https://www.transfermarkt.de/sv-werder-bremen/kader/verein/86/saison_id/2026/plus/1,0a7e36159d0c7ffd555ab7f3ffa226b0cf286e7a1a009e2dca794bd509bbd26e
GER1,SV Werder Bremen,86,Stefan Smarkalev,1025989,2007-05-14,REVIEW_REQUIRED,Identity unresolved,CONFLICT,UNVERIFIED,,1376271,280816,79461,https://www.transfermarkt.de/sv-werder-bremen/kader/verein/86/saison_id/2026/plus/1,0a7e36159d0c7ffd555ab7f3ffa226b0cf286e7a1a009e2dca794bd509bbd26e
GER1,SV Werder Bremen,86,Niklas Stark,162434,1995-04-14,REVIEW_REQUIRED,Missing/expired contract or unverified effective date,UNCHANGED,UNVERIFIED,1376271,1376271,280794,212977,https://www.transfermarkt.de/sv-werder-bremen/kader/verein/86/saison_id/2026/plus/1,0a7e36159d0c7ffd555ab7f3ffa226b0cf286e7a1a009e2dca794bd509bbd26e
GER1,SV Werder Bremen,86,Moussa Ndiaye,649022,2002-06-18,REVIEW_REQUIRED,Loan: parent ownership and dates require native loan plan,LOAN_IN,LOAN,458766,1376271,235252,271563,https://www.transfermarkt.de/sv-werder-bremen/kader/verein/86/saison_id/2026/plus/1,0a7e36159d0c7ffd555ab7f3ffa226b0cf286e7a1a009e2dca794bd509bbd26e
GER1,SV Werder Bremen,86,Arthur,977464,2003-03-17,REVIEW_REQUIRED,DFB roster contradicts current Transfermarkt affiliation,AMBIGUOUS,LOAN,1376261,1376271,277069,275028,https://www.transfermarkt.de/sv-werder-bremen/kader/verein/86/saison_id/2026/plus/1,0a7e36159d0c7ffd555ab7f3ffa226b0cf286e7a1a009e2dca794bd509bbd26e
GER1,SV Werder Bremen,86,Youri Regeer,559324,2003-08-18,REVIEW_REQUIRED,Loan: parent ownership and dates require native loan plan,LOAN_IN,LOAN,2228227,1376271,295674,265390,https://www.transfermarkt.de/sv-werder-bremen/kader/verein/86/saison_id/2026/plus/1,0a7e36159d0c7ffd555ab7f3ffa226b0cf286e7a1a009e2dca794bd509bbd26e
GER1,SV Werder Bremen,86,Dariusz Stalmach,826795,2005-12-08,REVIEW_REQUIRED,Missing/expired contract or unverified effective date,TRANSFER_IN,PERMANENT,1376373,1376271,276326,265580,https://www.transfermarkt.de/sv-werder-bremen/kader/verein/86/saison_id/2026/plus/1,0a7e36159d0c7ffd555ab7f3ffa226b0cf286e7a1a009e2dca794bd509bbd26e
GER1,SV Werder Bremen,86,Darwin Soylu,1071244,2007-03-23,REVIEW_REQUIRED,Missing/expired contract or unverified effective date,TRANSFER_IN,PERMANENT,1376274,1376271,100029,0,https://www.transfermarkt.de/sv-werder-bremen/kader/verein/86/saison_id/2026/plus/1,0a7e36159d0c7ffd555ab7f3ffa226b0cf286e7a1a009e2dca794bd509bbd26e
GER1,SV Werder Bremen,86,Eren Dinkçi,645774,2001-12-13,REVIEW_REQUIRED,Loan: parent ownership and dates require native loan plan,LOAN_IN,LOAN,1376270,1376271,277861,258316,https://www.transfermarkt.de/sv-werder-bremen/kader/verein/86/saison_id/2026/plus/1,0a7e36159d0c7ffd555ab7f3ffa226b0cf286e7a1a009e2dca794bd509bbd26e
GER1,SV Werder Bremen,86,Paul Erevbenagie,1080555,2007-08-19,REVIEW_REQUIRED,Identity unresolved,MISSING_FROM_FM,UNVERIFIED,,1376271,,,https://www.transfermarkt.de/sv-werder-bremen/kader/verein/86/saison_id/2026/plus/1,0a7e36159d0c7ffd555ab7f3ffa226b0cf286e7a1a009e2dca794bd509bbd26e
GER1,SV Werder Bremen,86,Niclas Füllkrug,75489,1993-02-09,REVIEW_REQUIRED,Loan: parent ownership and dates require native loan plan,LOAN_IN,LOAN,917511,1376271,263481,205431,https://www.transfermarkt.de/sv-werder-bremen/kader/verein/86/saison_id/2026/plus/1,0a7e36159d0c7ffd555ab7f3ffa226b0cf286e7a1a009e2dca794bd509bbd26e
GER1,SV Werder Bremen,86,Salim Musah,1042472,2006-02-22,REVIEW_REQUIRED,Missing/expired contract or unverified effective date,UNCHANGED,UNVERIFIED,1376271,1376271,280810,79455,https://www.transfermarkt.de/sv-werder-bremen/kader/verein/86/saison_id/2026/plus/1,0a7e36159d0c7ffd555ab7f3ffa226b0cf286e7a1a009e2dca794bd509bbd26e
GER1,SV Werder Bremen,86,Dawid Kownacki,208167,1997-03-14,REVIEW_REQUIRED,Installed future conditions need typed native review,TRANSFER_IN,LOAN_RETURN,1376269,1376271,272183,221168,https://www.transfermarkt.de/sv-werder-bremen/kader/verein/86/saison_id/2026/plus/1,0a7e36159d0c7ffd555ab7f3ffa226b0cf286e7a1a009e2dca794bd509bbd26e
GER1,FC Schalke 04,33,Maximilian Wöber,263361,1998-02-04,REVIEW_REQUIRED,Installed future conditions need typed native review,TRANSFER_IN,PERMANENT,1376271,1376266,280791,231838,https://www.transfermarkt.de/fc-schalke-04/kader/verein/33/saison_id/2026/plus/1,a9ed4724b397b1d2e983c42cd58b22eee88dad2e22e96a26bd8a21ee813c34b7
GER1,FC Schalke 04,33,Robin Gosens,273132,1994-07-05,REVIEW_REQUIRED,Loan: parent ownership and dates require native loan plan,LOAN_IN,LOAN,1769492,1376266,282471,223697,https://www.transfermarkt.de/fc-schalke-04/kader/verein/33/saison_id/2026/plus/1,a9ed4724b397b1d2e983c42cd58b22eee88dad2e22e96a26bd8a21ee813c34b7
GER1,FC Schalke 04,33,Dejan Ljubicic,287188,1997-10-08,REVIEW_REQUIRED,Changed club without confirmed matching transfer event,TRANSFER_IN,UNVERIFIED,655362,1376266,263376,240916,https://www.transfermarkt.de/fc-schalke-04/kader/verein/33/saison_id/2026/plus/1,a9ed4724b397b1d2e983c42cd58b22eee88dad2e22e96a26bd8a21ee813c34b7
GER1,FC Schalke 04,33,Junior Dina Ebimbe,536482,2000-11-21,REVIEW_REQUIRED,Installed future conditions need typed native review,TRANSFER_IN,PERMANENT,1179685,1376266,291187,248573,https://www.transfermarkt.de/fc-schalke-04/kader/verein/33/saison_id/2026/plus/1,a9ed4724b397b1d2e983c42cd58b22eee88dad2e22e96a26bd8a21ee813c34b7
GER1,FC Schalke 04,33,Adil Aouchiche,569385,2002-07-15,REVIEW_REQUIRED,Changed club without confirmed matching transfer event,TRANSFER_IN,UNVERIFIED,2752524,1376266,289289,253102,https://www.transfermarkt.de/fc-schalke-04/kader/verein/33/saison_id/2026/plus/1,a9ed4724b397b1d2e983c42cd58b22eee88dad2e22e96a26bd8a21ee813c34b7
GER1,FC Schalke 04,33,Hee-chan Hwang,292246,1996-01-26,REVIEW_REQUIRED,Loan: parent ownership and dates require native loan plan,LOAN_IN,LOAN,917547,1376266,23747,226380,https://www.transfermarkt.de/fc-schalke-04/kader/verein/33/saison_id/2026/plus/1,a9ed4724b397b1d2e983c42cd58b22eee88dad2e22e96a26bd8a21ee813c34b7
GER1,FC Schalke 04,33,Edin Dzeko,28396,1986-03-17,REVIEW_REQUIRED,Changed club without confirmed matching transfer event,TRANSFER_IN,UNVERIFIED,1769492,1376266,282478,180930,https://www.transfermarkt.de/fc-schalke-04/kader/verein/33/saison_id/2026/plus/1,a9ed4724b397b1d2e983c42cd58b22eee88dad2e22e96a26bd8a21ee813c34b7
GER1,SV Elversberg,64,Lukasz Poreba,532169,2000-03-13,REVIEW_REQUIRED,Installed future conditions need typed native review,UNCHANGED,PERMANENT,1376432,1376432,276417,246301,https://www.transfermarkt.de/sv-07-elversberg/kader/verein/64/saison_id/2026/plus/1,ac54bb8cfcfed8b072f1b208573d831ba987c384a94a38fe45024bff098be56e
GER1,SV Elversberg,64,Francis Onyeka,929943,2007-04-29,REVIEW_REQUIRED,Loan: parent ownership and dates require native loan plan,LOAN_IN,LOAN,1376273,1376432,275301,70037,https://www.transfermarkt.de/sv-07-elversberg/kader/verein/64/saison_id/2026/plus/1,ac54bb8cfcfed8b072f1b208573d831ba987c384a94a38fe45024bff098be56e
GER1,SV Elversberg,64,Noah Darvich,897480,2006-09-25,REVIEW_REQUIRED,Loan: parent ownership and dates require native loan plan,LOAN_IN,LOAN,1376272,1376432,277667,275436,https://www.transfermarkt.de/sv-07-elversberg/kader/verein/64/saison_id/2026/plus/1,ac54bb8cfcfed8b072f1b208573d831ba987c384a94a38fe45024bff098be56e
GER1,SV Elversberg,64,Maurice Krattenmacher,829316,2005-08-11,REVIEW_REQUIRED,Installed future conditions need typed native review,TRANSFER_IN,PERMANENT,1376269,1376432,272192,268916,https://www.transfermarkt.de/sv-07-elversberg/kader/verein/64/saison_id/2026/plus/1,ac54bb8cfcfed8b072f1b208573d831ba987c384a94a38fe45024bff098be56e
GER1,SV Elversberg,64,Raif Adam,910538,2005-09-07,REVIEW_REQUIRED,Changed club without confirmed matching transfer event,TRANSFER_IN,UNVERIFIED,1376267,1376432,287895,247955,https://www.transfermarkt.de/sv-07-elversberg/kader/verein/64/saison_id/2026/plus/1,ac54bb8cfcfed8b072f1b208573d831ba987c384a94a38fe45024bff098be56e
GER1,SV Elversberg,64,Noel Futkeu,675535,2002-12-06,REVIEW_REQUIRED,Loan: parent ownership and dates require native loan plan,LOAN_IN,LOAN,1376288,1376432,275406,276660,https://www.transfermarkt.de/sv-07-elversberg/kader/verein/64/saison_id/2026/plus/1,ac54bb8cfcfed8b072f1b208573d831ba987c384a94a38fe45024bff098be56e
GER1,SV Elversberg,64,David Mokwa,974894,2004-05-03,REVIEW_REQUIRED,Changed club without confirmed matching transfer event,TRANSFER_IN,UNVERIFIED,1376433,1376432,280196,76133,https://www.transfermarkt.de/sv-07-elversberg/kader/verein/64/saison_id/2026/plus/1,ac54bb8cfcfed8b072f1b208573d831ba987c384a94a38fe45024bff098be56e
GER1,SC Paderborn 07,127,Nahuel Noll,600942,2003-03-17,REVIEW_REQUIRED,Loan: parent ownership and dates require native loan plan,LOAN_IN,LOAN,1376268,1376421,275750,262322,https://www.transfermarkt.de/sc-paderborn-07/kader/verein/127/saison_id/2026/plus/1,2bc1c2dc6af19cdfe4c15f929f45c9c1b3aeb6d1349fe49c0cbceca9a06d7cde
GER1,SC Paderborn 07,127,Mattes Hansen,694132,2004-05-15,REVIEW_REQUIRED,Missing/expired contract or unverified effective date,UNCHANGED,UNVERIFIED,1376421,1376421,275862,276371,https://www.transfermarkt.de/sc-paderborn-07/kader/verein/127/saison_id/2026/plus/1,2bc1c2dc6af19cdfe4c15f929f45c9c1b3aeb6d1349fe49c0cbceca9a06d7cde
GER1,SC Paderborn 07,127,Tjark Scheller,509650,2002-01-12,REVIEW_REQUIRED,Missing/expired contract or unverified effective date,UNCHANGED,UNVERIFIED,1376421,1376421,275866,278178,https://www.transfermarkt.de/sc-paderborn-07/kader/verein/127/saison_id/2026/plus/1,2bc1c2dc6af19cdfe4c15f929f45c9c1b3aeb6d1349fe49c0cbceca9a06d7cde
GER1,SC Paderborn 07,127,Jano ter Horst,606113,2002-06-19,REVIEW_REQUIRED,Missing/expired contract or unverified effective date,TRANSFER_IN,PERMANENT,1376419,1376421,276088,276287,https://www.transfermarkt.de/sc-paderborn-07/kader/verein/127/saison_id/2026/plus/1,2bc1c2dc6af19cdfe4c15f929f45c9c1b3aeb6d1349fe49c0cbceca9a06d7cde
GER1,SC Paderborn 07,127,Tristan Zobel,798091,2003-10-04,REVIEW_REQUIRED,Installed future conditions need typed native review,TRANSFER_IN,LOAN_RETURN,1376277,1376421,272675,77764,https://www.transfermarkt.de/sc-paderborn-07/kader/verein/127/saison_id/2026/plus/1,2bc1c2dc6af19cdfe4c15f929f45c9c1b3aeb6d1349fe49c0cbceca9a06d7cde
GER1,SC Paderborn 07,127,Laurin Ulrich,717465,2005-01-31,REVIEW_REQUIRED,Loan: parent ownership and dates require native loan plan,LOAN_IN,LOAN,1376373,1376421,276313,270901,https://www.transfermarkt.de/sc-paderborn-07/kader/verein/127/saison_id/2026/plus/1,2bc1c2dc6af19cdfe4c15f929f45c9c1b3aeb6d1349fe49c0cbceca9a06d7cde
GER1,SC Paderborn 07,127,Sebastian Klaas,378424,1998-06-30,REVIEW_REQUIRED,Missing/expired contract or unverified effective date,UNCHANGED,UNVERIFIED,1376421,1376421,275867,239925,https://www.transfermarkt.de/sc-paderborn-07/kader/verein/127/saison_id/2026/plus/1,2bc1c2dc6af19cdfe4c15f929f45c9c1b3aeb6d1349fe49c0cbceca9a06d7cde
GER1,SC Paderborn 07,127,Luka Duric,685484,2003-06-18,REVIEW_REQUIRED,"Unique identity, dated current roster and valid contract chronology; transfer event required for club change; existing native contract end retained because current source end is missing",TRANSFER_IN,PERMANENT,1376433,1376421,,0,https://www.transfermarkt.de/sc-paderborn-07/kader/verein/127/saison_id/2026/plus/1,2bc1c2dc6af19cdfe4c15f929f45c9c1b3aeb6d1349fe49c0cbceca9a06d7cde
GER1,SC Paderborn 07,127,Laurin Curda,516978,2001-10-30,REVIEW_REQUIRED,Missing/expired contract or unverified effective date,UNCHANGED,UNVERIFIED,1376421,1376421,275865,276367,https://www.transfermarkt.de/sc-paderborn-07/kader/verein/127/saison_id/2026/plus/1,2bc1c2dc6af19cdfe4c15f929f45c9c1b3aeb6d1349fe49c0cbceca9a06d7cde
GER1,SC Paderborn 07,127,Clemens Lippmann,1148887,2006-06-29,REVIEW_REQUIRED,Missing/expired contract or unverified effective date,TRANSFER_IN,PERMANENT,1376291,1376421,269699,76291,https://www.transfermarkt.de/sc-paderborn-07/kader/verein/127/saison_id/2026/plus/1,2bc1c2dc6af19cdfe4c15f929f45c9c1b3aeb6d1349fe49c0cbceca9a06d7cde
GER1,SC Paderborn 07,127,Deniz Zeitler,1108022,2006-12-13,REVIEW_REQUIRED,Loan: parent ownership and dates require native loan plan,LOAN_IN,LOAN,1376433,1376421,280198,279116,https://www.transfermarkt.de/sc-paderborn-07/kader/verein/127/saison_id/2026/plus/1,2bc1c2dc6af19cdfe4c15f929f45c9c1b3aeb6d1349fe49c0cbceca9a06d7cde
GER1,SC Paderborn 07,127,Oliver Batista Meier,406614,2001-02-16,REVIEW_REQUIRED,Missing/expired contract or unverified effective date,TRANSFER_IN,PERMANENT,1376419,1376421,276085,244024,https://www.transfermarkt.de/sc-paderborn-07/kader/verein/127/saison_id/2026/plus/1,2bc1c2dc6af19cdfe4c15f929f45c9c1b3aeb6d1349fe49c0cbceca9a06d7cde
GER1,SC Paderborn 07,127,Albert Millgramm,814986,2004-11-12,REVIEW_REQUIRED,Missing/expired contract or unverified effective date,TRANSFER_IN,PERMANENT,1376373,1376421,288558,0,https://www.transfermarkt.de/sc-paderborn-07/kader/verein/127/saison_id/2026/plus/1,2bc1c2dc6af19cdfe4c15f929f45c9c1b3aeb6d1349fe49c0cbceca9a06d7cde
GER1,SC Paderborn 07,127,Rayan Philippe,694507,2000-10-23,REVIEW_REQUIRED,Loan: parent ownership and dates require native loan plan,LOAN_IN,LOAN,1376267,1376421,275632,251961,https://www.transfermarkt.de/sc-paderborn-07/kader/verein/127/saison_id/2026/plus/1,2bc1c2dc6af19cdfe4c15f929f45c9c1b3aeb6d1349fe49c0cbceca9a06d7cde
GER2,VfL Wolfsburg,82,Jonas Adjetey,734676,2003-12-13,REVIEW_REQUIRED,Changed club without confirmed matching transfer event,TRANSFER_IN,UNVERIFIED,3080195,1376274,295337,276634,https://www.transfermarkt.de/vfl-wolfsburg/kader/verein/82/saison_id/2026/plus/1,0d671e8b1f26fd27a90d4507455627094aa5ed12d9869e4c7dc8c2b2573eb1ef
GER2,VfL Wolfsburg,82,Cleiton,943237,2003-04-25,REVIEW_REQUIRED,Changed club without confirmed matching transfer event,TRANSFER_IN,UNVERIFIED,3538947,1376274,232087,0,https://www.transfermarkt.de/vfl-wolfsburg/kader/verein/82/saison_id/2026/plus/1,0d671e8b1f26fd27a90d4507455627094aa5ed12d9869e4c7dc8c2b2573eb1ef
GER2,VfL Wolfsburg,82,Saël Kumbedi,951579,2005-03-26,REVIEW_REQUIRED,Installed future conditions need typed native review,UNCHANGED,UNVERIFIED,1376274,1376274,100008,268312,https://www.transfermarkt.de/vfl-wolfsburg/kader/verein/82/saison_id/2026/plus/1,0d671e8b1f26fd27a90d4507455627094aa5ed12d9869e4c7dc8c2b2573eb1ef
GER2,VfL Wolfsburg,82,Aster Vranckx,503881,2002-10-04,REVIEW_REQUIRED,Installed future conditions need typed native review,TRANSFER_IN,LOAN_RETURN,1769542,1376274,287365,252027,https://www.transfermarkt.de/vfl-wolfsburg/kader/verein/82/saison_id/2026/plus/1,0d671e8b1f26fd27a90d4507455627094aa5ed12d9869e4c7dc8c2b2573eb1ef
GER2,VfL Wolfsburg,82,Yannick Gerhardt,119277,1994-03-13,REVIEW_REQUIRED,Missing/expired contract or unverified effective date,UNCHANGED,UNVERIFIED,1376274,1376274,100000,212245,https://www.transfermarkt.de/vfl-wolfsburg/kader/verein/82/saison_id/2026/plus/1,0d671e8b1f26fd27a90d4507455627094aa5ed12d9869e4c7dc8c2b2573eb1ef
GER2,VfL Wolfsburg,82,Alessio Besio,659278,2004-03-18,REVIEW_REQUIRED,Installed future conditions need typed native review,TRANSFER_IN,PERMANENT,1376406,1376274,271443,263748,https://www.transfermarkt.de/vfl-wolfsburg/kader/verein/82/saison_id/2026/plus/1,0d671e8b1f26fd27a90d4507455627094aa5ed12d9869e4c7dc8c2b2573eb1ef
GER2,VfL Wolfsburg,82,Trevor Benedict,1029413,2007-04-04,REVIEW_REQUIRED,Missing/expired contract or unverified effective date,UNCHANGED,PERMANENT,1376274,1376274,100015,0,https://www.transfermarkt.de/vfl-wolfsburg/kader/verein/82/saison_id/2026/plus/1,0d671e8b1f26fd27a90d4507455627094aa5ed12d9869e4c7dc8c2b2573eb1ef
GER2,VfL Wolfsburg,82,Alexander Bernhardsson,633454,1998-09-08,REVIEW_REQUIRED,DFB roster contradicts current Transfermarkt affiliation,AMBIGUOUS,PERMANENT,1376418,1376274,100085,255459,https://www.transfermarkt.de/vfl-wolfsburg/kader/verein/82/saison_id/2026/plus/1,0d671e8b1f26fd27a90d4507455627094aa5ed12d9869e4c7dc8c2b2573eb1ef
GER2,VfL Wolfsburg,82,Kento Shiogai,1144627,2005-03-26,REVIEW_REQUIRED,Changed club without confirmed matching transfer event,TRANSFER_IN,UNVERIFIED,2228235,1376274,293908,74879,https://www.transfermarkt.de/vfl-wolfsburg/kader/verein/82/saison_id/2026/plus/1,0d671e8b1f26fd27a90d4507455627094aa5ed12d9869e4c7dc8c2b2573eb1ef
GER2,1. FC Heidenheim 1846,2036,Christian Conteh,530298,1999-08-27,REVIEW_REQUIRED,Changed club without confirmed matching transfer event,TRANSFER_IN,UNVERIFIED,1376426,1376302,275171,248765,https://www.transfermarkt.de/1-fc-heidenheim-1846/kader/verein/2036/saison_id/2026/plus/1,36e24e4c10d034372cc86f2815daf3eafd1f3551697053d3716bf14e8bbbab12
GER2,1. FC Heidenheim 1846,2036,Alessandro Vogt,987770,2005-02-03,REVIEW_REQUIRED,Loan: parent ownership and dates require native loan plan,LOAN_IN,LOAN,3080196,1376302,194128,75654,https://www.transfermarkt.de/1-fc-heidenheim-1846/kader/verein/2036/saison_id/2026/plus/1,36e24e4c10d034372cc86f2815daf3eafd1f3551697053d3716bf14e8bbbab12
GER2,1. FC Heidenheim 1846,2036,Maximilian Breunig,584254,2000-08-14,REVIEW_REQUIRED,Installed future conditions need typed native review,TRANSFER_IN,LOAN_RETURN,1376373,1376302,276307,243537,https://www.transfermarkt.de/1-fc-heidenheim-1846/kader/verein/2036/saison_id/2026/plus/1,36e24e4c10d034372cc86f2815daf3eafd1f3551697053d3716bf14e8bbbab12
GER2,FC St. Pauli,35,Tomoya Ando,610795,1999-01-10,REVIEW_REQUIRED,Missing/expired contract or unverified effective date,TRANSFER_IN,UNVERIFIED,10682387,1376425,55395,0,https://www.transfermarkt.de/fc-st-pauli/kader/verein/35/saison_id/2026/plus/1,cb3581752f3910c559c9f42a6cbb09551a6187c6a88b14cfcc35019d0c02bc47
GER2,FC St. Pauli,35,David Nemeth,451906,2001-03-18,REVIEW_REQUIRED,Missing/expired contract or unverified effective date,UNCHANGED,UNVERIFIED,1376425,1376425,277275,252317,https://www.transfermarkt.de/fc-st-pauli/kader/verein/35/saison_id/2026/plus/1,cb3581752f3910c559c9f42a6cbb09551a6187c6a88b14cfcc35019d0c02bc47
GER2,FC St. Pauli,35,Marcus Mathisen,268216,1996-02-27,REVIEW_REQUIRED,Missing/expired contract or unverified effective date,TRANSFER_IN,PERMANENT,1376373,1376425,276299,228757,https://www.transfermarkt.de/fc-st-pauli/kader/verein/35/saison_id/2026/plus/1,cb3581752f3910c559c9f42a6cbb09551a6187c6a88b14cfcc35019d0c02bc47
GER2,FC St. Pauli,35,Lars Ritzka,333903,1998-05-07,REVIEW_REQUIRED,Missing/expired contract or unverified effective date,UNCHANGED,UNVERIFIED,1376425,1376425,277279,237884,https://www.transfermarkt.de/fc-st-pauli/kader/verein/35/saison_id/2026/plus/1,cb3581752f3910c559c9f42a6cbb09551a6187c6a88b14cfcc35019d0c02bc47
GER2,FC St. Pauli,35,Gísli Thórdarson,825960,2004-09-12,REVIEW_REQUIRED,Loan: parent ownership and dates require native loan plan,LOAN_IN,LOAN,2424836,1376425,148093,76294,https://www.transfermarkt.de/fc-st-pauli/kader/verein/35/saison_id/2026/plus/1,cb3581752f3910c559c9f42a6cbb09551a6187c6a88b14cfcc35019d0c02bc47
GER2,FC St. Pauli,35,Marwin Schmitz,1003534,2007-01-07,REVIEW_REQUIRED,Missing/expired contract or unverified effective date,UNCHANGED,UNVERIFIED,1376425,1376425,277290,75476,https://www.transfermarkt.de/fc-st-pauli/kader/verein/35/saison_id/2026/plus/1,cb3581752f3910c559c9f42a6cbb09551a6187c6a88b14cfcc35019d0c02bc47
GER2,FC St. Pauli,35,Mathias Rasmussen,268327,1997-11-25,REVIEW_REQUIRED,Changed club without confirmed matching transfer event,TRANSFER_IN,UNVERIFIED,458780,1376425,234988,225266,https://www.transfermarkt.de/fc-st-pauli/kader/verein/35/saison_id/2026/plus/1,cb3581752f3910c559c9f42a6cbb09551a6187c6a88b14cfcc35019d0c02bc47
GER2,FC St. Pauli,35,Nick Schmidt,1152232,2007-09-12,REVIEW_REQUIRED,Missing/expired contract or unverified effective date,UNCHANGED,UNVERIFIED,1376425,1376425,277294,80734,https://www.transfermarkt.de/fc-st-pauli/kader/verein/35/saison_id/2026/plus/1,cb3581752f3910c559c9f42a6cbb09551a6187c6a88b14cfcc35019d0c02bc47
GER2,FC St. Pauli,35,Branimir Hrgota,171209,1993-01-12,REVIEW_REQUIRED,Missing/expired contract or unverified effective date,TRANSFER_IN,PERMANENT,1376288,1376425,275403,209504,https://www.transfermarkt.de/fc-st-pauli/kader/verein/35/saison_id/2026/plus/1,cb3581752f3910c559c9f42a6cbb09551a6187c6a88b14cfcc35019d0c02bc47
GER2,FC St. Pauli,35,Youssoupha Niang,944331,2006-03-25,REVIEW_REQUIRED,Loan: parent ownership and dates require native loan plan,LOAN_IN,LOAN,1376275,1376425,289754,235312,https://www.transfermarkt.de/fc-st-pauli/kader/verein/35/saison_id/2026/plus/1,cb3581752f3910c559c9f42a6cbb09551a6187c6a88b14cfcc35019d0c02bc47
GER2,FC St. Pauli,35,Scott Banks,596821,2001-09-26,REVIEW_REQUIRED,Missing/expired contract or unverified effective date,TRANSFER_IN,LOAN_RETURN,917566,1376425,257159,255312,https://www.transfermarkt.de/fc-st-pauli/kader/verein/35/saison_id/2026/plus/1,cb3581752f3910c559c9f42a6cbb09551a6187c6a88b14cfcc35019d0c02bc47
GER2,FC St. Pauli,35,Taichi Hara,495752,1999-05-05,REVIEW_REQUIRED,Missing/expired contract or unverified effective date,TRANSFER_IN,UNVERIFIED,10682386,1376425,55474,244089,https://www.transfermarkt.de/fc-st-pauli/kader/verein/35/saison_id/2026/plus/1,cb3581752f3910c559c9f42a6cbb09551a6187c6a88b14cfcc35019d0c02bc47
GER2,Hannover 96,42,Joschua Siewert,1307411,2009-05-24,REVIEW_REQUIRED,Identity unresolved,CONFLICT,UNVERIFIED,,1376268,,,https://www.transfermarkt.de/hannover-96/kader/verein/42/saison_id/2026/plus/1,1215cddc874fab7e50402cb82ad6c5ca92f8ced09d37a9d8569043058176a32f
GER2,Hannover 96,42,Noah Engelbreth,908951,2005-06-12,REVIEW_REQUIRED,Identity unresolved,CONFLICT,UNVERIFIED,,1376268,275767,0,https://www.transfermarkt.de/hannover-96/kader/verein/42/saison_id/2026/plus/1,1215cddc874fab7e50402cb82ad6c5ca92f8ced09d37a9d8569043058176a32f
GER2,Hannover 96,42,Mwisho Mhango,1465501,2007-09-15,REVIEW_REQUIRED,Installed future conditions need typed native review,UNCHANGED,UNVERIFIED,1376268,1376268,287977,212267,https://www.transfermarkt.de/hannover-96/kader/verein/42/saison_id/2026/plus/1,1215cddc874fab7e50402cb82ad6c5ca92f8ced09d37a9d8569043058176a32f
GER2,Hannover 96,42,Karl Steinmann,907082,2005-12-13,REVIEW_REQUIRED,Loan: parent ownership and dates require native loan plan,LOAN_IN,LOAN,1376270,1376268,290146,80776,https://www.transfermarkt.de/hannover-96/kader/verein/42/saison_id/2026/plus/1,1215cddc874fab7e50402cb82ad6c5ca92f8ced09d37a9d8569043058176a32f
GER2,Hannover 96,42,Lars Gindorf,455932,2001-08-13,REVIEW_REQUIRED,Installed future conditions need typed native review,TRANSFER_IN,LOAN_RETURN,1376276,1376268,272745,71297,https://www.transfermarkt.de/hannover-96/kader/verein/42/saison_id/2026/plus/1,1215cddc874fab7e50402cb82ad6c5ca92f8ced09d37a9d8569043058176a32f
GER2,Hannover 96,42,Taycan Kurt,1201298,2008-05-18,REVIEW_REQUIRED,Identity unresolved,CONFLICT,UNVERIFIED,,1376268,275784,80308,https://www.transfermarkt.de/hannover-96/kader/verein/42/saison_id/2026/plus/1,1215cddc874fab7e50402cb82ad6c5ca92f8ced09d37a9d8569043058176a32f
GER2,Hannover 96,42,Emir Sahiti,403177,1998-11-29,REVIEW_REQUIRED,DFB roster contradicts current Transfermarkt affiliation,AMBIGUOUS,PERMANENT,1376267,1376268,275639,263056,https://www.transfermarkt.de/hannover-96/kader/verein/42/saison_id/2026/plus/1,1215cddc874fab7e50402cb82ad6c5ca92f8ced09d37a9d8569043058176a32f
GER2,SV Darmstadt 98,105,Marcel Schuhen,93651,1993-01-13,REVIEW_REQUIRED,Missing/expired contract or unverified effective date,UNCHANGED,UNVERIFIED,1376442,1376442,275505,209987,https://www.transfermarkt.de/sv-darmstadt-98/kader/verein/105/saison_id/2026/plus/1,807e79c80e44c91b1d4926d0fb6534a3276b98489473cc35d4238a5a660a95f9
GER2,SV Darmstadt 98,105,Benedikt Börner,1008242,2006-04-10,REVIEW_REQUIRED,Missing/expired contract or unverified effective date,UNCHANGED,UNVERIFIED,1376442,1376442,275532,80162,https://www.transfermarkt.de/sv-darmstadt-98/kader/verein/105/saison_id/2026/plus/1,807e79c80e44c91b1d4926d0fb6534a3276b98489473cc35d4238a5a660a95f9
GER2,SV Darmstadt 98,105,Patric Pfeiffer,391742,1999-08-20,REVIEW_REQUIRED,Missing/expired contract or unverified effective date,UNCHANGED,UNVERIFIED,1376442,1376442,275509,241590,https://www.transfermarkt.de/sv-darmstadt-98/kader/verein/105/saison_id/2026/plus/1,807e79c80e44c91b1d4926d0fb6534a3276b98489473cc35d4238a5a660a95f9
GER2,SV Darmstadt 98,105,Aleksandar Vukotic,398851,1995-07-22,REVIEW_REQUIRED,Missing/expired contract or unverified effective date,UNCHANGED,UNVERIFIED,1376442,1376442,275508,243628,https://www.transfermarkt.de/sv-darmstadt-98/kader/verein/105/saison_id/2026/plus/1,807e79c80e44c91b1d4926d0fb6534a3276b98489473cc35d4238a5a660a95f9
GER2,SV Darmstadt 98,105,Yannik Lührs,627356,2003-09-09,REVIEW_REQUIRED,Missing/expired contract or unverified effective date,TRANSFER_IN,PERMANENT,1376433,1376442,280197,272896,https://www.transfermarkt.de/sv-darmstadt-98/kader/verein/105/saison_id/2026/plus/1,807e79c80e44c91b1d4926d0fb6534a3276b98489473cc35d4238a5a660a95f9
GER2,SV Darmstadt 98,105,Raoul Petretta,243878,1997-03-24,REVIEW_REQUIRED,Missing/expired contract or unverified effective date,TRANSFER_IN,UNVERIFIED,6225954,1376442,300802,237642,https://www.transfermarkt.de/sv-darmstadt-98/kader/verein/105/saison_id/2026/plus/1,807e79c80e44c91b1d4926d0fb6534a3276b98489473cc35d4238a5a660a95f9
GER2,SV Darmstadt 98,105,Florian Kleinhansl,448027,2000-08-11,REVIEW_REQUIRED,Missing/expired contract or unverified effective date,TRANSFER_IN,PERMANENT,1376257,1376442,276591,263089,https://www.transfermarkt.de/sv-darmstadt-98/kader/verein/105/saison_id/2026/plus/1,807e79c80e44c91b1d4926d0fb6534a3276b98489473cc35d4238a5a660a95f9
GER2,SV Darmstadt 98,105,William Mikelbrencis,743500,2004-02-25,REVIEW_REQUIRED,Missing/expired contract or unverified effective date,TRANSFER_IN,PERMANENT,1376267,1376442,275646,262045,https://www.transfermarkt.de/sv-darmstadt-98/kader/verein/105/saison_id/2026/plus/1,807e79c80e44c91b1d4926d0fb6534a3276b98489473cc35d4238a5a660a95f9
GER2,SV Darmstadt 98,105,Matthias Bader,237162,1997-06-17,REVIEW_REQUIRED,Missing/expired contract or unverified effective date,UNCHANGED,UNVERIFIED,1376442,1376442,275513,225692,https://www.transfermarkt.de/sv-darmstadt-98/kader/verein/105/saison_id/2026/plus/1,807e79c80e44c91b1d4926d0fb6534a3276b98489473cc35d4238a5a660a95f9
GER2,SV Darmstadt 98,105,Hiroki Akiyama,627533,2000-12-09,REVIEW_REQUIRED,Missing/expired contract or unverified effective date,UNCHANGED,PERMANENT,1376442,1376442,275514,79746,https://www.transfermarkt.de/sv-darmstadt-98/kader/verein/105/saison_id/2026/plus/1,807e79c80e44c91b1d4926d0fb6534a3276b98489473cc35d4238a5a660a95f9
GER2,SV Darmstadt 98,105,Kai Klefisch,332624,1999-12-03,REVIEW_REQUIRED,Missing/expired contract or unverified effective date,UNCHANGED,UNVERIFIED,1376442,1376442,275507,251373,https://www.transfermarkt.de/sv-darmstadt-98/kader/verein/105/saison_id/2026/plus/1,807e79c80e44c91b1d4926d0fb6534a3276b98489473cc35d4238a5a660a95f9
GER2,SV Darmstadt 98,105,Merveille Papela,405689,2001-01-18,REVIEW_REQUIRED,Missing/expired contract or unverified effective date,UNCHANGED,UNVERIFIED,1376442,1376442,275521,253475,https://www.transfermarkt.de/sv-darmstadt-98/kader/verein/105/saison_id/2026/plus/1,807e79c80e44c91b1d4926d0fb6534a3276b98489473cc35d4238a5a660a95f9
GER2,SV Darmstadt 98,105,Marco Richter,279009,1997-11-24,REVIEW_REQUIRED,Identity or chronology review,MISSING_FROM_FM,UNVERIFIED,,1376442,,,https://www.transfermarkt.de/sv-darmstadt-98/kader/verein/105/saison_id/2026/plus/1,807e79c80e44c91b1d4926d0fb6534a3276b98489473cc35d4238a5a660a95f9
GER2,SV Darmstadt 98,105,Lars Kehl,527278,2002-04-08,REVIEW_REQUIRED,Missing/expired contract or unverified effective date,TRANSFER_IN,PERMANENT,1376420,1376442,272306,263025,https://www.transfermarkt.de/sv-darmstadt-98/kader/verein/105/saison_id/2026/plus/1,807e79c80e44c91b1d4926d0fb6534a3276b98489473cc35d4238a5a660a95f9
GER2,SV Darmstadt 98,105,Nicolas Verkooijen,1024747,2006-12-05,REVIEW_REQUIRED,Missing/expired contract or unverified effective date,TRANSFER_IN,PERMANENT,2228236,1376442,304019,0,https://www.transfermarkt.de/sv-darmstadt-98/kader/verein/105/saison_id/2026/plus/1,807e79c80e44c91b1d4926d0fb6534a3276b98489473cc35d4238a5a660a95f9
GER2,SV Darmstadt 98,105,Luca Marseiler,339057,1997-02-18,REVIEW_REQUIRED,Missing/expired contract or unverified effective date,UNCHANGED,UNVERIFIED,1376442,1376442,275519,240156,https://www.transfermarkt.de/sv-darmstadt-98/kader/verein/105/saison_id/2026/plus/1,807e79c80e44c91b1d4926d0fb6534a3276b98489473cc35d4238a5a660a95f9
GER2,SV Darmstadt 98,105,Yosuke Furukawa,957535,2003-07-16,REVIEW_REQUIRED,Missing/expired contract or unverified effective date,UNCHANGED,UNVERIFIED,1376442,1376442,275527,265797,https://www.transfermarkt.de/sv-darmstadt-98/kader/verein/105/saison_id/2026/plus/1,807e79c80e44c91b1d4926d0fb6534a3276b98489473cc35d4238a5a660a95f9
GER2,SV Darmstadt 98,105,Noah Weißhaupt,392163,2001-09-20,REVIEW_REQUIRED,Installed future conditions need typed native review,TRANSFER_IN,PERMANENT,2424837,1376442,148339,262672,https://www.transfermarkt.de/sv-darmstadt-98/kader/verein/105/saison_id/2026/plus/1,807e79c80e44c91b1d4926d0fb6534a3276b98489473cc35d4238a5a660a95f9
GER2,SV Darmstadt 98,105,Milan Smit,703772,2003-02-13,REVIEW_REQUIRED,Loan: parent ownership and dates require native loan plan,LOAN_IN,LOAN,2228248,1376442,294395,268820,https://www.transfermarkt.de/sv-darmstadt-98/kader/verein/105/saison_id/2026/plus/1,807e79c80e44c91b1d4926d0fb6534a3276b98489473cc35d4238a5a660a95f9
GER2,1. FC Kaiserslautern,2,Enis Kamga,1144518,2007-07-08,REVIEW_REQUIRED,Missing/expired contract or unverified effective date,UNCHANGED,UNVERIFIED,1376257,1376257,276608,79737,https://www.transfermarkt.de/1-fc-kaiserslautern/kader/verein/2/saison_id/2026/plus/1,f57ab040dd8126f8fe2d4d84bbf8f3d5dee76ffc0d0c490223335ff120a69dd1
GER2,1. FC Kaiserslautern,2,Yannick Onohiol,1037925,2004-08-21,REVIEW_REQUIRED,Missing/expired contract or unverified effective date,TRANSFER_IN,PERMANENT,1376433,1376257,292439,268753,https://www.transfermarkt.de/1-fc-kaiserslautern/kader/verein/2/saison_id/2026/plus/1,f57ab040dd8126f8fe2d4d84bbf8f3d5dee76ffc0d0c490223335ff120a69dd1
GER2,1. FC Kaiserslautern,2,Kelven Frees,934529,2005-02-03,REVIEW_REQUIRED,Loan: parent ownership and dates require native loan plan,LOAN_IN,LOAN,1376433,1376257,280209,78436,https://www.transfermarkt.de/1-fc-kaiserslautern/kader/verein/2/saison_id/2026/plus/1,f57ab040dd8126f8fe2d4d84bbf8f3d5dee76ffc0d0c490223335ff120a69dd1
GER2,1. FC Kaiserslautern,2,Alex Murphy,900601,2004-06-25,REVIEW_REQUIRED,Loan: parent ownership and dates require native loan plan,LOAN_IN,LOAN,917523,1376257,23423,270617,https://www.transfermarkt.de/1-fc-kaiserslautern/kader/verein/2/saison_id/2026/plus/1,f57ab040dd8126f8fe2d4d84bbf8f3d5dee76ffc0d0c490223335ff120a69dd1
GER2,1. FC Kaiserslautern,2,Paul Joly,806168,2000-06-07,REVIEW_REQUIRED,Installed future conditions need typed native review,UNCHANGED,PERMANENT,1376257,1376257,276582,263417,https://www.transfermarkt.de/1-fc-kaiserslautern/kader/verein/2/saison_id/2026/plus/1,f57ab040dd8126f8fe2d4d84bbf8f3d5dee76ffc0d0c490223335ff120a69dd1
GER2,1. FC Kaiserslautern,2,Leon Robinson,521142,2001-07-11,REVIEW_REQUIRED,Missing/expired contract or unverified effective date,UNCHANGED,UNVERIFIED,1376257,1376257,276605,73136,https://www.transfermarkt.de/1-fc-kaiserslautern/kader/verein/2/saison_id/2026/plus/1,f57ab040dd8126f8fe2d4d84bbf8f3d5dee76ffc0d0c490223335ff120a69dd1
GER2,1. FC Kaiserslautern,2,David Schramm,932375,2006-06-28,REVIEW_REQUIRED,Missing/expired contract or unverified effective date,UNCHANGED,PERMANENT,1376257,1376257,288838,261456,https://www.transfermarkt.de/1-fc-kaiserslautern/kader/verein/2/saison_id/2026/plus/1,f57ab040dd8126f8fe2d4d84bbf8f3d5dee76ffc0d0c490223335ff120a69dd1
GER2,1. FC Kaiserslautern,2,Mário Sauer,710885,2004-05-15,REVIEW_REQUIRED,Loan: parent ownership and dates require native loan plan,LOAN_IN,LOAN,1179657,1376257,291081,79390,https://www.transfermarkt.de/1-fc-kaiserslautern/kader/verein/2/saison_id/2026/plus/1,f57ab040dd8126f8fe2d4d84bbf8f3d5dee76ffc0d0c490223335ff120a69dd1
GER2,1. FC Kaiserslautern,2,Dion Hofmeister,1290366,2009-07-11,REVIEW_REQUIRED,Missing/expired contract or unverified effective date,UNCHANGED,UNVERIFIED,1376257,1376257,288828,77043,https://www.transfermarkt.de/1-fc-kaiserslautern/kader/verein/2/saison_id/2026/plus/1,f57ab040dd8126f8fe2d4d84bbf8f3d5dee76ffc0d0c490223335ff120a69dd1
GER2,1. FC Kaiserslautern,2,Kian Scheer,1144522,2007-06-30,REVIEW_REQUIRED,Missing/expired contract or unverified effective date,UNCHANGED,PERMANENT,1376257,1376257,288829,204269,https://www.transfermarkt.de/1-fc-kaiserslautern/kader/verein/2/saison_id/2026/plus/1,f57ab040dd8126f8fe2d4d84bbf8f3d5dee76ffc0d0c490223335ff120a69dd1
GER2,1. FC Kaiserslautern,2,Marlon Ritter,151636,1994-10-15,REVIEW_REQUIRED,Missing/expired contract or unverified effective date,UNCHANGED,UNVERIFIED,1376257,1376257,276586,223755,https://www.transfermarkt.de/1-fc-kaiserslautern/kader/verein/2/saison_id/2026/plus/1,f57ab040dd8126f8fe2d4d84bbf8f3d5dee76ffc0d0c490223335ff120a69dd1
GER2,1. FC Kaiserslautern,2,Ibrahim Kanaté,1132628,2006-10-23,REVIEW_REQUIRED,Loan: parent ownership and dates require native loan plan,LOAN_IN,LOAN,458766,1376257,235273,0,https://www.transfermarkt.de/1-fc-kaiserslautern/kader/verein/2/saison_id/2026/plus/1,f57ab040dd8126f8fe2d4d84bbf8f3d5dee76ffc0d0c490223335ff120a69dd1
GER2,1. FC Kaiserslautern,2,Thierry Tazemeta,790434,2007-07-27,REVIEW_REQUIRED,Missing/expired contract or unverified effective date,TRANSFER_IN,PERMANENT,1376262,1376257,289659,0,https://www.transfermarkt.de/1-fc-kaiserslautern/kader/verein/2/saison_id/2026/plus/1,f57ab040dd8126f8fe2d4d84bbf8f3d5dee76ffc0d0c490223335ff120a69dd1
GER2,1. FC Kaiserslautern,2,Erik Müller,1144523,2006-06-11,REVIEW_REQUIRED,Missing/expired contract or unverified effective date,UNCHANGED,PERMANENT,1376257,1376257,288852,0,https://www.transfermarkt.de/1-fc-kaiserslautern/kader/verein/2/saison_id/2026/plus/1,f57ab040dd8126f8fe2d4d84bbf8f3d5dee76ffc0d0c490223335ff120a69dd1
GER2,1. FC Kaiserslautern,2,Milos Lukovic,845872,2005-11-18,REVIEW_REQUIRED,Loan: parent ownership and dates require native loan plan,LOAN_IN,LOAN,2949165,1376257,284173,69992,https://www.transfermarkt.de/1-fc-kaiserslautern/kader/verein/2/saison_id/2026/plus/1,f57ab040dd8126f8fe2d4d84bbf8f3d5dee76ffc0d0c490223335ff120a69dd1
GER2,1. FC Kaiserslautern,2,Erencan Yardımcı,618898,2002-02-04,REVIEW_REQUIRED,Loan: parent ownership and dates require native loan plan,LOAN_IN,LOAN,1376426,1376257,275167,252846,https://www.transfermarkt.de/1-fc-kaiserslautern/kader/verein/2/saison_id/2026/plus/1,f57ab040dd8126f8fe2d4d84bbf8f3d5dee76ffc0d0c490223335ff120a69dd1
GER2,Hertha BSC,44,Jerome Diallo,1379283,2009-06-13,REVIEW_REQUIRED,Identity unresolved,CONFLICT,UNVERIFIED,,1376269,272266,0,https://www.transfermarkt.de/hertha-bsc/kader/verein/44/saison_id/2026/plus/1,ef58d9277a7c8472efef0e1196d30918a7a6beed8d2cadd9f3cdca341e9a64b2
GER2,Hertha BSC,44,Mayson Grothe,1228839,2009-01-21,REVIEW_REQUIRED,Identity unresolved,CONFLICT,UNVERIFIED,,1376269,272269,0,https://www.transfermarkt.de/hertha-bsc/kader/verein/44/saison_id/2026/plus/1,ef58d9277a7c8472efef0e1196d30918a7a6beed8d2cadd9f3cdca341e9a64b2
GER2,Hertha BSC,44,Boris Mamuzah Lum,1067659,2007-10-02,REVIEW_REQUIRED,Missing/expired contract or unverified effective date,UNCHANGED,UNVERIFIED,1376269,1376269,272206,75212,https://www.transfermarkt.de/hertha-bsc/kader/verein/44/saison_id/2026/plus/1,ef58d9277a7c8472efef0e1196d30918a7a6beed8d2cadd9f3cdca341e9a64b2
GER2,Hertha BSC,44,Kian Todorovic,1045444,2007-04-18,REVIEW_REQUIRED,Identity unresolved,CONFLICT,UNVERIFIED,,1376269,272246,0,https://www.transfermarkt.de/hertha-bsc/kader/verein/44/saison_id/2026/plus/1,ef58d9277a7c8472efef0e1196d30918a7a6beed8d2cadd9f3cdca341e9a64b2
GER2,Hertha BSC,44,Oluwaseun Adewumi,982081,2005-02-23,REVIEW_REQUIRED,Loan: parent ownership and dates require native loan plan,LOAN_IN,LOAN,458755,1376269,236118,74864,https://www.transfermarkt.de/hertha-bsc/kader/verein/44/saison_id/2026/plus/1,ef58d9277a7c8472efef0e1196d30918a7a6beed8d2cadd9f3cdca341e9a64b2
GER2,Hertha BSC,44,Farid Alfa-Ruprecht,897402,2006-03-28,REVIEW_REQUIRED,Loan: parent ownership and dates require native loan plan,LOAN_IN,LOAN,1376273,1376269,275304,80163,https://www.transfermarkt.de/hertha-bsc/kader/verein/44/saison_id/2026/plus/1,ef58d9277a7c8472efef0e1196d30918a7a6beed8d2cadd9f3cdca341e9a64b2
GER2,Hertha BSC,44,Jelani Ndi,1062715,2007-08-04,REVIEW_REQUIRED,Missing/expired contract or unverified effective date,UNCHANGED,PERMANENT,1376269,1376269,284397,0,https://www.transfermarkt.de/hertha-bsc/kader/verein/44/saison_id/2026/plus/1,ef58d9277a7c8472efef0e1196d30918a7a6beed8d2cadd9f3cdca341e9a64b2
GER2,Hertha BSC,44,Gustaf Nilsson,320440,1997-05-23,REVIEW_REQUIRED,Loan: parent ownership and dates require native loan plan,LOAN_IN,LOAN,458756,1376269,235061,223933,https://www.transfermarkt.de/hertha-bsc/kader/verein/44/saison_id/2026/plus/1,ef58d9277a7c8472efef0e1196d30918a7a6beed8d2cadd9f3cdca341e9a64b2
GER2,Hertha BSC,44,Niklas Hildebrandt,1163050,2008-07-08,REVIEW_REQUIRED,Identity unresolved,CONFLICT,UNVERIFIED,,1376269,272230,0,https://www.transfermarkt.de/hertha-bsc/kader/verein/44/saison_id/2026/plus/1,ef58d9277a7c8472efef0e1196d30918a7a6beed8d2cadd9f3cdca341e9a64b2
GER2,1. FC Nürnberg,4,Robin Lisewski,884818,2006-02-13,REVIEW_REQUIRED,Missing/expired contract or unverified effective date,UNCHANGED,UNVERIFIED,1376258,1376258,274331,77838,https://www.transfermarkt.de/1-fc-nurnberg/kader/verein/4/saison_id/2026/plus/1,1d02eebfb6b905a4b771fed6091258b15847c4bfb1b6d4bd643980220ba21ebd
GER2,1. FC Nürnberg,4,Nicolas Ortegel,666167,2004-01-07,REVIEW_REQUIRED,Installed future conditions need typed native review,TRANSFER_IN,LOAN_RETURN,1376358,1376258,269516,274989,https://www.transfermarkt.de/1-fc-nurnberg/kader/verein/4/saison_id/2026/plus/1,1d02eebfb6b905a4b771fed6091258b15847c4bfb1b6d4bd643980220ba21ebd
GER2,1. FC Nürnberg,4,Mikayil Faye,666974,2004-07-14,REVIEW_REQUIRED,Loan: parent ownership and dates require native loan plan,LOAN_IN,LOAN,1769525,1376258,288251,277118,https://www.transfermarkt.de/1-fc-nurnberg/kader/verein/4/saison_id/2026/plus/1,1d02eebfb6b905a4b771fed6091258b15847c4bfb1b6d4bd643980220ba21ebd
GER2,1. FC Nürnberg,4,Fynn Otto,529198,2002-03-08,REVIEW_REQUIRED,Missing/expired contract or unverified effective date,TRANSFER_IN,PERMANENT,1376406,1376258,271442,257081,https://www.transfermarkt.de/1-fc-nurnberg/kader/verein/4/saison_id/2026/plus/1,1d02eebfb6b905a4b771fed6091258b15847c4bfb1b6d4bd643980220ba21ebd
GER2,1. FC Nürnberg,4,Kristian Mandic,1116267,2007-10-02,REVIEW_REQUIRED,Identity unresolved,CONFLICT,UNVERIFIED,,1376258,274335,79264,https://www.transfermarkt.de/1-fc-nurnberg/kader/verein/4/saison_id/2026/plus/1,1d02eebfb6b905a4b771fed6091258b15847c4bfb1b6d4bd643980220ba21ebd
GER2,1. FC Nürnberg,4,Eric Porstner,1152976,2007-05-09,REVIEW_REQUIRED,Missing/expired contract or unverified effective date,UNCHANGED,UNVERIFIED,1376258,1376258,274337,78541,https://www.transfermarkt.de/1-fc-nurnberg/kader/verein/4/saison_id/2026/plus/1,1d02eebfb6b905a4b771fed6091258b15847c4bfb1b6d4bd643980220ba21ebd
GER2,1. FC Nürnberg,4,Andrea Ceresoli,567475,2003-03-25,REVIEW_REQUIRED,Installed future conditions need typed native review,TRANSFER_IN,PERMANENT,1769570,1376258,118337,74343,https://www.transfermarkt.de/1-fc-nurnberg/kader/verein/4/saison_id/2026/plus/1,1d02eebfb6b905a4b771fed6091258b15847c4bfb1b6d4bd643980220ba21ebd
GER2,1. FC Nürnberg,4,Giannis Masouras,295780,1996-08-24,REVIEW_REQUIRED,Missing/expired contract or unverified effective date,TRANSFER_IN,PERMANENT,720903,1376258,6319,244344,https://www.transfermarkt.de/1-fc-nurnberg/kader/verein/4/saison_id/2026/plus/1,1d02eebfb6b905a4b771fed6091258b15847c4bfb1b6d4bd643980220ba21ebd
GER2,1. FC Nürnberg,4,Marc Kornwachs Barjuan,1361782,2009-02-21,REVIEW_REQUIRED,Identity unresolved,CONFLICT,UNVERIFIED,,1376258,274346,0,https://www.transfermarkt.de/1-fc-nurnberg/kader/verein/4/saison_id/2026/plus/1,1d02eebfb6b905a4b771fed6091258b15847c4bfb1b6d4bd643980220ba21ebd
GER2,1. FC Nürnberg,4,Javier Fernández,937952,2006-11-28,REVIEW_REQUIRED,Loan: parent ownership and dates require native loan plan,LOAN_IN,UNVERIFIED,1376264,1376258,289049,0,https://www.transfermarkt.de/1-fc-nurnberg/kader/verein/4/saison_id/2026/plus/1,1d02eebfb6b905a4b771fed6091258b15847c4bfb1b6d4bd643980220ba21ebd
GER2,1. FC Nürnberg,4,Marko Soldic,1361784,2010-01-06,REVIEW_REQUIRED,Identity unresolved,CONFLICT,UNVERIFIED,,1376258,274395,0,https://www.transfermarkt.de/1-fc-nurnberg/kader/verein/4/saison_id/2026/plus/1,1d02eebfb6b905a4b771fed6091258b15847c4bfb1b6d4bd643980220ba21ebd
GER2,1. FC Nürnberg,4,William Bøving,610400,2003-03-01,REVIEW_REQUIRED,Loan: parent ownership and dates require native loan plan,LOAN_IN,LOAN,1376259,1376258,280312,256127,https://www.transfermarkt.de/1-fc-nurnberg/kader/verein/4/saison_id/2026/plus/1,1d02eebfb6b905a4b771fed6091258b15847c4bfb1b6d4bd643980220ba21ebd
GER2,VfL Bochum 1848,80,Oliver Olsen,400542,2000-08-13,REVIEW_REQUIRED,Changed club without confirmed matching transfer event,TRANSFER_IN,UNVERIFIED,851970,1376273,285382,244471,https://www.transfermarkt.de/vfl-bochum/kader/verein/80/saison_id/2026/plus/1,46a6a42e333b793b20bad6d9e1b77f42c8ca39e91c8c69a2bf0dbb6aa5adc64a
GER2,VfL Bochum 1848,80,Enis Cokaj,644244,1999-02-23,REVIEW_REQUIRED,Installed future conditions need typed native review,TRANSFER_IN,PERMANENT,1441882,1376273,105007,271833,https://www.transfermarkt.de/vfl-bochum/kader/verein/80/saison_id/2026/plus/1,46a6a42e333b793b20bad6d9e1b77f42c8ca39e91c8c69a2bf0dbb6aa5adc64a
GER2,VfL Bochum 1848,80,Charlie Patiño,581674,2003-10-17,REVIEW_REQUIRED,Loan: parent ownership and dates require native loan plan,LOAN_IN,LOAN,2949127,1376273,289888,260144,https://www.transfermarkt.de/vfl-bochum/kader/verein/80/saison_id/2026/plus/1,46a6a42e333b793b20bad6d9e1b77f42c8ca39e91c8c69a2bf0dbb6aa5adc64a
GER2,VfL Bochum 1848,80,Jarne Steuckers,707159,2002-02-04,REVIEW_REQUIRED,Loan: parent ownership and dates require native loan plan,LOAN_IN,LOAN,458768,1376273,235155,260570,https://www.transfermarkt.de/vfl-bochum/kader/verein/80/saison_id/2026/plus/1,46a6a42e333b793b20bad6d9e1b77f42c8ca39e91c8c69a2bf0dbb6aa5adc64a
GER2,VfL Bochum 1848,80,Mansour Ouro-Tagba,705020,2004-12-17,REVIEW_REQUIRED,Installed future conditions need typed native review,TRANSFER_IN,PERMANENT,1376272,1376273,277678,275274,https://www.transfermarkt.de/vfl-bochum/kader/verein/80/saison_id/2026/plus/1,46a6a42e333b793b20bad6d9e1b77f42c8ca39e91c8c69a2bf0dbb6aa5adc64a
GER2,Karlsruher SC,48,Hans Christian Bernat,400535,2000-11-13,REVIEW_REQUIRED,Missing/expired contract or unverified effective date,UNCHANGED,UNVERIFIED,1376283,1376283,276187,246240,https://www.transfermarkt.de/karlsruher-sc/kader/verein/48/saison_id/2026/plus/1,502be878e53560db93a5e23bc70c24b09c8a3f9aa264941d3a29a99a7083b789
GER2,Karlsruher SC,48,Robin Himmelmann,53116,1989-02-05,REVIEW_REQUIRED,Missing/expired contract or unverified effective date,UNCHANGED,UNVERIFIED,1376283,1376283,276200,208679,https://www.transfermarkt.de/karlsruher-sc/kader/verein/48/saison_id/2026/plus/1,502be878e53560db93a5e23bc70c24b09c8a3f9aa264941d3a29a99a7083b789
GER2,Karlsruher SC,48,Ferdinand Gebert,960834,2006-04-05,REVIEW_REQUIRED,Missing/expired contract or unverified effective date,TRANSFER_IN,PERMANENT,1376560,1376283,104917,233388,https://www.transfermarkt.de/karlsruher-sc/kader/verein/48/saison_id/2026/plus/1,502be878e53560db93a5e23bc70c24b09c8a3f9aa264941d3a29a99a7083b789
GER2,Karlsruher SC,48,Héliton,676115,1995-11-13,REVIEW_REQUIRED,Missing/expired contract or unverified effective date,TRANSFER_IN,PERMANENT,3145820,1376283,200015,72887,https://www.transfermarkt.de/karlsruher-sc/kader/verein/48/saison_id/2026/plus/1,502be878e53560db93a5e23bc70c24b09c8a3f9aa264941d3a29a99a7083b789
GER2,Karlsruher SC,48,Paul Scholl,897426,2006-07-23,REVIEW_REQUIRED,Missing/expired contract or unverified effective date,UNCHANGED,PERMANENT,1376283,1376283,276203,79269,https://www.transfermarkt.de/karlsruher-sc/kader/verein/48/saison_id/2026/plus/1,502be878e53560db93a5e23bc70c24b09c8a3f9aa264941d3a29a99a7083b789
GER2,Karlsruher SC,48,Christoph Kobald,307509,1997-08-18,REVIEW_REQUIRED,Missing/expired contract or unverified effective date,UNCHANGED,UNVERIFIED,1376283,1376283,276196,244491,https://www.transfermarkt.de/karlsruher-sc/kader/verein/48/saison_id/2026/plus/1,502be878e53560db93a5e23bc70c24b09c8a3f9aa264941d3a29a99a7083b789
GER2,Karlsruher SC,48,Marcel Franke,152435,1993-04-05,REVIEW_REQUIRED,Missing/expired contract or unverified effective date,UNCHANGED,UNVERIFIED,1376283,1376283,276185,203161,https://www.transfermarkt.de/karlsruher-sc/kader/verein/48/saison_id/2026/plus/1,502be878e53560db93a5e23bc70c24b09c8a3f9aa264941d3a29a99a7083b789
GER2,Karlsruher SC,48,Sandro Trémoulet,796897,1999-11-18,REVIEW_REQUIRED,Missing/expired contract or unverified effective date,TRANSFER_IN,PERMANENT,3346467,1376283,269921,270210,https://www.transfermarkt.de/karlsruher-sc/kader/verein/48/saison_id/2026/plus/1,502be878e53560db93a5e23bc70c24b09c8a3f9aa264941d3a29a99a7083b789
GER2,Karlsruher SC,48,Deniz Ofli,1081907,2007-03-29,REVIEW_REQUIRED,Loan: parent ownership and dates require native loan plan,LOAN_IN,LOAN,1376264,1376283,276856,0,https://www.transfermarkt.de/karlsruher-sc/kader/verein/48/saison_id/2026/plus/1,502be878e53560db93a5e23bc70c24b09c8a3f9aa264941d3a29a99a7083b789
GER2,Karlsruher SC,48,Viktor Bergh,459022,1999-07-26,REVIEW_REQUIRED,Missing/expired contract or unverified effective date,TRANSFER_IN,PERMANENT,1376265,1376283,100209,272891,https://www.transfermarkt.de/karlsruher-sc/kader/verein/48/saison_id/2026/plus/1,502be878e53560db93a5e23bc70c24b09c8a3f9aa264941d3a29a99a7083b789
GER2,Karlsruher SC,48,Rafael Pinto Pedrosa,1085900,2007-09-30,REVIEW_REQUIRED,Missing/expired contract or unverified effective date,UNCHANGED,UNVERIFIED,1376283,1376283,276201,72128,https://www.transfermarkt.de/karlsruher-sc/kader/verein/48/saison_id/2026/plus/1,502be878e53560db93a5e23bc70c24b09c8a3f9aa264941d3a29a99a7083b789
GER2,Karlsruher SC,48,Hyeok-kyu Kwon,550957,2001-03-13,REVIEW_REQUIRED,Missing/expired contract or unverified effective date,TRANSFER_IN,UNVERIFIED,1179650,1376283,291769,253202,https://www.transfermarkt.de/karlsruher-sc/kader/verein/48/saison_id/2026/plus/1,502be878e53560db93a5e23bc70c24b09c8a3f9aa264941d3a29a99a7083b789
GER2,Karlsruher SC,48,Santeri Väänänen,564621,2002-01-01,REVIEW_REQUIRED,Missing/expired contract or unverified effective date,TRANSFER_IN,PERMANENT,2359305,1376283,142430,246757,https://www.transfermarkt.de/karlsruher-sc/kader/verein/48/saison_id/2026/plus/1,502be878e53560db93a5e23bc70c24b09c8a3f9aa264941d3a29a99a7083b789
GER2,Karlsruher SC,48,Marvin Wanitzek,119581,1993-05-07,REVIEW_REQUIRED,Installed future conditions need typed native review,UNCHANGED,UNVERIFIED,1376283,1376283,276184,228245,https://www.transfermarkt.de/karlsruher-sc/kader/verein/48/saison_id/2026/plus/1,502be878e53560db93a5e23bc70c24b09c8a3f9aa264941d3a29a99a7083b789
GER2,Karlsruher SC,48,Kevin Wiethaup,917255,2005-08-06,REVIEW_REQUIRED,Missing/expired contract or unverified effective date,TRANSFER_IN,PERMANENT,1376420,1376283,272328,268652,https://www.transfermarkt.de/karlsruher-sc/kader/verein/48/saison_id/2026/plus/1,502be878e53560db93a5e23bc70c24b09c8a3f9aa264941d3a29a99a7083b789
GER2,Karlsruher SC,48,Tim Civeja,588747,2002-01-04,REVIEW_REQUIRED,Missing/expired contract or unverified effective date,TRANSFER_IN,PERMANENT,1376287,1376283,273633,260014,https://www.transfermarkt.de/karlsruher-sc/kader/verein/48/saison_id/2026/plus/1,502be878e53560db93a5e23bc70c24b09c8a3f9aa264941d3a29a99a7083b789
GER2,Karlsruher SC,48,Noel Eichinger,675921,2001-08-02,REVIEW_REQUIRED,Missing/expired contract or unverified effective date,TRANSFER_IN,PERMANENT,1376436,1376283,271154,270514,https://www.transfermarkt.de/karlsruher-sc/kader/verein/48/saison_id/2026/plus/1,502be878e53560db93a5e23bc70c24b09c8a3f9aa264941d3a29a99a7083b789
GER2,Karlsruher SC,48,Jason Ponente-Ramirez,1141053,2007-02-02,REVIEW_REQUIRED,Missing/expired contract or unverified effective date,TRANSFER_IN,PERMANENT,1376275,1376283,289776,263677,https://www.transfermarkt.de/karlsruher-sc/kader/verein/48/saison_id/2026/plus/1,502be878e53560db93a5e23bc70c24b09c8a3f9aa264941d3a29a99a7083b789
GER2,Karlsruher SC,48,Louey Ben Farhat,1045852,2006-07-19,REVIEW_REQUIRED,Loan: parent ownership and dates require native loan plan,LOAN_IN,LOAN,1376283,1376283,276197,71474,https://www.transfermarkt.de/karlsruher-sc/kader/verein/48/saison_id/2026/plus/1,502be878e53560db93a5e23bc70c24b09c8a3f9aa264941d3a29a99a7083b789
GER2,Karlsruher SC,48,Shio Fukuda,1073997,2004-04-08,REVIEW_REQUIRED,Missing/expired contract or unverified effective date,UNCHANGED,PERMANENT,1376283,1376283,276199,70149,https://www.transfermarkt.de/karlsruher-sc/kader/verein/48/saison_id/2026/plus/1,502be878e53560db93a5e23bc70c24b09c8a3f9aa264941d3a29a99a7083b789
GER2,Karlsruher SC,48,Eymen Laghrissi,1163670,2008-06-04,REVIEW_REQUIRED,Identity unresolved,CONFLICT,UNVERIFIED,,1376283,276210,81846,https://www.transfermarkt.de/karlsruher-sc/kader/verein/48/saison_id/2026/plus/1,502be878e53560db93a5e23bc70c24b09c8a3f9aa264941d3a29a99a7083b789
GER2,Karlsruher SC,48,Moritz Broschinski,406973,2000-09-23,REVIEW_REQUIRED,Loan: parent ownership and dates require native loan plan,LOAN_IN,LOAN,3080195,1376283,295334,243960,https://www.transfermarkt.de/karlsruher-sc/kader/verein/48/saison_id/2026/plus/1,502be878e53560db93a5e23bc70c24b09c8a3f9aa264941d3a29a99a7083b789
GER2,SG Dynamo Dresden,129,Lennart Grill,309397,1999-01-25,REVIEW_REQUIRED,Missing/expired contract or unverified effective date,UNCHANGED,UNVERIFIED,1376278,1376278,274797,236613,https://www.transfermarkt.de/sg-dynamo-dresden/kader/verein/129/saison_id/2026/plus/1,e7de409708fb7109444d4f9163d9959ec24a63b876d33dbfb1a3f2afff6bb65f
GER2,SG Dynamo Dresden,129,Daniel Mesenhöler,150080,1995-07-24,REVIEW_REQUIRED,Missing/expired contract or unverified effective date,UNCHANGED,UNVERIFIED,1376278,1376278,274804,222484,https://www.transfermarkt.de/sg-dynamo-dresden/kader/verein/129/saison_id/2026/plus/1,e7de409708fb7109444d4f9163d9959ec24a63b876d33dbfb1a3f2afff6bb65f
GER2,SG Dynamo Dresden,129,Friedrich Müller,921485,2006-02-14,REVIEW_REQUIRED,Missing/expired contract or unverified effective date,UNCHANGED,UNVERIFIED,1376278,1376278,287001,0,https://www.transfermarkt.de/sg-dynamo-dresden/kader/verein/129/saison_id/2026/plus/1,e7de409708fb7109444d4f9163d9959ec24a63b876d33dbfb1a3f2afff6bb65f
GER2,SG Dynamo Dresden,129,Ahmet Muhamedbegovic,271323,1998-10-30,REVIEW_REQUIRED,Missing/expired contract or unverified effective date,TRANSFER_IN,PERMANENT,2883604,1376278,260010,236976,https://www.transfermarkt.de/sg-dynamo-dresden/kader/verein/129/saison_id/2026/plus/1,e7de409708fb7109444d4f9163d9959ec24a63b876d33dbfb1a3f2afff6bb65f
GER2,SG Dynamo Dresden,129,Till Neininger,1070022,2007-04-03,REVIEW_REQUIRED,Loan: parent ownership and dates require native loan plan,LOAN_IN,LOAN,1376274,1376278,100013,74562,https://www.transfermarkt.de/sg-dynamo-dresden/kader/verein/129/saison_id/2026/plus/1,e7de409708fb7109444d4f9163d9959ec24a63b876d33dbfb1a3f2afff6bb65f
GER2,SG Dynamo Dresden,129,Brooklyn Ezeh,521474,2001-06-23,REVIEW_REQUIRED,Missing/expired contract or unverified effective date,TRANSFER_IN,PERMANENT,1376268,1376278,275760,262117,https://www.transfermarkt.de/sg-dynamo-dresden/kader/verein/129/saison_id/2026/plus/1,e7de409708fb7109444d4f9163d9959ec24a63b876d33dbfb1a3f2afff6bb65f
GER2,SG Dynamo Dresden,129,Simon Straudi,379879,1999-01-27,REVIEW_REQUIRED,Missing/expired contract or unverified effective date,TRANSFER_IN,PERMANENT,1376280,1376278,273077,248823,https://www.transfermarkt.de/sg-dynamo-dresden/kader/verein/129/saison_id/2026/plus/1,e7de409708fb7109444d4f9163d9959ec24a63b876d33dbfb1a3f2afff6bb65f
GER2,SG Dynamo Dresden,129,Robert Wagner,690429,2003-07-14,REVIEW_REQUIRED,Missing/expired contract or unverified effective date,TRANSFER_IN,PERMANENT,1376418,1376278,100093,263076,https://www.transfermarkt.de/sg-dynamo-dresden/kader/verein/129/saison_id/2026/plus/1,e7de409708fb7109444d4f9163d9959ec24a63b876d33dbfb1a3f2afff6bb65f
GER2,SG Dynamo Dresden,129,Tobias Raschl,384745,2000-02-21,REVIEW_REQUIRED,Missing/expired contract or unverified effective date,TRANSFER_IN,PERMANENT,1376257,1376278,276593,247721,https://www.transfermarkt.de/sg-dynamo-dresden/kader/verein/129/saison_id/2026/plus/1,e7de409708fb7109444d4f9163d9959ec24a63b876d33dbfb1a3f2afff6bb65f
GER2,SG Dynamo Dresden,129,Luca Herrmann,296372,1999-02-20,REVIEW_REQUIRED,Missing/expired contract or unverified effective date,UNCHANGED,UNVERIFIED,1376278,1376278,274793,262667,https://www.transfermarkt.de/sg-dynamo-dresden/kader/verein/129/saison_id/2026/plus/1,e7de409708fb7109444d4f9163d9959ec24a63b876d33dbfb1a3f2afff6bb65f
GER2,SG Dynamo Dresden,129,Patrice Covic,1114155,2007-06-25,REVIEW_REQUIRED,DFB roster contradicts current Transfermarkt affiliation,AMBIGUOUS,LOAN,1376271,1376278,280808,76111,https://www.transfermarkt.de/sg-dynamo-dresden/kader/verein/129/saison_id/2026/plus/1,e7de409708fb7109444d4f9163d9959ec24a63b876d33dbfb1a3f2afff6bb65f
GER2,SG Dynamo Dresden,129,Quentin Enold,1149111,2008-02-22,REVIEW_REQUIRED,Missing/expired contract or unverified effective date,UNCHANGED,PERMANENT,1376278,1376278,287014,0,https://www.transfermarkt.de/sg-dynamo-dresden/kader/verein/129/saison_id/2026/plus/1,e7de409708fb7109444d4f9163d9959ec24a63b876d33dbfb1a3f2afff6bb65f
GER2,SG Dynamo Dresden,129,Jakob Lemmer,453324,2000-04-26,REVIEW_REQUIRED,Missing/expired contract or unverified effective date,UNCHANGED,UNVERIFIED,1376278,1376278,274787,273114,https://www.transfermarkt.de/sg-dynamo-dresden/kader/verein/129/saison_id/2026/plus/1,e7de409708fb7109444d4f9163d9959ec24a63b876d33dbfb1a3f2afff6bb65f
GER2,SG Dynamo Dresden,129,Kennedy Okpala,1104418,2004-12-17,REVIEW_REQUIRED,DFB roster contradicts current Transfermarkt affiliation,AMBIGUOUS,LOAN,1376301,1376278,272084,274999,https://www.transfermarkt.de/sg-dynamo-dresden/kader/verein/129/saison_id/2026/plus/1,e7de409708fb7109444d4f9163d9959ec24a63b876d33dbfb1a3f2afff6bb65f
GER2,SG Dynamo Dresden,129,Vincent Vermeij,273054,1994-08-09,REVIEW_REQUIRED,Missing/expired contract or unverified effective date,UNCHANGED,UNVERIFIED,1376278,1376278,274786,216823,https://www.transfermarkt.de/sg-dynamo-dresden/kader/verein/129/saison_id/2026/plus/1,e7de409708fb7109444d4f9163d9959ec24a63b876d33dbfb1a3f2afff6bb65f
GER2,Holstein Kiel,269,Marcel Engelhardt,124080,1993-04-05,REVIEW_REQUIRED,Missing/expired contract or unverified effective date,UNCHANGED,UNVERIFIED,1376418,1376418,100108,228935,https://www.transfermarkt.de/holstein-kiel/kader/verein/269/saison_id/2026/plus/1,a21383144033c3b6f3673ba9e2f837be3941ac96cf75125b24654477c6bc1716
GER2,Holstein Kiel,269,Caspar Medlin,1147141,2007-03-13,REVIEW_REQUIRED,Missing/expired contract or unverified effective date,UNCHANGED,PERMANENT,1376418,1376418,104500,177326,https://www.transfermarkt.de/holstein-kiel/kader/verein/269/saison_id/2026/plus/1,a21383144033c3b6f3673ba9e2f837be3941ac96cf75125b24654477c6bc1716
GER2,Holstein Kiel,269,Niko Takahashi,834465,2005-08-17,REVIEW_REQUIRED,Loan: parent ownership and dates require native loan plan,LOAN_IN,LOAN,10682373,1376418,57755,0,https://www.transfermarkt.de/holstein-kiel/kader/verein/269/saison_id/2026/plus/1,a21383144033c3b6f3673ba9e2f837be3941ac96cf75125b24654477c6bc1716
GER2,Holstein Kiel,269,Lasse Rosenboom,512352,2002-01-19,REVIEW_REQUIRED,Missing/expired contract or unverified effective date,UNCHANGED,UNVERIFIED,1376418,1376418,100097,275754,https://www.transfermarkt.de/holstein-kiel/kader/verein/269/saison_id/2026/plus/1,a21383144033c3b6f3673ba9e2f837be3941ac96cf75125b24654477c6bc1716
GER2,Holstein Kiel,269,Hiroki Sekine,1137808,2002-08-11,REVIEW_REQUIRED,Loan: parent ownership and dates require native loan plan,LOAN_IN,LOAN,1179686,1376418,272582,76449,https://www.transfermarkt.de/holstein-kiel/kader/verein/269/saison_id/2026/plus/1,a21383144033c3b6f3673ba9e2f837be3941ac96cf75125b24654477c6bc1716
GER2,Holstein Kiel,269,Taisei Abe,814489,2004-06-07,REVIEW_REQUIRED,Loan: parent ownership and dates require native loan plan,LOAN_IN,LOAN,3080207,1376418,193911,80094,https://www.transfermarkt.de/holstein-kiel/kader/verein/269/saison_id/2026/plus/1,a21383144033c3b6f3673ba9e2f837be3941ac96cf75125b24654477c6bc1716
GER2,Holstein Kiel,269,Guillermo Balzi,896234,2001-07-23,REVIEW_REQUIRED,Installed future conditions need typed native review,TRANSFER_IN,PERMANENT,1441882,1376418,105000,263436,https://www.transfermarkt.de/holstein-kiel/kader/verein/269/saison_id/2026/plus/1,a21383144033c3b6f3673ba9e2f837be3941ac96cf75125b24654477c6bc1716
GER2,Holstein Kiel,269,Gyan de Regt,747243,2003-08-18,REVIEW_REQUIRED,Identity unresolved,CONFLICT,UNVERIFIED,,1376418,295910,266010,https://www.transfermarkt.de/holstein-kiel/kader/verein/269/saison_id/2026/plus/1,a21383144033c3b6f3673ba9e2f837be3941ac96cf75125b24654477c6bc1716
GER2,Holstein Kiel,269,Phil Harres,606119,2002-03-25,REVIEW_REQUIRED,Missing/expired contract or unverified effective date,UNCHANGED,UNVERIFIED,1376418,1376418,100090,262946,https://www.transfermarkt.de/holstein-kiel/kader/verein/269/saison_id/2026/plus/1,a21383144033c3b6f3673ba9e2f837be3941ac96cf75125b24654477c6bc1716
GER2,DSC Arminia Bielefeld,10,Philip Hildesheim,825572,2005-02-09,REVIEW_REQUIRED,Identity unresolved,CONFLICT,UNVERIFIED,,1376260,276003,80859,https://www.transfermarkt.de/arminia-bielefeld/kader/verein/10/saison_id/2026/plus/1,6bf7304bb5b98268f93279c205b7358b904316470f2c43947fcad0ff2680d083
GER2,DSC Arminia Bielefeld,10,Leon Schneider,356325,2000-06-19,REVIEW_REQUIRED,Missing/expired contract or unverified effective date,UNCHANGED,UNVERIFIED,1376260,1376260,275981,243959,https://www.transfermarkt.de/arminia-bielefeld/kader/verein/10/saison_id/2026/plus/1,6bf7304bb5b98268f93279c205b7358b904316470f2c43947fcad0ff2680d083
GER2,DSC Arminia Bielefeld,10,Tim Handwerker,284177,1998-05-19,REVIEW_REQUIRED,Missing/expired contract or unverified effective date,UNCHANGED,UNVERIFIED,1376260,1376260,275975,239571,https://www.transfermarkt.de/arminia-bielefeld/kader/verein/10/saison_id/2026/plus/1,6bf7304bb5b98268f93279c205b7358b904316470f2c43947fcad0ff2680d083
GER2,DSC Arminia Bielefeld,10,Henri Koudossou,515624,1999-09-03,REVIEW_REQUIRED,Missing/expired contract or unverified effective date,TRANSFER_IN,PERMANENT,1376258,1376260,274314,270012,https://www.transfermarkt.de/arminia-bielefeld/kader/verein/10/saison_id/2026/plus/1,6bf7304bb5b98268f93279c205b7358b904316470f2c43947fcad0ff2680d083
GER2,DSC Arminia Bielefeld,10,Eyyüb Yasar,1259900,2008-01-21,REVIEW_REQUIRED,Missing/expired contract or unverified effective date,UNCHANGED,UNVERIFIED,1376260,1376260,276026,0,https://www.transfermarkt.de/arminia-bielefeld/kader/verein/10/saison_id/2026/plus/1,6bf7304bb5b98268f93279c205b7358b904316470f2c43947fcad0ff2680d083
GER2,DSC Arminia Bielefeld,10,Marvin Mehlem,237226,1997-09-11,REVIEW_REQUIRED,Missing/expired contract or unverified effective date,UNCHANGED,UNVERIFIED,1376260,1376260,275974,227978,https://www.transfermarkt.de/arminia-bielefeld/kader/verein/10/saison_id/2026/plus/1,6bf7304bb5b98268f93279c205b7358b904316470f2c43947fcad0ff2680d083
GER2,DSC Arminia Bielefeld,10,Benjamin Boakye,800988,2005-03-07,REVIEW_REQUIRED,Missing/expired contract or unverified effective date,UNCHANGED,UNVERIFIED,1376260,1376260,275985,72420,https://www.transfermarkt.de/arminia-bielefeld/kader/verein/10/saison_id/2026/plus/1,6bf7304bb5b98268f93279c205b7358b904316470f2c43947fcad0ff2680d083
GER2,DSC Arminia Bielefeld,10,Monju Momuluh,605242,2002-02-18,REVIEW_REQUIRED,Missing/expired contract or unverified effective date,UNCHANGED,UNVERIFIED,1376260,1376260,275984,272660,https://www.transfermarkt.de/arminia-bielefeld/kader/verein/10/saison_id/2026/plus/1,6bf7304bb5b98268f93279c205b7358b904316470f2c43947fcad0ff2680d083
GER2,DSC Arminia Bielefeld,10,David Min,604813,1999-06-23,REVIEW_REQUIRED,Loan: parent ownership and dates require native loan plan,LOAN_IN,LOAN,2228241,1376260,294887,257959,https://www.transfermarkt.de/arminia-bielefeld/kader/verein/10/saison_id/2026/plus/1,6bf7304bb5b98268f93279c205b7358b904316470f2c43947fcad0ff2680d083
GER2,DSC Arminia Bielefeld,10,Joel Grodowski,503854,1997-11-30,REVIEW_REQUIRED,Missing/expired contract or unverified effective date,UNCHANGED,UNVERIFIED,1376260,1376260,275979,240814,https://www.transfermarkt.de/arminia-bielefeld/kader/verein/10/saison_id/2026/plus/1,6bf7304bb5b98268f93279c205b7358b904316470f2c43947fcad0ff2680d083
GER2,1. FC Magdeburg,187,Noah Kruth,818246,2003-06-24,REVIEW_REQUIRED,Missing/expired contract or unverified effective date,UNCHANGED,UNVERIFIED,1376373,1376373,276328,264208,https://www.transfermarkt.de/1-fc-magdeburg/kader/verein/187/saison_id/2026/plus/1,d0ff31a4349276164899e3293cd9c2c30e400169104ef2ece40cfdb9b3d70c93
GER2,1. FC Magdeburg,187,Robert Kampa,1023784,2005-02-13,REVIEW_REQUIRED,Missing/expired contract or unverified effective date,UNCHANGED,UNVERIFIED,1376373,1376373,276335,277281,https://www.transfermarkt.de/1-fc-magdeburg/kader/verein/187/saison_id/2026/plus/1,d0ff31a4349276164899e3293cd9c2c30e400169104ef2ece40cfdb9b3d70c93
GER2,1. FC Magdeburg,187,Tjark Möbius,1133120,2008-07-29,REVIEW_REQUIRED,Identity unresolved,CONFLICT,UNVERIFIED,,1376373,276348,0,https://www.transfermarkt.de/1-fc-magdeburg/kader/verein/187/saison_id/2026/plus/1,d0ff31a4349276164899e3293cd9c2c30e400169104ef2ece40cfdb9b3d70c93
GER2,1. FC Magdeburg,187,Anselmo García MacNulty,631904,2003-02-19,REVIEW_REQUIRED,Missing/expired contract or unverified effective date,TRANSFER_IN,PERMANENT,2228260,1376373,293734,262889,https://www.transfermarkt.de/1-fc-magdeburg/kader/verein/187/saison_id/2026/plus/1,d0ff31a4349276164899e3293cd9c2c30e400169104ef2ece40cfdb9b3d70c93
GER2,1. FC Magdeburg,187,Paul Jaeckel,284248,1998-07-22,REVIEW_REQUIRED,Missing/expired contract or unverified effective date,TRANSFER_IN,PERMANENT,1376419,1376373,276084,242958,https://www.transfermarkt.de/1-fc-magdeburg/kader/verein/187/saison_id/2026/plus/1,d0ff31a4349276164899e3293cd9c2c30e400169104ef2ece40cfdb9b3d70c93
GER2,1. FC Magdeburg,187,Daniel Heber,151583,1994-07-04,REVIEW_REQUIRED,Missing/expired contract or unverified effective date,UNCHANGED,UNVERIFIED,1376373,1376373,276311,269314,https://www.transfermarkt.de/1-fc-magdeburg/kader/verein/187/saison_id/2026/plus/1,d0ff31a4349276164899e3293cd9c2c30e400169104ef2ece40cfdb9b3d70c93
GER2,1. FC Magdeburg,187,Tarek Chahed,285944,1996-06-23,REVIEW_REQUIRED,Missing/expired contract or unverified effective date,UNCHANGED,UNVERIFIED,1376373,1376373,276329,238974,https://www.transfermarkt.de/1-fc-magdeburg/kader/verein/187/saison_id/2026/plus/1,d0ff31a4349276164899e3293cd9c2c30e400169104ef2ece40cfdb9b3d70c93
GER2,1. FC Magdeburg,187,Alexander Nollenberger,446625,1997-06-04,REVIEW_REQUIRED,Missing/expired contract or unverified effective date,UNCHANGED,UNVERIFIED,1376373,1376373,276303,250947,https://www.transfermarkt.de/1-fc-magdeburg/kader/verein/187/saison_id/2026/plus/1,d0ff31a4349276164899e3293cd9c2c30e400169104ef2ece40cfdb9b3d70c93
GER2,1. FC Magdeburg,187,Herbert Bockhorn,186477,1995-01-31,REVIEW_REQUIRED,Missing/expired contract or unverified effective date,UNCHANGED,UNVERIFIED,1376373,1376373,276310,252014,https://www.transfermarkt.de/1-fc-magdeburg/kader/verein/187/saison_id/2026/plus/1,d0ff31a4349276164899e3293cd9c2c30e400169104ef2ece40cfdb9b3d70c93
GER2,1. FC Magdeburg,187,Pierre Nadjombe,696011,2003-05-10,REVIEW_REQUIRED,Missing/expired contract or unverified effective date,TRANSFER_IN,LOAN_RETURN,1376276,1376373,272755,73294,https://www.transfermarkt.de/1-fc-magdeburg/kader/verein/187/saison_id/2026/plus/1,d0ff31a4349276164899e3293cd9c2c30e400169104ef2ece40cfdb9b3d70c93
GER2,1. FC Magdeburg,187,Eldin Dzogovic,627658,2003-06-08,REVIEW_REQUIRED,Missing/expired contract or unverified effective date,UNCHANGED,UNVERIFIED,1376373,1376373,276327,264649,https://www.transfermarkt.de/1-fc-magdeburg/kader/verein/187/saison_id/2026/plus/1,d0ff31a4349276164899e3293cd9c2c30e400169104ef2ece40cfdb9b3d70c93
GER2,1. FC Magdeburg,187,Falko Michel,527270,2001-01-14,REVIEW_REQUIRED,Missing/expired contract or unverified effective date,UNCHANGED,UNVERIFIED,1376373,1376373,276324,264215,https://www.transfermarkt.de/1-fc-magdeburg/kader/verein/187/saison_id/2026/plus/1,d0ff31a4349276164899e3293cd9c2c30e400169104ef2ece40cfdb9b3d70c93
GER2,1. FC Magdeburg,187,Felipe Chávez,1009441,2007-04-10,REVIEW_REQUIRED,Loan: parent ownership and dates require native loan plan,LOAN_IN,LOAN,1376264,1376373,289046,79927,https://www.transfermarkt.de/1-fc-magdeburg/kader/verein/187/saison_id/2026/plus/1,d0ff31a4349276164899e3293cd9c2c30e400169104ef2ece40cfdb9b3d70c93
GER2,1. FC Magdeburg,187,Torben Müsel,368860,1999-07-25,REVIEW_REQUIRED,Missing/expired contract or unverified effective date,TRANSFER_IN,PERMANENT,1376282,1376373,271919,239666,https://www.transfermarkt.de/1-fc-magdeburg/kader/verein/187/saison_id/2026/plus/1,d0ff31a4349276164899e3293cd9c2c30e400169104ef2ece40cfdb9b3d70c93
GER2,1. FC Magdeburg,187,Baris Atik,161072,1995-01-09,REVIEW_REQUIRED,Missing/expired contract or unverified effective date,UNCHANGED,UNVERIFIED,1376373,1376373,276301,233520,https://www.transfermarkt.de/1-fc-magdeburg/kader/verein/187/saison_id/2026/plus/1,d0ff31a4349276164899e3293cd9c2c30e400169104ef2ece40cfdb9b3d70c93
GER2,1. FC Magdeburg,187,Chung-hyun Lee,1154529,2007-09-12,REVIEW_REQUIRED,Identity unresolved,MISSING_FROM_FM,UNVERIFIED,,1376373,,80195,https://www.transfermarkt.de/1-fc-magdeburg/kader/verein/187/saison_id/2026/plus/1,d0ff31a4349276164899e3293cd9c2c30e400169104ef2ece40cfdb9b3d70c93
GER2,1. FC Magdeburg,187,Emmanuel Iyoha,314245,1997-10-11,REVIEW_REQUIRED,Missing/expired contract or unverified effective date,TRANSFER_IN,PERMANENT,1376429,1376373,276696,231353,https://www.transfermarkt.de/1-fc-magdeburg/kader/verein/187/saison_id/2026/plus/1,d0ff31a4349276164899e3293cd9c2c30e400169104ef2ece40cfdb9b3d70c93
GER2,1. FC Magdeburg,187,Do-young Yoon,1015959,2006-10-28,REVIEW_REQUIRED,Loan: parent ownership and dates require native loan plan,LOAN_IN,LOAN,2228244,1376373,295914,71205,https://www.transfermarkt.de/1-fc-magdeburg/kader/verein/187/saison_id/2026/plus/1,d0ff31a4349276164899e3293cd9c2c30e400169104ef2ece40cfdb9b3d70c93
GER2,1. FC Magdeburg,187,Magnus Baars,1035852,2006-10-12,REVIEW_REQUIRED,Missing/expired contract or unverified effective date,UNCHANGED,UNVERIFIED,1376373,1376373,276330,78131,https://www.transfermarkt.de/1-fc-magdeburg/kader/verein/187/saison_id/2026/plus/1,d0ff31a4349276164899e3293cd9c2c30e400169104ef2ece40cfdb9b3d70c93
GER2,1. FC Magdeburg,187,Roko Simic,658693,2003-09-10,REVIEW_REQUIRED,Loan: parent ownership and dates require native loan plan,LOAN_IN,LOAN,1376283,1376373,276194,263413,https://www.transfermarkt.de/1-fc-magdeburg/kader/verein/187/saison_id/2026/plus/1,d0ff31a4349276164899e3293cd9c2c30e400169104ef2ece40cfdb9b3d70c93
GER2,1. FC Magdeburg,187,Richmond Tachie,390460,1999-04-21,REVIEW_REQUIRED,Missing/expired contract or unverified effective date,TRANSFER_IN,UNVERIFIED,1376257,1376373,276599,252710,https://www.transfermarkt.de/1-fc-magdeburg/kader/verein/187/saison_id/2026/plus/1,d0ff31a4349276164899e3293cd9c2c30e400169104ef2ece40cfdb9b3d70c93
GER2,1. FC Magdeburg,187,Kevin Manthey,1160023,2007-05-29,REVIEW_REQUIRED,Missing/expired contract or unverified effective date,TRANSFER_IN,PERMANENT,1376271,1376373,293055,0,https://www.transfermarkt.de/1-fc-magdeburg/kader/verein/187/saison_id/2026/plus/1,d0ff31a4349276164899e3293cd9c2c30e400169104ef2ece40cfdb9b3d70c93
GER2,Braunschweig TSV Eintracht,23,Frederik Jäkel,405679,2001-03-07,REVIEW_REQUIRED,Installed future conditions need typed native review,UNCHANGED,PERMANENT,1376426,1376426,275172,251451,https://www.transfermarkt.de/eintracht-braunschweig/kader/verein/23/saison_id/2026/plus/1,4dcb46d8b8a7e777d024f2983d9ebc008ec793f5ecc0c3f4c8db4cd20b3b5982
GER2,Braunschweig TSV Eintracht,23,Noah Katterbach,469949,2001-04-13,REVIEW_REQUIRED,Loan: parent ownership and dates require native loan plan,LOAN_IN,LOAN,1376267,1376426,275642,246666,https://www.transfermarkt.de/eintracht-braunschweig/kader/verein/23/saison_id/2026/plus/1,4dcb46d8b8a7e777d024f2983d9ebc008ec793f5ecc0c3f4c8db4cd20b3b5982
GER2,Braunschweig TSV Eintracht,23,Florian Flick,596881,2000-05-01,REVIEW_REQUIRED,Installed future conditions need typed native review,UNCHANGED,PERMANENT,1376426,1376426,275164,248576,https://www.transfermarkt.de/eintracht-braunschweig/kader/verein/23/saison_id/2026/plus/1,4dcb46d8b8a7e777d024f2983d9ebc008ec793f5ecc0c3f4c8db4cd20b3b5982
GER2,Braunschweig TSV Eintracht,23,Yann Sturm,829820,2005-03-21,REVIEW_REQUIRED,Installed future conditions need typed native review,TRANSFER_IN,PERMANENT,1376315,1376426,264265,276697,https://www.transfermarkt.de/eintracht-braunschweig/kader/verein/23/saison_id/2026/plus/1,4dcb46d8b8a7e777d024f2983d9ebc008ec793f5ecc0c3f4c8db4cd20b3b5982
GER2,Braunschweig TSV Eintracht,23,Jovan Mijatovic,673432,2005-07-11,REVIEW_REQUIRED,Loan: parent ownership and dates require native loan plan,LOAN_IN,UNVERIFIED,458775,1376426,235945,71191,https://www.transfermarkt.de/eintracht-braunschweig/kader/verein/23/saison_id/2026/plus/1,4dcb46d8b8a7e777d024f2983d9ebc008ec793f5ecc0c3f4c8db4cd20b3b5982
GER2,Braunschweig TSV Eintracht,23,Jan Urbich,820723,2004-06-23,REVIEW_REQUIRED,Loan: parent ownership and dates require native loan plan,LOAN_IN,LOAN,1376263,1376426,279853,81726,https://www.transfermarkt.de/eintracht-braunschweig/kader/verein/23/saison_id/2026/plus/1,4dcb46d8b8a7e777d024f2983d9ebc008ec793f5ecc0c3f4c8db4cd20b3b5982
GER2,SpVgg Greuther Fürth,65,Florian Hellstern,1009438,2007-10-18,REVIEW_REQUIRED,Loan: parent ownership and dates require native loan plan,LOAN_IN,LOAN,1376272,1376288,277677,79286,https://www.transfermarkt.de/spvgg-greuther-furth/kader/verein/65/saison_id/2026/plus/1,582a3d28fdc7b95bf59c3bf33f2d9b2847185d2a8fd3682db98bcd5e3a81d68b
GER2,SpVgg Greuther Fürth,65,Silas Prüfrock,913422,2005-01-25,REVIEW_REQUIRED,Missing/expired contract or unverified effective date,UNCHANGED,UNVERIFIED,1376288,1376288,275441,76065,https://www.transfermarkt.de/spvgg-greuther-furth/kader/verein/65/saison_id/2026/plus/1,582a3d28fdc7b95bf59c3bf33f2d9b2847185d2a8fd3682db98bcd5e3a81d68b
GER2,SpVgg Greuther Fürth,65,Hendry Blank,804831,2004-08-21,REVIEW_REQUIRED,Loan: parent ownership and dates require native loan plan,LOAN_IN,LOAN,1376268,1376288,275759,276052,https://www.transfermarkt.de/spvgg-greuther-furth/kader/verein/65/saison_id/2026/plus/1,582a3d28fdc7b95bf59c3bf33f2d9b2847185d2a8fd3682db98bcd5e3a81d68b
GER2,SpVgg Greuther Fürth,65,Jannis Heuer,369888,1999-07-29,REVIEW_REQUIRED,Installed future conditions need typed native review,TRANSFER_IN,PERMANENT,1376419,1376288,276086,262903,https://www.transfermarkt.de/spvgg-greuther-furth/kader/verein/65/saison_id/2026/plus/1,582a3d28fdc7b95bf59c3bf33f2d9b2847185d2a8fd3682db98bcd5e3a81d68b
GER2,SpVgg Greuther Fürth,65,Krisztián Keresztes,626472,2000-01-04,REVIEW_REQUIRED,Loan: parent ownership and dates require native loan plan,LOAN_IN,LOAN,2752515,1376288,289036,79923,https://www.transfermarkt.de/spvgg-greuther-furth/kader/verein/65/saison_id/2026/plus/1,582a3d28fdc7b95bf59c3bf33f2d9b2847185d2a8fd3682db98bcd5e3a81d68b
GER2,SpVgg Greuther Fürth,65,Elias Benkara,931668,2007-04-29,REVIEW_REQUIRED,Loan: parent ownership and dates require native loan plan,LOAN_IN,LOAN,1376262,1376288,289648,0,https://www.transfermarkt.de/spvgg-greuther-furth/kader/verein/65/saison_id/2026/plus/1,582a3d28fdc7b95bf59c3bf33f2d9b2847185d2a8fd3682db98bcd5e3a81d68b
GER2,SpVgg Greuther Fürth,65,Loris Giandomenico,911223,2005-09-28,REVIEW_REQUIRED,Loan: parent ownership and dates require native loan plan,LOAN_IN,LOAN,3080199,1376288,194440,80145,https://www.transfermarkt.de/spvgg-greuther-furth/kader/verein/65/saison_id/2026/plus/1,582a3d28fdc7b95bf59c3bf33f2d9b2847185d2a8fd3682db98bcd5e3a81d68b
GER2,SpVgg Greuther Fürth,65,Philipp Müller,729097,2004-01-18,REVIEW_REQUIRED,Installed future conditions need typed native review,TRANSFER_IN,LOAN_RETURN,1376436,1376288,271157,278728,https://www.transfermarkt.de/spvgg-greuther-furth/kader/verein/65/saison_id/2026/plus/1,582a3d28fdc7b95bf59c3bf33f2d9b2847185d2a8fd3682db98bcd5e3a81d68b
GER2,SpVgg Greuther Fürth,65,Faton Ademi,1168861,2006-05-19,REVIEW_REQUIRED,DFB roster contradicts current Transfermarkt affiliation,AMBIGUOUS,PERMANENT,1376276,1376288,272764,73995,https://www.transfermarkt.de/spvgg-greuther-furth/kader/verein/65/saison_id/2026/plus/1,582a3d28fdc7b95bf59c3bf33f2d9b2847185d2a8fd3682db98bcd5e3a81d68b
GER2,SpVgg Greuther Fürth,65,Mika Wallentowitz,1148239,2007-12-28,REVIEW_REQUIRED,Loan: parent ownership and dates require native loan plan,LOAN_IN,LOAN,1376266,1376288,275081,81991,https://www.transfermarkt.de/spvgg-greuther-furth/kader/verein/65/saison_id/2026/plus/1,582a3d28fdc7b95bf59c3bf33f2d9b2847185d2a8fd3682db98bcd5e3a81d68b
GER2,SpVgg Greuther Fürth,65,Jordan,355369,1996-04-26,REVIEW_REQUIRED,Installed future conditions need typed native review,TRANSFER_IN,PERMANENT,2494467,1376288,287978,227558,https://www.transfermarkt.de/spvgg-greuther-furth/kader/verein/65/saison_id/2026/plus/1,582a3d28fdc7b95bf59c3bf33f2d9b2847185d2a8fd3682db98bcd5e3a81d68b
GER2,VfL Osnabrück,81,Jonas Krumrey,531637,2003-11-25,REVIEW_REQUIRED,Loan: parent ownership and dates require native loan plan,LOAN_IN,LOAN,1376418,1376420,100105,262516,https://www.transfermarkt.de/vfl-osnabruck/kader/verein/81/saison_id/2026/plus/1,e705d735d9e41aeb7a7781affacb5ed1a2f31cc8fd9e319c826182a9e12937a6
GER2,VfL Osnabrück,81,Luca Böggemann,817013,2004-03-11,REVIEW_REQUIRED,Missing/expired contract or unverified effective date,TRANSFER_IN,LOAN_RETURN,1376414,1376420,268671,275284,https://www.transfermarkt.de/vfl-osnabruck/kader/verein/81/saison_id/2026/plus/1,e705d735d9e41aeb7a7781affacb5ed1a2f31cc8fd9e319c826182a9e12937a6
GER2,VfL Osnabrück,81,Joel Abu Hanna,267330,1998-01-22,REVIEW_REQUIRED,Missing/expired contract or unverified effective date,TRANSFER_IN,PERMANENT,1441882,1376420,105009,233514,https://www.transfermarkt.de/vfl-osnabruck/kader/verein/81/saison_id/2026/plus/1,e705d735d9e41aeb7a7781affacb5ed1a2f31cc8fd9e319c826182a9e12937a6
GER2,VfL Osnabrück,81,Elias Bakatukanda,795762,2004-04-13,REVIEW_REQUIRED,Loan: parent ownership and dates require native loan plan,LOAN_IN,LOAN,262169,1376420,268794,273931,https://www.transfermarkt.de/vfl-osnabruck/kader/verein/81/saison_id/2026/plus/1,e705d735d9e41aeb7a7781affacb5ed1a2f31cc8fd9e319c826182a9e12937a6
GER2,VfL Osnabrück,81,Jonathan Gómez,674501,2003-09-01,REVIEW_REQUIRED,Loan: parent ownership and dates require native loan plan,LOAN_IN,LOAN,2949123,1376420,290718,266118,https://www.transfermarkt.de/vfl-osnabruck/kader/verein/81/saison_id/2026/plus/1,e705d735d9e41aeb7a7781affacb5ed1a2f31cc8fd9e319c826182a9e12937a6
GER2,VfL Osnabrück,81,Leon Flach,391929,2001-02-28,REVIEW_REQUIRED,Loan: parent ownership and dates require native loan plan,LOAN_IN,LOAN,2424854,1376420,148222,252859,https://www.transfermarkt.de/vfl-osnabruck/kader/verein/81/saison_id/2026/plus/1,e705d735d9e41aeb7a7781affacb5ed1a2f31cc8fd9e319c826182a9e12937a6
GER2,VfL Osnabrück,81,Konrad Faber,406762,1997-11-04,REVIEW_REQUIRED,Installed future conditions need typed native review,TRANSFER_IN,PERMANENT,1376278,1376420,274785,263061,https://www.transfermarkt.de/vfl-osnabruck/kader/verein/81/saison_id/2026/plus/1,e705d735d9e41aeb7a7781affacb5ed1a2f31cc8fd9e319c826182a9e12937a6
GER2,VfL Osnabrück,81,Leon Opitz,825073,2005-04-11,REVIEW_REQUIRED,Loan: parent ownership and dates require native loan plan,LOAN_IN,LOAN,1376283,1376420,276198,274924,https://www.transfermarkt.de/vfl-osnabruck/kader/verein/81/saison_id/2026/plus/1,e705d735d9e41aeb7a7781affacb5ed1a2f31cc8fd9e319c826182a9e12937a6
GER2,VfL Osnabrück,81,Adrian Beck,273669,1997-06-09,REVIEW_REQUIRED,Loan: parent ownership and dates require native loan plan,LOAN_IN,LOAN,1376302,1376420,281239,253133,https://www.transfermarkt.de/vfl-osnabruck/kader/verein/81/saison_id/2026/plus/1,e705d735d9e41aeb7a7781affacb5ed1a2f31cc8fd9e319c826182a9e12937a6
GER2,VfL Osnabrück,81,Jonathan Wensing,695943,2004-04-05,REVIEW_REQUIRED,Missing/expired contract or unverified effective date,TRANSFER_IN,PERMANENT,1376347,1376420,100339,0,https://www.transfermarkt.de/vfl-osnabruck/kader/verein/81/saison_id/2026/plus/1,e705d735d9e41aeb7a7781affacb5ed1a2f31cc8fd9e319c826182a9e12937a6
GER2,VfL Osnabrück,81,Daniel-Kofi Kyereh,272587,1996-03-08,REVIEW_REQUIRED,Missing/expired contract or unverified effective date,TRANSFER_IN,PERMANENT,1376270,1376420,277874,244112,https://www.transfermarkt.de/vfl-osnabruck/kader/verein/81/saison_id/2026/plus/1,e705d735d9e41aeb7a7781affacb5ed1a2f31cc8fd9e319c826182a9e12937a6
GER2,VfL Osnabrück,81,Robin Meißner,326346,1999-10-08,REVIEW_REQUIRED,Missing/expired contract or unverified effective date,UNCHANGED,PERMANENT,1376420,1376420,272311,261047,https://www.transfermarkt.de/vfl-osnabruck/kader/verein/81/saison_id/2026/plus/1,e705d735d9e41aeb7a7781affacb5ed1a2f31cc8fd9e319c826182a9e12937a6
GER2,VfL Osnabrück,81,Bernd Riesselmann,1100613,2005-07-05,REVIEW_REQUIRED,Missing/expired contract or unverified effective date,UNCHANGED,UNVERIFIED,1376420,1376420,272327,79384,https://www.transfermarkt.de/vfl-osnabruck/kader/verein/81/saison_id/2026/plus/1,e705d735d9e41aeb7a7781affacb5ed1a2f31cc8fd9e319c826182a9e12937a6
GER2,FC Energie Cottbus,25,Malte Wilke,1157068,2007-06-25,REVIEW_REQUIRED,Identity unresolved,MISSING_FROM_FM,UNVERIFIED,,1376280,,86865,https://www.transfermarkt.de/fc-energie-cottbus/kader/verein/25/saison_id/2026/plus/1,bfac2c82e9908a44ea8264f2a591d43d8ad627ceaeb5639879d980dcab166809
GER2,FC Energie Cottbus,25,King Manu,1010851,2003-11-23,REVIEW_REQUIRED,Installed future conditions need typed native review,UNCHANGED,PERMANENT,1376280,1376280,273093,278832,https://www.transfermarkt.de/fc-energie-cottbus/kader/verein/25/saison_id/2026/plus/1,bfac2c82e9908a44ea8264f2a591d43d8ad627ceaeb5639879d980dcab166809
GER2,FC Energie Cottbus,25,Fousseny Doumbia,782187,2005-02-23,REVIEW_REQUIRED,Loan: parent ownership and dates require native loan plan,LOAN_IN,LOAN,1376279,1376280,277170,81535,https://www.transfermarkt.de/fc-energie-cottbus/kader/verein/25/saison_id/2026/plus/1,bfac2c82e9908a44ea8264f2a591d43d8ad627ceaeb5639879d980dcab166809
GER2,FC Energie Cottbus,25,Joey Taubeneck,1157079,2007-04-12,REVIEW_REQUIRED,Missing/expired contract or unverified effective date,UNCHANGED,PERMANENT,1376280,1376280,285298,0,https://www.transfermarkt.de/fc-energie-cottbus/kader/verein/25/saison_id/2026/plus/1,bfac2c82e9908a44ea8264f2a591d43d8ad627ceaeb5639879d980dcab166809
GER2,FC Energie Cottbus,25,Luca Erlein,1009442,2007-07-05,REVIEW_REQUIRED,Loan: parent ownership and dates require native loan plan,LOAN_IN,LOAN,1376433,1376280,280204,0,https://www.transfermarkt.de/fc-energie-cottbus/kader/verein/25/saison_id/2026/plus/1,bfac2c82e9908a44ea8264f2a591d43d8ad627ceaeb5639879d980dcab166809
GER2,FC Energie Cottbus,25,Henry Rorig,381755,2000-03-03,REVIEW_REQUIRED,Missing/expired contract or unverified effective date,UNCHANGED,UNVERIFIED,1376280,1376280,273078,257286,https://www.transfermarkt.de/fc-energie-cottbus/kader/verein/25/saison_id/2026/plus/1,bfac2c82e9908a44ea8264f2a591d43d8ad627ceaeb5639879d980dcab166809
GER2,FC Energie Cottbus,25,Lukas Michelbrink,878796,2005-04-15,REVIEW_REQUIRED,Loan: parent ownership and dates require native loan plan,LOAN_IN,UNVERIFIED,1376280,1376280,273099,76122,https://www.transfermarkt.de/fc-energie-cottbus/kader/verein/25/saison_id/2026/plus/1,bfac2c82e9908a44ea8264f2a591d43d8ad627ceaeb5639879d980dcab166809
GER2,FC Energie Cottbus,25,Leonardo Bittencourt,93844,1993-12-19,REVIEW_REQUIRED,Missing/expired contract or unverified effective date,TRANSFER_IN,PERMANENT,1376271,1376280,280799,203106,https://www.transfermarkt.de/fc-energie-cottbus/kader/verein/25/saison_id/2026/plus/1,bfac2c82e9908a44ea8264f2a591d43d8ad627ceaeb5639879d980dcab166809
GER2,FC Energie Cottbus,25,Aaron Reschke,1157080,2008-08-07,REVIEW_REQUIRED,Missing/expired contract or unverified effective date,UNCHANGED,PERMANENT,1376280,1376280,285308,0,https://www.transfermarkt.de/fc-energie-cottbus/kader/verein/25/saison_id/2026/plus/1,bfac2c82e9908a44ea8264f2a591d43d8ad627ceaeb5639879d980dcab166809
GER2,FC Energie Cottbus,25,Christian Kinsombi,342968,1999-08-24,REVIEW_REQUIRED,Missing/expired contract or unverified effective date,TRANSFER_IN,PERMANENT,1376265,1376280,100214,251482,https://www.transfermarkt.de/fc-energie-cottbus/kader/verein/25/saison_id/2026/plus/1,bfac2c82e9908a44ea8264f2a591d43d8ad627ceaeb5639879d980dcab166809
GER2,FC Energie Cottbus,25,Dmytro Bogdanov,1045446,2007-03-06,REVIEW_REQUIRED,Loan: parent ownership and dates require native loan plan,LOAN_IN,LOAN,1376348,1376280,277780,278229,https://www.transfermarkt.de/fc-energie-cottbus/kader/verein/25/saison_id/2026/plus/1,bfac2c82e9908a44ea8264f2a591d43d8ad627ceaeb5639879d980dcab166809
GER3,Fortuna Düsseldorf 1895,38,Lasse Rieß,490609,2001-07-27,REVIEW_REQUIRED,Loan: parent ownership and dates require native loan plan,LOAN_IN,LOAN,1376259,1376429,280320,263116,https://www.transfermarkt.de/fortuna-dusseldorf/kader/verein/38/saison_id/2026/plus/1,05373c5cfa7534d6542a7839a6b4faf710e30f1746f3272457fd8dbea4ba1976
GER3,Fortuna Düsseldorf 1895,38,Lukas Bornschein,910590,2005-06-03,REVIEW_REQUIRED,Loan: parent ownership and dates require native loan plan,LOAN_IN,LOAN,1376267,1376429,287864,0,https://www.transfermarkt.de/fortuna-dusseldorf/kader/verein/38/saison_id/2026/plus/1,05373c5cfa7534d6542a7839a6b4faf710e30f1746f3272457fd8dbea4ba1976
GER3,Fortuna Düsseldorf 1895,38,Matthias Zimmermann,86848,1992-06-16,REVIEW_REQUIRED,Future roster change annotation requires timeline review,UNCHANGED,UNVERIFIED,1376429,1376429,276702,192567,https://www.transfermarkt.de/fortuna-dusseldorf/kader/verein/38/saison_id/2026/plus/1,05373c5cfa7534d6542a7839a6b4faf710e30f1746f3272457fd8dbea4ba1976
GER3,Fortuna Düsseldorf 1895,38,Andreas Müller,438315,2000-07-20,REVIEW_REQUIRED,Loan: parent ownership and dates require native loan plan,LOAN_IN,LOAN,1376283,1376429,276193,257283,https://www.transfermarkt.de/fortuna-dusseldorf/kader/verein/38/saison_id/2026/plus/1,05373c5cfa7534d6542a7839a6b4faf710e30f1746f3272457fd8dbea4ba1976
GER3,Fortuna Düsseldorf 1895,38,Kilian Sauck,1043565,2007-03-27,REVIEW_REQUIRED,Changed club without confirmed matching transfer event,TRANSFER_IN,UNVERIFIED,1376263,1376429,292084,80628,https://www.transfermarkt.de/fortuna-dusseldorf/kader/verein/38/saison_id/2026/plus/1,05373c5cfa7534d6542a7839a6b4faf710e30f1746f3272457fd8dbea4ba1976
GER3,Fortuna Düsseldorf 1895,38,Filimon Gerezgiher,453307,2000-07-04,REVIEW_REQUIRED,DFB roster contradicts current Transfermarkt affiliation,AMBIGUOUS,PERMANENT,2228245,1376429,136520,73004,https://www.transfermarkt.de/fortuna-dusseldorf/kader/verein/38/saison_id/2026/plus/1,05373c5cfa7534d6542a7839a6b4faf710e30f1746f3272457fd8dbea4ba1976
GER3,Fortuna Düsseldorf 1895,38,Jordi Paulina,1045762,2004-09-23,REVIEW_REQUIRED,Changed club without confirmed matching transfer event,TRANSFER_IN,UNVERIFIED,1376262,1376429,289630,252163,https://www.transfermarkt.de/fortuna-dusseldorf/kader/verein/38/saison_id/2026/plus/1,05373c5cfa7534d6542a7839a6b4faf710e30f1746f3272457fd8dbea4ba1976
GER3,SC Preußen Münster,91,Simon Scherder,93979,1993-04-02,REVIEW_REQUIRED,Installed future conditions need typed native review,UNCHANGED,UNVERIFIED,1376419,1376419,276101,211874,https://www.transfermarkt.de/preussen-munster/kader/verein/91/saison_id/2026/plus/1,358c233225c0f06e8cc0ea5bfec52949f3501471b53e29edc807611cd04332ae
GER3,SC Preußen Münster,91,Wesley Adeh,1074523,2007-01-08,REVIEW_REQUIRED,Loan: parent ownership and dates require native loan plan,LOAN_IN,LOAN,1376271,1376419,280811,75461,https://www.transfermarkt.de/preussen-munster/kader/verein/91/saison_id/2026/plus/1,358c233225c0f06e8cc0ea5bfec52949f3501471b53e29edc807611cd04332ae
GER3,Rot-Weiss Essen 1907,56,Eric Verstappen,187203,1994-05-19,REVIEW_REQUIRED,Identity unresolved,MISSING_FROM_FM,UNVERIFIED,,1376282,,,https://www.transfermarkt.de/rot-weiss-essen/kader/verein/56/saison_id/2026/plus/1,428b980f8718cfe610b74c6ed65b6316eaa3b91941d20a4def68f9bfec3ccdb3
GER3,Rot-Weiss Essen 1907,56,Max Geschwill,471890,2001-07-07,REVIEW_REQUIRED,Installed future conditions need typed native review,TRANSFER_IN,PERMANENT,1376373,1376282,276308,260405,https://www.transfermarkt.de/rot-weiss-essen/kader/verein/56/saison_id/2026/plus/1,428b980f8718cfe610b74c6ed65b6316eaa3b91941d20a4def68f9bfec3ccdb3
GER3,Rot-Weiss Essen 1907,56,Franci Bouebari,1029294,2003-09-12,REVIEW_REQUIRED,Installed future conditions need typed native review,UNCHANGED,PERMANENT,1376282,1376282,271921,273533,https://www.transfermarkt.de/rot-weiss-essen/kader/verein/56/saison_id/2026/plus/1,428b980f8718cfe610b74c6ed65b6316eaa3b91941d20a4def68f9bfec3ccdb3
GER3,Rot-Weiss Essen 1907,56,Ekin Celebi,520908,2000-06-06,REVIEW_REQUIRED,Installed future conditions need typed native review,TRANSFER_IN,LOAN_RETURN,1376467,1376282,269565,244707,https://www.transfermarkt.de/rot-weiss-essen/kader/verein/56/saison_id/2026/plus/1,428b980f8718cfe610b74c6ed65b6316eaa3b91941d20a4def68f9bfec3ccdb3
GER3,Rot-Weiss Essen 1907,56,Jannik Hofmann,594747,2002-02-28,REVIEW_REQUIRED,Installed future conditions need typed native review,UNCHANGED,PERMANENT,1376282,1376282,271918,274565,https://www.transfermarkt.de/rot-weiss-essen/kader/verein/56/saison_id/2026/plus/1,428b980f8718cfe610b74c6ed65b6316eaa3b91941d20a4def68f9bfec3ccdb3
GER3,Rot-Weiss Essen 1907,56,Tony Menzel,824940,2005-03-06,REVIEW_REQUIRED,Loan: parent ownership and dates require native loan plan,LOAN_IN,LOAN,1376278,1376282,274802,277509,https://www.transfermarkt.de/rot-weiss-essen/kader/verein/56/saison_id/2026/plus/1,428b980f8718cfe610b74c6ed65b6316eaa3b91941d20a4def68f9bfec3ccdb3
GER3,Rot-Weiss Essen 1907,56,Noah Pesch,696028,2005-05-18,REVIEW_REQUIRED,Installed future conditions need typed native review,TRANSFER_IN,PERMANENT,1376373,1376282,276317,76033,https://www.transfermarkt.de/rot-weiss-essen/kader/verein/56/saison_id/2026/plus/1,428b980f8718cfe610b74c6ed65b6316eaa3b91941d20a4def68f9bfec3ccdb3
GER3,Rot-Weiss Essen 1907,56,Aiman Dardari,904723,2005-03-21,REVIEW_REQUIRED,Loan: parent ownership and dates require native loan plan,LOAN_IN,LOAN,1376431,1376282,279704,80755,https://www.transfermarkt.de/rot-weiss-essen/kader/verein/56/saison_id/2026/plus/1,428b980f8718cfe610b74c6ed65b6316eaa3b91941d20a4def68f9bfec3ccdb3
GER3,Rot-Weiss Essen 1907,56,Semir Telalovic,583767,1999-12-23,REVIEW_REQUIRED,Loan: parent ownership and dates require native loan plan,LOAN_IN,LOAN,1376258,1376282,274310,273771,https://www.transfermarkt.de/rot-weiss-essen/kader/verein/56/saison_id/2026/plus/1,428b980f8718cfe610b74c6ed65b6316eaa3b91941d20a4def68f9bfec3ccdb3
GER3,Rot-Weiss Essen 1907,56,Jaka Cuber Potocnik,940198,2005-06-17,REVIEW_REQUIRED,Loan: parent ownership and dates require native loan plan,LOAN_IN,UNVERIFIED,1376282,1376282,271923,74003,https://www.transfermarkt.de/rot-weiss-essen/kader/verein/56/saison_id/2026/plus/1,428b980f8718cfe610b74c6ed65b6316eaa3b91941d20a4def68f9bfec3ccdb3
GER3,MSV Duisburg,52,Martin Ens,606220,2001-12-20,REVIEW_REQUIRED,Loan: parent ownership and dates require native loan plan,LOAN_IN,LOAN,1376406,1376285,271440,279530,https://www.transfermarkt.de/msv-duisburg/kader/verein/52/saison_id/2026/plus/1,18d4d26950b4b7ad041e50ae2365995e7a92e62db4daa0e38fdb65d1224bbf52
GER3,MSV Duisburg,52,Frederik Christensen,514889,2002-06-07,REVIEW_REQUIRED,Installed future conditions need typed native review,TRANSFER_IN,PERMANENT,1376420,1376285,272317,262645,https://www.transfermarkt.de/msv-duisburg/kader/verein/52/saison_id/2026/plus/1,18d4d26950b4b7ad041e50ae2365995e7a92e62db4daa0e38fdb65d1224bbf52
GER3,MSV Duisburg,52,Peter Remmert,987122,2005-07-09,REVIEW_REQUIRED,Loan: parent ownership and dates require native loan plan,LOAN_IN,LOAN,1376266,1376285,275058,72965,https://www.transfermarkt.de/msv-duisburg/kader/verein/52/saison_id/2026/plus/1,18d4d26950b4b7ad041e50ae2365995e7a92e62db4daa0e38fdb65d1224bbf52
GER3,MSV Duisburg,52,Jannik Zahmel,810355,2003-04-15,REVIEW_REQUIRED,Installed future conditions need typed native review,TRANSFER_IN,LOAN_RETURN,1388585,1376285,100374,266435,https://www.transfermarkt.de/msv-duisburg/kader/verein/52/saison_id/2026/plus/1,18d4d26950b4b7ad041e50ae2365995e7a92e62db4daa0e38fdb65d1224bbf52
GER3,FC Hansa Rostock,30,Jaaso Jantunen,741578,2005-01-31,REVIEW_REQUIRED,Loan: parent ownership and dates require native loan plan,LOAN_IN,LOAN,1376270,1376265,277876,274568,https://www.transfermarkt.de/fc-hansa-rostock/kader/verein/30/saison_id/2026/plus/1,6da33a7ccf32faa9ebb0b7823a0ee5537fb70bfe8ee363795199b5de4015e0f1
GER3,FC Hansa Rostock,30,Yannic Stein,698840,2004-09-17,REVIEW_REQUIRED,Installed future conditions need typed native review,TRANSFER_IN,PERMANENT,1376351,1376265,269391,274731,https://www.transfermarkt.de/fc-hansa-rostock/kader/verein/30/saison_id/2026/plus/1,6da33a7ccf32faa9ebb0b7823a0ee5537fb70bfe8ee363795199b5de4015e0f1
GER3,FC Hansa Rostock,30,Erik Maurer,913514,2006-07-19,REVIEW_REQUIRED,Identity unresolved,CONFLICT,UNVERIFIED,,1376265,100247,0,https://www.transfermarkt.de/fc-hansa-rostock/kader/verein/30/saison_id/2026/plus/1,6da33a7ccf32faa9ebb0b7823a0ee5537fb70bfe8ee363795199b5de4015e0f1
GER3,FC Hansa Rostock,30,Ouassim Karada,906968,2005-10-21,REVIEW_REQUIRED,Loan: parent ownership and dates require native loan plan,LOAN_IN,LOAN,1376434,1376265,279592,235553,https://www.transfermarkt.de/fc-hansa-rostock/kader/verein/30/saison_id/2026/plus/1,6da33a7ccf32faa9ebb0b7823a0ee5537fb70bfe8ee363795199b5de4015e0f1
GER3,FC Hansa Rostock,30,Emil Holten,332071,1996-08-08,REVIEW_REQUIRED,Installed future conditions need typed native review,UNCHANGED,PERMANENT,1376265,1376265,100215,251090,https://www.transfermarkt.de/fc-hansa-rostock/kader/verein/30/saison_id/2026/plus/1,6da33a7ccf32faa9ebb0b7823a0ee5537fb70bfe8ee363795199b5de4015e0f1
GER3,FC Hansa Rostock,30,Peter Kiedl,692756,2004-01-13,REVIEW_REQUIRED,Installed future conditions need typed native review,TRANSFER_IN,PERMANENT,262155,1376265,274203,79942,https://www.transfermarkt.de/fc-hansa-rostock/kader/verein/30/saison_id/2026/plus/1,6da33a7ccf32faa9ebb0b7823a0ee5537fb70bfe8ee363795199b5de4015e0f1
GER3,SC Verl,93,Timo Schlieck,897425,2006-03-02,REVIEW_REQUIRED,Loan: parent ownership and dates require native loan plan,LOAN_IN,LOAN,1376288,1376406,275420,270965,https://www.transfermarkt.de/sc-verl/kader/verein/93/saison_id/2026/plus/1,bd69b9b6c3fd17e062c0bf50a17563b42a98d2c42534eeab1330ee7efa38071a
GER3,SC Verl,93,Noah König,685487,2003-05-17,REVIEW_REQUIRED,Loan: parent ownership and dates require native loan plan,LOAN_IN,LOAN,1376288,1376406,275419,264223,https://www.transfermarkt.de/sc-verl/kader/verein/93/saison_id/2026/plus/1,bd69b9b6c3fd17e062c0bf50a17563b42a98d2c42534eeab1330ee7efa38071a
GER3,SC Verl,93,Nick Seidel,927005,2005-01-11,REVIEW_REQUIRED,Installed future conditions need typed native review,TRANSFER_IN,PERMANENT,1376436,1376406,271150,74417,https://www.transfermarkt.de/sc-verl/kader/verein/93/saison_id/2026/plus/1,bd69b9b6c3fd17e062c0bf50a17563b42a98d2c42534eeab1330ee7efa38071a
GER3,SC Verl,93,Paul Lehmann,799547,2004-07-22,REVIEW_REQUIRED,Installed future conditions need typed native review,UNCHANGED,PERMANENT,1376406,1376406,271449,270515,https://www.transfermarkt.de/sc-verl/kader/verein/93/saison_id/2026/plus/1,bd69b9b6c3fd17e062c0bf50a17563b42a98d2c42534eeab1330ee7efa38071a
GER3,SC Verl,93,Raphael Araoye,1025912,2004-11-21,REVIEW_REQUIRED,Changed club without confirmed matching transfer event,TRANSFER_IN,UNVERIFIED,917555,1376406,24144,277746,https://www.transfermarkt.de/sc-verl/kader/verein/93/saison_id/2026/plus/1,bd69b9b6c3fd17e062c0bf50a17563b42a98d2c42534eeab1330ee7efa38071a
GER3,SC Verl,93,Emmanuel Bamba,1412872,2007-10-29,REVIEW_REQUIRED,Identity unresolved,MISSING_FROM_FM,UNVERIFIED,,1376406,,85407,https://www.transfermarkt.de/sc-verl/kader/verein/93/saison_id/2026/plus/1,bd69b9b6c3fd17e062c0bf50a17563b42a98d2c42534eeab1330ee7efa38071a
GER3,SC Verl,93,Janne Berner,907468,2005-04-06,REVIEW_REQUIRED,Loan: parent ownership and dates require native loan plan,LOAN_IN,LOAN,1376269,1376406,272210,78130,https://www.transfermarkt.de/sc-verl/kader/verein/93/saison_id/2026/plus/1,bd69b9b6c3fd17e062c0bf50a17563b42a98d2c42534eeab1330ee7efa38071a
GER3,SC Verl,93,André Leipold,828356,2001-11-12,REVIEW_REQUIRED,Loan: parent ownership and dates require native loan plan,LOAN_IN,LOAN,2228251,1376406,136790,266156,https://www.transfermarkt.de/sc-verl/kader/verein/93/saison_id/2026/plus/1,bd69b9b6c3fd17e062c0bf50a17563b42a98d2c42534eeab1330ee7efa38071a
GER3,TSV Alemannia Aachen,8,Manuel Riemann,40792,1988-09-09,REVIEW_REQUIRED,Changed club without confirmed matching transfer event,TRANSFER_IN,UNVERIFIED,0,1376276,,199339,https://www.transfermarkt.de/alemannia-aachen/kader/verein/8/saison_id/2026/plus/1,d50319c6c39283dd66c83e32c0e53c0fbab8eb26ba138f0fe6e86b3dfc2b9c0b
GER3,TSV Alemannia Aachen,8,Petros Bagkalianis,609648,2001-02-06,REVIEW_REQUIRED,Changed club without confirmed matching transfer event,TRANSFER_IN,UNVERIFIED,1454082,1376276,105233,270009,https://www.transfermarkt.de/alemannia-aachen/kader/verein/8/saison_id/2026/plus/1,d50319c6c39283dd66c83e32c0e53c0fbab8eb26ba138f0fe6e86b3dfc2b9c0b
GER3,TSV Alemannia Aachen,8,Dylan Leonard,1188989,2007-08-30,REVIEW_REQUIRED,Loan: parent ownership and dates require native loan plan,LOAN_IN,LOAN,1376266,1376276,275066,73098,https://www.transfermarkt.de/alemannia-aachen/kader/verein/8/saison_id/2026/plus/1,d50319c6c39283dd66c83e32c0e53c0fbab8eb26ba138f0fe6e86b3dfc2b9c0b
GER3,TSV Alemannia Aachen,8,Kacper Koscierski,1058515,2007-06-23,REVIEW_REQUIRED,Loan: parent ownership and dates require native loan plan,LOAN_IN,LOAN,1376273,1376276,275305,78776,https://www.transfermarkt.de/alemannia-aachen/kader/verein/8/saison_id/2026/plus/1,d50319c6c39283dd66c83e32c0e53c0fbab8eb26ba138f0fe6e86b3dfc2b9c0b
GER3,TSV Alemannia Aachen,8,Justin von der Hitz,944335,2006-10-22,REVIEW_REQUIRED,Loan: parent ownership and dates require native loan plan,LOAN_IN,LOAN,1376258,1376276,274329,79216,https://www.transfermarkt.de/alemannia-aachen/kader/verein/8/saison_id/2026/plus/1,d50319c6c39283dd66c83e32c0e53c0fbab8eb26ba138f0fe6e86b3dfc2b9c0b
GER3,TSV Alemannia Aachen,8,Matti Wagner,917781,2005-06-07,REVIEW_REQUIRED,Installed future conditions need typed native review,UNCHANGED,PERMANENT,1376276,1376276,272754,73160,https://www.transfermarkt.de/alemannia-aachen/kader/verein/8/saison_id/2026/plus/1,d50319c6c39283dd66c83e32c0e53c0fbab8eb26ba138f0fe6e86b3dfc2b9c0b
GER3,TSV Alemannia Aachen,8,Jonas Oehmichen,661711,2004-03-03,REVIEW_REQUIRED,DFB roster contradicts current Transfermarkt affiliation,AMBIGUOUS,PERMANENT,1376278,1376276,274803,264168,https://www.transfermarkt.de/alemannia-aachen/kader/verein/8/saison_id/2026/plus/1,d50319c6c39283dd66c83e32c0e53c0fbab8eb26ba138f0fe6e86b3dfc2b9c0b
GER3,TSV Alemannia Aachen,8,Georg Ermolaev,930020,2005-09-22,REVIEW_REQUIRED,Loan: parent ownership and dates require native loan plan,LOAN_IN,LOAN,1376421,1376276,288101,79506,https://www.transfermarkt.de/alemannia-aachen/kader/verein/8/saison_id/2026/plus/1,d50319c6c39283dd66c83e32c0e53c0fbab8eb26ba138f0fe6e86b3dfc2b9c0b
GER3,TSV Alemannia Aachen,8,Fabio Torsiello,917015,2005-02-02,REVIEW_REQUIRED,Loan: parent ownership and dates require native loan plan,LOAN_IN,UNVERIFIED,1376276,1376276,272753,270940,https://www.transfermarkt.de/alemannia-aachen/kader/verein/8/saison_id/2026/plus/1,d50319c6c39283dd66c83e32c0e53c0fbab8eb26ba138f0fe6e86b3dfc2b9c0b
GER3,TSV Alemannia Aachen,8,Mika Schroers,472246,2002-02-04,REVIEW_REQUIRED,Installed future conditions need typed native review,UNCHANGED,PERMANENT,1376276,1376276,272760,257916,https://www.transfermarkt.de/alemannia-aachen/kader/verein/8/saison_id/2026/plus/1,d50319c6c39283dd66c83e32c0e53c0fbab8eb26ba138f0fe6e86b3dfc2b9c0b
GER3,SV Wehen Wiesbaden,108,Ayoub Chaikhoun,938946,2006-01-22,REVIEW_REQUIRED,Loan: parent ownership and dates require native loan plan,LOAN_IN,LOAN,1376258,1376439,274327,79267,https://www.transfermarkt.de/sv-wehen-wiesbaden/kader/verein/108/saison_id/2026/plus/1,c5333e619a4ccff973d898b3a9c4668b151ad7106dcb46f85b4726a7ee4c6ef3
GER3,SV Wehen Wiesbaden,108,Roberto Massimo,431561,2000-10-12,REVIEW_REQUIRED,Loan: parent ownership and dates require native loan plan,LOAN_IN,LOAN,2424835,1376439,148614,241689,https://www.transfermarkt.de/sv-wehen-wiesbaden/kader/verein/108/saison_id/2026/plus/1,c5333e619a4ccff973d898b3a9c4668b151ad7106dcb46f85b4726a7ee4c6ef3
GER3,SV Wehen Wiesbaden,108,Marcus Müller,698523,2002-08-20,REVIEW_REQUIRED,Loan: parent ownership and dates require native loan plan,LOAN_IN,LOAN,1376418,1376439,100106,279220,https://www.transfermarkt.de/sv-wehen-wiesbaden/kader/verein/108/saison_id/2026/plus/1,c5333e619a4ccff973d898b3a9c4668b151ad7106dcb46f85b4726a7ee4c6ef3
GER3,SV Waldhof Mannheim 07,85,Oluwaseun Ogbemudia,995520,2006-07-18,REVIEW_REQUIRED,Loan: parent ownership and dates require native loan plan,LOAN_IN,LOAN,1376348,1376301,277782,279203,https://www.transfermarkt.de/sv-waldhof-mannheim/kader/verein/85/saison_id/2026/plus/1,34e998eba6b950fe72d328e27cb46b4a4d1c4b3c218c58557f9db9a44925ae39
GER3,SV Waldhof Mannheim 07,85,Darnell Keumo,1056989,2007-10-01,REVIEW_REQUIRED,Loan: parent ownership and dates require native loan plan,LOAN_IN,LOAN,1376273,1376301,275308,80185,https://www.transfermarkt.de/sv-waldhof-mannheim/kader/verein/85/saison_id/2026/plus/1,34e998eba6b950fe72d328e27cb46b4a4d1c4b3c218c58557f9db9a44925ae39
GER3,SV Waldhof Mannheim 07,85,Jid Okeke,964641,2004-11-11,REVIEW_REQUIRED,Installed future conditions need typed native review,TRANSFER_IN,PERMANENT,917572,1376301,264522,70029,https://www.transfermarkt.de/sv-waldhof-mannheim/kader/verein/85/saison_id/2026/plus/1,34e998eba6b950fe72d328e27cb46b4a4d1c4b3c218c58557f9db9a44925ae39
GER3,SV Waldhof Mannheim 07,85,Vincent Thill,316760,2000-02-04,REVIEW_REQUIRED,Changed club without confirmed matching transfer event,TRANSFER_IN,UNVERIFIED,331829,1376301,203211,234317,https://www.transfermarkt.de/sv-waldhof-mannheim/kader/verein/85/saison_id/2026/plus/1,34e998eba6b950fe72d328e27cb46b4a4d1c4b3c218c58557f9db9a44925ae39
GER3,SV Waldhof Mannheim 07,85,Arlind Rexhepi,596356,2003-07-28,REVIEW_REQUIRED,Installed future conditions need typed native review,TRANSFER_IN,LOAN_RETURN,1376539,1376301,268489,73172,https://www.transfermarkt.de/sv-waldhof-mannheim/kader/verein/85/saison_id/2026/plus/1,34e998eba6b950fe72d328e27cb46b4a4d1c4b3c218c58557f9db9a44925ae39
GER3,SV Waldhof Mannheim 07,85,Masca,606720,2000-05-15,REVIEW_REQUIRED,Missing/expired contract or unverified effective date,UNCHANGED,UNVERIFIED,1376301,1376301,272086,274987,https://www.transfermarkt.de/sv-waldhof-mannheim/kader/verein/85/saison_id/2026/plus/1,34e998eba6b950fe72d328e27cb46b4a4d1c4b3c218c58557f9db9a44925ae39
GER3,SV Waldhof Mannheim 07,85,Lovis Bierschenk,894687,2005-05-22,REVIEW_REQUIRED,Changed club without confirmed matching transfer event,TRANSFER_IN,UNVERIFIED,1376259,1376301,292570,0,https://www.transfermarkt.de/sv-waldhof-mannheim/kader/verein/85/saison_id/2026/plus/1,34e998eba6b950fe72d328e27cb46b4a4d1c4b3c218c58557f9db9a44925ae39
GER3,SV Waldhof Mannheim 07,85,Nolan Muteba N'Tumba,1322134,2007-10-03,REVIEW_REQUIRED,Identity unresolved,CONFLICT,UNVERIFIED,,1376301,272125,260018,https://www.transfermarkt.de/sv-waldhof-mannheim/kader/verein/85/saison_id/2026/plus/1,34e998eba6b950fe72d328e27cb46b4a4d1c4b3c218c58557f9db9a44925ae39
GER3,SV Waldhof Mannheim 07,85,Gonçalo Gregório,404156,1995-06-14,REVIEW_REQUIRED,Missing/expired contract or unverified effective date,TRANSFER_IN,PERMANENT,200709,1376301,128808,248834,https://www.transfermarkt.de/sv-waldhof-mannheim/kader/verein/85/saison_id/2026/plus/1,34e998eba6b950fe72d328e27cb46b4a4d1c4b3c218c58557f9db9a44925ae39
GER3,SV Waldhof Mannheim 07,85,Terrence Boyd,103064,1991-02-16,REVIEW_REQUIRED,Future roster change annotation requires timeline review,UNCHANGED,UNVERIFIED,1376301,1376301,272090,206408,https://www.transfermarkt.de/sv-waldhof-mannheim/kader/verein/85/saison_id/2026/plus/1,34e998eba6b950fe72d328e27cb46b4a4d1c4b3c218c58557f9db9a44925ae39
GER3,FC Viktoria Köln 1904,1622,Oskar Hill,984474,2006-05-08,REVIEW_REQUIRED,Installed future conditions need typed native review,TRANSFER_IN,LOAN_RETURN,1384542,1376446,257500,0,https://www.transfermarkt.de/fc-viktoria-koln/kader/verein/1622/saison_id/2026/plus/1,b7bfc92e8e7c5a16b30c7b0ff346d1259614911747f68b6cb84920bb2afd1606
GER3,FC Viktoria Köln 1904,1622,Niklas Swider,1009463,2007-01-05,REVIEW_REQUIRED,Loan: parent ownership and dates require native loan plan,LOAN_IN,LOAN,1376263,1376446,279854,76031,https://www.transfermarkt.de/fc-viktoria-koln/kader/verein/1622/saison_id/2026/plus/1,b7bfc92e8e7c5a16b30c7b0ff346d1259614911747f68b6cb84920bb2afd1606
GER3,FC Viktoria Köln 1904,1622,Taylan Duman,314214,1997-07-30,REVIEW_REQUIRED,Changed club without confirmed matching transfer event,TRANSFER_IN,UNVERIFIED,0,1376446,,0,https://www.transfermarkt.de/fc-viktoria-koln/kader/verein/1622/saison_id/2026/plus/1,b7bfc92e8e7c5a16b30c7b0ff346d1259614911747f68b6cb84920bb2afd1606
GER3,FC Viktoria Köln 1904,1622,Niklas Castelle,908946,2002-08-27,REVIEW_REQUIRED,Installed future conditions need typed native review,TRANSFER_IN,PERMANENT,1376276,1376446,272761,70237,https://www.transfermarkt.de/fc-viktoria-koln/kader/verein/1622/saison_id/2026/plus/1,b7bfc92e8e7c5a16b30c7b0ff346d1259614911747f68b6cb84920bb2afd1606
GER3,FC Viktoria Köln 1904,1622,Noah Maboulou,988243,2005-01-16,REVIEW_REQUIRED,Loan: parent ownership and dates require native loan plan,LOAN_IN,LOAN,1376258,1376446,274325,80346,https://www.transfermarkt.de/fc-viktoria-koln/kader/verein/1622/saison_id/2026/plus/1,b7bfc92e8e7c5a16b30c7b0ff346d1259614911747f68b6cb84920bb2afd1606
GER3,FC Viktoria Köln 1904,1622,Jakob Sachse,1032922,2006-04-20,REVIEW_REQUIRED,Loan: parent ownership and dates require native loan plan,LOAN_IN,UNVERIFIED,1376266,1376446,287293,243169,https://www.transfermarkt.de/fc-viktoria-koln/kader/verein/1622/saison_id/2026/plus/1,b7bfc92e8e7c5a16b30c7b0ff346d1259614911747f68b6cb84920bb2afd1606
GER3,FC Ingolstadt 04,4795,Nishan Velupillay,888140,2001-05-07,REVIEW_REQUIRED,Missing/expired contract or unverified effective date,TRANSFER_IN,PERMANENT,12779523,1376315,88011,262039,https://www.transfermarkt.de/fc-ingolstadt-04/kader/verein/4795/saison_id/2026/plus/1,9602267b250c0007efa439f83a79d1bdd5376932fbafd7a4fc5bf6bcd1c6cbc5
GER3,SSV Jahn Regensburg,109,Max Schmitt,937713,2006-01-18,REVIEW_REQUIRED,Installed future conditions need typed native review,TRANSFER_IN,PERMANENT,1376297,1376436,271665,278252,https://www.transfermarkt.de/ssv-jahn-regensburg/kader/verein/109/saison_id/2026/plus/1,910d9ceb2a6fd8df9083100aef021ed429578cccc99acb9d4ad7d388c93d13bd
GER3,SSV Jahn Regensburg,109,Hannes Hermann,894692,2005-03-23,REVIEW_REQUIRED,Loan: parent ownership and dates require native loan plan,LOAN_IN,LOAN,1376267,1376436,275655,73554,https://www.transfermarkt.de/ssv-jahn-regensburg/kader/verein/109/saison_id/2026/plus/1,910d9ceb2a6fd8df9083100aef021ed429578cccc99acb9d4ad7d388c93d13bd
GER3,SSV Jahn Regensburg,109,Zeteny Jano,692474,2005-03-13,REVIEW_REQUIRED,Installed future conditions need typed native review,TRANSFER_IN,PERMANENT,262147,1376436,273733,76964,https://www.transfermarkt.de/ssv-jahn-regensburg/kader/verein/109/saison_id/2026/plus/1,910d9ceb2a6fd8df9083100aef021ed429578cccc99acb9d4ad7d388c93d13bd
GER3,SSV Jahn Regensburg,109,Marco Wörner,793728,2004-09-25,REVIEW_REQUIRED,Loan: parent ownership and dates require native loan plan,LOAN_IN,LOAN,1376421,1376436,275881,274993,https://www.transfermarkt.de/ssv-jahn-regensburg/kader/verein/109/saison_id/2026/plus/1,910d9ceb2a6fd8df9083100aef021ed429578cccc99acb9d4ad7d388c93d13bd
GER3,SSV Jahn Regensburg,109,John Posselt,918130,2003-12-31,REVIEW_REQUIRED,Changed club without confirmed matching transfer event,TRANSFER_IN,UNVERIFIED,1376539,1376436,268481,80194,https://www.transfermarkt.de/ssv-jahn-regensburg/kader/verein/109/saison_id/2026/plus/1,910d9ceb2a6fd8df9083100aef021ed429578cccc99acb9d4ad7d388c93d13bd
GER3,VfB Stuttgart,102,Luca Berreth,1453381,2009-11-25,REVIEW_REQUIRED,Identity unresolved,CONFLICT,UNVERIFIED,,1376272,277725,0,https://www.transfermarkt.de/vfb-stuttgart-ii/kader/verein/102/saison_id/2026/plus/1,282836c83b3d06fc536ab783944214e6762cd5b47e8b5db9908690b0565ef593
GER3,VfB Stuttgart,102,Peter Reinhardt,907479,2005-01-23,REVIEW_REQUIRED,Installed future conditions need typed native review,TRANSFER_IN,LOAN_RETURN,1376571,1376272,278367,0,https://www.transfermarkt.de/vfb-stuttgart-ii/kader/verein/102/saison_id/2026/plus/1,282836c83b3d06fc536ab783944214e6762cd5b47e8b5db9908690b0565ef593
GER3,VfB Stuttgart,102,Joyeux Masanka Bungi,990146,2007-01-24,REVIEW_REQUIRED,Loan: parent ownership and dates require native loan plan,LOAN_IN,LOAN,1376555,1376272,276959,80096,https://www.transfermarkt.de/vfb-stuttgart-ii/kader/verein/102/saison_id/2026/plus/1,282836c83b3d06fc536ab783944214e6762cd5b47e8b5db9908690b0565ef593
GER3,VfB Stuttgart,102,Michael Glück,679681,2003-06-13,REVIEW_REQUIRED,Missing/expired contract or unverified effective date,UNCHANGED,UNVERIFIED,1376272,1376272,277661,270400,https://www.transfermarkt.de/vfb-stuttgart-ii/kader/verein/102/saison_id/2026/plus/1,282836c83b3d06fc536ab783944214e6762cd5b47e8b5db9908690b0565ef593
GER3,VfB Stuttgart,102,Ertugrul Yigit,1297520,2009-01-08,REVIEW_REQUIRED,Identity unresolved,CONFLICT,UNVERIFIED,,1376272,277719,0,https://www.transfermarkt.de/vfb-stuttgart-ii/kader/verein/102/saison_id/2026/plus/1,282836c83b3d06fc536ab783944214e6762cd5b47e8b5db9908690b0565ef593
GER3,VfB Stuttgart,102,Jarzinho Malanga,1031774,2006-07-10,REVIEW_REQUIRED,Identity unresolved,CONFLICT,UNVERIFIED,,1376272,276432,73585,https://www.transfermarkt.de/vfb-stuttgart-ii/kader/verein/102/saison_id/2026/plus/1,282836c83b3d06fc536ab783944214e6762cd5b47e8b5db9908690b0565ef593
GER3,VfB Stuttgart,102,Kian Speidel,1297527,2009-02-20,REVIEW_REQUIRED,Identity unresolved,CONFLICT,UNVERIFIED,,1376272,277739,0,https://www.transfermarkt.de/vfb-stuttgart-ii/kader/verein/102/saison_id/2026/plus/1,282836c83b3d06fc536ab783944214e6762cd5b47e8b5db9908690b0565ef593
GER3,VfB Stuttgart,102,Eliot Bujupi,907483,2006-07-03,REVIEW_REQUIRED,Missing/expired contract or unverified effective date,TRANSFER_IN,LOAN_RETURN,458763,1376272,235642,75782,https://www.transfermarkt.de/vfb-stuttgart-ii/kader/verein/102/saison_id/2026/plus/1,282836c83b3d06fc536ab783944214e6762cd5b47e8b5db9908690b0565ef593
GER3,VfB Stuttgart,102,Jonathan Akaegbobi,905404,2006-04-25,REVIEW_REQUIRED,Loan: parent ownership and dates require native loan plan,LOAN_IN,LOAN,1376273,1376272,275318,74561,https://www.transfermarkt.de/vfb-stuttgart-ii/kader/verein/102/saison_id/2026/plus/1,282836c83b3d06fc536ab783944214e6762cd5b47e8b5db9908690b0565ef593
GER3,VfB Stuttgart,102,Enis Redzepi,1297517,2008-03-12,REVIEW_REQUIRED,Identity unresolved,CONFLICT,UNVERIFIED,,1376272,277710,0,https://www.transfermarkt.de/vfb-stuttgart-ii/kader/verein/102/saison_id/2026/plus/1,282836c83b3d06fc536ab783944214e6762cd5b47e8b5db9908690b0565ef593
GER3,1. FC Saarbrücken,1,Mladen Cvjetinovic,688639,2003-09-18,REVIEW_REQUIRED,Loan: parent ownership and dates require native loan plan,LOAN_IN,LOAN,1376418,1376287,100104,263874,https://www.transfermarkt.de/1-fc-saarbrucken/kader/verein/1/saison_id/2026/plus/1,c2a771ee3b9af8a2a73329774d02f459ed75e0faf23ff6531e00889776b2c7d8
GER3,1. FC Saarbrücken,1,Daniel Gleiber,906969,2005-02-01,REVIEW_REQUIRED,Loan: parent ownership and dates require native loan plan,LOAN_IN,LOAN,1376259,1376287,280324,75280,https://www.transfermarkt.de/1-fc-saarbrucken/kader/verein/1/saison_id/2026/plus/1,c2a771ee3b9af8a2a73329774d02f459ed75e0faf23ff6531e00889776b2c7d8
GER3,1. FC Saarbrücken,1,Alexander Staff,1045243,2008-06-12,REVIEW_REQUIRED,Loan: parent ownership and dates require native loan plan,LOAN_IN,LOAN,1376279,1376287,289386,256885,https://www.transfermarkt.de/1-fc-saarbrucken/kader/verein/1/saison_id/2026/plus/1,c2a771ee3b9af8a2a73329774d02f459ed75e0faf23ff6531e00889776b2c7d8
GER3,TSG 1899 Hoffenheim,983,Lúkas Petersson,718460,2004-02-09,REVIEW_REQUIRED,Identity unresolved,CONFLICT,UNVERIFIED,,1376433,280206,73072,https://www.transfermarkt.de/tsg-1899-hoffenheim-ii/kader/verein/983/saison_id/2026/plus/1,ab3835df09261faf7ddd2ed9c07b00f74ba9f141891a5f719f13e9b204f6234d
GER3,TSG 1899 Hoffenheim,983,Nico Biedermann,1062716,2008-02-19,REVIEW_REQUIRED,Missing/expired contract or unverified effective date,UNCHANGED,PERMANENT,1376433,1376433,292460,0,https://www.transfermarkt.de/tsg-1899-hoffenheim-ii/kader/verein/983/saison_id/2026/plus/1,ab3835df09261faf7ddd2ed9c07b00f74ba9f141891a5f719f13e9b204f6234d
GER3,TSG 1899 Hoffenheim,983,Natnael Abraha,1075143,2008-03-14,REVIEW_REQUIRED,Identity unresolved,CONFLICT,UNVERIFIED,,1376433,280221,0,https://www.transfermarkt.de/tsg-1899-hoffenheim-ii/kader/verein/983/saison_id/2026/plus/1,ab3835df09261faf7ddd2ed9c07b00f74ba9f141891a5f719f13e9b204f6234d
GER3,TSG 1899 Hoffenheim,983,Diren Dağdeviren,923610,2005-03-08,REVIEW_REQUIRED,Missing/expired contract or unverified effective date,UNCHANGED,UNVERIFIED,1376433,1376433,292432,74020,https://www.transfermarkt.de/tsg-1899-hoffenheim-ii/kader/verein/983/saison_id/2026/plus/1,ab3835df09261faf7ddd2ed9c07b00f74ba9f141891a5f719f13e9b204f6234d
GER3,TSG 1899 Hoffenheim,983,Tiago Poller,1009430,2007-02-27,REVIEW_REQUIRED,Missing/expired contract or unverified effective date,UNCHANGED,UNVERIFIED,1376433,1376433,292435,268755,https://www.transfermarkt.de/tsg-1899-hoffenheim-ii/kader/verein/983/saison_id/2026/plus/1,ab3835df09261faf7ddd2ed9c07b00f74ba9f141891a5f719f13e9b204f6234d
GER3,TSG 1899 Hoffenheim,983,Florian Micheler,808664,2005-05-17,REVIEW_REQUIRED,Missing/expired contract or unverified effective date,TRANSFER_IN,UNVERIFIED,1376260,1376433,275991,74464,https://www.transfermarkt.de/tsg-1899-hoffenheim-ii/kader/verein/983/saison_id/2026/plus/1,ab3835df09261faf7ddd2ed9c07b00f74ba9f141891a5f719f13e9b204f6234d
GER3,TSG 1899 Hoffenheim,983,Yasin Zor,924089,2005-10-25,REVIEW_REQUIRED,Missing/expired contract or unverified effective date,TRANSFER_IN,PERMANENT,1376560,1376433,104919,222779,https://www.transfermarkt.de/tsg-1899-hoffenheim-ii/kader/verein/983/saison_id/2026/plus/1,ab3835df09261faf7ddd2ed9c07b00f74ba9f141891a5f719f13e9b204f6234d
GER3,TSG 1899 Hoffenheim,983,Zain Biazid,1209250,2008-01-14,REVIEW_REQUIRED,Missing/expired contract or unverified effective date,UNCHANGED,PERMANENT,1376433,1376433,292473,0,https://www.transfermarkt.de/tsg-1899-hoffenheim-ii/kader/verein/983/saison_id/2026/plus/1,ab3835df09261faf7ddd2ed9c07b00f74ba9f141891a5f719f13e9b204f6234d
GER3,TSG 1899 Hoffenheim,983,Oskar Hencke,1291755,2007-10-02,REVIEW_REQUIRED,Changed club without confirmed matching transfer event,TRANSFER_IN,UNVERIFIED,1376438,1376433,278874,0,https://www.transfermarkt.de/tsg-1899-hoffenheim-ii/kader/verein/983/saison_id/2026/plus/1,ab3835df09261faf7ddd2ed9c07b00f74ba9f141891a5f719f13e9b204f6234d
GER3,TSG 1899 Hoffenheim,983,Blessing Makanda,578900,2006-02-14,REVIEW_REQUIRED,Missing/expired contract or unverified effective date,UNCHANGED,UNVERIFIED,1376433,1376433,292440,233691,https://www.transfermarkt.de/tsg-1899-hoffenheim-ii/kader/verein/983/saison_id/2026/plus/1,ab3835df09261faf7ddd2ed9c07b00f74ba9f141891a5f719f13e9b204f6234d
GER3,TSG 1899 Hoffenheim,983,Lion Wagenbach,1161439,2007-04-16,REVIEW_REQUIRED,Missing/expired contract or unverified effective date,UNCHANGED,PERMANENT,1376433,1376433,292470,0,https://www.transfermarkt.de/tsg-1899-hoffenheim-ii/kader/verein/983/saison_id/2026/plus/1,ab3835df09261faf7ddd2ed9c07b00f74ba9f141891a5f719f13e9b204f6234d
GER3,TSV Havelse 1912,476,Jannis Krug,1488222,2007-04-27,REVIEW_REQUIRED,Missing/expired contract or unverified effective date,UNCHANGED,PERMANENT,1376539,1376539,280678,274440,https://www.transfermarkt.de/tsv-havelse/kader/verein/476/saison_id/2026/plus/1,b4490298444b6e31458c6e927b4ab3fff5378977e083c471be7a43b9938c0f59
GER3,TSV Havelse 1912,476,Dennis Duah,607368,2003-08-26,REVIEW_REQUIRED,Installed future conditions need typed native review,TRANSFER_IN,PERMANENT,1376280,1376539,273101,73367,https://www.transfermarkt.de/tsv-havelse/kader/verein/476/saison_id/2026/plus/1,b4490298444b6e31458c6e927b4ab3fff5378977e083c471be7a43b9938c0f59
GER3,TSV Havelse 1912,476,Yannick Mausehund,921065,2006-03-02,REVIEW_REQUIRED,Loan: parent ownership and dates require native loan plan,LOAN_IN,LOAN,1376275,1376539,289762,73199,https://www.transfermarkt.de/tsv-havelse/kader/verein/476/saison_id/2026/plus/1,b4490298444b6e31458c6e927b4ab3fff5378977e083c471be7a43b9938c0f59
GER3,TSV Havelse 1912,476,Eryk Grzywacz,959294,2006-03-24,REVIEW_REQUIRED,Loan: parent ownership and dates require native loan plan,LOAN_IN,LOAN,1376258,1376539,274328,76968,https://www.transfermarkt.de/tsv-havelse/kader/verein/476/saison_id/2026/plus/1,b4490298444b6e31458c6e927b4ab3fff5378977e083c471be7a43b9938c0f59
GER3,TSV Havelse 1912,476,Temilola Awoyale,1093438,2005-07-23,REVIEW_REQUIRED,Identity unresolved,MISSING_FROM_FM,UNVERIFIED,,1376539,,84383,https://www.transfermarkt.de/tsv-havelse/kader/verein/476/saison_id/2026/plus/1,b4490298444b6e31458c6e927b4ab3fff5378977e083c471be7a43b9938c0f59
GER3,TSV Havelse 1912,476,Joel Darko Ampem,1490222,2007-03-08,REVIEW_REQUIRED,Identity unresolved,MISSING_FROM_FM,UNVERIFIED,,1376539,,88103,https://www.transfermarkt.de/tsv-havelse/kader/verein/476/saison_id/2026/plus/1,b4490298444b6e31458c6e927b4ab3fff5378977e083c471be7a43b9938c0f59
GER3,TSV Havelse 1912,476,Yusuf Wardak,1274553,2005-12-06,REVIEW_REQUIRED,Loan: parent ownership and dates require native loan plan,LOAN_IN,LOAN,1376888,1376539,106311,0,https://www.transfermarkt.de/tsv-havelse/kader/verein/476/saison_id/2026/plus/1,b4490298444b6e31458c6e927b4ab3fff5378977e083c471be7a43b9938c0f59
GER3,TSV Havelse 1912,476,Alexander Guiddir,1292676,2006-12-12,REVIEW_REQUIRED,Loan: parent ownership and dates require native loan plan,LOAN_IN,LOAN,1376888,1376539,106321,0,https://www.transfermarkt.de/tsv-havelse/kader/verein/476/saison_id/2026/plus/1,b4490298444b6e31458c6e927b4ab3fff5378977e083c471be7a43b9938c0f59
GER3,TSV Havelse 1912,476,Eric Voufack,452563,2001-09-25,REVIEW_REQUIRED,Loan: parent ownership and dates require native loan plan,LOAN_IN,LOAN,856113,1376539,16802,251323,https://www.transfermarkt.de/tsv-havelse/kader/verein/476/saison_id/2026/plus/1,b4490298444b6e31458c6e927b4ab3fff5378977e083c471be7a43b9938c0f59
GER3,SV Meppen,247,Jona Borsum,917107,2005-03-19,REVIEW_REQUIRED,Loan: parent ownership and dates require native loan plan,LOAN_IN,LOAN,1376434,1376347,279573,0,https://www.transfermarkt.de/sv-meppen/kader/verein/247/saison_id/2026/plus/1,bb6dac7a3a8a8d7c79b23424ccb65850442347058ab16c823460c547dc72588a
GER3,SV Meppen,247,Kasra Ghawilu,449961,1999-02-11,REVIEW_REQUIRED,Missing/expired contract or unverified effective date,TRANSFER_IN,PERMANENT,1378814,1376347,280278,0,https://www.transfermarkt.de/sv-meppen/kader/verein/247/saison_id/2026/plus/1,bb6dac7a3a8a8d7c79b23424ccb65850442347058ab16c823460c547dc72588a
GER3,SV Meppen,247,Luca Prasse,1030278,2004-06-11,REVIEW_REQUIRED,Loan: parent ownership and dates require native loan plan,LOAN_IN,LOAN,1376418,1376347,100109,273046,https://www.transfermarkt.de/sv-meppen/kader/verein/247/saison_id/2026/plus/1,bb6dac7a3a8a8d7c79b23424ccb65850442347058ab16c823460c547dc72588a
GER3,SV Meppen,247,Richard Meier,922647,2004-02-11,REVIEW_REQUIRED,Loan: parent ownership and dates require native loan plan,LOAN_IN,LOAN,1376264,1376347,276839,276399,https://www.transfermarkt.de/sv-meppen/kader/verein/247/saison_id/2026/plus/1,bb6dac7a3a8a8d7c79b23424ccb65850442347058ab16c823460c547dc72588a
GER3,SC Fortuna Köln,92,Ben Zich,681206,2003-02-16,REVIEW_REQUIRED,Installed future conditions need typed native review,TRANSFER_IN,PERMANENT,2228237,1376444,141848,0,https://www.transfermarkt.de/sc-fortuna-koln/kader/verein/92/saison_id/2026/plus/1,c255b2b753fa967f4c2eb7cdee0e0a6e7bb7b0e3c371fdcdfc7a8694476b2be0
GER3,SC Fortuna Köln,92,Neo Telle,917792,2005-04-24,REVIEW_REQUIRED,Changed club without confirmed matching transfer event,TRANSFER_IN,UNVERIFIED,1376275,1376444,277531,76536,https://www.transfermarkt.de/sc-fortuna-koln/kader/verein/92/saison_id/2026/plus/1,c255b2b753fa967f4c2eb7cdee0e0a6e7bb7b0e3c371fdcdfc7a8694476b2be0
GER3,SC Fortuna Köln,92,Kevin Krumme,810293,2004-03-10,REVIEW_REQUIRED,Loan: parent ownership and dates require native loan plan,LOAN_IN,LOAN,1376421,1376444,275879,78040,https://www.transfermarkt.de/sc-fortuna-koln/kader/verein/92/saison_id/2026/plus/1,c255b2b753fa967f4c2eb7cdee0e0a6e7bb7b0e3c371fdcdfc7a8694476b2be0
GER3,SC Fortuna Köln,92,David Kamm Al-Azzawe,122268,1992-06-05,REVIEW_REQUIRED,"Unique identity, dated current roster and valid contract chronology; transfer event required for club change",UNCHANGED,UNVERIFIED,1376444,1376444,,0,https://www.transfermarkt.de/sc-fortuna-koln/kader/verein/92/saison_id/2026/plus/1,c255b2b753fa967f4c2eb7cdee0e0a6e7bb7b0e3c371fdcdfc7a8694476b2be0
GER3,SC Fortuna Köln,92,Bennit Bröger,897479,2006-07-01,REVIEW_REQUIRED,Loan: parent ownership and dates require native loan plan,LOAN_IN,LOAN,1376421,1376444,275882,72365,https://www.transfermarkt.de/sc-fortuna-koln/kader/verein/92/saison_id/2026/plus/1,c255b2b753fa967f4c2eb7cdee0e0a6e7bb7b0e3c371fdcdfc7a8694476b2be0
GER3,SC Fortuna Köln,92,Jannik Mause,331515,1998-07-11,REVIEW_REQUIRED,DFB roster contradicts current Transfermarkt affiliation,AMBIGUOUS,PERMANENT,1376282,1376444,271915,276312,https://www.transfermarkt.de/sc-fortuna-koln/kader/verein/92/saison_id/2026/plus/1,c255b2b753fa967f4c2eb7cdee0e0a6e7bb7b0e3c371fdcdfc7a8694476b2be0
GER3,SC Fortuna Köln,92,Romeo Aigbekaen,795387,2004-06-22,REVIEW_REQUIRED,Loan: parent ownership and dates require native loan plan,LOAN_IN,LOAN,1376425,1376444,277288,76058,https://www.transfermarkt.de/sc-fortuna-koln/kader/verein/92/saison_id/2026/plus/1,c255b2b753fa967f4c2eb7cdee0e0a6e7bb7b0e3c371fdcdfc7a8694476b2be0
GER3,SG Sonnenhof Großaspach,2589,Brooklyn Schwarz,1041307,2005-06-13,REVIEW_REQUIRED,Changed club without confirmed matching transfer event,TRANSFER_IN,UNVERIFIED,6225926,1376306,299719,0,https://www.transfermarkt.de/sg-sonnenhof-grossaspach/kader/verein/2589/saison_id/2026/plus/1,ceb6dce8c3f846bc1688d6ba77daaf4b6d34d1ddb8ca555b2498968bf85c6f78
GER3,SG Sonnenhof Großaspach,2589,Franz Xaver Bleicher,859254,2007-03-18,REVIEW_REQUIRED,Loan: parent ownership and dates require native loan plan,LOAN_IN,LOAN,1376431,1376306,291932,0,https://www.transfermarkt.de/sg-sonnenhof-grossaspach/kader/verein/2589/saison_id/2026/plus/1,ceb6dce8c3f846bc1688d6ba77daaf4b6d34d1ddb8ca555b2498968bf85c6f78
GER3,SG Sonnenhof Großaspach,2589,Noah Santiago Lorch,1294358,2005-12-09,REVIEW_REQUIRED,Identity unresolved,MISSING_FROM_FM,UNVERIFIED,,1376306,,86621,https://www.transfermarkt.de/sg-sonnenhof-grossaspach/kader/verein/2589/saison_id/2026/plus/1,ceb6dce8c3f846bc1688d6ba77daaf4b6d34d1ddb8ca555b2498968bf85c6f78
GER3,SG Sonnenhof Großaspach,2589,Lorenz Ender,528222,2001-01-06,REVIEW_REQUIRED,Identity unresolved,MISSING_FROM_FM,UNVERIFIED,,1376306,,87513,https://www.transfermarkt.de/sg-sonnenhof-grossaspach/kader/verein/2589/saison_id/2026/plus/1,ceb6dce8c3f846bc1688d6ba77daaf4b6d34d1ddb8ca555b2498968bf85c6f78
GER3,SG Sonnenhof Großaspach,2589,Marlon Faß,1046232,2006-05-16,REVIEW_REQUIRED,Loan: parent ownership and dates require native loan plan,LOAN_IN,LOAN,1376438,1376306,278850,257033,https://www.transfermarkt.de/sg-sonnenhof-grossaspach/kader/verein/2589/saison_id/2026/plus/1,ceb6dce8c3f846bc1688d6ba77daaf4b6d34d1ddb8ca555b2498968bf85c6f78
GER3,FC Würzburger Kickers,1557,Louis Breunig,760069,2003-11-14,REVIEW_REQUIRED,Loan: parent ownership and dates require native loan plan,LOAN_IN,LOAN,1376426,1376540,275170,263077,https://www.transfermarkt.de/wurzburger-kickers/kader/verein/1557/saison_id/2026/plus/1,9dbdd312708d7d42a15f61c7f3845b1923e56748dcb9145650ba0c4e99195940
GER3,FC Würzburger Kickers,1557,David Abrangao,1024556,2004-08-08,REVIEW_REQUIRED,Loan: parent ownership and dates require native loan plan,LOAN_IN,LOAN,1376288,1376540,275429,81730,https://www.transfermarkt.de/wurzburger-kickers/kader/verein/1557/saison_id/2026/plus/1,9dbdd312708d7d42a15f61c7f3845b1923e56748dcb9145650ba0c4e99195940
GER3,FC Würzburger Kickers,1557,Xaver Kiefersauer,897059,2005-10-01,REVIEW_REQUIRED,Loan: parent ownership and dates require native loan plan,LOAN_IN,LOAN,1376291,1376540,281883,225116,https://www.transfermarkt.de/wurzburger-kickers/kader/verein/1557/saison_id/2026/plus/1,9dbdd312708d7d42a15f61c7f3845b1923e56748dcb9145650ba0c4e99195940
