league,club,club_tm_id,player,player_tm_id,dob,position,shirt_number,joined,contract_until,change_notes,profile_url,source_status,database_action,source,source_sha256,snapshot_date
ENG1,Arsenal,11,David Raya,262749,1995-09-15,Torwart,1,2024-07-04,2028-06-30,[],https://www.transfermarkt.de/david-raya/profil/spieler/262749,CONFIRMED,STAGE_CURRENT_SQUAD,https://www.transfermarkt.de/fc-arsenal/kader/verein/11/saison_id/2026/plus/1,0a651bf929057db7f1dbbe4529cc7f612bb8971a26a0e97c6367450f71960375,2026-09-12
ENG1,Arsenal,11,Illan Meslier,542586,2000-03-02,Torwart,30,2026-07-09,2028-06-30,"[""Neuzugang von: Leeds United; Datum: 09.07.2026; Ablöse: ablösefrei""]",https://www.transfermarkt.de/illan-meslier/profil/spieler/542586,CONFIRMED,STAGE_CURRENT_SQUAD,https://www.transfermarkt.de/fc-arsenal/kader/verein/11/saison_id/2026/plus/1,0a651bf929057db7f1dbbe4529cc7f612bb8971a26a0e97c6367450f71960375,2026-09-12
ENG1,Arsenal,11,Kepa Arrizabalaga,192279,1994-10-03,Torwart,13,2025-07-01,2028-06-30,[],https://www.transfermarkt.de/kepa-arrizabalaga/profil/spieler/192279,CONFIRMED,STAGE_CURRENT_SQUAD,https://www.transfermarkt.de/fc-arsenal/kader/verein/11/saison_id/2026/plus/1,0a651bf929057db7f1dbbe4529cc7f612bb8971a26a0e97c6367450f71960375,2026-09-12
ENG1,Arsenal,11,William Saliba,495666,2001-03-24,Innenverteidiger,2,2019-07-25,2030-06-30,[],https://www.transfermarkt.de/william-saliba/profil/spieler/495666,CONFIRMED,STAGE_CURRENT_SQUAD,https://www.transfermarkt.de/fc-arsenal/kader/verein/11/saison_id/2026/plus/1,0a651bf929057db7f1dbbe4529cc7f612bb8971a26a0e97c6367450f71960375,2026-09-12
ENG1,Arsenal,11,Gabriel,435338,1997-12-19,Innenverteidiger,6,2020-09-01,2029-06-30,[],https://www.transfermarkt.de/gabriel/profil/spieler/435338,CONFIRMED,STAGE_CURRENT_SQUAD,https://www.transfermarkt.de/fc-arsenal/kader/verein/11/saison_id/2026/plus/1,0a651bf929057db7f1dbbe4529cc7f612bb8971a26a0e97c6367450f71960375,2026-09-12
ENG1,Arsenal,11,Piero Hincapié,659813,2002-01-09,Innenverteidiger,5,2026-07-01,2031-06-30,"[""Neuzugang von: Bayer 04 Leverkusen; Datum: 01.07.2026; Ablöse: 40,00 Mio. €""]",https://www.transfermarkt.de/piero-hincapie/profil/spieler/659813,CONFIRMED,REVIEW_REQUIRED,https://www.transfermarkt.de/fc-arsenal/kader/verein/11/saison_id/2026/plus/1,0a651bf929057db7f1dbbe4529cc7f612bb8971a26a0e97c6367450f71960375,2026-09-12
ENG1,Arsenal,11,Ezri Konsa,413403,1997-10-23,Innenverteidiger,15,2026-08-21,,"[""Neuzugang von: Aston Villa; Datum: 21.08.2026; Ablöse: 59,60 Mio. €""]",https://www.transfermarkt.de/ezri-konsa/profil/spieler/413403,CONFIRMED,STAGE_CURRENT_SQUAD,https://www.transfermarkt.de/fc-arsenal/kader/verein/11/saison_id/2026/plus/1,0a651bf929057db7f1dbbe4529cc7f612bb8971a26a0e97c6367450f71960375,2026-09-12
ENG1,Arsenal,11,Cristhian Mosquera,646750,2004-06-27,Innenverteidiger,3,2025-07-24,2030-06-30,[],https://www.transfermarkt.de/cristhian-mosquera/profil/spieler/646750,CONFIRMED,STAGE_CURRENT_SQUAD,https://www.transfermarkt.de/fc-arsenal/kader/verein/11/saison_id/2026/plus/1,0a651bf929057db7f1dbbe4529cc7f612bb8971a26a0e97c6367450f71960375,2026-09-12
ENG1,Arsenal,11,Riccardo Calafiori,502821,2002-05-19,Linker Verteidiger,33,2024-07-29,2029-06-30,[],https://www.transfermarkt.de/riccardo-calafiori/profil/spieler/502821,CONFIRMED,STAGE_CURRENT_SQUAD,https://www.transfermarkt.de/fc-arsenal/kader/verein/11/saison_id/2026/plus/1,0a651bf929057db7f1dbbe4529cc7f612bb8971a26a0e97c6367450f71960375,2026-09-12
ENG1,Arsenal,11,Jurriën Timber,420243,2001-06-17,Rechter Verteidiger,12,2023-07-14,2028-06-30,[],https://www.transfermarkt.de/jurrien-timber/profil/spieler/420243,CONFIRMED,STAGE_CURRENT_SQUAD,https://www.transfermarkt.de/fc-arsenal/kader/verein/11/saison_id/2026/plus/1,0a651bf929057db7f1dbbe4529cc7f612bb8971a26a0e97c6367450f71960375,2026-09-12
ENG1,Arsenal,11,Ben White,335721,1997-10-08,Rechter Verteidiger,4,2021-07-30,2028-06-30,[],https://www.transfermarkt.de/ben-white/profil/spieler/335721,CONFIRMED,STAGE_CURRENT_SQUAD,https://www.transfermarkt.de/fc-arsenal/kader/verein/11/saison_id/2026/plus/1,0a651bf929057db7f1dbbe4529cc7f612bb8971a26a0e97c6367450f71960375,2026-09-12
ENG1,Arsenal,11,Martín Zubimendi,423440,1999-02-02,Defensives Mittelfeld,36,2025-07-06,2030-06-30,[],https://www.transfermarkt.de/martin-zubimendi/profil/spieler/423440,CONFIRMED,STAGE_CURRENT_SQUAD,https://www.transfermarkt.de/fc-arsenal/kader/verein/11/saison_id/2026/plus/1,0a651bf929057db7f1dbbe4529cc7f612bb8971a26a0e97c6367450f71960375,2026-09-12
ENG1,Arsenal,11,Myles Lewis-Skelly,890721,2006-09-26,Defensives Mittelfeld,49,2024-07-01,2030-06-30,[],https://www.transfermarkt.de/myles-lewis-skelly/profil/spieler/890721,CONFIRMED,STAGE_CURRENT_SQUAD,https://www.transfermarkt.de/fc-arsenal/kader/verein/11/saison_id/2026/plus/1,0a651bf929057db7f1dbbe4529cc7f612bb8971a26a0e97c6367450f71960375,2026-09-12
ENG1,Arsenal,11,Declan Rice,357662,1999-01-14,Zentrales Mittelfeld,41,2023-07-15,2028-06-30,[],https://www.transfermarkt.de/declan-rice/profil/spieler/357662,CONFIRMED,STAGE_CURRENT_SQUAD,https://www.transfermarkt.de/fc-arsenal/kader/verein/11/saison_id/2026/plus/1,0a651bf929057db7f1dbbe4529cc7f612bb8971a26a0e97c6367450f71960375,2026-09-12
ENG1,Arsenal,11,Bruno Guimarães,520624,1997-11-16,Zentrales Mittelfeld,39,2026-08-08,2030-06-30,"[""Neuzugang von: Newcastle United; Datum: 08.08.2026; Ablöse: 87,50 Mio. €""]",https://www.transfermarkt.de/bruno-guimaraes/profil/spieler/520624,CONFIRMED,STAGE_CURRENT_SQUAD,https://www.transfermarkt.de/fc-arsenal/kader/verein/11/saison_id/2026/plus/1,0a651bf929057db7f1dbbe4529cc7f612bb8971a26a0e97c6367450f71960375,2026-09-12
ENG1,Arsenal,11,Mikel Merino,338424,1996-06-22,Zentrales Mittelfeld,23,2024-08-27,2028-06-30,[],https://www.transfermarkt.de/mikel-merino/profil/spieler/338424,CONFIRMED,STAGE_CURRENT_SQUAD,https://www.transfermarkt.de/fc-arsenal/kader/verein/11/saison_id/2026/plus/1,0a651bf929057db7f1dbbe4529cc7f612bb8971a26a0e97c6367450f71960375,2026-09-12
ENG1,Arsenal,11,Martin Ødegaard,316264,1998-12-17,Offensives Mittelfeld,8,2021-08-20,2028-06-30,[],https://www.transfermarkt.de/martin-odegaard/profil/spieler/316264,CONFIRMED,STAGE_CURRENT_SQUAD,https://www.transfermarkt.de/fc-arsenal/kader/verein/11/saison_id/2026/plus/1,0a651bf929057db7f1dbbe4529cc7f612bb8971a26a0e97c6367450f71960375,2026-09-12
ENG1,Arsenal,11,Eberechi Eze,479999,1998-06-29,Offensives Mittelfeld,10,2025-08-23,2029-06-30,[],https://www.transfermarkt.de/eberechi-eze/profil/spieler/479999,CONFIRMED,STAGE_CURRENT_SQUAD,https://www.transfermarkt.de/fc-arsenal/kader/verein/11/saison_id/2026/plus/1,0a651bf929057db7f1dbbe4529cc7f612bb8971a26a0e97c6367450f71960375,2026-09-12
ENG1,Arsenal,11,Christos Tzolis,451677,2002-01-30,Linksaußen,17,2026-07-23,2031-06-30,"[""Neuzugang von: Club Brügge; Datum: 23.07.2026; Ablöse: 40,00 Mio. €""]",https://www.transfermarkt.de/christos-tzolis/profil/spieler/451677,CONFIRMED,STAGE_CURRENT_SQUAD,https://www.transfermarkt.de/fc-arsenal/kader/verein/11/saison_id/2026/plus/1,0a651bf929057db7f1dbbe4529cc7f612bb8971a26a0e97c6367450f71960375,2026-09-12
ENG1,Arsenal,11,Bukayo Saka,433177,2001-09-05,Rechtsaußen,7,2019-07-01,2030-06-30,[],https://www.transfermarkt.de/bukayo-saka/profil/spieler/433177,CONFIRMED,STAGE_CURRENT_SQUAD,https://www.transfermarkt.de/fc-arsenal/kader/verein/11/saison_id/2026/plus/1,0a651bf929057db7f1dbbe4529cc7f612bb8971a26a0e97c6367450f71960375,2026-09-12
ENG1,Arsenal,11,Noni Madueke,503987,2002-03-10,Rechtsaußen,20,2025-07-18,2030-06-30,[],https://www.transfermarkt.de/noni-madueke/profil/spieler/503987,CONFIRMED,STAGE_CURRENT_SQUAD,https://www.transfermarkt.de/fc-arsenal/kader/verein/11/saison_id/2026/plus/1,0a651bf929057db7f1dbbe4529cc7f612bb8971a26a0e97c6367450f71960375,2026-09-12
ENG1,Arsenal,11,Max Dowman,1187629,2009-12-31,Rechtsaußen,56,2025-07-01,,[],https://www.transfermarkt.de/max-dowman/profil/spieler/1187629,CONFIRMED,REVIEW_REQUIRED,https://www.transfermarkt.de/fc-arsenal/kader/verein/11/saison_id/2026/plus/1,0a651bf929057db7f1dbbe4529cc7f612bb8971a26a0e97c6367450f71960375,2026-09-12
ENG1,Arsenal,11,Viktor Gyökeres,325443,1998-06-04,Mittelstürmer,14,2025-07-26,2030-06-30,[],https://www.transfermarkt.de/viktor-gyokeres/profil/spieler/325443,CONFIRMED,STAGE_CURRENT_SQUAD,https://www.transfermarkt.de/fc-arsenal/kader/verein/11/saison_id/2026/plus/1,0a651bf929057db7f1dbbe4529cc7f612bb8971a26a0e97c6367450f71960375,2026-09-12
ENG1,Arsenal,11,Kai Havertz,309400,1999-06-11,Mittelstürmer,29,2023-07-01,2028-06-30,[],https://www.transfermarkt.de/kai-havertz/profil/spieler/309400,CONFIRMED,STAGE_CURRENT_SQUAD,https://www.transfermarkt.de/fc-arsenal/kader/verein/11/saison_id/2026/plus/1,0a651bf929057db7f1dbbe4529cc7f612bb8971a26a0e97c6367450f71960375,2026-09-12
ENG1,Aston Villa,405,Zion Suzuki,432298,2002-08-21,Torwart,1,2026-08-19,,"[""Neuzugang von: Parma Calcio 1913; Datum: 19.08.2026; Ablöse: 30,00 Mio. €""]",https://www.transfermarkt.de/zion-suzuki/profil/spieler/432298,CONFIRMED,STAGE_CURRENT_SQUAD,https://www.transfermarkt.de/aston-villa/kader/verein/405/saison_id/2026/plus/1,66b9b7fdd741084e821d291249f5bdc0fe382243be248d861c1137a95e82f15d,2026-09-12
ENG1,Aston Villa,405,Marco Bizot,124884,1991-03-10,Torwart,40,2025-07-15,2027-06-30,[],https://www.transfermarkt.de/marco-bizot/profil/spieler/124884,CONFIRMED,STAGE_CURRENT_SQUAD,https://www.transfermarkt.de/aston-villa/kader/verein/405/saison_id/2026/plus/1,66b9b7fdd741084e821d291249f5bdc0fe382243be248d861c1137a95e82f15d,2026-09-12
ENG1,Aston Villa,405,James Wright,712181,2004-12-02,Torwart,42,2026-07-01,,"[""Interner Wechsel: Aston Villa U21; Datum: 01.07.2026""]",https://www.transfermarkt.de/james-wright/profil/spieler/712181,CONFIRMED,REVIEW_REQUIRED,https://www.transfermarkt.de/aston-villa/kader/verein/405/saison_id/2026/plus/1,66b9b7fdd741084e821d291249f5bdc0fe382243be248d861c1137a95e82f15d,2026-09-12
ENG1,Aston Villa,405,Taylor Harwood-Bellis,503977,2002-01-30,Innenverteidiger,4,2026-09-01,,"[""Neuzugang von: FC Southampton; Datum: 01.09.2026; Ablöse: 29,20 Mio. €""]",https://www.transfermarkt.de/taylor-harwood-bellis/profil/spieler/503977,CONFIRMED,STAGE_CURRENT_SQUAD,https://www.transfermarkt.de/aston-villa/kader/verein/405/saison_id/2026/plus/1,66b9b7fdd741084e821d291249f5bdc0fe382243be248d861c1137a95e82f15d,2026-09-12
ENG1,Aston Villa,405,Pau Torres,399776,1997-01-16,Innenverteidiger,14,2023-07-12,2028-06-30,[],https://www.transfermarkt.de/pau-torres/profil/spieler/399776,CONFIRMED,STAGE_CURRENT_SQUAD,https://www.transfermarkt.de/aston-villa/kader/verein/405/saison_id/2026/plus/1,66b9b7fdd741084e821d291249f5bdc0fe382243be248d861c1137a95e82f15d,2026-09-12
ENG1,Aston Villa,405,Modou Kéba Cissé,1282860,2005-08-04,Innenverteidiger,48,2026-07-01,2029-06-30,"[""Neuzugang von: LASK; Datum: 01.07.2026; Ablöse: 5,50 Mio. €""]",https://www.transfermarkt.de/modou-keba-cisse/profil/spieler/1282860,CONFIRMED,STAGE_CURRENT_SQUAD,https://www.transfermarkt.de/aston-villa/kader/verein/405/saison_id/2026/plus/1,66b9b7fdd741084e821d291249f5bdc0fe382243be248d861c1137a95e82f15d,2026-09-12
ENG1,Aston Villa,405,Victor Lindelöf,184573,1994-07-17,Innenverteidiger,3,2025-09-01,2027-06-30,[],https://www.transfermarkt.de/victor-lindelof/profil/spieler/184573,CONFIRMED,STAGE_CURRENT_SQUAD,https://www.transfermarkt.de/aston-villa/kader/verein/405/saison_id/2026/plus/1,66b9b7fdd741084e821d291249f5bdc0fe382243be248d861c1137a95e82f15d,2026-09-12
ENG1,Aston Villa,405,Tyrone Mings,253677,1993-03-13,Innenverteidiger,5,2019-07-08,2027-06-30,[],https://www.transfermarkt.de/tyrone-mings/profil/spieler/253677,CONFIRMED,STAGE_CURRENT_SQUAD,https://www.transfermarkt.de/aston-villa/kader/verein/405/saison_id/2026/plus/1,66b9b7fdd741084e821d291249f5bdc0fe382243be248d861c1137a95e82f15d,2026-09-12
ENG1,Aston Villa,405,Ian Maatsen,485585,2002-03-10,Linker Verteidiger,22,2024-07-01,2030-06-30,[],https://www.transfermarkt.de/ian-maatsen/profil/spieler/485585,CONFIRMED,STAGE_CURRENT_SQUAD,https://www.transfermarkt.de/aston-villa/kader/verein/405/saison_id/2026/plus/1,66b9b7fdd741084e821d291249f5bdc0fe382243be248d861c1137a95e82f15d,2026-09-12
ENG1,Aston Villa,405,Matteo Ruggeri,616631,2002-07-11,Linker Verteidiger,13,2026-08-19,,"[""Neuzugang von: Atlético Madrid; Datum: 19.08.2026; Ablöse: 25,00 Mio. €""]",https://www.transfermarkt.de/matteo-ruggeri/profil/spieler/616631,CONFIRMED,STAGE_CURRENT_SQUAD,https://www.transfermarkt.de/aston-villa/kader/verein/405/saison_id/2026/plus/1,66b9b7fdd741084e821d291249f5bdc0fe382243be248d861c1137a95e82f15d,2026-09-12
ENG1,Aston Villa,405,Matty Cash,425334,1997-08-07,Rechter Verteidiger,2,2020-09-03,2029-06-30,[],https://www.transfermarkt.de/matty-cash/profil/spieler/425334,CONFIRMED,STAGE_CURRENT_SQUAD,https://www.transfermarkt.de/aston-villa/kader/verein/405/saison_id/2026/plus/1,66b9b7fdd741084e821d291249f5bdc0fe382243be248d861c1137a95e82f15d,2026-09-12
ENG1,Aston Villa,405,Aaron Wan-Bissaka,477758,1997-11-26,Rechter Verteidiger,29,2026-08-21,2027-06-30,[],https://www.transfermarkt.de/aaron-wan-bissaka/profil/spieler/477758,CONFIRMED,REVIEW_REQUIRED,https://www.transfermarkt.de/aston-villa/kader/verein/405/saison_id/2026/plus/1,66b9b7fdd741084e821d291249f5bdc0fe382243be248d861c1137a95e82f15d,2026-09-12
ENG1,Aston Villa,405,Amadou Onana,485706,2001-08-16,Defensives Mittelfeld,24,2024-07-22,2029-06-30,[],https://www.transfermarkt.de/amadou-onana/profil/spieler/485706,CONFIRMED,STAGE_CURRENT_SQUAD,https://www.transfermarkt.de/aston-villa/kader/verein/405/saison_id/2026/plus/1,66b9b7fdd741084e821d291249f5bdc0fe382243be248d861c1137a95e82f15d,2026-09-12
ENG1,Aston Villa,405,Boubacar Kamara,394327,1999-11-23,Defensives Mittelfeld,8,2022-07-01,2030-06-30,[],https://www.transfermarkt.de/boubacar-kamara/profil/spieler/394327,CONFIRMED,STAGE_CURRENT_SQUAD,https://www.transfermarkt.de/aston-villa/kader/verein/405/saison_id/2026/plus/1,66b9b7fdd741084e821d291249f5bdc0fe382243be248d861c1137a95e82f15d,2026-09-12
ENG1,Aston Villa,405,Lamare Bogarde,645686,2004-01-05,Defensives Mittelfeld,26,2024-07-01,2028-06-30,[],https://www.transfermarkt.de/lamare-bogarde/profil/spieler/645686,CONFIRMED,STAGE_CURRENT_SQUAD,https://www.transfermarkt.de/aston-villa/kader/verein/405/saison_id/2026/plus/1,66b9b7fdd741084e821d291249f5bdc0fe382243be248d861c1137a95e82f15d,2026-09-12
ENG1,Aston Villa,405,João Gomes,735570,2001-02-12,Zentrales Mittelfeld,35,2026-07-20,2031-06-30,"[""Neuzugang von: Wolverhampton Wanderers; Datum: 20.07.2026; Ablöse: 40,00 Mio. €""]",https://www.transfermarkt.de/joao-gomes/profil/spieler/735570,CONFIRMED,STAGE_CURRENT_SQUAD,https://www.transfermarkt.de/aston-villa/kader/verein/405/saison_id/2026/plus/1,66b9b7fdd741084e821d291249f5bdc0fe382243be248d861c1137a95e82f15d,2026-09-12
ENG1,Aston Villa,405,John McGinn,193116,1994-10-18,Zentrales Mittelfeld,7,2018-08-08,2028-06-30,[],https://www.transfermarkt.de/john-mcginn/profil/spieler/193116,CONFIRMED,STAGE_CURRENT_SQUAD,https://www.transfermarkt.de/aston-villa/kader/verein/405/saison_id/2026/plus/1,66b9b7fdd741084e821d291249f5bdc0fe382243be248d861c1137a95e82f15d,2026-09-12
ENG1,Aston Villa,405,Leon Goretzka,153084,1995-02-06,Zentrales Mittelfeld,27,2026-08-27,2028-06-30,"[""Neuzugang von: FC Bayern München; Datum: 27.08.2026; Ablöse: ablösefrei""]",https://www.transfermarkt.de/leon-goretzka/profil/spieler/153084,CONFIRMED,STAGE_CURRENT_SQUAD,https://www.transfermarkt.de/aston-villa/kader/verein/405/saison_id/2026/plus/1,66b9b7fdd741084e821d291249f5bdc0fe382243be248d861c1137a95e82f15d,2026-09-12
ENG1,Aston Villa,405,Ross Barkley,131978,1993-12-05,Zentrales Mittelfeld,6,2024-07-01,2027-06-30,[],https://www.transfermarkt.de/ross-barkley/profil/spieler/131978,CONFIRMED,STAGE_CURRENT_SQUAD,https://www.transfermarkt.de/aston-villa/kader/verein/405/saison_id/2026/plus/1,66b9b7fdd741084e821d291249f5bdc0fe382243be248d861c1137a95e82f15d,2026-09-12
ENG1,Aston Villa,405,Johan Manzambi,927353,2005-10-14,Offensives Mittelfeld,44,2026-07-17,,"[""Neuzugang von: SC Freiburg; Datum: 17.07.2026; Ablöse: 60,00 Mio. €""]",https://www.transfermarkt.de/johan-manzambi/profil/spieler/927353,CONFIRMED,STAGE_CURRENT_SQUAD,https://www.transfermarkt.de/aston-villa/kader/verein/405/saison_id/2026/plus/1,66b9b7fdd741084e821d291249f5bdc0fe382243be248d861c1137a95e82f15d,2026-09-12
ENG1,Aston Villa,405,Emiliano Buendía,321247,1996-12-25,Offensives Mittelfeld,10,2021-07-01,2027-06-30,[],https://www.transfermarkt.de/emiliano-buendia/profil/spieler/321247,CONFIRMED,STAGE_CURRENT_SQUAD,https://www.transfermarkt.de/aston-villa/kader/verein/405/saison_id/2026/plus/1,66b9b7fdd741084e821d291249f5bdc0fe382243be248d861c1137a95e82f15d,2026-09-12
ENG1,Aston Villa,405,Alejandro Garnacho,811779,2004-07-01,Linksaußen,17,2026-07-23,2027-06-30,[],https://www.transfermarkt.de/alejandro-garnacho/profil/spieler/811779,CONFIRMED,REVIEW_REQUIRED,https://www.transfermarkt.de/aston-villa/kader/verein/405/saison_id/2026/plus/1,66b9b7fdd741084e821d291249f5bdc0fe382243be248d861c1137a95e82f15d,2026-09-12
ENG1,Aston Villa,405,George Hemmings,1023191,2007-04-03,Linksaußen,53,2026-07-01,,"[""Interner Wechsel: Aston Villa U21; Datum: 01.07.2026""]",https://www.transfermarkt.de/george-hemmings/profil/spieler/1023191,CONFIRMED,REVIEW_REQUIRED,https://www.transfermarkt.de/aston-villa/kader/verein/405/saison_id/2026/plus/1,66b9b7fdd741084e821d291249f5bdc0fe382243be248d861c1137a95e82f15d,2026-09-12
ENG1,Aston Villa,405,Ibrahim Mbaye,1185888,2008-01-24,Rechtsaußen,19,2026-09-01,,"[""Neuzugang von: Paris Saint-Germain; Datum: 01.09.2026; Ablöse: 55,00 Mio. €""]",https://www.transfermarkt.de/ibrahim-mbaye/profil/spieler/1185888,CONFIRMED,STAGE_CURRENT_SQUAD,https://www.transfermarkt.de/aston-villa/kader/verein/405/saison_id/2026/plus/1,66b9b7fdd741084e821d291249f5bdc0fe382243be248d861c1137a95e82f15d,2026-09-12
ENG1,Aston Villa,405,Alysson,1005583,2006-05-05,Rechtsaußen,47,2026-01-01,2031-06-30,[],https://www.transfermarkt.de/alysson/profil/spieler/1005583,CONFIRMED,STAGE_CURRENT_SQUAD,https://www.transfermarkt.de/aston-villa/kader/verein/405/saison_id/2026/plus/1,66b9b7fdd741084e821d291249f5bdc0fe382243be248d861c1137a95e82f15d,2026-09-12
ENG1,Aston Villa,405,Nicolas Jackson,776890,2001-06-20,Mittelstürmer,11,2026-08-28,2031-06-30,"[""Neuzugang von: FC Chelsea; Datum: 28.08.2026; Ablöse: 55,50 Mio. €""]",https://www.transfermarkt.de/nicolas-jackson/profil/spieler/776890,CONFIRMED,REVIEW_REQUIRED,https://www.transfermarkt.de/aston-villa/kader/verein/405/saison_id/2026/plus/1,66b9b7fdd741084e821d291249f5bdc0fe382243be248d861c1137a95e82f15d,2026-09-12
ENG1,Aston Villa,405,Tammy Abraham,331726,1997-10-02,Mittelstürmer,18,2026-01-27,2030-06-30,[],https://www.transfermarkt.de/tammy-abraham/profil/spieler/331726,CONFIRMED,REVIEW_REQUIRED,https://www.transfermarkt.de/aston-villa/kader/verein/405/saison_id/2026/plus/1,66b9b7fdd741084e821d291249f5bdc0fe382243be248d861c1137a95e82f15d,2026-09-12
ENG1,Aston Villa,405,Brian Madjo,1226357,2009-01-12,Mittelstürmer,39,2026-01-12,2032-06-30,[],https://www.transfermarkt.de/brian-madjo/profil/spieler/1226357,CONFIRMED,STAGE_CURRENT_SQUAD,https://www.transfermarkt.de/aston-villa/kader/verein/405/saison_id/2026/plus/1,66b9b7fdd741084e821d291249f5bdc0fe382243be248d861c1137a95e82f15d,2026-09-12
ENG1,AFC Bournemouth,989,Djordje Petrovic,465555,1999-10-08,Torwart,1,2025-07-16,2030-06-30,[],https://www.transfermarkt.de/djordje-petrovic/profil/spieler/465555,CONFIRMED,STAGE_CURRENT_SQUAD,https://www.transfermarkt.de/afc-bournemouth/kader/verein/989/saison_id/2026/plus/1,147ac73d9a94a634b365ebf6ee82ee4655d46b0d4aa0cba07b481ccc27a62359,2026-09-12
ENG1,AFC Bournemouth,989,Michele Di Gregorio,301238,1997-07-27,Torwart,20,2026-08-25,2027-06-30,[],https://www.transfermarkt.de/michele-di-gregorio/profil/spieler/301238,CONFIRMED,REVIEW_REQUIRED,https://www.transfermarkt.de/afc-bournemouth/kader/verein/989/saison_id/2026/plus/1,147ac73d9a94a634b365ebf6ee82ee4655d46b0d4aa0cba07b481ccc27a62359,2026-09-12
ENG1,AFC Bournemouth,989,Fraser Forster,52570,1988-03-17,Torwart,17,2026-01-02,2027-06-30,[],https://www.transfermarkt.de/fraser-forster/profil/spieler/52570,CONFIRMED,REVIEW_REQUIRED,https://www.transfermarkt.de/afc-bournemouth/kader/verein/989/saison_id/2026/plus/1,147ac73d9a94a634b365ebf6ee82ee4655d46b0d4aa0cba07b481ccc27a62359,2026-09-12
ENG1,AFC Bournemouth,989,António Silva,650568,2003-10-30,Innenverteidiger,14,2026-08-01,2031-06-30,"[""Neuzugang von: Benfica Lissabon; Datum: 01.08.2026; Ablöse: 25,00 Mio. €""]",https://www.transfermarkt.de/antonio-silva/profil/spieler/650568,CONFIRMED,STAGE_CURRENT_SQUAD,https://www.transfermarkt.de/afc-bournemouth/kader/verein/989/saison_id/2026/plus/1,147ac73d9a94a634b365ebf6ee82ee4655d46b0d4aa0cba07b481ccc27a62359,2026-09-12
ENG1,AFC Bournemouth,989,Bafodé Diakité,463605,2001-01-06,Innenverteidiger,18,2025-08-13,2030-06-30,[],https://www.transfermarkt.de/bafode-diakite/profil/spieler/463605,CONFIRMED,STAGE_CURRENT_SQUAD,https://www.transfermarkt.de/afc-bournemouth/kader/verein/989/saison_id/2026/plus/1,147ac73d9a94a634b365ebf6ee82ee4655d46b0d4aa0cba07b481ccc27a62359,2026-09-12
ENG1,AFC Bournemouth,989,James Hill,611793,2002-01-10,Innenverteidiger,5,2022-01-05,2029-06-30,[],https://www.transfermarkt.de/james-hill/profil/spieler/611793,CONFIRMED,STAGE_CURRENT_SQUAD,https://www.transfermarkt.de/afc-bournemouth/kader/verein/989/saison_id/2026/plus/1,147ac73d9a94a634b365ebf6ee82ee4655d46b0d4aa0cba07b481ccc27a62359,2026-09-12
ENG1,AFC Bournemouth,989,Veljko Milosavljevic,989112,2007-06-28,Innenverteidiger,44,2025-09-01,2030-06-30,[],https://www.transfermarkt.de/veljko-milosavljevic/profil/spieler/989112,CONFIRMED,STAGE_CURRENT_SQUAD,https://www.transfermarkt.de/afc-bournemouth/kader/verein/989/saison_id/2026/plus/1,147ac73d9a94a634b365ebf6ee82ee4655d46b0d4aa0cba07b481ccc27a62359,2026-09-12
ENG1,AFC Bournemouth,989,Adrien Truffert,654539,2001-11-20,Linker Verteidiger,3,2025-07-01,2030-06-30,[],https://www.transfermarkt.de/adrien-truffert/profil/spieler/654539,CONFIRMED,STAGE_CURRENT_SQUAD,https://www.transfermarkt.de/afc-bournemouth/kader/verein/989/saison_id/2026/plus/1,147ac73d9a94a634b365ebf6ee82ee4655d46b0d4aa0cba07b481ccc27a62359,2026-09-12
ENG1,AFC Bournemouth,989,Julio Soler,1009658,2005-02-16,Linker Verteidiger,6,2025-01-07,2029-06-30,[],https://www.transfermarkt.de/julio-soler/profil/spieler/1009658,CONFIRMED,STAGE_CURRENT_SQUAD,https://www.transfermarkt.de/afc-bournemouth/kader/verein/989/saison_id/2026/plus/1,147ac73d9a94a634b365ebf6ee82ee4655d46b0d4aa0cba07b481ccc27a62359,2026-09-12
ENG1,AFC Bournemouth,989,Juanlu Sánchez,676042,2003-08-15,Rechter Verteidiger,24,2026-08-06,,"[""Neuzugang von: FC Sevilla; Datum: 06.08.2026; Ablöse: 11,00 Mio. €""]",https://www.transfermarkt.de/juanlu-sanchez/profil/spieler/676042,CONFIRMED,STAGE_CURRENT_SQUAD,https://www.transfermarkt.de/afc-bournemouth/kader/verein/989/saison_id/2026/plus/1,147ac73d9a94a634b365ebf6ee82ee4655d46b0d4aa0cba07b481ccc27a62359,2026-09-12
ENG1,AFC Bournemouth,989,Julián Araujo,513970,2001-08-13,Rechter Verteidiger,2,2024-08-13,2029-06-30,"[""Rückkehr nach Leihe von: Celtic Glasgow; Datum: 30.06.2026; Ablöse: Leih-Ende""]",https://www.transfermarkt.de/julian-araujo/profil/spieler/513970,CONFIRMED,STAGE_CURRENT_SQUAD,https://www.transfermarkt.de/afc-bournemouth/kader/verein/989/saison_id/2026/plus/1,147ac73d9a94a634b365ebf6ee82ee4655d46b0d4aa0cba07b481ccc27a62359,2026-09-12
ENG1,AFC Bournemouth,989,Max Aarons,471690,2000-01-04,Rechter Verteidiger,28,2023-08-10,2029-06-30,"[""Rückkehr nach Leihe von: Glasgow Rangers; Datum: 30.06.2026; Ablöse: Leih-Ende""]",https://www.transfermarkt.de/max-aarons/profil/spieler/471690,CONFIRMED,REVIEW_REQUIRED,https://www.transfermarkt.de/afc-bournemouth/kader/verein/989/saison_id/2026/plus/1,147ac73d9a94a634b365ebf6ee82ee4655d46b0d4aa0cba07b481ccc27a62359,2026-09-12
ENG1,AFC Bournemouth,989,Adam Smith,61841,1991-04-29,Rechter Verteidiger,15,2014-01-28,2027-06-30,[],https://www.transfermarkt.de/adam-smith/profil/spieler/61841,CONFIRMED,STAGE_CURRENT_SQUAD,https://www.transfermarkt.de/afc-bournemouth/kader/verein/989/saison_id/2026/plus/1,147ac73d9a94a634b365ebf6ee82ee4655d46b0d4aa0cba07b481ccc27a62359,2026-09-12
ENG1,AFC Bournemouth,989,Tyler Adams,332705,1999-02-14,Defensives Mittelfeld,12,2023-08-20,2028-06-30,[],https://www.transfermarkt.de/tyler-adams/profil/spieler/332705,CONFIRMED,STAGE_CURRENT_SQUAD,https://www.transfermarkt.de/afc-bournemouth/kader/verein/989/saison_id/2026/plus/1,147ac73d9a94a634b365ebf6ee82ee4655d46b0d4aa0cba07b481ccc27a62359,2026-09-12
ENG1,AFC Bournemouth,989,Ben Winterburn,854721,2004-09-04,Defensives Mittelfeld,47,2025-01-01,2027-06-30,"[""Rückkehr nach Leihe von: FC Barnet; Datum: 30.06.2026; Ablöse: Leih-Ende""]",https://www.transfermarkt.de/ben-winterburn/profil/spieler/854721,CONFIRMED,REVIEW_REQUIRED,https://www.transfermarkt.de/afc-bournemouth/kader/verein/989/saison_id/2026/plus/1,147ac73d9a94a634b365ebf6ee82ee4655d46b0d4aa0cba07b481ccc27a62359,2026-09-12
ENG1,AFC Bournemouth,989,Alex Scott,855256,2003-08-21,Zentrales Mittelfeld,8,2023-08-10,2028-06-30,[],https://www.transfermarkt.de/alex-scott/profil/spieler/855256,CONFIRMED,STAGE_CURRENT_SQUAD,https://www.transfermarkt.de/afc-bournemouth/kader/verein/989/saison_id/2026/plus/1,147ac73d9a94a634b365ebf6ee82ee4655d46b0d4aa0cba07b481ccc27a62359,2026-09-12
ENG1,AFC Bournemouth,989,Alex Tóth,998101,2005-10-23,Zentrales Mittelfeld,27,2026-01-20,2031-06-30,[],https://www.transfermarkt.de/alex-toth/profil/spieler/998101,CONFIRMED,REVIEW_REQUIRED,https://www.transfermarkt.de/afc-bournemouth/kader/verein/989/saison_id/2026/plus/1,147ac73d9a94a634b365ebf6ee82ee4655d46b0d4aa0cba07b481ccc27a62359,2026-09-12
ENG1,AFC Bournemouth,989,Lewis Cook,249089,1997-02-03,Zentrales Mittelfeld,4,2016-07-08,2028-06-30,[],https://www.transfermarkt.de/lewis-cook/profil/spieler/249089,CONFIRMED,STAGE_CURRENT_SQUAD,https://www.transfermarkt.de/afc-bournemouth/kader/verein/989/saison_id/2026/plus/1,147ac73d9a94a634b365ebf6ee82ee4655d46b0d4aa0cba07b481ccc27a62359,2026-09-12
ENG1,AFC Bournemouth,989,Ryan Christie,188077,1995-02-22,Zentrales Mittelfeld,10,2021-08-31,2029-06-30,[],https://www.transfermarkt.de/ryan-christie/profil/spieler/188077,CONFIRMED,STAGE_CURRENT_SQUAD,https://www.transfermarkt.de/afc-bournemouth/kader/verein/989/saison_id/2026/plus/1,147ac73d9a94a634b365ebf6ee82ee4655d46b0d4aa0cba07b481ccc27a62359,2026-09-12
ENG1,AFC Bournemouth,989,Marcus Tavernier,399434,1999-03-22,Offensives Mittelfeld,16,2022-08-01,2029-06-30,[],https://www.transfermarkt.de/marcus-tavernier/profil/spieler/399434,CONFIRMED,STAGE_CURRENT_SQUAD,https://www.transfermarkt.de/afc-bournemouth/kader/verein/989/saison_id/2026/plus/1,147ac73d9a94a634b365ebf6ee82ee4655d46b0d4aa0cba07b481ccc27a62359,2026-09-12
ENG1,AFC Bournemouth,989,Justin Kluivert,330659,1999-05-05,Offensives Mittelfeld,19,2023-07-01,2028-06-30,[],https://www.transfermarkt.de/justin-kluivert/profil/spieler/330659,CONFIRMED,STAGE_CURRENT_SQUAD,https://www.transfermarkt.de/afc-bournemouth/kader/verein/989/saison_id/2026/plus/1,147ac73d9a94a634b365ebf6ee82ee4655d46b0d4aa0cba07b481ccc27a62359,2026-09-12
ENG1,AFC Bournemouth,989,Amine Adli,532776,2000-05-10,Linksaußen,21,2025-08-21,2030-06-30,[],https://www.transfermarkt.de/amine-adli/profil/spieler/532776,CONFIRMED,STAGE_CURRENT_SQUAD,https://www.transfermarkt.de/afc-bournemouth/kader/verein/989/saison_id/2026/plus/1,147ac73d9a94a634b365ebf6ee82ee4655d46b0d4aa0cba07b481ccc27a62359,2026-09-12
ENG1,AFC Bournemouth,989,Rayan,1012564,2006-08-03,Rechtsaußen,37,2026-01-27,2031-06-30,[],https://www.transfermarkt.de/rayan/profil/spieler/1012564,CONFIRMED,REVIEW_REQUIRED,https://www.transfermarkt.de/afc-bournemouth/kader/verein/989/saison_id/2026/plus/1,147ac73d9a94a634b365ebf6ee82ee4655d46b0d4aa0cba07b481ccc27a62359,2026-09-12
ENG1,AFC Bournemouth,989,Ben Gannon-Doak,719673,2005-11-11,Rechtsaußen,11,2025-08-18,2030-06-30,[],https://www.transfermarkt.de/ben-gannon-doak/profil/spieler/719673,CONFIRMED,STAGE_CURRENT_SQUAD,https://www.transfermarkt.de/afc-bournemouth/kader/verein/989/saison_id/2026/plus/1,147ac73d9a94a634b365ebf6ee82ee4655d46b0d4aa0cba07b481ccc27a62359,2026-09-12
ENG1,AFC Bournemouth,989,David Brooks,277033,1997-07-08,Rechtsaußen,7,2018-07-01,2029-06-30,[],https://www.transfermarkt.de/david-brooks/profil/spieler/277033,CONFIRMED,STAGE_CURRENT_SQUAD,https://www.transfermarkt.de/afc-bournemouth/kader/verein/989/saison_id/2026/plus/1,147ac73d9a94a634b365ebf6ee82ee4655d46b0d4aa0cba07b481ccc27a62359,2026-09-12
ENG1,AFC Bournemouth,989,Junior Kroupi,955357,2006-06-23,Mittelstürmer,22,2025-02-03,2030-06-30,[],https://www.transfermarkt.de/junior-kroupi/profil/spieler/955357,CONFIRMED,STAGE_CURRENT_SQUAD,https://www.transfermarkt.de/afc-bournemouth/kader/verein/989/saison_id/2026/plus/1,147ac73d9a94a634b365ebf6ee82ee4655d46b0d4aa0cba07b481ccc27a62359,2026-09-12
ENG1,AFC Bournemouth,989,Evanilson,711337,1999-10-06,Mittelstürmer,9,2024-08-16,2029-06-30,[],https://www.transfermarkt.de/evanilson/profil/spieler/711337,CONFIRMED,STAGE_CURRENT_SQUAD,https://www.transfermarkt.de/afc-bournemouth/kader/verein/989/saison_id/2026/plus/1,147ac73d9a94a634b365ebf6ee82ee4655d46b0d4aa0cba07b481ccc27a62359,2026-09-12
ENG1,AFC Bournemouth,989,Álvaro Rodríguez,948275,2004-07-14,Mittelstürmer,30,2026-07-14,,"[""Neuzugang von: FC Elche; Datum: 14.07.2026; Ablöse: 25,00 Mio. €""]",https://www.transfermarkt.de/alvaro-rodriguez/profil/spieler/948275,CONFIRMED,STAGE_CURRENT_SQUAD,https://www.transfermarkt.de/afc-bournemouth/kader/verein/989/saison_id/2026/plus/1,147ac73d9a94a634b365ebf6ee82ee4655d46b0d4aa0cba07b481ccc27a62359,2026-09-12
ENG1,AFC Bournemouth,989,Daniel Jebbison,746740,2003-08-13,Mittelstürmer,29,2024-07-10,2028-06-30,"[""Rückkehr nach Leihe von: Preston North End; Datum: 30.06.2026; Ablöse: Leih-Ende""]",https://www.transfermarkt.de/daniel-jebbison/profil/spieler/746740,CONFIRMED,REVIEW_REQUIRED,https://www.transfermarkt.de/afc-bournemouth/kader/verein/989/saison_id/2026/plus/1,147ac73d9a94a634b365ebf6ee82ee4655d46b0d4aa0cba07b481ccc27a62359,2026-09-12
ENG1,Brentford,1148,Caoimhín Kelleher,340918,1998-11-23,Torwart,1,2025-07-01,2030-06-30,[],https://www.transfermarkt.de/caoimhin-kelleher/profil/spieler/340918,CONFIRMED,STAGE_CURRENT_SQUAD,https://www.transfermarkt.de/fc-brentford/kader/verein/1148/saison_id/2026/plus/1,98977ec56621e787ba2b89973d53a14e8f3ee796ba25d92646304551ba9c96fa,2026-09-12
ENG1,Brentford,1148,Hákon Valdimarsson,488935,2001-10-13,Torwart,12,2024-01-26,2030-06-30,[],https://www.transfermarkt.de/hakon-valdimarsson/profil/spieler/488935,CONFIRMED,STAGE_CURRENT_SQUAD,https://www.transfermarkt.de/fc-brentford/kader/verein/1148/saison_id/2026/plus/1,98977ec56621e787ba2b89973d53a14e8f3ee796ba25d92646304551ba9c96fa,2026-09-12
ENG1,Brentford,1148,Ellery Balcombe,456292,1999-10-15,Torwart,31,2018-07-01,2029-06-30,[],https://www.transfermarkt.de/ellery-balcombe/profil/spieler/456292,CONFIRMED,STAGE_CURRENT_SQUAD,https://www.transfermarkt.de/fc-brentford/kader/verein/1148/saison_id/2026/plus/1,98977ec56621e787ba2b89973d53a14e8f3ee796ba25d92646304551ba9c96fa,2026-09-12
ENG1,Brentford,1148,Sepp van den Berg,541231,2001-12-20,Innenverteidiger,4,2024-08-22,2029-06-30,[],https://www.transfermarkt.de/sepp-van-den-berg/profil/spieler/541231,CONFIRMED,STAGE_CURRENT_SQUAD,https://www.transfermarkt.de/fc-brentford/kader/verein/1148/saison_id/2026/plus/1,98977ec56621e787ba2b89973d53a14e8f3ee796ba25d92646304551ba9c96fa,2026-09-12
ENG1,Brentford,1148,Nathan Collins,469050,2001-04-30,Innenverteidiger,22,2023-07-04,2029-06-30,[],https://www.transfermarkt.de/nathan-collins/profil/spieler/469050,CONFIRMED,STAGE_CURRENT_SQUAD,https://www.transfermarkt.de/fc-brentford/kader/verein/1148/saison_id/2026/plus/1,98977ec56621e787ba2b89973d53a14e8f3ee796ba25d92646304551ba9c96fa,2026-09-12
ENG1,Brentford,1148,Kristoffer Ajer,328658,1998-04-17,Innenverteidiger,20,2021-07-21,2030-06-30,[],https://www.transfermarkt.de/kristoffer-ajer/profil/spieler/328658,CONFIRMED,STAGE_CURRENT_SQUAD,https://www.transfermarkt.de/fc-brentford/kader/verein/1148/saison_id/2026/plus/1,98977ec56621e787ba2b89973d53a14e8f3ee796ba25d92646304551ba9c96fa,2026-09-12
ENG1,Brentford,1148,Jannik Schuster,915418,2006-05-16,Innenverteidiger,44,2026-07-01,2031-06-30,"[""Neuzugang von: FC Red Bull Salzburg; Datum: 01.07.2026; Ablöse: 18,00 Mio. €""]",https://www.transfermarkt.de/jannik-schuster/profil/spieler/915418,CONFIRMED,STAGE_CURRENT_SQUAD,https://www.transfermarkt.de/fc-brentford/kader/verein/1148/saison_id/2026/plus/1,98977ec56621e787ba2b89973d53a14e8f3ee796ba25d92646304551ba9c96fa,2026-09-12
ENG1,Brentford,1148,Ji-soo Kim,709767,2004-12-24,Innenverteidiger,36,2024-07-01,2027-06-30,"[""Rückkehr nach Leihe von: 1.FC Kaiserslautern; Datum: 30.06.2026; Ablöse: Leih-Ende""]",https://www.transfermarkt.de/ji-soo-kim/profil/spieler/709767,CONFIRMED,REVIEW_REQUIRED,https://www.transfermarkt.de/fc-brentford/kader/verein/1148/saison_id/2026/plus/1,98977ec56621e787ba2b89973d53a14e8f3ee796ba25d92646304551ba9c96fa,2026-09-12
ENG1,Brentford,1148,Benjamin Fredrick,1071138,2005-05-28,Innenverteidiger,48,2026-07-10,2030-06-30,"[""Interner Wechsel: FC Brentford B; Datum: 10.07.2026""]",https://www.transfermarkt.de/benjamin-fredrick/profil/spieler/1071138,CONFIRMED,REVIEW_REQUIRED,https://www.transfermarkt.de/fc-brentford/kader/verein/1148/saison_id/2026/plus/1,98977ec56621e787ba2b89973d53a14e8f3ee796ba25d92646304551ba9c96fa,2026-09-12
ENG1,Brentford,1148,El Hadji Malick Diouf,1111589,2004-12-29,Linker Verteidiger,25,2026-08-28,2031-06-30,"[""Neuzugang von: West Ham United; Datum: 28.08.2026; Ablöse: 40,80 Mio. €""]",https://www.transfermarkt.de/el-hadji-malick-diouf/profil/spieler/1111589,CONFIRMED,REVIEW_REQUIRED,https://www.transfermarkt.de/fc-brentford/kader/verein/1148/saison_id/2026/plus/1,98977ec56621e787ba2b89973d53a14e8f3ee796ba25d92646304551ba9c96fa,2026-09-12
ENG1,Brentford,1148,Rico Henry,339556,1997-07-08,Linker Verteidiger,3,2016-08-31,2027-06-30,[],https://www.transfermarkt.de/rico-henry/profil/spieler/339556,CONFIRMED,STAGE_CURRENT_SQUAD,https://www.transfermarkt.de/fc-brentford/kader/verein/1148/saison_id/2026/plus/1,98977ec56621e787ba2b89973d53a14e8f3ee796ba25d92646304551ba9c96fa,2026-09-12
ENG1,Brentford,1148,Michael Kayode,823486,2004-07-10,Rechter Verteidiger,33,2025-07-01,2032-06-30,[],https://www.transfermarkt.de/michael-kayode/profil/spieler/823486,CONFIRMED,STAGE_CURRENT_SQUAD,https://www.transfermarkt.de/fc-brentford/kader/verein/1148/saison_id/2026/plus/1,98977ec56621e787ba2b89973d53a14e8f3ee796ba25d92646304551ba9c96fa,2026-09-12
ENG1,Brentford,1148,Aaron Hickey,591949,2002-06-10,Rechter Verteidiger,2,2022-07-09,2028-06-30,[],https://www.transfermarkt.de/aaron-hickey/profil/spieler/591949,CONFIRMED,STAGE_CURRENT_SQUAD,https://www.transfermarkt.de/fc-brentford/kader/verein/1148/saison_id/2026/plus/1,98977ec56621e787ba2b89973d53a14e8f3ee796ba25d92646304551ba9c96fa,2026-09-12
ENG1,Brentford,1148,Vitaly Janelt,270171,1998-05-10,Defensives Mittelfeld,27,2020-10-03,2030-06-30,[],https://www.transfermarkt.de/vitaly-janelt/profil/spieler/270171,CONFIRMED,STAGE_CURRENT_SQUAD,https://www.transfermarkt.de/fc-brentford/kader/verein/1148/saison_id/2026/plus/1,98977ec56621e787ba2b89973d53a14e8f3ee796ba25d92646304551ba9c96fa,2026-09-12
ENG1,Brentford,1148,Mamadou Sangaré,808348,2002-06-26,Zentrales Mittelfeld,18,2026-08-01,2031-06-30,"[""Neuzugang von: RC Lens; Datum: 01.08.2026; Ablöse: 48,00 Mio. €""]",https://www.transfermarkt.de/mamadou-sangare/profil/spieler/808348,CONFIRMED,STAGE_CURRENT_SQUAD,https://www.transfermarkt.de/fc-brentford/kader/verein/1148/saison_id/2026/plus/1,98977ec56621e787ba2b89973d53a14e8f3ee796ba25d92646304551ba9c96fa,2026-09-12
ENG1,Brentford,1148,Yegor Yarmolyuk,717411,2004-03-01,Zentrales Mittelfeld,6,2023-07-01,2031-06-30,[],https://www.transfermarkt.de/yegor-yarmolyuk/profil/spieler/717411,CONFIRMED,STAGE_CURRENT_SQUAD,https://www.transfermarkt.de/fc-brentford/kader/verein/1148/saison_id/2026/plus/1,98977ec56621e787ba2b89973d53a14e8f3ee796ba25d92646304551ba9c96fa,2026-09-12
ENG1,Brentford,1148,Mathias Jensen,319859,1996-01-01,Zentrales Mittelfeld,8,2019-07-10,2027-06-30,[],https://www.transfermarkt.de/mathias-jensen/profil/spieler/319859,CONFIRMED,STAGE_CURRENT_SQUAD,https://www.transfermarkt.de/fc-brentford/kader/verein/1148/saison_id/2026/plus/1,98977ec56621e787ba2b89973d53a14e8f3ee796ba25d92646304551ba9c96fa,2026-09-12
ENG1,Brentford,1148,Josh Dasilva,340321,1998-10-23,Zentrales Mittelfeld,10,2025-10-23,2027-06-30,[],https://www.transfermarkt.de/josh-dasilva/profil/spieler/340321,CONFIRMED,STAGE_CURRENT_SQUAD,https://www.transfermarkt.de/fc-brentford/kader/verein/1148/saison_id/2026/plus/1,98977ec56621e787ba2b89973d53a14e8f3ee796ba25d92646304551ba9c96fa,2026-09-12
ENG1,Brentford,1148,Keane Lewis-Potter,644401,2001-02-22,Linkes Mittelfeld,23,2022-07-12,2031-06-30,[],https://www.transfermarkt.de/keane-lewis-potter/profil/spieler/644401,CONFIRMED,STAGE_CURRENT_SQUAD,https://www.transfermarkt.de/fc-brentford/kader/verein/1148/saison_id/2026/plus/1,98977ec56621e787ba2b89973d53a14e8f3ee796ba25d92646304551ba9c96fa,2026-09-12
ENG1,Brentford,1148,Mikkel Damsgaard,540941,2000-07-03,Offensives Mittelfeld,24,2022-08-10,2030-06-30,[],https://www.transfermarkt.de/mikkel-damsgaard/profil/spieler/540941,CONFIRMED,STAGE_CURRENT_SQUAD,https://www.transfermarkt.de/fc-brentford/kader/verein/1148/saison_id/2026/plus/1,98977ec56621e787ba2b89973d53a14e8f3ee796ba25d92646304551ba9c96fa,2026-09-12
ENG1,Brentford,1148,Antoni Milambo,683620,2005-04-03,Offensives Mittelfeld,17,2025-07-03,2030-06-30,[],https://www.transfermarkt.de/antoni-milambo/profil/spieler/683620,CONFIRMED,STAGE_CURRENT_SQUAD,https://www.transfermarkt.de/fc-brentford/kader/verein/1148/saison_id/2026/plus/1,98977ec56621e787ba2b89973d53a14e8f3ee796ba25d92646304551ba9c96fa,2026-09-12
ENG1,Brentford,1148,Fábio Carvalho,559263,2002-08-30,Offensives Mittelfeld,14,2024-08-12,2029-06-30,[],https://www.transfermarkt.de/fabio-carvalho/profil/spieler/559263,CONFIRMED,STAGE_CURRENT_SQUAD,https://www.transfermarkt.de/fc-brentford/kader/verein/1148/saison_id/2026/plus/1,98977ec56621e787ba2b89973d53a14e8f3ee796ba25d92646304551ba9c96fa,2026-09-12
ENG1,Brentford,1148,Kevin Schade,473050,2001-11-27,Linksaußen,7,2023-07-01,2028-06-30,[],https://www.transfermarkt.de/kevin-schade/profil/spieler/473050,CONFIRMED,STAGE_CURRENT_SQUAD,https://www.transfermarkt.de/fc-brentford/kader/verein/1148/saison_id/2026/plus/1,98977ec56621e787ba2b89973d53a14e8f3ee796ba25d92646304551ba9c96fa,2026-09-12
ENG1,Brentford,1148,Jaidon Anthony,684210,1999-12-01,Linksaußen,19,2026-07-07,2030-06-30,"[""Neuzugang von: FC Burnley; Datum: 07.07.2026; Ablöse: 17,50 Mio. €""]",https://www.transfermarkt.de/jaidon-anthony/profil/spieler/684210,CONFIRMED,STAGE_CURRENT_SQUAD,https://www.transfermarkt.de/fc-brentford/kader/verein/1148/saison_id/2026/plus/1,98977ec56621e787ba2b89973d53a14e8f3ee796ba25d92646304551ba9c96fa,2026-09-12
ENG1,Brentford,1148,Gustavo Nunes,1086375,2005-11-20,Linksaußen,39,2024-08-28,2030-06-30,"[""Rückkehr nach Leihe von: Swansea City; Datum: 30.06.2026; Ablöse: Leih-Ende""]",https://www.transfermarkt.de/gustavo-nunes/profil/spieler/1086375,CONFIRMED,STAGE_CURRENT_SQUAD,https://www.transfermarkt.de/fc-brentford/kader/verein/1148/saison_id/2026/plus/1,98977ec56621e787ba2b89973d53a14e8f3ee796ba25d92646304551ba9c96fa,2026-09-12
ENG1,Brentford,1148,Dango Ouattara,823231,2002-02-11,Rechtsaußen,11,2025-08-16,2030-06-30,[],https://www.transfermarkt.de/dango-ouattara/profil/spieler/823231,CONFIRMED,STAGE_CURRENT_SQUAD,https://www.transfermarkt.de/fc-brentford/kader/verein/1148/saison_id/2026/plus/1,98977ec56621e787ba2b89973d53a14e8f3ee796ba25d92646304551ba9c96fa,2026-09-12
ENG1,Brentford,1148,Igor Thiago,739443,2001-06-26,Mittelstürmer,9,2024-07-01,2031-06-30,[],https://www.transfermarkt.de/igor-thiago/profil/spieler/739443,CONFIRMED,STAGE_CURRENT_SQUAD,https://www.transfermarkt.de/fc-brentford/kader/verein/1148/saison_id/2026/plus/1,98977ec56621e787ba2b89973d53a14e8f3ee796ba25d92646304551ba9c96fa,2026-09-12
ENG1,Brentford,1148,Kaye Furo,1011936,2007-02-06,Mittelstürmer,47,2026-01-11,2031-06-30,[],https://www.transfermarkt.de/kaye-furo/profil/spieler/1011936,CONFIRMED,STAGE_CURRENT_SQUAD,https://www.transfermarkt.de/fc-brentford/kader/verein/1148/saison_id/2026/plus/1,98977ec56621e787ba2b89973d53a14e8f3ee796ba25d92646304551ba9c96fa,2026-09-12
ENG1,Brentford,1148,Callum Wilson,123682,1992-02-27,Mittelstürmer,13,2026-07-09,2027-06-30,"[""Neuzugang von: West Ham United; Datum: 09.07.2026; Ablöse: ablösefrei""]",https://www.transfermarkt.de/callum-wilson/profil/spieler/123682,CONFIRMED,STAGE_CURRENT_SQUAD,https://www.transfermarkt.de/fc-brentford/kader/verein/1148/saison_id/2026/plus/1,98977ec56621e787ba2b89973d53a14e8f3ee796ba25d92646304551ba9c96fa,2026-09-12
ENG1,Brighton & Hove Albion,1237,Bart Verbruggen,565093,2002-08-18,Torwart,1,2023-07-03,2028-06-30,[],https://www.transfermarkt.de/bart-verbruggen/profil/spieler/565093,CONFIRMED,STAGE_CURRENT_SQUAD,https://www.transfermarkt.de/brighton-hove-albion/kader/verein/1237/saison_id/2026/plus/1,f2cf90d26295bb03b7a9f88ddd237a671bfa8ea7b8601dc2dd42f6c052d76dbc,2026-09-12
ENG1,Brighton & Hove Albion,1237,Jason Steele,73564,1990-08-18,Torwart,23,2018-07-01,2027-06-30,[],https://www.transfermarkt.de/jason-steele/profil/spieler/73564,CONFIRMED,STAGE_CURRENT_SQUAD,https://www.transfermarkt.de/brighton-hove-albion/kader/verein/1237/saison_id/2026/plus/1,f2cf90d26295bb03b7a9f88ddd237a671bfa8ea7b8601dc2dd42f6c052d76dbc,2026-09-12
ENG1,Brighton & Hove Albion,1237,Tom McGill,406556,2000-03-25,Torwart,38,2022-07-29,2027-06-30,[],https://www.transfermarkt.de/tom-mcgill/profil/spieler/406556,CONFIRMED,STAGE_CURRENT_SQUAD,https://www.transfermarkt.de/brighton-hove-albion/kader/verein/1237/saison_id/2026/plus/1,f2cf90d26295bb03b7a9f88ddd237a671bfa8ea7b8601dc2dd42f6c052d76dbc,2026-09-12
ENG1,Brighton & Hove Albion,1237,Luka Vuskovic,892160,2007-02-24,Innenverteidiger,44,2026-07-14,2031-06-30,"[""Neuzugang von: Tottenham Hotspur; Datum: 14.07.2026; Ablöse: 54,00 Mio. €""]",https://www.transfermarkt.de/luka-vuskovic/profil/spieler/892160,CONFIRMED,REVIEW_REQUIRED,https://www.transfermarkt.de/brighton-hove-albion/kader/verein/1237/saison_id/2026/plus/1,f2cf90d26295bb03b7a9f88ddd237a671bfa8ea7b8601dc2dd42f6c052d76dbc,2026-09-12
ENG1,Brighton & Hove Albion,1237,Pascal Struijk,410708,1999-08-11,Innenverteidiger,4,2026-07-01,2031-06-30,"[""Neuzugang von: Leeds United; Datum: 01.07.2026; Ablöse: 23,20 Mio. €""]",https://www.transfermarkt.de/pascal-struijk/profil/spieler/410708,CONFIRMED,STAGE_CURRENT_SQUAD,https://www.transfermarkt.de/brighton-hove-albion/kader/verein/1237/saison_id/2026/plus/1,f2cf90d26295bb03b7a9f88ddd237a671bfa8ea7b8601dc2dd42f6c052d76dbc,2026-09-12
ENG1,Brighton & Hove Albion,1237,Olivier Boscagli,318508,1997-11-18,Innenverteidiger,21,2025-07-02,2030-06-30,[],https://www.transfermarkt.de/olivier-boscagli/profil/spieler/318508,CONFIRMED,STAGE_CURRENT_SQUAD,https://www.transfermarkt.de/brighton-hove-albion/kader/verein/1237/saison_id/2026/plus/1,f2cf90d26295bb03b7a9f88ddd237a671bfa8ea7b8601dc2dd42f6c052d76dbc,2026-09-12
ENG1,Brighton & Hove Albion,1237,Lewis Dunk,148153,1991-11-21,Innenverteidiger,5,2010-07-01,2027-06-30,[],https://www.transfermarkt.de/lewis-dunk/profil/spieler/148153,CONFIRMED,STAGE_CURRENT_SQUAD,https://www.transfermarkt.de/brighton-hove-albion/kader/verein/1237/saison_id/2026/plus/1,f2cf90d26295bb03b7a9f88ddd237a671bfa8ea7b8601dc2dd42f6c052d76dbc,2026-09-12
ENG1,Brighton & Hove Albion,1237,Michael Svoboda,438961,1998-10-15,Innenverteidiger,30,2026-07-02,2030-06-30,"[""Neuzugang von: Venezia FC; Datum: 02.07.2026; Ablöse: 5,00 Mio. €""]",https://www.transfermarkt.de/michael-svoboda/profil/spieler/438961,CONFIRMED,STAGE_CURRENT_SQUAD,https://www.transfermarkt.de/brighton-hove-albion/kader/verein/1237/saison_id/2026/plus/1,f2cf90d26295bb03b7a9f88ddd237a671bfa8ea7b8601dc2dd42f6c052d76dbc,2026-09-12
ENG1,Brighton & Hove Albion,1237,Ferdi Kadıoğlu,369316,1999-10-07,Linker Verteidiger,24,2024-08-24,2028-06-30,[],https://www.transfermarkt.de/ferdi-kadioglu/profil/spieler/369316,CONFIRMED,STAGE_CURRENT_SQUAD,https://www.transfermarkt.de/brighton-hove-albion/kader/verein/1237/saison_id/2026/plus/1,f2cf90d26295bb03b7a9f88ddd237a671bfa8ea7b8601dc2dd42f6c052d76dbc,2026-09-12
ENG1,Brighton & Hove Albion,1237,Maxim De Cuyper,429915,2000-12-22,Linker Verteidiger,29,2025-07-05,2030-06-30,[],https://www.transfermarkt.de/maxim-de-cuyper/profil/spieler/429915,CONFIRMED,STAGE_CURRENT_SQUAD,https://www.transfermarkt.de/brighton-hove-albion/kader/verein/1237/saison_id/2026/plus/1,f2cf90d26295bb03b7a9f88ddd237a671bfa8ea7b8601dc2dd42f6c052d76dbc,2026-09-12
ENG1,Brighton & Hove Albion,1237,Jaouen Hadjam,750903,2003-03-26,Linker Verteidiger,3,2026-08-25,2031-06-30,"[""Neuzugang von: BSC Young Boys; Datum: 25.08.2026; Ablöse: 13,00 Mio. €""]",https://www.transfermarkt.de/jaouen-hadjam/profil/spieler/750903,CONFIRMED,STAGE_CURRENT_SQUAD,https://www.transfermarkt.de/brighton-hove-albion/kader/verein/1237/saison_id/2026/plus/1,f2cf90d26295bb03b7a9f88ddd237a671bfa8ea7b8601dc2dd42f6c052d76dbc,2026-09-12
ENG1,Brighton & Hove Albion,1237,Mats Wieffer,415381,1999-11-16,Rechter Verteidiger,27,2024-07-05,2029-06-30,[],https://www.transfermarkt.de/mats-wieffer/profil/spieler/415381,CONFIRMED,STAGE_CURRENT_SQUAD,https://www.transfermarkt.de/brighton-hove-albion/kader/verein/1237/saison_id/2026/plus/1,f2cf90d26295bb03b7a9f88ddd237a671bfa8ea7b8601dc2dd42f6c052d76dbc,2026-09-12
ENG1,Brighton & Hove Albion,1237,Costinha,539252,2000-03-26,Rechter Verteidiger,20,2026-07-01,2031-06-30,"[""Neuzugang von: Olympiakos Piräus; Datum: 01.07.2026; Ablöse: 12,70 Mio. €""]",https://www.transfermarkt.de/costinha/profil/spieler/539252,CONFIRMED,STAGE_CURRENT_SQUAD,https://www.transfermarkt.de/brighton-hove-albion/kader/verein/1237/saison_id/2026/plus/1,f2cf90d26295bb03b7a9f88ddd237a671bfa8ea7b8601dc2dd42f6c052d76dbc,2026-09-12
ENG1,Brighton & Hove Albion,1237,Jack Hinshelwood,867688,2005-04-11,Defensives Mittelfeld,8,2023-07-01,2029-06-30,[],https://www.transfermarkt.de/jack-hinshelwood/profil/spieler/867688,CONFIRMED,STAGE_CURRENT_SQUAD,https://www.transfermarkt.de/brighton-hove-albion/kader/verein/1237/saison_id/2026/plus/1,f2cf90d26295bb03b7a9f88ddd237a671bfa8ea7b8601dc2dd42f6c052d76dbc,2026-09-12
ENG1,Brighton & Hove Albion,1237,Chema Andrés,948279,2005-04-25,Defensives Mittelfeld,14,2026-09-01,2031-06-30,"[""Neuzugang von: VfB Stuttgart; Datum: 01.09.2026; Ablöse: 22,00 Mio. €""]",https://www.transfermarkt.de/chema-andres/profil/spieler/948279,CONFIRMED,STAGE_CURRENT_SQUAD,https://www.transfermarkt.de/brighton-hove-albion/kader/verein/1237/saison_id/2026/plus/1,f2cf90d26295bb03b7a9f88ddd237a671bfa8ea7b8601dc2dd42f6c052d76dbc,2026-09-12
ENG1,Brighton & Hove Albion,1237,Yasin Ayari,667287,2003-10-06,Zentrales Mittelfeld,26,2023-01-30,2027-06-30,[],https://www.transfermarkt.de/yasin-ayari/profil/spieler/667287,CONFIRMED,STAGE_CURRENT_SQUAD,https://www.transfermarkt.de/brighton-hove-albion/kader/verein/1237/saison_id/2026/plus/1,f2cf90d26295bb03b7a9f88ddd237a671bfa8ea7b8601dc2dd42f6c052d76dbc,2026-09-12
ENG1,Brighton & Hove Albion,1237,Diego Gómez,996897,2003-03-27,Zentrales Mittelfeld,25,2025-01-01,2031-06-30,[],https://www.transfermarkt.de/diego-gomez/profil/spieler/996897,CONFIRMED,STAGE_CURRENT_SQUAD,https://www.transfermarkt.de/brighton-hove-albion/kader/verein/1237/saison_id/2026/plus/1,f2cf90d26295bb03b7a9f88ddd237a671bfa8ea7b8601dc2dd42f6c052d76dbc,2026-09-12
ENG1,Brighton & Hove Albion,1237,Matt O'Riley,406634,2000-11-21,Zentrales Mittelfeld,33,2024-08-26,2029-06-30,[],https://www.transfermarkt.de/matt-oriley/profil/spieler/406634,CONFIRMED,REVIEW_REQUIRED,https://www.transfermarkt.de/brighton-hove-albion/kader/verein/1237/saison_id/2026/plus/1,f2cf90d26295bb03b7a9f88ddd237a671bfa8ea7b8601dc2dd42f6c052d76dbc,2026-09-12
ENG1,Brighton & Hove Albion,1237,Malick Yalcouyé,1178758,2005-11-18,Zentrales Mittelfeld,35,2024-07-12,2029-06-30,[],https://www.transfermarkt.de/malick-yalcouye/profil/spieler/1178758,CONFIRMED,REVIEW_REQUIRED,https://www.transfermarkt.de/brighton-hove-albion/kader/verein/1237/saison_id/2026/plus/1,f2cf90d26295bb03b7a9f88ddd237a671bfa8ea7b8601dc2dd42f6c052d76dbc,2026-09-12
ENG1,Brighton & Hove Albion,1237,Pascal Groß,82873,1991-06-15,Zentrales Mittelfeld,13,2026-01-02,2027-06-30,[],https://www.transfermarkt.de/pascal-gross/profil/spieler/82873,CONFIRMED,STAGE_CURRENT_SQUAD,https://www.transfermarkt.de/brighton-hove-albion/kader/verein/1237/saison_id/2026/plus/1,f2cf90d26295bb03b7a9f88ddd237a671bfa8ea7b8601dc2dd42f6c052d76dbc,2026-09-12
ENG1,Brighton & Hove Albion,1237,Femi Azeez,703408,2001-06-05,Rechtes Mittelfeld,39,2026-09-01,2030-06-30,"[""Neuzugang von: FC Millwall; Datum: 01.09.2026; Ablöse: 14,60 Mio. €""]",https://www.transfermarkt.de/femi-azeez/profil/spieler/703408,CONFIRMED,STAGE_CURRENT_SQUAD,https://www.transfermarkt.de/brighton-hove-albion/kader/verein/1237/saison_id/2026/plus/1,f2cf90d26295bb03b7a9f88ddd237a671bfa8ea7b8601dc2dd42f6c052d76dbc,2026-09-12
ENG1,Brighton & Hove Albion,1237,Kaoru Mitoma,504849,1997-05-20,Linksaußen,7,2021-08-10,2027-06-30,[],https://www.transfermarkt.de/kaoru-mitoma/profil/spieler/504849,CONFIRMED,STAGE_CURRENT_SQUAD,https://www.transfermarkt.de/brighton-hove-albion/kader/verein/1237/saison_id/2026/plus/1,f2cf90d26295bb03b7a9f88ddd237a671bfa8ea7b8601dc2dd42f6c052d76dbc,2026-09-12
ENG1,Brighton & Hove Albion,1237,Ibrahim Osman,1110406,2004-11-29,Linksaußen,15,2024-07-01,2029-06-30,[],https://www.transfermarkt.de/ibrahim-osman/profil/spieler/1110406,CONFIRMED,REVIEW_REQUIRED,https://www.transfermarkt.de/brighton-hove-albion/kader/verein/1237/saison_id/2026/plus/1,f2cf90d26295bb03b7a9f88ddd237a671bfa8ea7b8601dc2dd42f6c052d76dbc,2026-09-12
ENG1,Brighton & Hove Albion,1237,Yankuba Minteh,1012534,2004-07-22,Rechtsaußen,11,2024-07-01,2029-06-30,[],https://www.transfermarkt.de/yankuba-minteh/profil/spieler/1012534,CONFIRMED,STAGE_CURRENT_SQUAD,https://www.transfermarkt.de/brighton-hove-albion/kader/verein/1237/saison_id/2026/plus/1,f2cf90d26295bb03b7a9f88ddd237a671bfa8ea7b8601dc2dd42f6c052d76dbc,2026-09-12
ENG1,Brighton & Hove Albion,1237,Zadok Yohanna,1421433,2007-06-29,Rechtsaußen,36,2026-07-01,2031-06-30,"[""Neuzugang von: AIK; Datum: 01.07.2026; Ablöse: 28,00 Mio. €""]",https://www.transfermarkt.de/zadok-yohanna/profil/spieler/1421433,CONFIRMED,STAGE_CURRENT_SQUAD,https://www.transfermarkt.de/brighton-hove-albion/kader/verein/1237/saison_id/2026/plus/1,f2cf90d26295bb03b7a9f88ddd237a671bfa8ea7b8601dc2dd42f6c052d76dbc,2026-09-12
ENG1,Brighton & Hove Albion,1237,Georginio Rutter,538977,2002-04-20,Mittelstürmer,10,2024-08-19,2028-06-30,[],https://www.transfermarkt.de/georginio-rutter/profil/spieler/538977,CONFIRMED,STAGE_CURRENT_SQUAD,https://www.transfermarkt.de/brighton-hove-albion/kader/verein/1237/saison_id/2026/plus/1,f2cf90d26295bb03b7a9f88ddd237a671bfa8ea7b8601dc2dd42f6c052d76dbc,2026-09-12
ENG1,Brighton & Hove Albion,1237,Charalampos Kostoulas,1060087,2007-05-30,Mittelstürmer,19,2025-07-01,2030-06-30,[],https://www.transfermarkt.de/charalampos-kostoulas/profil/spieler/1060087,CONFIRMED,STAGE_CURRENT_SQUAD,https://www.transfermarkt.de/brighton-hove-albion/kader/verein/1237/saison_id/2026/plus/1,f2cf90d26295bb03b7a9f88ddd237a671bfa8ea7b8601dc2dd42f6c052d76dbc,2026-09-12
ENG1,Brighton & Hove Albion,1237,Evan Ferguson,648046,2004-10-19,Mittelstürmer,28,2022-07-01,2029-06-30,"[""Rückkehr nach Leihe von: AS Rom; Datum: 30.06.2026; Ablöse: Leih-Ende""]",https://www.transfermarkt.de/evan-ferguson/profil/spieler/648046,CONFIRMED,REVIEW_REQUIRED,https://www.transfermarkt.de/brighton-hove-albion/kader/verein/1237/saison_id/2026/plus/1,f2cf90d26295bb03b7a9f88ddd237a671bfa8ea7b8601dc2dd42f6c052d76dbc,2026-09-12
ENG1,Brighton & Hove Albion,1237,Stefanos Tzimas,950091,2006-01-06,Mittelstürmer,9,2025-02-03,2030-06-30,[],https://www.transfermarkt.de/stefanos-tzimas/profil/spieler/950091,CONFIRMED,STAGE_CURRENT_SQUAD,https://www.transfermarkt.de/brighton-hove-albion/kader/verein/1237/saison_id/2026/plus/1,f2cf90d26295bb03b7a9f88ddd237a671bfa8ea7b8601dc2dd42f6c052d76dbc,2026-09-12
ENG1,Brighton & Hove Albion,1237,Promise David,888785,2001-07-03,Mittelstürmer,12,2026-08-18,2027-06-30,[],https://www.transfermarkt.de/promise-david/profil/spieler/888785,CONFIRMED,REVIEW_REQUIRED,https://www.transfermarkt.de/brighton-hove-albion/kader/verein/1237/saison_id/2026/plus/1,f2cf90d26295bb03b7a9f88ddd237a671bfa8ea7b8601dc2dd42f6c052d76dbc,2026-09-12
ENG1,Chelsea,631,Mike Penders,834397,2005-07-31,Torwart,39,2024-08-27,2032-06-30,"[""Rückkehr nach Leihe von: Racing Straßburg; Datum: 30.06.2026; Ablöse: Leih-Ende""]",https://www.transfermarkt.de/mike-penders/profil/spieler/834397,CONFIRMED,REVIEW_REQUIRED,https://www.transfermarkt.de/fc-chelsea/kader/verein/631/saison_id/2026/plus/1,654f4cd4c0ce8c73da8a919c8a23c05e00fc473650df3999c3441d42c128ae64,2026-09-12
ENG1,Chelsea,631,Emiliano Martínez,111873,1992-09-02,Torwart,1,2026-08-30,2029-06-30,"[""Neuzugang von: Aston Villa; Datum: 30.08.2026; Ablöse: 8,75 Mio. €""]",https://www.transfermarkt.de/emiliano-martinez/profil/spieler/111873,CONFIRMED,STAGE_CURRENT_SQUAD,https://www.transfermarkt.de/fc-chelsea/kader/verein/631/saison_id/2026/plus/1,654f4cd4c0ce8c73da8a919c8a23c05e00fc473650df3999c3441d42c128ae64,2026-09-12
ENG1,Chelsea,631,Gabriel Slonina,656316,2004-05-15,Torwart,44,2022-08-02,2028-06-30,[],https://www.transfermarkt.de/gabriel-slonina/profil/spieler/656316,CONFIRMED,REVIEW_REQUIRED,https://www.transfermarkt.de/fc-chelsea/kader/verein/631/saison_id/2026/plus/1,654f4cd4c0ce8c73da8a919c8a23c05e00fc473650df3999c3441d42c128ae64,2026-09-12
ENG1,Chelsea,631,Teddy Sharman-Lowe,731466,2003-03-30,Torwart,28,2026-01-19,2028-06-30,[],https://www.transfermarkt.de/teddy-sharman-lowe/profil/spieler/731466,CONFIRMED,REVIEW_REQUIRED,https://www.transfermarkt.de/fc-chelsea/kader/verein/631/saison_id/2026/plus/1,654f4cd4c0ce8c73da8a919c8a23c05e00fc473650df3999c3441d42c128ae64,2026-09-12
ENG1,Chelsea,631,Maxence Lacroix,434224,2000-04-06,Innenverteidiger,5,2026-07-30,2032-06-30,"[""Neuzugang von: Crystal Palace; Datum: 30.07.2026; Ablöse: 60,70 Mio. €""]",https://www.transfermarkt.de/maxence-lacroix/profil/spieler/434224,CONFIRMED,STAGE_CURRENT_SQUAD,https://www.transfermarkt.de/fc-chelsea/kader/verein/631/saison_id/2026/plus/1,654f4cd4c0ce8c73da8a919c8a23c05e00fc473650df3999c3441d42c128ae64,2026-09-12
ENG1,Chelsea,631,Levi Colwill,614258,2003-02-26,Innenverteidiger,6,2022-07-01,2029-06-30,[],https://www.transfermarkt.de/levi-colwill/profil/spieler/614258,CONFIRMED,STAGE_CURRENT_SQUAD,https://www.transfermarkt.de/fc-chelsea/kader/verein/631/saison_id/2026/plus/1,654f4cd4c0ce8c73da8a919c8a23c05e00fc473650df3999c3441d42c128ae64,2026-09-12
ENG1,Chelsea,631,Wesley Fofana,475411,2000-12-17,Innenverteidiger,3,2022-08-31,2029-06-30,[],https://www.transfermarkt.de/wesley-fofana/profil/spieler/475411,CONFIRMED,STAGE_CURRENT_SQUAD,https://www.transfermarkt.de/fc-chelsea/kader/verein/631/saison_id/2026/plus/1,654f4cd4c0ce8c73da8a919c8a23c05e00fc473650df3999c3441d42c128ae64,2026-09-12
ENG1,Chelsea,631,Josh Acheampong,1004708,2006-05-05,Innenverteidiger,34,2024-12-18,2029-06-30,[],https://www.transfermarkt.de/josh-acheampong/profil/spieler/1004708,CONFIRMED,STAGE_CURRENT_SQUAD,https://www.transfermarkt.de/fc-chelsea/kader/verein/631/saison_id/2026/plus/1,654f4cd4c0ce8c73da8a919c8a23c05e00fc473650df3999c3441d42c128ae64,2026-09-12
ENG1,Chelsea,631,Aarón Anselmino,1145504,2005-04-29,Innenverteidiger,30,2024-08-08,2031-06-30,"[""Rückkehr nach Leihe von: Racing Straßburg; Datum: 30.06.2026; Ablöse: Leih-Ende""]",https://www.transfermarkt.de/aaron-anselmino/profil/spieler/1145504,CONFIRMED,REVIEW_REQUIRED,https://www.transfermarkt.de/fc-chelsea/kader/verein/631/saison_id/2026/plus/1,654f4cd4c0ce8c73da8a919c8a23c05e00fc473650df3999c3441d42c128ae64,2026-09-12
ENG1,Chelsea,631,Jorrel Hato,904802,2006-03-07,Linker Verteidiger,21,2025-08-03,2032-06-30,[],https://www.transfermarkt.de/jorrel-hato/profil/spieler/904802,CONFIRMED,STAGE_CURRENT_SQUAD,https://www.transfermarkt.de/fc-chelsea/kader/verein/631/saison_id/2026/plus/1,654f4cd4c0ce8c73da8a919c8a23c05e00fc473650df3999c3441d42c128ae64,2026-09-12
ENG1,Chelsea,631,Pep Chavarría,596122,1998-04-10,Linker Verteidiger,29,2026-08-12,2031-06-30,"[""Neuzugang von: Rayo Vallecano; Datum: 12.08.2026; Ablöse: 19,00 Mio. €""]",https://www.transfermarkt.de/pep-chavarria/profil/spieler/596122,CONFIRMED,STAGE_CURRENT_SQUAD,https://www.transfermarkt.de/fc-chelsea/kader/verein/631/saison_id/2026/plus/1,654f4cd4c0ce8c73da8a919c8a23c05e00fc473650df3999c3441d42c128ae64,2026-09-12
ENG1,Chelsea,631,Reece James,472423,1999-12-08,Rechter Verteidiger,24,2019-07-01,2032-06-30,[],https://www.transfermarkt.de/reece-james/profil/spieler/472423,CONFIRMED,STAGE_CURRENT_SQUAD,https://www.transfermarkt.de/fc-chelsea/kader/verein/631/saison_id/2026/plus/1,654f4cd4c0ce8c73da8a919c8a23c05e00fc473650df3999c3441d42c128ae64,2026-09-12
ENG1,Chelsea,631,Marco Palestra,895937,2005-03-03,Rechter Verteidiger,2,2026-07-01,2033-06-30,"[""Neuzugang von: Atalanta Bergamo; Datum: 01.07.2026; Ablöse: 57,00 Mio. €""]",https://www.transfermarkt.de/marco-palestra/profil/spieler/895937,CONFIRMED,REVIEW_REQUIRED,https://www.transfermarkt.de/fc-chelsea/kader/verein/631/saison_id/2026/plus/1,654f4cd4c0ce8c73da8a919c8a23c05e00fc473650df3999c3441d42c128ae64,2026-09-12
ENG1,Chelsea,631,Malo Gusto,620322,2003-05-19,Rechter Verteidiger,27,2023-01-29,2030-06-30,[],https://www.transfermarkt.de/malo-gusto/profil/spieler/620322,CONFIRMED,STAGE_CURRENT_SQUAD,https://www.transfermarkt.de/fc-chelsea/kader/verein/631/saison_id/2026/plus/1,654f4cd4c0ce8c73da8a919c8a23c05e00fc473650df3999c3441d42c128ae64,2026-09-12
ENG1,Chelsea,631,Moisés Caicedo,687626,2001-11-02,Defensives Mittelfeld,25,2023-08-14,2033-06-30,[],https://www.transfermarkt.de/moises-caicedo/profil/spieler/687626,CONFIRMED,STAGE_CURRENT_SQUAD,https://www.transfermarkt.de/fc-chelsea/kader/verein/631/saison_id/2026/plus/1,654f4cd4c0ce8c73da8a919c8a23c05e00fc473650df3999c3441d42c128ae64,2026-09-12
ENG1,Chelsea,631,Roméo Lavia,628451,2004-01-06,Defensives Mittelfeld,45,2023-08-18,2030-06-30,[],https://www.transfermarkt.de/romeo-lavia/profil/spieler/628451,CONFIRMED,STAGE_CURRENT_SQUAD,https://www.transfermarkt.de/fc-chelsea/kader/verein/631/saison_id/2026/plus/1,654f4cd4c0ce8c73da8a919c8a23c05e00fc473650df3999c3441d42c128ae64,2026-09-12
ENG1,Chelsea,631,Valentín Barco,849410,2004-07-23,Zentrales Mittelfeld,4,2026-08-02,2033-06-30,"[""Neuzugang von: Racing Straßburg; Datum: 02.08.2026; Ablöse: 40,00 Mio. €""]",https://www.transfermarkt.de/valentin-barco/profil/spieler/849410,CONFIRMED,STAGE_CURRENT_SQUAD,https://www.transfermarkt.de/fc-chelsea/kader/verein/631/saison_id/2026/plus/1,654f4cd4c0ce8c73da8a919c8a23c05e00fc473650df3999c3441d42c128ae64,2026-09-12
ENG1,Chelsea,631,Jordan Henderson,61651,1990-06-17,Zentrales Mittelfeld,14,2026-08-03,2028-06-30,"[""Neuzugang von: FC Brentford; Datum: 03.08.2026; Ablöse: ablösefrei""]",https://www.transfermarkt.de/jordan-henderson/profil/spieler/61651,CONFIRMED,STAGE_CURRENT_SQUAD,https://www.transfermarkt.de/fc-chelsea/kader/verein/631/saison_id/2026/plus/1,654f4cd4c0ce8c73da8a919c8a23c05e00fc473650df3999c3441d42c128ae64,2026-09-12
ENG1,Chelsea,631,Morgan Rogers,503743,2002-07-26,Offensives Mittelfeld,17,2026-07-21,2033-06-30,"[""Neuzugang von: Aston Villa; Datum: 21.07.2026; Ablöse: 138,00 Mio. €""]",https://www.transfermarkt.de/morgan-rogers/profil/spieler/503743,CONFIRMED,STAGE_CURRENT_SQUAD,https://www.transfermarkt.de/fc-chelsea/kader/verein/631/saison_id/2026/plus/1,654f4cd4c0ce8c73da8a919c8a23c05e00fc473650df3999c3441d42c128ae64,2026-09-12
ENG1,Chelsea,631,Cole Palmer,568177,2002-05-06,Offensives Mittelfeld,10,2023-09-01,2033-06-30,[],https://www.transfermarkt.de/cole-palmer/profil/spieler/568177,CONFIRMED,STAGE_CURRENT_SQUAD,https://www.transfermarkt.de/fc-chelsea/kader/verein/631/saison_id/2026/plus/1,654f4cd4c0ce8c73da8a919c8a23c05e00fc473650df3999c3441d42c128ae64,2026-09-12
ENG1,Chelsea,631,Jamie Gittens,670882,2004-08-08,Linksaußen,11,2025-07-05,2032-06-30,[],https://www.transfermarkt.de/jamie-gittens/profil/spieler/670882,CONFIRMED,STAGE_CURRENT_SQUAD,https://www.transfermarkt.de/fc-chelsea/kader/verein/631/saison_id/2026/plus/1,654f4cd4c0ce8c73da8a919c8a23c05e00fc473650df3999c3441d42c128ae64,2026-09-12
ENG1,Chelsea,631,Estêvão,1056993,2007-04-24,Rechtsaußen,41,2025-07-14,2033-06-30,[],https://www.transfermarkt.de/estevao/profil/spieler/1056993,CONFIRMED,STAGE_CURRENT_SQUAD,https://www.transfermarkt.de/fc-chelsea/kader/verein/631/saison_id/2026/plus/1,654f4cd4c0ce8c73da8a919c8a23c05e00fc473650df3999c3441d42c128ae64,2026-09-12
ENG1,Chelsea,631,Pedro Neto,487465,2000-03-09,Rechtsaußen,7,2024-08-11,2032-06-30,[],https://www.transfermarkt.de/pedro-neto/profil/spieler/487465,CONFIRMED,STAGE_CURRENT_SQUAD,https://www.transfermarkt.de/fc-chelsea/kader/verein/631/saison_id/2026/plus/1,654f4cd4c0ce8c73da8a919c8a23c05e00fc473650df3999c3441d42c128ae64,2026-09-12
ENG1,Chelsea,631,Geovany Quenda,1138758,2007-04-30,Rechtsaußen,23,2026-07-01,2034-06-30,"[""Neuzugang von: Sporting Lissabon; Datum: 01.07.2026; Ablöse: 50,00 Mio. €""]",https://www.transfermarkt.de/geovany-quenda/profil/spieler/1138758,CONFIRMED,STAGE_CURRENT_SQUAD,https://www.transfermarkt.de/fc-chelsea/kader/verein/631/saison_id/2026/plus/1,654f4cd4c0ce8c73da8a919c8a23c05e00fc473650df3999c3441d42c128ae64,2026-09-12
ENG1,Chelsea,631,João Pedro,626724,2001-09-26,Mittelstürmer,9,2025-07-02,2034-06-30,[],https://www.transfermarkt.de/joao-pedro/profil/spieler/626724,CONFIRMED,STAGE_CURRENT_SQUAD,https://www.transfermarkt.de/fc-chelsea/kader/verein/631/saison_id/2026/plus/1,654f4cd4c0ce8c73da8a919c8a23c05e00fc473650df3999c3441d42c128ae64,2026-09-12
ENG1,Chelsea,631,Emmanuel Emegha,559328,2003-02-03,Mittelstürmer,22,2026-07-01,2033-06-30,"[""Neuzugang von: Racing Straßburg; Datum: 01.07.2026; Ablöse: 25,00 Mio. €""]",https://www.transfermarkt.de/emmanuel-emegha/profil/spieler/559328,CONFIRMED,STAGE_CURRENT_SQUAD,https://www.transfermarkt.de/fc-chelsea/kader/verein/631/saison_id/2026/plus/1,654f4cd4c0ce8c73da8a919c8a23c05e00fc473650df3999c3441d42c128ae64,2026-09-12
ENG1,Chelsea,631,Danny Welbeck,67063,1990-11-26,Mittelstürmer,18,2026-08-01,2028-06-30,"[""Neuzugang von: Brighton & Hove Albion; Datum: 01.08.2026; Ablöse: 5,85 Mio. €""]",https://www.transfermarkt.de/danny-welbeck/profil/spieler/67063,CONFIRMED,STAGE_CURRENT_SQUAD,https://www.transfermarkt.de/fc-chelsea/kader/verein/631/saison_id/2026/plus/1,654f4cd4c0ce8c73da8a919c8a23c05e00fc473650df3999c3441d42c128ae64,2026-09-12
ENG1,Coventry City,990,Carl Rushworth,646353,2001-07-02,Torwart,19,2026-08-04,,"[""Neuzugang von: Brighton & Hove Albion; Datum: 04.08.2026; Ablöse: 25,70 Mio. €""]",https://www.transfermarkt.de/carl-rushworth/profil/spieler/646353,CONFIRMED,REVIEW_REQUIRED,https://www.transfermarkt.de/coventry-city/kader/verein/990/saison_id/2026/plus/1,f8b6df3a235487785b5388c90b2e9ed50f43a330cba1ff3e2ab5138484452aae,2026-09-12
ENG1,Coventry City,990,Daniel Bentley,136401,1993-07-13,Torwart,25,2026-08-21,2028-06-30,"[""Neuzugang von: Wolverhampton Wanderers; Datum: 21.08.2026; Ablöse: ablösefrei""]",https://www.transfermarkt.de/daniel-bentley/profil/spieler/136401,CONFIRMED,STAGE_CURRENT_SQUAD,https://www.transfermarkt.de/coventry-city/kader/verein/990/saison_id/2026/plus/1,f8b6df3a235487785b5388c90b2e9ed50f43a330cba1ff3e2ab5138484452aae,2026-09-12
ENG1,Coventry City,990,Ben Wilson,121352,1992-08-09,Torwart,13,2019-07-01,2027-06-30,[],https://www.transfermarkt.de/ben-wilson/profil/spieler/121352,CONFIRMED,STAGE_CURRENT_SQUAD,https://www.transfermarkt.de/coventry-city/kader/verein/990/saison_id/2026/plus/1,f8b6df3a235487785b5388c90b2e9ed50f43a330cba1ff3e2ab5138484452aae,2026-09-12
ENG1,Coventry City,990,Bobby Thomas,788283,2001-01-30,Innenverteidiger,4,2023-07-22,2029-06-30,[],https://www.transfermarkt.de/bobby-thomas/profil/spieler/788283,CONFIRMED,STAGE_CURRENT_SQUAD,https://www.transfermarkt.de/coventry-city/kader/verein/990/saison_id/2026/plus/1,f8b6df3a235487785b5388c90b2e9ed50f43a330cba1ff3e2ab5138484452aae,2026-09-12
ENG1,Coventry City,990,Aurèle Amenda,635645,2003-07-31,Innenverteidiger,24,2026-07-16,,"[""Neuzugang von: Eintracht Frankfurt; Datum: 16.07.2026; Ablöse: 18,00 Mio. €""]",https://www.transfermarkt.de/aurele-amenda/profil/spieler/635645,CONFIRMED,STAGE_CURRENT_SQUAD,https://www.transfermarkt.de/coventry-city/kader/verein/990/saison_id/2026/plus/1,f8b6df3a235487785b5388c90b2e9ed50f43a330cba1ff3e2ab5138484452aae,2026-09-12
ENG1,Coventry City,990,Ethan Pinnock,442248,1993-05-29,Innenverteidiger,2,2026-08-26,,"[""Neuzugang von: FC Brentford; Datum: 26.08.2026; Ablöse: 5,85 Mio. €""]",https://www.transfermarkt.de/ethan-pinnock/profil/spieler/442248,CONFIRMED,STAGE_CURRENT_SQUAD,https://www.transfermarkt.de/coventry-city/kader/verein/990/saison_id/2026/plus/1,f8b6df3a235487785b5388c90b2e9ed50f43a330cba1ff3e2ab5138484452aae,2026-09-12
ENG1,Coventry City,990,Joel Latibeaudiere,412823,2000-01-06,Innenverteidiger,22,2023-07-18,2027-06-30,[],https://www.transfermarkt.de/joel-latibeaudiere/profil/spieler/412823,CONFIRMED,STAGE_CURRENT_SQUAD,https://www.transfermarkt.de/coventry-city/kader/verein/990/saison_id/2026/plus/1,f8b6df3a235487785b5388c90b2e9ed50f43a330cba1ff3e2ab5138484452aae,2026-09-12
ENG1,Coventry City,990,Luke Woolfenden,527425,1998-10-21,Innenverteidiger,26,2025-09-01,2028-06-30,[],https://www.transfermarkt.de/luke-woolfenden/profil/spieler/527425,CONFIRMED,STAGE_CURRENT_SQUAD,https://www.transfermarkt.de/coventry-city/kader/verein/990/saison_id/2026/plus/1,f8b6df3a235487785b5388c90b2e9ed50f43a330cba1ff3e2ab5138484452aae,2026-09-12
ENG1,Coventry City,990,Stephen Mfuni,1049020,2008-02-12,Innenverteidiger,30,2026-08-30,2027-06-30,[],https://www.transfermarkt.de/stephen-mfuni/profil/spieler/1049020,CONFIRMED,REVIEW_REQUIRED,https://www.transfermarkt.de/coventry-city/kader/verein/990/saison_id/2026/plus/1,f8b6df3a235487785b5388c90b2e9ed50f43a330cba1ff3e2ab5138484452aae,2026-09-12
ENG1,Coventry City,990,Jay Dasilva,258915,1998-04-22,Linker Verteidiger,3,2023-07-01,2027-06-30,[],https://www.transfermarkt.de/jay-dasilva/profil/spieler/258915,CONFIRMED,STAGE_CURRENT_SQUAD,https://www.transfermarkt.de/coventry-city/kader/verein/990/saison_id/2026/plus/1,f8b6df3a235487785b5388c90b2e9ed50f43a330cba1ff3e2ab5138484452aae,2026-09-12
ENG1,Coventry City,990,Jake Bidwell,121250,1993-03-21,Linker Verteidiger,21,2022-01-17,2027-06-30,[],https://www.transfermarkt.de/jake-bidwell/profil/spieler/121250,CONFIRMED,STAGE_CURRENT_SQUAD,https://www.transfermarkt.de/coventry-city/kader/verein/990/saison_id/2026/plus/1,f8b6df3a235487785b5388c90b2e9ed50f43a330cba1ff3e2ab5138484452aae,2026-09-12
ENG1,Coventry City,990,Milan van Ewijk,587335,2000-09-08,Rechter Verteidiger,27,2023-07-27,2027-06-30,[],https://www.transfermarkt.de/milan-van-ewijk/profil/spieler/587335,CONFIRMED,STAGE_CURRENT_SQUAD,https://www.transfermarkt.de/coventry-city/kader/verein/990/saison_id/2026/plus/1,f8b6df3a235487785b5388c90b2e9ed50f43a330cba1ff3e2ab5138484452aae,2026-09-12
ENG1,Coventry City,990,Kaine Kesler-Hayden,626888,2002-10-23,Rechter Verteidiger,20,2025-07-01,2029-06-30,[],https://www.transfermarkt.de/kaine-kesler-hayden/profil/spieler/626888,CONFIRMED,STAGE_CURRENT_SQUAD,https://www.transfermarkt.de/coventry-city/kader/verein/990/saison_id/2026/plus/1,f8b6df3a235487785b5388c90b2e9ed50f43a330cba1ff3e2ab5138484452aae,2026-09-12
ENG1,Coventry City,990,Matt Grimes,265471,1995-07-15,Defensives Mittelfeld,6,2025-01-31,2028-06-30,[],https://www.transfermarkt.de/matt-grimes/profil/spieler/265471,CONFIRMED,STAGE_CURRENT_SQUAD,https://www.transfermarkt.de/coventry-city/kader/verein/990/saison_id/2026/plus/1,f8b6df3a235487785b5388c90b2e9ed50f43a330cba1ff3e2ab5138484452aae,2026-09-12
ENG1,Coventry City,990,Caleb Yirenkyi,1240763,2006-01-15,Zentrales Mittelfeld,8,2026-08-07,,"[""Neuzugang von: FC Nordsjaelland; Datum: 07.08.2026; Ablöse: 27,00 Mio. €""]",https://www.transfermarkt.de/caleb-yirenkyi/profil/spieler/1240763,CONFIRMED,STAGE_CURRENT_SQUAD,https://www.transfermarkt.de/coventry-city/kader/verein/990/saison_id/2026/plus/1,f8b6df3a235487785b5388c90b2e9ed50f43a330cba1ff3e2ab5138484452aae,2026-09-12
ENG1,Coventry City,990,Victor Torp,403692,1999-07-30,Zentrales Mittelfeld,29,2024-01-11,,[],https://www.transfermarkt.de/victor-torp/profil/spieler/403692,CONFIRMED,STAGE_CURRENT_SQUAD,https://www.transfermarkt.de/coventry-city/kader/verein/990/saison_id/2026/plus/1,f8b6df3a235487785b5388c90b2e9ed50f43a330cba1ff3e2ab5138484452aae,2026-09-12
ENG1,Coventry City,990,Gustavo Hamer,322985,1997-06-24,Zentrales Mittelfeld,38,2026-08-12,,"[""Neuzugang von: Sheffield United; Datum: 12.08.2026; Ablöse: 7,00 Mio. €""]",https://www.transfermarkt.de/gustavo-hamer/profil/spieler/322985,CONFIRMED,STAGE_CURRENT_SQUAD,https://www.transfermarkt.de/coventry-city/kader/verein/990/saison_id/2026/plus/1,f8b6df3a235487785b5388c90b2e9ed50f43a330cba1ff3e2ab5138484452aae,2026-09-12
ENG1,Coventry City,990,Josh Eccles,618903,2000-04-06,Zentrales Mittelfeld,28,2020-07-01,2028-06-30,[],https://www.transfermarkt.de/josh-eccles/profil/spieler/618903,CONFIRMED,STAGE_CURRENT_SQUAD,https://www.transfermarkt.de/coventry-city/kader/verein/990/saison_id/2026/plus/1,f8b6df3a235487785b5388c90b2e9ed50f43a330cba1ff3e2ab5138484452aae,2026-09-12
ENG1,Coventry City,990,Frank Onyeka,421637,1998-01-01,Zentrales Mittelfeld,16,2026-07-01,2030-06-30,"[""Neuzugang von: FC Brentford; Datum: 01.07.2026; Ablöse: 7,00 Mio. €""]",https://www.transfermarkt.de/frank-onyeka/profil/spieler/421637,CONFIRMED,STAGE_CURRENT_SQUAD,https://www.transfermarkt.de/coventry-city/kader/verein/990/saison_id/2026/plus/1,f8b6df3a235487785b5388c90b2e9ed50f43a330cba1ff3e2ab5138484452aae,2026-09-12
ENG1,Coventry City,990,Jack Rudoni,662476,2001-06-14,Offensives Mittelfeld,5,2024-07-01,2028-06-30,[],https://www.transfermarkt.de/jack-rudoni/profil/spieler/662476,CONFIRMED,STAGE_CURRENT_SQUAD,https://www.transfermarkt.de/coventry-city/kader/verein/990/saison_id/2026/plus/1,f8b6df3a235487785b5388c90b2e9ed50f43a330cba1ff3e2ab5138484452aae,2026-09-12
ENG1,Coventry City,990,Yann Gboho,463613,2001-01-14,Linksaußen,34,2026-09-01,,"[""Neuzugang von: FC Toulouse; Datum: 01.09.2026; Ablöse: 12,00 Mio. €""]",https://www.transfermarkt.de/yann-gboho/profil/spieler/463613,CONFIRMED,STAGE_CURRENT_SQUAD,https://www.transfermarkt.de/coventry-city/kader/verein/990/saison_id/2026/plus/1,f8b6df3a235487785b5388c90b2e9ed50f43a330cba1ff3e2ab5138484452aae,2026-09-12
ENG1,Coventry City,990,Ephron Mason-Clark,466637,1999-08-25,Linksaußen,10,2024-02-01,2028-06-30,[],https://www.transfermarkt.de/ephron-mason-clark/profil/spieler/466637,CONFIRMED,STAGE_CURRENT_SQUAD,https://www.transfermarkt.de/coventry-city/kader/verein/990/saison_id/2026/plus/1,f8b6df3a235487785b5388c90b2e9ed50f43a330cba1ff3e2ab5138484452aae,2026-09-12
ENG1,Coventry City,990,Loum Tchaouna,607226,2003-09-08,Rechtsaußen,17,2026-07-11,2031-06-30,"[""Neuzugang von: FC Burnley; Datum: 11.07.2026; Ablöse: 23,00 Mio. €""]",https://www.transfermarkt.de/loum-tchaouna/profil/spieler/607226,CONFIRMED,STAGE_CURRENT_SQUAD,https://www.transfermarkt.de/coventry-city/kader/verein/990/saison_id/2026/plus/1,f8b6df3a235487785b5388c90b2e9ed50f43a330cba1ff3e2ab5138484452aae,2026-09-12
ENG1,Coventry City,990,Tatsuhiro Sakamoto,617408,1996-10-22,Rechtsaußen,7,2023-07-10,2027-06-30,[],https://www.transfermarkt.de/tatsuhiro-sakamoto/profil/spieler/617408,CONFIRMED,STAGE_CURRENT_SQUAD,https://www.transfermarkt.de/coventry-city/kader/verein/990/saison_id/2026/plus/1,f8b6df3a235487785b5388c90b2e9ed50f43a330cba1ff3e2ab5138484452aae,2026-09-12
ENG1,Coventry City,990,Sidiki Chérif,986288,2006-12-15,Mittelstürmer,49,2026-08-19,,"[""Neuzugang von: Fenerbahce; Datum: 19.08.2026; Ablöse: 24,50 Mio. €""]",https://www.transfermarkt.de/sidiki-cherif/profil/spieler/986288,CONFIRMED,STAGE_CURRENT_SQUAD,https://www.transfermarkt.de/coventry-city/kader/verein/990/saison_id/2026/plus/1,f8b6df3a235487785b5388c90b2e9ed50f43a330cba1ff3e2ab5138484452aae,2026-09-12
ENG1,Coventry City,990,Haji Wright,315291,1998-03-27,Mittelstürmer,11,2023-08-04,2027-06-30,[],https://www.transfermarkt.de/haji-wright/profil/spieler/315291,CONFIRMED,STAGE_CURRENT_SQUAD,https://www.transfermarkt.de/coventry-city/kader/verein/990/saison_id/2026/plus/1,f8b6df3a235487785b5388c90b2e9ed50f43a330cba1ff3e2ab5138484452aae,2026-09-12
ENG1,Coventry City,990,Brandon Thomas-Asante,451747,1998-12-29,Mittelstürmer,23,2024-08-01,2028-06-30,[],https://www.transfermarkt.de/brandon-thomas-asante/profil/spieler/451747,CONFIRMED,STAGE_CURRENT_SQUAD,https://www.transfermarkt.de/coventry-city/kader/verein/990/saison_id/2026/plus/1,f8b6df3a235487785b5388c90b2e9ed50f43a330cba1ff3e2ab5138484452aae,2026-09-12
ENG1,Coventry City,990,Ellis Simms,511550,2001-01-05,Mittelstürmer,9,2023-07-07,2027-06-30,[],https://www.transfermarkt.de/ellis-simms/profil/spieler/511550,CONFIRMED,STAGE_CURRENT_SQUAD,https://www.transfermarkt.de/coventry-city/kader/verein/990/saison_id/2026/plus/1,f8b6df3a235487785b5388c90b2e9ed50f43a330cba1ff3e2ab5138484452aae,2026-09-12
ENG1,Coventry City,990,Taiwo Awoniyi,295313,1997-08-12,Mittelstürmer,14,2026-08-17,,"[""Neuzugang von: Nottingham Forest; Datum: 17.08.2026; Ablöse: 10,50 Mio. €""]",https://www.transfermarkt.de/taiwo-awoniyi/profil/spieler/295313,CONFIRMED,STAGE_CURRENT_SQUAD,https://www.transfermarkt.de/coventry-city/kader/verein/990/saison_id/2026/plus/1,f8b6df3a235487785b5388c90b2e9ed50f43a330cba1ff3e2ab5138484452aae,2026-09-12
ENG1,Crystal Palace,873,Dean Henderson,258919,1997-03-12,Torwart,1,2023-08-31,2028-06-30,[],https://www.transfermarkt.de/dean-henderson/profil/spieler/258919,CONFIRMED,STAGE_CURRENT_SQUAD,https://www.transfermarkt.de/crystal-palace/kader/verein/873/saison_id/2026/plus/1,5b0d8110693231bc9cfcbf4e744171ea18f83dc20ff4c35e294cf84c098ae7ac,2026-09-12
ENG1,Crystal Palace,873,Walter Benítez,296802,1993-01-19,Torwart,44,2025-07-01,2028-06-30,[],https://www.transfermarkt.de/walter-benitez/profil/spieler/296802,CONFIRMED,STAGE_CURRENT_SQUAD,https://www.transfermarkt.de/crystal-palace/kader/verein/873/saison_id/2026/plus/1,5b0d8110693231bc9cfcbf4e744171ea18f83dc20ff4c35e294cf84c098ae7ac,2026-09-12
ENG1,Crystal Palace,873,Remi Matthews,196722,1994-02-10,Torwart,31,2021-07-12,2027-06-30,[],https://www.transfermarkt.de/remi-matthews/profil/spieler/196722,CONFIRMED,STAGE_CURRENT_SQUAD,https://www.transfermarkt.de/crystal-palace/kader/verein/873/saison_id/2026/plus/1,5b0d8110693231bc9cfcbf4e744171ea18f83dc20ff4c35e294cf84c098ae7ac,2026-09-12
ENG1,Crystal Palace,873,Honest Ahanor,1077175,2008-02-23,Innenverteidiger,21,2026-09-01,2027-06-30,[],https://www.transfermarkt.de/honest-ahanor/profil/spieler/1077175,CONFIRMED,REVIEW_REQUIRED,https://www.transfermarkt.de/crystal-palace/kader/verein/873/saison_id/2026/plus/1,5b0d8110693231bc9cfcbf4e744171ea18f83dc20ff4c35e294cf84c098ae7ac,2026-09-12
ENG1,Crystal Palace,873,Jaydee Canvot,1006411,2006-07-29,Innenverteidiger,6,2025-09-01,2029-06-30,[],https://www.transfermarkt.de/jaydee-canvot/profil/spieler/1006411,CONFIRMED,STAGE_CURRENT_SQUAD,https://www.transfermarkt.de/crystal-palace/kader/verein/873/saison_id/2026/plus/1,5b0d8110693231bc9cfcbf4e744171ea18f83dc20ff4c35e294cf84c098ae7ac,2026-09-12
ENG1,Crystal Palace,873,Chris Richards,578539,2000-03-28,Innenverteidiger,26,2022-07-27,2027-06-30,[],https://www.transfermarkt.de/chris-richards/profil/spieler/578539,CONFIRMED,STAGE_CURRENT_SQUAD,https://www.transfermarkt.de/crystal-palace/kader/verein/873/saison_id/2026/plus/1,5b0d8110693231bc9cfcbf4e744171ea18f83dc20ff4c35e294cf84c098ae7ac,2026-09-12
ENG1,Crystal Palace,873,Chadi Riad,689637,2003-06-17,Innenverteidiger,4,2024-07-02,2029-06-30,[],https://www.transfermarkt.de/chadi-riad/profil/spieler/689637,CONFIRMED,STAGE_CURRENT_SQUAD,https://www.transfermarkt.de/crystal-palace/kader/verein/873/saison_id/2026/plus/1,5b0d8110693231bc9cfcbf4e744171ea18f83dc20ff4c35e294cf84c098ae7ac,2026-09-12
ENG1,Crystal Palace,873,Axel Disasi,386047,1998-03-11,Innenverteidiger,5,2026-08-26,2027-06-30,[],https://www.transfermarkt.de/axel-disasi/profil/spieler/386047,CONFIRMED,REVIEW_REQUIRED,https://www.transfermarkt.de/crystal-palace/kader/verein/873/saison_id/2026/plus/1,5b0d8110693231bc9cfcbf4e744171ea18f83dc20ff4c35e294cf84c098ae7ac,2026-09-12
ENG1,Crystal Palace,873,Takehiro Tomiyasu,331560,1998-11-05,Innenverteidiger,17,2026-08-07,,"[""Neuzugang von: Ajax Amsterdam; Datum: 07.08.2026; Ablöse: ablösefrei""]",https://www.transfermarkt.de/takehiro-tomiyasu/profil/spieler/331560,CONFIRMED,REVIEW_REQUIRED,https://www.transfermarkt.de/crystal-palace/kader/verein/873/saison_id/2026/plus/1,5b0d8110693231bc9cfcbf4e744171ea18f83dc20ff4c35e294cf84c098ae7ac,2026-09-12
ENG1,Crystal Palace,873,Tyrick Mitchell,730893,1999-09-01,Linker Verteidiger,3,2020-07-01,2027-06-30,[],https://www.transfermarkt.de/tyrick-mitchell/profil/spieler/730893,CONFIRMED,STAGE_CURRENT_SQUAD,https://www.transfermarkt.de/crystal-palace/kader/verein/873/saison_id/2026/plus/1,5b0d8110693231bc9cfcbf4e744171ea18f83dc20ff4c35e294cf84c098ae7ac,2026-09-12
ENG1,Crystal Palace,873,Ben Chilwell,316125,1996-12-21,Linker Verteidiger,33,2026-09-01,,"[""Neuzugang von: Racing Straßburg; Datum: 01.09.2026; Ablöse: ablösefrei""]",https://www.transfermarkt.de/ben-chilwell/profil/spieler/316125,CONFIRMED,STAGE_CURRENT_SQUAD,https://www.transfermarkt.de/crystal-palace/kader/verein/873/saison_id/2026/plus/1,5b0d8110693231bc9cfcbf4e744171ea18f83dc20ff4c35e294cf84c098ae7ac,2026-09-12
ENG1,Crystal Palace,873,Anan Khalaili,945021,2004-09-03,Rechter Verteidiger,25,2026-08-15,2031-06-30,"[""Neuzugang von: Union Saint-Gilloise; Datum: 15.08.2026; Ablöse: 24,50 Mio. €""]",https://www.transfermarkt.de/anan-khalaili/profil/spieler/945021,CONFIRMED,STAGE_CURRENT_SQUAD,https://www.transfermarkt.de/crystal-palace/kader/verein/873/saison_id/2026/plus/1,5b0d8110693231bc9cfcbf4e744171ea18f83dc20ff4c35e294cf84c098ae7ac,2026-09-12
ENG1,Crystal Palace,873,Óscar Mingueza,331505,1999-05-13,Rechter Verteidiger,30,2026-07-09,2030-06-30,"[""Neuzugang von: Celta Vigo; Datum: 09.07.2026; Ablöse: ablösefrei""]",https://www.transfermarkt.de/oscar-mingueza/profil/spieler/331505,CONFIRMED,STAGE_CURRENT_SQUAD,https://www.transfermarkt.de/crystal-palace/kader/verein/873/saison_id/2026/plus/1,5b0d8110693231bc9cfcbf4e744171ea18f83dc20ff4c35e294cf84c098ae7ac,2026-09-12
ENG1,Crystal Palace,873,Adam Wharton,744149,2004-02-06,Defensives Mittelfeld,20,2024-02-01,2029-06-30,[],https://www.transfermarkt.de/adam-wharton/profil/spieler/744149,CONFIRMED,STAGE_CURRENT_SQUAD,https://www.transfermarkt.de/crystal-palace/kader/verein/873/saison_id/2026/plus/1,5b0d8110693231bc9cfcbf4e744171ea18f83dc20ff4c35e294cf84c098ae7ac,2026-09-12
ENG1,Crystal Palace,873,Cheick Doucouré,543387,2000-01-08,Defensives Mittelfeld,28,2022-07-11,2029-06-30,[],https://www.transfermarkt.de/cheick-doucoure/profil/spieler/543387,CONFIRMED,STAGE_CURRENT_SQUAD,https://www.transfermarkt.de/crystal-palace/kader/verein/873/saison_id/2026/plus/1,5b0d8110693231bc9cfcbf4e744171ea18f83dc20ff4c35e294cf84c098ae7ac,2026-09-12
ENG1,Crystal Palace,873,Jefferson Lerma,262980,1994-10-25,Defensives Mittelfeld,8,2023-07-01,2027-06-30,[],https://www.transfermarkt.de/jefferson-lerma/profil/spieler/262980,CONFIRMED,STAGE_CURRENT_SQUAD,https://www.transfermarkt.de/crystal-palace/kader/verein/873/saison_id/2026/plus/1,5b0d8110693231bc9cfcbf4e744171ea18f83dc20ff4c35e294cf84c098ae7ac,2026-09-12
ENG1,Crystal Palace,873,Quinten Timber,420213,2001-06-17,Zentrales Mittelfeld,23,2026-09-01,2031-06-30,"[""Neuzugang von: Olympique Marseille; Datum: 01.09.2026; Ablöse: 20,00 Mio. €""]",https://www.transfermarkt.de/quinten-timber/profil/spieler/420213,CONFIRMED,STAGE_CURRENT_SQUAD,https://www.transfermarkt.de/crystal-palace/kader/verein/873/saison_id/2026/plus/1,5b0d8110693231bc9cfcbf4e744171ea18f83dc20ff4c35e294cf84c098ae7ac,2026-09-12
ENG1,Crystal Palace,873,Daichi Kamada,356141,1996-08-05,Zentrales Mittelfeld,18,2024-07-01,2027-06-30,[],https://www.transfermarkt.de/daichi-kamada/profil/spieler/356141,CONFIRMED,STAGE_CURRENT_SQUAD,https://www.transfermarkt.de/crystal-palace/kader/verein/873/saison_id/2026/plus/1,5b0d8110693231bc9cfcbf4e744171ea18f83dc20ff4c35e294cf84c098ae7ac,2026-09-12
ENG1,Crystal Palace,873,Will Hughes,207014,1995-04-17,Zentrales Mittelfeld,19,2021-08-28,2027-06-30,[],https://www.transfermarkt.de/will-hughes/profil/spieler/207014,CONFIRMED,STAGE_CURRENT_SQUAD,https://www.transfermarkt.de/crystal-palace/kader/verein/873/saison_id/2026/plus/1,5b0d8110693231bc9cfcbf4e744171ea18f83dc20ff4c35e294cf84c098ae7ac,2026-09-12
ENG1,Crystal Palace,873,Yéremy Pino,568157,2002-10-20,Linksaußen,10,2025-08-29,2030-06-30,[],https://www.transfermarkt.de/yeremy-pino/profil/spieler/568157,CONFIRMED,STAGE_CURRENT_SQUAD,https://www.transfermarkt.de/crystal-palace/kader/verein/873/saison_id/2026/plus/1,5b0d8110693231bc9cfcbf4e744171ea18f83dc20ff4c35e294cf84c098ae7ac,2026-09-12
ENG1,Crystal Palace,873,Dwight McNeil,584769,1999-11-22,Linksaußen,11,2026-08-11,2030-06-30,"[""Neuzugang von: FC Everton; Datum: 11.08.2026; Ablöse: 25,80 Mio. €""]",https://www.transfermarkt.de/dwight-mcneil/profil/spieler/584769,CONFIRMED,STAGE_CURRENT_SQUAD,https://www.transfermarkt.de/crystal-palace/kader/verein/873/saison_id/2026/plus/1,5b0d8110693231bc9cfcbf4e744171ea18f83dc20ff4c35e294cf84c098ae7ac,2026-09-12
ENG1,Crystal Palace,873,Ismaïla Sarr,410225,1998-02-25,Rechtsaußen,7,2024-08-01,2029-06-30,[],https://www.transfermarkt.de/ismaila-sarr/profil/spieler/410225,CONFIRMED,STAGE_CURRENT_SQUAD,https://www.transfermarkt.de/crystal-palace/kader/verein/873/saison_id/2026/plus/1,5b0d8110693231bc9cfcbf4e744171ea18f83dc20ff4c35e294cf84c098ae7ac,2026-09-12
ENG1,Crystal Palace,873,Evann Guessand,500689,2001-07-01,Rechtsaußen,29,2026-01-30,2027-06-30,[],https://www.transfermarkt.de/evann-guessand/profil/spieler/500689,CONFIRMED,REVIEW_REQUIRED,https://www.transfermarkt.de/crystal-palace/kader/verein/873/saison_id/2026/plus/1,5b0d8110693231bc9cfcbf4e744171ea18f83dc20ff4c35e294cf84c098ae7ac,2026-09-12
ENG1,Crystal Palace,873,Darío Osorio,881116,2004-01-24,Rechtsaußen,24,2026-09-01,2027-06-30,[],https://www.transfermarkt.de/dario-osorio/profil/spieler/881116,CONFIRMED,REVIEW_REQUIRED,https://www.transfermarkt.de/crystal-palace/kader/verein/873/saison_id/2026/plus/1,5b0d8110693231bc9cfcbf4e744171ea18f83dc20ff4c35e294cf84c098ae7ac,2026-09-12
ENG1,Crystal Palace,873,Zavier Gozo,1007383,2007-03-22,Rechtsaußen,12,2026-08-18,2031-06-30,"[""Neuzugang von: Real Salt Lake City; Datum: 18.08.2026; Ablöse: 13,00 Mio. €""]",https://www.transfermarkt.de/zavier-gozo/profil/spieler/1007383,CONFIRMED,STAGE_CURRENT_SQUAD,https://www.transfermarkt.de/crystal-palace/kader/verein/873/saison_id/2026/plus/1,5b0d8110693231bc9cfcbf4e744171ea18f83dc20ff4c35e294cf84c098ae7ac,2026-09-12
ENG1,Crystal Palace,873,Jørgen Strand Larsen,429983,2000-02-06,Mittelstürmer,22,2026-02-02,2030-06-30,[],https://www.transfermarkt.de/jorgen-strand-larsen/profil/spieler/429983,CONFIRMED,STAGE_CURRENT_SQUAD,https://www.transfermarkt.de/crystal-palace/kader/verein/873/saison_id/2026/plus/1,5b0d8110693231bc9cfcbf4e744171ea18f83dc20ff4c35e294cf84c098ae7ac,2026-09-12
ENG1,Crystal Palace,873,Jean-Philippe Mateta,420002,1997-06-28,Mittelstürmer,14,2022-01-31,2027-06-30,[],https://www.transfermarkt.de/jean-philippe-mateta/profil/spieler/420002,CONFIRMED,STAGE_CURRENT_SQUAD,https://www.transfermarkt.de/crystal-palace/kader/verein/873/saison_id/2026/plus/1,5b0d8110693231bc9cfcbf4e744171ea18f83dc20ff4c35e294cf84c098ae7ac,2026-09-12
ENG1,Crystal Palace,873,Eddie Nketiah,340324,1999-05-30,Mittelstürmer,9,2024-08-30,2029-06-30,[],https://www.transfermarkt.de/eddie-nketiah/profil/spieler/340324,CONFIRMED,STAGE_CURRENT_SQUAD,https://www.transfermarkt.de/crystal-palace/kader/verein/873/saison_id/2026/plus/1,5b0d8110693231bc9cfcbf4e744171ea18f83dc20ff4c35e294cf84c098ae7ac,2026-09-12
ENG1,Everton,29,Jordan Pickford,130164,1994-03-07,Torwart,1,2017-07-01,2029-06-30,[],https://www.transfermarkt.de/jordan-pickford/profil/spieler/130164,CONFIRMED,STAGE_CURRENT_SQUAD,https://www.transfermarkt.de/fc-everton/kader/verein/29/saison_id/2026/plus/1,42b6f20b51ab963f490c0c9e3fce8d8e64beae01bd82a8476a0462feb2ef546d,2026-09-12
ENG1,Everton,29,Mark Travers,357658,1999-05-18,Torwart,12,2025-07-15,2029-06-30,[],https://www.transfermarkt.de/mark-travers/profil/spieler/357658,CONFIRMED,STAGE_CURRENT_SQUAD,https://www.transfermarkt.de/fc-everton/kader/verein/29/saison_id/2026/plus/1,42b6f20b51ab963f490c0c9e3fce8d8e64beae01bd82a8476a0462feb2ef546d,2026-09-12
ENG1,Everton,29,Tom King,215810,1995-03-09,Torwart,31,2025-08-15,2027-06-30,[],https://www.transfermarkt.de/tom-king/profil/spieler/215810,CONFIRMED,STAGE_CURRENT_SQUAD,https://www.transfermarkt.de/fc-everton/kader/verein/29/saison_id/2026/plus/1,42b6f20b51ab963f490c0c9e3fce8d8e64beae01bd82a8476a0462feb2ef546d,2026-09-12
ENG1,Everton,29,Jarrad Branthwaite,661053,2002-06-27,Innenverteidiger,4,2020-01-13,2030-06-30,[],https://www.transfermarkt.de/jarrad-branthwaite/profil/spieler/661053,CONFIRMED,STAGE_CURRENT_SQUAD,https://www.transfermarkt.de/fc-everton/kader/verein/29/saison_id/2026/plus/1,42b6f20b51ab963f490c0c9e3fce8d8e64beae01bd82a8476a0462feb2ef546d,2026-09-12
ENG1,Everton,29,James Tarkowski,173504,1992-11-19,Innenverteidiger,6,2022-07-02,2028-06-30,[],https://www.transfermarkt.de/james-tarkowski/profil/spieler/173504,CONFIRMED,STAGE_CURRENT_SQUAD,https://www.transfermarkt.de/fc-everton/kader/verein/29/saison_id/2026/plus/1,42b6f20b51ab963f490c0c9e3fce8d8e64beae01bd82a8476a0462feb2ef546d,2026-09-12
ENG1,Everton,29,Michael Keane,118534,1993-01-11,Innenverteidiger,5,2017-07-03,2027-06-30,[],https://www.transfermarkt.de/michael-keane/profil/spieler/118534,CONFIRMED,STAGE_CURRENT_SQUAD,https://www.transfermarkt.de/fc-everton/kader/verein/29/saison_id/2026/plus/1,42b6f20b51ab963f490c0c9e3fce8d8e64beae01bd82a8476a0462feb2ef546d,2026-09-12
ENG1,Everton,29,Vitaliy Mykolenko,404842,1999-05-29,Linker Verteidiger,16,2022-01-01,2029-06-30,[],https://www.transfermarkt.de/vitaliy-mykolenko/profil/spieler/404842,CONFIRMED,STAGE_CURRENT_SQUAD,https://www.transfermarkt.de/fc-everton/kader/verein/29/saison_id/2026/plus/1,42b6f20b51ab963f490c0c9e3fce8d8e64beae01bd82a8476a0462feb2ef546d,2026-09-12
ENG1,Everton,29,Jake O'Brien,711544,2001-05-15,Rechter Verteidiger,15,2024-07-30,2028-06-30,[],https://www.transfermarkt.de/jake-obrien/profil/spieler/711544,CONFIRMED,STAGE_CURRENT_SQUAD,https://www.transfermarkt.de/fc-everton/kader/verein/29/saison_id/2026/plus/1,42b6f20b51ab963f490c0c9e3fce8d8e64beae01bd82a8476a0462feb2ef546d,2026-09-12
ENG1,Everton,29,Ainsley Maitland-Niles,285845,1997-08-29,Rechter Verteidiger,2,2026-09-01,2029-06-30,"[""Neuzugang von: Olympique Lyon; Datum: 01.09.2026; Ablöse: 3,50 Mio. €""]",https://www.transfermarkt.de/ainsley-maitland-niles/profil/spieler/285845,CONFIRMED,STAGE_CURRENT_SQUAD,https://www.transfermarkt.de/fc-everton/kader/verein/29/saison_id/2026/plus/1,42b6f20b51ab963f490c0c9e3fce8d8e64beae01bd82a8476a0462feb2ef546d,2026-09-12
ENG1,Everton,29,James Garner,505219,2001-03-13,Defensives Mittelfeld,37,2022-09-01,2030-06-30,[],https://www.transfermarkt.de/james-garner/profil/spieler/505219,CONFIRMED,STAGE_CURRENT_SQUAD,https://www.transfermarkt.de/fc-everton/kader/verein/29/saison_id/2026/plus/1,42b6f20b51ab963f490c0c9e3fce8d8e64beae01bd82a8476a0462feb2ef546d,2026-09-12
ENG1,Everton,29,Hayden Hackney,538216,2002-06-26,Defensives Mittelfeld,30,2026-07-02,2031-06-30,"[""Neuzugang von: FC Middlesbrough; Datum: 02.07.2026; Ablöse: 19,30 Mio. €""]",https://www.transfermarkt.de/hayden-hackney/profil/spieler/538216,CONFIRMED,STAGE_CURRENT_SQUAD,https://www.transfermarkt.de/fc-everton/kader/verein/29/saison_id/2026/plus/1,42b6f20b51ab963f490c0c9e3fce8d8e64beae01bd82a8476a0462feb2ef546d,2026-09-12
ENG1,Everton,29,Christian Nørgaard,148367,1994-03-10,Defensives Mittelfeld,23,2026-08-05,2028-06-30,"[""Neuzugang von: FC Arsenal; Datum: 05.08.2026; Ablöse: 8,15 Mio. €""]",https://www.transfermarkt.de/christian-norgaard/profil/spieler/148367,CONFIRMED,STAGE_CURRENT_SQUAD,https://www.transfermarkt.de/fc-everton/kader/verein/29/saison_id/2026/plus/1,42b6f20b51ab963f490c0c9e3fce8d8e64beae01bd82a8476a0462feb2ef546d,2026-09-12
ENG1,Everton,29,Kiernan Dewsbury-Hall,475188,1998-09-06,Zentrales Mittelfeld,8,2025-08-06,2030-06-30,[],https://www.transfermarkt.de/kiernan-dewsbury-hall/profil/spieler/475188,CONFIRMED,STAGE_CURRENT_SQUAD,https://www.transfermarkt.de/fc-everton/kader/verein/29/saison_id/2026/plus/1,42b6f20b51ab963f490c0c9e3fce8d8e64beae01bd82a8476a0462feb2ef546d,2026-09-12
ENG1,Everton,29,Merlin Röhl,608832,2002-07-05,Zentrales Mittelfeld,34,2026-07-01,2029-06-30,"[""Neuzugang von: SC Freiburg; Datum: 01.07.2026; Ablöse: 25,00 Mio. €""]",https://www.transfermarkt.de/merlin-rohl/profil/spieler/608832,CONFIRMED,REVIEW_REQUIRED,https://www.transfermarkt.de/fc-everton/kader/verein/29/saison_id/2026/plus/1,42b6f20b51ab963f490c0c9e3fce8d8e64beae01bd82a8476a0462feb2ef546d,2026-09-12
ENG1,Everton,29,Carlos Alcaraz,748319,2002-11-30,Zentrales Mittelfeld,24,2025-07-01,2027-06-30,[],https://www.transfermarkt.de/carlos-alcaraz/profil/spieler/748319,CONFIRMED,STAGE_CURRENT_SQUAD,https://www.transfermarkt.de/fc-everton/kader/verein/29/saison_id/2026/plus/1,42b6f20b51ab963f490c0c9e3fce8d8e64beae01bd82a8476a0462feb2ef546d,2026-09-12
ENG1,Everton,29,Harrison Armstrong,1107733,2007-01-19,Zentrales Mittelfeld,45,2024-07-01,2028-06-30,[],https://www.transfermarkt.de/harrison-armstrong/profil/spieler/1107733,CONFIRMED,REVIEW_REQUIRED,https://www.transfermarkt.de/fc-everton/kader/verein/29/saison_id/2026/plus/1,42b6f20b51ab963f490c0c9e3fce8d8e64beae01bd82a8476a0462feb2ef546d,2026-09-12
ENG1,Everton,29,Jack Grealish,203460,1995-09-10,Linksaußen,10,2026-09-01,2027-06-30,[],https://www.transfermarkt.de/jack-grealish/profil/spieler/203460,CONFIRMED,REVIEW_REQUIRED,https://www.transfermarkt.de/fc-everton/kader/verein/29/saison_id/2026/plus/1,42b6f20b51ab963f490c0c9e3fce8d8e64beae01bd82a8476a0462feb2ef546d,2026-09-12
ENG1,Everton,29,Tyrique George,936874,2006-02-04,Linksaußen,19,2026-07-06,2030-06-30,"[""Neuzugang von: FC Chelsea; Datum: 06.07.2026; Ablöse: 21,00 Mio. €""]",https://www.transfermarkt.de/tyrique-george/profil/spieler/936874,CONFIRMED,STAGE_CURRENT_SQUAD,https://www.transfermarkt.de/fc-everton/kader/verein/29/saison_id/2026/plus/1,42b6f20b51ab963f490c0c9e3fce8d8e64beae01bd82a8476a0462feb2ef546d,2026-09-12
ENG1,Everton,29,Brennan Johnson,470607,2001-05-23,Rechtsaußen,22,2026-08-11,2030-06-30,"[""Neuzugang von: Crystal Palace; Datum: 11.08.2026; Ablöse: 25,80 Mio. €""]",https://www.transfermarkt.de/brennan-johnson/profil/spieler/470607,CONFIRMED,STAGE_CURRENT_SQUAD,https://www.transfermarkt.de/fc-everton/kader/verein/29/saison_id/2026/plus/1,42b6f20b51ab963f490c0c9e3fce8d8e64beae01bd82a8476a0462feb2ef546d,2026-09-12
ENG1,Everton,29,Tyler Dibling,866655,2006-02-17,Rechtsaußen,20,2025-08-25,2029-06-30,[],https://www.transfermarkt.de/tyler-dibling/profil/spieler/866655,CONFIRMED,STAGE_CURRENT_SQUAD,https://www.transfermarkt.de/fc-everton/kader/verein/29/saison_id/2026/plus/1,42b6f20b51ab963f490c0c9e3fce8d8e64beae01bd82a8476a0462feb2ef546d,2026-09-12
ENG1,Everton,29,Thierno Barry,937941,2002-10-21,Mittelstürmer,11,2025-07-09,2029-06-30,[],https://www.transfermarkt.de/thierno-barry/profil/spieler/937941,CONFIRMED,STAGE_CURRENT_SQUAD,https://www.transfermarkt.de/fc-everton/kader/verein/29/saison_id/2026/plus/1,42b6f20b51ab963f490c0c9e3fce8d8e64beae01bd82a8476a0462feb2ef546d,2026-09-12
ENG1,Fulham,931,Bernd Leno,72476,1992-03-04,Torwart,1,2022-08-02,2027-06-30,[],https://www.transfermarkt.de/bernd-leno/profil/spieler/72476,CONFIRMED,STAGE_CURRENT_SQUAD,https://www.transfermarkt.de/fc-fulham/kader/verein/931/saison_id/2026/plus/1,abc9ef5d8dbb5849dcf6d123a562b6a7cc7afc983fc84b62fadedbe7ab430fe0,2026-09-12
ENG1,Fulham,931,Benjamin Lecomte,127181,1991-04-26,Torwart,23,2025-07-26,2027-06-30,[],https://www.transfermarkt.de/benjamin-lecomte/profil/spieler/127181,CONFIRMED,STAGE_CURRENT_SQUAD,https://www.transfermarkt.de/fc-fulham/kader/verein/931/saison_id/2026/plus/1,abc9ef5d8dbb5849dcf6d123a562b6a7cc7afc983fc84b62fadedbe7ab430fe0,2026-09-12
ENG1,Fulham,931,Alex Borto,817613,2003-11-06,Torwart,36,2026-07-01,2027-06-30,"[""Interner Wechsel: FC Fulham U21; Datum: 01.07.2026""]",https://www.transfermarkt.de/alex-borto/profil/spieler/817613,CONFIRMED,STAGE_CURRENT_SQUAD,https://www.transfermarkt.de/fc-fulham/kader/verein/931/saison_id/2026/plus/1,abc9ef5d8dbb5849dcf6d123a562b6a7cc7afc983fc84b62fadedbe7ab430fe0,2026-09-12
ENG1,Fulham,931,Calvin Bassey,461883,1999-12-31,Innenverteidiger,3,2023-07-28,2027-06-30,[],https://www.transfermarkt.de/calvin-bassey/profil/spieler/461883,CONFIRMED,STAGE_CURRENT_SQUAD,https://www.transfermarkt.de/fc-fulham/kader/verein/931/saison_id/2026/plus/1,abc9ef5d8dbb5849dcf6d123a562b6a7cc7afc983fc84b62fadedbe7ab430fe0,2026-09-12
ENG1,Fulham,931,Joachim Andersen,260827,1996-05-31,Innenverteidiger,5,2024-08-23,2029-06-30,[],https://www.transfermarkt.de/joachim-andersen/profil/spieler/260827,CONFIRMED,STAGE_CURRENT_SQUAD,https://www.transfermarkt.de/fc-fulham/kader/verein/931/saison_id/2026/plus/1,abc9ef5d8dbb5849dcf6d123a562b6a7cc7afc983fc84b62fadedbe7ab430fe0,2026-09-12
ENG1,Fulham,931,David Affengruber,452483,2001-03-19,Innenverteidiger,22,2026-09-01,2030-06-30,"[""Neuzugang von: FC Elche; Datum: 01.09.2026; Ablöse: 12,00 Mio. €""]",https://www.transfermarkt.de/david-affengruber/profil/spieler/452483,CONFIRMED,STAGE_CURRENT_SQUAD,https://www.transfermarkt.de/fc-fulham/kader/verein/931/saison_id/2026/plus/1,abc9ef5d8dbb5849dcf6d123a562b6a7cc7afc983fc84b62fadedbe7ab430fe0,2026-09-12
ENG1,Fulham,931,Jorge Cuenca,494880,1999-11-17,Innenverteidiger,4,2024-08-03,2028-06-30,[],https://www.transfermarkt.de/jorge-cuenca/profil/spieler/494880,CONFIRMED,STAGE_CURRENT_SQUAD,https://www.transfermarkt.de/fc-fulham/kader/verein/931/saison_id/2026/plus/1,abc9ef5d8dbb5849dcf6d123a562b6a7cc7afc983fc84b62fadedbe7ab430fe0,2026-09-12
ENG1,Fulham,931,Ryan Sessegnon,392775,2000-05-18,Linker Verteidiger,30,2024-07-26,2027-06-30,[],https://www.transfermarkt.de/ryan-sessegnon/profil/spieler/392775,CONFIRMED,STAGE_CURRENT_SQUAD,https://www.transfermarkt.de/fc-fulham/kader/verein/931/saison_id/2026/plus/1,abc9ef5d8dbb5849dcf6d123a562b6a7cc7afc983fc84b62fadedbe7ab430fe0,2026-09-12
ENG1,Fulham,931,Antonee Robinson,349701,1997-08-08,Linker Verteidiger,33,2020-08-20,2028-06-30,[],https://www.transfermarkt.de/antonee-robinson/profil/spieler/349701,CONFIRMED,STAGE_CURRENT_SQUAD,https://www.transfermarkt.de/fc-fulham/kader/verein/931/saison_id/2026/plus/1,abc9ef5d8dbb5849dcf6d123a562b6a7cc7afc983fc84b62fadedbe7ab430fe0,2026-09-12
ENG1,Fulham,931,Kenny Tete,206746,1995-10-09,Rechter Verteidiger,2,2020-09-10,2028-06-30,[],https://www.transfermarkt.de/kenny-tete/profil/spieler/206746,CONFIRMED,STAGE_CURRENT_SQUAD,https://www.transfermarkt.de/fc-fulham/kader/verein/931/saison_id/2026/plus/1,abc9ef5d8dbb5849dcf6d123a562b6a7cc7afc983fc84b62fadedbe7ab430fe0,2026-09-12
ENG1,Fulham,931,Timothy Castagne,262226,1995-12-05,Rechter Verteidiger,21,2023-08-29,2027-06-30,[],https://www.transfermarkt.de/timothy-castagne/profil/spieler/262226,CONFIRMED,STAGE_CURRENT_SQUAD,https://www.transfermarkt.de/fc-fulham/kader/verein/931/saison_id/2026/plus/1,abc9ef5d8dbb5849dcf6d123a562b6a7cc7afc983fc84b62fadedbe7ab430fe0,2026-09-12
ENG1,Fulham,931,Sander Berge,333014,1998-02-14,Defensives Mittelfeld,16,2024-08-22,2029-06-30,[],https://www.transfermarkt.de/sander-berge/profil/spieler/333014,CONFIRMED,STAGE_CURRENT_SQUAD,https://www.transfermarkt.de/fc-fulham/kader/verein/931/saison_id/2026/plus/1,abc9ef5d8dbb5849dcf6d123a562b6a7cc7afc983fc84b62fadedbe7ab430fe0,2026-09-12
ENG1,Fulham,931,Alex Iwobi,242631,1996-05-03,Defensives Mittelfeld,17,2023-09-01,2028-06-30,[],https://www.transfermarkt.de/alex-iwobi/profil/spieler/242631,CONFIRMED,STAGE_CURRENT_SQUAD,https://www.transfermarkt.de/fc-fulham/kader/verein/931/saison_id/2026/plus/1,abc9ef5d8dbb5849dcf6d123a562b6a7cc7afc983fc84b62fadedbe7ab430fe0,2026-09-12
ENG1,Fulham,931,Shea Charles,747951,2003-11-05,Defensives Mittelfeld,19,2026-08-11,2031-06-30,"[""Neuzugang von: FC Southampton; Datum: 11.08.2026; Ablöse: 30,40 Mio. €""]",https://www.transfermarkt.de/shea-charles/profil/spieler/747951,CONFIRMED,STAGE_CURRENT_SQUAD,https://www.transfermarkt.de/fc-fulham/kader/verein/931/saison_id/2026/plus/1,abc9ef5d8dbb5849dcf6d123a562b6a7cc7afc983fc84b62fadedbe7ab430fe0,2026-09-12
ENG1,Fulham,931,Hugo Larsson,931838,2004-06-27,Zentrales Mittelfeld,15,2026-09-01,2027-06-30,[],https://www.transfermarkt.de/hugo-larsson/profil/spieler/931838,CONFIRMED,REVIEW_REQUIRED,https://www.transfermarkt.de/fc-fulham/kader/verein/931/saison_id/2026/plus/1,abc9ef5d8dbb5849dcf6d123a562b6a7cc7afc983fc84b62fadedbe7ab430fe0,2026-09-12
ENG1,Fulham,931,Manuel Ángel,646824,2004-03-15,Zentrales Mittelfeld,20,2026-09-01,2029-06-30,"[""Neuzugang von: Real Madrid Castilla; Datum: 01.09.2026; Ablöse: 4,00 Mio. €""]",https://www.transfermarkt.de/manuel-angel/profil/spieler/646824,CONFIRMED,STAGE_CURRENT_SQUAD,https://www.transfermarkt.de/fc-fulham/kader/verein/931/saison_id/2026/plus/1,abc9ef5d8dbb5849dcf6d123a562b6a7cc7afc983fc84b62fadedbe7ab430fe0,2026-09-12
ENG1,Fulham,931,Harrison Reed,226973,1995-01-27,Zentrales Mittelfeld,6,2020-08-30,2027-06-30,[],https://www.transfermarkt.de/harrison-reed/profil/spieler/226973,CONFIRMED,STAGE_CURRENT_SQUAD,https://www.transfermarkt.de/fc-fulham/kader/verein/931/saison_id/2026/plus/1,abc9ef5d8dbb5849dcf6d123a562b6a7cc7afc983fc84b62fadedbe7ab430fe0,2026-09-12
ENG1,Fulham,931,Tom Cairney,123275,1991-01-20,Zentrales Mittelfeld,10,2015-07-01,2027-06-30,[],https://www.transfermarkt.de/tom-cairney/profil/spieler/123275,CONFIRMED,STAGE_CURRENT_SQUAD,https://www.transfermarkt.de/fc-fulham/kader/verein/931/saison_id/2026/plus/1,abc9ef5d8dbb5849dcf6d123a562b6a7cc7afc983fc84b62fadedbe7ab430fe0,2026-09-12
ENG1,Fulham,931,Josh King,1011131,2007-01-03,Offensives Mittelfeld,24,2024-07-01,2029-06-30,[],https://www.transfermarkt.de/josh-king/profil/spieler/1011131,CONFIRMED,STAGE_CURRENT_SQUAD,https://www.transfermarkt.de/fc-fulham/kader/verein/931/saison_id/2026/plus/1,abc9ef5d8dbb5849dcf6d123a562b6a7cc7afc983fc84b62fadedbe7ab430fe0,2026-09-12
ENG1,Fulham,931,Emile Smith Rowe,392765,2000-07-28,Offensives Mittelfeld,32,2024-08-02,2029-06-30,[],https://www.transfermarkt.de/emile-smith-rowe/profil/spieler/392765,CONFIRMED,STAGE_CURRENT_SQUAD,https://www.transfermarkt.de/fc-fulham/kader/verein/931/saison_id/2026/plus/1,abc9ef5d8dbb5849dcf6d123a562b6a7cc7afc983fc84b62fadedbe7ab430fe0,2026-09-12
ENG1,Fulham,931,César Palacios,948272,2004-11-11,Offensives Mittelfeld,8,2026-08-03,2031-06-30,"[""Neuzugang von: Real Madrid; Datum: 03.08.2026; Ablöse: 10,00 Mio. €""]",https://www.transfermarkt.de/cesar-palacios/profil/spieler/948272,CONFIRMED,STAGE_CURRENT_SQUAD,https://www.transfermarkt.de/fc-fulham/kader/verein/931/saison_id/2026/plus/1,abc9ef5d8dbb5849dcf6d123a562b6a7cc7afc983fc84b62fadedbe7ab430fe0,2026-09-12
ENG1,Fulham,931,Kevin,900195,2003-01-04,Linksaußen,11,2025-09-01,2030-06-30,[],https://www.transfermarkt.de/kevin/profil/spieler/900195,CONFIRMED,STAGE_CURRENT_SQUAD,https://www.transfermarkt.de/fc-fulham/kader/verein/931/saison_id/2026/plus/1,abc9ef5d8dbb5849dcf6d123a562b6a7cc7afc983fc84b62fadedbe7ab430fe0,2026-09-12
ENG1,Fulham,931,Oscar Bobb,661207,2003-07-12,Rechtsaußen,14,2026-01-30,2031-06-30,[],https://www.transfermarkt.de/oscar-bobb/profil/spieler/661207,CONFIRMED,STAGE_CURRENT_SQUAD,https://www.transfermarkt.de/fc-fulham/kader/verein/931/saison_id/2026/plus/1,abc9ef5d8dbb5849dcf6d123a562b6a7cc7afc983fc84b62fadedbe7ab430fe0,2026-09-12
ENG1,Fulham,931,Gonzalo García,935230,2004-03-24,Mittelstürmer,7,2026-08-03,2031-06-30,"[""Neuzugang von: Real Madrid; Datum: 03.08.2026; Ablöse: 40,00 Mio. €""]",https://www.transfermarkt.de/gonzalo-garcia/profil/spieler/935230,CONFIRMED,STAGE_CURRENT_SQUAD,https://www.transfermarkt.de/fc-fulham/kader/verein/931/saison_id/2026/plus/1,abc9ef5d8dbb5849dcf6d123a562b6a7cc7afc983fc84b62fadedbe7ab430fe0,2026-09-12
ENG1,Fulham,931,Rodrigo Muniz,735571,2001-05-04,Mittelstürmer,9,2021-08-20,2030-06-30,[],https://www.transfermarkt.de/rodrigo-muniz/profil/spieler/735571,CONFIRMED,STAGE_CURRENT_SQUAD,https://www.transfermarkt.de/fc-fulham/kader/verein/931/saison_id/2026/plus/1,abc9ef5d8dbb5849dcf6d123a562b6a7cc7afc983fc84b62fadedbe7ab430fe0,2026-09-12
ENG1,Fulham,931,Jonah Kusi-Asare,1069512,2007-07-04,Mittelstürmer,18,2026-07-01,2031-06-30,"[""Neuzugang von: FC Bayern München; Datum: 01.07.2026; Ablöse: 6,00 Mio. €""]",https://www.transfermarkt.de/jonah-kusi-asare/profil/spieler/1069512,CONFIRMED,REVIEW_REQUIRED,https://www.transfermarkt.de/fc-fulham/kader/verein/931/saison_id/2026/plus/1,abc9ef5d8dbb5849dcf6d123a562b6a7cc7afc983fc84b62fadedbe7ab430fe0,2026-09-12
ENG1,Hull City,3008,Konstantinos Tzolakis,554389,2002-11-08,Torwart,19,2026-08-05,2031-06-30,"[""Neuzugang von: Olympiakos Piräus; Datum: 05.08.2026; Ablöse: 23,30 Mio. €""]",https://www.transfermarkt.de/konstantinos-tzolakis/profil/spieler/554389,CONFIRMED,STAGE_CURRENT_SQUAD,https://www.transfermarkt.de/hull-city/kader/verein/3008/saison_id/2026/plus/1,95d27e3b77eef2306101f2b6eab92a02d56308a31e0d34299be2fa82dcf331db,2026-09-12
ENG1,Hull City,3008,Jack Butland,128899,1993-03-10,Torwart,1,2026-07-02,2028-06-30,"[""Neuzugang von: Glasgow Rangers; Datum: 02.07.2026; Ablöse: 3,50 Mio. €""]",https://www.transfermarkt.de/jack-butland/profil/spieler/128899,CONFIRMED,STAGE_CURRENT_SQUAD,https://www.transfermarkt.de/hull-city/kader/verein/3008/saison_id/2026/plus/1,95d27e3b77eef2306101f2b6eab92a02d56308a31e0d34299be2fa82dcf331db,2026-09-12
ENG1,Hull City,3008,Dillon Phillips,308431,1995-06-11,Torwart,12,2025-07-01,2027-06-30,[],https://www.transfermarkt.de/dillon-phillips/profil/spieler/308431,CONFIRMED,STAGE_CURRENT_SQUAD,https://www.transfermarkt.de/hull-city/kader/verein/3008/saison_id/2026/plus/1,95d27e3b77eef2306101f2b6eab92a02d56308a31e0d34299be2fa82dcf331db,2026-09-12
ENG1,Hull City,3008,Charlie Hughes,746357,2003-10-16,Innenverteidiger,4,2024-08-16,2029-06-30,[],https://www.transfermarkt.de/charlie-hughes/profil/spieler/746357,CONFIRMED,STAGE_CURRENT_SQUAD,https://www.transfermarkt.de/hull-city/kader/verein/3008/saison_id/2026/plus/1,95d27e3b77eef2306101f2b6eab92a02d56308a31e0d34299be2fa82dcf331db,2026-09-12
ENG1,Hull City,3008,Lucas Herrington,1279984,2007-09-05,Innenverteidiger,22,2026-08-12,2031-06-30,"[""Neuzugang von: Colorado Rapids; Datum: 12.08.2026; Ablöse: 14,80 Mio. €""]",https://www.transfermarkt.de/lucas-herrington/profil/spieler/1279984,CONFIRMED,REVIEW_REQUIRED,https://www.transfermarkt.de/hull-city/kader/verein/3008/saison_id/2026/plus/1,95d27e3b77eef2306101f2b6eab92a02d56308a31e0d34299be2fa82dcf331db,2026-09-12
ENG1,Hull City,3008,Nobel Mendy,1034853,2004-09-03,Innenverteidiger,32,2026-08-12,2031-06-30,"[""Neuzugang von: Rayo Vallecano; Datum: 12.08.2026; Ablöse: 23,40 Mio. €""]",https://www.transfermarkt.de/nobel-mendy/profil/spieler/1034853,CONFIRMED,REVIEW_REQUIRED,https://www.transfermarkt.de/hull-city/kader/verein/3008/saison_id/2026/plus/1,95d27e3b77eef2306101f2b6eab92a02d56308a31e0d34299be2fa82dcf331db,2026-09-12
ENG1,Hull City,3008,Paddy McNair,167268,1995-04-27,Innenverteidiger,17,2026-01-28,2027-06-30,[],https://www.transfermarkt.de/paddy-mcnair/profil/spieler/167268,CONFIRMED,REVIEW_REQUIRED,https://www.transfermarkt.de/hull-city/kader/verein/3008/saison_id/2026/plus/1,95d27e3b77eef2306101f2b6eab92a02d56308a31e0d34299be2fa82dcf331db,2026-09-12
ENG1,Hull City,3008,John Egan,121324,1992-10-20,Innenverteidiger,15,2025-02-03,2028-06-30,[],https://www.transfermarkt.de/john-egan/profil/spieler/121324,CONFIRMED,STAGE_CURRENT_SQUAD,https://www.transfermarkt.de/hull-city/kader/verein/3008/saison_id/2026/plus/1,95d27e3b77eef2306101f2b6eab92a02d56308a31e0d34299be2fa82dcf331db,2026-09-12
ENG1,Hull City,3008,Semi Ajayi,251912,1993-11-09,Innenverteidiger,6,2025-07-01,2027-06-30,[],https://www.transfermarkt.de/semi-ajayi/profil/spieler/251912,CONFIRMED,STAGE_CURRENT_SQUAD,https://www.transfermarkt.de/hull-city/kader/verein/3008/saison_id/2026/plus/1,95d27e3b77eef2306101f2b6eab92a02d56308a31e0d34299be2fa82dcf331db,2026-09-12
ENG1,Hull City,3008,Ryan Giles,504581,2000-01-26,Linker Verteidiger,3,2024-07-01,2027-06-30,[],https://www.transfermarkt.de/ryan-giles/profil/spieler/504581,CONFIRMED,STAGE_CURRENT_SQUAD,https://www.transfermarkt.de/hull-city/kader/verein/3008/saison_id/2026/plus/1,95d27e3b77eef2306101f2b6eab92a02d56308a31e0d34299be2fa82dcf331db,2026-09-12
ENG1,Hull City,3008,Matt Targett,250478,1995-09-18,Linker Verteidiger,23,2026-07-23,2028-06-30,"[""Neuzugang von: Newcastle United; Datum: 23.07.2026; Ablöse: ablösefrei""]",https://www.transfermarkt.de/matt-targett/profil/spieler/250478,CONFIRMED,REVIEW_REQUIRED,https://www.transfermarkt.de/hull-city/kader/verein/3008/saison_id/2026/plus/1,95d27e3b77eef2306101f2b6eab92a02d56308a31e0d34299be2fa82dcf331db,2026-09-12
ENG1,Hull City,3008,Brooke Norton-Cuffy,728733,2004-01-12,Rechter Verteidiger,18,2026-09-01,2031-06-30,"[""Neuzugang von: Genua CFC; Datum: 01.09.2026; Ablöse: 14,00 Mio. €""]",https://www.transfermarkt.de/brooke-norton-cuffy/profil/spieler/728733,CONFIRMED,STAGE_CURRENT_SQUAD,https://www.transfermarkt.de/hull-city/kader/verein/3008/saison_id/2026/plus/1,95d27e3b77eef2306101f2b6eab92a02d56308a31e0d34299be2fa82dcf331db,2026-09-12
ENG1,Hull City,3008,Lewie Coyle,413402,1995-10-15,Rechter Verteidiger,2,2020-08-07,2029-06-30,[],https://www.transfermarkt.de/lewie-coyle/profil/spieler/413402,CONFIRMED,STAGE_CURRENT_SQUAD,https://www.transfermarkt.de/hull-city/kader/verein/3008/saison_id/2026/plus/1,95d27e3b77eef2306101f2b6eab92a02d56308a31e0d34299be2fa82dcf331db,2026-09-12
ENG1,Hull City,3008,Lucas Gourna-Douath,620313,2003-08-05,Defensives Mittelfeld,29,2026-08-15,2031-06-30,"[""Neuzugang von: FC Red Bull Salzburg; Datum: 15.08.2026; Ablöse: 4,00 Mio. €""]",https://www.transfermarkt.de/lucas-gourna-douath/profil/spieler/620313,CONFIRMED,STAGE_CURRENT_SQUAD,https://www.transfermarkt.de/hull-city/kader/verein/3008/saison_id/2026/plus/1,95d27e3b77eef2306101f2b6eab92a02d56308a31e0d34299be2fa82dcf331db,2026-09-12
ENG1,Hull City,3008,Regan Slater,473080,1999-09-11,Defensives Mittelfeld,27,2022-01-27,2029-06-30,[],https://www.transfermarkt.de/regan-slater/profil/spieler/473080,CONFIRMED,STAGE_CURRENT_SQUAD,https://www.transfermarkt.de/hull-city/kader/verein/3008/saison_id/2026/plus/1,95d27e3b77eef2306101f2b6eab92a02d56308a31e0d34299be2fa82dcf331db,2026-09-12
ENG1,Hull City,3008,Óscar Zambrano,893658,2004-04-20,Defensives Mittelfeld,20,2026-07-21,2030-06-30,"[""Neuzugang von: NK Maribor; Datum: 21.07.2026; Ablöse: ?""]",https://www.transfermarkt.de/oscar-zambrano/profil/spieler/893658,CONFIRMED,STAGE_CURRENT_SQUAD,https://www.transfermarkt.de/hull-city/kader/verein/3008/saison_id/2026/plus/1,95d27e3b77eef2306101f2b6eab92a02d56308a31e0d34299be2fa82dcf331db,2026-09-12
ENG1,Hull City,3008,Christos Mouzakitis,964426,2006-12-25,Zentrales Mittelfeld,36,2026-09-01,2031-06-30,"[""Neuzugang von: Olympiakos Piräus; Datum: 01.09.2026; Ablöse: 15,00 Mio. €""]",https://www.transfermarkt.de/christos-mouzakitis/profil/spieler/964426,CONFIRMED,STAGE_CURRENT_SQUAD,https://www.transfermarkt.de/hull-city/kader/verein/3008/saison_id/2026/plus/1,95d27e3b77eef2306101f2b6eab92a02d56308a31e0d34299be2fa82dcf331db,2026-09-12
ENG1,Hull City,3008,Tim Iroegbunam,696589,2003-06-30,Zentrales Mittelfeld,42,2026-09-01,2031-06-30,"[""Neuzugang von: FC Everton; Datum: 01.09.2026; Ablöse: 15,15 Mio. €""]",https://www.transfermarkt.de/tim-iroegbunam/profil/spieler/696589,CONFIRMED,STAGE_CURRENT_SQUAD,https://www.transfermarkt.de/hull-city/kader/verein/3008/saison_id/2026/plus/1,95d27e3b77eef2306101f2b6eab92a02d56308a31e0d34299be2fa82dcf331db,2026-09-12
ENG1,Hull City,3008,Jens Hjertø-Dahl,923535,2005-10-31,Zentrales Mittelfeld,14,2026-08-07,2031-06-30,"[""Neuzugang von: Tromsø IL; Datum: 07.08.2026; Ablöse: 9,50 Mio. €""]",https://www.transfermarkt.de/jens-hjerto-dahl/profil/spieler/923535,CONFIRMED,STAGE_CURRENT_SQUAD,https://www.transfermarkt.de/hull-city/kader/verein/3008/saison_id/2026/plus/1,95d27e3b77eef2306101f2b6eab92a02d56308a31e0d34299be2fa82dcf331db,2026-09-12
ENG1,Hull City,3008,Hidemasa Morita,524315,1995-05-10,Zentrales Mittelfeld,5,2026-07-24,2028-06-30,"[""Neuzugang von: Sporting Lissabon; Datum: 24.07.2026; Ablöse: ablösefrei""]",https://www.transfermarkt.de/hidemasa-morita/profil/spieler/524315,CONFIRMED,STAGE_CURRENT_SQUAD,https://www.transfermarkt.de/hull-city/kader/verein/3008/saison_id/2026/plus/1,95d27e3b77eef2306101f2b6eab92a02d56308a31e0d34299be2fa82dcf331db,2026-09-12
ENG1,Hull City,3008,Darko Gyabi,663264,2004-02-18,Zentrales Mittelfeld,24,2025-09-01,2028-06-30,[],https://www.transfermarkt.de/darko-gyabi/profil/spieler/663264,CONFIRMED,STAGE_CURRENT_SQUAD,https://www.transfermarkt.de/hull-city/kader/verein/3008/saison_id/2026/plus/1,95d27e3b77eef2306101f2b6eab92a02d56308a31e0d34299be2fa82dcf331db,2026-09-12
ENG1,Hull City,3008,Eliot Matazo,535834,2002-02-15,Zentrales Mittelfeld,8,2025-01-24,2028-06-30,[],https://www.transfermarkt.de/eliot-matazo/profil/spieler/535834,CONFIRMED,STAGE_CURRENT_SQUAD,https://www.transfermarkt.de/hull-city/kader/verein/3008/saison_id/2026/plus/1,95d27e3b77eef2306101f2b6eab92a02d56308a31e0d34299be2fa82dcf331db,2026-09-12
ENG1,Hull City,3008,Matt Crooks,169416,1994-01-20,Zentrales Mittelfeld,25,2025-01-10,2028-06-30,[],https://www.transfermarkt.de/matt-crooks/profil/spieler/169416,CONFIRMED,STAGE_CURRENT_SQUAD,https://www.transfermarkt.de/hull-city/kader/verein/3008/saison_id/2026/plus/1,95d27e3b77eef2306101f2b6eab92a02d56308a31e0d34299be2fa82dcf331db,2026-09-12
ENG1,Hull City,3008,Abdülkadir Ömür,271495,1999-06-25,Rechtes Mittelfeld,33,2024-02-01,2027-06-30,"[""Rückkehr nach Leihe von: Antalyaspor; Datum: 30.06.2026; Ablöse: Leih-Ende""]",https://www.transfermarkt.de/abdulkadir-omur/profil/spieler/271495,CONFIRMED,REVIEW_REQUIRED,https://www.transfermarkt.de/hull-city/kader/verein/3008/saison_id/2026/plus/1,95d27e3b77eef2306101f2b6eab92a02d56308a31e0d34299be2fa82dcf331db,2026-09-12
ENG1,Hull City,3008,Kieran Dowell,258916,1997-10-10,Offensives Mittelfeld,26,2026-01-23,2027-06-30,[],https://www.transfermarkt.de/kieran-dowell/profil/spieler/258916,CONFIRMED,REVIEW_REQUIRED,https://www.transfermarkt.de/hull-city/kader/verein/3008/saison_id/2026/plus/1,95d27e3b77eef2306101f2b6eab92a02d56308a31e0d34299be2fa82dcf331db,2026-09-12
ENG1,Hull City,3008,Sorba Thomas,475416,1999-01-25,Linksaußen,7,2026-09-01,2030-06-30,"[""Neuzugang von: Stoke City; Datum: 01.09.2026; Ablöse: 8,75 Mio. €""]",https://www.transfermarkt.de/sorba-thomas/profil/spieler/475416,CONFIRMED,STAGE_CURRENT_SQUAD,https://www.transfermarkt.de/hull-city/kader/verein/3008/saison_id/2026/plus/1,95d27e3b77eef2306101f2b6eab92a02d56308a31e0d34299be2fa82dcf331db,2026-09-12
ENG1,Hull City,3008,Elliot Stroud,687622,2002-06-22,Linksaußen,21,2026-08-09,2030-06-30,"[""Neuzugang von: Mjällby AIF; Datum: 09.08.2026; Ablöse: 2,50 Mio. €""]",https://www.transfermarkt.de/elliot-stroud/profil/spieler/687622,CONFIRMED,STAGE_CURRENT_SQUAD,https://www.transfermarkt.de/hull-city/kader/verein/3008/saison_id/2026/plus/1,95d27e3b77eef2306101f2b6eab92a02d56308a31e0d34299be2fa82dcf331db,2026-09-12
ENG1,Hull City,3008,Mohamed-Ali Cho,670847,2004-01-19,Rechtsaußen,50,2026-08-27,2031-06-30,"[""Neuzugang von: OGC Nizza; Datum: 27.08.2026; Ablöse: 15,15 Mio. €""]",https://www.transfermarkt.de/mohamed-ali-cho/profil/spieler/670847,CONFIRMED,STAGE_CURRENT_SQUAD,https://www.transfermarkt.de/hull-city/kader/verein/3008/saison_id/2026/plus/1,95d27e3b77eef2306101f2b6eab92a02d56308a31e0d34299be2fa82dcf331db,2026-09-12
ENG1,Hull City,3008,Mohamed Belloumi,857079,2002-06-01,Rechtsaußen,10,2024-08-30,2029-06-30,[],https://www.transfermarkt.de/mohamed-belloumi/profil/spieler/857079,CONFIRMED,STAGE_CURRENT_SQUAD,https://www.transfermarkt.de/hull-city/kader/verein/3008/saison_id/2026/plus/1,95d27e3b77eef2306101f2b6eab92a02d56308a31e0d34299be2fa82dcf331db,2026-09-12
ENG1,Hull City,3008,Robinio Vaz,1131161,2007-02-17,Mittelstürmer,47,2026-09-01,2027-06-30,[],https://www.transfermarkt.de/robinio-vaz/profil/spieler/1131161,CONFIRMED,REVIEW_REQUIRED,https://www.transfermarkt.de/hull-city/kader/verein/3008/saison_id/2026/plus/1,95d27e3b77eef2306101f2b6eab92a02d56308a31e0d34299be2fa82dcf331db,2026-09-12
ENG1,Hull City,3008,Joe Gelhardt,503980,2002-05-04,Mittelstürmer,11,2026-08-15,2030-06-30,"[""Neuzugang von: Leeds United; Datum: 15.08.2026; Ablöse: 7,60 Mio. €""]",https://www.transfermarkt.de/joe-gelhardt/profil/spieler/503980,CONFIRMED,REVIEW_REQUIRED,https://www.transfermarkt.de/hull-city/kader/verein/3008/saison_id/2026/plus/1,95d27e3b77eef2306101f2b6eab92a02d56308a31e0d34299be2fa82dcf331db,2026-09-12
ENG1,Hull City,3008,Ilyas Ansah,1035765,2004-11-08,Mittelstürmer,28,2026-09-01,2031-06-30,"[""Neuzugang von: 1.FC Union Berlin; Datum: 01.09.2026; Ablöse: 17,00 Mio. €""]",https://www.transfermarkt.de/ilyas-ansah/profil/spieler/1035765,CONFIRMED,REVIEW_REQUIRED,https://www.transfermarkt.de/hull-city/kader/verein/3008/saison_id/2026/plus/1,95d27e3b77eef2306101f2b6eab92a02d56308a31e0d34299be2fa82dcf331db,2026-09-12
ENG1,Hull City,3008,Oli McBurnie,298477,1996-06-04,Mittelstürmer,9,2025-08-06,2029-06-30,[],https://www.transfermarkt.de/oli-mcburnie/profil/spieler/298477,CONFIRMED,STAGE_CURRENT_SQUAD,https://www.transfermarkt.de/hull-city/kader/verein/3008/saison_id/2026/plus/1,95d27e3b77eef2306101f2b6eab92a02d56308a31e0d34299be2fa82dcf331db,2026-09-12
ENG1,Ipswich Town,677,Kjell Scherpen,463527,2000-01-23,Torwart,37,2026-07-28,2030-06-30,"[""Neuzugang von: Union Saint-Gilloise; Datum: 28.07.2026; Ablöse: 10,00 Mio. €""]",https://www.transfermarkt.de/kjell-scherpen/profil/spieler/463527,CONFIRMED,STAGE_CURRENT_SQUAD,https://www.transfermarkt.de/ipswich-town/kader/verein/677/saison_id/2026/plus/1,27c77a20084b00ebf1368072929c14c023348a25975bceca8389e69766b037af,2026-09-12
ENG1,Ipswich Town,677,Christian Walton,208379,1995-11-09,Torwart,28,2022-01-19,2028-06-30,[],https://www.transfermarkt.de/christian-walton/profil/spieler/208379,CONFIRMED,STAGE_CURRENT_SQUAD,https://www.transfermarkt.de/ipswich-town/kader/verein/677/saison_id/2026/plus/1,27c77a20084b00ebf1368072929c14c023348a25975bceca8389e69766b037af,2026-09-12
ENG1,Ipswich Town,677,Alex Palmer,245625,1996-08-10,Torwart,1,2025-02-03,2028-06-30,[],https://www.transfermarkt.de/alex-palmer/profil/spieler/245625,CONFIRMED,STAGE_CURRENT_SQUAD,https://www.transfermarkt.de/ipswich-town/kader/verein/677/saison_id/2026/plus/1,27c77a20084b00ebf1368072929c14c023348a25975bceca8389e69766b037af,2026-09-12
ENG1,Ipswich Town,677,David Button,61814,1989-02-27,Torwart,27,2025-07-04,2026-06-30,[],https://www.transfermarkt.de/david-button/profil/spieler/61814,CONFIRMED,REVIEW_REQUIRED,https://www.transfermarkt.de/ipswich-town/kader/verein/677/saison_id/2026/plus/1,27c77a20084b00ebf1368072929c14c023348a25975bceca8389e69766b037af,2026-09-12
ENG1,Ipswich Town,677,Dara O'Shea,401320,1999-03-04,Innenverteidiger,26,2024-08-25,2030-06-30,[],https://www.transfermarkt.de/dara-oshea/profil/spieler/401320,CONFIRMED,STAGE_CURRENT_SQUAD,https://www.transfermarkt.de/ipswich-town/kader/verein/677/saison_id/2026/plus/1,27c77a20084b00ebf1368072929c14c023348a25975bceca8389e69766b037af,2026-09-12
ENG1,Ipswich Town,677,Jacob Greaves,693095,2000-09-12,Innenverteidiger,24,2024-07-12,2029-06-30,[],https://www.transfermarkt.de/jacob-greaves/profil/spieler/693095,CONFIRMED,STAGE_CURRENT_SQUAD,https://www.transfermarkt.de/ipswich-town/kader/verein/677/saison_id/2026/plus/1,27c77a20084b00ebf1368072929c14c023348a25975bceca8389e69766b037af,2026-09-12
ENG1,Ipswich Town,677,Issa Diop,272622,1997-01-09,Innenverteidiger,6,2026-07-22,2030-06-30,"[""Neuzugang von: FC Fulham; Datum: 22.07.2026; Ablöse: 10,00 Mio. €""]",https://www.transfermarkt.de/issa-diop/profil/spieler/272622,CONFIRMED,STAGE_CURRENT_SQUAD,https://www.transfermarkt.de/ipswich-town/kader/verein/677/saison_id/2026/plus/1,27c77a20084b00ebf1368072929c14c023348a25975bceca8389e69766b037af,2026-09-12
ENG1,Ipswich Town,677,Cédric Kipré,364827,1996-12-09,Innenverteidiger,4,2026-07-01,2028-06-30,"[""Neuzugang von: Stade Reims; Datum: 01.07.2026; Ablöse: 4,50 Mio. €""]",https://www.transfermarkt.de/cedric-kipre/profil/spieler/364827,CONFIRMED,REVIEW_REQUIRED,https://www.transfermarkt.de/ipswich-town/kader/verein/677/saison_id/2026/plus/1,27c77a20084b00ebf1368072929c14c023348a25975bceca8389e69766b037af,2026-09-12
ENG1,Ipswich Town,677,Leif Davis,596446,1999-12-31,Linker Verteidiger,3,2022-07-25,2029-06-30,[],https://www.transfermarkt.de/leif-davis/profil/spieler/596446,CONFIRMED,STAGE_CURRENT_SQUAD,https://www.transfermarkt.de/ipswich-town/kader/verein/677/saison_id/2026/plus/1,27c77a20084b00ebf1368072929c14c023348a25975bceca8389e69766b037af,2026-09-12
ENG1,Ipswich Town,677,Abdoul Ouattara,991487,2005-10-22,Rechter Verteidiger,42,2026-08-17,2031-06-30,"[""Neuzugang von: Racing Straßburg; Datum: 17.08.2026; Ablöse: 20,00 Mio. €""]",https://www.transfermarkt.de/abdoul-ouattara/profil/spieler/991487,CONFIRMED,STAGE_CURRENT_SQUAD,https://www.transfermarkt.de/ipswich-town/kader/verein/677/saison_id/2026/plus/1,27c77a20084b00ebf1368072929c14c023348a25975bceca8389e69766b037af,2026-09-12
ENG1,Ipswich Town,677,Darnell Furlong,351755,1995-10-31,Rechter Verteidiger,2,2025-08-28,2028-06-30,[],https://www.transfermarkt.de/darnell-furlong/profil/spieler/351755,CONFIRMED,STAGE_CURRENT_SQUAD,https://www.transfermarkt.de/ipswich-town/kader/verein/677/saison_id/2026/plus/1,27c77a20084b00ebf1368072929c14c023348a25975bceca8389e69766b037af,2026-09-12
ENG1,Ipswich Town,677,Florentino,357162,1999-08-19,Defensives Mittelfeld,12,2026-08-04,2031-06-30,"[""Neuzugang von: FC Burnley; Datum: 04.08.2026; Ablöse: 18,70 Mio. €""]",https://www.transfermarkt.de/florentino/profil/spieler/357162,CONFIRMED,REVIEW_REQUIRED,https://www.transfermarkt.de/ipswich-town/kader/verein/677/saison_id/2026/plus/1,27c77a20084b00ebf1368072929c14c023348a25975bceca8389e69766b037af,2026-09-12
ENG1,Ipswich Town,677,Azor Matusiwa,315145,1998-04-28,Defensives Mittelfeld,5,2025-07-13,2029-06-30,[],https://www.transfermarkt.de/azor-matusiwa/profil/spieler/315145,CONFIRMED,STAGE_CURRENT_SQUAD,https://www.transfermarkt.de/ipswich-town/kader/verein/677/saison_id/2026/plus/1,27c77a20084b00ebf1368072929c14c023348a25975bceca8389e69766b037af,2026-09-12
ENG1,Ipswich Town,677,Exequiel Palacios,401578,1998-10-05,Zentrales Mittelfeld,25,2026-08-27,2030-06-30,"[""Neuzugang von: Bayer 04 Leverkusen; Datum: 27.08.2026; Ablöse: 22,50 Mio. €""]",https://www.transfermarkt.de/exequiel-palacios/profil/spieler/401578,CONFIRMED,STAGE_CURRENT_SQUAD,https://www.transfermarkt.de/ipswich-town/kader/verein/677/saison_id/2026/plus/1,27c77a20084b00ebf1368072929c14c023348a25975bceca8389e69766b037af,2026-09-12
ENG1,Ipswich Town,677,Marcelino Núñez,715558,2000-03-01,Zentrales Mittelfeld,32,2025-08-29,2029-06-30,[],https://www.transfermarkt.de/marcelino-nunez/profil/spieler/715558,CONFIRMED,STAGE_CURRENT_SQUAD,https://www.transfermarkt.de/ipswich-town/kader/verein/677/saison_id/2026/plus/1,27c77a20084b00ebf1368072929c14c023348a25975bceca8389e69766b037af,2026-09-12
ENG1,Ipswich Town,677,Saša Lukić,245056,1996-08-13,Zentrales Mittelfeld,23,2026-08-08,2030-06-30,"[""Neuzugang von: FC Fulham; Datum: 08.08.2026; Ablöse: 10,50 Mio. €""]",https://www.transfermarkt.de/sasa-lukic/profil/spieler/245056,CONFIRMED,STAGE_CURRENT_SQUAD,https://www.transfermarkt.de/ipswich-town/kader/verein/677/saison_id/2026/plus/1,27c77a20084b00ebf1368072929c14c023348a25975bceca8389e69766b037af,2026-09-12
ENG1,Ipswich Town,677,Jack Taylor,458178,1998-06-23,Zentrales Mittelfeld,14,2023-07-01,2028-06-30,[],https://www.transfermarkt.de/jack-taylor/profil/spieler/458178,CONFIRMED,STAGE_CURRENT_SQUAD,https://www.transfermarkt.de/ipswich-town/kader/verein/677/saison_id/2026/plus/1,27c77a20084b00ebf1368072929c14c023348a25975bceca8389e69766b037af,2026-09-12
ENG1,Ipswich Town,677,Kasey McAteer,621193,2001-11-22,Rechtes Mittelfeld,20,2025-08-22,2029-06-30,[],https://www.transfermarkt.de/kasey-mcateer/profil/spieler/621193,CONFIRMED,STAGE_CURRENT_SQUAD,https://www.transfermarkt.de/ipswich-town/kader/verein/677/saison_id/2026/plus/1,27c77a20084b00ebf1368072929c14c023348a25975bceca8389e69766b037af,2026-09-12
ENG1,Ipswich Town,677,Julio Enciso,660867,2004-01-23,Offensives Mittelfeld,10,2026-08-17,2031-06-30,"[""Neuzugang von: Racing Straßburg; Datum: 17.08.2026; Ablöse: 30,50 Mio. €""]",https://www.transfermarkt.de/julio-enciso/profil/spieler/660867,CONFIRMED,STAGE_CURRENT_SQUAD,https://www.transfermarkt.de/ipswich-town/kader/verein/677/saison_id/2026/plus/1,27c77a20084b00ebf1368072929c14c023348a25975bceca8389e69766b037af,2026-09-12
ENG1,Ipswich Town,677,Anis Mehmeti,530813,2001-01-09,Offensives Mittelfeld,33,2026-01-23,2029-06-30,[],https://www.transfermarkt.de/anis-mehmeti/profil/spieler/530813,CONFIRMED,REVIEW_REQUIRED,https://www.transfermarkt.de/ipswich-town/kader/verein/677/saison_id/2026/plus/1,27c77a20084b00ebf1368072929c14c023348a25975bceca8389e69766b037af,2026-09-12
ENG1,Ipswich Town,677,Jaden Philogene,665390,2002-02-08,Linksaußen,11,2025-01-15,2029-06-30,[],https://www.transfermarkt.de/jaden-philogene/profil/spieler/665390,CONFIRMED,STAGE_CURRENT_SQUAD,https://www.transfermarkt.de/ipswich-town/kader/verein/677/saison_id/2026/plus/1,27c77a20084b00ebf1368072929c14c023348a25975bceca8389e69766b037af,2026-09-12
ENG1,Ipswich Town,677,Jack Clarke,559794,2000-11-23,Linksaußen,47,2024-08-24,2029-06-30,[],https://www.transfermarkt.de/jack-clarke/profil/spieler/559794,CONFIRMED,STAGE_CURRENT_SQUAD,https://www.transfermarkt.de/ipswich-town/kader/verein/677/saison_id/2026/plus/1,27c77a20084b00ebf1368072929c14c023348a25975bceca8389e69766b037af,2026-09-12
ENG1,Ipswich Town,677,Daizen Maeda,420931,1997-10-20,Linksaußen,38,2026-07-25,2029-06-30,"[""Neuzugang von: Celtic Glasgow; Datum: 25.07.2026; Ablöse: 9,40 Mio. €""]",https://www.transfermarkt.de/daizen-maeda/profil/spieler/420931,CONFIRMED,STAGE_CURRENT_SQUAD,https://www.transfermarkt.de/ipswich-town/kader/verein/677/saison_id/2026/plus/1,27c77a20084b00ebf1368072929c14c023348a25975bceca8389e69766b037af,2026-09-12
ENG1,Ipswich Town,677,Abdul Fatawu,864121,2004-03-08,Rechtsaußen,7,2026-07-21,2031-06-30,"[""Neuzugang von: Leicester City; Datum: 21.07.2026; Ablöse: 23,45 Mio. €""]",https://www.transfermarkt.de/abdul-fatawu/profil/spieler/864121,CONFIRMED,STAGE_CURRENT_SQUAD,https://www.transfermarkt.de/ipswich-town/kader/verein/677/saison_id/2026/plus/1,27c77a20084b00ebf1368072929c14c023348a25975bceca8389e69766b037af,2026-09-12
ENG1,Ipswich Town,677,Sindre Walle Egeli,923504,2006-06-21,Rechtsaußen,8,2025-08-29,2030-06-30,[],https://www.transfermarkt.de/sindre-walle-egeli/profil/spieler/923504,CONFIRMED,STAGE_CURRENT_SQUAD,https://www.transfermarkt.de/ipswich-town/kader/verein/677/saison_id/2026/plus/1,27c77a20084b00ebf1368072929c14c023348a25975bceca8389e69766b037af,2026-09-12
ENG1,Ipswich Town,677,Zian Flemming,411537,1998-08-01,Mittelstürmer,9,2026-09-01,2030-06-30,"[""Neuzugang von: FC Burnley; Datum: 01.09.2026; Ablöse: 19,80 Mio. €""]",https://www.transfermarkt.de/zian-flemming/profil/spieler/411537,CONFIRMED,STAGE_CURRENT_SQUAD,https://www.transfermarkt.de/ipswich-town/kader/verein/677/saison_id/2026/plus/1,27c77a20084b00ebf1368072929c14c023348a25975bceca8389e69766b037af,2026-09-12
ENG1,Ipswich Town,677,Emersonn,743599,2004-07-16,Mittelstürmer,19,2026-07-08,2031-06-30,"[""Neuzugang von: FC Toulouse; Datum: 08.07.2026; Ablöse: 28,00 Mio. €""]",https://www.transfermarkt.de/emersonn/profil/spieler/743599,CONFIRMED,STAGE_CURRENT_SQUAD,https://www.transfermarkt.de/ipswich-town/kader/verein/677/saison_id/2026/plus/1,27c77a20084b00ebf1368072929c14c023348a25975bceca8389e69766b037af,2026-09-12
ENG1,Ipswich Town,677,Chuba Akpom,197642,1995-10-09,Mittelstürmer,29,2026-07-01,2029-06-30,"[""Neuzugang von: Ajax Amsterdam; Datum: 01.07.2026; Ablöse: 9,30 Mio. €""]",https://www.transfermarkt.de/chuba-akpom/profil/spieler/197642,CONFIRMED,REVIEW_REQUIRED,https://www.transfermarkt.de/ipswich-town/kader/verein/677/saison_id/2026/plus/1,27c77a20084b00ebf1368072929c14c023348a25975bceca8389e69766b037af,2026-09-12
ENG1,Leeds United,399,James Trafford,566799,2002-10-10,Torwart,1,2026-08-06,2031-06-30,"[""Neuzugang von: Manchester City; Datum: 06.08.2026; Ablöse: 46,70 Mio. €""]",https://www.transfermarkt.de/james-trafford/profil/spieler/566799,CONFIRMED,STAGE_CURRENT_SQUAD,https://www.transfermarkt.de/leeds-united/kader/verein/399/saison_id/2026/plus/1,8641181efead6b745e037ec49edb34f1c7ca3a066d41825076ee3196fb4eedd5,2026-09-12
ENG1,Leeds United,399,Michael Zetterer,196813,1995-07-12,Torwart,16,2026-08-29,2029-06-30,"[""Neuzugang von: Eintracht Frankfurt; Datum: 29.08.2026; Ablöse: 5,00 Mio. €""]",https://www.transfermarkt.de/michael-zetterer/profil/spieler/196813,CONFIRMED,STAGE_CURRENT_SQUAD,https://www.transfermarkt.de/leeds-united/kader/verein/399/saison_id/2026/plus/1,8641181efead6b745e037ec49edb34f1c7ca3a066d41825076ee3196fb4eedd5,2026-09-12
ENG1,Leeds United,399,Alex Cairns,194386,1993-01-04,Torwart,21,2024-07-08,2028-06-30,[],https://www.transfermarkt.de/alex-cairns/profil/spieler/194386,CONFIRMED,STAGE_CURRENT_SQUAD,https://www.transfermarkt.de/leeds-united/kader/verein/399/saison_id/2026/plus/1,8641181efead6b745e037ec49edb34f1c7ca3a066d41825076ee3196fb4eedd5,2026-09-12
ENG1,Leeds United,399,Tarik Muharemović,679423,2003-02-28,Innenverteidiger,5,2026-07-17,2031-06-30,"[""Neuzugang von: US Sassuolo; Datum: 17.07.2026; Ablöse: 37,00 Mio. €""]",https://www.transfermarkt.de/tarik-muharemovic/profil/spieler/679423,CONFIRMED,STAGE_CURRENT_SQUAD,https://www.transfermarkt.de/leeds-united/kader/verein/399/saison_id/2026/plus/1,8641181efead6b745e037ec49edb34f1c7ca3a066d41825076ee3196fb4eedd5,2026-09-12
ENG1,Leeds United,399,Jaka Bijol,371851,1999-02-05,Innenverteidiger,15,2025-07-01,2030-06-30,[],https://www.transfermarkt.de/jaka-bijol/profil/spieler/371851,CONFIRMED,STAGE_CURRENT_SQUAD,https://www.transfermarkt.de/leeds-united/kader/verein/399/saison_id/2026/plus/1,8641181efead6b745e037ec49edb34f1c7ca3a066d41825076ee3196fb4eedd5,2026-09-12
ENG1,Leeds United,399,Joe Rodon,297212,1997-10-22,Innenverteidiger,6,2024-07-02,2030-06-30,[],https://www.transfermarkt.de/joe-rodon/profil/spieler/297212,CONFIRMED,STAGE_CURRENT_SQUAD,https://www.transfermarkt.de/leeds-united/kader/verein/399/saison_id/2026/plus/1,8641181efead6b745e037ec49edb34f1c7ca3a066d41825076ee3196fb4eedd5,2026-09-12
ENG1,Leeds United,399,Nico Elvedi,192635,1996-09-30,Innenverteidiger,30,2026-08-19,2029-06-30,"[""Neuzugang von: Borussia Mönchengladbach; Datum: 19.08.2026; Ablöse: 8,00 Mio. €""]",https://www.transfermarkt.de/nico-elvedi/profil/spieler/192635,CONFIRMED,STAGE_CURRENT_SQUAD,https://www.transfermarkt.de/leeds-united/kader/verein/399/saison_id/2026/plus/1,8641181efead6b745e037ec49edb34f1c7ca3a066d41825076ee3196fb4eedd5,2026-09-12
ENG1,Leeds United,399,Gabriel Gudmundsson,362108,1999-04-29,Linker Verteidiger,3,2025-07-08,2029-06-30,[],https://www.transfermarkt.de/gabriel-gudmundsson/profil/spieler/362108,CONFIRMED,STAGE_CURRENT_SQUAD,https://www.transfermarkt.de/leeds-united/kader/verein/399/saison_id/2026/plus/1,8641181efead6b745e037ec49edb34f1c7ca3a066d41825076ee3196fb4eedd5,2026-09-12
ENG1,Leeds United,399,Melvin Bard,532775,2000-11-06,Linker Verteidiger,26,2026-09-01,2027-06-30,[],https://www.transfermarkt.de/melvin-bard/profil/spieler/532775,CONFIRMED,REVIEW_REQUIRED,https://www.transfermarkt.de/leeds-united/kader/verein/399/saison_id/2026/plus/1,8641181efead6b745e037ec49edb34f1c7ca3a066d41825076ee3196fb4eedd5,2026-09-12
ENG1,Leeds United,399,Jayden Bogle,465717,2000-07-27,Rechter Verteidiger,2,2024-07-20,2030-06-30,[],https://www.transfermarkt.de/jayden-bogle/profil/spieler/465717,CONFIRMED,STAGE_CURRENT_SQUAD,https://www.transfermarkt.de/leeds-united/kader/verein/399/saison_id/2026/plus/1,8641181efead6b745e037ec49edb34f1c7ca3a066d41825076ee3196fb4eedd5,2026-09-12
ENG1,Leeds United,399,James Justin,413220,1998-02-23,Rechter Verteidiger,24,2025-08-25,2029-06-30,[],https://www.transfermarkt.de/james-justin/profil/spieler/413220,CONFIRMED,STAGE_CURRENT_SQUAD,https://www.transfermarkt.de/leeds-united/kader/verein/399/saison_id/2026/plus/1,8641181efead6b745e037ec49edb34f1c7ca3a066d41825076ee3196fb4eedd5,2026-09-12
ENG1,Leeds United,399,Ethan Ampadu,392771,2000-09-14,Defensives Mittelfeld,4,2023-07-19,2030-06-30,[],https://www.transfermarkt.de/ethan-ampadu/profil/spieler/392771,CONFIRMED,STAGE_CURRENT_SQUAD,https://www.transfermarkt.de/leeds-united/kader/verein/399/saison_id/2026/plus/1,8641181efead6b745e037ec49edb34f1c7ca3a066d41825076ee3196fb4eedd5,2026-09-12
ENG1,Leeds United,399,Anton Stach,344069,1998-11-15,Defensives Mittelfeld,18,2025-07-22,2029-06-30,[],https://www.transfermarkt.de/anton-stach/profil/spieler/344069,CONFIRMED,STAGE_CURRENT_SQUAD,https://www.transfermarkt.de/leeds-united/kader/verein/399/saison_id/2026/plus/1,8641181efead6b745e037ec49edb34f1c7ca3a066d41825076ee3196fb4eedd5,2026-09-12
ENG1,Leeds United,399,Ilia Gruev,381753,2000-05-06,Defensives Mittelfeld,44,2023-08-31,2027-06-30,[],https://www.transfermarkt.de/ilia-gruev/profil/spieler/381753,CONFIRMED,STAGE_CURRENT_SQUAD,https://www.transfermarkt.de/leeds-united/kader/verein/399/saison_id/2026/plus/1,8641181efead6b745e037ec49edb34f1c7ca3a066d41825076ee3196fb4eedd5,2026-09-12
ENG1,Leeds United,399,Sean Longstaff,346707,1997-10-30,Zentrales Mittelfeld,8,2025-07-18,2029-06-30,[],https://www.transfermarkt.de/sean-longstaff/profil/spieler/346707,CONFIRMED,STAGE_CURRENT_SQUAD,https://www.transfermarkt.de/leeds-united/kader/verein/399/saison_id/2026/plus/1,8641181efead6b745e037ec49edb34f1c7ca3a066d41825076ee3196fb4eedd5,2026-09-12
ENG1,Leeds United,399,Ao Tanaka,489359,1998-09-10,Zentrales Mittelfeld,22,2024-08-30,2028-06-30,[],https://www.transfermarkt.de/ao-tanaka/profil/spieler/489359,CONFIRMED,STAGE_CURRENT_SQUAD,https://www.transfermarkt.de/leeds-united/kader/verein/399/saison_id/2026/plus/1,8641181efead6b745e037ec49edb34f1c7ca3a066d41825076ee3196fb4eedd5,2026-09-12
ENG1,Leeds United,399,Brenden Aaronson,393323,2000-10-22,Offensives Mittelfeld,11,2022-07-01,2029-06-30,[],https://www.transfermarkt.de/brenden-aaronson/profil/spieler/393323,CONFIRMED,STAGE_CURRENT_SQUAD,https://www.transfermarkt.de/leeds-united/kader/verein/399/saison_id/2026/plus/1,8641181efead6b745e037ec49edb34f1c7ca3a066d41825076ee3196fb4eedd5,2026-09-12
ENG1,Leeds United,399,Noah Okafor,346890,2000-05-24,Linksaußen,19,2025-08-21,2029-06-30,[],https://www.transfermarkt.de/noah-okafor/profil/spieler/346890,CONFIRMED,STAGE_CURRENT_SQUAD,https://www.transfermarkt.de/leeds-united/kader/verein/399/saison_id/2026/plus/1,8641181efead6b745e037ec49edb34f1c7ca3a066d41825076ee3196fb4eedd5,2026-09-12
ENG1,Leeds United,399,Jean-Mattéo Bahoya,939964,2005-05-07,Linksaußen,23,2026-09-01,2027-06-30,[],https://www.transfermarkt.de/jean-matteo-bahoya/profil/spieler/939964,CONFIRMED,REVIEW_REQUIRED,https://www.transfermarkt.de/leeds-united/kader/verein/399/saison_id/2026/plus/1,8641181efead6b745e037ec49edb34f1c7ca3a066d41825076ee3196fb4eedd5,2026-09-12
ENG1,Leeds United,399,Harry Wilson,279455,1997-03-22,Rechtsaußen,10,2026-07-08,2030-06-30,"[""Neuzugang von: FC Fulham; Datum: 08.07.2026; Ablöse: ablösefrei""]",https://www.transfermarkt.de/harry-wilson/profil/spieler/279455,CONFIRMED,STAGE_CURRENT_SQUAD,https://www.transfermarkt.de/leeds-united/kader/verein/399/saison_id/2026/plus/1,8641181efead6b745e037ec49edb34f1c7ca3a066d41825076ee3196fb4eedd5,2026-09-12
ENG1,Leeds United,399,Daniel James,319301,1997-11-10,Rechtsaußen,7,2021-08-31,2029-06-30,[],https://www.transfermarkt.de/daniel-james/profil/spieler/319301,CONFIRMED,STAGE_CURRENT_SQUAD,https://www.transfermarkt.de/leeds-united/kader/verein/399/saison_id/2026/plus/1,8641181efead6b745e037ec49edb34f1c7ca3a066d41825076ee3196fb4eedd5,2026-09-12
ENG1,Leeds United,399,Dominic Calvert-Lewin,306024,1997-03-16,Mittelstürmer,9,2025-08-15,2028-06-30,[],https://www.transfermarkt.de/dominic-calvert-lewin/profil/spieler/306024,CONFIRMED,STAGE_CURRENT_SQUAD,https://www.transfermarkt.de/leeds-united/kader/verein/399/saison_id/2026/plus/1,8641181efead6b745e037ec49edb34f1c7ca3a066d41825076ee3196fb4eedd5,2026-09-12
ENG1,Leeds United,399,Lukas Nmecha,314288,1998-12-14,Mittelstürmer,14,2025-07-01,2027-06-30,[],https://www.transfermarkt.de/lukas-nmecha/profil/spieler/314288,CONFIRMED,STAGE_CURRENT_SQUAD,https://www.transfermarkt.de/leeds-united/kader/verein/399/saison_id/2026/plus/1,8641181efead6b745e037ec49edb34f1c7ca3a066d41825076ee3196fb4eedd5,2026-09-12
ENG1,Leeds United,399,Mateo Joseph,834742,2003-10-19,Mittelstürmer,-,2023-07-01,2028-06-30,"[""Rückkehr nach Leihe von: RCD Mallorca; Datum: 30.06.2026; Ablöse: Leih-Ende""]",https://www.transfermarkt.de/mateo-joseph/profil/spieler/834742,CONFIRMED,REVIEW_REQUIRED,https://www.transfermarkt.de/leeds-united/kader/verein/399/saison_id/2026/plus/1,8641181efead6b745e037ec49edb34f1c7ca3a066d41825076ee3196fb4eedd5,2026-09-12
ENG1,Liverpool,31,Giorgi Mamardashvili,502676,2000-09-29,Torwart,25,2024-08-27,2031-06-30,[],https://www.transfermarkt.de/giorgi-mamardashvili/profil/spieler/502676,CONFIRMED,STAGE_CURRENT_SQUAD,https://www.transfermarkt.de/fc-liverpool/kader/verein/31/saison_id/2026/plus/1,03f6f6108aec08d5028c45b59b341f94eb0a4ac80c8d3246a9cf1767419f8789,2026-09-12
ENG1,Liverpool,31,Alisson,105470,1992-10-02,Torwart,1,2018-07-19,2027-06-30,[],https://www.transfermarkt.de/alisson/profil/spieler/105470,CONFIRMED,STAGE_CURRENT_SQUAD,https://www.transfermarkt.de/fc-liverpool/kader/verein/31/saison_id/2026/plus/1,03f6f6108aec08d5028c45b59b341f94eb0a4ac80c8d3246a9cf1767419f8789,2026-09-12
ENG1,Liverpool,31,Vitezslav Jaros,486604,2001-07-23,Torwart,56,2022-07-01,2028-06-30,"[""Rückkehr nach Leihe von: Ajax Amsterdam; Datum: 30.06.2026; Ablöse: Leih-Ende""]",https://www.transfermarkt.de/vitezslav-jaros/profil/spieler/486604,CONFIRMED,REVIEW_REQUIRED,https://www.transfermarkt.de/fc-liverpool/kader/verein/31/saison_id/2026/plus/1,03f6f6108aec08d5028c45b59b341f94eb0a4ac80c8d3246a9cf1767419f8789,2026-09-12
ENG1,Liverpool,31,Freddie Woodman,226049,1997-03-04,Torwart,28,2025-07-01,2029-06-30,[],https://www.transfermarkt.de/freddie-woodman/profil/spieler/226049,CONFIRMED,STAGE_CURRENT_SQUAD,https://www.transfermarkt.de/fc-liverpool/kader/verein/31/saison_id/2026/plus/1,03f6f6108aec08d5028c45b59b341f94eb0a4ac80c8d3246a9cf1767419f8789,2026-09-12
ENG1,Liverpool,31,Harvey Davies,706815,2003-09-03,Torwart,95,2024-07-01,2027-06-30,[],https://www.transfermarkt.de/harvey-davies/profil/spieler/706815,CONFIRMED,REVIEW_REQUIRED,https://www.transfermarkt.de/fc-liverpool/kader/verein/31/saison_id/2026/plus/1,03f6f6108aec08d5028c45b59b341f94eb0a4ac80c8d3246a9cf1767419f8789,2026-09-12
ENG1,Liverpool,31,Jérémy Jacquet,1004301,2005-07-13,Innenverteidiger,5,2026-07-01,2031-06-30,"[""Neuzugang von: FC Stade Rennes; Datum: 01.07.2026; Ablöse: 63,60 Mio. €""]",https://www.transfermarkt.de/jeremy-jacquet/profil/spieler/1004301,CONFIRMED,STAGE_CURRENT_SQUAD,https://www.transfermarkt.de/fc-liverpool/kader/verein/31/saison_id/2026/plus/1,03f6f6108aec08d5028c45b59b341f94eb0a4ac80c8d3246a9cf1767419f8789,2026-09-12
ENG1,Liverpool,31,Giovanni Leoni,1086619,2006-12-21,Innenverteidiger,15,2025-08-15,2031-06-30,[],https://www.transfermarkt.de/giovanni-leoni/profil/spieler/1086619,CONFIRMED,STAGE_CURRENT_SQUAD,https://www.transfermarkt.de/fc-liverpool/kader/verein/31/saison_id/2026/plus/1,03f6f6108aec08d5028c45b59b341f94eb0a4ac80c8d3246a9cf1767419f8789,2026-09-12
ENG1,Liverpool,31,Ronald Araujo,480267,1999-03-07,Innenverteidiger,33,2026-08-10,2027-06-30,[],https://www.transfermarkt.de/ronald-araujo/profil/spieler/480267,CONFIRMED,REVIEW_REQUIRED,https://www.transfermarkt.de/fc-liverpool/kader/verein/31/saison_id/2026/plus/1,03f6f6108aec08d5028c45b59b341f94eb0a4ac80c8d3246a9cf1767419f8789,2026-09-12
ENG1,Liverpool,31,Virgil van Dijk,139208,1991-07-08,Innenverteidiger,4,2018-01-01,2027-06-30,[],https://www.transfermarkt.de/virgil-van-dijk/profil/spieler/139208,CONFIRMED,STAGE_CURRENT_SQUAD,https://www.transfermarkt.de/fc-liverpool/kader/verein/31/saison_id/2026/plus/1,03f6f6108aec08d5028c45b59b341f94eb0a4ac80c8d3246a9cf1767419f8789,2026-09-12
ENG1,Liverpool,31,Joe Gomez,256178,1997-05-23,Innenverteidiger,2,2015-07-01,2027-06-30,[],https://www.transfermarkt.de/joe-gomez/profil/spieler/256178,CONFIRMED,STAGE_CURRENT_SQUAD,https://www.transfermarkt.de/fc-liverpool/kader/verein/31/saison_id/2026/plus/1,03f6f6108aec08d5028c45b59b341f94eb0a4ac80c8d3246a9cf1767419f8789,2026-09-12
ENG1,Liverpool,31,Milos Kerkez,730861,2003-11-07,Linker Verteidiger,6,2025-07-01,2030-06-30,[],https://www.transfermarkt.de/milos-kerkez/profil/spieler/730861,CONFIRMED,STAGE_CURRENT_SQUAD,https://www.transfermarkt.de/fc-liverpool/kader/verein/31/saison_id/2026/plus/1,03f6f6108aec08d5028c45b59b341f94eb0a4ac80c8d3246a9cf1767419f8789,2026-09-12
ENG1,Liverpool,31,Konstantinos Tsimikas,338070,1996-05-12,Linker Verteidiger,21,2020-08-10,2027-06-30,"[""Rückkehr nach Leihe von: AS Rom; Datum: 30.06.2026; Ablöse: Leih-Ende""]",https://www.transfermarkt.de/konstantinos-tsimikas/profil/spieler/338070,CONFIRMED,REVIEW_REQUIRED,https://www.transfermarkt.de/fc-liverpool/kader/verein/31/saison_id/2026/plus/1,03f6f6108aec08d5028c45b59b341f94eb0a4ac80c8d3246a9cf1767419f8789,2026-09-12
ENG1,Liverpool,31,Jeremie Frimpong,484547,2000-12-10,Rechter Verteidiger,30,2025-07-01,2030-06-30,[],https://www.transfermarkt.de/jeremie-frimpong/profil/spieler/484547,CONFIRMED,STAGE_CURRENT_SQUAD,https://www.transfermarkt.de/fc-liverpool/kader/verein/31/saison_id/2026/plus/1,03f6f6108aec08d5028c45b59b341f94eb0a4ac80c8d3246a9cf1767419f8789,2026-09-12
ENG1,Liverpool,31,Conor Bradley,624258,2003-07-09,Rechter Verteidiger,12,2023-07-01,2029-06-30,[],https://www.transfermarkt.de/conor-bradley/profil/spieler/624258,CONFIRMED,STAGE_CURRENT_SQUAD,https://www.transfermarkt.de/fc-liverpool/kader/verein/31/saison_id/2026/plus/1,03f6f6108aec08d5028c45b59b341f94eb0a4ac80c8d3246a9cf1767419f8789,2026-09-12
ENG1,Liverpool,31,Ryan Gravenberch,478573,2002-05-16,Defensives Mittelfeld,38,2023-09-01,2032-06-30,[],https://www.transfermarkt.de/ryan-gravenberch/profil/spieler/478573,CONFIRMED,STAGE_CURRENT_SQUAD,https://www.transfermarkt.de/fc-liverpool/kader/verein/31/saison_id/2026/plus/1,03f6f6108aec08d5028c45b59b341f94eb0a4ac80c8d3246a9cf1767419f8789,2026-09-12
ENG1,Liverpool,31,Wataru Endo,146310,1993-02-09,Defensives Mittelfeld,3,2023-08-18,2027-06-30,[],https://www.transfermarkt.de/wataru-endo/profil/spieler/146310,CONFIRMED,STAGE_CURRENT_SQUAD,https://www.transfermarkt.de/fc-liverpool/kader/verein/31/saison_id/2026/plus/1,03f6f6108aec08d5028c45b59b341f94eb0a4ac80c8d3246a9cf1767419f8789,2026-09-12
ENG1,Liverpool,31,Alexis Mac Allister,534033,1998-12-24,Zentrales Mittelfeld,10,2023-07-01,2028-06-30,[],https://www.transfermarkt.de/alexis-mac-allister/profil/spieler/534033,CONFIRMED,STAGE_CURRENT_SQUAD,https://www.transfermarkt.de/fc-liverpool/kader/verein/31/saison_id/2026/plus/1,03f6f6108aec08d5028c45b59b341f94eb0a4ac80c8d3246a9cf1767419f8789,2026-09-12
ENG1,Liverpool,31,Trey Nyoni,1045123,2007-06-30,Zentrales Mittelfeld,42,2025-07-01,2030-06-30,[],https://www.transfermarkt.de/trey-nyoni/profil/spieler/1045123,CONFIRMED,STAGE_CURRENT_SQUAD,https://www.transfermarkt.de/fc-liverpool/kader/verein/31/saison_id/2026/plus/1,03f6f6108aec08d5028c45b59b341f94eb0a4ac80c8d3246a9cf1767419f8789,2026-09-12
ENG1,Liverpool,31,Florian Wirtz,598577,2003-05-03,Offensives Mittelfeld,7,2025-07-01,2030-06-30,[],https://www.transfermarkt.de/florian-wirtz/profil/spieler/598577,CONFIRMED,STAGE_CURRENT_SQUAD,https://www.transfermarkt.de/fc-liverpool/kader/verein/31/saison_id/2026/plus/1,03f6f6108aec08d5028c45b59b341f94eb0a4ac80c8d3246a9cf1767419f8789,2026-09-12
ENG1,Liverpool,31,Dominik Szoboszlai,451276,2000-10-25,Offensives Mittelfeld,8,2023-07-02,2031-06-30,[],https://www.transfermarkt.de/dominik-szoboszlai/profil/spieler/451276,CONFIRMED,STAGE_CURRENT_SQUAD,https://www.transfermarkt.de/fc-liverpool/kader/verein/31/saison_id/2026/plus/1,03f6f6108aec08d5028c45b59b341f94eb0a4ac80c8d3246a9cf1767419f8789,2026-09-12
ENG1,Liverpool,31,Bradley Barcola,708265,2002-09-02,Linksaußen,29,2026-08-31,2031-06-30,"[""Neuzugang von: Paris Saint-Germain; Datum: 31.08.2026; Ablöse: 125,00 Mio. €""]",https://www.transfermarkt.de/bradley-barcola/profil/spieler/708265,CONFIRMED,STAGE_CURRENT_SQUAD,https://www.transfermarkt.de/fc-liverpool/kader/verein/31/saison_id/2026/plus/1,03f6f6108aec08d5028c45b59b341f94eb0a4ac80c8d3246a9cf1767419f8789,2026-09-12
ENG1,Liverpool,31,Cody Gakpo,434675,1999-05-07,Linksaußen,18,2023-01-01,2030-06-30,[],https://www.transfermarkt.de/cody-gakpo/profil/spieler/434675,CONFIRMED,STAGE_CURRENT_SQUAD,https://www.transfermarkt.de/fc-liverpool/kader/verein/31/saison_id/2026/plus/1,03f6f6108aec08d5028c45b59b341f94eb0a4ac80c8d3246a9cf1767419f8789,2026-09-12
ENG1,Liverpool,31,Víctor Muñoz,935231,2003-07-13,Linksaußen,23,2026-07-01,2032-06-30,"[""Neuzugang von: CA Osasuna; Datum: 01.07.2026; Ablöse: 40,00 Mio. €""]",https://www.transfermarkt.de/victor-munoz/profil/spieler/935231,CONFIRMED,STAGE_CURRENT_SQUAD,https://www.transfermarkt.de/fc-liverpool/kader/verein/31/saison_id/2026/plus/1,03f6f6108aec08d5028c45b59b341f94eb0a4ac80c8d3246a9cf1767419f8789,2026-09-12
ENG1,Liverpool,31,Rio Ngumoha,1108466,2008-08-29,Linksaußen,73,2025-07-01,2028-06-30,[],https://www.transfermarkt.de/rio-ngumoha/profil/spieler/1108466,CONFIRMED,STAGE_CURRENT_SQUAD,https://www.transfermarkt.de/fc-liverpool/kader/verein/31/saison_id/2026/plus/1,03f6f6108aec08d5028c45b59b341f94eb0a4ac80c8d3246a9cf1767419f8789,2026-09-12
ENG1,Liverpool,31,Federico Chiesa,341092,1997-10-25,Rechtsaußen,14,2024-08-29,2028-06-30,[],https://www.transfermarkt.de/federico-chiesa/profil/spieler/341092,CONFIRMED,STAGE_CURRENT_SQUAD,https://www.transfermarkt.de/fc-liverpool/kader/verein/31/saison_id/2026/plus/1,03f6f6108aec08d5028c45b59b341f94eb0a4ac80c8d3246a9cf1767419f8789,2026-09-12
ENG1,Liverpool,31,Alexander Isak,349066,1999-09-21,Mittelstürmer,9,2025-09-01,2031-06-30,[],https://www.transfermarkt.de/alexander-isak/profil/spieler/349066,CONFIRMED,STAGE_CURRENT_SQUAD,https://www.transfermarkt.de/fc-liverpool/kader/verein/31/saison_id/2026/plus/1,03f6f6108aec08d5028c45b59b341f94eb0a4ac80c8d3246a9cf1767419f8789,2026-09-12
ENG1,Liverpool,31,Hugo Ekitiké,709726,2002-06-20,Mittelstürmer,22,2025-07-23,2031-06-30,[],https://www.transfermarkt.de/hugo-ekitike/profil/spieler/709726,CONFIRMED,STAGE_CURRENT_SQUAD,https://www.transfermarkt.de/fc-liverpool/kader/verein/31/saison_id/2026/plus/1,03f6f6108aec08d5028c45b59b341f94eb0a4ac80c8d3246a9cf1767419f8789,2026-09-12
ENG1,Manchester City,281,Gianluigi Donnarumma,315858,1999-02-25,Torwart,1,2025-09-01,2030-06-30,[],https://www.transfermarkt.de/gianluigi-donnarumma/profil/spieler/315858,CONFIRMED,STAGE_CURRENT_SQUAD,https://www.transfermarkt.de/manchester-city/kader/verein/281/saison_id/2026/plus/1,480dc31ff14f1e9821d8a65e16c6d82796ba24da1b92e06c4904603842d4bf05,2026-09-12
ENG1,Manchester City,281,Gerónimo Rulli,229604,1992-05-20,Torwart,28,2026-08-12,2028-06-30,"[""Neuzugang von: Olympique Marseille; Datum: 12.08.2026; Ablöse: 3,50 Mio. €""]",https://www.transfermarkt.de/geronimo-rulli/profil/spieler/229604,CONFIRMED,STAGE_CURRENT_SQUAD,https://www.transfermarkt.de/manchester-city/kader/verein/281/saison_id/2026/plus/1,480dc31ff14f1e9821d8a65e16c6d82796ba24da1b92e06c4904603842d4bf05,2026-09-12
ENG1,Manchester City,281,Marcus Bettinelli,116648,1992-05-24,Torwart,13,2025-06-10,2027-06-30,[],https://www.transfermarkt.de/marcus-bettinelli/profil/spieler/116648,CONFIRMED,STAGE_CURRENT_SQUAD,https://www.transfermarkt.de/manchester-city/kader/verein/281/saison_id/2026/plus/1,480dc31ff14f1e9821d8a65e16c6d82796ba24da1b92e06c4904603842d4bf05,2026-09-12
ENG1,Manchester City,281,Marc Guéhi,392757,2000-07-13,Innenverteidiger,6,2026-01-19,2031-06-30,[],https://www.transfermarkt.de/marc-guehi/profil/spieler/392757,CONFIRMED,STAGE_CURRENT_SQUAD,https://www.transfermarkt.de/manchester-city/kader/verein/281/saison_id/2026/plus/1,480dc31ff14f1e9821d8a65e16c6d82796ba24da1b92e06c4904603842d4bf05,2026-09-12
ENG1,Manchester City,281,Josko Gvardiol,475959,2002-01-23,Innenverteidiger,24,2023-08-05,2031-06-30,[],https://www.transfermarkt.de/josko-gvardiol/profil/spieler/475959,CONFIRMED,STAGE_CURRENT_SQUAD,https://www.transfermarkt.de/manchester-city/kader/verein/281/saison_id/2026/plus/1,480dc31ff14f1e9821d8a65e16c6d82796ba24da1b92e06c4904603842d4bf05,2026-09-12
ENG1,Manchester City,281,Rúben Dias,258004,1997-05-14,Innenverteidiger,3,2020-09-29,2029-06-30,[],https://www.transfermarkt.de/ruben-dias/profil/spieler/258004,CONFIRMED,STAGE_CURRENT_SQUAD,https://www.transfermarkt.de/manchester-city/kader/verein/281/saison_id/2026/plus/1,480dc31ff14f1e9821d8a65e16c6d82796ba24da1b92e06c4904603842d4bf05,2026-09-12
ENG1,Manchester City,281,Abdukodir Khusanov,763079,2004-02-29,Innenverteidiger,45,2025-01-20,2031-06-30,[],https://www.transfermarkt.de/abdukodir-khusanov/profil/spieler/763079,CONFIRMED,STAGE_CURRENT_SQUAD,https://www.transfermarkt.de/manchester-city/kader/verein/281/saison_id/2026/plus/1,480dc31ff14f1e9821d8a65e16c6d82796ba24da1b92e06c4904603842d4bf05,2026-09-12
ENG1,Manchester City,281,Vitor Reis,1005575,2006-01-12,Innenverteidiger,22,2025-01-21,2029-06-30,"[""Rückkehr nach Leihe von: FC Girona; Datum: 30.06.2026; Ablöse: Leih-Ende""]",https://www.transfermarkt.de/vitor-reis/profil/spieler/1005575,CONFIRMED,REVIEW_REQUIRED,https://www.transfermarkt.de/manchester-city/kader/verein/281/saison_id/2026/plus/1,480dc31ff14f1e9821d8a65e16c6d82796ba24da1b92e06c4904603842d4bf05,2026-09-12
ENG1,Manchester City,281,Nico O'Reilly,743413,2005-03-21,Linker Verteidiger,33,2024-07-01,2030-06-30,[],https://www.transfermarkt.de/nico-oreilly/profil/spieler/743413,CONFIRMED,STAGE_CURRENT_SQUAD,https://www.transfermarkt.de/manchester-city/kader/verein/281/saison_id/2026/plus/1,480dc31ff14f1e9821d8a65e16c6d82796ba24da1b92e06c4904603842d4bf05,2026-09-12
ENG1,Manchester City,281,Rayan Aït-Nouri,578391,2001-06-06,Linker Verteidiger,21,2025-06-09,2030-06-30,[],https://www.transfermarkt.de/rayan-ait-nouri/profil/spieler/578391,CONFIRMED,STAGE_CURRENT_SQUAD,https://www.transfermarkt.de/manchester-city/kader/verein/281/saison_id/2026/plus/1,480dc31ff14f1e9821d8a65e16c6d82796ba24da1b92e06c4904603842d4bf05,2026-09-12
ENG1,Manchester City,281,Josh Wilson-Esbrand,576121,2002-12-26,Linker Verteidiger,59,2023-01-01,2027-06-30,"[""Rückkehr nach Leihe von: Radomiak Radom; Datum: 30.06.2026; Ablöse: Leih-Ende""]",https://www.transfermarkt.de/josh-wilson-esbrand/profil/spieler/576121,CONFIRMED,REVIEW_REQUIRED,https://www.transfermarkt.de/manchester-city/kader/verein/281/saison_id/2026/plus/1,480dc31ff14f1e9821d8a65e16c6d82796ba24da1b92e06c4904603842d4bf05,2026-09-12
ENG1,Manchester City,281,Matheus Nunes,601883,1998-08-27,Rechter Verteidiger,27,2023-09-01,2028-06-30,[],https://www.transfermarkt.de/matheus-nunes/profil/spieler/601883,CONFIRMED,STAGE_CURRENT_SQUAD,https://www.transfermarkt.de/manchester-city/kader/verein/281/saison_id/2026/plus/1,480dc31ff14f1e9821d8a65e16c6d82796ba24da1b92e06c4904603842d4bf05,2026-09-12
ENG1,Manchester City,281,Rico Lewis,701057,2004-11-21,Rechter Verteidiger,82,2022-07-01,2030-06-30,[],https://www.transfermarkt.de/rico-lewis/profil/spieler/701057,CONFIRMED,STAGE_CURRENT_SQUAD,https://www.transfermarkt.de/manchester-city/kader/verein/281/saison_id/2026/plus/1,480dc31ff14f1e9821d8a65e16c6d82796ba24da1b92e06c4904603842d4bf05,2026-09-12
ENG1,Manchester City,281,Ayyoub Bouaddi,1097139,2007-10-02,Defensives Mittelfeld,32,2026-08-26,2031-06-30,"[""Neuzugang von: LOSC Lille; Datum: 26.08.2026; Ablöse: 95,00 Mio. €""]",https://www.transfermarkt.de/ayyoub-bouaddi/profil/spieler/1097139,CONFIRMED,STAGE_CURRENT_SQUAD,https://www.transfermarkt.de/manchester-city/kader/verein/281/saison_id/2026/plus/1,480dc31ff14f1e9821d8a65e16c6d82796ba24da1b92e06c4904603842d4bf05,2026-09-12
ENG1,Manchester City,281,Elliot Anderson,567576,2002-11-06,Zentrales Mittelfeld,5,2026-07-23,2031-06-30,"[""Neuzugang von: Nottingham Forest; Datum: 23.07.2026; Ablöse: 135,00 Mio. €""]",https://www.transfermarkt.de/elliot-anderson/profil/spieler/567576,CONFIRMED,STAGE_CURRENT_SQUAD,https://www.transfermarkt.de/manchester-city/kader/verein/281/saison_id/2026/plus/1,480dc31ff14f1e9821d8a65e16c6d82796ba24da1b92e06c4904603842d4bf05,2026-09-12
ENG1,Manchester City,281,Enzo Fernández,648195,2001-01-17,Zentrales Mittelfeld,17,2026-09-01,2031-06-30,"[""Neuzugang von: FC Chelsea; Datum: 01.09.2026; Ablöse: 145,00 Mio. €""]",https://www.transfermarkt.de/enzo-fernandez/profil/spieler/648195,CONFIRMED,STAGE_CURRENT_SQUAD,https://www.transfermarkt.de/manchester-city/kader/verein/281/saison_id/2026/plus/1,480dc31ff14f1e9821d8a65e16c6d82796ba24da1b92e06c4904603842d4bf05,2026-09-12
ENG1,Manchester City,281,Mateo Kovacic,51471,1994-05-06,Zentrales Mittelfeld,8,2023-07-01,2027-06-30,[],https://www.transfermarkt.de/mateo-kovacic/profil/spieler/51471,CONFIRMED,STAGE_CURRENT_SQUAD,https://www.transfermarkt.de/manchester-city/kader/verein/281/saison_id/2026/plus/1,480dc31ff14f1e9821d8a65e16c6d82796ba24da1b92e06c4904603842d4bf05,2026-09-12
ENG1,Manchester City,281,Rayan Cherki,607223,2003-08-17,Offensives Mittelfeld,10,2025-06-10,2030-06-30,[],https://www.transfermarkt.de/rayan-cherki/profil/spieler/607223,CONFIRMED,STAGE_CURRENT_SQUAD,https://www.transfermarkt.de/manchester-city/kader/verein/281/saison_id/2026/plus/1,480dc31ff14f1e9821d8a65e16c6d82796ba24da1b92e06c4904603842d4bf05,2026-09-12
ENG1,Manchester City,281,Phil Foden,406635,2000-05-28,Offensives Mittelfeld,47,2017-07-01,2030-06-30,[],https://www.transfermarkt.de/phil-foden/profil/spieler/406635,CONFIRMED,STAGE_CURRENT_SQUAD,https://www.transfermarkt.de/manchester-city/kader/verein/281/saison_id/2026/plus/1,480dc31ff14f1e9821d8a65e16c6d82796ba24da1b92e06c4904603842d4bf05,2026-09-12
ENG1,Manchester City,281,Jérémy Doku,486049,2002-05-27,Linksaußen,11,2023-08-24,2031-06-30,[],https://www.transfermarkt.de/jeremy-doku/profil/spieler/486049,CONFIRMED,STAGE_CURRENT_SQUAD,https://www.transfermarkt.de/manchester-city/kader/verein/281/saison_id/2026/plus/1,480dc31ff14f1e9821d8a65e16c6d82796ba24da1b92e06c4904603842d4bf05,2026-09-12
ENG1,Manchester City,281,Iliman Ndiaye,623570,2000-03-06,Linksaußen,7,2026-09-01,2031-06-30,"[""Neuzugang von: FC Everton; Datum: 01.09.2026; Ablöse: 70,00 Mio. €""]",https://www.transfermarkt.de/iliman-ndiaye/profil/spieler/623570,CONFIRMED,STAGE_CURRENT_SQUAD,https://www.transfermarkt.de/manchester-city/kader/verein/281/saison_id/2026/plus/1,480dc31ff14f1e9821d8a65e16c6d82796ba24da1b92e06c4904603842d4bf05,2026-09-12
ENG1,Manchester City,281,Antoine Semenyo,583255,2000-01-07,Rechtsaußen,42,2026-01-09,2031-06-30,[],https://www.transfermarkt.de/antoine-semenyo/profil/spieler/583255,CONFIRMED,STAGE_CURRENT_SQUAD,https://www.transfermarkt.de/manchester-city/kader/verein/281/saison_id/2026/plus/1,480dc31ff14f1e9821d8a65e16c6d82796ba24da1b92e06c4904603842d4bf05,2026-09-12
ENG1,Manchester City,281,Allan,1082631,2004-04-19,Rechtsaußen,37,2026-08-31,2031-06-30,"[""Neuzugang von: SE Palmeiras São Paulo; Datum: 31.08.2026; Ablöse: 37,50 Mio. €""]",https://www.transfermarkt.de/allan/profil/spieler/1082631,CONFIRMED,STAGE_CURRENT_SQUAD,https://www.transfermarkt.de/manchester-city/kader/verein/281/saison_id/2026/plus/1,480dc31ff14f1e9821d8a65e16c6d82796ba24da1b92e06c4904603842d4bf05,2026-09-12
ENG1,Manchester City,281,Ryan McAidoo,1187640,2008-06-24,Rechtsaußen,56,2026-07-01,,"[""Interner Wechsel: Manchester City U21; Datum: 01.07.2026""]",https://www.transfermarkt.de/ryan-mcaidoo/profil/spieler/1187640,CONFIRMED,REVIEW_REQUIRED,https://www.transfermarkt.de/manchester-city/kader/verein/281/saison_id/2026/plus/1,480dc31ff14f1e9821d8a65e16c6d82796ba24da1b92e06c4904603842d4bf05,2026-09-12
ENG1,Manchester City,281,Erling Haaland,418560,2000-07-21,Mittelstürmer,9,2022-07-01,2034-06-30,[],https://www.transfermarkt.de/erling-haaland/profil/spieler/418560,CONFIRMED,STAGE_CURRENT_SQUAD,https://www.transfermarkt.de/manchester-city/kader/verein/281/saison_id/2026/plus/1,480dc31ff14f1e9821d8a65e16c6d82796ba24da1b92e06c4904603842d4bf05,2026-09-12
ENG1,Manchester United,985,Senne Lammens,503883,2002-07-07,Torwart,1,2025-09-01,2030-06-30,[],https://www.transfermarkt.de/senne-lammens/profil/spieler/503883,CONFIRMED,STAGE_CURRENT_SQUAD,https://www.transfermarkt.de/manchester-united/kader/verein/985/saison_id/2026/plus/1,543b8e96c6fed73672ad0d37c674352b89ff1da2c63778ec7fb5492ad88361a2,2026-09-12
ENG1,Manchester United,985,Karl Darlow,99397,1990-10-08,Torwart,12,2026-07-14,2028-06-30,"[""Neuzugang von: Leeds United; Datum: 14.07.2026; Ablöse: ablösefrei""]",https://www.transfermarkt.de/karl-darlow/profil/spieler/99397,CONFIRMED,STAGE_CURRENT_SQUAD,https://www.transfermarkt.de/manchester-united/kader/verein/985/saison_id/2026/plus/1,543b8e96c6fed73672ad0d37c674352b89ff1da2c63778ec7fb5492ad88361a2,2026-09-12
ENG1,Manchester United,985,Tom Heaton,34130,1986-04-15,Torwart,22,2021-07-02,2027-06-30,[],https://www.transfermarkt.de/tom-heaton/profil/spieler/34130,CONFIRMED,STAGE_CURRENT_SQUAD,https://www.transfermarkt.de/manchester-united/kader/verein/985/saison_id/2026/plus/1,543b8e96c6fed73672ad0d37c674352b89ff1da2c63778ec7fb5492ad88361a2,2026-09-12
ENG1,Manchester United,985,Dermot Mee,620362,2002-11-20,Torwart,45,2026-07-01,2028-06-30,"[""Interner Wechsel: Manchester United U21; Datum: 01.07.2026""]",https://www.transfermarkt.de/dermot-mee/profil/spieler/620362,CONFIRMED,STAGE_CURRENT_SQUAD,https://www.transfermarkt.de/manchester-united/kader/verein/985/saison_id/2026/plus/1,543b8e96c6fed73672ad0d37c674352b89ff1da2c63778ec7fb5492ad88361a2,2026-09-12
ENG1,Manchester United,985,Leny Yoro,923831,2005-11-13,Innenverteidiger,15,2024-07-18,2029-06-30,[],https://www.transfermarkt.de/leny-yoro/profil/spieler/923831,CONFIRMED,STAGE_CURRENT_SQUAD,https://www.transfermarkt.de/manchester-united/kader/verein/985/saison_id/2026/plus/1,543b8e96c6fed73672ad0d37c674352b89ff1da2c63778ec7fb5492ad88361a2,2026-09-12
ENG1,Manchester United,985,Lisandro Martínez,480762,1998-01-18,Innenverteidiger,6,2022-07-27,2027-06-30,[],https://www.transfermarkt.de/lisandro-martinez/profil/spieler/480762,CONFIRMED,STAGE_CURRENT_SQUAD,https://www.transfermarkt.de/manchester-united/kader/verein/985/saison_id/2026/plus/1,543b8e96c6fed73672ad0d37c674352b89ff1da2c63778ec7fb5492ad88361a2,2026-09-12
ENG1,Manchester United,985,Matthijs de Ligt,326031,1999-08-12,Innenverteidiger,4,2024-08-13,2029-06-30,[],https://www.transfermarkt.de/matthijs-de-ligt/profil/spieler/326031,CONFIRMED,STAGE_CURRENT_SQUAD,https://www.transfermarkt.de/manchester-united/kader/verein/985/saison_id/2026/plus/1,543b8e96c6fed73672ad0d37c674352b89ff1da2c63778ec7fb5492ad88361a2,2026-09-12
ENG1,Manchester United,985,Ayden Heaven,1078163,2006-09-22,Innenverteidiger,26,2025-02-01,2029-06-30,[],https://www.transfermarkt.de/ayden-heaven/profil/spieler/1078163,CONFIRMED,STAGE_CURRENT_SQUAD,https://www.transfermarkt.de/manchester-united/kader/verein/985/saison_id/2026/plus/1,543b8e96c6fed73672ad0d37c674352b89ff1da2c63778ec7fb5492ad88361a2,2026-09-12
ENG1,Manchester United,985,Harry Maguire,177907,1993-03-05,Innenverteidiger,5,2019-08-05,2027-06-30,[],https://www.transfermarkt.de/harry-maguire/profil/spieler/177907,CONFIRMED,STAGE_CURRENT_SQUAD,https://www.transfermarkt.de/manchester-united/kader/verein/985/saison_id/2026/plus/1,543b8e96c6fed73672ad0d37c674352b89ff1da2c63778ec7fb5492ad88361a2,2026-09-12
ENG1,Manchester United,985,Luke Shaw,183288,1995-07-12,Linker Verteidiger,23,2014-07-01,2027-06-30,[],https://www.transfermarkt.de/luke-shaw/profil/spieler/183288,CONFIRMED,STAGE_CURRENT_SQUAD,https://www.transfermarkt.de/manchester-united/kader/verein/985/saison_id/2026/plus/1,543b8e96c6fed73672ad0d37c674352b89ff1da2c63778ec7fb5492ad88361a2,2026-09-12
ENG1,Manchester United,985,Harry Amass,1011738,2007-03-16,Linker Verteidiger,41,2025-01-01,2027-06-30,"[""Rückkehr nach Leihe von: Norwich City; Datum: 30.06.2026; Ablöse: Leih-Ende""]",https://www.transfermarkt.de/harry-amass/profil/spieler/1011738,CONFIRMED,REVIEW_REQUIRED,https://www.transfermarkt.de/manchester-united/kader/verein/985/saison_id/2026/plus/1,543b8e96c6fed73672ad0d37c674352b89ff1da2c63778ec7fb5492ad88361a2,2026-09-12
ENG1,Manchester United,985,Diogo Dalot,357147,1999-03-18,Rechter Verteidiger,2,2018-07-01,2028-06-30,[],https://www.transfermarkt.de/diogo-dalot/profil/spieler/357147,CONFIRMED,STAGE_CURRENT_SQUAD,https://www.transfermarkt.de/manchester-united/kader/verein/985/saison_id/2026/plus/1,543b8e96c6fed73672ad0d37c674352b89ff1da2c63778ec7fb5492ad88361a2,2026-09-12
ENG1,Manchester United,985,Noussair Mazraoui,340456,1997-11-14,Rechter Verteidiger,3,2024-08-13,2028-06-30,[],https://www.transfermarkt.de/noussair-mazraoui/profil/spieler/340456,CONFIRMED,STAGE_CURRENT_SQUAD,https://www.transfermarkt.de/manchester-united/kader/verein/985/saison_id/2026/plus/1,543b8e96c6fed73672ad0d37c674352b89ff1da2c63778ec7fb5492ad88361a2,2026-09-12
ENG1,Manchester United,985,Carlos Baleba,973085,2004-01-03,Defensives Mittelfeld,20,2026-08-25,2031-06-30,"[""Neuzugang von: Brighton & Hove Albion; Datum: 25.08.2026; Ablöse: 75,90 Mio. €""]",https://www.transfermarkt.de/carlos-baleba/profil/spieler/973085,CONFIRMED,STAGE_CURRENT_SQUAD,https://www.transfermarkt.de/manchester-united/kader/verein/985/saison_id/2026/plus/1,543b8e96c6fed73672ad0d37c674352b89ff1da2c63778ec7fb5492ad88361a2,2026-09-12
ENG1,Manchester United,985,Andrey Santos,743600,2004-05-03,Defensives Mittelfeld,17,2026-07-13,2031-06-30,"[""Neuzugang von: FC Chelsea; Datum: 13.07.2026; Ablöse: 56,30 Mio. €""]",https://www.transfermarkt.de/andrey-santos/profil/spieler/743600,CONFIRMED,STAGE_CURRENT_SQUAD,https://www.transfermarkt.de/manchester-united/kader/verein/985/saison_id/2026/plus/1,543b8e96c6fed73672ad0d37c674352b89ff1da2c63778ec7fb5492ad88361a2,2026-09-12
ENG1,Manchester United,985,Manuel Ugarte,476701,2001-04-11,Defensives Mittelfeld,25,2024-08-30,2029-06-30,[],https://www.transfermarkt.de/manuel-ugarte/profil/spieler/476701,CONFIRMED,STAGE_CURRENT_SQUAD,https://www.transfermarkt.de/manchester-united/kader/verein/985/saison_id/2026/plus/1,543b8e96c6fed73672ad0d37c674352b89ff1da2c63778ec7fb5492ad88361a2,2026-09-12
ENG1,Manchester United,985,Kobbie Mainoo,820374,2005-04-19,Zentrales Mittelfeld,37,2023-07-01,2031-06-30,[],https://www.transfermarkt.de/kobbie-mainoo/profil/spieler/820374,CONFIRMED,STAGE_CURRENT_SQUAD,https://www.transfermarkt.de/manchester-united/kader/verein/985/saison_id/2026/plus/1,543b8e96c6fed73672ad0d37c674352b89ff1da2c63778ec7fb5492ad88361a2,2026-09-12
ENG1,Manchester United,985,Youri Tielemans,249565,1997-05-07,Zentrales Mittelfeld,18,2026-07-14,2031-06-30,"[""Neuzugang von: Aston Villa; Datum: 14.07.2026; Ablöse: 41,00 Mio. €""]",https://www.transfermarkt.de/youri-tielemans/profil/spieler/249565,CONFIRMED,STAGE_CURRENT_SQUAD,https://www.transfermarkt.de/manchester-united/kader/verein/985/saison_id/2026/plus/1,543b8e96c6fed73672ad0d37c674352b89ff1da2c63778ec7fb5492ad88361a2,2026-09-12
ENG1,Manchester United,985,Tyler Fletcher,1049911,2007-03-19,Zentrales Mittelfeld,39,2026-07-01,2027-06-30,"[""Interner Wechsel: Manchester United U21; Datum: 01.07.2026""]",https://www.transfermarkt.de/tyler-fletcher/profil/spieler/1049911,CONFIRMED,STAGE_CURRENT_SQUAD,https://www.transfermarkt.de/manchester-united/kader/verein/985/saison_id/2026/plus/1,543b8e96c6fed73672ad0d37c674352b89ff1da2c63778ec7fb5492ad88361a2,2026-09-12
ENG1,Manchester United,985,Bruno Fernandes,240306,1994-09-08,Offensives Mittelfeld,8,2020-01-29,2027-06-30,[],https://www.transfermarkt.de/bruno-fernandes/profil/spieler/240306,CONFIRMED,STAGE_CURRENT_SQUAD,https://www.transfermarkt.de/manchester-united/kader/verein/985/saison_id/2026/plus/1,543b8e96c6fed73672ad0d37c674352b89ff1da2c63778ec7fb5492ad88361a2,2026-09-12
ENG1,Manchester United,985,Mason Mount,346483,1999-01-10,Offensives Mittelfeld,7,2023-07-05,2028-06-30,[],https://www.transfermarkt.de/mason-mount/profil/spieler/346483,CONFIRMED,STAGE_CURRENT_SQUAD,https://www.transfermarkt.de/manchester-united/kader/verein/985/saison_id/2026/plus/1,543b8e96c6fed73672ad0d37c674352b89ff1da2c63778ec7fb5492ad88361a2,2026-09-12
ENG1,Manchester United,985,Jack Fletcher,1011140,2007-03-19,Offensives Mittelfeld,38,,2027-06-30,[],https://www.transfermarkt.de/jack-fletcher/profil/spieler/1011140,CONFIRMED,STAGE_CURRENT_SQUAD,https://www.transfermarkt.de/manchester-united/kader/verein/985/saison_id/2026/plus/1,543b8e96c6fed73672ad0d37c674352b89ff1da2c63778ec7fb5492ad88361a2,2026-09-12
ENG1,Manchester United,985,Marcus Rashford,258923,1997-10-31,Linksaußen,9,2016-01-01,2028-06-30,"[""Rückkehr nach Leihe von: FC Barcelona; Datum: 30.06.2026; Ablöse: Leih-Ende""]",https://www.transfermarkt.de/marcus-rashford/profil/spieler/258923,CONFIRMED,REVIEW_REQUIRED,https://www.transfermarkt.de/manchester-united/kader/verein/985/saison_id/2026/plus/1,543b8e96c6fed73672ad0d37c674352b89ff1da2c63778ec7fb5492ad88361a2,2026-09-12
ENG1,Manchester United,985,Patrick Dorgu,926952,2004-10-26,Linksaußen,13,2025-02-02,2030-06-30,[],https://www.transfermarkt.de/patrick-dorgu/profil/spieler/926952,CONFIRMED,STAGE_CURRENT_SQUAD,https://www.transfermarkt.de/manchester-united/kader/verein/985/saison_id/2026/plus/1,543b8e96c6fed73672ad0d37c674352b89ff1da2c63778ec7fb5492ad88361a2,2026-09-12
ENG1,Manchester United,985,Bryan Mbeumo,413039,1999-08-07,Rechtsaußen,19,2025-07-21,2030-06-30,[],https://www.transfermarkt.de/bryan-mbeumo/profil/spieler/413039,CONFIRMED,STAGE_CURRENT_SQUAD,https://www.transfermarkt.de/manchester-united/kader/verein/985/saison_id/2026/plus/1,543b8e96c6fed73672ad0d37c674352b89ff1da2c63778ec7fb5492ad88361a2,2026-09-12
ENG1,Manchester United,985,Amad Diallo,536835,2002-07-11,Rechtsaußen,16,2021-01-02,2030-06-30,[],https://www.transfermarkt.de/amad-diallo/profil/spieler/536835,CONFIRMED,STAGE_CURRENT_SQUAD,https://www.transfermarkt.de/manchester-united/kader/verein/985/saison_id/2026/plus/1,543b8e96c6fed73672ad0d37c674352b89ff1da2c63778ec7fb5492ad88361a2,2026-09-12
ENG1,Manchester United,985,Shea Lacey,926309,2007-04-14,Rechtsaußen,31,2026-07-01,2029-06-30,"[""Interner Wechsel: Manchester United U21; Datum: 01.07.2026""]",https://www.transfermarkt.de/shea-lacey/profil/spieler/926309,CONFIRMED,STAGE_CURRENT_SQUAD,https://www.transfermarkt.de/manchester-united/kader/verein/985/saison_id/2026/plus/1,543b8e96c6fed73672ad0d37c674352b89ff1da2c63778ec7fb5492ad88361a2,2026-09-12
ENG1,Manchester United,985,Matheus Cunha,517894,1999-05-27,Mittelstürmer,10,2025-07-01,2030-06-30,[],https://www.transfermarkt.de/matheus-cunha/profil/spieler/517894,CONFIRMED,STAGE_CURRENT_SQUAD,https://www.transfermarkt.de/manchester-united/kader/verein/985/saison_id/2026/plus/1,543b8e96c6fed73672ad0d37c674352b89ff1da2c63778ec7fb5492ad88361a2,2026-09-12
ENG1,Manchester United,985,Benjamin Sesko,627442,2003-05-31,Mittelstürmer,30,2025-08-09,2030-06-30,[],https://www.transfermarkt.de/benjamin-sesko/profil/spieler/627442,CONFIRMED,STAGE_CURRENT_SQUAD,https://www.transfermarkt.de/manchester-united/kader/verein/985/saison_id/2026/plus/1,543b8e96c6fed73672ad0d37c674352b89ff1da2c63778ec7fb5492ad88361a2,2026-09-12
ENG1,Manchester United,985,Joshua Zirkzee,435648,2001-05-22,Mittelstürmer,11,2024-07-14,2029-06-30,[],https://www.transfermarkt.de/joshua-zirkzee/profil/spieler/435648,CONFIRMED,STAGE_CURRENT_SQUAD,https://www.transfermarkt.de/manchester-united/kader/verein/985/saison_id/2026/plus/1,543b8e96c6fed73672ad0d37c674352b89ff1da2c63778ec7fb5492ad88361a2,2026-09-12
ENG1,Newcastle United,762,Lukas Hornicek,629773,2002-07-13,Torwart,21,2026-08-03,2031-06-30,"[""Neuzugang von: SC Braga; Datum: 03.08.2026; Ablöse: 30,60 Mio. €""]",https://www.transfermarkt.de/lukas-hornicek/profil/spieler/629773,CONFIRMED,STAGE_CURRENT_SQUAD,https://www.transfermarkt.de/newcastle-united/kader/verein/762/saison_id/2026/plus/1,5429334da6bcb2ca4dd3f56c0cd56cdb77a500c262e3ff2fb44ba4e8aeed0c4c,2026-09-12
ENG1,Newcastle United,762,Ewen Jaouen,923757,2005-12-29,Torwart,24,2026-07-01,2030-06-30,"[""Neuzugang von: Stade Reims; Datum: 01.07.2026; Ablöse: 21,50 Mio. €""]",https://www.transfermarkt.de/ewen-jaouen/profil/spieler/923757,CONFIRMED,STAGE_CURRENT_SQUAD,https://www.transfermarkt.de/newcastle-united/kader/verein/762/saison_id/2026/plus/1,5429334da6bcb2ca4dd3f56c0cd56cdb77a500c262e3ff2fb44ba4e8aeed0c4c,2026-09-12
ENG1,Newcastle United,762,Nick Pope,192080,1992-04-19,Torwart,1,2022-07-01,2027-06-30,[],https://www.transfermarkt.de/nick-pope/profil/spieler/192080,CONFIRMED,STAGE_CURRENT_SQUAD,https://www.transfermarkt.de/newcastle-united/kader/verein/762/saison_id/2026/plus/1,5429334da6bcb2ca4dd3f56c0cd56cdb77a500c262e3ff2fb44ba4e8aeed0c4c,2026-09-12
ENG1,Newcastle United,762,Mark Gillespie,142389,1992-03-27,Torwart,29,2020-07-03,2027-06-30,[],https://www.transfermarkt.de/mark-gillespie/profil/spieler/142389,CONFIRMED,STAGE_CURRENT_SQUAD,https://www.transfermarkt.de/newcastle-united/kader/verein/762/saison_id/2026/plus/1,5429334da6bcb2ca4dd3f56c0cd56cdb77a500c262e3ff2fb44ba4e8aeed0c4c,2026-09-12
ENG1,Newcastle United,762,Malick Thiaw,521964,2001-08-08,Innenverteidiger,12,2025-08-12,2029-06-30,[],https://www.transfermarkt.de/malick-thiaw/profil/spieler/521964,CONFIRMED,STAGE_CURRENT_SQUAD,https://www.transfermarkt.de/newcastle-united/kader/verein/762/saison_id/2026/plus/1,5429334da6bcb2ca4dd3f56c0cd56cdb77a500c262e3ff2fb44ba4e8aeed0c4c,2026-09-12
ENG1,Newcastle United,762,Sven Botman,361093,2000-01-12,Innenverteidiger,4,2022-07-01,2030-06-30,[],https://www.transfermarkt.de/sven-botman/profil/spieler/361093,CONFIRMED,STAGE_CURRENT_SQUAD,https://www.transfermarkt.de/newcastle-united/kader/verein/762/saison_id/2026/plus/1,5429334da6bcb2ca4dd3f56c0cd56cdb77a500c262e3ff2fb44ba4e8aeed0c4c,2026-09-12
ENG1,Newcastle United,762,Fabian Schär,135343,1991-12-20,Innenverteidiger,5,2018-07-26,2027-06-30,[],https://www.transfermarkt.de/fabian-schar/profil/spieler/135343,CONFIRMED,STAGE_CURRENT_SQUAD,https://www.transfermarkt.de/newcastle-united/kader/verein/762/saison_id/2026/plus/1,5429334da6bcb2ca4dd3f56c0cd56cdb77a500c262e3ff2fb44ba4e8aeed0c4c,2026-09-12
ENG1,Newcastle United,762,Dan Burn,134270,1992-05-09,Innenverteidiger,33,2022-01-31,2027-06-30,[],https://www.transfermarkt.de/dan-burn/profil/spieler/134270,CONFIRMED,STAGE_CURRENT_SQUAD,https://www.transfermarkt.de/newcastle-united/kader/verein/762/saison_id/2026/plus/1,5429334da6bcb2ca4dd3f56c0cd56cdb77a500c262e3ff2fb44ba4e8aeed0c4c,2026-09-12
ENG1,Newcastle United,762,Lewis Hall,670858,2004-09-08,Linker Verteidiger,3,2024-07-01,,[],https://www.transfermarkt.de/lewis-hall/profil/spieler/670858,CONFIRMED,STAGE_CURRENT_SQUAD,https://www.transfermarkt.de/newcastle-united/kader/verein/762/saison_id/2026/plus/1,5429334da6bcb2ca4dd3f56c0cd56cdb77a500c262e3ff2fb44ba4e8aeed0c4c,2026-09-12
ENG1,Newcastle United,762,Tino Livramento,503981,2002-11-12,Rechter Verteidiger,2,2023-08-08,2028-06-30,[],https://www.transfermarkt.de/tino-livramento/profil/spieler/503981,CONFIRMED,STAGE_CURRENT_SQUAD,https://www.transfermarkt.de/newcastle-united/kader/verein/762/saison_id/2026/plus/1,5429334da6bcb2ca4dd3f56c0cd56cdb77a500c262e3ff2fb44ba4e8aeed0c4c,2026-09-12
ENG1,Newcastle United,762,Amar Dedic,519184,2002-08-18,Rechter Verteidiger,37,2026-08-18,2031-06-30,"[""Neuzugang von: Benfica Lissabon; Datum: 18.08.2026; Ablöse: 35,90 Mio. €""]",https://www.transfermarkt.de/amar-dedic/profil/spieler/519184,CONFIRMED,STAGE_CURRENT_SQUAD,https://www.transfermarkt.de/newcastle-united/kader/verein/762/saison_id/2026/plus/1,5429334da6bcb2ca4dd3f56c0cd56cdb77a500c262e3ff2fb44ba4e8aeed0c4c,2026-09-12
ENG1,Newcastle United,762,Nico González,466805,2002-01-03,Defensives Mittelfeld,6,2026-08-26,,"[""Neuzugang von: Manchester City; Datum: 26.08.2026; Ablöse: 56,00 Mio. €""]",https://www.transfermarkt.de/nico-gonzalez/profil/spieler/466805,CONFIRMED,STAGE_CURRENT_SQUAD,https://www.transfermarkt.de/newcastle-united/kader/verein/762/saison_id/2026/plus/1,5429334da6bcb2ca4dd3f56c0cd56cdb77a500c262e3ff2fb44ba4e8aeed0c4c,2026-09-12
ENG1,Newcastle United,762,Aladji Bamba,975347,2006-07-14,Defensives Mittelfeld,8,2026-07-24,2031-06-30,"[""Neuzugang von: AS Monaco; Datum: 24.07.2026; Ablöse: 35,50 Mio. €""]",https://www.transfermarkt.de/aladji-bamba/profil/spieler/975347,CONFIRMED,STAGE_CURRENT_SQUAD,https://www.transfermarkt.de/newcastle-united/kader/verein/762/saison_id/2026/plus/1,5429334da6bcb2ca4dd3f56c0cd56cdb77a500c262e3ff2fb44ba4e8aeed0c4c,2026-09-12
ENG1,Newcastle United,762,Jacob Ramsey,503749,2001-05-28,Zentrales Mittelfeld,41,2025-08-17,2030-06-30,[],https://www.transfermarkt.de/jacob-ramsey/profil/spieler/503749,CONFIRMED,STAGE_CURRENT_SQUAD,https://www.transfermarkt.de/newcastle-united/kader/verein/762/saison_id/2026/plus/1,5429334da6bcb2ca4dd3f56c0cd56cdb77a500c262e3ff2fb44ba4e8aeed0c4c,2026-09-12
ENG1,Newcastle United,762,Joelinton,333241,1996-08-14,Zentrales Mittelfeld,7,2019-07-23,2028-06-30,[],https://www.transfermarkt.de/joelinton/profil/spieler/333241,CONFIRMED,STAGE_CURRENT_SQUAD,https://www.transfermarkt.de/newcastle-united/kader/verein/762/saison_id/2026/plus/1,5429334da6bcb2ca4dd3f56c0cd56cdb77a500c262e3ff2fb44ba4e8aeed0c4c,2026-09-12
ENG1,Newcastle United,762,Lewis Miley,922769,2006-05-01,Zentrales Mittelfeld,67,2023-07-01,2032-06-30,[],https://www.transfermarkt.de/lewis-miley/profil/spieler/922769,CONFIRMED,STAGE_CURRENT_SQUAD,https://www.transfermarkt.de/newcastle-united/kader/verein/762/saison_id/2026/plus/1,5429334da6bcb2ca4dd3f56c0cd56cdb77a500c262e3ff2fb44ba4e8aeed0c4c,2026-09-12
ENG1,Newcastle United,762,Joe Willock,340329,1999-08-20,Zentrales Mittelfeld,28,2021-08-13,2027-06-30,[],https://www.transfermarkt.de/joe-willock/profil/spieler/340329,CONFIRMED,STAGE_CURRENT_SQUAD,https://www.transfermarkt.de/newcastle-united/kader/verein/762/saison_id/2026/plus/1,5429334da6bcb2ca4dd3f56c0cd56cdb77a500c262e3ff2fb44ba4e8aeed0c4c,2026-09-12
ENG1,Newcastle United,762,Sean Steur,1111063,2008-01-11,Zentrales Mittelfeld,14,2026-07-09,2031-06-30,"[""Neuzugang von: Ajax Amsterdam; Datum: 09.07.2026; Ablöse: 23,50 Mio. €""]",https://www.transfermarkt.de/sean-steur/profil/spieler/1111063,CONFIRMED,STAGE_CURRENT_SQUAD,https://www.transfermarkt.de/newcastle-united/kader/verein/762/saison_id/2026/plus/1,5429334da6bcb2ca4dd3f56c0cd56cdb77a500c262e3ff2fb44ba4e8aeed0c4c,2026-09-12
ENG1,Newcastle United,762,Bazoumana Touré,1067904,2006-03-02,Linksaußen,17,2026-07-05,2031-06-30,"[""Neuzugang von: TSG 1899 Hoffenheim; Datum: 05.07.2026; Ablöse: 50,00 Mio. €""]",https://www.transfermarkt.de/bazoumana-toure/profil/spieler/1067904,CONFIRMED,STAGE_CURRENT_SQUAD,https://www.transfermarkt.de/newcastle-united/kader/verein/762/saison_id/2026/plus/1,5429334da6bcb2ca4dd3f56c0cd56cdb77a500c262e3ff2fb44ba4e8aeed0c4c,2026-09-12
ENG1,Newcastle United,762,Harvey Barnes,398065,1997-12-09,Linksaußen,11,2023-07-23,,[],https://www.transfermarkt.de/harvey-barnes/profil/spieler/398065,CONFIRMED,STAGE_CURRENT_SQUAD,https://www.transfermarkt.de/newcastle-united/kader/verein/762/saison_id/2026/plus/1,5429334da6bcb2ca4dd3f56c0cd56cdb77a500c262e3ff2fb44ba4e8aeed0c4c,2026-09-12
ENG1,Newcastle United,762,Anthony Elanga,583189,2002-04-27,Rechtsaußen,19,2025-07-11,2030-06-30,[],https://www.transfermarkt.de/anthony-elanga/profil/spieler/583189,CONFIRMED,STAGE_CURRENT_SQUAD,https://www.transfermarkt.de/newcastle-united/kader/verein/762/saison_id/2026/plus/1,5429334da6bcb2ca4dd3f56c0cd56cdb77a500c262e3ff2fb44ba4e8aeed0c4c,2026-09-12
ENG1,Newcastle United,762,Jacob Murphy,199527,1995-02-24,Rechtsaußen,23,2017-07-19,2027-06-30,[],https://www.transfermarkt.de/jacob-murphy/profil/spieler/199527,CONFIRMED,STAGE_CURRENT_SQUAD,https://www.transfermarkt.de/newcastle-united/kader/verein/762/saison_id/2026/plus/1,5429334da6bcb2ca4dd3f56c0cd56cdb77a500c262e3ff2fb44ba4e8aeed0c4c,2026-09-12
ENG1,Newcastle United,762,Matias Fernandez-Pardo,724129,2005-02-03,Mittelstürmer,20,2026-09-01,2031-06-30,"[""Neuzugang von: LOSC Lille; Datum: 01.09.2026; Ablöse: 60,00 Mio. €""]",https://www.transfermarkt.de/matias-fernandez-pardo/profil/spieler/724129,CONFIRMED,STAGE_CURRENT_SQUAD,https://www.transfermarkt.de/newcastle-united/kader/verein/762/saison_id/2026/plus/1,5429334da6bcb2ca4dd3f56c0cd56cdb77a500c262e3ff2fb44ba4e8aeed0c4c,2026-09-12
ENG1,Newcastle United,762,William Osula,609556,2003-08-04,Mittelstürmer,10,2024-08-08,2029-06-30,[],https://www.transfermarkt.de/william-osula/profil/spieler/609556,CONFIRMED,STAGE_CURRENT_SQUAD,https://www.transfermarkt.de/newcastle-united/kader/verein/762/saison_id/2026/plus/1,5429334da6bcb2ca4dd3f56c0cd56cdb77a500c262e3ff2fb44ba4e8aeed0c4c,2026-09-12
ENG1,Newcastle United,762,Yoane Wissa,388165,1996-09-03,Mittelstürmer,9,2025-09-01,2029-06-30,[],https://www.transfermarkt.de/yoane-wissa/profil/spieler/388165,CONFIRMED,STAGE_CURRENT_SQUAD,https://www.transfermarkt.de/newcastle-united/kader/verein/762/saison_id/2026/plus/1,5429334da6bcb2ca4dd3f56c0cd56cdb77a500c262e3ff2fb44ba4e8aeed0c4c,2026-09-12
ENG1,Nottingham Forest,703,John Victor,432914,1996-02-13,Torwart,12,2025-08-31,2028-06-30,[],https://www.transfermarkt.de/john-victor/profil/spieler/432914,CONFIRMED,STAGE_CURRENT_SQUAD,https://www.transfermarkt.de/nottingham-forest/kader/verein/703/saison_id/2026/plus/1,1f3c6bd0f0de76240faea845ee07a8d1fad13ffa72e96a8cbb4612f966f30983,2026-09-12
ENG1,Nottingham Forest,703,Matz Sels,127202,1992-02-26,Torwart,26,2024-02-01,2028-06-30,[],https://www.transfermarkt.de/matz-sels/profil/spieler/127202,CONFIRMED,STAGE_CURRENT_SQUAD,https://www.transfermarkt.de/nottingham-forest/kader/verein/703/saison_id/2026/plus/1,1f3c6bd0f0de76240faea845ee07a8d1fad13ffa72e96a8cbb4612f966f30983,2026-09-12
ENG1,Nottingham Forest,703,Steven Benda,381469,1998-10-01,Torwart,33,2026-08-15,2027-06-30,"[""Neuzugang von: FC Fulham; Datum: 15.08.2026; Ablöse: ablösefrei""]",https://www.transfermarkt.de/steven-benda/profil/spieler/381469,CONFIRMED,REVIEW_REQUIRED,https://www.transfermarkt.de/nottingham-forest/kader/verein/703/saison_id/2026/plus/1,1f3c6bd0f0de76240faea845ee07a8d1fad13ffa72e96a8cbb4612f966f30983,2026-09-12
ENG1,Nottingham Forest,703,Murillo,1005649,2002-07-04,Innenverteidiger,5,2023-08-31,2030-06-30,[],https://www.transfermarkt.de/murillo/profil/spieler/1005649,CONFIRMED,STAGE_CURRENT_SQUAD,https://www.transfermarkt.de/nottingham-forest/kader/verein/703/saison_id/2026/plus/1,1f3c6bd0f0de76240faea845ee07a8d1fad13ffa72e96a8cbb4612f966f30983,2026-09-12
ENG1,Nottingham Forest,703,Ousmane Diomande,974982,2003-12-04,Innenverteidiger,2,2026-08-11,2030-06-30,"[""Neuzugang von: Sporting Lissabon; Datum: 11.08.2026; Ablöse: 40,00 Mio. €""]",https://www.transfermarkt.de/ousmane-diomande/profil/spieler/974982,CONFIRMED,STAGE_CURRENT_SQUAD,https://www.transfermarkt.de/nottingham-forest/kader/verein/703/saison_id/2026/plus/1,1f3c6bd0f0de76240faea845ee07a8d1fad13ffa72e96a8cbb4612f966f30983,2026-09-12
ENG1,Nottingham Forest,703,Nikola Milenković,413507,1997-10-12,Innenverteidiger,31,2024-07-18,2029-06-30,[],https://www.transfermarkt.de/nikola-milenkovic/profil/spieler/413507,CONFIRMED,STAGE_CURRENT_SQUAD,https://www.transfermarkt.de/nottingham-forest/kader/verein/703/saison_id/2026/plus/1,1f3c6bd0f0de76240faea845ee07a8d1fad13ffa72e96a8cbb4612f966f30983,2026-09-12
ENG1,Nottingham Forest,703,Jair Cunha,984096,2005-03-07,Innenverteidiger,23,2025-07-11,2030-06-30,[],https://www.transfermarkt.de/jair-cunha/profil/spieler/984096,CONFIRMED,STAGE_CURRENT_SQUAD,https://www.transfermarkt.de/nottingham-forest/kader/verein/703/saison_id/2026/plus/1,1f3c6bd0f0de76240faea845ee07a8d1fad13ffa72e96a8cbb4612f966f30983,2026-09-12
ENG1,Nottingham Forest,703,Neco Williams,503680,2001-04-13,Linker Verteidiger,3,2022-07-10,2030-06-30,[],https://www.transfermarkt.de/neco-williams/profil/spieler/503680,CONFIRMED,STAGE_CURRENT_SQUAD,https://www.transfermarkt.de/nottingham-forest/kader/verein/703/saison_id/2026/plus/1,1f3c6bd0f0de76240faea845ee07a8d1fad13ffa72e96a8cbb4612f966f30983,2026-09-12
ENG1,Nottingham Forest,703,Luca Netz,524285,2003-05-15,Linker Verteidiger,25,2026-02-02,2030-06-30,[],https://www.transfermarkt.de/luca-netz/profil/spieler/524285,CONFIRMED,STAGE_CURRENT_SQUAD,https://www.transfermarkt.de/nottingham-forest/kader/verein/703/saison_id/2026/plus/1,1f3c6bd0f0de76240faea845ee07a8d1fad13ffa72e96a8cbb4612f966f30983,2026-09-12
ENG1,Nottingham Forest,703,Daniel Muñoz,493003,1996-05-26,Rechter Verteidiger,27,2026-08-31,2029-06-30,"[""Neuzugang von: Crystal Palace; Datum: 31.08.2026; Ablöse: 25,70 Mio. €""]",https://www.transfermarkt.de/daniel-munoz/profil/spieler/493003,CONFIRMED,STAGE_CURRENT_SQUAD,https://www.transfermarkt.de/nottingham-forest/kader/verein/703/saison_id/2026/plus/1,1f3c6bd0f0de76240faea845ee07a8d1fad13ffa72e96a8cbb4612f966f30983,2026-09-12
ENG1,Nottingham Forest,703,Ola Aina,236490,1996-10-08,Rechter Verteidiger,34,2023-07-22,2028-06-30,[],https://www.transfermarkt.de/ola-aina/profil/spieler/236490,CONFIRMED,STAGE_CURRENT_SQUAD,https://www.transfermarkt.de/nottingham-forest/kader/verein/703/saison_id/2026/plus/1,1f3c6bd0f0de76240faea845ee07a8d1fad13ffa72e96a8cbb4612f966f30983,2026-09-12
ENG1,Nottingham Forest,703,Nicolò Savona,708072,2003-03-19,Rechter Verteidiger,37,2025-08-30,2030-06-30,[],https://www.transfermarkt.de/nicolo-savona/profil/spieler/708072,CONFIRMED,STAGE_CURRENT_SQUAD,https://www.transfermarkt.de/nottingham-forest/kader/verein/703/saison_id/2026/plus/1,1f3c6bd0f0de76240faea845ee07a8d1fad13ffa72e96a8cbb4612f966f30983,2026-09-12
ENG1,Nottingham Forest,703,Ibrahim Sangaré,375885,1997-12-02,Defensives Mittelfeld,6,2023-09-01,2029-06-30,[],https://www.transfermarkt.de/ibrahim-sangare/profil/spieler/375885,CONFIRMED,STAGE_CURRENT_SQUAD,https://www.transfermarkt.de/nottingham-forest/kader/verein/703/saison_id/2026/plus/1,1f3c6bd0f0de76240faea845ee07a8d1fad13ffa72e96a8cbb4612f966f30983,2026-09-12
ENG1,Nottingham Forest,703,Nicolás Domínguez,497291,1998-06-28,Zentrales Mittelfeld,8,2023-09-01,2028-06-30,[],https://www.transfermarkt.de/nicolas-dominguez/profil/spieler/497291,CONFIRMED,STAGE_CURRENT_SQUAD,https://www.transfermarkt.de/nottingham-forest/kader/verein/703/saison_id/2026/plus/1,1f3c6bd0f0de76240faea845ee07a8d1fad13ffa72e96a8cbb4612f966f30983,2026-09-12
ENG1,Nottingham Forest,703,Xaver Schlager,223979,1997-09-28,Zentrales Mittelfeld,21,2026-07-23,2028-06-30,"[""Neuzugang von: RB Leipzig; Datum: 23.07.2026; Ablöse: ablösefrei""]",https://www.transfermarkt.de/xaver-schlager/profil/spieler/223979,CONFIRMED,STAGE_CURRENT_SQUAD,https://www.transfermarkt.de/nottingham-forest/kader/verein/703/saison_id/2026/plus/1,1f3c6bd0f0de76240faea845ee07a8d1fad13ffa72e96a8cbb4612f966f30983,2026-09-12
ENG1,Nottingham Forest,703,Ryan Yates,425902,1997-11-21,Zentrales Mittelfeld,22,2016-07-01,2028-06-30,[],https://www.transfermarkt.de/ryan-yates/profil/spieler/425902,CONFIRMED,STAGE_CURRENT_SQUAD,https://www.transfermarkt.de/nottingham-forest/kader/verein/703/saison_id/2026/plus/1,1f3c6bd0f0de76240faea845ee07a8d1fad13ffa72e96a8cbb4612f966f30983,2026-09-12
ENG1,Nottingham Forest,703,Morgan Gibbs-White,429014,2000-01-27,Offensives Mittelfeld,10,2022-08-19,2028-06-30,[],https://www.transfermarkt.de/morgan-gibbs-white/profil/spieler/429014,CONFIRMED,STAGE_CURRENT_SQUAD,https://www.transfermarkt.de/nottingham-forest/kader/verein/703/saison_id/2026/plus/1,1f3c6bd0f0de76240faea845ee07a8d1fad13ffa72e96a8cbb4612f966f30983,2026-09-12
ENG1,Nottingham Forest,703,James McAtee,583199,2002-10-18,Offensives Mittelfeld,24,2025-08-16,2030-06-30,[],https://www.transfermarkt.de/james-mcatee/profil/spieler/583199,CONFIRMED,STAGE_CURRENT_SQUAD,https://www.transfermarkt.de/nottingham-forest/kader/verein/703/saison_id/2026/plus/1,1f3c6bd0f0de76240faea845ee07a8d1fad13ffa72e96a8cbb4612f966f30983,2026-09-12
ENG1,Nottingham Forest,703,Callum Hudson-Odoi,392768,2000-11-07,Linksaußen,7,2023-09-01,2028-06-30,[],https://www.transfermarkt.de/callum-hudson-odoi/profil/spieler/392768,CONFIRMED,STAGE_CURRENT_SQUAD,https://www.transfermarkt.de/nottingham-forest/kader/verein/703/saison_id/2026/plus/1,1f3c6bd0f0de76240faea845ee07a8d1fad13ffa72e96a8cbb4612f966f30983,2026-09-12
ENG1,Nottingham Forest,703,Dan Ndoye,365108,2000-10-25,Rechtsaußen,14,2025-07-31,2030-06-30,[],https://www.transfermarkt.de/dan-ndoye/profil/spieler/365108,CONFIRMED,STAGE_CURRENT_SQUAD,https://www.transfermarkt.de/nottingham-forest/kader/verein/703/saison_id/2026/plus/1,1f3c6bd0f0de76240faea845ee07a8d1fad13ffa72e96a8cbb4612f966f30983,2026-09-12
ENG1,Nottingham Forest,703,Liam Delap,610849,2003-02-08,Mittelstürmer,19,2026-08-27,2031-06-30,"[""Neuzugang von: FC Chelsea; Datum: 27.08.2026; Ablöse: 52,50 Mio. €""]",https://www.transfermarkt.de/liam-delap/profil/spieler/610849,CONFIRMED,STAGE_CURRENT_SQUAD,https://www.transfermarkt.de/nottingham-forest/kader/verein/703/saison_id/2026/plus/1,1f3c6bd0f0de76240faea845ee07a8d1fad13ffa72e96a8cbb4612f966f30983,2026-09-12
ENG1,Nottingham Forest,703,Igor Jesus,432164,2001-02-25,Mittelstürmer,11,2025-07-05,2029-06-30,[],https://www.transfermarkt.de/igor-jesus/profil/spieler/432164,CONFIRMED,STAGE_CURRENT_SQUAD,https://www.transfermarkt.de/nottingham-forest/kader/verein/703/saison_id/2026/plus/1,1f3c6bd0f0de76240faea845ee07a8d1fad13ffa72e96a8cbb4612f966f30983,2026-09-12
ENG1,Nottingham Forest,703,Arnaud Kalimuendo,585959,2002-01-20,Mittelstürmer,15,2025-08-18,2030-06-30,"[""Rückkehr nach Leihe von: Eintracht Frankfurt; Datum: 30.06.2026; Ablöse: Leih-Ende""]",https://www.transfermarkt.de/arnaud-kalimuendo/profil/spieler/585959,CONFIRMED,STAGE_CURRENT_SQUAD,https://www.transfermarkt.de/nottingham-forest/kader/verein/703/saison_id/2026/plus/1,1f3c6bd0f0de76240faea845ee07a8d1fad13ffa72e96a8cbb4612f966f30983,2026-09-12
ENG1,Nottingham Forest,703,Chris Wood,108725,1991-12-07,Mittelstürmer,9,2023-07-01,2027-06-30,[],https://www.transfermarkt.de/chris-wood/profil/spieler/108725,CONFIRMED,STAGE_CURRENT_SQUAD,https://www.transfermarkt.de/nottingham-forest/kader/verein/703/saison_id/2026/plus/1,1f3c6bd0f0de76240faea845ee07a8d1fad13ffa72e96a8cbb4612f966f30983,2026-09-12
ENG1,Sunderland,289,Robin Roefs,646991,2003-01-17,Torwart,22,2025-08-01,2031-06-30,[],https://www.transfermarkt.de/robin-roefs/profil/spieler/646991,CONFIRMED,STAGE_CURRENT_SQUAD,https://www.transfermarkt.de/afc-sunderland/kader/verein/289/saison_id/2026/plus/1,bd74ae0019b88eeaf201f5b09382a2f264e6feab18e637371f9e43576b711509,2026-09-12
ENG1,Sunderland,289,Melker Ellborg,605426,2003-05-22,Torwart,31,2026-02-01,2030-06-30,[],https://www.transfermarkt.de/melker-ellborg/profil/spieler/605426,CONFIRMED,STAGE_CURRENT_SQUAD,https://www.transfermarkt.de/afc-sunderland/kader/verein/289/saison_id/2026/plus/1,bd74ae0019b88eeaf201f5b09382a2f264e6feab18e637371f9e43576b711509,2026-09-12
ENG1,Sunderland,289,Simon Moore,123536,1990-05-19,Torwart,21,2024-07-01,2027-06-30,[],https://www.transfermarkt.de/simon-moore/profil/spieler/123536,CONFIRMED,STAGE_CURRENT_SQUAD,https://www.transfermarkt.de/afc-sunderland/kader/verein/289/saison_id/2026/plus/1,bd74ae0019b88eeaf201f5b09382a2f264e6feab18e637371f9e43576b711509,2026-09-12
ENG1,Sunderland,289,Kevin Danso,263236,1998-09-19,Innenverteidiger,4,2026-09-01,2027-06-30,[],https://www.transfermarkt.de/kevin-danso/profil/spieler/263236,CONFIRMED,REVIEW_REQUIRED,https://www.transfermarkt.de/afc-sunderland/kader/verein/289/saison_id/2026/plus/1,bd74ae0019b88eeaf201f5b09382a2f264e6feab18e637371f9e43576b711509,2026-09-12
ENG1,Sunderland,289,Dan Ballard,503686,1999-09-22,Innenverteidiger,5,2022-07-01,2029-06-30,[],https://www.transfermarkt.de/dan-ballard/profil/spieler/503686,CONFIRMED,STAGE_CURRENT_SQUAD,https://www.transfermarkt.de/afc-sunderland/kader/verein/289/saison_id/2026/plus/1,bd74ae0019b88eeaf201f5b09382a2f264e6feab18e637371f9e43576b711509,2026-09-12
ENG1,Sunderland,289,Omar Alderete,353032,1996-12-26,Innenverteidiger,15,2025-08-12,2029-06-30,[],https://www.transfermarkt.de/omar-alderete/profil/spieler/353032,CONFIRMED,STAGE_CURRENT_SQUAD,https://www.transfermarkt.de/afc-sunderland/kader/verein/289/saison_id/2026/plus/1,bd74ae0019b88eeaf201f5b09382a2f264e6feab18e637371f9e43576b711509,2026-09-12
ENG1,Sunderland,289,Luke O'Nien,282939,1994-11-21,Innenverteidiger,13,2018-07-30,2027-06-30,[],https://www.transfermarkt.de/luke-onien/profil/spieler/282939,CONFIRMED,STAGE_CURRENT_SQUAD,https://www.transfermarkt.de/afc-sunderland/kader/verein/289/saison_id/2026/plus/1,bd74ae0019b88eeaf201f5b09382a2f264e6feab18e637371f9e43576b711509,2026-09-12
ENG1,Sunderland,289,Aji Alese,502065,2001-01-17,Innenverteidiger,42,2022-07-15,2027-06-30,"[""Rückkehr nach Leihe von: FC Portsmouth; Datum: 30.06.2026; Ablöse: Leih-Ende""]",https://www.transfermarkt.de/aji-alese/profil/spieler/502065,CONFIRMED,STAGE_CURRENT_SQUAD,https://www.transfermarkt.de/afc-sunderland/kader/verein/289/saison_id/2026/plus/1,bd74ae0019b88eeaf201f5b09382a2f264e6feab18e637371f9e43576b711509,2026-09-12
ENG1,Sunderland,289,Dayann Méthalie,1191444,2006-02-15,Linker Verteidiger,6,2026-08-21,2031-06-30,"[""Neuzugang von: FC Toulouse; Datum: 21.08.2026; Ablöse: 28,00 Mio. €""]",https://www.transfermarkt.de/dayann-methalie/profil/spieler/1191444,CONFIRMED,STAGE_CURRENT_SQUAD,https://www.transfermarkt.de/afc-sunderland/kader/verein/289/saison_id/2026/plus/1,bd74ae0019b88eeaf201f5b09382a2f264e6feab18e637371f9e43576b711509,2026-09-12
ENG1,Sunderland,289,Reinildo Mandava,240692,1994-01-21,Linker Verteidiger,17,2025-07-08,2027-06-30,[],https://www.transfermarkt.de/reinildo-mandava/profil/spieler/240692,CONFIRMED,STAGE_CURRENT_SQUAD,https://www.transfermarkt.de/afc-sunderland/kader/verein/289/saison_id/2026/plus/1,bd74ae0019b88eeaf201f5b09382a2f264e6feab18e637371f9e43576b711509,2026-09-12
ENG1,Sunderland,289,Trai Hume,515544,2002-03-18,Rechter Verteidiger,32,2022-01-04,2030-06-30,[],https://www.transfermarkt.de/trai-hume/profil/spieler/515544,CONFIRMED,STAGE_CURRENT_SQUAD,https://www.transfermarkt.de/afc-sunderland/kader/verein/289/saison_id/2026/plus/1,bd74ae0019b88eeaf201f5b09382a2f264e6feab18e637371f9e43576b711509,2026-09-12
ENG1,Sunderland,289,Nordi Mukiele,348026,1997-11-01,Rechter Verteidiger,20,2025-08-17,2029-06-30,[],https://www.transfermarkt.de/nordi-mukiele/profil/spieler/348026,CONFIRMED,STAGE_CURRENT_SQUAD,https://www.transfermarkt.de/afc-sunderland/kader/verein/289/saison_id/2026/plus/1,bd74ae0019b88eeaf201f5b09382a2f264e6feab18e637371f9e43576b711509,2026-09-12
ENG1,Sunderland,289,Thomas Meunier,100986,1991-09-12,Rechter Verteidiger,12,2026-07-15,2028-06-30,"[""Neuzugang von: LOSC Lille; Datum: 15.07.2026; Ablöse: ablösefrei""]",https://www.transfermarkt.de/thomas-meunier/profil/spieler/100986,CONFIRMED,STAGE_CURRENT_SQUAD,https://www.transfermarkt.de/afc-sunderland/kader/verein/289/saison_id/2026/plus/1,bd74ae0019b88eeaf201f5b09382a2f264e6feab18e637371f9e43576b711509,2026-09-12
ENG1,Sunderland,289,Granit Xhaka,111455,1992-09-27,Defensives Mittelfeld,34,2025-07-30,2028-06-30,[],https://www.transfermarkt.de/granit-xhaka/profil/spieler/111455,CONFIRMED,STAGE_CURRENT_SQUAD,https://www.transfermarkt.de/afc-sunderland/kader/verein/289/saison_id/2026/plus/1,bd74ae0019b88eeaf201f5b09382a2f264e6feab18e637371f9e43576b711509,2026-09-12
ENG1,Sunderland,289,Jules Ahoka,1401779,2006-05-08,Defensives Mittelfeld,29,2026-08-24,2031-06-30,"[""Neuzugang von: Royal Antwerpen FC; Datum: 24.08.2026; Ablöse: 10,00 Mio. €""]",https://www.transfermarkt.de/jules-ahoka/profil/spieler/1401779,CONFIRMED,REVIEW_REQUIRED,https://www.transfermarkt.de/afc-sunderland/kader/verein/289/saison_id/2026/plus/1,bd74ae0019b88eeaf201f5b09382a2f264e6feab18e637371f9e43576b711509,2026-09-12
ENG1,Sunderland,289,Habib Diarra,876631,2004-01-03,Zentrales Mittelfeld,19,2025-07-01,2030-06-30,[],https://www.transfermarkt.de/habib-diarra/profil/spieler/876631,CONFIRMED,STAGE_CURRENT_SQUAD,https://www.transfermarkt.de/afc-sunderland/kader/verein/289/saison_id/2026/plus/1,bd74ae0019b88eeaf201f5b09382a2f264e6feab18e637371f9e43576b711509,2026-09-12
ENG1,Sunderland,289,Noah Sadiki,727089,2004-12-17,Zentrales Mittelfeld,27,2025-07-04,2030-06-30,[],https://www.transfermarkt.de/noah-sadiki/profil/spieler/727089,CONFIRMED,STAGE_CURRENT_SQUAD,https://www.transfermarkt.de/afc-sunderland/kader/verein/289/saison_id/2026/plus/1,bd74ae0019b88eeaf201f5b09382a2f264e6feab18e637371f9e43576b711509,2026-09-12
ENG1,Sunderland,289,Enzo Le Fée,633992,2000-02-03,Zentrales Mittelfeld,28,2025-07-01,2029-06-30,[],https://www.transfermarkt.de/enzo-le-fee/profil/spieler/633992,CONFIRMED,STAGE_CURRENT_SQUAD,https://www.transfermarkt.de/afc-sunderland/kader/verein/289/saison_id/2026/plus/1,bd74ae0019b88eeaf201f5b09382a2f264e6feab18e637371f9e43576b711509,2026-09-12
ENG1,Sunderland,289,Alan Browne,277697,1995-04-15,Zentrales Mittelfeld,8,2024-07-11,2027-06-30,"[""Rückkehr nach Leihe von: FC Middlesbrough; Datum: 30.06.2026; Ablöse: Leih-Ende""]",https://www.transfermarkt.de/alan-browne/profil/spieler/277697,CONFIRMED,REVIEW_REQUIRED,https://www.transfermarkt.de/afc-sunderland/kader/verein/289/saison_id/2026/plus/1,bd74ae0019b88eeaf201f5b09382a2f264e6feab18e637371f9e43576b711509,2026-09-12
ENG1,Sunderland,289,Abdoullah Ba,654412,2003-07-31,Rechtes Mittelfeld,46,2022-08-31,2027-06-30,[],https://www.transfermarkt.de/abdoullah-ba/profil/spieler/654412,CONFIRMED,STAGE_CURRENT_SQUAD,https://www.transfermarkt.de/afc-sunderland/kader/verein/289/saison_id/2026/plus/1,bd74ae0019b88eeaf201f5b09382a2f264e6feab18e637371f9e43576b711509,2026-09-12
ENG1,Sunderland,289,Chris Rigg,947411,2007-06-18,Offensives Mittelfeld,11,2023-07-01,2030-06-30,[],https://www.transfermarkt.de/chris-rigg/profil/spieler/947411,CONFIRMED,STAGE_CURRENT_SQUAD,https://www.transfermarkt.de/afc-sunderland/kader/verein/289/saison_id/2026/plus/1,bd74ae0019b88eeaf201f5b09382a2f264e6feab18e637371f9e43576b711509,2026-09-12
ENG1,Sunderland,289,Malick Fofana,743386,2005-03-31,Linksaußen,39,2026-09-01,2031-06-30,"[""Neuzugang von: Olympique Lyon; Datum: 01.09.2026; Ablöse: 30,00 Mio. €""]",https://www.transfermarkt.de/malick-fofana/profil/spieler/743386,CONFIRMED,STAGE_CURRENT_SQUAD,https://www.transfermarkt.de/afc-sunderland/kader/verein/289/saison_id/2026/plus/1,bd74ae0019b88eeaf201f5b09382a2f264e6feab18e637371f9e43576b711509,2026-09-12
ENG1,Sunderland,289,Nilson Angulo,903611,2003-06-19,Linksaußen,10,2026-02-02,2030-06-30,[],https://www.transfermarkt.de/nilson-angulo/profil/spieler/903611,CONFIRMED,STAGE_CURRENT_SQUAD,https://www.transfermarkt.de/afc-sunderland/kader/verein/289/saison_id/2026/plus/1,bd74ae0019b88eeaf201f5b09382a2f264e6feab18e637371f9e43576b711509,2026-09-12
ENG1,Sunderland,289,Romaine Mundle,696181,2003-04-24,Linksaußen,14,2024-02-01,2030-06-30,[],https://www.transfermarkt.de/romaine-mundle/profil/spieler/696181,CONFIRMED,STAGE_CURRENT_SQUAD,https://www.transfermarkt.de/afc-sunderland/kader/verein/289/saison_id/2026/plus/1,bd74ae0019b88eeaf201f5b09382a2f264e6feab18e637371f9e43576b711509,2026-09-12
ENG1,Sunderland,289,Chemsdine Talbi,743384,2005-05-09,Rechtsaußen,7,2025-07-09,2030-06-30,[],https://www.transfermarkt.de/chemsdine-talbi/profil/spieler/743384,CONFIRMED,STAGE_CURRENT_SQUAD,https://www.transfermarkt.de/afc-sunderland/kader/verein/289/saison_id/2026/plus/1,bd74ae0019b88eeaf201f5b09382a2f264e6feab18e637371f9e43576b711509,2026-09-12
ENG1,Sunderland,289,Jocelin Ta Bi,1322090,2005-02-09,Rechtsaußen,37,2026-01-16,2030-06-30,[],https://www.transfermarkt.de/jocelin-ta-bi/profil/spieler/1322090,CONFIRMED,REVIEW_REQUIRED,https://www.transfermarkt.de/afc-sunderland/kader/verein/289/saison_id/2026/plus/1,bd74ae0019b88eeaf201f5b09382a2f264e6feab18e637371f9e43576b711509,2026-09-12
ENG1,Sunderland,289,Brian Brobbey,473169,2002-02-01,Mittelstürmer,9,2025-09-01,2029-06-30,[],https://www.transfermarkt.de/brian-brobbey/profil/spieler/473169,CONFIRMED,STAGE_CURRENT_SQUAD,https://www.transfermarkt.de/afc-sunderland/kader/verein/289/saison_id/2026/plus/1,bd74ae0019b88eeaf201f5b09382a2f264e6feab18e637371f9e43576b711509,2026-09-12
ENG1,Sunderland,289,Wilson Isidor,494237,2000-08-27,Mittelstürmer,18,2025-02-01,2030-06-30,[],https://www.transfermarkt.de/wilson-isidor/profil/spieler/494237,CONFIRMED,STAGE_CURRENT_SQUAD,https://www.transfermarkt.de/afc-sunderland/kader/verein/289/saison_id/2026/plus/1,bd74ae0019b88eeaf201f5b09382a2f264e6feab18e637371f9e43576b711509,2026-09-12
ENG1,Sunderland,289,Juan Riquelme Angulo,1257410,2008-01-12,Mittelstürmer,-,2026-09-01,2031-06-30,"[""Neuzugang von: Independiente del Valle; Datum: 01.09.2026; Ablöse: 5,85 Mio. €""]",https://www.transfermarkt.de/juan-riquelme-angulo/profil/spieler/1257410,CONFIRMED,STAGE_CURRENT_SQUAD,https://www.transfermarkt.de/afc-sunderland/kader/verein/289/saison_id/2026/plus/1,bd74ae0019b88eeaf201f5b09382a2f264e6feab18e637371f9e43576b711509,2026-09-12
ENG1,Tottenham Hotspur,148,Antonín Kinský,725912,2003-03-13,Torwart,31,2025-01-05,2031-06-30,[],https://www.transfermarkt.de/antonin-kinsky/profil/spieler/725912,CONFIRMED,STAGE_CURRENT_SQUAD,https://www.transfermarkt.de/tottenham-hotspur/kader/verein/148/saison_id/2026/plus/1,007fc11048dc50b4cfd2c580b82958bb7cc02f984af0af71c4079e53b5c71390,2026-09-12
ENG1,Tottenham Hotspur,148,Martin Dúbravka,74960,1989-01-15,Torwart,39,2026-07-01,2027-06-30,"[""Neuzugang von: FC Burnley; Datum: 01.07.2026; Ablöse: ablösefrei""]",https://www.transfermarkt.de/martin-dubravka/profil/spieler/74960,CONFIRMED,STAGE_CURRENT_SQUAD,https://www.transfermarkt.de/tottenham-hotspur/kader/verein/148/saison_id/2026/plus/1,007fc11048dc50b4cfd2c580b82958bb7cc02f984af0af71c4079e53b5c71390,2026-09-12
ENG1,Tottenham Hotspur,148,Brandon Austin,428016,1999-01-08,Torwart,40,2021-08-01,2029-06-30,[],https://www.transfermarkt.de/brandon-austin/profil/spieler/428016,CONFIRMED,STAGE_CURRENT_SQUAD,https://www.transfermarkt.de/tottenham-hotspur/kader/verein/148/saison_id/2026/plus/1,007fc11048dc50b4cfd2c580b82958bb7cc02f984af0af71c4079e53b5c71390,2026-09-12
ENG1,Tottenham Hotspur,148,Jan Paul van Hecke,576314,2000-06-08,Innenverteidiger,6,2026-07-01,,"[""Neuzugang von: Brighton & Hove Albion; Datum: 01.07.2026; Ablöse: 60,00 Mio. €""]",https://www.transfermarkt.de/jan-paul-van-hecke/profil/spieler/576314,CONFIRMED,STAGE_CURRENT_SQUAD,https://www.transfermarkt.de/tottenham-hotspur/kader/verein/148/saison_id/2026/plus/1,007fc11048dc50b4cfd2c580b82958bb7cc02f984af0af71c4079e53b5c71390,2026-09-12
ENG1,Tottenham Hotspur,148,Micky van de Ven,557459,2001-04-19,Innenverteidiger,37,2023-08-08,2031-06-30,[],https://www.transfermarkt.de/micky-van-de-ven/profil/spieler/557459,CONFIRMED,STAGE_CURRENT_SQUAD,https://www.transfermarkt.de/tottenham-hotspur/kader/verein/148/saison_id/2026/plus/1,007fc11048dc50b4cfd2c580b82958bb7cc02f984af0af71c4079e53b5c71390,2026-09-12
ENG1,Tottenham Hotspur,148,Marcos Senesi,469781,1997-05-10,Innenverteidiger,5,2026-07-01,2030-06-30,"[""Neuzugang von: AFC Bournemouth; Datum: 01.07.2026; Ablöse: ablösefrei""]",https://www.transfermarkt.de/marcos-senesi/profil/spieler/469781,CONFIRMED,STAGE_CURRENT_SQUAD,https://www.transfermarkt.de/tottenham-hotspur/kader/verein/148/saison_id/2026/plus/1,007fc11048dc50b4cfd2c580b82958bb7cc02f984af0af71c4079e53b5c71390,2026-09-12
ENG1,Tottenham Hotspur,148,Tosin Adarabioyo,258878,1997-09-24,Innenverteidiger,4,2026-09-01,,"[""Neuzugang von: FC Chelsea; Datum: 01.09.2026; Ablöse: 11,65 Mio. €""]",https://www.transfermarkt.de/tosin-adarabioyo/profil/spieler/258878,CONFIRMED,STAGE_CURRENT_SQUAD,https://www.transfermarkt.de/tottenham-hotspur/kader/verein/148/saison_id/2026/plus/1,007fc11048dc50b4cfd2c580b82958bb7cc02f984af0af71c4079e53b5c71390,2026-09-12
ENG1,Tottenham Hotspur,148,Ben Davies,192765,1993-04-24,Innenverteidiger,33,2014-07-23,2027-06-30,[],https://www.transfermarkt.de/ben-davies/profil/spieler/192765,CONFIRMED,STAGE_CURRENT_SQUAD,https://www.transfermarkt.de/tottenham-hotspur/kader/verein/148/saison_id/2026/plus/1,007fc11048dc50b4cfd2c580b82958bb7cc02f984af0af71c4079e53b5c71390,2026-09-12
ENG1,Tottenham Hotspur,148,Destiny Udogie,556385,2002-11-28,Linker Verteidiger,13,2022-08-16,2030-06-30,[],https://www.transfermarkt.de/destiny-udogie/profil/spieler/556385,CONFIRMED,STAGE_CURRENT_SQUAD,https://www.transfermarkt.de/tottenham-hotspur/kader/verein/148/saison_id/2026/plus/1,007fc11048dc50b4cfd2c580b82958bb7cc02f984af0af71c4079e53b5c71390,2026-09-12
ENG1,Tottenham Hotspur,148,Andrew Robertson,234803,1994-03-11,Linker Verteidiger,3,2026-07-01,2030-06-30,"[""Neuzugang von: FC Liverpool; Datum: 01.07.2026; Ablöse: ablösefrei""]",https://www.transfermarkt.de/andrew-robertson/profil/spieler/234803,CONFIRMED,STAGE_CURRENT_SQUAD,https://www.transfermarkt.de/tottenham-hotspur/kader/verein/148/saison_id/2026/plus/1,007fc11048dc50b4cfd2c580b82958bb7cc02f984af0af71c4079e53b5c71390,2026-09-12
ENG1,Tottenham Hotspur,148,Pedro Porro,553875,1999-09-13,Rechter Verteidiger,23,2023-07-01,2031-06-30,[],https://www.transfermarkt.de/pedro-porro/profil/spieler/553875,CONFIRMED,STAGE_CURRENT_SQUAD,https://www.transfermarkt.de/tottenham-hotspur/kader/verein/148/saison_id/2026/plus/1,007fc11048dc50b4cfd2c580b82958bb7cc02f984af0af71c4079e53b5c71390,2026-09-12
ENG1,Tottenham Hotspur,148,Archie Gray,922693,2006-03-12,Rechter Verteidiger,14,2024-07-02,2030-06-30,[],https://www.transfermarkt.de/archie-gray/profil/spieler/922693,CONFIRMED,STAGE_CURRENT_SQUAD,https://www.transfermarkt.de/tottenham-hotspur/kader/verein/148/saison_id/2026/plus/1,007fc11048dc50b4cfd2c580b82958bb7cc02f984af0af71c4079e53b5c71390,2026-09-12
ENG1,Tottenham Hotspur,148,Sandro Tonali,397033,2000-05-08,Defensives Mittelfeld,16,2026-07-06,2032-06-30,"[""Neuzugang von: Newcastle United; Datum: 06.07.2026; Ablöse: 108,00 Mio. €""]",https://www.transfermarkt.de/sandro-tonali/profil/spieler/397033,CONFIRMED,STAGE_CURRENT_SQUAD,https://www.transfermarkt.de/tottenham-hotspur/kader/verein/148/saison_id/2026/plus/1,007fc11048dc50b4cfd2c580b82958bb7cc02f984af0af71c4079e53b5c71390,2026-09-12
ENG1,Tottenham Hotspur,148,Rodrigo Bentancur,354362,1997-06-25,Defensives Mittelfeld,30,2022-01-31,2029-06-30,[],https://www.transfermarkt.de/rodrigo-bentancur/profil/spieler/354362,CONFIRMED,STAGE_CURRENT_SQUAD,https://www.transfermarkt.de/tottenham-hotspur/kader/verein/148/saison_id/2026/plus/1,007fc11048dc50b4cfd2c580b82958bb7cc02f984af0af71c4079e53b5c71390,2026-09-12
ENG1,Tottenham Hotspur,148,Mateus Fernandes,880245,2004-07-10,Zentrales Mittelfeld,18,2026-07-02,2031-06-30,"[""Neuzugang von: West Ham United; Datum: 02.07.2026; Ablöse: 99,00 Mio. €""]",https://www.transfermarkt.de/mateus-fernandes/profil/spieler/880245,CONFIRMED,STAGE_CURRENT_SQUAD,https://www.transfermarkt.de/tottenham-hotspur/kader/verein/148/saison_id/2026/plus/1,007fc11048dc50b4cfd2c580b82958bb7cc02f984af0af71c4079e53b5c71390,2026-09-12
ENG1,Tottenham Hotspur,148,Lucas Bergvall,866246,2006-02-02,Zentrales Mittelfeld,15,2024-07-01,2031-06-30,[],https://www.transfermarkt.de/lucas-bergvall/profil/spieler/866246,CONFIRMED,STAGE_CURRENT_SQUAD,https://www.transfermarkt.de/tottenham-hotspur/kader/verein/148/saison_id/2026/plus/1,007fc11048dc50b4cfd2c580b82958bb7cc02f984af0af71c4079e53b5c71390,2026-09-12
ENG1,Tottenham Hotspur,148,Conor Gallagher,488362,2000-02-06,Zentrales Mittelfeld,8,2026-01-14,2031-06-30,[],https://www.transfermarkt.de/conor-gallagher/profil/spieler/488362,CONFIRMED,STAGE_CURRENT_SQUAD,https://www.transfermarkt.de/tottenham-hotspur/kader/verein/148/saison_id/2026/plus/1,007fc11048dc50b4cfd2c580b82958bb7cc02f984af0af71c4079e53b5c71390,2026-09-12
ENG1,Tottenham Hotspur,148,Xavi Simons,566931,2003-04-21,Offensives Mittelfeld,7,2025-08-29,2030-06-30,[],https://www.transfermarkt.de/xavi-simons/profil/spieler/566931,CONFIRMED,STAGE_CURRENT_SQUAD,https://www.transfermarkt.de/tottenham-hotspur/kader/verein/148/saison_id/2026/plus/1,007fc11048dc50b4cfd2c580b82958bb7cc02f984af0af71c4079e53b5c71390,2026-09-12
ENG1,Tottenham Hotspur,148,James Maddison,294057,1996-11-23,Offensives Mittelfeld,10,2023-07-01,2028-06-30,[],https://www.transfermarkt.de/james-maddison/profil/spieler/294057,CONFIRMED,STAGE_CURRENT_SQUAD,https://www.transfermarkt.de/tottenham-hotspur/kader/verein/148/saison_id/2026/plus/1,007fc11048dc50b4cfd2c580b82958bb7cc02f984af0af71c4079e53b5c71390,2026-09-12
ENG1,Tottenham Hotspur,148,Dejan Kulusevski,431755,2000-04-25,Offensives Mittelfeld,21,2023-07-01,2028-06-30,[],https://www.transfermarkt.de/dejan-kulusevski/profil/spieler/431755,CONFIRMED,STAGE_CURRENT_SQUAD,https://www.transfermarkt.de/tottenham-hotspur/kader/verein/148/saison_id/2026/plus/1,007fc11048dc50b4cfd2c580b82958bb7cc02f984af0af71c4079e53b5c71390,2026-09-12
ENG1,Tottenham Hotspur,148,Sávio,743591,2004-04-10,Linksaußen,17,2026-08-25,2031-06-30,"[""Neuzugang von: Manchester City; Datum: 25.08.2026; Ablöse: 87,70 Mio. €""]",https://www.transfermarkt.de/savio/profil/spieler/743591,CONFIRMED,REVIEW_REQUIRED,https://www.transfermarkt.de/tottenham-hotspur/kader/verein/148/saison_id/2026/plus/1,007fc11048dc50b4cfd2c580b82958bb7cc02f984af0af71c4079e53b5c71390,2026-09-12
ENG1,Tottenham Hotspur,148,Mathys Tel,801734,2005-04-27,Linksaußen,11,2025-07-01,2031-06-30,[],https://www.transfermarkt.de/mathys-tel/profil/spieler/801734,CONFIRMED,STAGE_CURRENT_SQUAD,https://www.transfermarkt.de/tottenham-hotspur/kader/verein/148/saison_id/2026/plus/1,007fc11048dc50b4cfd2c580b82958bb7cc02f984af0af71c4079e53b5c71390,2026-09-12
ENG1,Tottenham Hotspur,148,Wilson Odobert,743498,2004-11-28,Linksaußen,28,2024-08-16,2029-06-30,[],https://www.transfermarkt.de/wilson-odobert/profil/spieler/743498,CONFIRMED,STAGE_CURRENT_SQUAD,https://www.transfermarkt.de/tottenham-hotspur/kader/verein/148/saison_id/2026/plus/1,007fc11048dc50b4cfd2c580b82958bb7cc02f984af0af71c4079e53b5c71390,2026-09-12
ENG1,Tottenham Hotspur,148,Mykhaylo Mudryk,537860,2001-01-05,Linksaußen,27,2026-09-01,2027-06-30,[],https://www.transfermarkt.de/mykhaylo-mudryk/profil/spieler/537860,CONFIRMED,REVIEW_REQUIRED,https://www.transfermarkt.de/tottenham-hotspur/kader/verein/148/saison_id/2026/plus/1,007fc11048dc50b4cfd2c580b82958bb7cc02f984af0af71c4079e53b5c71390,2026-09-12
ENG1,Tottenham Hotspur,148,Mohammed Kudus,543499,2000-08-02,Rechtsaußen,20,2025-07-10,2031-06-30,[],https://www.transfermarkt.de/mohammed-kudus/profil/spieler/543499,CONFIRMED,STAGE_CURRENT_SQUAD,https://www.transfermarkt.de/tottenham-hotspur/kader/verein/148/saison_id/2026/plus/1,007fc11048dc50b4cfd2c580b82958bb7cc02f984af0af71c4079e53b5c71390,2026-09-12
ENG1,Tottenham Hotspur,148,Omar Marmoush,445939,1999-02-07,Mittelstürmer,22,2026-08-27,2027-06-30,[],https://www.transfermarkt.de/omar-marmoush/profil/spieler/445939,CONFIRMED,REVIEW_REQUIRED,https://www.transfermarkt.de/tottenham-hotspur/kader/verein/148/saison_id/2026/plus/1,007fc11048dc50b4cfd2c580b82958bb7cc02f984af0af71c4079e53b5c71390,2026-09-12
ENG1,Tottenham Hotspur,148,Dominic Solanke,258889,1997-09-14,Mittelstürmer,19,2024-08-10,2030-06-30,[],https://www.transfermarkt.de/dominic-solanke/profil/spieler/258889,CONFIRMED,STAGE_CURRENT_SQUAD,https://www.transfermarkt.de/tottenham-hotspur/kader/verein/148/saison_id/2026/plus/1,007fc11048dc50b4cfd2c580b82958bb7cc02f984af0af71c4079e53b5c71390,2026-09-12
ENG1,Tottenham Hotspur,148,Richarlison,378710,1997-05-10,Mittelstürmer,9,2022-07-01,2027-06-30,[],https://www.transfermarkt.de/richarlison/profil/spieler/378710,CONFIRMED,STAGE_CURRENT_SQUAD,https://www.transfermarkt.de/tottenham-hotspur/kader/verein/148/saison_id/2026/plus/1,007fc11048dc50b4cfd2c580b82958bb7cc02f984af0af71c4079e53b5c71390,2026-09-12
GER1,FC Bayern München,27,Jonas Urbig,607720,2003-08-08,Torwart,40,2025-01-27,2029-06-30,[],https://www.transfermarkt.de/jonas-urbig/profil/spieler/607720,CONFIRMED,STAGE_CURRENT_SQUAD,https://www.transfermarkt.de/fc-bayern-munchen/kader/verein/27/saison_id/2026/plus/1,820ba470399c46c372cca08fabf7f49fd2f3e3e097d9ac94e1494b055e7a3df5,2026-09-12
GER1,FC Bayern München,27,Manuel Neuer,17259,1986-03-27,Torwart,1,2011-07-01,2027-06-30,[],https://www.transfermarkt.de/manuel-neuer/profil/spieler/17259,CONFIRMED,STAGE_CURRENT_SQUAD,https://www.transfermarkt.de/fc-bayern-munchen/kader/verein/27/saison_id/2026/plus/1,820ba470399c46c372cca08fabf7f49fd2f3e3e097d9ac94e1494b055e7a3df5,2026-09-12
GER1,FC Bayern München,27,Sven Ulreich,40680,1988-08-03,Torwart,26,2021-07-01,2027-06-30,[],https://www.transfermarkt.de/sven-ulreich/profil/spieler/40680,CONFIRMED,REVIEW_REQUIRED,https://www.transfermarkt.de/fc-bayern-munchen/kader/verein/27/saison_id/2026/plus/1,820ba470399c46c372cca08fabf7f49fd2f3e3e097d9ac94e1494b055e7a3df5,2026-09-12
GER1,FC Bayern München,27,Dayot Upamecano,344695,1998-10-27,Innenverteidiger,2,2021-07-05,2030-06-30,[],https://www.transfermarkt.de/dayot-upamecano/profil/spieler/344695,CONFIRMED,STAGE_CURRENT_SQUAD,https://www.transfermarkt.de/fc-bayern-munchen/kader/verein/27/saison_id/2026/plus/1,820ba470399c46c372cca08fabf7f49fd2f3e3e097d9ac94e1494b055e7a3df5,2026-09-12
GER1,FC Bayern München,27,Jonathan Tah,196357,1996-02-11,Innenverteidiger,4,2025-06-09,2029-06-30,[],https://www.transfermarkt.de/jonathan-tah/profil/spieler/196357,CONFIRMED,STAGE_CURRENT_SQUAD,https://www.transfermarkt.de/fc-bayern-munchen/kader/verein/27/saison_id/2026/plus/1,820ba470399c46c372cca08fabf7f49fd2f3e3e097d9ac94e1494b055e7a3df5,2026-09-12
GER1,FC Bayern München,27,Min-jae Kim,503482,1996-11-15,Innenverteidiger,3,2023-07-18,2028-06-30,[],https://www.transfermarkt.de/min-jae-kim/profil/spieler/503482,CONFIRMED,STAGE_CURRENT_SQUAD,https://www.transfermarkt.de/fc-bayern-munchen/kader/verein/27/saison_id/2026/plus/1,820ba470399c46c372cca08fabf7f49fd2f3e3e097d9ac94e1494b055e7a3df5,2026-09-12
GER1,FC Bayern München,27,Hiroki Ito,353892,1999-05-12,Innenverteidiger,21,2024-07-01,2028-06-30,[],https://www.transfermarkt.de/hiroki-ito/profil/spieler/353892,CONFIRMED,STAGE_CURRENT_SQUAD,https://www.transfermarkt.de/fc-bayern-munchen/kader/verein/27/saison_id/2026/plus/1,820ba470399c46c372cca08fabf7f49fd2f3e3e097d9ac94e1494b055e7a3df5,2026-09-12
GER1,FC Bayern München,27,Nathaniel Brown,691892,2003-06-16,Linker Verteidiger,11,2026-07-03,2031-06-30,"[""Neuzugang von: Eintracht Frankfurt; Datum: 03.07.2026; Ablöse: 50,00 Mio. €""]",https://www.transfermarkt.de/nathaniel-brown/profil/spieler/691892,CONFIRMED,STAGE_CURRENT_SQUAD,https://www.transfermarkt.de/fc-bayern-munchen/kader/verein/27/saison_id/2026/plus/1,820ba470399c46c372cca08fabf7f49fd2f3e3e097d9ac94e1494b055e7a3df5,2026-09-12
GER1,FC Bayern München,27,Alphonso Davies,424204,2000-11-02,Linker Verteidiger,19,2019-01-01,2030-06-30,[],https://www.transfermarkt.de/alphonso-davies/profil/spieler/424204,CONFIRMED,STAGE_CURRENT_SQUAD,https://www.transfermarkt.de/fc-bayern-munchen/kader/verein/27/saison_id/2026/plus/1,820ba470399c46c372cca08fabf7f49fd2f3e3e097d9ac94e1494b055e7a3df5,2026-09-12
GER1,FC Bayern München,27,Josip Stanisic,483046,2000-04-02,Rechter Verteidiger,44,2021-08-01,2029-06-30,[],https://www.transfermarkt.de/josip-stanisic/profil/spieler/483046,CONFIRMED,STAGE_CURRENT_SQUAD,https://www.transfermarkt.de/fc-bayern-munchen/kader/verein/27/saison_id/2026/plus/1,820ba470399c46c372cca08fabf7f49fd2f3e3e097d9ac94e1494b055e7a3df5,2026-09-12
GER1,FC Bayern München,27,Konrad Laimer,223967,1997-05-27,Rechter Verteidiger,27,2023-07-01,2029-06-30,[],https://www.transfermarkt.de/konrad-laimer/profil/spieler/223967,CONFIRMED,STAGE_CURRENT_SQUAD,https://www.transfermarkt.de/fc-bayern-munchen/kader/verein/27/saison_id/2026/plus/1,820ba470399c46c372cca08fabf7f49fd2f3e3e097d9ac94e1494b055e7a3df5,2026-09-12
GER1,FC Bayern München,27,Sacha Boey,475413,2000-09-13,Rechter Verteidiger,23,2024-01-28,2028-06-30,"[""Rückkehr nach Leihe von: Galatasaray; Datum: 30.06.2026; Ablöse: Leih-Ende""]",https://www.transfermarkt.de/sacha-boey/profil/spieler/475413,CONFIRMED,STAGE_CURRENT_SQUAD,https://www.transfermarkt.de/fc-bayern-munchen/kader/verein/27/saison_id/2026/plus/1,820ba470399c46c372cca08fabf7f49fd2f3e3e097d9ac94e1494b055e7a3df5,2026-09-12
GER1,FC Bayern München,27,Aleksandar Pavlovic,792380,2004-05-03,Defensives Mittelfeld,45,2023-11-01,2029-06-30,[],https://www.transfermarkt.de/aleksandar-pavlovic/profil/spieler/792380,CONFIRMED,STAGE_CURRENT_SQUAD,https://www.transfermarkt.de/fc-bayern-munchen/kader/verein/27/saison_id/2026/plus/1,820ba470399c46c372cca08fabf7f49fd2f3e3e097d9ac94e1494b055e7a3df5,2026-09-12
GER1,FC Bayern München,27,Joshua Kimmich,161056,1995-02-08,Defensives Mittelfeld,6,2015-07-02,2029-06-30,[],https://www.transfermarkt.de/joshua-kimmich/profil/spieler/161056,CONFIRMED,STAGE_CURRENT_SQUAD,https://www.transfermarkt.de/fc-bayern-munchen/kader/verein/27/saison_id/2026/plus/1,820ba470399c46c372cca08fabf7f49fd2f3e3e097d9ac94e1494b055e7a3df5,2026-09-12
GER1,FC Bayern München,27,Tom Bischof,822959,2005-06-28,Zentrales Mittelfeld,8,2025-06-09,2029-06-30,[],https://www.transfermarkt.de/tom-bischof/profil/spieler/822959,CONFIRMED,STAGE_CURRENT_SQUAD,https://www.transfermarkt.de/fc-bayern-munchen/kader/verein/27/saison_id/2026/plus/1,820ba470399c46c372cca08fabf7f49fd2f3e3e097d9ac94e1494b055e7a3df5,2026-09-12
GER1,FC Bayern München,27,Bara Sapoko Ndiaye,1497653,2007-12-31,Zentrales Mittelfeld,39,2026-08-10,2031-06-30,"[""Neuzugang von: Gambinos Stars; Datum: 10.08.2026; Ablöse: 3,50 Mio. €""]",https://www.transfermarkt.de/bara-sapoko-ndiaye/profil/spieler/1497653,CONFIRMED,REVIEW_REQUIRED,https://www.transfermarkt.de/fc-bayern-munchen/kader/verein/27/saison_id/2026/plus/1,820ba470399c46c372cca08fabf7f49fd2f3e3e097d9ac94e1494b055e7a3df5,2026-09-12
GER1,FC Bayern München,27,Jamal Musiala,580195,2003-02-26,Offensives Mittelfeld,10,2020-07-01,2030-06-30,[],https://www.transfermarkt.de/jamal-musiala/profil/spieler/580195,CONFIRMED,STAGE_CURRENT_SQUAD,https://www.transfermarkt.de/fc-bayern-munchen/kader/verein/27/saison_id/2026/plus/1,820ba470399c46c372cca08fabf7f49fd2f3e3e097d9ac94e1494b055e7a3df5,2026-09-12
GER1,FC Bayern München,27,Lennart Karl,1075147,2008-02-22,Offensives Mittelfeld,42,2025-06-01,2029-06-30,[],https://www.transfermarkt.de/lennart-karl/profil/spieler/1075147,CONFIRMED,STAGE_CURRENT_SQUAD,https://www.transfermarkt.de/fc-bayern-munchen/kader/verein/27/saison_id/2026/plus/1,820ba470399c46c372cca08fabf7f49fd2f3e3e097d9ac94e1494b055e7a3df5,2026-09-12
GER1,FC Bayern München,27,Ismael Saibari,702869,2001-01-28,Offensives Mittelfeld,34,2026-07-01,2031-06-30,"[""Neuzugang von: PSV Eindhoven; Datum: 01.07.2026; Ablöse: 50,00 Mio. €""]",https://www.transfermarkt.de/ismael-saibari/profil/spieler/702869,CONFIRMED,STAGE_CURRENT_SQUAD,https://www.transfermarkt.de/fc-bayern-munchen/kader/verein/27/saison_id/2026/plus/1,820ba470399c46c372cca08fabf7f49fd2f3e3e097d9ac94e1494b055e7a3df5,2026-09-12
GER1,FC Bayern München,27,Luis Díaz,480692,1997-01-13,Linksaußen,14,2025-07-30,2029-06-30,[],https://www.transfermarkt.de/luis-diaz/profil/spieler/480692,CONFIRMED,STAGE_CURRENT_SQUAD,https://www.transfermarkt.de/fc-bayern-munchen/kader/verein/27/saison_id/2026/plus/1,820ba470399c46c372cca08fabf7f49fd2f3e3e097d9ac94e1494b055e7a3df5,2026-09-12
GER1,FC Bayern München,27,Michael Olise,566723,2001-12-12,Rechtsaußen,17,2024-07-07,2029-06-30,[],https://www.transfermarkt.de/michael-olise/profil/spieler/566723,CONFIRMED,STAGE_CURRENT_SQUAD,https://www.transfermarkt.de/fc-bayern-munchen/kader/verein/27/saison_id/2026/plus/1,820ba470399c46c372cca08fabf7f49fd2f3e3e097d9ac94e1494b055e7a3df5,2026-09-12
GER1,FC Bayern München,27,Serge Gnabry,159471,1995-07-14,Hängende Spitze,7,2017-07-01,2028-06-30,[],https://www.transfermarkt.de/serge-gnabry/profil/spieler/159471,CONFIRMED,STAGE_CURRENT_SQUAD,https://www.transfermarkt.de/fc-bayern-munchen/kader/verein/27/saison_id/2026/plus/1,820ba470399c46c372cca08fabf7f49fd2f3e3e097d9ac94e1494b055e7a3df5,2026-09-12
GER1,FC Bayern München,27,Harry Kane,132098,1993-07-28,Mittelstürmer,9,2023-08-12,2027-06-30,[],https://www.transfermarkt.de/harry-kane/profil/spieler/132098,CONFIRMED,STAGE_CURRENT_SQUAD,https://www.transfermarkt.de/fc-bayern-munchen/kader/verein/27/saison_id/2026/plus/1,820ba470399c46c372cca08fabf7f49fd2f3e3e097d9ac94e1494b055e7a3df5,2026-09-12
GER1,Borussia Dortmund,16,Gregor Kobel,257814,1997-12-06,Torwart,1,2021-07-01,2028-06-30,[],https://www.transfermarkt.de/gregor-kobel/profil/spieler/257814,CONFIRMED,STAGE_CURRENT_SQUAD,https://www.transfermarkt.de/borussia-dortmund/kader/verein/16/saison_id/2026/plus/1,927453550675aa19e2e1770ec753efb040ae08d849fa3f9549ef9d993044efb7,2026-09-12
GER1,Borussia Dortmund,16,Alexander Meyer,76158,1991-04-13,Torwart,33,2022-07-01,2027-06-30,[],https://www.transfermarkt.de/alexander-meyer/profil/spieler/76158,CONFIRMED,STAGE_CURRENT_SQUAD,https://www.transfermarkt.de/borussia-dortmund/kader/verein/16/saison_id/2026/plus/1,927453550675aa19e2e1770ec753efb040ae08d849fa3f9549ef9d993044efb7,2026-09-12
GER1,Borussia Dortmund,16,Patrick Drewes,94192,1993-02-04,Torwart,30,2025-07-01,2027-06-30,[],https://www.transfermarkt.de/patrick-drewes/profil/spieler/94192,CONFIRMED,STAGE_CURRENT_SQUAD,https://www.transfermarkt.de/borussia-dortmund/kader/verein/16/saison_id/2026/plus/1,927453550675aa19e2e1770ec753efb040ae08d849fa3f9549ef9d993044efb7,2026-09-12
GER1,Borussia Dortmund,16,Silas Ostrzinski,684116,2003-11-19,Torwart,31,2025-01-04,2027-06-30,[],https://www.transfermarkt.de/silas-ostrzinski/profil/spieler/684116,CONFIRMED,STAGE_CURRENT_SQUAD,https://www.transfermarkt.de/borussia-dortmund/kader/verein/16/saison_id/2026/plus/1,927453550675aa19e2e1770ec753efb040ae08d849fa3f9549ef9d993044efb7,2026-09-12
GER1,Borussia Dortmund,16,Nico Schlotterbeck,388198,1999-12-01,Innenverteidiger,4,2022-07-01,2031-06-30,[],https://www.transfermarkt.de/nico-schlotterbeck/profil/spieler/388198,CONFIRMED,STAGE_CURRENT_SQUAD,https://www.transfermarkt.de/borussia-dortmund/kader/verein/16/saison_id/2026/plus/1,927453550675aa19e2e1770ec753efb040ae08d849fa3f9549ef9d993044efb7,2026-09-12
GER1,Borussia Dortmund,16,Joane Gadou,1075577,2007-01-17,Innenverteidiger,22,2026-07-01,2031-06-30,"[""Neuzugang von: FC Red Bull Salzburg; Datum: 01.07.2026; Ablöse: 19,50 Mio. €""]",https://www.transfermarkt.de/joane-gadou/profil/spieler/1075577,CONFIRMED,STAGE_CURRENT_SQUAD,https://www.transfermarkt.de/borussia-dortmund/kader/verein/16/saison_id/2026/plus/1,927453550675aa19e2e1770ec753efb040ae08d849fa3f9549ef9d993044efb7,2026-09-12
GER1,Borussia Dortmund,16,Waldemar Anton,193004,1996-07-20,Innenverteidiger,3,2024-07-08,2028-06-30,[],https://www.transfermarkt.de/waldemar-anton/profil/spieler/193004,CONFIRMED,STAGE_CURRENT_SQUAD,https://www.transfermarkt.de/borussia-dortmund/kader/verein/16/saison_id/2026/plus/1,927453550675aa19e2e1770ec753efb040ae08d849fa3f9549ef9d993044efb7,2026-09-12
GER1,Borussia Dortmund,16,Luca Reggiani,1074990,2008-01-09,Innenverteidiger,49,2026-03-20,,[],https://www.transfermarkt.de/luca-reggiani/profil/spieler/1074990,CONFIRMED,STAGE_CURRENT_SQUAD,https://www.transfermarkt.de/borussia-dortmund/kader/verein/16/saison_id/2026/plus/1,927453550675aa19e2e1770ec753efb040ae08d849fa3f9549ef9d993044efb7,2026-09-12
GER1,Borussia Dortmund,16,Ramy Bensebaini,284732,1995-04-16,Innenverteidiger,5,2023-07-01,2027-06-30,[],https://www.transfermarkt.de/ramy-bensebaini/profil/spieler/284732,CONFIRMED,STAGE_CURRENT_SQUAD,https://www.transfermarkt.de/borussia-dortmund/kader/verein/16/saison_id/2026/plus/1,927453550675aa19e2e1770ec753efb040ae08d849fa3f9549ef9d993044efb7,2026-09-12
GER1,Borussia Dortmund,16,Emre Can,119296,1994-01-12,Innenverteidiger,23,2020-07-01,2027-06-30,[],https://www.transfermarkt.de/emre-can/profil/spieler/119296,CONFIRMED,STAGE_CURRENT_SQUAD,https://www.transfermarkt.de/borussia-dortmund/kader/verein/16/saison_id/2026/plus/1,927453550675aa19e2e1770ec753efb040ae08d849fa3f9549ef9d993044efb7,2026-09-12
GER1,Borussia Dortmund,16,Filippo Mane,883007,2005-03-08,Innenverteidiger,39,2025-01-06,2028-06-30,[],https://www.transfermarkt.de/filippo-mane/profil/spieler/883007,CONFIRMED,STAGE_CURRENT_SQUAD,https://www.transfermarkt.de/borussia-dortmund/kader/verein/16/saison_id/2026/plus/1,927453550675aa19e2e1770ec753efb040ae08d849fa3f9549ef9d993044efb7,2026-09-12
GER1,Borussia Dortmund,16,Daniel Svensson,579287,2002-02-12,Linker Verteidiger,24,2025-07-01,2029-06-30,[],https://www.transfermarkt.de/daniel-svensson/profil/spieler/579287,CONFIRMED,STAGE_CURRENT_SQUAD,https://www.transfermarkt.de/borussia-dortmund/kader/verein/16/saison_id/2026/plus/1,927453550675aa19e2e1770ec753efb040ae08d849fa3f9549ef9d993044efb7,2026-09-12
GER1,Borussia Dortmund,16,Kauã Prates,1275068,2008-08-12,Linker Verteidiger,36,2026-08-12,2031-06-30,"[""Neuzugang von: EC Cruzeiro Belo Horizonte; Datum: 12.08.2026; Ablöse: 7,00 Mio. €""]",https://www.transfermarkt.de/kaua-prates/profil/spieler/1275068,CONFIRMED,STAGE_CURRENT_SQUAD,https://www.transfermarkt.de/borussia-dortmund/kader/verein/16/saison_id/2026/plus/1,927453550675aa19e2e1770ec753efb040ae08d849fa3f9549ef9d993044efb7,2026-09-12
GER1,Borussia Dortmund,16,Julian Ryerson,370789,1997-11-17,Rechter Verteidiger,26,2023-01-17,2028-06-30,[],https://www.transfermarkt.de/julian-ryerson/profil/spieler/370789,CONFIRMED,STAGE_CURRENT_SQUAD,https://www.transfermarkt.de/borussia-dortmund/kader/verein/16/saison_id/2026/plus/1,927453550675aa19e2e1770ec753efb040ae08d849fa3f9549ef9d993044efb7,2026-09-12
GER1,Borussia Dortmund,16,Mussa Kaba,1141179,2008-11-17,Defensives Mittelfeld,48,2026-07-01,2031-06-30,"[""Interner Wechsel: Borussia Dortmund II; Datum: 01.07.2026""]",https://www.transfermarkt.de/mussa-kaba/profil/spieler/1141179,CONFIRMED,STAGE_CURRENT_SQUAD,https://www.transfermarkt.de/borussia-dortmund/kader/verein/16/saison_id/2026/plus/1,927453550675aa19e2e1770ec753efb040ae08d849fa3f9549ef9d993044efb7,2026-09-12
GER1,Borussia Dortmund,16,Felix Nmecha,406640,2000-10-10,Zentrales Mittelfeld,8,2023-07-03,2030-06-30,[],https://www.transfermarkt.de/felix-nmecha/profil/spieler/406640,CONFIRMED,STAGE_CURRENT_SQUAD,https://www.transfermarkt.de/borussia-dortmund/kader/verein/16/saison_id/2026/plus/1,927453550675aa19e2e1770ec753efb040ae08d849fa3f9549ef9d993044efb7,2026-09-12
GER1,Borussia Dortmund,16,Jobe Bellingham,796297,2005-09-23,Zentrales Mittelfeld,7,2025-06-10,2030-06-30,[],https://www.transfermarkt.de/jobe-bellingham/profil/spieler/796297,CONFIRMED,STAGE_CURRENT_SQUAD,https://www.transfermarkt.de/borussia-dortmund/kader/verein/16/saison_id/2026/plus/1,927453550675aa19e2e1770ec753efb040ae08d849fa3f9549ef9d993044efb7,2026-09-12
GER1,Borussia Dortmund,16,Joey Veerman,408574,1998-11-19,Zentrales Mittelfeld,25,2026-08-18,2031-06-30,"[""Neuzugang von: PSV Eindhoven; Datum: 18.08.2026; Ablöse: 22,00 Mio. €""]",https://www.transfermarkt.de/joey-veerman/profil/spieler/408574,CONFIRMED,STAGE_CURRENT_SQUAD,https://www.transfermarkt.de/borussia-dortmund/kader/verein/16/saison_id/2026/plus/1,927453550675aa19e2e1770ec753efb040ae08d849fa3f9549ef9d993044efb7,2026-09-12
GER1,Borussia Dortmund,16,Carney Chukwuemeka,659459,2003-10-20,Zentrales Mittelfeld,17,2025-08-26,2030-06-30,[],https://www.transfermarkt.de/carney-chukwuemeka/profil/spieler/659459,CONFIRMED,STAGE_CURRENT_SQUAD,https://www.transfermarkt.de/borussia-dortmund/kader/verein/16/saison_id/2026/plus/1,927453550675aa19e2e1770ec753efb040ae08d849fa3f9549ef9d993044efb7,2026-09-12
GER1,Borussia Dortmund,16,Marcel Sabitzer,106987,1994-03-17,Zentrales Mittelfeld,20,2023-07-24,2027-06-30,[],https://www.transfermarkt.de/marcel-sabitzer/profil/spieler/106987,CONFIRMED,STAGE_CURRENT_SQUAD,https://www.transfermarkt.de/borussia-dortmund/kader/verein/16/saison_id/2026/plus/1,927453550675aa19e2e1770ec753efb040ae08d849fa3f9549ef9d993044efb7,2026-09-12
GER1,Borussia Dortmund,16,Enzo dos Santos,1311594,2009-01-28,Zentrales Mittelfeld,44,2026-08-19,2029-06-30,"[""Interner Wechsel: Borussia Dortmund U19; Datum: 19.08.2026""]",https://www.transfermarkt.de/enzo-dos-santos/profil/spieler/1311594,CONFIRMED,STAGE_CURRENT_SQUAD,https://www.transfermarkt.de/borussia-dortmund/kader/verein/16/saison_id/2026/plus/1,927453550675aa19e2e1770ec753efb040ae08d849fa3f9549ef9d993044efb7,2026-09-12
GER1,Borussia Dortmund,16,Ethan Nwaneri,890719,2007-03-21,Offensives Mittelfeld,18,2026-09-01,2027-06-30,[],https://www.transfermarkt.de/ethan-nwaneri/profil/spieler/890719,CONFIRMED,REVIEW_REQUIRED,https://www.transfermarkt.de/borussia-dortmund/kader/verein/16/saison_id/2026/plus/1,927453550675aa19e2e1770ec753efb040ae08d849fa3f9549ef9d993044efb7,2026-09-12
GER1,Borussia Dortmund,16,Konstantinos Karetsas,990148,2007-11-19,Offensives Mittelfeld,19,2026-08-03,2031-06-30,"[""Neuzugang von: KRC Genk; Datum: 03.08.2026; Ablöse: 30,00 Mio. €""]",https://www.transfermarkt.de/konstantinos-karetsas/profil/spieler/990148,CONFIRMED,STAGE_CURRENT_SQUAD,https://www.transfermarkt.de/borussia-dortmund/kader/verein/16/saison_id/2026/plus/1,927453550675aa19e2e1770ec753efb040ae08d849fa3f9549ef9d993044efb7,2026-09-12
GER1,Borussia Dortmund,16,Giannis Konstantelias,628331,2003-03-05,Offensives Mittelfeld,45,2026-08-17,2031-06-30,"[""Neuzugang von: PAOK Thessaloniki; Datum: 17.08.2026; Ablöse: 26,00 Mio. €""]",https://www.transfermarkt.de/giannis-konstantelias/profil/spieler/628331,CONFIRMED,STAGE_CURRENT_SQUAD,https://www.transfermarkt.de/borussia-dortmund/kader/verein/16/saison_id/2026/plus/1,927453550675aa19e2e1770ec753efb040ae08d849fa3f9549ef9d993044efb7,2026-09-12
GER1,Borussia Dortmund,16,Justin Lerma,1185507,2008-05-05,Offensives Mittelfeld,28,2026-07-01,2031-06-30,"[""Neuzugang von: Independiente del Valle; Datum: 01.07.2026; Ablöse: 4,00 Mio. €""]",https://www.transfermarkt.de/justin-lerma/profil/spieler/1185507,CONFIRMED,STAGE_CURRENT_SQUAD,https://www.transfermarkt.de/borussia-dortmund/kader/verein/16/saison_id/2026/plus/1,927453550675aa19e2e1770ec753efb040ae08d849fa3f9549ef9d993044efb7,2026-09-12
GER1,Borussia Dortmund,16,Mathis Albert,1193849,2009-05-21,Linksaußen,41,2026-07-01,2027-06-30,"[""Interner Wechsel: Borussia Dortmund II; Datum: 01.07.2026""]",https://www.transfermarkt.de/mathis-albert/profil/spieler/1193849,CONFIRMED,STAGE_CURRENT_SQUAD,https://www.transfermarkt.de/borussia-dortmund/kader/verein/16/saison_id/2026/plus/1,927453550675aa19e2e1770ec753efb040ae08d849fa3f9549ef9d993044efb7,2026-09-12
GER1,Borussia Dortmund,16,Samuele Inácio,1058359,2008-04-02,Hängende Spitze,40,2026-07-01,2029-06-30,"[""Interner Wechsel: Borussia Dortmund II; Datum: 01.07.2026""]",https://www.transfermarkt.de/samuele-inacio/profil/spieler/1058359,CONFIRMED,STAGE_CURRENT_SQUAD,https://www.transfermarkt.de/borussia-dortmund/kader/verein/16/saison_id/2026/plus/1,927453550675aa19e2e1770ec753efb040ae08d849fa3f9549ef9d993044efb7,2026-09-12
GER1,Borussia Dortmund,16,Maximilian Beier,578392,2002-10-17,Mittelstürmer,14,2024-08-12,2029-06-30,[],https://www.transfermarkt.de/maximilian-beier/profil/spieler/578392,CONFIRMED,STAGE_CURRENT_SQUAD,https://www.transfermarkt.de/borussia-dortmund/kader/verein/16/saison_id/2026/plus/1,927453550675aa19e2e1770ec753efb040ae08d849fa3f9549ef9d993044efb7,2026-09-12
GER1,Borussia Dortmund,16,Serhou Guirassy,270541,1996-03-12,Mittelstürmer,9,2024-07-18,2028-06-30,[],https://www.transfermarkt.de/serhou-guirassy/profil/spieler/270541,CONFIRMED,STAGE_CURRENT_SQUAD,https://www.transfermarkt.de/borussia-dortmund/kader/verein/16/saison_id/2026/plus/1,927453550675aa19e2e1770ec753efb040ae08d849fa3f9549ef9d993044efb7,2026-09-12
GER1,Borussia Dortmund,16,Fábio Silva,505653,2002-07-19,Mittelstürmer,21,2025-08-29,2030-06-30,[],https://www.transfermarkt.de/fabio-silva/profil/spieler/505653,CONFIRMED,STAGE_CURRENT_SQUAD,https://www.transfermarkt.de/borussia-dortmund/kader/verein/16/saison_id/2026/plus/1,927453550675aa19e2e1770ec753efb040ae08d849fa3f9549ef9d993044efb7,2026-09-12
GER1,RasenBallsport Leipzig,23826,Maarten Vandevoordt,486046,2002-02-26,Torwart,26,2024-07-01,2030-06-30,[],https://www.transfermarkt.de/maarten-vandevoordt/profil/spieler/486046,CONFIRMED,STAGE_CURRENT_SQUAD,https://www.transfermarkt.de/rb-leipzig/kader/verein/23826/saison_id/2026/plus/1,97283d90f2a9e564bd064da4fa47fa71d7ad3661db6e1e1a6f768776682c54ff,2026-09-12
GER1,RasenBallsport Leipzig,23826,Ørjan Nyland,73517,1990-09-10,Torwart,1,2026-08-04,2028-06-30,"[""Neuzugang von: FC Sevilla; Datum: 04.08.2026; Ablöse: ablösefrei""]",https://www.transfermarkt.de/orjan-nyland/profil/spieler/73517,CONFIRMED,STAGE_CURRENT_SQUAD,https://www.transfermarkt.de/rb-leipzig/kader/verein/23826/saison_id/2026/plus/1,97283d90f2a9e564bd064da4fa47fa71d7ad3661db6e1e1a6f768776682c54ff,2026-09-12
GER1,RasenBallsport Leipzig,23826,Leopold Zingerle,160971,1994-04-10,Torwart,25,2023-07-01,2028-06-30,[],https://www.transfermarkt.de/leopold-zingerle/profil/spieler/160971,CONFIRMED,STAGE_CURRENT_SQUAD,https://www.transfermarkt.de/rb-leipzig/kader/verein/23826/saison_id/2026/plus/1,97283d90f2a9e564bd064da4fa47fa71d7ad3661db6e1e1a6f768776682c54ff,2026-09-12
GER1,RasenBallsport Leipzig,23826,Castello Lukeba,618472,2002-12-17,Innenverteidiger,23,2023-08-11,2029-06-30,[],https://www.transfermarkt.de/castello-lukeba/profil/spieler/618472,CONFIRMED,STAGE_CURRENT_SQUAD,https://www.transfermarkt.de/rb-leipzig/kader/verein/23826/saison_id/2026/plus/1,97283d90f2a9e564bd064da4fa47fa71d7ad3661db6e1e1a6f768776682c54ff,2026-09-12
GER1,RasenBallsport Leipzig,23826,Maxime Estève,842341,2002-05-26,Innenverteidiger,3,2026-07-17,2031-06-30,"[""Neuzugang von: FC Burnley; Datum: 17.07.2026; Ablöse: 25,00 Mio. €""]",https://www.transfermarkt.de/maxime-esteve/profil/spieler/842341,CONFIRMED,STAGE_CURRENT_SQUAD,https://www.transfermarkt.de/rb-leipzig/kader/verein/23826/saison_id/2026/plus/1,97283d90f2a9e564bd064da4fa47fa71d7ad3661db6e1e1a6f768776682c54ff,2026-09-12
GER1,RasenBallsport Leipzig,23826,Abdoul Koné,1130445,2005-04-22,Innenverteidiger,2,2026-01-29,2031-06-30,"[""Rückkehr nach Leihe von: Stade Reims; Datum: 30.06.2026; Ablöse: Leih-Ende""]",https://www.transfermarkt.de/abdoul-kone/profil/spieler/1130445,CONFIRMED,STAGE_CURRENT_SQUAD,https://www.transfermarkt.de/rb-leipzig/kader/verein/23826/saison_id/2026/plus/1,97283d90f2a9e564bd064da4fa47fa71d7ad3661db6e1e1a6f768776682c54ff,2026-09-12
GER1,RasenBallsport Leipzig,23826,Willi Orbán,93740,1992-11-03,Innenverteidiger,4,2015-07-01,2027-06-30,[],https://www.transfermarkt.de/willi-orban/profil/spieler/93740,CONFIRMED,STAGE_CURRENT_SQUAD,https://www.transfermarkt.de/rb-leipzig/kader/verein/23826/saison_id/2026/plus/1,97283d90f2a9e564bd064da4fa47fa71d7ad3661db6e1e1a6f768776682c54ff,2026-09-12
GER1,RasenBallsport Leipzig,23826,Lukas Klostermann,215599,1996-06-03,Innenverteidiger,16,2014-08-22,2028-06-30,[],https://www.transfermarkt.de/lukas-klostermann/profil/spieler/215599,CONFIRMED,STAGE_CURRENT_SQUAD,https://www.transfermarkt.de/rb-leipzig/kader/verein/23826/saison_id/2026/plus/1,97283d90f2a9e564bd064da4fa47fa71d7ad3661db6e1e1a6f768776682c54ff,2026-09-12
GER1,RasenBallsport Leipzig,23826,David Raum,318204,1998-04-22,Linker Verteidiger,22,2022-07-31,2027-06-30,[],https://www.transfermarkt.de/david-raum/profil/spieler/318204,CONFIRMED,STAGE_CURRENT_SQUAD,https://www.transfermarkt.de/rb-leipzig/kader/verein/23826/saison_id/2026/plus/1,97283d90f2a9e564bd064da4fa47fa71d7ad3661db6e1e1a6f768776682c54ff,2026-09-12
GER1,RasenBallsport Leipzig,23826,Max Finkgräfe,810649,2004-03-27,Linker Verteidiger,35,2025-07-03,2030-06-30,[],https://www.transfermarkt.de/max-finkgrafe/profil/spieler/810649,CONFIRMED,STAGE_CURRENT_SQUAD,https://www.transfermarkt.de/rb-leipzig/kader/verein/23826/saison_id/2026/plus/1,97283d90f2a9e564bd064da4fa47fa71d7ad3661db6e1e1a6f768776682c54ff,2026-09-12
GER1,RasenBallsport Leipzig,23826,Ridle Baku,327251,1998-04-08,Rechter Verteidiger,17,2025-01-10,2027-06-30,[],https://www.transfermarkt.de/ridle-baku/profil/spieler/327251,CONFIRMED,STAGE_CURRENT_SQUAD,https://www.transfermarkt.de/rb-leipzig/kader/verein/23826/saison_id/2026/plus/1,97283d90f2a9e564bd064da4fa47fa71d7ad3661db6e1e1a6f768776682c54ff,2026-09-12
GER1,RasenBallsport Leipzig,23826,Benjamin Henrichs,202591,1997-02-23,Rechter Verteidiger,39,2021-07-01,2028-06-30,[],https://www.transfermarkt.de/benjamin-henrichs/profil/spieler/202591,CONFIRMED,STAGE_CURRENT_SQUAD,https://www.transfermarkt.de/rb-leipzig/kader/verein/23826/saison_id/2026/plus/1,97283d90f2a9e564bd064da4fa47fa71d7ad3661db6e1e1a6f768776682c54ff,2026-09-12
GER1,RasenBallsport Leipzig,23826,Nicolas Seiwald,404950,2001-05-04,Defensives Mittelfeld,13,2023-07-01,2028-06-30,[],https://www.transfermarkt.de/nicolas-seiwald/profil/spieler/404950,CONFIRMED,STAGE_CURRENT_SQUAD,https://www.transfermarkt.de/rb-leipzig/kader/verein/23826/saison_id/2026/plus/1,97283d90f2a9e564bd064da4fa47fa71d7ad3661db6e1e1a6f768776682c54ff,2026-09-12
GER1,RasenBallsport Leipzig,23826,Benno Kaltefleiter,1279157,2008-02-14,Defensives Mittelfeld,37,2026-02-19,2029-06-30,[],https://www.transfermarkt.de/benno-kaltefleiter/profil/spieler/1279157,CONFIRMED,STAGE_CURRENT_SQUAD,https://www.transfermarkt.de/rb-leipzig/kader/verein/23826/saison_id/2026/plus/1,97283d90f2a9e564bd064da4fa47fa71d7ad3661db6e1e1a6f768776682c54ff,2026-09-12
GER1,RasenBallsport Leipzig,23826,Neil El Aynaoui,901019,2001-07-02,Zentrales Mittelfeld,21,2026-09-01,2027-06-30,[],https://www.transfermarkt.de/neil-el-aynaoui/profil/spieler/901019,CONFIRMED,REVIEW_REQUIRED,https://www.transfermarkt.de/rb-leipzig/kader/verein/23826/saison_id/2026/plus/1,97283d90f2a9e564bd064da4fa47fa71d7ad3661db6e1e1a6f768776682c54ff,2026-09-12
GER1,RasenBallsport Leipzig,23826,Assan Ouédraogo,897424,2006-05-09,Zentrales Mittelfeld,8,2024-07-01,2029-06-30,[],https://www.transfermarkt.de/assan-ouedraogo/profil/spieler/897424,CONFIRMED,STAGE_CURRENT_SQUAD,https://www.transfermarkt.de/rb-leipzig/kader/verein/23826/saison_id/2026/plus/1,97283d90f2a9e564bd064da4fa47fa71d7ad3661db6e1e1a6f768776682c54ff,2026-09-12
GER1,RasenBallsport Leipzig,23826,Rocco Reitz,467434,2002-05-29,Zentrales Mittelfeld,20,2026-07-01,2031-06-30,"[""Neuzugang von: Borussia Mönchengladbach; Datum: 01.07.2026; Ablöse: 20,00 Mio. €""]",https://www.transfermarkt.de/rocco-reitz/profil/spieler/467434,CONFIRMED,STAGE_CURRENT_SQUAD,https://www.transfermarkt.de/rb-leipzig/kader/verein/23826/saison_id/2026/plus/1,97283d90f2a9e564bd064da4fa47fa71d7ad3661db6e1e1a6f768776682c54ff,2026-09-12
GER1,RasenBallsport Leipzig,23826,Ezechiel Banzuzi,865682,2005-02-16,Zentrales Mittelfeld,6,2025-07-01,2030-06-30,[],https://www.transfermarkt.de/ezechiel-banzuzi/profil/spieler/865682,CONFIRMED,STAGE_CURRENT_SQUAD,https://www.transfermarkt.de/rb-leipzig/kader/verein/23826/saison_id/2026/plus/1,97283d90f2a9e564bd064da4fa47fa71d7ad3661db6e1e1a6f768776682c54ff,2026-09-12
GER1,RasenBallsport Leipzig,23826,Christoph Baumgartner,324278,1999-08-01,Offensives Mittelfeld,14,2023-07-01,2028-06-30,[],https://www.transfermarkt.de/christoph-baumgartner/profil/spieler/324278,CONFIRMED,STAGE_CURRENT_SQUAD,https://www.transfermarkt.de/rb-leipzig/kader/verein/23826/saison_id/2026/plus/1,97283d90f2a9e564bd064da4fa47fa71d7ad3661db6e1e1a6f768776682c54ff,2026-09-12
GER1,RasenBallsport Leipzig,23826,Brajan Gruda,700106,2004-05-31,Offensives Mittelfeld,10,2026-02-02,2027-06-30,[],https://www.transfermarkt.de/brajan-gruda/profil/spieler/700106,CONFIRMED,REVIEW_REQUIRED,https://www.transfermarkt.de/rb-leipzig/kader/verein/23826/saison_id/2026/plus/1,97283d90f2a9e564bd064da4fa47fa71d7ad3661db6e1e1a6f768776682c54ff,2026-09-12
GER1,RasenBallsport Leipzig,23826,Andrija Maksimovic,952779,2007-06-05,Offensives Mittelfeld,30,2025-07-16,2030-06-30,[],https://www.transfermarkt.de/andrija-maksimovic/profil/spieler/952779,CONFIRMED,STAGE_CURRENT_SQUAD,https://www.transfermarkt.de/rb-leipzig/kader/verein/23826/saison_id/2026/plus/1,97283d90f2a9e564bd064da4fa47fa71d7ad3661db6e1e1a6f768776682c54ff,2026-09-12
GER1,RasenBallsport Leipzig,23826,Viggo Gebel,1074526,2007-11-22,Offensives Mittelfeld,47,2026-07-01,2028-06-30,"[""Interner Wechsel: RB Leipzig U19; Datum: 01.07.2026""]",https://www.transfermarkt.de/viggo-gebel/profil/spieler/1074526,CONFIRMED,STAGE_CURRENT_SQUAD,https://www.transfermarkt.de/rb-leipzig/kader/verein/23826/saison_id/2026/plus/1,97283d90f2a9e564bd064da4fa47fa71d7ad3661db6e1e1a6f768776682c54ff,2026-09-12
GER1,RasenBallsport Leipzig,23826,Antonio Nusa,894914,2005-04-17,Linksaußen,7,2024-08-13,2029-06-30,[],https://www.transfermarkt.de/antonio-nusa/profil/spieler/894914,CONFIRMED,STAGE_CURRENT_SQUAD,https://www.transfermarkt.de/rb-leipzig/kader/verein/23826/saison_id/2026/plus/1,97283d90f2a9e564bd064da4fa47fa71d7ad3661db6e1e1a6f768776682c54ff,2026-09-12
GER1,RasenBallsport Leipzig,23826,Tidiam Gomis,955448,2006-08-08,Linksaußen,27,2025-02-03,2029-06-30,[],https://www.transfermarkt.de/tidiam-gomis/profil/spieler/955448,CONFIRMED,STAGE_CURRENT_SQUAD,https://www.transfermarkt.de/rb-leipzig/kader/verein/23826/saison_id/2026/plus/1,97283d90f2a9e564bd064da4fa47fa71d7ad3661db6e1e1a6f768776682c54ff,2026-09-12
GER1,RasenBallsport Leipzig,23826,Johan Bakayoko,565424,2003-04-20,Rechtsaußen,11,2025-07-16,2030-06-30,[],https://www.transfermarkt.de/johan-bakayoko/profil/spieler/565424,CONFIRMED,STAGE_CURRENT_SQUAD,https://www.transfermarkt.de/rb-leipzig/kader/verein/23826/saison_id/2026/plus/1,97283d90f2a9e564bd064da4fa47fa71d7ad3661db6e1e1a6f768776682c54ff,2026-09-12
GER1,RasenBallsport Leipzig,23826,Rômulo,957874,2002-02-08,Mittelstürmer,40,2025-08-15,2030-06-30,[],https://www.transfermarkt.de/romulo/profil/spieler/957874,CONFIRMED,STAGE_CURRENT_SQUAD,https://www.transfermarkt.de/rb-leipzig/kader/verein/23826/saison_id/2026/plus/1,97283d90f2a9e564bd064da4fa47fa71d7ad3661db6e1e1a6f768776682c54ff,2026-09-12
GER1,RasenBallsport Leipzig,23826,Christopher Nkunku,344381,1997-11-14,Mittelstürmer,28,2026-08-25,2027-06-30,[],https://www.transfermarkt.de/christopher-nkunku/profil/spieler/344381,CONFIRMED,REVIEW_REQUIRED,https://www.transfermarkt.de/rb-leipzig/kader/verein/23826/saison_id/2026/plus/1,97283d90f2a9e564bd064da4fa47fa71d7ad3661db6e1e1a6f768776682c54ff,2026-09-12
GER1,RasenBallsport Leipzig,23826,Marc Guiu,938158,2006-01-04,Mittelstürmer,9,2026-09-01,2031-06-30,"[""Neuzugang von: FC Chelsea; Datum: 01.09.2026; Ablöse: 15,00 Mio. €""]",https://www.transfermarkt.de/marc-guiu/profil/spieler/938158,CONFIRMED,STAGE_CURRENT_SQUAD,https://www.transfermarkt.de/rb-leipzig/kader/verein/23826/saison_id/2026/plus/1,97283d90f2a9e564bd064da4fa47fa71d7ad3661db6e1e1a6f768776682c54ff,2026-09-12
GER1,RasenBallsport Leipzig,23826,Samba Konaté,1380977,2009-02-27,Mittelstürmer,45,,2028-06-30,[],https://www.transfermarkt.de/samba-konate/profil/spieler/1380977,CONFIRMED,REVIEW_REQUIRED,https://www.transfermarkt.de/rb-leipzig/kader/verein/23826/saison_id/2026/plus/1,97283d90f2a9e564bd064da4fa47fa71d7ad3661db6e1e1a6f768776682c54ff,2026-09-12
GER1,VfB Stuttgart,79,Dennis Seimen,800946,2005-12-01,Torwart,41,2023-07-01,2029-06-30,"[""Rückkehr nach Leihe von: SC Paderborn 07; Datum: 30.06.2026; Ablöse: Leih-Ende""]",https://www.transfermarkt.de/dennis-seimen/profil/spieler/800946,CONFIRMED,REVIEW_REQUIRED,https://www.transfermarkt.de/vfb-stuttgart/kader/verein/79/saison_id/2026/plus/1,b40e4a3e03d09694b8088bd37ac70efaa5300c9034dde9d4027b90762ed3b647,2026-09-12
GER1,VfB Stuttgart,79,Fabian Bredlow,187624,1995-03-02,Torwart,1,2019-07-01,2027-06-30,[],https://www.transfermarkt.de/fabian-bredlow/profil/spieler/187624,CONFIRMED,STAGE_CURRENT_SQUAD,https://www.transfermarkt.de/vfb-stuttgart/kader/verein/79/saison_id/2026/plus/1,b40e4a3e03d09694b8088bd37ac70efaa5300c9034dde9d4027b90762ed3b647,2026-09-12
GER1,VfB Stuttgart,79,Marius Funk,170517,1996-01-01,Torwart,33,2026-07-01,2028-06-30,"[""Neuzugang von: FC Energie Cottbus; Datum: 01.07.2026; Ablöse: ablösefrei""]",https://www.transfermarkt.de/marius-funk/profil/spieler/170517,CONFIRMED,STAGE_CURRENT_SQUAD,https://www.transfermarkt.de/vfb-stuttgart/kader/verein/79/saison_id/2026/plus/1,b40e4a3e03d09694b8088bd37ac70efaa5300c9034dde9d4027b90762ed3b647,2026-09-12
GER1,VfB Stuttgart,79,Stefan Drljaca,388067,1999-04-20,Torwart,46,2024-07-01,2027-06-30,[],https://www.transfermarkt.de/stefan-drljaca/profil/spieler/388067,CONFIRMED,STAGE_CURRENT_SQUAD,https://www.transfermarkt.de/vfb-stuttgart/kader/verein/79/saison_id/2026/plus/1,b40e4a3e03d09694b8088bd37ac70efaa5300c9034dde9d4027b90762ed3b647,2026-09-12
GER1,VfB Stuttgart,79,Finn Jeltsch,924117,2006-07-17,Innenverteidiger,29,2025-02-03,2030-06-30,[],https://www.transfermarkt.de/finn-jeltsch/profil/spieler/924117,CONFIRMED,STAGE_CURRENT_SQUAD,https://www.transfermarkt.de/vfb-stuttgart/kader/verein/79/saison_id/2026/plus/1,b40e4a3e03d09694b8088bd37ac70efaa5300c9034dde9d4027b90762ed3b647,2026-09-12
GER1,VfB Stuttgart,79,Ramon Hendriks,436064,2001-07-18,Innenverteidiger,3,2024-07-01,2028-06-30,[],https://www.transfermarkt.de/ramon-hendriks/profil/spieler/436064,CONFIRMED,STAGE_CURRENT_SQUAD,https://www.transfermarkt.de/vfb-stuttgart/kader/verein/79/saison_id/2026/plus/1,b40e4a3e03d09694b8088bd37ac70efaa5300c9034dde9d4027b90762ed3b647,2026-09-12
GER1,VfB Stuttgart,79,Jeff Chabot,303219,1998-02-12,Innenverteidiger,24,2024-07-01,2028-06-30,[],https://www.transfermarkt.de/jeff-chabot/profil/spieler/303219,CONFIRMED,STAGE_CURRENT_SQUAD,https://www.transfermarkt.de/vfb-stuttgart/kader/verein/79/saison_id/2026/plus/1,b40e4a3e03d09694b8088bd37ac70efaa5300c9034dde9d4027b90762ed3b647,2026-09-12
GER1,VfB Stuttgart,79,Luca Jaquez,539798,2003-06-02,Innenverteidiger,14,2025-02-03,2029-06-30,[],https://www.transfermarkt.de/luca-jaquez/profil/spieler/539798,CONFIRMED,STAGE_CURRENT_SQUAD,https://www.transfermarkt.de/vfb-stuttgart/kader/verein/79/saison_id/2026/plus/1,b40e4a3e03d09694b8088bd37ac70efaa5300c9034dde9d4027b90762ed3b647,2026-09-12
GER1,VfB Stuttgart,79,Ameen Al-Dakhil,620598,2002-03-06,Innenverteidiger,2,2024-08-27,2028-06-30,[],https://www.transfermarkt.de/ameen-al-dakhil/profil/spieler/620598,CONFIRMED,STAGE_CURRENT_SQUAD,https://www.transfermarkt.de/vfb-stuttgart/kader/verein/79/saison_id/2026/plus/1,b40e4a3e03d09694b8088bd37ac70efaa5300c9034dde9d4027b90762ed3b647,2026-09-12
GER1,VfB Stuttgart,79,Dan-Axel Zagadou,344598,1999-06-03,Innenverteidiger,23,2022-09-19,2027-06-30,[],https://www.transfermarkt.de/dan-axel-zagadou/profil/spieler/344598,CONFIRMED,STAGE_CURRENT_SQUAD,https://www.transfermarkt.de/vfb-stuttgart/kader/verein/79/saison_id/2026/plus/1,b40e4a3e03d09694b8088bd37ac70efaa5300c9034dde9d4027b90762ed3b647,2026-09-12
GER1,VfB Stuttgart,79,Maximilian Mittelstädt,282660,1997-03-18,Linker Verteidiger,7,2023-07-01,2028-06-30,[],https://www.transfermarkt.de/maximilian-mittelstadt/profil/spieler/282660,CONFIRMED,STAGE_CURRENT_SQUAD,https://www.transfermarkt.de/vfb-stuttgart/kader/verein/79/saison_id/2026/plus/1,b40e4a3e03d09694b8088bd37ac70efaa5300c9034dde9d4027b90762ed3b647,2026-09-12
GER1,VfB Stuttgart,79,Josha Vagnoman,448258,2000-12-11,Rechter Verteidiger,4,2022-07-09,2028-06-30,[],https://www.transfermarkt.de/josha-vagnoman/profil/spieler/448258,CONFIRMED,STAGE_CURRENT_SQUAD,https://www.transfermarkt.de/vfb-stuttgart/kader/verein/79/saison_id/2026/plus/1,b40e4a3e03d09694b8088bd37ac70efaa5300c9034dde9d4027b90762ed3b647,2026-09-12
GER1,VfB Stuttgart,79,Lorenz Assignon,711969,2000-06-22,Rechter Verteidiger,22,2025-07-01,2029-06-30,[],https://www.transfermarkt.de/lorenz-assignon/profil/spieler/711969,CONFIRMED,STAGE_CURRENT_SQUAD,https://www.transfermarkt.de/vfb-stuttgart/kader/verein/79/saison_id/2026/plus/1,b40e4a3e03d09694b8088bd37ac70efaa5300c9034dde9d4027b90762ed3b647,2026-09-12
GER1,VfB Stuttgart,79,Leonidas Stergiou,507345,2002-03-03,Rechter Verteidiger,20,2024-07-01,2028-06-30,"[""Rückkehr nach Leihe von: 1.FC Heidenheim 1846; Datum: 30.06.2026; Ablöse: Leih-Ende""]",https://www.transfermarkt.de/leonidas-stergiou/profil/spieler/507345,CONFIRMED,STAGE_CURRENT_SQUAD,https://www.transfermarkt.de/vfb-stuttgart/kader/verein/79/saison_id/2026/plus/1,b40e4a3e03d09694b8088bd37ac70efaa5300c9034dde9d4027b90762ed3b647,2026-09-12
GER1,VfB Stuttgart,79,Angelo Stiller,443710,2001-04-04,Defensives Mittelfeld,6,2023-08-25,2028-06-30,[],https://www.transfermarkt.de/angelo-stiller/profil/spieler/443710,CONFIRMED,STAGE_CURRENT_SQUAD,https://www.transfermarkt.de/vfb-stuttgart/kader/verein/79/saison_id/2026/plus/1,b40e4a3e03d09694b8088bd37ac70efaa5300c9034dde9d4027b90762ed3b647,2026-09-12
GER1,VfB Stuttgart,79,Atakan Karazor,232320,1996-10-13,Defensives Mittelfeld,16,2019-07-01,2028-06-30,[],https://www.transfermarkt.de/atakan-karazor/profil/spieler/232320,CONFIRMED,STAGE_CURRENT_SQUAD,https://www.transfermarkt.de/vfb-stuttgart/kader/verein/79/saison_id/2026/plus/1,b40e4a3e03d09694b8088bd37ac70efaa5300c9034dde9d4027b90762ed3b647,2026-09-12
GER1,VfB Stuttgart,79,Nikolas Nartey,400546,2000-02-22,Zentrales Mittelfeld,28,2019-08-29,2028-06-30,[],https://www.transfermarkt.de/nikolas-nartey/profil/spieler/400546,CONFIRMED,STAGE_CURRENT_SQUAD,https://www.transfermarkt.de/vfb-stuttgart/kader/verein/79/saison_id/2026/plus/1,b40e4a3e03d09694b8088bd37ac70efaa5300c9034dde9d4027b90762ed3b647,2026-09-12
GER1,VfB Stuttgart,79,Grischa Prömel,234029,1995-01-09,Zentrales Mittelfeld,21,2026-07-01,2029-06-30,"[""Neuzugang von: TSG 1899 Hoffenheim; Datum: 01.07.2026; Ablöse: ablösefrei""]",https://www.transfermarkt.de/grischa-promel/profil/spieler/234029,CONFIRMED,STAGE_CURRENT_SQUAD,https://www.transfermarkt.de/vfb-stuttgart/kader/verein/79/saison_id/2026/plus/1,b40e4a3e03d09694b8088bd37ac70efaa5300c9034dde9d4027b90762ed3b647,2026-09-12
GER1,VfB Stuttgart,79,Ertugrul Yigit,1297520,2009-01-08,Zentrales Mittelfeld,39,2026-07-01,2029-06-30,"[""Interner Wechsel: VfB Stuttgart U19; Datum: 01.07.2026""]",https://www.transfermarkt.de/ertugrul-yigit/profil/spieler/1297520,CONFIRMED,STAGE_CURRENT_SQUAD,https://www.transfermarkt.de/vfb-stuttgart/kader/verein/79/saison_id/2026/plus/1,b40e4a3e03d09694b8088bd37ac70efaa5300c9034dde9d4027b90762ed3b647,2026-09-12
GER1,VfB Stuttgart,79,Yanik Spalt,960462,2007-09-03,Zentrales Mittelfeld,47,,2028-06-30,[],https://www.transfermarkt.de/yanik-spalt/profil/spieler/960462,CONFIRMED,REVIEW_REQUIRED,https://www.transfermarkt.de/vfb-stuttgart/kader/verein/79/saison_id/2026/plus/1,b40e4a3e03d09694b8088bd37ac70efaa5300c9034dde9d4027b90762ed3b647,2026-09-12
GER1,VfB Stuttgart,79,Bilal El Khannouss,654982,2004-05-10,Offensives Mittelfeld,11,2026-07-01,2030-06-30,"[""Neuzugang von: Leicester City; Datum: 01.07.2026; Ablöse: 15,00 Mio. €""]",https://www.transfermarkt.de/bilal-el-khannouss/profil/spieler/654982,CONFIRMED,REVIEW_REQUIRED,https://www.transfermarkt.de/vfb-stuttgart/kader/verein/79/saison_id/2026/plus/1,b40e4a3e03d09694b8088bd37ac70efaa5300c9034dde9d4027b90762ed3b647,2026-09-12
GER1,VfB Stuttgart,79,Jarzinho Malanga,1031774,2006-07-10,Offensives Mittelfeld,43,2026-07-01,2028-06-30,"[""Interner Wechsel: VfB Stuttgart II; Datum: 01.07.2026""]",https://www.transfermarkt.de/jarzinho-malanga/profil/spieler/1031774,CONFIRMED,REVIEW_REQUIRED,https://www.transfermarkt.de/vfb-stuttgart/kader/verein/79/saison_id/2026/plus/1,b40e4a3e03d09694b8088bd37ac70efaa5300c9034dde9d4027b90762ed3b647,2026-09-12
GER1,VfB Stuttgart,79,Chris Führich,272278,1998-01-09,Linksaußen,10,2021-07-19,2028-06-30,[],https://www.transfermarkt.de/chris-fuhrich/profil/spieler/272278,CONFIRMED,STAGE_CURRENT_SQUAD,https://www.transfermarkt.de/vfb-stuttgart/kader/verein/79/saison_id/2026/plus/1,b40e4a3e03d09694b8088bd37ac70efaa5300c9034dde9d4027b90762ed3b647,2026-09-12
GER1,VfB Stuttgart,79,Leo Sauer,710886,2005-12-16,Linksaußen,44,2026-07-29,2031-06-30,"[""Neuzugang von: Feyenoord Rotterdam; Datum: 29.07.2026; Ablöse: 15,00 Mio. €""]",https://www.transfermarkt.de/leo-sauer/profil/spieler/710886,CONFIRMED,STAGE_CURRENT_SQUAD,https://www.transfermarkt.de/vfb-stuttgart/kader/verein/79/saison_id/2026/plus/1,b40e4a3e03d09694b8088bd37ac70efaa5300c9034dde9d4027b90762ed3b647,2026-09-12
GER1,VfB Stuttgart,79,Justin Diehl,720162,2004-11-27,Linksaußen,31,2024-07-01,2029-06-30,[],https://www.transfermarkt.de/justin-diehl/profil/spieler/720162,CONFIRMED,STAGE_CURRENT_SQUAD,https://www.transfermarkt.de/vfb-stuttgart/kader/verein/79/saison_id/2026/plus/1,b40e4a3e03d09694b8088bd37ac70efaa5300c9034dde9d4027b90762ed3b647,2026-09-12
GER1,VfB Stuttgart,79,Jamie Leweling,518505,2001-02-26,Rechtsaußen,18,2024-07-01,2029-06-30,[],https://www.transfermarkt.de/jamie-leweling/profil/spieler/518505,CONFIRMED,STAGE_CURRENT_SQUAD,https://www.transfermarkt.de/vfb-stuttgart/kader/verein/79/saison_id/2026/plus/1,b40e4a3e03d09694b8088bd37ac70efaa5300c9034dde9d4027b90762ed3b647,2026-09-12
GER1,VfB Stuttgart,79,Tiago Tomás,616344,2002-06-16,Rechtsaußen,8,2025-08-16,2029-06-30,[],https://www.transfermarkt.de/tiago-tomas/profil/spieler/616344,CONFIRMED,STAGE_CURRENT_SQUAD,https://www.transfermarkt.de/vfb-stuttgart/kader/verein/79/saison_id/2026/plus/1,b40e4a3e03d09694b8088bd37ac70efaa5300c9034dde9d4027b90762ed3b647,2026-09-12
GER1,VfB Stuttgart,79,Ermedin Demirovic,335457,1998-03-25,Mittelstürmer,9,2024-07-16,2028-06-30,[],https://www.transfermarkt.de/ermedin-demirovic/profil/spieler/335457,CONFIRMED,STAGE_CURRENT_SQUAD,https://www.transfermarkt.de/vfb-stuttgart/kader/verein/79/saison_id/2026/plus/1,b40e4a3e03d09694b8088bd37ac70efaa5300c9034dde9d4027b90762ed3b647,2026-09-12
GER1,VfB Stuttgart,79,Deniz Undav,339314,1996-07-19,Mittelstürmer,26,2024-08-09,2029-06-30,[],https://www.transfermarkt.de/deniz-undav/profil/spieler/339314,CONFIRMED,STAGE_CURRENT_SQUAD,https://www.transfermarkt.de/vfb-stuttgart/kader/verein/79/saison_id/2026/plus/1,b40e4a3e03d09694b8088bd37ac70efaa5300c9034dde9d4027b90762ed3b647,2026-09-12
GER1,VfB Stuttgart,79,Dzenan Pejcinovic,819636,2005-02-15,Mittelstürmer,17,2026-08-10,2031-06-30,"[""Neuzugang von: VfL Wolfsburg; Datum: 10.08.2026; Ablöse: 25,00 Mio. €""]",https://www.transfermarkt.de/dzenan-pejcinovic/profil/spieler/819636,CONFIRMED,STAGE_CURRENT_SQUAD,https://www.transfermarkt.de/vfb-stuttgart/kader/verein/79/saison_id/2026/plus/1,b40e4a3e03d09694b8088bd37ac70efaa5300c9034dde9d4027b90762ed3b647,2026-09-12
GER1,TSG 1899 Hoffenheim,533,Oliver Baumann,55089,1990-06-02,Torwart,1,2014-07-01,2028-06-30,[],https://www.transfermarkt.de/oliver-baumann/profil/spieler/55089,CONFIRMED,STAGE_CURRENT_SQUAD,https://www.transfermarkt.de/tsg-1899-hoffenheim/kader/verein/533/saison_id/2026/plus/1,e5e493cd00b5c047bf6df4097b4f69f777e988a4f1f63a0879aef32a7379e1cd,2026-09-12
GER1,TSG 1899 Hoffenheim,533,Luca Philipp,432671,2000-11-28,Torwart,37,2020-07-31,,[],https://www.transfermarkt.de/luca-philipp/profil/spieler/432671,CONFIRMED,REVIEW_REQUIRED,https://www.transfermarkt.de/tsg-1899-hoffenheim/kader/verein/533/saison_id/2026/plus/1,e5e493cd00b5c047bf6df4097b4f69f777e988a4f1f63a0879aef32a7379e1cd,2026-09-12
GER1,TSG 1899 Hoffenheim,533,Lúkas Petersson,718460,2004-02-09,Torwart,36,2024-07-01,,[],https://www.transfermarkt.de/lukas-petersson/profil/spieler/718460,CONFIRMED,STAGE_CURRENT_SQUAD,https://www.transfermarkt.de/tsg-1899-hoffenheim/kader/verein/533/saison_id/2026/plus/1,e5e493cd00b5c047bf6df4097b4f69f777e988a4f1f63a0879aef32a7379e1cd,2026-09-12
GER1,TSG 1899 Hoffenheim,533,Albian Hajdari,579459,2003-05-18,Innenverteidiger,21,2025-08-25,2031-06-30,[],https://www.transfermarkt.de/albian-hajdari/profil/spieler/579459,CONFIRMED,STAGE_CURRENT_SQUAD,https://www.transfermarkt.de/tsg-1899-hoffenheim/kader/verein/533/saison_id/2026/plus/1,e5e493cd00b5c047bf6df4097b4f69f777e988a4f1f63a0879aef32a7379e1cd,2026-09-12
GER1,TSG 1899 Hoffenheim,533,Ozan Kabak,361260,2000-03-25,Innenverteidiger,5,2022-07-23,2030-06-30,[],https://www.transfermarkt.de/ozan-kabak/profil/spieler/361260,CONFIRMED,STAGE_CURRENT_SQUAD,https://www.transfermarkt.de/tsg-1899-hoffenheim/kader/verein/533/saison_id/2026/plus/1,e5e493cd00b5c047bf6df4097b4f69f777e988a4f1f63a0879aef32a7379e1cd,2026-09-12
GER1,TSG 1899 Hoffenheim,533,Robin Hranac,620217,2000-01-29,Innenverteidiger,2,2024-08-25,2028-06-30,[],https://www.transfermarkt.de/robin-hranac/profil/spieler/620217,CONFIRMED,STAGE_CURRENT_SQUAD,https://www.transfermarkt.de/tsg-1899-hoffenheim/kader/verein/533/saison_id/2026/plus/1,e5e493cd00b5c047bf6df4097b4f69f777e988a4f1f63a0879aef32a7379e1cd,2026-09-12
GER1,TSG 1899 Hoffenheim,533,Koki Machida,415035,1997-08-25,Innenverteidiger,28,2025-07-01,2029-06-30,[],https://www.transfermarkt.de/koki-machida/profil/spieler/415035,CONFIRMED,STAGE_CURRENT_SQUAD,https://www.transfermarkt.de/tsg-1899-hoffenheim/kader/verein/533/saison_id/2026/plus/1,e5e493cd00b5c047bf6df4097b4f69f777e988a4f1f63a0879aef32a7379e1cd,2026-09-12
GER1,TSG 1899 Hoffenheim,533,Sean Dulic,907277,2005-06-05,Innenverteidiger,4,2026-07-01,2030-06-30,"[""Neuzugang von: TSV 1860 München; Datum: 01.07.2026; Ablöse: ablösefrei""]",https://www.transfermarkt.de/sean-dulic/profil/spieler/907277,CONFIRMED,STAGE_CURRENT_SQUAD,https://www.transfermarkt.de/tsg-1899-hoffenheim/kader/verein/533/saison_id/2026/plus/1,e5e493cd00b5c047bf6df4097b4f69f777e988a4f1f63a0879aef32a7379e1cd,2026-09-12
GER1,TSG 1899 Hoffenheim,533,Mats Rots,983677,2006-03-11,Linker Verteidiger,39,2026-07-01,2031-06-30,"[""Neuzugang von: FC Twente Enschede; Datum: 01.07.2026; Ablöse: 12,00 Mio. €""]",https://www.transfermarkt.de/mats-rots/profil/spieler/983677,CONFIRMED,STAGE_CURRENT_SQUAD,https://www.transfermarkt.de/tsg-1899-hoffenheim/kader/verein/533/saison_id/2026/plus/1,e5e493cd00b5c047bf6df4097b4f69f777e988a4f1f63a0879aef32a7379e1cd,2026-09-12
GER1,TSG 1899 Hoffenheim,533,Bernardo,364258,1995-05-14,Linker Verteidiger,13,2025-07-01,2027-06-30,[],https://www.transfermarkt.de/bernardo/profil/spieler/364258,CONFIRMED,STAGE_CURRENT_SQUAD,https://www.transfermarkt.de/tsg-1899-hoffenheim/kader/verein/533/saison_id/2026/plus/1,e5e493cd00b5c047bf6df4097b4f69f777e988a4f1f63a0879aef32a7379e1cd,2026-09-12
GER1,TSG 1899 Hoffenheim,533,Valentin Gendrey,569387,2000-06-21,Rechter Verteidiger,15,2024-08-27,2028-06-30,[],https://www.transfermarkt.de/valentin-gendrey/profil/spieler/569387,CONFIRMED,STAGE_CURRENT_SQUAD,https://www.transfermarkt.de/tsg-1899-hoffenheim/kader/verein/533/saison_id/2026/plus/1,e5e493cd00b5c047bf6df4097b4f69f777e988a4f1f63a0879aef32a7379e1cd,2026-09-12
GER1,TSG 1899 Hoffenheim,533,Vladimír Coufal,157672,1992-08-22,Rechter Verteidiger,34,2025-08-05,2028-06-30,[],https://www.transfermarkt.de/vladimir-coufal/profil/spieler/157672,CONFIRMED,STAGE_CURRENT_SQUAD,https://www.transfermarkt.de/tsg-1899-hoffenheim/kader/verein/533/saison_id/2026/plus/1,e5e493cd00b5c047bf6df4097b4f69f777e988a4f1f63a0879aef32a7379e1cd,2026-09-12
GER1,TSG 1899 Hoffenheim,533,Natnael Abraha,1075143,2008-03-14,Rechter Verteidiger,29,2026-07-01,,"[""Interner Wechsel: TSG 1899 Hoffenheim II; Datum: 01.07.2026""]",https://www.transfermarkt.de/natnael-abraha/profil/spieler/1075143,CONFIRMED,STAGE_CURRENT_SQUAD,https://www.transfermarkt.de/tsg-1899-hoffenheim/kader/verein/533/saison_id/2026/plus/1,e5e493cd00b5c047bf6df4097b4f69f777e988a4f1f63a0879aef32a7379e1cd,2026-09-12
GER1,TSG 1899 Hoffenheim,533,Leon Avdullahu,667457,2004-02-23,Defensives Mittelfeld,7,2025-07-01,2031-06-30,[],https://www.transfermarkt.de/leon-avdullahu/profil/spieler/667457,CONFIRMED,STAGE_CURRENT_SQUAD,https://www.transfermarkt.de/tsg-1899-hoffenheim/kader/verein/533/saison_id/2026/plus/1,e5e493cd00b5c047bf6df4097b4f69f777e988a4f1f63a0879aef32a7379e1cd,2026-09-12
GER1,TSG 1899 Hoffenheim,533,Wouter Burger,412953,2001-02-16,Defensives Mittelfeld,18,2025-07-22,,[],https://www.transfermarkt.de/wouter-burger/profil/spieler/412953,CONFIRMED,STAGE_CURRENT_SQUAD,https://www.transfermarkt.de/tsg-1899-hoffenheim/kader/verein/533/saison_id/2026/plus/1,e5e493cd00b5c047bf6df4097b4f69f777e988a4f1f63a0879aef32a7379e1cd,2026-09-12
GER1,TSG 1899 Hoffenheim,533,Cajetan Lenz,1047136,2006-06-16,Defensives Mittelfeld,32,2026-07-01,2031-06-30,"[""Neuzugang von: VfL Bochum; Datum: 01.07.2026; Ablöse: 10,00 Mio. €""]",https://www.transfermarkt.de/cajetan-lenz/profil/spieler/1047136,CONFIRMED,STAGE_CURRENT_SQUAD,https://www.transfermarkt.de/tsg-1899-hoffenheim/kader/verein/533/saison_id/2026/plus/1,e5e493cd00b5c047bf6df4097b4f69f777e988a4f1f63a0879aef32a7379e1cd,2026-09-12
GER1,TSG 1899 Hoffenheim,533,Luis Engelns,1116191,2007-03-11,Defensives Mittelfeld,16,2026-02-02,,[],https://www.transfermarkt.de/luis-engelns/profil/spieler/1116191,CONFIRMED,STAGE_CURRENT_SQUAD,https://www.transfermarkt.de/tsg-1899-hoffenheim/kader/verein/533/saison_id/2026/plus/1,e5e493cd00b5c047bf6df4097b4f69f777e988a4f1f63a0879aef32a7379e1cd,2026-09-12
GER1,TSG 1899 Hoffenheim,533,Nathan De Cat,1105541,2008-07-19,Zentrales Mittelfeld,17,2026-07-10,2031-06-30,"[""Neuzugang von: RSC Anderlecht; Datum: 10.07.2026; Ablöse: 18,50 Mio. €""]",https://www.transfermarkt.de/nathan-de-cat/profil/spieler/1105541,CONFIRMED,STAGE_CURRENT_SQUAD,https://www.transfermarkt.de/tsg-1899-hoffenheim/kader/verein/533/saison_id/2026/plus/1,e5e493cd00b5c047bf6df4097b4f69f777e988a4f1f63a0879aef32a7379e1cd,2026-09-12
GER1,TSG 1899 Hoffenheim,533,Alexander Prass,434116,2001-05-26,Linkes Mittelfeld,22,2024-08-05,2028-06-30,[],https://www.transfermarkt.de/alexander-prass/profil/spieler/434116,CONFIRMED,STAGE_CURRENT_SQUAD,https://www.transfermarkt.de/tsg-1899-hoffenheim/kader/verein/533/saison_id/2026/plus/1,e5e493cd00b5c047bf6df4097b4f69f777e988a4f1f63a0879aef32a7379e1cd,2026-09-12
GER1,TSG 1899 Hoffenheim,533,Bambasé Conté,574193,2003-07-07,Offensives Mittelfeld,20,2023-08-16,,"[""Rückkehr nach Leihe von: SV 07 Elversberg; Datum: 30.06.2026; Ablöse: Leih-Ende""]",https://www.transfermarkt.de/bambase-conte/profil/spieler/574193,CONFIRMED,REVIEW_REQUIRED,https://www.transfermarkt.de/tsg-1899-hoffenheim/kader/verein/533/saison_id/2026/plus/1,e5e493cd00b5c047bf6df4097b4f69f777e988a4f1f63a0879aef32a7379e1cd,2026-09-12
GER1,TSG 1899 Hoffenheim,533,Patrick Wimmer,533295,2001-05-30,Rechtsaußen,8,2026-07-01,2031-06-30,"[""Neuzugang von: VfL Wolfsburg; Datum: 01.07.2026; Ablöse: 10,00 Mio. €""]",https://www.transfermarkt.de/patrick-wimmer/profil/spieler/533295,CONFIRMED,STAGE_CURRENT_SQUAD,https://www.transfermarkt.de/tsg-1899-hoffenheim/kader/verein/533/saison_id/2026/plus/1,e5e493cd00b5c047bf6df4097b4f69f777e988a4f1f63a0879aef32a7379e1cd,2026-09-12
GER1,TSG 1899 Hoffenheim,533,Adam Daghim,881297,2005-09-28,Rechtsaußen,14,2026-08-02,,"[""Neuzugang von: FC Red Bull Salzburg; Datum: 02.08.2026; Ablöse: 13,00 Mio. €""]",https://www.transfermarkt.de/adam-daghim/profil/spieler/881297,CONFIRMED,REVIEW_REQUIRED,https://www.transfermarkt.de/tsg-1899-hoffenheim/kader/verein/533/saison_id/2026/plus/1,e5e493cd00b5c047bf6df4097b4f69f777e988a4f1f63a0879aef32a7379e1cd,2026-09-12
GER1,TSG 1899 Hoffenheim,533,Andrej Kramaric,46580,1991-06-19,Hängende Spitze,27,2016-07-01,2028-06-30,[],https://www.transfermarkt.de/andrej-kramaric/profil/spieler/46580,CONFIRMED,STAGE_CURRENT_SQUAD,https://www.transfermarkt.de/tsg-1899-hoffenheim/kader/verein/533/saison_id/2026/plus/1,e5e493cd00b5c047bf6df4097b4f69f777e988a4f1f63a0879aef32a7379e1cd,2026-09-12
GER1,TSG 1899 Hoffenheim,533,Fisnik Asllani,524290,2002-08-08,Mittelstürmer,11,2022-01-04,2029-06-30,[],https://www.transfermarkt.de/fisnik-asllani/profil/spieler/524290,CONFIRMED,STAGE_CURRENT_SQUAD,https://www.transfermarkt.de/tsg-1899-hoffenheim/kader/verein/533/saison_id/2026/plus/1,e5e493cd00b5c047bf6df4097b4f69f777e988a4f1f63a0879aef32a7379e1cd,2026-09-12
GER1,TSG 1899 Hoffenheim,533,Tim Lemperle,553285,2002-02-05,Mittelstürmer,19,2025-07-01,2031-06-30,[],https://www.transfermarkt.de/tim-lemperle/profil/spieler/553285,CONFIRMED,STAGE_CURRENT_SQUAD,https://www.transfermarkt.de/tsg-1899-hoffenheim/kader/verein/533/saison_id/2026/plus/1,e5e493cd00b5c047bf6df4097b4f69f777e988a4f1f63a0879aef32a7379e1cd,2026-09-12
GER1,TSG 1899 Hoffenheim,533,Adam Hlozek,552057,2002-07-25,Mittelstürmer,10,2024-08-17,2029-06-30,[],https://www.transfermarkt.de/adam-hlozek/profil/spieler/552057,CONFIRMED,STAGE_CURRENT_SQUAD,https://www.transfermarkt.de/tsg-1899-hoffenheim/kader/verein/533/saison_id/2026/plus/1,e5e493cd00b5c047bf6df4097b4f69f777e988a4f1f63a0879aef32a7379e1cd,2026-09-12
GER1,TSG 1899 Hoffenheim,533,Max Moerstedt,923595,2006-01-15,Mittelstürmer,9,2024-01-01,2030-06-30,[],https://www.transfermarkt.de/max-moerstedt/profil/spieler/923595,CONFIRMED,STAGE_CURRENT_SQUAD,https://www.transfermarkt.de/tsg-1899-hoffenheim/kader/verein/533/saison_id/2026/plus/1,e5e493cd00b5c047bf6df4097b4f69f777e988a4f1f63a0879aef32a7379e1cd,2026-09-12
GER1,Bayer 04 Leverkusen,15,Mark Flekken,125714,1993-06-13,Torwart,1,2025-07-01,2028-06-30,[],https://www.transfermarkt.de/mark-flekken/profil/spieler/125714,CONFIRMED,STAGE_CURRENT_SQUAD,https://www.transfermarkt.de/bayer-04-leverkusen/kader/verein/15/saison_id/2026/plus/1,355a935f7561800deae1a58eea59105fd8753e003beced3cff71c0acbf734e7f,2026-09-12
GER1,Bayer 04 Leverkusen,15,Janis Blaswich,81173,1991-05-02,Torwart,28,2025-08-11,2027-06-30,[],https://www.transfermarkt.de/janis-blaswich/profil/spieler/81173,CONFIRMED,STAGE_CURRENT_SQUAD,https://www.transfermarkt.de/bayer-04-leverkusen/kader/verein/15/saison_id/2026/plus/1,355a935f7561800deae1a58eea59105fd8753e003beced3cff71c0acbf734e7f,2026-09-12
GER1,Bayer 04 Leverkusen,15,Niklas Lomb,85543,1993-07-28,Torwart,36,2012-07-01,2027-06-30,[],https://www.transfermarkt.de/niklas-lomb/profil/spieler/85543,CONFIRMED,STAGE_CURRENT_SQUAD,https://www.transfermarkt.de/bayer-04-leverkusen/kader/verein/15/saison_id/2026/plus/1,355a935f7561800deae1a58eea59105fd8753e003beced3cff71c0acbf734e7f,2026-09-12
GER1,Bayer 04 Leverkusen,15,Jarell Quansah,632349,2003-01-29,Innenverteidiger,4,2025-07-02,2030-06-30,[],https://www.transfermarkt.de/jarell-quansah/profil/spieler/632349,CONFIRMED,STAGE_CURRENT_SQUAD,https://www.transfermarkt.de/bayer-04-leverkusen/kader/verein/15/saison_id/2026/plus/1,355a935f7561800deae1a58eea59105fd8753e003beced3cff71c0acbf734e7f,2026-09-12
GER1,Bayer 04 Leverkusen,15,Edmond Tapsoba,564545,1999-02-02,Innenverteidiger,12,2020-01-31,2031-06-30,[],https://www.transfermarkt.de/edmond-tapsoba/profil/spieler/564545,CONFIRMED,STAGE_CURRENT_SQUAD,https://www.transfermarkt.de/bayer-04-leverkusen/kader/verein/15/saison_id/2026/plus/1,355a935f7561800deae1a58eea59105fd8753e003beced3cff71c0acbf734e7f,2026-09-12
GER1,Bayer 04 Leverkusen,15,Loïc Badé,730581,2000-04-11,Innenverteidiger,5,2025-08-21,2030-06-30,[],https://www.transfermarkt.de/loic-bade/profil/spieler/730581,CONFIRMED,STAGE_CURRENT_SQUAD,https://www.transfermarkt.de/bayer-04-leverkusen/kader/verein/15/saison_id/2026/plus/1,355a935f7561800deae1a58eea59105fd8753e003beced3cff71c0acbf734e7f,2026-09-12
GER1,Bayer 04 Leverkusen,15,Facundo Medina,474800,1999-05-28,Innenverteidiger,2,2026-08-11,2031-06-30,"[""Neuzugang von: Olympique Marseille; Datum: 11.08.2026; Ablöse: 23,00 Mio. €""]",https://www.transfermarkt.de/facundo-medina/profil/spieler/474800,CONFIRMED,REVIEW_REQUIRED,https://www.transfermarkt.de/bayer-04-leverkusen/kader/verein/15/saison_id/2026/plus/1,355a935f7561800deae1a58eea59105fd8753e003beced3cff71c0acbf734e7f,2026-09-12
GER1,Bayer 04 Leverkusen,15,Tim Oermann,696164,2003-10-06,Innenverteidiger,15,2025-07-01,2029-06-30,[],https://www.transfermarkt.de/tim-oermann/profil/spieler/696164,CONFIRMED,REVIEW_REQUIRED,https://www.transfermarkt.de/bayer-04-leverkusen/kader/verein/15/saison_id/2026/plus/1,355a935f7561800deae1a58eea59105fd8753e003beced3cff71c0acbf734e7f,2026-09-12
GER1,Bayer 04 Leverkusen,15,Miguel Gutiérrez,525299,2001-07-27,Linker Verteidiger,3,2026-08-05,2031-06-30,"[""Neuzugang von: SSC Neapel; Datum: 05.08.2026; Ablöse: 26,00 Mio. €""]",https://www.transfermarkt.de/miguel-gutierrez/profil/spieler/525299,CONFIRMED,STAGE_CURRENT_SQUAD,https://www.transfermarkt.de/bayer-04-leverkusen/kader/verein/15/saison_id/2026/plus/1,355a935f7561800deae1a58eea59105fd8753e003beced3cff71c0acbf734e7f,2026-09-12
GER1,Bayer 04 Leverkusen,15,Guéla Doué,711980,2002-10-17,Rechter Verteidiger,20,2026-09-01,2031-06-30,"[""Neuzugang von: Racing Straßburg; Datum: 01.09.2026; Ablöse: 30,00 Mio. €""]",https://www.transfermarkt.de/guela-doue/profil/spieler/711980,CONFIRMED,STAGE_CURRENT_SQUAD,https://www.transfermarkt.de/bayer-04-leverkusen/kader/verein/15/saison_id/2026/plus/1,355a935f7561800deae1a58eea59105fd8753e003beced3cff71c0acbf734e7f,2026-09-12
GER1,Bayer 04 Leverkusen,15,Lucas Vázquez,221316,1991-07-01,Rechter Verteidiger,17,2025-08-26,2027-06-30,[],https://www.transfermarkt.de/lucas-vazquez/profil/spieler/221316,CONFIRMED,STAGE_CURRENT_SQUAD,https://www.transfermarkt.de/bayer-04-leverkusen/kader/verein/15/saison_id/2026/plus/1,355a935f7561800deae1a58eea59105fd8753e003beced3cff71c0acbf734e7f,2026-09-12
GER1,Bayer 04 Leverkusen,15,Equi Fernández,664708,2002-07-25,Defensives Mittelfeld,6,2025-09-01,2030-06-30,[],https://www.transfermarkt.de/equi-fernandez/profil/spieler/664708,CONFIRMED,STAGE_CURRENT_SQUAD,https://www.transfermarkt.de/bayer-04-leverkusen/kader/verein/15/saison_id/2026/plus/1,355a935f7561800deae1a58eea59105fd8753e003beced3cff71c0acbf734e7f,2026-09-12
GER1,Bayer 04 Leverkusen,15,Kennet Eichhorn,1214123,2009-07-27,Defensives Mittelfeld,18,2026-07-01,2031-06-30,"[""Neuzugang von: Hertha BSC; Datum: 01.07.2026; Ablöse: 9,00 Mio. €""]",https://www.transfermarkt.de/kennet-eichhorn/profil/spieler/1214123,CONFIRMED,STAGE_CURRENT_SQUAD,https://www.transfermarkt.de/bayer-04-leverkusen/kader/verein/15/saison_id/2026/plus/1,355a935f7561800deae1a58eea59105fd8753e003beced3cff71c0acbf734e7f,2026-09-12
GER1,Bayer 04 Leverkusen,15,Robert Andrich,159088,1994-09-22,Defensives Mittelfeld,8,2021-08-16,2028-06-30,[],https://www.transfermarkt.de/robert-andrich/profil/spieler/159088,CONFIRMED,STAGE_CURRENT_SQUAD,https://www.transfermarkt.de/bayer-04-leverkusen/kader/verein/15/saison_id/2026/plus/1,355a935f7561800deae1a58eea59105fd8753e003beced3cff71c0acbf734e7f,2026-09-12
GER1,Bayer 04 Leverkusen,15,Aleix García,261504,1997-06-28,Zentrales Mittelfeld,24,2024-07-01,2029-06-30,[],https://www.transfermarkt.de/aleix-garcia/profil/spieler/261504,CONFIRMED,STAGE_CURRENT_SQUAD,https://www.transfermarkt.de/bayer-04-leverkusen/kader/verein/15/saison_id/2026/plus/1,355a935f7561800deae1a58eea59105fd8753e003beced3cff71c0acbf734e7f,2026-09-12
GER1,Bayer 04 Leverkusen,15,Ibrahim Maza,905011,2005-11-24,Offensives Mittelfeld,30,2025-07-01,2030-06-30,[],https://www.transfermarkt.de/ibrahim-maza/profil/spieler/905011,CONFIRMED,STAGE_CURRENT_SQUAD,https://www.transfermarkt.de/bayer-04-leverkusen/kader/verein/15/saison_id/2026/plus/1,355a935f7561800deae1a58eea59105fd8753e003beced3cff71c0acbf734e7f,2026-09-12
GER1,Bayer 04 Leverkusen,15,Malik Tillman,467437,2002-05-28,Offensives Mittelfeld,10,2025-07-12,2030-06-30,[],https://www.transfermarkt.de/malik-tillman/profil/spieler/467437,CONFIRMED,STAGE_CURRENT_SQUAD,https://www.transfermarkt.de/bayer-04-leverkusen/kader/verein/15/saison_id/2026/plus/1,355a935f7561800deae1a58eea59105fd8753e003beced3cff71c0acbf734e7f,2026-09-12
GER1,Bayer 04 Leverkusen,15,Jonas Hofmann,7161,1992-07-14,Offensives Mittelfeld,7,2023-07-05,2027-06-30,[],https://www.transfermarkt.de/jonas-hofmann/profil/spieler/7161,CONFIRMED,STAGE_CURRENT_SQUAD,https://www.transfermarkt.de/bayer-04-leverkusen/kader/verein/15/saison_id/2026/plus/1,355a935f7561800deae1a58eea59105fd8753e003beced3cff71c0acbf734e7f,2026-09-12
GER1,Bayer 04 Leverkusen,15,Afonso Moreira,952282,2005-03-19,Linksaußen,9,2026-07-01,2031-06-30,"[""Neuzugang von: Olympique Lyon; Datum: 01.07.2026; Ablöse: 29,50 Mio. €""]",https://www.transfermarkt.de/afonso-moreira/profil/spieler/952282,CONFIRMED,STAGE_CURRENT_SQUAD,https://www.transfermarkt.de/bayer-04-leverkusen/kader/verein/15/saison_id/2026/plus/1,355a935f7561800deae1a58eea59105fd8753e003beced3cff71c0acbf734e7f,2026-09-12
GER1,Bayer 04 Leverkusen,15,Eliesse Ben Seghir,810895,2005-02-16,Linksaußen,29,2025-08-31,2030-06-30,[],https://www.transfermarkt.de/eliesse-ben-seghir/profil/spieler/810895,CONFIRMED,STAGE_CURRENT_SQUAD,https://www.transfermarkt.de/bayer-04-leverkusen/kader/verein/15/saison_id/2026/plus/1,355a935f7561800deae1a58eea59105fd8753e003beced3cff71c0acbf734e7f,2026-09-12
GER1,Bayer 04 Leverkusen,15,Martin Terrier,442891,1997-03-04,Linksaußen,11,2024-07-18,2029-06-30,[],https://www.transfermarkt.de/martin-terrier/profil/spieler/442891,CONFIRMED,STAGE_CURRENT_SQUAD,https://www.transfermarkt.de/bayer-04-leverkusen/kader/verein/15/saison_id/2026/plus/1,355a935f7561800deae1a58eea59105fd8753e003beced3cff71c0acbf734e7f,2026-09-12
GER1,Bayer 04 Leverkusen,15,Moussa Diaby,395516,1999-07-07,Rechtsaußen,19,2026-09-01,2031-06-30,"[""Neuzugang von: Al-Ittihad Club; Datum: 01.09.2026; Ablöse: 28,00 Mio. €""]",https://www.transfermarkt.de/moussa-diaby/profil/spieler/395516,CONFIRMED,STAGE_CURRENT_SQUAD,https://www.transfermarkt.de/bayer-04-leverkusen/kader/verein/15/saison_id/2026/plus/1,355a935f7561800deae1a58eea59105fd8753e003beced3cff71c0acbf734e7f,2026-09-12
GER1,Bayer 04 Leverkusen,15,Nathan Tella,340322,1999-07-05,Rechtsaußen,23,2023-08-27,2031-06-30,[],https://www.transfermarkt.de/nathan-tella/profil/spieler/340322,CONFIRMED,STAGE_CURRENT_SQUAD,https://www.transfermarkt.de/bayer-04-leverkusen/kader/verein/15/saison_id/2026/plus/1,355a935f7561800deae1a58eea59105fd8753e003beced3cff71c0acbf734e7f,2026-09-12
GER1,Bayer 04 Leverkusen,15,Montrell Culbreath,1058514,2007-08-29,Rechtsaußen,42,2026-01-29,2031-06-30,[],https://www.transfermarkt.de/montrell-culbreath/profil/spieler/1058514,CONFIRMED,STAGE_CURRENT_SQUAD,https://www.transfermarkt.de/bayer-04-leverkusen/kader/verein/15/saison_id/2026/plus/1,355a935f7561800deae1a58eea59105fd8753e003beced3cff71c0acbf734e7f,2026-09-12
GER1,Bayer 04 Leverkusen,15,Christian Kofane,1364454,2006-07-26,Mittelstürmer,35,2025-07-11,2029-06-30,[],https://www.transfermarkt.de/christian-kofane/profil/spieler/1364454,CONFIRMED,STAGE_CURRENT_SQUAD,https://www.transfermarkt.de/bayer-04-leverkusen/kader/verein/15/saison_id/2026/plus/1,355a935f7561800deae1a58eea59105fd8753e003beced3cff71c0acbf734e7f,2026-09-12
GER1,Bayer 04 Leverkusen,15,Patrik Schick,242086,1996-01-24,Mittelstürmer,14,2020-09-08,2030-06-30,[],https://www.transfermarkt.de/patrik-schick/profil/spieler/242086,CONFIRMED,STAGE_CURRENT_SQUAD,https://www.transfermarkt.de/bayer-04-leverkusen/kader/verein/15/saison_id/2026/plus/1,355a935f7561800deae1a58eea59105fd8753e003beced3cff71c0acbf734e7f,2026-09-12
GER1,Bayer 04 Leverkusen,15,Victor Boniface,656681,2000-12-23,Mittelstürmer,22,2023-07-22,2028-06-30,"[""Rückkehr nach Leihe von: SV Werder Bremen; Datum: 30.06.2026; Ablöse: Leih-Ende""]",https://www.transfermarkt.de/victor-boniface/profil/spieler/656681,CONFIRMED,REVIEW_REQUIRED,https://www.transfermarkt.de/bayer-04-leverkusen/kader/verein/15/saison_id/2026/plus/1,355a935f7561800deae1a58eea59105fd8753e003beced3cff71c0acbf734e7f,2026-09-12
GER1,Bayer 04 Leverkusen,15,Ndjicoura Bomba,1392804,2008-03-12,Mittelstürmer,-,2026-07-01,2030-06-30,"[""Neuzugang von: Club Sportif de Bamako; Datum: 01.07.2026; Ablöse: 1,50 Mio. €""]",https://www.transfermarkt.de/ndjicoura-bomba/profil/spieler/1392804,CONFIRMED,REVIEW_REQUIRED,https://www.transfermarkt.de/bayer-04-leverkusen/kader/verein/15/saison_id/2026/plus/1,355a935f7561800deae1a58eea59105fd8753e003beced3cff71c0acbf734e7f,2026-09-12
GER1,Sport-Club Freiburg,60,Mio Backhaus,620295,2004-04-16,Torwart,1,2026-07-01,,"[""Neuzugang von: SV Werder Bremen; Datum: 01.07.2026; Ablöse: 12,00 Mio. €""]",https://www.transfermarkt.de/mio-backhaus/profil/spieler/620295,CONFIRMED,STAGE_CURRENT_SQUAD,https://www.transfermarkt.de/sc-freiburg/kader/verein/60/saison_id/2026/plus/1,e62e19efa9614998b4f5177da82a997a537a7c947c1c8872e3857207ec428e4f,2026-09-12
GER1,Sport-Club Freiburg,60,Florian Müller,284769,1997-11-13,Torwart,21,2023-07-01,,[],https://www.transfermarkt.de/florian-muller/profil/spieler/284769,CONFIRMED,STAGE_CURRENT_SQUAD,https://www.transfermarkt.de/sc-freiburg/kader/verein/60/saison_id/2026/plus/1,e62e19efa9614998b4f5177da82a997a537a7c947c1c8872e3857207ec428e4f,2026-09-12
GER1,Sport-Club Freiburg,60,Jannik Huth,160954,1994-04-15,Torwart,24,2024-07-01,,[],https://www.transfermarkt.de/jannik-huth/profil/spieler/160954,CONFIRMED,STAGE_CURRENT_SQUAD,https://www.transfermarkt.de/sc-freiburg/kader/verein/60/saison_id/2026/plus/1,e62e19efa9614998b4f5177da82a997a537a7c947c1c8872e3857207ec428e4f,2026-09-12
GER1,Sport-Club Freiburg,60,Bruno Ogbus,863759,2005-12-17,Innenverteidiger,43,2024-07-01,,[],https://www.transfermarkt.de/bruno-ogbus/profil/spieler/863759,CONFIRMED,REVIEW_REQUIRED,https://www.transfermarkt.de/sc-freiburg/kader/verein/60/saison_id/2026/plus/1,e62e19efa9614998b4f5177da82a997a537a7c947c1c8872e3857207ec428e4f,2026-09-12
GER1,Sport-Club Freiburg,60,Philipp Lienhart,225657,1996-07-11,Innenverteidiger,3,2018-07-01,,[],https://www.transfermarkt.de/philipp-lienhart/profil/spieler/225657,CONFIRMED,REVIEW_REQUIRED,https://www.transfermarkt.de/sc-freiburg/kader/verein/60/saison_id/2026/plus/1,e62e19efa9614998b4f5177da82a997a537a7c947c1c8872e3857207ec428e4f,2026-09-12
GER1,Sport-Club Freiburg,60,Max Rosenfelder,599419,2003-02-10,Innenverteidiger,37,2023-07-01,,[],https://www.transfermarkt.de/max-rosenfelder/profil/spieler/599419,CONFIRMED,REVIEW_REQUIRED,https://www.transfermarkt.de/sc-freiburg/kader/verein/60/saison_id/2026/plus/1,e62e19efa9614998b4f5177da82a997a537a7c947c1c8872e3857207ec428e4f,2026-09-12
GER1,Sport-Club Freiburg,60,Matthias Ginter,124502,1994-01-19,Innenverteidiger,28,2022-07-01,2027-06-30,[],https://www.transfermarkt.de/matthias-ginter/profil/spieler/124502,CONFIRMED,STAGE_CURRENT_SQUAD,https://www.transfermarkt.de/sc-freiburg/kader/verein/60/saison_id/2026/plus/1,e62e19efa9614998b4f5177da82a997a537a7c947c1c8872e3857207ec428e4f,2026-09-12
GER1,Sport-Club Freiburg,60,Anthony Jung,58995,1991-11-03,Innenverteidiger,5,2025-07-01,2027-06-30,[],https://www.transfermarkt.de/anthony-jung/profil/spieler/58995,CONFIRMED,STAGE_CURRENT_SQUAD,https://www.transfermarkt.de/sc-freiburg/kader/verein/60/saison_id/2026/plus/1,e62e19efa9614998b4f5177da82a997a537a7c947c1c8872e3857207ec428e4f,2026-09-12
GER1,Sport-Club Freiburg,60,Berkay Yılmaz,907087,2005-02-25,Linker Verteidiger,27,2024-07-01,,"[""Rückkehr nach Leihe von: 1.FC Nürnberg; Datum: 30.06.2026; Ablöse: Leih-Ende""]",https://www.transfermarkt.de/berkay-yilmaz/profil/spieler/907087,CONFIRMED,REVIEW_REQUIRED,https://www.transfermarkt.de/sc-freiburg/kader/verein/60/saison_id/2026/plus/1,e62e19efa9614998b4f5177da82a997a537a7c947c1c8872e3857207ec428e4f,2026-09-12
GER1,Sport-Club Freiburg,60,Jordy Makengo,815078,2001-08-03,Linker Verteidiger,33,2023-07-01,2028-06-30,[],https://www.transfermarkt.de/jordy-makengo/profil/spieler/815078,CONFIRMED,STAGE_CURRENT_SQUAD,https://www.transfermarkt.de/sc-freiburg/kader/verein/60/saison_id/2026/plus/1,e62e19efa9614998b4f5177da82a997a537a7c947c1c8872e3857207ec428e4f,2026-09-12
GER1,Sport-Club Freiburg,60,Christian Günter,93707,1993-02-28,Linker Verteidiger,30,2012-07-01,,[],https://www.transfermarkt.de/christian-gunter/profil/spieler/93707,CONFIRMED,REVIEW_REQUIRED,https://www.transfermarkt.de/sc-freiburg/kader/verein/60/saison_id/2026/plus/1,e62e19efa9614998b4f5177da82a997a537a7c947c1c8872e3857207ec428e4f,2026-09-12
GER1,Sport-Club Freiburg,60,Philipp Treu,335993,2000-12-03,Rechter Verteidiger,29,2025-07-01,,[],https://www.transfermarkt.de/philipp-treu/profil/spieler/335993,CONFIRMED,REVIEW_REQUIRED,https://www.transfermarkt.de/sc-freiburg/kader/verein/60/saison_id/2026/plus/1,e62e19efa9614998b4f5177da82a997a537a7c947c1c8872e3857207ec428e4f,2026-09-12
GER1,Sport-Club Freiburg,60,Lukas Kübler,93604,1992-08-30,Rechter Verteidiger,17,2015-07-01,,[],https://www.transfermarkt.de/lukas-kubler/profil/spieler/93604,CONFIRMED,REVIEW_REQUIRED,https://www.transfermarkt.de/sc-freiburg/kader/verein/60/saison_id/2026/plus/1,e62e19efa9614998b4f5177da82a997a537a7c947c1c8872e3857207ec428e4f,2026-09-12
GER1,Sport-Club Freiburg,60,Patrick Osterhage,443331,2000-02-01,Defensives Mittelfeld,6,2024-07-01,,[],https://www.transfermarkt.de/patrick-osterhage/profil/spieler/443331,CONFIRMED,REVIEW_REQUIRED,https://www.transfermarkt.de/sc-freiburg/kader/verein/60/saison_id/2026/plus/1,e62e19efa9614998b4f5177da82a997a537a7c947c1c8872e3857207ec428e4f,2026-09-12
GER1,Sport-Club Freiburg,60,Yannik Engelhardt,405670,2001-02-07,Defensives Mittelfeld,16,2026-07-18,,"[""Neuzugang von: Como 1907; Datum: 18.07.2026; Ablöse: 7,00 Mio. €""]",https://www.transfermarkt.de/yannik-engelhardt/profil/spieler/405670,CONFIRMED,REVIEW_REQUIRED,https://www.transfermarkt.de/sc-freiburg/kader/verein/60/saison_id/2026/plus/1,e62e19efa9614998b4f5177da82a997a537a7c947c1c8872e3857207ec428e4f,2026-09-12
GER1,Sport-Club Freiburg,60,Rihito Yamamoto,432403,2001-12-12,Defensives Mittelfeld,20,2026-07-01,,"[""Neuzugang von: VV St. Truiden; Datum: 01.07.2026; Ablöse: 7,00 Mio. €""]",https://www.transfermarkt.de/rihito-yamamoto/profil/spieler/432403,CONFIRMED,STAGE_CURRENT_SQUAD,https://www.transfermarkt.de/sc-freiburg/kader/verein/60/saison_id/2026/plus/1,e62e19efa9614998b4f5177da82a997a537a7c947c1c8872e3857207ec428e4f,2026-09-12
GER1,Sport-Club Freiburg,60,Maximilian Eggestein,190284,1996-12-08,Zentrales Mittelfeld,8,2021-08-18,,[],https://www.transfermarkt.de/maximilian-eggestein/profil/spieler/190284,CONFIRMED,REVIEW_REQUIRED,https://www.transfermarkt.de/sc-freiburg/kader/verein/60/saison_id/2026/plus/1,e62e19efa9614998b4f5177da82a997a537a7c947c1c8872e3857207ec428e4f,2026-09-12
GER1,Sport-Club Freiburg,60,Rouven Tarnutzer,1159439,2007-07-24,Zentrales Mittelfeld,39,2026-07-01,,"[""Interner Wechsel: SC Freiburg II; Datum: 01.07.2026""]",https://www.transfermarkt.de/rouven-tarnutzer/profil/spieler/1159439,CONFIRMED,STAGE_CURRENT_SQUAD,https://www.transfermarkt.de/sc-freiburg/kader/verein/60/saison_id/2026/plus/1,e62e19efa9614998b4f5177da82a997a537a7c947c1c8872e3857207ec428e4f,2026-09-12
GER1,Sport-Club Freiburg,60,Derry Scherhant,820957,2002-11-10,Linksaußen,7,2025-07-01,,[],https://www.transfermarkt.de/derry-scherhant/profil/spieler/820957,CONFIRMED,REVIEW_REQUIRED,https://www.transfermarkt.de/sc-freiburg/kader/verein/60/saison_id/2026/plus/1,e62e19efa9614998b4f5177da82a997a537a7c947c1c8872e3857207ec428e4f,2026-09-12
GER1,Sport-Club Freiburg,60,Vincenzo Grifo,185077,1993-04-07,Linksaußen,32,2019-09-02,,[],https://www.transfermarkt.de/vincenzo-grifo/profil/spieler/185077,CONFIRMED,STAGE_CURRENT_SQUAD,https://www.transfermarkt.de/sc-freiburg/kader/verein/60/saison_id/2026/plus/1,e62e19efa9614998b4f5177da82a997a537a7c947c1c8872e3857207ec428e4f,2026-09-12
GER1,Sport-Club Freiburg,60,Florent Muslija,337036,1998-07-06,Linksaußen,23,2024-01-24,2028-06-30,"[""Rückkehr nach Leihe von: Fortuna Düsseldorf; Datum: 30.06.2026; Ablöse: Leih-Ende""]",https://www.transfermarkt.de/florent-muslija/profil/spieler/337036,CONFIRMED,REVIEW_REQUIRED,https://www.transfermarkt.de/sc-freiburg/kader/verein/60/saison_id/2026/plus/1,e62e19efa9614998b4f5177da82a997a537a7c947c1c8872e3857207ec428e4f,2026-09-12
GER1,Sport-Club Freiburg,60,Niklas Beste,342967,1999-01-04,Rechtsaußen,19,2025-01-31,2030-06-30,[],https://www.transfermarkt.de/niklas-beste/profil/spieler/342967,CONFIRMED,STAGE_CURRENT_SQUAD,https://www.transfermarkt.de/sc-freiburg/kader/verein/60/saison_id/2026/plus/1,e62e19efa9614998b4f5177da82a997a537a7c947c1c8872e3857207ec428e4f,2026-09-12
GER1,Sport-Club Freiburg,60,Cyriaque Irié,1145064,2005-06-20,Rechtsaußen,22,2025-07-01,,[],https://www.transfermarkt.de/cyriaque-irie/profil/spieler/1145064,CONFIRMED,REVIEW_REQUIRED,https://www.transfermarkt.de/sc-freiburg/kader/verein/60/saison_id/2026/plus/1,e62e19efa9614998b4f5177da82a997a537a7c947c1c8872e3857207ec428e4f,2026-09-12
GER1,Sport-Club Freiburg,60,Yuito Suzuki,668606,2001-10-25,Hängende Spitze,14,2025-07-01,,[],https://www.transfermarkt.de/yuito-suzuki/profil/spieler/668606,CONFIRMED,STAGE_CURRENT_SQUAD,https://www.transfermarkt.de/sc-freiburg/kader/verein/60/saison_id/2026/plus/1,e62e19efa9614998b4f5177da82a997a537a7c947c1c8872e3857207ec428e4f,2026-09-12
GER1,Sport-Club Freiburg,60,Igor Matanovic,605268,2003-03-31,Mittelstürmer,31,2025-07-09,,[],https://www.transfermarkt.de/igor-matanovic/profil/spieler/605268,CONFIRMED,REVIEW_REQUIRED,https://www.transfermarkt.de/sc-freiburg/kader/verein/60/saison_id/2026/plus/1,e62e19efa9614998b4f5177da82a997a537a7c947c1c8872e3857207ec428e4f,2026-09-12
GER1,Sport-Club Freiburg,60,Keisuke Goto,916623,2005-06-03,Mittelstürmer,42,2026-07-01,,"[""Neuzugang von: RSC Anderlecht; Datum: 01.07.2026; Ablöse: 10,00 Mio. €""]",https://www.transfermarkt.de/keisuke-goto/profil/spieler/916623,CONFIRMED,REVIEW_REQUIRED,https://www.transfermarkt.de/sc-freiburg/kader/verein/60/saison_id/2026/plus/1,e62e19efa9614998b4f5177da82a997a537a7c947c1c8872e3857207ec428e4f,2026-09-12
GER1,Sport-Club Freiburg,60,Lucas Höler,248999,1994-07-10,Mittelstürmer,9,2018-01-01,,[],https://www.transfermarkt.de/lucas-holer/profil/spieler/248999,CONFIRMED,REVIEW_REQUIRED,https://www.transfermarkt.de/sc-freiburg/kader/verein/60/saison_id/2026/plus/1,e62e19efa9614998b4f5177da82a997a537a7c947c1c8872e3857207ec428e4f,2026-09-12
GER1,Eintracht Frankfurt,24,Noah Atubolu,526845,2002-05-25,Torwart,1,2026-08-28,2027-06-30,[],https://www.transfermarkt.de/noah-atubolu/profil/spieler/526845,CONFIRMED,REVIEW_REQUIRED,https://www.transfermarkt.de/eintracht-frankfurt/kader/verein/24/saison_id/2026/plus/1,b45935ddcd2a6095f6ba7722a68fe41a24ae9eab482678ab594edfe3149e642f,2026-09-12
GER1,Eintracht Frankfurt,24,Kauã Santos,997861,2003-04-11,Torwart,40,2023-08-29,2030-06-30,[],https://www.transfermarkt.de/kaua-santos/profil/spieler/997861,CONFIRMED,STAGE_CURRENT_SQUAD,https://www.transfermarkt.de/eintracht-frankfurt/kader/verein/24/saison_id/2026/plus/1,b45935ddcd2a6095f6ba7722a68fe41a24ae9eab482678ab594edfe3149e642f,2026-09-12
GER1,Eintracht Frankfurt,24,Jens Grahl,40034,1988-09-22,Torwart,33,2021-07-19,2027-06-30,[],https://www.transfermarkt.de/jens-grahl/profil/spieler/40034,CONFIRMED,STAGE_CURRENT_SQUAD,https://www.transfermarkt.de/eintracht-frankfurt/kader/verein/24/saison_id/2026/plus/1,b45935ddcd2a6095f6ba7722a68fe41a24ae9eab482678ab594edfe3149e642f,2026-09-12
GER1,Eintracht Frankfurt,24,Amil Siljevic,1079622,2007-01-19,Torwart,39,2025-07-10,2029-06-30,[],https://www.transfermarkt.de/amil-siljevic/profil/spieler/1079622,CONFIRMED,STAGE_CURRENT_SQUAD,https://www.transfermarkt.de/eintracht-frankfurt/kader/verein/24/saison_id/2026/plus/1,b45935ddcd2a6095f6ba7722a68fe41a24ae9eab482678ab594edfe3149e642f,2026-09-12
GER1,Eintracht Frankfurt,24,Nnamdi Collins,684315,2004-01-10,Innenverteidiger,34,2023-08-09,2030-06-30,[],https://www.transfermarkt.de/nnamdi-collins/profil/spieler/684315,CONFIRMED,STAGE_CURRENT_SQUAD,https://www.transfermarkt.de/eintracht-frankfurt/kader/verein/24/saison_id/2026/plus/1,b45935ddcd2a6095f6ba7722a68fe41a24ae9eab482678ab594edfe3149e642f,2026-09-12
GER1,Eintracht Frankfurt,24,Lilian Brassier,485960,1999-11-02,Innenverteidiger,3,2026-08-31,2031-06-30,"[""Neuzugang von: FC Stade Rennes; Datum: 31.08.2026; Ablöse: 9,20 Mio. €""]",https://www.transfermarkt.de/lilian-brassier/profil/spieler/485960,CONFIRMED,STAGE_CURRENT_SQUAD,https://www.transfermarkt.de/eintracht-frankfurt/kader/verein/24/saison_id/2026/plus/1,b45935ddcd2a6095f6ba7722a68fe41a24ae9eab482678ab594edfe3149e642f,2026-09-12
GER1,Eintracht Frankfurt,24,Robin Koch,328784,1996-07-17,Innenverteidiger,4,2024-07-01,2030-06-30,[],https://www.transfermarkt.de/robin-koch/profil/spieler/328784,CONFIRMED,STAGE_CURRENT_SQUAD,https://www.transfermarkt.de/eintracht-frankfurt/kader/verein/24/saison_id/2026/plus/1,b45935ddcd2a6095f6ba7722a68fe41a24ae9eab482678ab594edfe3149e642f,2026-09-12
GER1,Eintracht Frankfurt,24,Otávio,1094885,2005-11-25,Innenverteidiger,5,2026-07-28,2031-06-30,"[""Neuzugang von: CF Estrela Amadora; Datum: 28.07.2026; Ablöse: 4,50 Mio. €""]",https://www.transfermarkt.de/otavio/profil/spieler/1094885,CONFIRMED,STAGE_CURRENT_SQUAD,https://www.transfermarkt.de/eintracht-frankfurt/kader/verein/24/saison_id/2026/plus/1,b45935ddcd2a6095f6ba7722a68fe41a24ae9eab482678ab594edfe3149e642f,2026-09-12
GER1,Eintracht Frankfurt,24,Jeremiaha Maluze,1022523,2004-11-11,Innenverteidiger,37,2026-07-01,2031-06-30,"[""Interner Wechsel: Eintracht Frankfurt II; Datum: 01.07.2026""]",https://www.transfermarkt.de/jeremiaha-maluze/profil/spieler/1022523,CONFIRMED,STAGE_CURRENT_SQUAD,https://www.transfermarkt.de/eintracht-frankfurt/kader/verein/24/saison_id/2026/plus/1,b45935ddcd2a6095f6ba7722a68fe41a24ae9eab482678ab594edfe3149e642f,2026-09-12
GER1,Eintracht Frankfurt,24,Keita Kosugi,1146988,2006-03-18,Linker Verteidiger,26,2026-01-01,2031-06-30,[],https://www.transfermarkt.de/keita-kosugi/profil/spieler/1146988,CONFIRMED,STAGE_CURRENT_SQUAD,https://www.transfermarkt.de/eintracht-frankfurt/kader/verein/24/saison_id/2026/plus/1,b45935ddcd2a6095f6ba7722a68fe41a24ae9eab482678ab594edfe3149e642f,2026-09-12
GER1,Eintracht Frankfurt,24,Elias Baum,744857,2005-10-26,Rechter Verteidiger,2,2023-10-26,2028-06-30,[],https://www.transfermarkt.de/elias-baum/profil/spieler/744857,CONFIRMED,STAGE_CURRENT_SQUAD,https://www.transfermarkt.de/eintracht-frankfurt/kader/verein/24/saison_id/2026/plus/1,b45935ddcd2a6095f6ba7722a68fe41a24ae9eab482678ab594edfe3149e642f,2026-09-12
GER1,Eintracht Frankfurt,24,Timothy Chandler,49723,1990-03-29,Rechter Verteidiger,22,2014-07-01,2027-06-30,[],https://www.transfermarkt.de/timothy-chandler/profil/spieler/49723,CONFIRMED,REVIEW_REQUIRED,https://www.transfermarkt.de/eintracht-frankfurt/kader/verein/24/saison_id/2026/plus/1,b45935ddcd2a6095f6ba7722a68fe41a24ae9eab482678ab594edfe3149e642f,2026-09-12
GER1,Eintracht Frankfurt,24,Raphael Onyedika,699783,2001-04-19,Defensives Mittelfeld,25,2026-08-02,2031-06-30,"[""Neuzugang von: Club Brügge; Datum: 02.08.2026; Ablöse: 9,00 Mio. €""]",https://www.transfermarkt.de/raphael-onyedika/profil/spieler/699783,CONFIRMED,STAGE_CURRENT_SQUAD,https://www.transfermarkt.de/eintracht-frankfurt/kader/verein/24/saison_id/2026/plus/1,b45935ddcd2a6095f6ba7722a68fe41a24ae9eab482678ab594edfe3149e642f,2026-09-12
GER1,Eintracht Frankfurt,24,Noël Aséko,904974,2005-11-22,Defensives Mittelfeld,15,2026-07-18,2031-06-30,"[""Neuzugang von: FC Bayern München; Datum: 18.07.2026; Ablöse: 12,00 Mio. €""]",https://www.transfermarkt.de/noel-aseko/profil/spieler/904974,CONFIRMED,REVIEW_REQUIRED,https://www.transfermarkt.de/eintracht-frankfurt/kader/verein/24/saison_id/2026/plus/1,b45935ddcd2a6095f6ba7722a68fe41a24ae9eab482678ab594edfe3149e642f,2026-09-12
GER1,Eintracht Frankfurt,24,Oscar Højlund,846310,2005-01-04,Zentrales Mittelfeld,6,2024-07-10,2029-06-30,[],https://www.transfermarkt.de/oscar-hojlund/profil/spieler/846310,CONFIRMED,STAGE_CURRENT_SQUAD,https://www.transfermarkt.de/eintracht-frankfurt/kader/verein/24/saison_id/2026/plus/1,b45935ddcd2a6095f6ba7722a68fe41a24ae9eab482678ab594edfe3149e642f,2026-09-12
GER1,Eintracht Frankfurt,24,Can Uzun,816585,2005-11-11,Offensives Mittelfeld,42,2024-07-02,2029-06-30,[],https://www.transfermarkt.de/can-uzun/profil/spieler/816585,CONFIRMED,STAGE_CURRENT_SQUAD,https://www.transfermarkt.de/eintracht-frankfurt/kader/verein/24/saison_id/2026/plus/1,b45935ddcd2a6095f6ba7722a68fe41a24ae9eab482678ab594edfe3149e642f,2026-09-12
GER1,Eintracht Frankfurt,24,Farès Chaïbi,855015,2002-11-28,Offensives Mittelfeld,8,2023-08-30,2028-06-30,[],https://www.transfermarkt.de/fares-chaibi/profil/spieler/855015,CONFIRMED,STAGE_CURRENT_SQUAD,https://www.transfermarkt.de/eintracht-frankfurt/kader/verein/24/saison_id/2026/plus/1,b45935ddcd2a6095f6ba7722a68fe41a24ae9eab482678ab594edfe3149e642f,2026-09-12
GER1,Eintracht Frankfurt,24,Love Arrhov,1184986,2008-05-17,Offensives Mittelfeld,31,2026-01-01,2028-06-30,[],https://www.transfermarkt.de/love-arrhov/profil/spieler/1184986,CONFIRMED,STAGE_CURRENT_SQUAD,https://www.transfermarkt.de/eintracht-frankfurt/kader/verein/24/saison_id/2026/plus/1,b45935ddcd2a6095f6ba7722a68fe41a24ae9eab482678ab594edfe3149e642f,2026-09-12
GER1,Eintracht Frankfurt,24,Mario Götze,74842,1992-06-03,Offensives Mittelfeld,27,2022-07-01,2028-06-30,[],https://www.transfermarkt.de/mario-gotze/profil/spieler/74842,CONFIRMED,STAGE_CURRENT_SQUAD,https://www.transfermarkt.de/eintracht-frankfurt/kader/verein/24/saison_id/2026/plus/1,b45935ddcd2a6095f6ba7722a68fe41a24ae9eab482678ab594edfe3149e642f,2026-09-12
GER1,Eintracht Frankfurt,24,Ritsu Doan,358504,1998-06-16,Rechtsaußen,20,2025-08-07,2030-06-30,[],https://www.transfermarkt.de/ritsu-doan/profil/spieler/358504,CONFIRMED,STAGE_CURRENT_SQUAD,https://www.transfermarkt.de/eintracht-frankfurt/kader/verein/24/saison_id/2026/plus/1,b45935ddcd2a6095f6ba7722a68fe41a24ae9eab482678ab594edfe3149e642f,2026-09-12
GER1,Eintracht Frankfurt,24,Ansgar Knauff,429874,2002-01-10,Rechtsaußen,7,2023-07-01,2028-06-30,[],https://www.transfermarkt.de/ansgar-knauff/profil/spieler/429874,CONFIRMED,STAGE_CURRENT_SQUAD,https://www.transfermarkt.de/eintracht-frankfurt/kader/verein/24/saison_id/2026/plus/1,b45935ddcd2a6095f6ba7722a68fe41a24ae9eab482678ab594edfe3149e642f,2026-09-12
GER1,Eintracht Frankfurt,24,Ayoube Amaimouni-Echghouyab,799993,2004-11-30,Rechtsaußen,29,2026-01-02,2031-06-30,[],https://www.transfermarkt.de/ayoube-amaimouni-echghouyab/profil/spieler/799993,CONFIRMED,STAGE_CURRENT_SQUAD,https://www.transfermarkt.de/eintracht-frankfurt/kader/verein/24/saison_id/2026/plus/1,b45935ddcd2a6095f6ba7722a68fe41a24ae9eab482678ab594edfe3149e642f,2026-09-12
GER1,Eintracht Frankfurt,24,Jonathan Burkardt,333647,2000-07-11,Mittelstürmer,9,2025-07-04,2030-06-30,[],https://www.transfermarkt.de/jonathan-burkardt/profil/spieler/333647,CONFIRMED,STAGE_CURRENT_SQUAD,https://www.transfermarkt.de/eintracht-frankfurt/kader/verein/24/saison_id/2026/plus/1,b45935ddcd2a6095f6ba7722a68fe41a24ae9eab482678ab594edfe3149e642f,2026-09-12
GER1,Eintracht Frankfurt,24,Younes Ebnoutalib,692368,2003-09-13,Mittelstürmer,11,2026-01-01,2031-06-30,[],https://www.transfermarkt.de/younes-ebnoutalib/profil/spieler/692368,CONFIRMED,STAGE_CURRENT_SQUAD,https://www.transfermarkt.de/eintracht-frankfurt/kader/verein/24/saison_id/2026/plus/1,b45935ddcd2a6095f6ba7722a68fe41a24ae9eab482678ab594edfe3149e642f,2026-09-12
GER1,Eintracht Frankfurt,24,Malik Pimpong,1259986,2008-01-01,Mittelstürmer,35,2026-07-01,2031-06-30,"[""Neuzugang von: FC Midtjylland U19; Datum: 01.07.2026; Ablöse: 3,50 Mio. €""]",https://www.transfermarkt.de/malik-pimpong/profil/spieler/1259986,CONFIRMED,STAGE_CURRENT_SQUAD,https://www.transfermarkt.de/eintracht-frankfurt/kader/verein/24/saison_id/2026/plus/1,b45935ddcd2a6095f6ba7722a68fe41a24ae9eab482678ab594edfe3149e642f,2026-09-12
GER1,Eintracht Frankfurt,24,Jessic Ngankam,448177,2000-07-20,Mittelstürmer,-,2023-07-14,2028-06-30,"[""Rückkehr nach Leihe von: Wolfsberger AC; Datum: 30.06.2026; Ablöse: Leih-Ende""]",https://www.transfermarkt.de/jessic-ngankam/profil/spieler/448177,CONFIRMED,STAGE_CURRENT_SQUAD,https://www.transfermarkt.de/eintracht-frankfurt/kader/verein/24/saison_id/2026/plus/1,b45935ddcd2a6095f6ba7722a68fe41a24ae9eab482678ab594edfe3149e642f,2026-09-12
GER1,FC Augsburg,167,Finn Dahmen,251299,1998-03-27,Torwart,1,2023-07-01,2027-06-30,[],https://www.transfermarkt.de/finn-dahmen/profil/spieler/251299,CONFIRMED,STAGE_CURRENT_SQUAD,https://www.transfermarkt.de/fc-augsburg/kader/verein/167/saison_id/2026/plus/1,323d986d5d073658ccfd8af3d4978da6e4a9845c0cdcce47798096a26f016833,2026-09-12
GER1,FC Augsburg,167,Nediljko Labrovic,610190,1999-10-10,Torwart,22,2024-07-01,2029-06-30,[],https://www.transfermarkt.de/nediljko-labrovic/profil/spieler/610190,CONFIRMED,STAGE_CURRENT_SQUAD,https://www.transfermarkt.de/fc-augsburg/kader/verein/167/saison_id/2026/plus/1,323d986d5d073658ccfd8af3d4978da6e4a9845c0cdcce47798096a26f016833,2026-09-12
GER1,FC Augsburg,167,Tom Wisbereit,954082,2007-11-17,Torwart,48,2026-07-14,2030-06-30,"[""Neuzugang von: 1.FC Union Berlin U19; Datum: 14.07.2026; Ablöse: ablösefrei""]",https://www.transfermarkt.de/tom-wisbereit/profil/spieler/954082,CONFIRMED,STAGE_CURRENT_SQUAD,https://www.transfermarkt.de/fc-augsburg/kader/verein/167/saison_id/2026/plus/1,323d986d5d073658ccfd8af3d4978da6e4a9845c0cdcce47798096a26f016833,2026-09-12
GER1,FC Augsburg,167,Chrislain Matsima,569383,2002-05-15,Innenverteidiger,5,2025-07-01,2030-06-30,[],https://www.transfermarkt.de/chrislain-matsima/profil/spieler/569383,CONFIRMED,STAGE_CURRENT_SQUAD,https://www.transfermarkt.de/fc-augsburg/kader/verein/167/saison_id/2026/plus/1,323d986d5d073658ccfd8af3d4978da6e4a9845c0cdcce47798096a26f016833,2026-09-12
GER1,FC Augsburg,167,Noahkai Banks,923945,2006-12-01,Innenverteidiger,40,2024-07-10,2029-06-30,[],https://www.transfermarkt.de/noahkai-banks/profil/spieler/923945,CONFIRMED,STAGE_CURRENT_SQUAD,https://www.transfermarkt.de/fc-augsburg/kader/verein/167/saison_id/2026/plus/1,323d986d5d073658ccfd8af3d4978da6e4a9845c0cdcce47798096a26f016833,2026-09-12
GER1,FC Augsburg,167,Juma Bah,1121298,2006-04-11,Innenverteidiger,35,2026-09-01,2027-06-30,[],https://www.transfermarkt.de/juma-bah/profil/spieler/1121298,CONFIRMED,REVIEW_REQUIRED,https://www.transfermarkt.de/fc-augsburg/kader/verein/167/saison_id/2026/plus/1,323d986d5d073658ccfd8af3d4978da6e4a9845c0cdcce47798096a26f016833,2026-09-12
GER1,FC Augsburg,167,Calvin Brackelmann,358766,1999-08-22,Innenverteidiger,2,2026-07-01,2030-06-30,"[""Neuzugang von: SC Paderborn 07; Datum: 01.07.2026; Ablöse: ablösefrei""]",https://www.transfermarkt.de/calvin-brackelmann/profil/spieler/358766,CONFIRMED,STAGE_CURRENT_SQUAD,https://www.transfermarkt.de/fc-augsburg/kader/verein/167/saison_id/2026/plus/1,323d986d5d073658ccfd8af3d4978da6e4a9845c0cdcce47798096a26f016833,2026-09-12
GER1,FC Augsburg,167,Jeffrey Gouweleeuw,106405,1991-07-10,Innenverteidiger,6,2016-01-09,2027-06-30,[],https://www.transfermarkt.de/jeffrey-gouweleeuw/profil/spieler/106405,CONFIRMED,STAGE_CURRENT_SQUAD,https://www.transfermarkt.de/fc-augsburg/kader/verein/167/saison_id/2026/plus/1,323d986d5d073658ccfd8af3d4978da6e4a9845c0cdcce47798096a26f016833,2026-09-12
GER1,FC Augsburg,167,Hennes Behrens,829838,2005-01-19,Linker Verteidiger,16,2026-07-13,2031-06-30,"[""Neuzugang von: TSG 1899 Hoffenheim; Datum: 13.07.2026; Ablöse: 3,50 Mio. €""]",https://www.transfermarkt.de/hennes-behrens/profil/spieler/829838,CONFIRMED,STAGE_CURRENT_SQUAD,https://www.transfermarkt.de/fc-augsburg/kader/verein/167/saison_id/2026/plus/1,323d986d5d073658ccfd8af3d4978da6e4a9845c0cdcce47798096a26f016833,2026-09-12
GER1,FC Augsburg,167,Young-woo Seol,639414,1998-12-05,Rechter Verteidiger,7,2026-08-27,2030-06-30,"[""Neuzugang von: Roter Stern Belgrad; Datum: 27.08.2026; Ablöse: 3,75 Mio. €""]",https://www.transfermarkt.de/young-woo-seol/profil/spieler/639414,CONFIRMED,STAGE_CURRENT_SQUAD,https://www.transfermarkt.de/fc-augsburg/kader/verein/167/saison_id/2026/plus/1,323d986d5d073658ccfd8af3d4978da6e4a9845c0cdcce47798096a26f016833,2026-09-12
GER1,FC Augsburg,167,Marius Wolf,193900,1995-05-27,Rechter Verteidiger,27,2024-08-08,2027-06-30,[],https://www.transfermarkt.de/marius-wolf/profil/spieler/193900,CONFIRMED,STAGE_CURRENT_SQUAD,https://www.transfermarkt.de/fc-augsburg/kader/verein/167/saison_id/2026/plus/1,323d986d5d073658ccfd8af3d4978da6e4a9845c0cdcce47798096a26f016833,2026-09-12
GER1,FC Augsburg,167,Robin Fellhauer,264960,1998-01-21,Defensives Mittelfeld,19,2025-07-01,2029-06-30,[],https://www.transfermarkt.de/robin-fellhauer/profil/spieler/264960,CONFIRMED,STAGE_CURRENT_SQUAD,https://www.transfermarkt.de/fc-augsburg/kader/verein/167/saison_id/2026/plus/1,323d986d5d073658ccfd8af3d4978da6e4a9845c0cdcce47798096a26f016833,2026-09-12
GER1,FC Augsburg,167,Yannik Keitel,342039,2000-02-15,Defensives Mittelfeld,14,2026-01-03,2027-06-30,[],https://www.transfermarkt.de/yannik-keitel/profil/spieler/342039,CONFIRMED,REVIEW_REQUIRED,https://www.transfermarkt.de/fc-augsburg/kader/verein/167/saison_id/2026/plus/1,323d986d5d073658ccfd8af3d4978da6e4a9845c0cdcce47798096a26f016833,2026-09-12
GER1,FC Augsburg,167,Tim Breithaupt,569457,2002-02-07,Defensives Mittelfeld,18,2023-07-01,2028-06-30,"[""Rückkehr nach Leihe von: Fortuna Düsseldorf; Datum: 30.06.2026; Ablöse: Leih-Ende""]",https://www.transfermarkt.de/tim-breithaupt/profil/spieler/569457,CONFIRMED,REVIEW_REQUIRED,https://www.transfermarkt.de/fc-augsburg/kader/verein/167/saison_id/2026/plus/1,323d986d5d073658ccfd8af3d4978da6e4a9845c0cdcce47798096a26f016833,2026-09-12
GER1,FC Augsburg,167,Tim Schnitzer,1162968,2008-02-07,Defensives Mittelfeld,37,2026-07-01,2029-06-30,"[""Interner Wechsel: FC Augsburg U19; Datum: 01.07.2026""]",https://www.transfermarkt.de/tim-schnitzer/profil/spieler/1162968,CONFIRMED,STAGE_CURRENT_SQUAD,https://www.transfermarkt.de/fc-augsburg/kader/verein/167/saison_id/2026/plus/1,323d986d5d073658ccfd8af3d4978da6e4a9845c0cdcce47798096a26f016833,2026-09-12
GER1,FC Augsburg,167,Han-Noah Massengo,536508,2001-07-07,Zentrales Mittelfeld,4,2025-07-15,2030-06-30,[],https://www.transfermarkt.de/han-noah-massengo/profil/spieler/536508,CONFIRMED,STAGE_CURRENT_SQUAD,https://www.transfermarkt.de/fc-augsburg/kader/verein/167/saison_id/2026/plus/1,323d986d5d073658ccfd8af3d4978da6e4a9845c0cdcce47798096a26f016833,2026-09-12
GER1,FC Augsburg,167,Sima Suso,928265,2005-05-28,Zentrales Mittelfeld,8,2026-07-10,2031-06-30,"[""Neuzugang von: Fortuna Düsseldorf; Datum: 10.07.2026; Ablöse: 1,60 Mio. €""]",https://www.transfermarkt.de/sima-suso/profil/spieler/928265,CONFIRMED,STAGE_CURRENT_SQUAD,https://www.transfermarkt.de/fc-augsburg/kader/verein/167/saison_id/2026/plus/1,323d986d5d073658ccfd8af3d4978da6e4a9845c0cdcce47798096a26f016833,2026-09-12
GER1,FC Augsburg,167,Alexis Claude-Maurice,384593,1998-06-06,Offensives Mittelfeld,20,2024-08-30,2027-06-30,[],https://www.transfermarkt.de/alexis-claude-maurice/profil/spieler/384593,CONFIRMED,STAGE_CURRENT_SQUAD,https://www.transfermarkt.de/fc-augsburg/kader/verein/167/saison_id/2026/plus/1,323d986d5d073658ccfd8af3d4978da6e4a9845c0cdcce47798096a26f016833,2026-09-12
GER1,FC Augsburg,167,Mert Kömür,777005,2005-07-17,Offensives Mittelfeld,10,2023-07-01,2029-06-30,[],https://www.transfermarkt.de/mert-komur/profil/spieler/777005,CONFIRMED,STAGE_CURRENT_SQUAD,https://www.transfermarkt.de/fc-augsburg/kader/verein/167/saison_id/2026/plus/1,323d986d5d073658ccfd8af3d4978da6e4a9845c0cdcce47798096a26f016833,2026-09-12
GER1,FC Augsburg,167,Fabian Rieder,507341,2002-02-16,Offensives Mittelfeld,32,2025-09-01,2030-06-30,[],https://www.transfermarkt.de/fabian-rieder/profil/spieler/507341,CONFIRMED,STAGE_CURRENT_SQUAD,https://www.transfermarkt.de/fc-augsburg/kader/verein/167/saison_id/2026/plus/1,323d986d5d073658ccfd8af3d4978da6e4a9845c0cdcce47798096a26f016833,2026-09-12
GER1,FC Augsburg,167,Anton Kade,654234,2004-01-17,Offensives Mittelfeld,30,2025-08-25,2029-06-30,[],https://www.transfermarkt.de/anton-kade/profil/spieler/654234,CONFIRMED,STAGE_CURRENT_SQUAD,https://www.transfermarkt.de/fc-augsburg/kader/verein/167/saison_id/2026/plus/1,323d986d5d073658ccfd8af3d4978da6e4a9845c0cdcce47798096a26f016833,2026-09-12
GER1,FC Augsburg,167,Arijon Ibrahimovic,744728,2005-12-11,Linksaußen,21,2026-09-01,2027-06-30,[],https://www.transfermarkt.de/arijon-ibrahimovic/profil/spieler/744728,CONFIRMED,REVIEW_REQUIRED,https://www.transfermarkt.de/fc-augsburg/kader/verein/167/saison_id/2026/plus/1,323d986d5d073658ccfd8af3d4978da6e4a9845c0cdcce47798096a26f016833,2026-09-12
GER1,FC Augsburg,167,Faik Sakar,1132292,2008-01-14,Linksaußen,23,2026-07-01,2030-06-30,"[""Neuzugang von: RB Leipzig U19; Datum: 01.07.2026; Ablöse: ablösefrei""]",https://www.transfermarkt.de/faik-sakar/profil/spieler/1132292,CONFIRMED,STAGE_CURRENT_SQUAD,https://www.transfermarkt.de/fc-augsburg/kader/verein/167/saison_id/2026/plus/1,323d986d5d073658ccfd8af3d4978da6e4a9845c0cdcce47798096a26f016833,2026-09-12
GER1,FC Augsburg,167,Rodrigo Ribeiro,726701,2005-04-28,Mittelstürmer,9,2026-07-01,2031-06-30,"[""Neuzugang von: Sporting Lissabon B; Datum: 01.07.2026; Ablöse: 5,00 Mio. €""]",https://www.transfermarkt.de/rodrigo-ribeiro/profil/spieler/726701,CONFIRMED,STAGE_CURRENT_SQUAD,https://www.transfermarkt.de/fc-augsburg/kader/verein/167/saison_id/2026/plus/1,323d986d5d073658ccfd8af3d4978da6e4a9845c0cdcce47798096a26f016833,2026-09-12
GER1,FC Augsburg,167,Uchenna Ogundu,1309324,2006-05-12,Mittelstürmer,39,2026-02-02,2031-06-30,[],https://www.transfermarkt.de/uchenna-ogundu/profil/spieler/1309324,CONFIRMED,STAGE_CURRENT_SQUAD,https://www.transfermarkt.de/fc-augsburg/kader/verein/167/saison_id/2026/plus/1,323d986d5d073658ccfd8af3d4978da6e4a9845c0cdcce47798096a26f016833,2026-09-12
GER1,FC Augsburg,167,Michael Gregoritsch,120205,1994-04-18,Mittelstürmer,11,2026-07-01,2027-06-30,"[""Neuzugang von: Bröndby IF; Datum: 01.07.2026; Ablöse: 700 Tsd. €""]",https://www.transfermarkt.de/michael-gregoritsch/profil/spieler/120205,CONFIRMED,STAGE_CURRENT_SQUAD,https://www.transfermarkt.de/fc-augsburg/kader/verein/167/saison_id/2026/plus/1,323d986d5d073658ccfd8af3d4978da6e4a9845c0cdcce47798096a26f016833,2026-09-12
GER1,FC Augsburg,167,Steve Mounié,238639,1994-09-29,Mittelstürmer,15,2024-07-05,2027-06-30,"[""Rückkehr nach Leihe von: Alanyaspor; Datum: 30.06.2026; Ablöse: Leih-Ende""]",https://www.transfermarkt.de/steve-mounie/profil/spieler/238639,CONFIRMED,REVIEW_REQUIRED,https://www.transfermarkt.de/fc-augsburg/kader/verein/167/saison_id/2026/plus/1,323d986d5d073658ccfd8af3d4978da6e4a9845c0cdcce47798096a26f016833,2026-09-12
GER1,1. FSV Mainz 05,39,Robin Zentner,160963,1994-10-28,Torwart,27,2014-07-01,2028-06-30,[],https://www.transfermarkt.de/robin-zentner/profil/spieler/160963,CONFIRMED,STAGE_CURRENT_SQUAD,https://www.transfermarkt.de/1-fsv-mainz-05/kader/verein/39/saison_id/2026/plus/1,a0ac0e0c9eb47a3776e4e43c8257aa032114b35240aadb843dc1c757a5313de7,2026-09-12
GER1,1. FSV Mainz 05,39,Alexander Schwolow,93763,1992-06-02,Torwart,1,2026-07-30,,"[""Neuzugang von: Heart of Midlothian FC; Datum: 30.07.2026; Ablöse: ablösefrei""]",https://www.transfermarkt.de/alexander-schwolow/profil/spieler/93763,CONFIRMED,STAGE_CURRENT_SQUAD,https://www.transfermarkt.de/1-fsv-mainz-05/kader/verein/39/saison_id/2026/plus/1,a0ac0e0c9eb47a3776e4e43c8257aa032114b35240aadb843dc1c757a5313de7,2026-09-12
GER1,1. FSV Mainz 05,39,Maximilian Kinzig,817521,2003-12-04,Torwart,40,2026-07-01,,"[""Interner Wechsel: 1.FSV Mainz 05 II; Datum: 01.07.2026""]",https://www.transfermarkt.de/maximilian-kinzig/profil/spieler/817521,CONFIRMED,STAGE_CURRENT_SQUAD,https://www.transfermarkt.de/1-fsv-mainz-05/kader/verein/39/saison_id/2026/plus/1,a0ac0e0c9eb47a3776e4e43c8257aa032114b35240aadb843dc1c757a5313de7,2026-09-12
GER1,1. FSV Mainz 05,39,Kacper Potulski,1073748,2007-10-19,Innenverteidiger,48,2026-01-01,2028-06-30,[],https://www.transfermarkt.de/kacper-potulski/profil/spieler/1073748,CONFIRMED,STAGE_CURRENT_SQUAD,https://www.transfermarkt.de/1-fsv-mainz-05/kader/verein/39/saison_id/2026/plus/1,a0ac0e0c9eb47a3776e4e43c8257aa032114b35240aadb843dc1c757a5313de7,2026-09-12
GER1,1. FSV Mainz 05,39,Stefan Posch,223974,1997-05-14,Innenverteidiger,4,2026-08-12,,"[""Neuzugang von: Como 1907; Datum: 12.08.2026; Ablöse: 4,00 Mio. €""]",https://www.transfermarkt.de/stefan-posch/profil/spieler/223974,CONFIRMED,REVIEW_REQUIRED,https://www.transfermarkt.de/1-fsv-mainz-05/kader/verein/39/saison_id/2026/plus/1,a0ac0e0c9eb47a3776e4e43c8257aa032114b35240aadb843dc1c757a5313de7,2026-09-12
GER1,1. FSV Mainz 05,39,Fabio Gruber,594731,2002-09-03,Innenverteidiger,3,2026-07-01,2030-06-30,"[""Neuzugang von: 1.FC Nürnberg; Datum: 01.07.2026; Ablöse: 3,50 Mio. €""]",https://www.transfermarkt.de/fabio-gruber/profil/spieler/594731,CONFIRMED,STAGE_CURRENT_SQUAD,https://www.transfermarkt.de/1-fsv-mainz-05/kader/verein/39/saison_id/2026/plus/1,a0ac0e0c9eb47a3776e4e43c8257aa032114b35240aadb843dc1c757a5313de7,2026-09-12
GER1,1. FSV Mainz 05,39,Dominik Kohr,118847,1994-01-31,Innenverteidiger,31,2022-07-01,2028-06-30,[],https://www.transfermarkt.de/dominik-kohr/profil/spieler/118847,CONFIRMED,STAGE_CURRENT_SQUAD,https://www.transfermarkt.de/1-fsv-mainz-05/kader/verein/39/saison_id/2026/plus/1,a0ac0e0c9eb47a3776e4e43c8257aa032114b35240aadb843dc1c757a5313de7,2026-09-12
GER1,1. FSV Mainz 05,39,Danny da Costa,85906,1993-07-13,Innenverteidiger,21,2022-07-01,2027-06-30,[],https://www.transfermarkt.de/danny-da-costa/profil/spieler/85906,CONFIRMED,STAGE_CURRENT_SQUAD,https://www.transfermarkt.de/1-fsv-mainz-05/kader/verein/39/saison_id/2026/plus/1,a0ac0e0c9eb47a3776e4e43c8257aa032114b35240aadb843dc1c757a5313de7,2026-09-12
GER1,1. FSV Mainz 05,39,Stefan Bell,82350,1991-08-24,Innenverteidiger,16,2010-07-01,2027-06-30,[],https://www.transfermarkt.de/stefan-bell/profil/spieler/82350,CONFIRMED,REVIEW_REQUIRED,https://www.transfermarkt.de/1-fsv-mainz-05/kader/verein/39/saison_id/2026/plus/1,a0ac0e0c9eb47a3776e4e43c8257aa032114b35240aadb843dc1c757a5313de7,2026-09-12
GER1,1. FSV Mainz 05,39,Phillipp Mwene,127573,1994-01-29,Linker Verteidiger,2,2023-08-23,,[],https://www.transfermarkt.de/phillipp-mwene/profil/spieler/127573,CONFIRMED,STAGE_CURRENT_SQUAD,https://www.transfermarkt.de/1-fsv-mainz-05/kader/verein/39/saison_id/2026/plus/1,a0ac0e0c9eb47a3776e4e43c8257aa032114b35240aadb843dc1c757a5313de7,2026-09-12
GER1,1. FSV Mainz 05,39,Rael Nakuzola,1112952,2007-04-28,Linker Verteidiger,47,,2028-06-30,[],https://www.transfermarkt.de/rael-nakuzola/profil/spieler/1112952,CONFIRMED,REVIEW_REQUIRED,https://www.transfermarkt.de/1-fsv-mainz-05/kader/verein/39/saison_id/2026/plus/1,a0ac0e0c9eb47a3776e4e43c8257aa032114b35240aadb843dc1c757a5313de7,2026-09-12
GER1,1. FSV Mainz 05,39,Anthony Caci,453016,1997-07-01,Rechter Verteidiger,19,2022-07-01,2028-06-30,[],https://www.transfermarkt.de/anthony-caci/profil/spieler/453016,CONFIRMED,STAGE_CURRENT_SQUAD,https://www.transfermarkt.de/1-fsv-mainz-05/kader/verein/39/saison_id/2026/plus/1,a0ac0e0c9eb47a3776e4e43c8257aa032114b35240aadb843dc1c757a5313de7,2026-09-12
GER1,1. FSV Mainz 05,39,Silvan Widmer,168989,1993-03-05,Rechter Verteidiger,30,2021-07-09,,[],https://www.transfermarkt.de/silvan-widmer/profil/spieler/168989,CONFIRMED,STAGE_CURRENT_SQUAD,https://www.transfermarkt.de/1-fsv-mainz-05/kader/verein/39/saison_id/2026/plus/1,a0ac0e0c9eb47a3776e4e43c8257aa032114b35240aadb843dc1c757a5313de7,2026-09-12
GER1,1. FSV Mainz 05,39,Kaishu Sano,643574,2000-12-30,Defensives Mittelfeld,6,2024-07-03,2028-06-30,[],https://www.transfermarkt.de/kaishu-sano/profil/spieler/643574,CONFIRMED,STAGE_CURRENT_SQUAD,https://www.transfermarkt.de/1-fsv-mainz-05/kader/verein/39/saison_id/2026/plus/1,a0ac0e0c9eb47a3776e4e43c8257aa032114b35240aadb843dc1c757a5313de7,2026-09-12
GER1,1. FSV Mainz 05,39,Eric Martel,597000,2002-04-29,Defensives Mittelfeld,5,2026-07-01,,"[""Neuzugang von: 1.FC Köln; Datum: 01.07.2026; Ablöse: ablösefrei""]",https://www.transfermarkt.de/eric-martel/profil/spieler/597000,CONFIRMED,REVIEW_REQUIRED,https://www.transfermarkt.de/1-fsv-mainz-05/kader/verein/39/saison_id/2026/plus/1,a0ac0e0c9eb47a3776e4e43c8257aa032114b35240aadb843dc1c757a5313de7,2026-09-12
GER1,1. FSV Mainz 05,39,Lennard Maloney,392710,1999-10-08,Defensives Mittelfeld,15,2025-01-21,2028-06-30,[],https://www.transfermarkt.de/lennard-maloney/profil/spieler/392710,CONFIRMED,STAGE_CURRENT_SQUAD,https://www.transfermarkt.de/1-fsv-mainz-05/kader/verein/39/saison_id/2026/plus/1,a0ac0e0c9eb47a3776e4e43c8257aa032114b35240aadb843dc1c757a5313de7,2026-09-12
GER1,1. FSV Mainz 05,39,Sota Kawasaki,733371,2001-07-30,Defensives Mittelfeld,24,2026-07-01,,"[""Neuzugang von: Kyoto Sanga; Datum: 01.07.2026; Ablöse: 1,00 Mio. €""]",https://www.transfermarkt.de/sota-kawasaki/profil/spieler/733371,CONFIRMED,REVIEW_REQUIRED,https://www.transfermarkt.de/1-fsv-mainz-05/kader/verein/39/saison_id/2026/plus/1,a0ac0e0c9eb47a3776e4e43c8257aa032114b35240aadb843dc1c757a5313de7,2026-09-12
GER1,1. FSV Mainz 05,39,Nadiem Amiri,232454,1996-10-27,Zentrales Mittelfeld,10,2024-01-31,2028-06-30,[],https://www.transfermarkt.de/nadiem-amiri/profil/spieler/232454,CONFIRMED,STAGE_CURRENT_SQUAD,https://www.transfermarkt.de/1-fsv-mainz-05/kader/verein/39/saison_id/2026/plus/1,a0ac0e0c9eb47a3776e4e43c8257aa032114b35240aadb843dc1c757a5313de7,2026-09-12
GER1,1. FSV Mainz 05,39,Paul Nebel,503160,2002-10-10,Offensives Mittelfeld,8,2020-07-01,2027-06-30,[],https://www.transfermarkt.de/paul-nebel/profil/spieler/503160,CONFIRMED,STAGE_CURRENT_SQUAD,https://www.transfermarkt.de/1-fsv-mainz-05/kader/verein/39/saison_id/2026/plus/1,a0ac0e0c9eb47a3776e4e43c8257aa032114b35240aadb843dc1c757a5313de7,2026-09-12
GER1,1. FSV Mainz 05,39,Jae-sung Lee,314398,1992-08-10,Offensives Mittelfeld,7,2021-07-08,,[],https://www.transfermarkt.de/jae-sung-lee/profil/spieler/314398,CONFIRMED,STAGE_CURRENT_SQUAD,https://www.transfermarkt.de/1-fsv-mainz-05/kader/verein/39/saison_id/2026/plus/1,a0ac0e0c9eb47a3776e4e43c8257aa032114b35240aadb843dc1c757a5313de7,2026-09-12
GER1,1. FSV Mainz 05,39,Otto Ruoppi,901877,2006-01-31,Offensives Mittelfeld,20,2026-02-02,2030-06-30,"[""Rückkehr nach Leihe von: Kuopion Palloseura; Datum: 30.06.2026; Ablöse: Leih-Ende""]",https://www.transfermarkt.de/otto-ruoppi/profil/spieler/901877,CONFIRMED,STAGE_CURRENT_SQUAD,https://www.transfermarkt.de/1-fsv-mainz-05/kader/verein/39/saison_id/2026/plus/1,a0ac0e0c9eb47a3776e4e43c8257aa032114b35240aadb843dc1c757a5313de7,2026-09-12
GER1,1. FSV Mainz 05,39,Sheraldo Becker,188888,1995-02-09,Linksaußen,23,2026-07-01,,"[""Neuzugang von: CA Osasuna; Datum: 01.07.2026; Ablöse: 500 Tsd. €""]",https://www.transfermarkt.de/sheraldo-becker/profil/spieler/188888,CONFIRMED,STAGE_CURRENT_SQUAD,https://www.transfermarkt.de/1-fsv-mainz-05/kader/verein/39/saison_id/2026/plus/1,a0ac0e0c9eb47a3776e4e43c8257aa032114b35240aadb843dc1c757a5313de7,2026-09-12
GER1,1. FSV Mainz 05,39,Silas,612826,1998-10-06,Rechtsaußen,26,2026-01-06,,[],https://www.transfermarkt.de/silas/profil/spieler/612826,CONFIRMED,REVIEW_REQUIRED,https://www.transfermarkt.de/1-fsv-mainz-05/kader/verein/39/saison_id/2026/plus/1,a0ac0e0c9eb47a3776e4e43c8257aa032114b35240aadb843dc1c757a5313de7,2026-09-12
GER1,1. FSV Mainz 05,39,Benedict Hollerbach,453870,2001-05-17,Mittelstürmer,17,2025-07-01,2029-06-30,[],https://www.transfermarkt.de/benedict-hollerbach/profil/spieler/453870,CONFIRMED,STAGE_CURRENT_SQUAD,https://www.transfermarkt.de/1-fsv-mainz-05/kader/verein/39/saison_id/2026/plus/1,a0ac0e0c9eb47a3776e4e43c8257aa032114b35240aadb843dc1c757a5313de7,2026-09-12
GER1,1. FSV Mainz 05,39,Ransford Königsdörffer,470038,2001-09-13,Mittelstürmer,11,2026-07-01,,"[""Neuzugang von: Hamburger SV; Datum: 01.07.2026; Ablöse: ablösefrei""]",https://www.transfermarkt.de/ransford-konigsdorffer/profil/spieler/470038,CONFIRMED,REVIEW_REQUIRED,https://www.transfermarkt.de/1-fsv-mainz-05/kader/verein/39/saison_id/2026/plus/1,a0ac0e0c9eb47a3776e4e43c8257aa032114b35240aadb843dc1c757a5313de7,2026-09-12
GER1,1. FSV Mainz 05,39,Phillip Tietz,288340,1997-07-09,Mittelstürmer,9,2026-01-02,2028-06-30,[],https://www.transfermarkt.de/phillip-tietz/profil/spieler/288340,CONFIRMED,STAGE_CURRENT_SQUAD,https://www.transfermarkt.de/1-fsv-mainz-05/kader/verein/39/saison_id/2026/plus/1,a0ac0e0c9eb47a3776e4e43c8257aa032114b35240aadb843dc1c757a5313de7,2026-09-12
GER1,1. FSV Mainz 05,39,Alynho Haidara,1392952,2008-07-26,Mittelstürmer,39,,,[],https://www.transfermarkt.de/alynho-haidara/profil/spieler/1392952,CONFIRMED,REVIEW_REQUIRED,https://www.transfermarkt.de/1-fsv-mainz-05/kader/verein/39/saison_id/2026/plus/1,a0ac0e0c9eb47a3776e4e43c8257aa032114b35240aadb843dc1c757a5313de7,2026-09-12
GER1,1. FC Union Berlin,89,Frederik Rönnow,107775,1992-08-04,Torwart,1,2021-07-20,,[],https://www.transfermarkt.de/frederik-ronnow/profil/spieler/107775,CONFIRMED,STAGE_CURRENT_SQUAD,https://www.transfermarkt.de/1-fc-union-berlin/kader/verein/89/saison_id/2026/plus/1,09ae9c47f64c54ef97da615c30d6aa9ae9d953e1a3e18c00b87ea902f5a73e34,2026-09-12
GER1,1. FC Union Berlin,89,Matheo Raab,386685,1998-12-18,Torwart,31,2025-07-11,,[],https://www.transfermarkt.de/matheo-raab/profil/spieler/386685,CONFIRMED,REVIEW_REQUIRED,https://www.transfermarkt.de/1-fc-union-berlin/kader/verein/89/saison_id/2026/plus/1,09ae9c47f64c54ef97da615c30d6aa9ae9d953e1a3e18c00b87ea902f5a73e34,2026-09-12
GER1,1. FC Union Berlin,89,Carl Klaus,161057,1994-01-16,Torwart,25,2024-07-28,,[],https://www.transfermarkt.de/carl-klaus/profil/spieler/161057,CONFIRMED,REVIEW_REQUIRED,https://www.transfermarkt.de/1-fc-union-berlin/kader/verein/89/saison_id/2026/plus/1,09ae9c47f64c54ef97da615c30d6aa9ae9d953e1a3e18c00b87ea902f5a73e34,2026-09-12
GER1,1. FC Union Berlin,89,Leopold Querfeld,597432,2003-12-20,Innenverteidiger,14,2024-07-01,2027-06-30,[],https://www.transfermarkt.de/leopold-querfeld/profil/spieler/597432,CONFIRMED,STAGE_CURRENT_SQUAD,https://www.transfermarkt.de/1-fc-union-berlin/kader/verein/89/saison_id/2026/plus/1,09ae9c47f64c54ef97da615c30d6aa9ae9d953e1a3e18c00b87ea902f5a73e34,2026-09-12
GER1,1. FC Union Berlin,89,Zeno Van Den Bosch,738774,2003-07-06,Innenverteidiger,4,2026-07-01,,"[""Neuzugang von: Royal Antwerpen FC; Datum: 01.07.2026; Ablöse: ablösefrei""]",https://www.transfermarkt.de/zeno-van-den-bosch/profil/spieler/738774,CONFIRMED,REVIEW_REQUIRED,https://www.transfermarkt.de/1-fc-union-berlin/kader/verein/89/saison_id/2026/plus/1,09ae9c47f64c54ef97da615c30d6aa9ae9d953e1a3e18c00b87ea902f5a73e34,2026-09-12
GER1,1. FC Union Berlin,89,Felix Uduokhai,278343,1997-09-09,Innenverteidiger,2,2026-08-27,,"[""Neuzugang von: Besiktas JK; Datum: 27.08.2026; Ablöse: 1,50 Mio. €""]",https://www.transfermarkt.de/felix-uduokhai/profil/spieler/278343,CONFIRMED,STAGE_CURRENT_SQUAD,https://www.transfermarkt.de/1-fc-union-berlin/kader/verein/89/saison_id/2026/plus/1,09ae9c47f64c54ef97da615c30d6aa9ae9d953e1a3e18c00b87ea902f5a73e34,2026-09-12
GER1,1. FC Union Berlin,89,Stanley Nsoki,371141,1999-04-09,Innenverteidiger,34,2026-07-01,,"[""Neuzugang von: TSG 1899 Hoffenheim; Datum: 01.07.2026; Ablöse: 1,50 Mio. €""]",https://www.transfermarkt.de/stanley-nsoki/profil/spieler/371141,CONFIRMED,REVIEW_REQUIRED,https://www.transfermarkt.de/1-fc-union-berlin/kader/verein/89/saison_id/2026/plus/1,09ae9c47f64c54ef97da615c30d6aa9ae9d953e1a3e18c00b87ea902f5a73e34,2026-09-12
GER1,1. FC Union Berlin,89,Marvin Friedrich,196231,1995-12-13,Innenverteidiger,5,2026-07-01,,"[""Neuzugang von: Borussia Mönchengladbach; Datum: 01.07.2026; Ablöse: ablösefrei""]",https://www.transfermarkt.de/marvin-friedrich/profil/spieler/196231,CONFIRMED,REVIEW_REQUIRED,https://www.transfermarkt.de/1-fc-union-berlin/kader/verein/89/saison_id/2026/plus/1,09ae9c47f64c54ef97da615c30d6aa9ae9d953e1a3e18c00b87ea902f5a73e34,2026-09-12
GER1,1. FC Union Berlin,89,Tom Rothe,798043,2004-10-29,Linker Verteidiger,15,2024-08-07,,[],https://www.transfermarkt.de/tom-rothe/profil/spieler/798043,CONFIRMED,STAGE_CURRENT_SQUAD,https://www.transfermarkt.de/1-fc-union-berlin/kader/verein/89/saison_id/2026/plus/1,09ae9c47f64c54ef97da615c30d6aa9ae9d953e1a3e18c00b87ea902f5a73e34,2026-09-12
GER1,1. FC Union Berlin,89,Derrick Köhn,391780,1999-02-04,Linker Verteidiger,39,2025-08-19,2029-06-30,[],https://www.transfermarkt.de/derrick-kohn/profil/spieler/391780,CONFIRMED,STAGE_CURRENT_SQUAD,https://www.transfermarkt.de/1-fc-union-berlin/kader/verein/89/saison_id/2026/plus/1,09ae9c47f64c54ef97da615c30d6aa9ae9d953e1a3e18c00b87ea902f5a73e34,2026-09-12
GER1,1. FC Union Berlin,89,Andrik Markgraf,1027870,2006-03-07,Linker Verteidiger,3,2025-07-01,,[],https://www.transfermarkt.de/andrik-markgraf/profil/spieler/1027870,CONFIRMED,REVIEW_REQUIRED,https://www.transfermarkt.de/1-fc-union-berlin/kader/verein/89/saison_id/2026/plus/1,09ae9c47f64c54ef97da615c30d6aa9ae9d953e1a3e18c00b87ea902f5a73e34,2026-09-12
GER1,1. FC Union Berlin,89,Josip Juranovic,362977,1995-08-16,Rechter Verteidiger,18,2023-01-22,,[],https://www.transfermarkt.de/josip-juranovic/profil/spieler/362977,CONFIRMED,REVIEW_REQUIRED,https://www.transfermarkt.de/1-fc-union-berlin/kader/verein/89/saison_id/2026/plus/1,09ae9c47f64c54ef97da615c30d6aa9ae9d953e1a3e18c00b87ea902f5a73e34,2026-09-12
GER1,1. FC Union Berlin,89,Christopher Trimmel,75921,1987-02-24,Rechter Verteidiger,28,2014-07-01,2027-06-30,[],https://www.transfermarkt.de/christopher-trimmel/profil/spieler/75921,CONFIRMED,REVIEW_REQUIRED,https://www.transfermarkt.de/1-fc-union-berlin/kader/verein/89/saison_id/2026/plus/1,09ae9c47f64c54ef97da615c30d6aa9ae9d953e1a3e18c00b87ea902f5a73e34,2026-09-12
GER1,1. FC Union Berlin,89,Aljoscha Kemlein,692737,2004-08-02,Defensives Mittelfeld,6,2023-07-01,2029-06-30,[],https://www.transfermarkt.de/aljoscha-kemlein/profil/spieler/692737,CONFIRMED,STAGE_CURRENT_SQUAD,https://www.transfermarkt.de/1-fc-union-berlin/kader/verein/89/saison_id/2026/plus/1,09ae9c47f64c54ef97da615c30d6aa9ae9d953e1a3e18c00b87ea902f5a73e34,2026-09-12
GER1,1. FC Union Berlin,89,Rani Khedira,124410,1994-01-27,Defensives Mittelfeld,8,2021-07-01,2027-06-30,[],https://www.transfermarkt.de/rani-khedira/profil/spieler/124410,CONFIRMED,STAGE_CURRENT_SQUAD,https://www.transfermarkt.de/1-fc-union-berlin/kader/verein/89/saison_id/2026/plus/1,09ae9c47f64c54ef97da615c30d6aa9ae9d953e1a3e18c00b87ea902f5a73e34,2026-09-12
GER1,1. FC Union Berlin,89,András Schäfer,454863,1999-04-13,Zentrales Mittelfeld,13,2022-01-21,2027-06-30,[],https://www.transfermarkt.de/andras-schafer/profil/spieler/454863,CONFIRMED,STAGE_CURRENT_SQUAD,https://www.transfermarkt.de/1-fc-union-berlin/kader/verein/89/saison_id/2026/plus/1,09ae9c47f64c54ef97da615c30d6aa9ae9d953e1a3e18c00b87ea902f5a73e34,2026-09-12
GER1,1. FC Union Berlin,89,Michel Aebischer,237658,1997-01-06,Zentrales Mittelfeld,20,2026-08-19,,"[""Neuzugang von: Pisa Sporting Club; Datum: 19.08.2026; Ablöse: 3,50 Mio. €""]",https://www.transfermarkt.de/michel-aebischer/profil/spieler/237658,CONFIRMED,REVIEW_REQUIRED,https://www.transfermarkt.de/1-fc-union-berlin/kader/verein/89/saison_id/2026/plus/1,09ae9c47f64c54ef97da615c30d6aa9ae9d953e1a3e18c00b87ea902f5a73e34,2026-09-12
GER1,1. FC Union Berlin,89,Janik Haberer,177779,1994-04-02,Zentrales Mittelfeld,19,2022-07-01,2027-06-30,[],https://www.transfermarkt.de/janik-haberer/profil/spieler/177779,CONFIRMED,STAGE_CURRENT_SQUAD,https://www.transfermarkt.de/1-fc-union-berlin/kader/verein/89/saison_id/2026/plus/1,09ae9c47f64c54ef97da615c30d6aa9ae9d953e1a3e18c00b87ea902f5a73e34,2026-09-12
GER1,1. FC Union Berlin,89,Robert Skov,270393,1996-05-20,Linkes Mittelfeld,24,2024-09-04,,[],https://www.transfermarkt.de/robert-skov/profil/spieler/270393,CONFIRMED,REVIEW_REQUIRED,https://www.transfermarkt.de/1-fc-union-berlin/kader/verein/89/saison_id/2026/plus/1,09ae9c47f64c54ef97da615c30d6aa9ae9d953e1a3e18c00b87ea902f5a73e34,2026-09-12
GER1,1. FC Union Berlin,89,Kastriot Imeri,469957,2000-06-27,Linkes Mittelfeld,30,2026-09-01,,"[""Neuzugang von: BSC Young Boys; Datum: 01.09.2026; Ablöse: 2,50 Mio. €""]",https://www.transfermarkt.de/kastriot-imeri/profil/spieler/469957,CONFIRMED,REVIEW_REQUIRED,https://www.transfermarkt.de/1-fc-union-berlin/kader/verein/89/saison_id/2026/plus/1,09ae9c47f64c54ef97da615c30d6aa9ae9d953e1a3e18c00b87ea902f5a73e34,2026-09-12
GER1,1. FC Union Berlin,89,Woo-yeong Jeong,297583,1999-09-20,Offensives Mittelfeld,11,2025-07-01,,[],https://www.transfermarkt.de/woo-yeong-jeong/profil/spieler/297583,CONFIRMED,STAGE_CURRENT_SQUAD,https://www.transfermarkt.de/1-fc-union-berlin/kader/verein/89/saison_id/2026/plus/1,09ae9c47f64c54ef97da615c30d6aa9ae9d953e1a3e18c00b87ea902f5a73e34,2026-09-12
GER1,1. FC Union Berlin,89,Livan Burcu,519872,2004-09-28,Linksaußen,9,2024-07-20,,[],https://www.transfermarkt.de/livan-burcu/profil/spieler/519872,CONFIRMED,REVIEW_REQUIRED,https://www.transfermarkt.de/1-fc-union-berlin/kader/verein/89/saison_id/2026/plus/1,09ae9c47f64c54ef97da615c30d6aa9ae9d953e1a3e18c00b87ea902f5a73e34,2026-09-12
GER1,1. FC Union Berlin,89,Linus Güther,1378338,2010-04-08,Linksaußen,49,2026-07-01,2028-06-30,"[""Interner Wechsel: 1.FC Union Berlin U19; Datum: 01.07.2026""]",https://www.transfermarkt.de/linus-guther/profil/spieler/1378338,CONFIRMED,STAGE_CURRENT_SQUAD,https://www.transfermarkt.de/1-fc-union-berlin/kader/verein/89/saison_id/2026/plus/1,09ae9c47f64c54ef97da615c30d6aa9ae9d953e1a3e18c00b87ea902f5a73e34,2026-09-12
GER1,1. FC Union Berlin,89,Julien Friedrich,1033581,2006-11-12,Linksaußen,38,2024-12-23,,"[""Rückkehr nach Leihe von: VSG Altglienicke; Datum: 30.06.2026; Ablöse: Leih-Ende""]",https://www.transfermarkt.de/julien-friedrich/profil/spieler/1033581,CONFIRMED,REVIEW_REQUIRED,https://www.transfermarkt.de/1-fc-union-berlin/kader/verein/89/saison_id/2026/plus/1,09ae9c47f64c54ef97da615c30d6aa9ae9d953e1a3e18c00b87ea902f5a73e34,2026-09-12
GER1,1. FC Union Berlin,89,Emmanuel Latte Lath,392964,1999-01-01,Mittelstürmer,29,2026-08-02,2027-06-30,[],https://www.transfermarkt.de/emmanuel-latte-lath/profil/spieler/392964,CONFIRMED,REVIEW_REQUIRED,https://www.transfermarkt.de/1-fc-union-berlin/kader/verein/89/saison_id/2026/plus/1,09ae9c47f64c54ef97da615c30d6aa9ae9d953e1a3e18c00b87ea902f5a73e34,2026-09-12
GER1,1. FC Union Berlin,89,Andrej Ilic,583699,2000-04-03,Mittelstürmer,23,2025-07-01,,[],https://www.transfermarkt.de/andrej-ilic/profil/spieler/583699,CONFIRMED,STAGE_CURRENT_SQUAD,https://www.transfermarkt.de/1-fc-union-berlin/kader/verein/89/saison_id/2026/plus/1,09ae9c47f64c54ef97da615c30d6aa9ae9d953e1a3e18c00b87ea902f5a73e34,2026-09-12
GER1,1. FC Union Berlin,89,Oliver Burke,341317,1997-04-07,Mittelstürmer,7,2025-07-01,2029-06-30,[],https://www.transfermarkt.de/oliver-burke/profil/spieler/341317,CONFIRMED,STAGE_CURRENT_SQUAD,https://www.transfermarkt.de/1-fc-union-berlin/kader/verein/89/saison_id/2026/plus/1,09ae9c47f64c54ef97da615c30d6aa9ae9d953e1a3e18c00b87ea902f5a73e34,2026-09-12
GER1,1. FC Union Berlin,89,Marin Ljubicic,838236,2002-02-28,Mittelstürmer,27,2025-02-02,,"[""Rückkehr nach Leihe von: Fortuna Düsseldorf; Datum: 30.06.2026; Ablöse: Leih-Ende""]",https://www.transfermarkt.de/marin-ljubicic/profil/spieler/838236,CONFIRMED,STAGE_CURRENT_SQUAD,https://www.transfermarkt.de/1-fc-union-berlin/kader/verein/89/saison_id/2026/plus/1,09ae9c47f64c54ef97da615c30d6aa9ae9d953e1a3e18c00b87ea902f5a73e34,2026-09-12
GER1,1. FC Union Berlin,89,Tim Skarke,287920,1996-09-07,Mittelstürmer,21,2022-07-01,,[],https://www.transfermarkt.de/tim-skarke/profil/spieler/287920,CONFIRMED,REVIEW_REQUIRED,https://www.transfermarkt.de/1-fc-union-berlin/kader/verein/89/saison_id/2026/plus/1,09ae9c47f64c54ef97da615c30d6aa9ae9d953e1a3e18c00b87ea902f5a73e34,2026-09-12
GER1,1. FC Union Berlin,89,Mekhi Gray,1162925,2007-02-19,Mittelstürmer,32,2026-07-01,,"[""Interner Wechsel: 1.FC Union Berlin U19; Datum: 01.07.2026""]",https://www.transfermarkt.de/mekhi-gray/profil/spieler/1162925,CONFIRMED,REVIEW_REQUIRED,https://www.transfermarkt.de/1-fc-union-berlin/kader/verein/89/saison_id/2026/plus/1,09ae9c47f64c54ef97da615c30d6aa9ae9d953e1a3e18c00b87ea902f5a73e34,2026-09-12
GER1,Borussia Mönchengladbach,18,Moritz Nicolas,284270,1997-10-21,Torwart,1,2016-07-01,2029-06-30,[],https://www.transfermarkt.de/moritz-nicolas/profil/spieler/284270,CONFIRMED,STAGE_CURRENT_SQUAD,https://www.transfermarkt.de/borussia-monchengladbach/kader/verein/18/saison_id/2026/plus/1,93aeb3d082cba6ceafd5d994cd6c62a394304bd2c6b1a3d5db6e9a807ca2f1d1,2026-09-12
GER1,Borussia Mönchengladbach,18,Jan Olschowsky,455922,2001-11-18,Torwart,23,2020-07-13,2027-06-30,[],https://www.transfermarkt.de/jan-olschowsky/profil/spieler/455922,CONFIRMED,REVIEW_REQUIRED,https://www.transfermarkt.de/borussia-monchengladbach/kader/verein/18/saison_id/2026/plus/1,93aeb3d082cba6ceafd5d994cd6c62a394304bd2c6b1a3d5db6e9a807ca2f1d1,2026-09-12
GER1,Borussia Mönchengladbach,18,Daniel Batz,90317,1991-01-12,Torwart,33,2026-07-01,2029-06-30,"[""Neuzugang von: 1.FSV Mainz 05; Datum: 01.07.2026; Ablöse: ablösefrei""]",https://www.transfermarkt.de/daniel-batz/profil/spieler/90317,CONFIRMED,STAGE_CURRENT_SQUAD,https://www.transfermarkt.de/borussia-monchengladbach/kader/verein/18/saison_id/2026/plus/1,93aeb3d082cba6ceafd5d994cd6c62a394304bd2c6b1a3d5db6e9a807ca2f1d1,2026-09-12
GER1,Borussia Mönchengladbach,18,Tobias Sippel,31653,1988-03-22,Torwart,21,2015-07-01,2027-06-30,[],https://www.transfermarkt.de/tobias-sippel/profil/spieler/31653,CONFIRMED,REVIEW_REQUIRED,https://www.transfermarkt.de/borussia-monchengladbach/kader/verein/18/saison_id/2026/plus/1,93aeb3d082cba6ceafd5d994cd6c62a394304bd2c6b1a3d5db6e9a807ca2f1d1,2026-09-12
GER1,Borussia Mönchengladbach,18,Ko Itakura,355816,1997-01-27,Innenverteidiger,6,2026-08-20,2030-06-30,"[""Neuzugang von: Ajax Amsterdam; Datum: 20.08.2026; Ablöse: 3,50 Mio. €""]",https://www.transfermarkt.de/ko-itakura/profil/spieler/355816,CONFIRMED,STAGE_CURRENT_SQUAD,https://www.transfermarkt.de/borussia-monchengladbach/kader/verein/18/saison_id/2026/plus/1,93aeb3d082cba6ceafd5d994cd6c62a394304bd2c6b1a3d5db6e9a807ca2f1d1,2026-09-12
GER1,Borussia Mönchengladbach,18,Kevin Diks,335209,1996-10-06,Innenverteidiger,4,2025-07-01,2030-06-30,[],https://www.transfermarkt.de/kevin-diks/profil/spieler/335209,CONFIRMED,STAGE_CURRENT_SQUAD,https://www.transfermarkt.de/borussia-monchengladbach/kader/verein/18/saison_id/2026/plus/1,93aeb3d082cba6ceafd5d994cd6c62a394304bd2c6b1a3d5db6e9a807ca2f1d1,2026-09-12
GER1,Borussia Mönchengladbach,18,Fabio Chiarodia,724104,2005-06-05,Innenverteidiger,2,2023-07-01,2028-06-30,[],https://www.transfermarkt.de/fabio-chiarodia/profil/spieler/724104,CONFIRMED,STAGE_CURRENT_SQUAD,https://www.transfermarkt.de/borussia-monchengladbach/kader/verein/18/saison_id/2026/plus/1,93aeb3d082cba6ceafd5d994cd6c62a394304bd2c6b1a3d5db6e9a807ca2f1d1,2026-09-12
GER1,Borussia Mönchengladbach,18,Jan Leszczyński,1118874,2007-04-12,Innenverteidiger,5,2026-07-01,2030-06-30,"[""Neuzugang von: Legia Warschau; Datum: 01.07.2026; Ablöse: 3,00 Mio. €""]",https://www.transfermarkt.de/jan-leszczynski/profil/spieler/1118874,CONFIRMED,STAGE_CURRENT_SQUAD,https://www.transfermarkt.de/borussia-monchengladbach/kader/verein/18/saison_id/2026/plus/1,93aeb3d082cba6ceafd5d994cd6c62a394304bd2c6b1a3d5db6e9a807ca2f1d1,2026-09-12
GER1,Borussia Mönchengladbach,18,Lukas Ullrich,787151,2004-03-16,Linker Verteidiger,26,2023-07-01,2029-06-30,[],https://www.transfermarkt.de/lukas-ullrich/profil/spieler/787151,CONFIRMED,STAGE_CURRENT_SQUAD,https://www.transfermarkt.de/borussia-monchengladbach/kader/verein/18/saison_id/2026/plus/1,93aeb3d082cba6ceafd5d994cd6c62a394304bd2c6b1a3d5db6e9a807ca2f1d1,2026-09-12
GER1,Borussia Mönchengladbach,18,David Herold,604358,2003-02-20,Linker Verteidiger,20,2026-07-01,2030-06-30,"[""Neuzugang von: Karlsruher SC; Datum: 01.07.2026; Ablöse: 3,50 Mio. €""]",https://www.transfermarkt.de/david-herold/profil/spieler/604358,CONFIRMED,STAGE_CURRENT_SQUAD,https://www.transfermarkt.de/borussia-monchengladbach/kader/verein/18/saison_id/2026/plus/1,93aeb3d082cba6ceafd5d994cd6c62a394304bd2c6b1a3d5db6e9a807ca2f1d1,2026-09-12
GER1,Borussia Mönchengladbach,18,Joe Scally,504153,2002-12-31,Rechter Verteidiger,29,2021-01-01,2027-06-30,[],https://www.transfermarkt.de/joe-scally/profil/spieler/504153,CONFIRMED,STAGE_CURRENT_SQUAD,https://www.transfermarkt.de/borussia-monchengladbach/kader/verein/18/saison_id/2026/plus/1,93aeb3d082cba6ceafd5d994cd6c62a394304bd2c6b1a3d5db6e9a807ca2f1d1,2026-09-12
GER1,Borussia Mönchengladbach,18,Yukhym Konoplya,467250,1999-08-26,Rechter Verteidiger,22,2026-07-01,2029-06-30,"[""Neuzugang von: Shakhtar Donetsk; Datum: 01.07.2026; Ablöse: ablösefrei""]",https://www.transfermarkt.de/yukhym-konoplya/profil/spieler/467250,CONFIRMED,STAGE_CURRENT_SQUAD,https://www.transfermarkt.de/borussia-monchengladbach/kader/verein/18/saison_id/2026/plus/1,93aeb3d082cba6ceafd5d994cd6c62a394304bd2c6b1a3d5db6e9a807ca2f1d1,2026-09-12
GER1,Borussia Mönchengladbach,18,Daiki Hashioka,387191,1999-05-17,Rechter Verteidiger,14,2026-07-30,2027-06-30,[],https://www.transfermarkt.de/daiki-hashioka/profil/spieler/387191,CONFIRMED,REVIEW_REQUIRED,https://www.transfermarkt.de/borussia-monchengladbach/kader/verein/18/saison_id/2026/plus/1,93aeb3d082cba6ceafd5d994cd6c62a394304bd2c6b1a3d5db6e9a807ca2f1d1,2026-09-12
GER1,Borussia Mönchengladbach,18,Philipp Sander,388409,1998-02-21,Defensives Mittelfeld,16,2024-07-01,2028-06-30,[],https://www.transfermarkt.de/philipp-sander/profil/spieler/388409,CONFIRMED,STAGE_CURRENT_SQUAD,https://www.transfermarkt.de/borussia-monchengladbach/kader/verein/18/saison_id/2026/plus/1,93aeb3d082cba6ceafd5d994cd6c62a394304bd2c6b1a3d5db6e9a807ca2f1d1,2026-09-12
GER1,Borussia Mönchengladbach,18,Zento Uno,957526,2003-11-20,Defensives Mittelfeld,47,2026-07-01,2030-06-30,"[""Neuzugang von: Shimizu S-Pulse; Datum: 01.07.2026; Ablöse: 500 Tsd. €""]",https://www.transfermarkt.de/zento-uno/profil/spieler/957526,CONFIRMED,STAGE_CURRENT_SQUAD,https://www.transfermarkt.de/borussia-monchengladbach/kader/verein/18/saison_id/2026/plus/1,93aeb3d082cba6ceafd5d994cd6c62a394304bd2c6b1a3d5db6e9a807ca2f1d1,2026-09-12
GER1,Borussia Mönchengladbach,18,Jens Castrop,613192,2003-07-29,Zentrales Mittelfeld,17,2025-07-01,2029-06-30,[],https://www.transfermarkt.de/jens-castrop/profil/spieler/613192,CONFIRMED,STAGE_CURRENT_SQUAD,https://www.transfermarkt.de/borussia-monchengladbach/kader/verein/18/saison_id/2026/plus/1,93aeb3d082cba6ceafd5d994cd6c62a394304bd2c6b1a3d5db6e9a807ca2f1d1,2026-09-12
GER1,Borussia Mönchengladbach,18,Enzo Leopold,383362,2000-07-23,Zentrales Mittelfeld,8,2026-07-01,2030-06-30,"[""Neuzugang von: Hannover 96; Datum: 01.07.2026; Ablöse: ablösefrei""]",https://www.transfermarkt.de/enzo-leopold/profil/spieler/383362,CONFIRMED,STAGE_CURRENT_SQUAD,https://www.transfermarkt.de/borussia-monchengladbach/kader/verein/18/saison_id/2026/plus/1,93aeb3d082cba6ceafd5d994cd6c62a394304bd2c6b1a3d5db6e9a807ca2f1d1,2026-09-12
GER1,Borussia Mönchengladbach,18,Florian Neuhaus,278332,1997-03-16,Zentrales Mittelfeld,10,2017-07-01,2027-06-30,[],https://www.transfermarkt.de/florian-neuhaus/profil/spieler/278332,CONFIRMED,STAGE_CURRENT_SQUAD,https://www.transfermarkt.de/borussia-monchengladbach/kader/verein/18/saison_id/2026/plus/1,93aeb3d082cba6ceafd5d994cd6c62a394304bd2c6b1a3d5db6e9a807ca2f1d1,2026-09-12
GER1,Borussia Mönchengladbach,18,Mathieu Nguefack,1070980,2008-05-14,Zentrales Mittelfeld,34,2026-08-09,2029-06-30,"[""Interner Wechsel: Borussia Mönchengladbach II; Datum: 09.08.2026""]",https://www.transfermarkt.de/mathieu-nguefack/profil/spieler/1070980,CONFIRMED,STAGE_CURRENT_SQUAD,https://www.transfermarkt.de/borussia-monchengladbach/kader/verein/18/saison_id/2026/plus/1,93aeb3d082cba6ceafd5d994cd6c62a394304bd2c6b1a3d5db6e9a807ca2f1d1,2026-09-12
GER1,Borussia Mönchengladbach,18,Wael Mohya,1070979,2008-12-31,Offensives Mittelfeld,36,2025-07-06,,[],https://www.transfermarkt.de/wael-mohya/profil/spieler/1070979,CONFIRMED,REVIEW_REQUIRED,https://www.transfermarkt.de/borussia-monchengladbach/kader/verein/18/saison_id/2026/plus/1,93aeb3d082cba6ceafd5d994cd6c62a394304bd2c6b1a3d5db6e9a807ca2f1d1,2026-09-12
GER1,Borussia Mönchengladbach,18,Kevin Stöger,106872,1993-08-27,Offensives Mittelfeld,7,2024-07-01,2027-06-30,[],https://www.transfermarkt.de/kevin-stoger/profil/spieler/106872,CONFIRMED,STAGE_CURRENT_SQUAD,https://www.transfermarkt.de/borussia-monchengladbach/kader/verein/18/saison_id/2026/plus/1,93aeb3d082cba6ceafd5d994cd6c62a394304bd2c6b1a3d5db6e9a807ca2f1d1,2026-09-12
GER1,Borussia Mönchengladbach,18,Fritz Fleck,1067439,2007-05-30,Offensives Mittelfeld,27,2026-08-09,2028-06-30,"[""Interner Wechsel: Borussia Mönchengladbach II; Datum: 09.08.2026""]",https://www.transfermarkt.de/fritz-fleck/profil/spieler/1067439,CONFIRMED,STAGE_CURRENT_SQUAD,https://www.transfermarkt.de/borussia-monchengladbach/kader/verein/18/saison_id/2026/plus/1,93aeb3d082cba6ceafd5d994cd6c62a394304bd2c6b1a3d5db6e9a807ca2f1d1,2026-09-12
GER1,Borussia Mönchengladbach,18,Robin Hack,284010,1998-08-27,Linksaußen,25,2023-07-01,2029-06-30,[],https://www.transfermarkt.de/robin-hack/profil/spieler/284010,CONFIRMED,STAGE_CURRENT_SQUAD,https://www.transfermarkt.de/borussia-monchengladbach/kader/verein/18/saison_id/2026/plus/1,93aeb3d082cba6ceafd5d994cd6c62a394304bd2c6b1a3d5db6e9a807ca2f1d1,2026-09-12
GER1,Borussia Mönchengladbach,18,Hugo Bolin,667251,2003-07-24,Linksaußen,38,2026-07-01,2030-06-30,"[""Neuzugang von: Malmö FF; Datum: 01.07.2026; Ablöse: 2,00 Mio. €""]",https://www.transfermarkt.de/hugo-bolin/profil/spieler/667251,CONFIRMED,STAGE_CURRENT_SQUAD,https://www.transfermarkt.de/borussia-monchengladbach/kader/verein/18/saison_id/2026/plus/1,93aeb3d082cba6ceafd5d994cd6c62a394304bd2c6b1a3d5db6e9a807ca2f1d1,2026-09-12
GER1,Borussia Mönchengladbach,18,Nicolas Kühn,336012,2000-01-01,Rechtsaußen,19,2026-09-01,2027-06-30,[],https://www.transfermarkt.de/nicolas-kuhn/profil/spieler/336012,CONFIRMED,REVIEW_REQUIRED,https://www.transfermarkt.de/borussia-monchengladbach/kader/verein/18/saison_id/2026/plus/1,93aeb3d082cba6ceafd5d994cd6c62a394304bd2c6b1a3d5db6e9a807ca2f1d1,2026-09-12
GER1,Borussia Mönchengladbach,18,Franck Honorat,229006,1996-08-11,Rechtsaußen,9,2023-07-11,2029-06-30,[],https://www.transfermarkt.de/franck-honorat/profil/spieler/229006,CONFIRMED,STAGE_CURRENT_SQUAD,https://www.transfermarkt.de/borussia-monchengladbach/kader/verein/18/saison_id/2026/plus/1,93aeb3d082cba6ceafd5d994cd6c62a394304bd2c6b1a3d5db6e9a807ca2f1d1,2026-09-12
GER1,Borussia Mönchengladbach,18,Tim Kleindienst,193033,1995-08-31,Mittelstürmer,11,2024-07-01,2029-06-30,[],https://www.transfermarkt.de/tim-kleindienst/profil/spieler/193033,CONFIRMED,STAGE_CURRENT_SQUAD,https://www.transfermarkt.de/borussia-monchengladbach/kader/verein/18/saison_id/2026/plus/1,93aeb3d082cba6ceafd5d994cd6c62a394304bd2c6b1a3d5db6e9a807ca2f1d1,2026-09-12
GER1,Borussia Mönchengladbach,18,Isac Lidberg,322073,1998-09-08,Mittelstürmer,3,2026-07-01,2030-06-30,"[""Neuzugang von: SV Darmstadt 98; Datum: 01.07.2026; Ablöse: 3,50 Mio. €""]",https://www.transfermarkt.de/isac-lidberg/profil/spieler/322073,CONFIRMED,STAGE_CURRENT_SQUAD,https://www.transfermarkt.de/borussia-monchengladbach/kader/verein/18/saison_id/2026/plus/1,93aeb3d082cba6ceafd5d994cd6c62a394304bd2c6b1a3d5db6e9a807ca2f1d1,2026-09-12
GER1,Borussia Mönchengladbach,18,Shuto Machino,550580,1999-09-30,Mittelstürmer,18,2025-07-26,2029-06-30,[],https://www.transfermarkt.de/shuto-machino/profil/spieler/550580,CONFIRMED,STAGE_CURRENT_SQUAD,https://www.transfermarkt.de/borussia-monchengladbach/kader/verein/18/saison_id/2026/plus/1,93aeb3d082cba6ceafd5d994cd6c62a394304bd2c6b1a3d5db6e9a807ca2f1d1,2026-09-12
GER1,Borussia Mönchengladbach,18,Iaia Manco Danfa,1211929,2007-04-06,Mittelstürmer,39,2026-08-09,2028-06-30,"[""Interner Wechsel: Borussia Mönchengladbach II; Datum: 09.08.2026""]",https://www.transfermarkt.de/iaia-manco-danfa/profil/spieler/1211929,CONFIRMED,STAGE_CURRENT_SQUAD,https://www.transfermarkt.de/borussia-monchengladbach/kader/verein/18/saison_id/2026/plus/1,93aeb3d082cba6ceafd5d994cd6c62a394304bd2c6b1a3d5db6e9a807ca2f1d1,2026-09-12
GER1,Hamburger SV,41,Sander Tangvik,549378,2002-11-29,Torwart,12,2026-01-22,2030-06-30,[],https://www.transfermarkt.de/sander-tangvik/profil/spieler/549378,CONFIRMED,STAGE_CURRENT_SQUAD,https://www.transfermarkt.de/hamburger-sv/kader/verein/41/saison_id/2026/plus/1,b64691692e6ee125bc166e1e2f2766b5b1648b8f0d8bf0281ff1575f23bed386,2026-09-12
GER1,Hamburger SV,41,Daniel Heuer Fernandes,84993,1992-11-13,Torwart,1,2019-07-01,2028-06-30,[],https://www.transfermarkt.de/daniel-heuer-fernandes/profil/spieler/84993,CONFIRMED,STAGE_CURRENT_SQUAD,https://www.transfermarkt.de/hamburger-sv/kader/verein/41/saison_id/2026/plus/1,b64691692e6ee125bc166e1e2f2766b5b1648b8f0d8bf0281ff1575f23bed386,2026-09-12
GER1,Hamburger SV,41,Fernando Dickes,1048715,2007-10-13,Torwart,41,2025-07-01,2028-06-30,[],https://www.transfermarkt.de/fernando-dickes/profil/spieler/1048715,CONFIRMED,STAGE_CURRENT_SQUAD,https://www.transfermarkt.de/hamburger-sv/kader/verein/41/saison_id/2026/plus/1,b64691692e6ee125bc166e1e2f2766b5b1648b8f0d8bf0281ff1575f23bed386,2026-09-12
GER1,Hamburger SV,41,Elias Lahti,1303450,2009-01-09,Torwart,40,,2028-06-30,[],https://www.transfermarkt.de/elias-lahti/profil/spieler/1303450,CONFIRMED,REVIEW_REQUIRED,https://www.transfermarkt.de/hamburger-sv/kader/verein/41/saison_id/2026/plus/1,b64691692e6ee125bc166e1e2f2766b5b1648b8f0d8bf0281ff1575f23bed386,2026-09-12
GER1,Hamburger SV,41,Nicolás Capaldo,649672,1998-09-14,Innenverteidiger,24,2025-07-10,2028-06-30,[],https://www.transfermarkt.de/nicolas-capaldo/profil/spieler/649672,CONFIRMED,STAGE_CURRENT_SQUAD,https://www.transfermarkt.de/hamburger-sv/kader/verein/41/saison_id/2026/plus/1,b64691692e6ee125bc166e1e2f2766b5b1648b8f0d8bf0281ff1575f23bed386,2026-09-12
GER1,Hamburger SV,41,Sebastiaan Bornauw,338629,1999-03-22,Innenverteidiger,33,2026-08-19,2027-06-30,[],https://www.transfermarkt.de/sebastiaan-bornauw/profil/spieler/338629,CONFIRMED,REVIEW_REQUIRED,https://www.transfermarkt.de/hamburger-sv/kader/verein/41/saison_id/2026/plus/1,b64691692e6ee125bc166e1e2f2766b5b1648b8f0d8bf0281ff1575f23bed386,2026-09-12
GER1,Hamburger SV,41,Warmed Omari,711996,2000-04-23,Innenverteidiger,17,2026-02-02,2030-06-30,[],https://www.transfermarkt.de/warmed-omari/profil/spieler/711996,CONFIRMED,REVIEW_REQUIRED,https://www.transfermarkt.de/hamburger-sv/kader/verein/41/saison_id/2026/plus/1,b64691692e6ee125bc166e1e2f2766b5b1648b8f0d8bf0281ff1575f23bed386,2026-09-12
GER1,Hamburger SV,41,Jordan Torunarigha,227110,1997-08-07,Innenverteidiger,23,2025-07-01,2028-06-30,[],https://www.transfermarkt.de/jordan-torunarigha/profil/spieler/227110,CONFIRMED,STAGE_CURRENT_SQUAD,https://www.transfermarkt.de/hamburger-sv/kader/verein/41/saison_id/2026/plus/1,b64691692e6ee125bc166e1e2f2766b5b1648b8f0d8bf0281ff1575f23bed386,2026-09-12
GER1,Hamburger SV,41,Shafiq Nandja,1125079,2007-01-15,Innenverteidiger,43,2026-07-01,2030-06-30,"[""Interner Wechsel: Hamburger SV II; Datum: 01.07.2026""]",https://www.transfermarkt.de/shafiq-nandja/profil/spieler/1125079,CONFIRMED,STAGE_CURRENT_SQUAD,https://www.transfermarkt.de/hamburger-sv/kader/verein/41/saison_id/2026/plus/1,b64691692e6ee125bc166e1e2f2766b5b1648b8f0d8bf0281ff1575f23bed386,2026-09-12
GER1,Hamburger SV,41,David Møller Wolfe,661427,2002-04-23,Linker Verteidiger,3,2026-09-01,2027-06-30,[],https://www.transfermarkt.de/david-moller-wolfe/profil/spieler/661427,CONFIRMED,REVIEW_REQUIRED,https://www.transfermarkt.de/hamburger-sv/kader/verein/41/saison_id/2026/plus/1,b64691692e6ee125bc166e1e2f2766b5b1648b8f0d8bf0281ff1575f23bed386,2026-09-12
GER1,Hamburger SV,41,Miro Muheim,298603,1998-03-24,Linker Verteidiger,28,2022-07-01,2027-06-30,[],https://www.transfermarkt.de/miro-muheim/profil/spieler/298603,CONFIRMED,STAGE_CURRENT_SQUAD,https://www.transfermarkt.de/hamburger-sv/kader/verein/41/saison_id/2026/plus/1,b64691692e6ee125bc166e1e2f2766b5b1648b8f0d8bf0281ff1575f23bed386,2026-09-12
GER1,Hamburger SV,41,Louis Lemke,1294853,2009-10-08,Linker Verteidiger,37,,2028-06-30,[],https://www.transfermarkt.de/louis-lemke/profil/spieler/1294853,CONFIRMED,REVIEW_REQUIRED,https://www.transfermarkt.de/hamburger-sv/kader/verein/41/saison_id/2026/plus/1,b64691692e6ee125bc166e1e2f2766b5b1648b8f0d8bf0281ff1575f23bed386,2026-09-12
GER1,Hamburger SV,41,Zakaria El Ouahdi,820474,2001-12-31,Rechter Verteidiger,7,2026-09-01,2031-06-30,"[""Neuzugang von: KRC Genk; Datum: 01.09.2026; Ablöse: 8,00 Mio. €""]",https://www.transfermarkt.de/zakaria-el-ouahdi/profil/spieler/820474,CONFIRMED,STAGE_CURRENT_SQUAD,https://www.transfermarkt.de/hamburger-sv/kader/verein/41/saison_id/2026/plus/1,b64691692e6ee125bc166e1e2f2766b5b1648b8f0d8bf0281ff1575f23bed386,2026-09-12
GER1,Hamburger SV,41,Nicolai Remberg,592534,2000-06-19,Defensives Mittelfeld,21,2025-07-01,2028-06-30,[],https://www.transfermarkt.de/nicolai-remberg/profil/spieler/592534,CONFIRMED,STAGE_CURRENT_SQUAD,https://www.transfermarkt.de/hamburger-sv/kader/verein/41/saison_id/2026/plus/1,b64691692e6ee125bc166e1e2f2766b5b1648b8f0d8bf0281ff1575f23bed386,2026-09-12
GER1,Hamburger SV,41,Kofi Amoako,814950,2005-05-06,Defensives Mittelfeld,22,2026-07-01,2030-06-30,"[""Neuzugang von: SG Dynamo Dresden; Datum: 01.07.2026; Ablöse: 1,80 Mio. €""]",https://www.transfermarkt.de/kofi-amoako/profil/spieler/814950,CONFIRMED,STAGE_CURRENT_SQUAD,https://www.transfermarkt.de/hamburger-sv/kader/verein/41/saison_id/2026/plus/1,b64691692e6ee125bc166e1e2f2766b5b1648b8f0d8bf0281ff1575f23bed386,2026-09-12
GER1,Hamburger SV,41,Albert Sambi Lokonga,381967,1999-10-22,Zentrales Mittelfeld,6,2025-09-01,2028-06-30,[],https://www.transfermarkt.de/albert-sambi-lokonga/profil/spieler/381967,CONFIRMED,STAGE_CURRENT_SQUAD,https://www.transfermarkt.de/hamburger-sv/kader/verein/41/saison_id/2026/plus/1,b64691692e6ee125bc166e1e2f2766b5b1648b8f0d8bf0281ff1575f23bed386,2026-09-12
GER1,Hamburger SV,41,Bilal Nadir,659520,2003-11-28,Zentrales Mittelfeld,4,2026-07-24,2029-06-30,"[""Neuzugang von: Olympique Marseille; Datum: 24.07.2026; Ablöse: ablösefrei""]",https://www.transfermarkt.de/bilal-nadir/profil/spieler/659520,CONFIRMED,STAGE_CURRENT_SQUAD,https://www.transfermarkt.de/hamburger-sv/kader/verein/41/saison_id/2026/plus/1,b64691692e6ee125bc166e1e2f2766b5b1648b8f0d8bf0281ff1575f23bed386,2026-09-12
GER1,Hamburger SV,41,Bakery Jatta,415194,1998-06-06,Rechtes Mittelfeld,18,2016-07-01,2029-06-30,[],https://www.transfermarkt.de/bakery-jatta/profil/spieler/415194,CONFIRMED,STAGE_CURRENT_SQUAD,https://www.transfermarkt.de/hamburger-sv/kader/verein/41/saison_id/2026/plus/1,b64691692e6ee125bc166e1e2f2766b5b1648b8f0d8bf0281ff1575f23bed386,2026-09-12
GER1,Hamburger SV,41,Fábio Vieira,537598,2000-05-30,Offensives Mittelfeld,20,2026-09-01,2030-06-30,"[""Neuzugang von: FC Arsenal; Datum: 01.09.2026; Ablöse: 9,00 Mio. €""]",https://www.transfermarkt.de/fabio-vieira/profil/spieler/537598,CONFIRMED,REVIEW_REQUIRED,https://www.transfermarkt.de/hamburger-sv/kader/verein/41/saison_id/2026/plus/1,b64691692e6ee125bc166e1e2f2766b5b1648b8f0d8bf0281ff1575f23bed386,2026-09-12
GER1,Hamburger SV,41,Martin Adeline,814976,2003-12-02,Offensives Mittelfeld,5,2026-07-13,2030-06-30,"[""Neuzugang von: ESTAC Troyes; Datum: 13.07.2026; Ablöse: 4,00 Mio. €""]",https://www.transfermarkt.de/martin-adeline/profil/spieler/814976,CONFIRMED,STAGE_CURRENT_SQUAD,https://www.transfermarkt.de/hamburger-sv/kader/verein/41/saison_id/2026/plus/1,b64691692e6ee125bc166e1e2f2766b5b1648b8f0d8bf0281ff1575f23bed386,2026-09-12
GER1,Hamburger SV,41,Albert Grønbaek,503866,2001-05-23,Offensives Mittelfeld,11,2026-07-01,2030-06-30,"[""Neuzugang von: FC Stade Rennes; Datum: 01.07.2026; Ablöse: 4,70 Mio. €""]",https://www.transfermarkt.de/albert-gronbaek/profil/spieler/503866,CONFIRMED,REVIEW_REQUIRED,https://www.transfermarkt.de/hamburger-sv/kader/verein/41/saison_id/2026/plus/1,b64691692e6ee125bc166e1e2f2766b5b1648b8f0d8bf0281ff1575f23bed386,2026-09-12
GER1,Hamburger SV,41,Immanuel Pherai,412935,2001-04-25,Offensives Mittelfeld,10,2023-07-01,2027-06-30,"[""Rückkehr nach Leihe von: SV 07 Elversberg; Datum: 30.06.2026; Ablöse: Leih-Ende""]",https://www.transfermarkt.de/immanuel-pherai/profil/spieler/412935,CONFIRMED,STAGE_CURRENT_SQUAD,https://www.transfermarkt.de/hamburger-sv/kader/verein/41/saison_id/2026/plus/1,b64691692e6ee125bc166e1e2f2766b5b1648b8f0d8bf0281ff1575f23bed386,2026-09-12
GER1,Hamburger SV,41,Alexander Røssing-Lelesiit,1213681,2007-01-20,Linksaußen,38,2025-02-03,2030-06-30,[],https://www.transfermarkt.de/alexander-rossing-lelesiit/profil/spieler/1213681,CONFIRMED,STAGE_CURRENT_SQUAD,https://www.transfermarkt.de/hamburger-sv/kader/verein/41/saison_id/2026/plus/1,b64691692e6ee125bc166e1e2f2766b5b1648b8f0d8bf0281ff1575f23bed386,2026-09-12
GER1,Hamburger SV,41,Terem Moffi,538874,1999-05-25,Mittelstürmer,9,2026-08-24,2029-06-30,"[""Neuzugang von: OGC Nizza; Datum: 24.08.2026; Ablöse: 2,00 Mio. €""]",https://www.transfermarkt.de/terem-moffi/profil/spieler/538874,CONFIRMED,STAGE_CURRENT_SQUAD,https://www.transfermarkt.de/hamburger-sv/kader/verein/41/saison_id/2026/plus/1,b64691692e6ee125bc166e1e2f2766b5b1648b8f0d8bf0281ff1575f23bed386,2026-09-12
GER1,Hamburger SV,41,Otto Stange,1058520,2007-02-09,Mittelstürmer,19,2024-11-09,2028-06-30,[],https://www.transfermarkt.de/otto-stange/profil/spieler/1058520,CONFIRMED,REVIEW_REQUIRED,https://www.transfermarkt.de/hamburger-sv/kader/verein/41/saison_id/2026/plus/1,b64691692e6ee125bc166e1e2f2766b5b1648b8f0d8bf0281ff1575f23bed386,2026-09-12
GER1,Hamburger SV,41,Patson Daka,365172,1998-10-09,Mittelstürmer,27,2026-07-22,2027-06-30,"[""Neuzugang von: Leicester City; Datum: 22.07.2026; Ablöse: ablösefrei""]",https://www.transfermarkt.de/patson-daka/profil/spieler/365172,CONFIRMED,STAGE_CURRENT_SQUAD,https://www.transfermarkt.de/hamburger-sv/kader/verein/41/saison_id/2026/plus/1,b64691692e6ee125bc166e1e2f2766b5b1648b8f0d8bf0281ff1575f23bed386,2026-09-12
GER1,Hamburger SV,41,Yussuf Poulsen,157635,1994-06-15,Mittelstürmer,15,2025-07-13,2027-06-30,[],https://www.transfermarkt.de/yussuf-poulsen/profil/spieler/157635,CONFIRMED,STAGE_CURRENT_SQUAD,https://www.transfermarkt.de/hamburger-sv/kader/verein/41/saison_id/2026/plus/1,b64691692e6ee125bc166e1e2f2766b5b1648b8f0d8bf0281ff1575f23bed386,2026-09-12
GER1,1. FC Köln,3,Marvin Schwäbe,160929,1995-04-25,Torwart,1,2021-07-01,2027-06-30,[],https://www.transfermarkt.de/marvin-schwabe/profil/spieler/160929,CONFIRMED,STAGE_CURRENT_SQUAD,https://www.transfermarkt.de/1-fc-koln/kader/verein/3/saison_id/2026/plus/1,12a14d27346ee235b404e134f85a38d7a6bdd54c78b986e25f49d9688db94c53,2026-09-12
GER1,1. FC Köln,3,Ron-Robert Zieler,21327,1989-02-12,Torwart,20,2025-07-07,2027-06-30,[],https://www.transfermarkt.de/ron-robert-zieler/profil/spieler/21327,CONFIRMED,STAGE_CURRENT_SQUAD,https://www.transfermarkt.de/1-fc-koln/kader/verein/3/saison_id/2026/plus/1,12a14d27346ee235b404e134f85a38d7a6bdd54c78b986e25f49d9688db94c53,2026-09-12
GER1,1. FC Köln,3,Matthias Köbbing,227089,1997-05-28,Torwart,44,2022-01-01,2027-06-30,[],https://www.transfermarkt.de/matthias-kobbing/profil/spieler/227089,CONFIRMED,STAGE_CURRENT_SQUAD,https://www.transfermarkt.de/1-fc-koln/kader/verein/3/saison_id/2026/plus/1,12a14d27346ee235b404e134f85a38d7a6bdd54c78b986e25f49d9688db94c53,2026-09-12
GER1,1. FC Köln,3,Martin James,1077676,2008-02-14,Torwart,21,2026-07-24,2029-06-30,"[""Neuzugang von: Paris Saint-Germain Espoirs; Datum: 24.07.2026; Ablöse: ablösefrei""]",https://www.transfermarkt.de/martin-james/profil/spieler/1077676,CONFIRMED,STAGE_CURRENT_SQUAD,https://www.transfermarkt.de/1-fc-koln/kader/verein/3/saison_id/2026/plus/1,12a14d27346ee235b404e134f85a38d7a6bdd54c78b986e25f49d9688db94c53,2026-09-12
GER1,1. FC Köln,3,Jahmai Simpson-Pusey,942497,2005-11-04,Innenverteidiger,22,2026-07-01,2030-06-30,"[""Neuzugang von: Manchester City U21; Datum: 01.07.2026; Ablöse: 6,00 Mio. €""]",https://www.transfermarkt.de/jahmai-simpson-pusey/profil/spieler/942497,CONFIRMED,REVIEW_REQUIRED,https://www.transfermarkt.de/1-fc-koln/kader/verein/3/saison_id/2026/plus/1,12a14d27346ee235b404e134f85a38d7a6bdd54c78b986e25f49d9688db94c53,2026-09-12
GER1,1. FC Köln,3,Rav van den Berg,640556,2004-07-07,Innenverteidiger,33,2025-08-13,2030-06-30,[],https://www.transfermarkt.de/rav-van-den-berg/profil/spieler/640556,CONFIRMED,STAGE_CURRENT_SQUAD,https://www.transfermarkt.de/1-fc-koln/kader/verein/3/saison_id/2026/plus/1,12a14d27346ee235b404e134f85a38d7a6bdd54c78b986e25f49d9688db94c53,2026-09-12
GER1,1. FC Köln,3,Joël Schmied,322517,1998-09-23,Innenverteidiger,2,2025-01-13,2029-06-30,[],https://www.transfermarkt.de/joel-schmied/profil/spieler/322517,CONFIRMED,STAGE_CURRENT_SQUAD,https://www.transfermarkt.de/1-fc-koln/kader/verein/3/saison_id/2026/plus/1,12a14d27346ee235b404e134f85a38d7a6bdd54c78b986e25f49d9688db94c53,2026-09-12
GER1,1. FC Köln,3,Luka Lochoshvili,345189,1998-05-29,Innenverteidiger,24,2026-07-02,2029-06-30,"[""Neuzugang von: 1.FC Nürnberg; Datum: 02.07.2026; Ablöse: 4,90 Mio. €""]",https://www.transfermarkt.de/luka-lochoshvili/profil/spieler/345189,CONFIRMED,STAGE_CURRENT_SQUAD,https://www.transfermarkt.de/1-fc-koln/kader/verein/3/saison_id/2026/plus/1,12a14d27346ee235b404e134f85a38d7a6bdd54c78b986e25f49d9688db94c53,2026-09-12
GER1,1. FC Köln,3,Timo Hübers,236981,1996-07-20,Innenverteidiger,4,2021-07-01,2027-06-30,[],https://www.transfermarkt.de/timo-hubers/profil/spieler/236981,CONFIRMED,STAGE_CURRENT_SQUAD,https://www.transfermarkt.de/1-fc-koln/kader/verein/3/saison_id/2026/plus/1,12a14d27346ee235b404e134f85a38d7a6bdd54c78b986e25f49d9688db94c53,2026-09-12
GER1,1. FC Köln,3,Gideon Mensah,397171,1998-07-18,Linker Verteidiger,14,2026-07-11,2028-06-30,"[""Neuzugang von: AJ Auxerre; Datum: 11.07.2026; Ablöse: ablösefrei""]",https://www.transfermarkt.de/gideon-mensah/profil/spieler/397171,CONFIRMED,STAGE_CURRENT_SQUAD,https://www.transfermarkt.de/1-fc-koln/kader/verein/3/saison_id/2026/plus/1,12a14d27346ee235b404e134f85a38d7a6bdd54c78b986e25f49d9688db94c53,2026-09-12
GER1,1. FC Köln,3,Borna Sosa,293194,1998-01-21,Linker Verteidiger,3,2026-09-01,2027-06-30,[],https://www.transfermarkt.de/borna-sosa/profil/spieler/293194,CONFIRMED,REVIEW_REQUIRED,https://www.transfermarkt.de/1-fc-koln/kader/verein/3/saison_id/2026/plus/1,12a14d27346ee235b404e134f85a38d7a6bdd54c78b986e25f49d9688db94c53,2026-09-12
GER1,1. FC Köln,3,Sebastian Sebulonsen,592387,2000-01-27,Rechter Verteidiger,28,2025-07-18,2028-06-30,[],https://www.transfermarkt.de/sebastian-sebulonsen/profil/spieler/592387,CONFIRMED,STAGE_CURRENT_SQUAD,https://www.transfermarkt.de/1-fc-koln/kader/verein/3/saison_id/2026/plus/1,12a14d27346ee235b404e134f85a38d7a6bdd54c78b986e25f49d9688db94c53,2026-09-12
GER1,1. FC Köln,3,Alessio Castro-Montes,340166,1997-05-17,Rechter Verteidiger,17,2025-09-01,2028-06-30,[],https://www.transfermarkt.de/alessio-castro-montes/profil/spieler/340166,CONFIRMED,STAGE_CURRENT_SQUAD,https://www.transfermarkt.de/1-fc-koln/kader/verein/3/saison_id/2026/plus/1,12a14d27346ee235b404e134f85a38d7a6bdd54c78b986e25f49d9688db94c53,2026-09-12
GER1,1. FC Köln,3,Ellyes Skhiri,290587,1995-05-10,Defensives Mittelfeld,6,2026-08-21,2028-06-30,"[""Neuzugang von: Eintracht Frankfurt; Datum: 21.08.2026; Ablöse: 1,00 Mio. €""]",https://www.transfermarkt.de/ellyes-skhiri/profil/spieler/290587,CONFIRMED,STAGE_CURRENT_SQUAD,https://www.transfermarkt.de/1-fc-koln/kader/verein/3/saison_id/2026/plus/1,12a14d27346ee235b404e134f85a38d7a6bdd54c78b986e25f49d9688db94c53,2026-09-12
GER1,1. FC Köln,3,Tom Krauß,405687,2001-06-22,Defensives Mittelfeld,5,2026-07-01,2029-06-30,"[""Neuzugang von: 1.FSV Mainz 05; Datum: 01.07.2026; Ablöse: 3,50 Mio. €""]",https://www.transfermarkt.de/tom-krauss/profil/spieler/405687,CONFIRMED,REVIEW_REQUIRED,https://www.transfermarkt.de/1-fc-koln/kader/verein/3/saison_id/2026/plus/1,12a14d27346ee235b404e134f85a38d7a6bdd54c78b986e25f49d9688db94c53,2026-09-12
GER1,1. FC Köln,3,Paul Okon-Engstler,1064377,2005-01-24,Defensives Mittelfeld,23,2026-07-23,2030-06-30,"[""Neuzugang von: Sydney FC; Datum: 23.07.2026; Ablöse: 1,75 Mio. €""]",https://www.transfermarkt.de/paul-okon-engstler/profil/spieler/1064377,CONFIRMED,STAGE_CURRENT_SQUAD,https://www.transfermarkt.de/1-fc-koln/kader/verein/3/saison_id/2026/plus/1,12a14d27346ee235b404e134f85a38d7a6bdd54c78b986e25f49d9688db94c53,2026-09-12
GER1,1. FC Köln,3,Ísak Jóhannesson,579565,2003-03-23,Zentrales Mittelfeld,8,2025-07-01,2030-06-30,[],https://www.transfermarkt.de/isak-johannesson/profil/spieler/579565,CONFIRMED,STAGE_CURRENT_SQUAD,https://www.transfermarkt.de/1-fc-koln/kader/verein/3/saison_id/2026/plus/1,12a14d27346ee235b404e134f85a38d7a6bdd54c78b986e25f49d9688db94c53,2026-09-12
GER1,1. FC Köln,3,Gil Neves,1073474,2008-02-09,Zentrales Mittelfeld,31,2026-08-07,2029-06-30,"[""Neuzugang von: Benfica Lissabon U23; Datum: 07.08.2026; Ablöse: ?""]",https://www.transfermarkt.de/gil-neves/profil/spieler/1073474,CONFIRMED,STAGE_CURRENT_SQUAD,https://www.transfermarkt.de/1-fc-koln/kader/verein/3/saison_id/2026/plus/1,12a14d27346ee235b404e134f85a38d7a6bdd54c78b986e25f49d9688db94c53,2026-09-12
GER1,1. FC Köln,3,Said El Mala,1168219,2006-08-26,Linksaußen,10,2024-07-01,2031-06-30,[],https://www.transfermarkt.de/said-el-mala/profil/spieler/1168219,CONFIRMED,STAGE_CURRENT_SQUAD,https://www.transfermarkt.de/1-fc-koln/kader/verein/3/saison_id/2026/plus/1,12a14d27346ee235b404e134f85a38d7a6bdd54c78b986e25f49d9688db94c53,2026-09-12
GER1,1. FC Köln,3,Reigan Heskey,1056437,2008-01-19,Linksaußen,11,2026-07-17,2031-06-30,"[""Neuzugang von: Manchester City U21; Datum: 17.07.2026; Ablöse: 2,00 Mio. €""]",https://www.transfermarkt.de/reigan-heskey/profil/spieler/1056437,CONFIRMED,STAGE_CURRENT_SQUAD,https://www.transfermarkt.de/1-fc-koln/kader/verein/3/saison_id/2026/plus/1,12a14d27346ee235b404e134f85a38d7a6bdd54c78b986e25f49d9688db94c53,2026-09-12
GER1,1. FC Köln,3,Marius Bülter,116088,1993-03-29,Linksaußen,30,2025-07-31,2027-06-30,[],https://www.transfermarkt.de/marius-bulter/profil/spieler/116088,CONFIRMED,STAGE_CURRENT_SQUAD,https://www.transfermarkt.de/1-fc-koln/kader/verein/3/saison_id/2026/plus/1,12a14d27346ee235b404e134f85a38d7a6bdd54c78b986e25f49d9688db94c53,2026-09-12
GER1,1. FC Köln,3,Mikey Moore,1011147,2007-08-11,Rechtsaußen,47,2026-08-31,2027-06-30,[],https://www.transfermarkt.de/mikey-moore/profil/spieler/1011147,CONFIRMED,REVIEW_REQUIRED,https://www.transfermarkt.de/1-fc-koln/kader/verein/3/saison_id/2026/plus/1,12a14d27346ee235b404e134f85a38d7a6bdd54c78b986e25f49d9688db94c53,2026-09-12
GER1,1. FC Köln,3,Jan Thielmann,472249,2002-05-26,Rechtsaußen,29,2020-01-17,2028-06-30,[],https://www.transfermarkt.de/jan-thielmann/profil/spieler/472249,CONFIRMED,STAGE_CURRENT_SQUAD,https://www.transfermarkt.de/1-fc-koln/kader/verein/3/saison_id/2026/plus/1,12a14d27346ee235b404e134f85a38d7a6bdd54c78b986e25f49d9688db94c53,2026-09-12
GER1,1. FC Köln,3,Linton Maina,335103,1999-06-23,Rechtsaußen,37,2022-07-01,,[],https://www.transfermarkt.de/linton-maina/profil/spieler/335103,CONFIRMED,STAGE_CURRENT_SQUAD,https://www.transfermarkt.de/1-fc-koln/kader/verein/3/saison_id/2026/plus/1,12a14d27346ee235b404e134f85a38d7a6bdd54c78b986e25f49d9688db94c53,2026-09-12
GER1,1. FC Köln,3,Ragnar Ache,416380,1998-07-28,Mittelstürmer,9,2025-07-01,2029-06-30,[],https://www.transfermarkt.de/ragnar-ache/profil/spieler/416380,CONFIRMED,STAGE_CURRENT_SQUAD,https://www.transfermarkt.de/1-fc-koln/kader/verein/3/saison_id/2026/plus/1,12a14d27346ee235b404e134f85a38d7a6bdd54c78b986e25f49d9688db94c53,2026-09-12
GER1,1. FC Köln,3,Thijs Dallinga,538964,2000-08-03,Mittelstürmer,27,2026-08-17,2027-06-30,[],https://www.transfermarkt.de/thijs-dallinga/profil/spieler/538964,CONFIRMED,REVIEW_REQUIRED,https://www.transfermarkt.de/1-fc-koln/kader/verein/3/saison_id/2026/plus/1,12a14d27346ee235b404e134f85a38d7a6bdd54c78b986e25f49d9688db94c53,2026-09-12
GER1,1. FC Köln,3,Luca Waldschmidt,196095,1996-05-19,Mittelstürmer,7,2024-07-01,2027-06-30,[],https://www.transfermarkt.de/luca-waldschmidt/profil/spieler/196095,CONFIRMED,STAGE_CURRENT_SQUAD,https://www.transfermarkt.de/1-fc-koln/kader/verein/3/saison_id/2026/plus/1,12a14d27346ee235b404e134f85a38d7a6bdd54c78b986e25f49d9688db94c53,2026-09-12
GER1,1. FC Köln,3,Imad Rondic,464154,1999-02-16,Mittelstürmer,15,2025-02-03,2029-06-30,"[""Rückkehr nach Leihe von: Preußen Münster; Datum: 30.06.2026; Ablöse: Leih-Ende""]",https://www.transfermarkt.de/imad-rondic/profil/spieler/464154,CONFIRMED,REVIEW_REQUIRED,https://www.transfermarkt.de/1-fc-koln/kader/verein/3/saison_id/2026/plus/1,12a14d27346ee235b404e134f85a38d7a6bdd54c78b986e25f49d9688db94c53,2026-09-12
GER1,1. FC Köln,3,Malek El Mala,1168222,2005-04-02,Mittelstürmer,19,2024-07-01,2031-06-30,[],https://www.transfermarkt.de/malek-el-mala/profil/spieler/1168222,CONFIRMED,STAGE_CURRENT_SQUAD,https://www.transfermarkt.de/1-fc-koln/kader/verein/3/saison_id/2026/plus/1,12a14d27346ee235b404e134f85a38d7a6bdd54c78b986e25f49d9688db94c53,2026-09-12
GER1,SV Werder Bremen,86,Karl Hein,493513,2002-04-13,Torwart,1,2026-07-01,2030-06-30,"[""Neuzugang von: FC Arsenal; Datum: 01.07.2026; Ablöse: 3,00 Mio. €""]",https://www.transfermarkt.de/karl-hein/profil/spieler/493513,CONFIRMED,REVIEW_REQUIRED,https://www.transfermarkt.de/sv-werder-bremen/kader/verein/86/saison_id/2026/plus/1,0a7e36159d0c7ffd555ab7f3ffa226b0cf286e7a1a009e2dca794bd509bbd26e,2026-09-12
GER1,SV Werder Bremen,86,Alexander Schlager,186374,1996-02-01,Torwart,30,2026-07-10,2029-06-30,"[""Neuzugang von: FC Red Bull Salzburg; Datum: 10.07.2026; Ablöse: ablösefrei""]",https://www.transfermarkt.de/alexander-schlager/profil/spieler/186374,CONFIRMED,STAGE_CURRENT_SQUAD,https://www.transfermarkt.de/sv-werder-bremen/kader/verein/86/saison_id/2026/plus/1,0a7e36159d0c7ffd555ab7f3ffa226b0cf286e7a1a009e2dca794bd509bbd26e,2026-09-12
GER1,SV Werder Bremen,86,Markus Kolke,99451,1990-08-18,Torwart,25,2024-07-01,,[],https://www.transfermarkt.de/markus-kolke/profil/spieler/99451,CONFIRMED,STAGE_CURRENT_SQUAD,https://www.transfermarkt.de/sv-werder-bremen/kader/verein/86/saison_id/2026/plus/1,0a7e36159d0c7ffd555ab7f3ffa226b0cf286e7a1a009e2dca794bd509bbd26e,2026-09-12
GER1,SV Werder Bremen,86,Stefan Smarkalev,1025989,2007-05-14,Torwart,37,,2027-06-30,[],https://www.transfermarkt.de/stefan-smarkalev/profil/spieler/1025989,CONFIRMED,REVIEW_REQUIRED,https://www.transfermarkt.de/sv-werder-bremen/kader/verein/86/saison_id/2026/plus/1,0a7e36159d0c7ffd555ab7f3ffa226b0cf286e7a1a009e2dca794bd509bbd26e,2026-09-12
GER1,SV Werder Bremen,86,Marco Friedl,156990,1998-03-16,Innenverteidiger,32,2019-07-01,2028-06-30,[],https://www.transfermarkt.de/marco-friedl/profil/spieler/156990,CONFIRMED,STAGE_CURRENT_SQUAD,https://www.transfermarkt.de/sv-werder-bremen/kader/verein/86/saison_id/2026/plus/1,0a7e36159d0c7ffd555ab7f3ffa226b0cf286e7a1a009e2dca794bd509bbd26e,2026-09-12
GER1,SV Werder Bremen,86,Oskar Wójcik,821350,2003-07-21,Innenverteidiger,3,2026-07-09,2031-06-30,"[""Neuzugang von: Cracovia; Datum: 09.07.2026; Ablöse: 3,00 Mio. €""]",https://www.transfermarkt.de/oskar-wojcik/profil/spieler/821350,CONFIRMED,STAGE_CURRENT_SQUAD,https://www.transfermarkt.de/sv-werder-bremen/kader/verein/86/saison_id/2026/plus/1,0a7e36159d0c7ffd555ab7f3ffa226b0cf286e7a1a009e2dca794bd509bbd26e,2026-09-12
GER1,SV Werder Bremen,86,Amos Pieper,334221,1998-01-17,Innenverteidiger,5,2022-07-01,,[],https://www.transfermarkt.de/amos-pieper/profil/spieler/334221,CONFIRMED,STAGE_CURRENT_SQUAD,https://www.transfermarkt.de/sv-werder-bremen/kader/verein/86/saison_id/2026/plus/1,0a7e36159d0c7ffd555ab7f3ffa226b0cf286e7a1a009e2dca794bd509bbd26e,2026-09-12
GER1,SV Werder Bremen,86,Niklas Stark,162434,1995-04-14,Innenverteidiger,4,2022-07-01,,[],https://www.transfermarkt.de/niklas-stark/profil/spieler/162434,CONFIRMED,REVIEW_REQUIRED,https://www.transfermarkt.de/sv-werder-bremen/kader/verein/86/saison_id/2026/plus/1,0a7e36159d0c7ffd555ab7f3ffa226b0cf286e7a1a009e2dca794bd509bbd26e,2026-09-12
GER1,SV Werder Bremen,86,Mick Schmetgens,1045986,2007-09-09,Innenverteidiger,33,2025-12-10,2029-06-30,[],https://www.transfermarkt.de/mick-schmetgens/profil/spieler/1045986,CONFIRMED,STAGE_CURRENT_SQUAD,https://www.transfermarkt.de/sv-werder-bremen/kader/verein/86/saison_id/2026/plus/1,0a7e36159d0c7ffd555ab7f3ffa226b0cf286e7a1a009e2dca794bd509bbd26e,2026-09-12
GER1,SV Werder Bremen,86,Felix Agu,393512,1999-09-27,Linker Verteidiger,27,2020-07-01,2027-06-30,[],https://www.transfermarkt.de/felix-agu/profil/spieler/393512,CONFIRMED,STAGE_CURRENT_SQUAD,https://www.transfermarkt.de/sv-werder-bremen/kader/verein/86/saison_id/2026/plus/1,0a7e36159d0c7ffd555ab7f3ffa226b0cf286e7a1a009e2dca794bd509bbd26e,2026-09-12
GER1,SV Werder Bremen,86,Moussa Ndiaye,649022,2002-06-18,Linker Verteidiger,16,2026-09-01,2027-06-30,[],https://www.transfermarkt.de/moussa-ndiaye/profil/spieler/649022,CONFIRMED,REVIEW_REQUIRED,https://www.transfermarkt.de/sv-werder-bremen/kader/verein/86/saison_id/2026/plus/1,0a7e36159d0c7ffd555ab7f3ffa226b0cf286e7a1a009e2dca794bd509bbd26e,2026-09-12
GER1,SV Werder Bremen,86,Olivier Deman,621802,2000-04-06,Linker Verteidiger,2,2023-08-31,2028-06-30,[],https://www.transfermarkt.de/olivier-deman/profil/spieler/621802,CONFIRMED,STAGE_CURRENT_SQUAD,https://www.transfermarkt.de/sv-werder-bremen/kader/verein/86/saison_id/2026/plus/1,0a7e36159d0c7ffd555ab7f3ffa226b0cf286e7a1a009e2dca794bd509bbd26e,2026-09-12
GER1,SV Werder Bremen,86,Arthur,977464,2003-03-17,Rechter Verteidiger,13,2026-09-01,2027-06-30,[],https://www.transfermarkt.de/arthur/profil/spieler/977464,CONFIRMED,REVIEW_REQUIRED,https://www.transfermarkt.de/sv-werder-bremen/kader/verein/86/saison_id/2026/plus/1,0a7e36159d0c7ffd555ab7f3ffa226b0cf286e7a1a009e2dca794bd509bbd26e,2026-09-12
GER1,SV Werder Bremen,86,Mitchell Weiser,119211,1994-04-21,Rechter Verteidiger,8,2022-07-15,2027-06-30,[],https://www.transfermarkt.de/mitchell-weiser/profil/spieler/119211,CONFIRMED,STAGE_CURRENT_SQUAD,https://www.transfermarkt.de/sv-werder-bremen/kader/verein/86/saison_id/2026/plus/1,0a7e36159d0c7ffd555ab7f3ffa226b0cf286e7a1a009e2dca794bd509bbd26e,2026-09-12
GER1,SV Werder Bremen,86,Senne Lynen,338668,1999-02-19,Defensives Mittelfeld,14,2023-08-08,2030-06-30,[],https://www.transfermarkt.de/senne-lynen/profil/spieler/338668,CONFIRMED,STAGE_CURRENT_SQUAD,https://www.transfermarkt.de/sv-werder-bremen/kader/verein/86/saison_id/2026/plus/1,0a7e36159d0c7ffd555ab7f3ffa226b0cf286e7a1a009e2dca794bd509bbd26e,2026-09-12
GER1,SV Werder Bremen,86,Youri Regeer,559324,2003-08-18,Defensives Mittelfeld,44,2026-08-31,2027-06-30,[],https://www.transfermarkt.de/youri-regeer/profil/spieler/559324,CONFIRMED,REVIEW_REQUIRED,https://www.transfermarkt.de/sv-werder-bremen/kader/verein/86/saison_id/2026/plus/1,0a7e36159d0c7ffd555ab7f3ffa226b0cf286e7a1a009e2dca794bd509bbd26e,2026-09-12
GER1,SV Werder Bremen,86,Skelly Alvero,855134,2002-05-04,Defensives Mittelfeld,28,2024-07-01,2028-06-30,"[""Rückkehr nach Leihe von: Amiens SC; Datum: 30.06.2026; Ablöse: Leih-Ende""]",https://www.transfermarkt.de/skelly-alvero/profil/spieler/855134,CONFIRMED,STAGE_CURRENT_SQUAD,https://www.transfermarkt.de/sv-werder-bremen/kader/verein/86/saison_id/2026/plus/1,0a7e36159d0c7ffd555ab7f3ffa226b0cf286e7a1a009e2dca794bd509bbd26e,2026-09-12
GER1,SV Werder Bremen,86,Dariusz Stalmach,826795,2005-12-08,Defensives Mittelfeld,23,2026-07-01,,"[""Neuzugang von: 1.FC Magdeburg; Datum: 01.07.2026; Ablöse: 700 Tsd. €""]",https://www.transfermarkt.de/dariusz-stalmach/profil/spieler/826795,CONFIRMED,REVIEW_REQUIRED,https://www.transfermarkt.de/sv-werder-bremen/kader/verein/86/saison_id/2026/plus/1,0a7e36159d0c7ffd555ab7f3ffa226b0cf286e7a1a009e2dca794bd509bbd26e,2026-09-12
GER1,SV Werder Bremen,86,Jens Stage,289835,1996-11-08,Zentrales Mittelfeld,6,2022-07-01,2028-06-30,[],https://www.transfermarkt.de/jens-stage/profil/spieler/289835,CONFIRMED,STAGE_CURRENT_SQUAD,https://www.transfermarkt.de/sv-werder-bremen/kader/verein/86/saison_id/2026/plus/1,0a7e36159d0c7ffd555ab7f3ffa226b0cf286e7a1a009e2dca794bd509bbd26e,2026-09-12
GER1,SV Werder Bremen,86,Ludovit Reis,490884,2000-06-01,Zentrales Mittelfeld,15,2026-08-14,2029-06-30,"[""Neuzugang von: Club Brügge; Datum: 14.08.2026; Ablöse: ablösefrei""]",https://www.transfermarkt.de/ludovit-reis/profil/spieler/490884,CONFIRMED,STAGE_CURRENT_SQUAD,https://www.transfermarkt.de/sv-werder-bremen/kader/verein/86/saison_id/2026/plus/1,0a7e36159d0c7ffd555ab7f3ffa226b0cf286e7a1a009e2dca794bd509bbd26e,2026-09-12
GER1,SV Werder Bremen,86,Chuki,926763,2004-04-29,Offensives Mittelfeld,20,2026-07-01,2030-06-30,"[""Neuzugang von: Real Valladolid; Datum: 01.07.2026; Ablöse: ablösefrei""]",https://www.transfermarkt.de/chuki/profil/spieler/926763,CONFIRMED,STAGE_CURRENT_SQUAD,https://www.transfermarkt.de/sv-werder-bremen/kader/verein/86/saison_id/2026/plus/1,0a7e36159d0c7ffd555ab7f3ffa226b0cf286e7a1a009e2dca794bd509bbd26e,2026-09-12
GER1,SV Werder Bremen,86,Darwin Soylu,1071244,2007-03-23,Offensives Mittelfeld,34,2026-07-01,,"[""Neuzugang von: VfL Wolfsburg U19; Datum: 01.07.2026; Ablöse: ablösefrei""]",https://www.transfermarkt.de/darwin-soylu/profil/spieler/1071244,CONFIRMED,REVIEW_REQUIRED,https://www.transfermarkt.de/sv-werder-bremen/kader/verein/86/saison_id/2026/plus/1,0a7e36159d0c7ffd555ab7f3ffa226b0cf286e7a1a009e2dca794bd509bbd26e,2026-09-12
GER1,SV Werder Bremen,86,Marco Grüll,391766,1998-07-06,Linksaußen,17,2024-07-01,,[],https://www.transfermarkt.de/marco-grull/profil/spieler/391766,CONFIRMED,STAGE_CURRENT_SQUAD,https://www.transfermarkt.de/sv-werder-bremen/kader/verein/86/saison_id/2026/plus/1,0a7e36159d0c7ffd555ab7f3ffa226b0cf286e7a1a009e2dca794bd509bbd26e,2026-09-12
GER1,SV Werder Bremen,86,Eren Dinkçi,645774,2001-12-13,Rechtsaußen,18,2026-08-17,2027-06-30,[],https://www.transfermarkt.de/eren-dinkci/profil/spieler/645774,CONFIRMED,REVIEW_REQUIRED,https://www.transfermarkt.de/sv-werder-bremen/kader/verein/86/saison_id/2026/plus/1,0a7e36159d0c7ffd555ab7f3ffa226b0cf286e7a1a009e2dca794bd509bbd26e,2026-09-12
GER1,SV Werder Bremen,86,Justin Njinmah,596153,2000-11-15,Rechtsaußen,11,2022-01-05,2028-06-30,[],https://www.transfermarkt.de/justin-njinmah/profil/spieler/596153,CONFIRMED,STAGE_CURRENT_SQUAD,https://www.transfermarkt.de/sv-werder-bremen/kader/verein/86/saison_id/2026/plus/1,0a7e36159d0c7ffd555ab7f3ffa226b0cf286e7a1a009e2dca794bd509bbd26e,2026-09-12
GER1,SV Werder Bremen,86,Paul Erevbenagie,1080555,2007-08-19,Rechtsaußen,38,2026-07-04,,"[""Interner Wechsel: SV Werder Bremen II; Datum: 04.07.2026""]",https://www.transfermarkt.de/paul-erevbenagie/profil/spieler/1080555,CONFIRMED,REVIEW_REQUIRED,https://www.transfermarkt.de/sv-werder-bremen/kader/verein/86/saison_id/2026/plus/1,0a7e36159d0c7ffd555ab7f3ffa226b0cf286e7a1a009e2dca794bd509bbd26e,2026-09-12
GER1,SV Werder Bremen,86,Niclas Füllkrug,75489,1993-02-09,Mittelstürmer,10,2026-08-18,2027-06-30,[],https://www.transfermarkt.de/niclas-fullkrug/profil/spieler/75489,CONFIRMED,REVIEW_REQUIRED,https://www.transfermarkt.de/sv-werder-bremen/kader/verein/86/saison_id/2026/plus/1,0a7e36159d0c7ffd555ab7f3ffa226b0cf286e7a1a009e2dca794bd509bbd26e,2026-09-12
GER1,SV Werder Bremen,86,Keke Topp,701757,2004-03-25,Mittelstürmer,9,2024-07-01,2028-06-30,[],https://www.transfermarkt.de/keke-topp/profil/spieler/701757,CONFIRMED,STAGE_CURRENT_SQUAD,https://www.transfermarkt.de/sv-werder-bremen/kader/verein/86/saison_id/2026/plus/1,0a7e36159d0c7ffd555ab7f3ffa226b0cf286e7a1a009e2dca794bd509bbd26e,2026-09-12
GER1,SV Werder Bremen,86,Kenny Quetant,1178695,2006-07-17,Mittelstürmer,19,2026-07-01,2030-06-30,"[""Neuzugang von: Le Havre AC; Datum: 01.07.2026; Ablöse: ablösefrei""]",https://www.transfermarkt.de/kenny-quetant/profil/spieler/1178695,CONFIRMED,STAGE_CURRENT_SQUAD,https://www.transfermarkt.de/sv-werder-bremen/kader/verein/86/saison_id/2026/plus/1,0a7e36159d0c7ffd555ab7f3ffa226b0cf286e7a1a009e2dca794bd509bbd26e,2026-09-12
GER1,SV Werder Bremen,86,Salim Musah,1042472,2006-02-22,Mittelstürmer,29,2025-07-06,,[],https://www.transfermarkt.de/salim-musah/profil/spieler/1042472,CONFIRMED,REVIEW_REQUIRED,https://www.transfermarkt.de/sv-werder-bremen/kader/verein/86/saison_id/2026/plus/1,0a7e36159d0c7ffd555ab7f3ffa226b0cf286e7a1a009e2dca794bd509bbd26e,2026-09-12
GER1,SV Werder Bremen,86,Cedric Itten,243856,1996-12-27,Mittelstürmer,26,2026-07-01,2029-06-30,"[""Neuzugang von: Fortuna Düsseldorf; Datum: 01.07.2026; Ablöse: ablösefrei""]",https://www.transfermarkt.de/cedric-itten/profil/spieler/243856,CONFIRMED,STAGE_CURRENT_SQUAD,https://www.transfermarkt.de/sv-werder-bremen/kader/verein/86/saison_id/2026/plus/1,0a7e36159d0c7ffd555ab7f3ffa226b0cf286e7a1a009e2dca794bd509bbd26e,2026-09-12
GER1,SV Werder Bremen,86,Dawid Kownacki,208167,1997-03-14,Mittelstürmer,21,2023-07-01,2027-06-30,"[""Rückkehr nach Leihe von: Hertha BSC; Datum: 30.06.2026; Ablöse: Leih-Ende""]",https://www.transfermarkt.de/dawid-kownacki/profil/spieler/208167,CONFIRMED,REVIEW_REQUIRED,https://www.transfermarkt.de/sv-werder-bremen/kader/verein/86/saison_id/2026/plus/1,0a7e36159d0c7ffd555ab7f3ffa226b0cf286e7a1a009e2dca794bd509bbd26e,2026-09-12
GER1,FC Schalke 04,33,Loris Karius,85864,1993-06-22,Torwart,1,2025-01-14,2028-06-30,[],https://www.transfermarkt.de/loris-karius/profil/spieler/85864,CONFIRMED,STAGE_CURRENT_SQUAD,https://www.transfermarkt.de/fc-schalke-04/kader/verein/33/saison_id/2026/plus/1,a9ed4724b397b1d2e983c42cd58b22eee88dad2e22e96a26bd8a21ee813c34b7,2026-09-12
GER1,FC Schalke 04,33,Kevin Müller,43824,1991-03-15,Torwart,22,2026-07-08,,"[""Neuzugang von: 1.FC Heidenheim 1846; Datum: 08.07.2026; Ablöse: 50 Tsd. €""]",https://www.transfermarkt.de/kevin-muller/profil/spieler/43824,CONFIRMED,STAGE_CURRENT_SQUAD,https://www.transfermarkt.de/fc-schalke-04/kader/verein/33/saison_id/2026/plus/1,a9ed4724b397b1d2e983c42cd58b22eee88dad2e22e96a26bd8a21ee813c34b7,2026-09-12
GER1,FC Schalke 04,33,Johannes Siebeking,1047294,2006-03-02,Torwart,36,2025-07-01,2029-06-30,[],https://www.transfermarkt.de/johannes-siebeking/profil/spieler/1047294,CONFIRMED,STAGE_CURRENT_SQUAD,https://www.transfermarkt.de/fc-schalke-04/kader/verein/33/saison_id/2026/plus/1,a9ed4724b397b1d2e983c42cd58b22eee88dad2e22e96a26bd8a21ee813c34b7,2026-09-12
GER1,FC Schalke 04,33,Mertcan Ayhan,969376,2006-09-08,Innenverteidiger,43,2025-07-01,2030-06-30,[],https://www.transfermarkt.de/mertcan-ayhan/profil/spieler/969376,CONFIRMED,STAGE_CURRENT_SQUAD,https://www.transfermarkt.de/fc-schalke-04/kader/verein/33/saison_id/2026/plus/1,a9ed4724b397b1d2e983c42cd58b22eee88dad2e22e96a26bd8a21ee813c34b7,2026-09-12
GER1,FC Schalke 04,33,Maximilian Wöber,263361,1998-02-04,Innenverteidiger,39,2026-07-22,2027-06-30,"[""Neuzugang von: Leeds United; Datum: 22.07.2026; Ablöse: ablösefrei""]",https://www.transfermarkt.de/maximilian-wober/profil/spieler/263361,CONFIRMED,REVIEW_REQUIRED,https://www.transfermarkt.de/fc-schalke-04/kader/verein/33/saison_id/2026/plus/1,a9ed4724b397b1d2e983c42cd58b22eee88dad2e22e96a26bd8a21ee813c34b7,2026-09-12
GER1,FC Schalke 04,33,Hasan Kuruçay,292812,1997-08-31,Innenverteidiger,4,2025-07-29,2027-06-30,[],https://www.transfermarkt.de/hasan-kurucay/profil/spieler/292812,CONFIRMED,STAGE_CURRENT_SQUAD,https://www.transfermarkt.de/fc-schalke-04/kader/verein/33/saison_id/2026/plus/1,a9ed4724b397b1d2e983c42cd58b22eee88dad2e22e96a26bd8a21ee813c34b7,2026-09-12
GER1,FC Schalke 04,33,Nikola Katic,422051,1996-10-10,Innenverteidiger,25,2025-07-01,2028-06-30,[],https://www.transfermarkt.de/nikola-katic/profil/spieler/422051,CONFIRMED,STAGE_CURRENT_SQUAD,https://www.transfermarkt.de/fc-schalke-04/kader/verein/33/saison_id/2026/plus/1,a9ed4724b397b1d2e983c42cd58b22eee88dad2e22e96a26bd8a21ee813c34b7,2026-09-12
GER1,FC Schalke 04,33,Timo Becker,282349,1997-03-25,Innenverteidiger,5,2025-07-01,2029-06-30,[],https://www.transfermarkt.de/timo-becker/profil/spieler/282349,CONFIRMED,STAGE_CURRENT_SQUAD,https://www.transfermarkt.de/fc-schalke-04/kader/verein/33/saison_id/2026/plus/1,a9ed4724b397b1d2e983c42cd58b22eee88dad2e22e96a26bd8a21ee813c34b7,2026-09-12
GER1,FC Schalke 04,33,Robin Gosens,273132,1994-07-05,Linker Verteidiger,8,2026-07-17,2027-06-30,[],https://www.transfermarkt.de/robin-gosens/profil/spieler/273132,CONFIRMED,REVIEW_REQUIRED,https://www.transfermarkt.de/fc-schalke-04/kader/verein/33/saison_id/2026/plus/1,a9ed4724b397b1d2e983c42cd58b22eee88dad2e22e96a26bd8a21ee813c34b7,2026-09-12
GER1,FC Schalke 04,33,Vitalie Becker,919703,2005-03-03,Linker Verteidiger,33,2024-07-01,2030-06-30,[],https://www.transfermarkt.de/vitalie-becker/profil/spieler/919703,CONFIRMED,STAGE_CURRENT_SQUAD,https://www.transfermarkt.de/fc-schalke-04/kader/verein/33/saison_id/2026/plus/1,a9ed4724b397b1d2e983c42cd58b22eee88dad2e22e96a26bd8a21ee813c34b7,2026-09-12
GER1,FC Schalke 04,33,Adrian Gantenbein,410870,2001-04-18,Rechter Verteidiger,17,2024-07-01,2028-06-30,[],https://www.transfermarkt.de/adrian-gantenbein/profil/spieler/410870,CONFIRMED,STAGE_CURRENT_SQUAD,https://www.transfermarkt.de/fc-schalke-04/kader/verein/33/saison_id/2026/plus/1,a9ed4724b397b1d2e983c42cd58b22eee88dad2e22e96a26bd8a21ee813c34b7,2026-09-12
GER1,FC Schalke 04,33,Dejan Ljubicic,287188,1997-10-08,Defensives Mittelfeld,21,2026-01-27,2028-06-30,[],https://www.transfermarkt.de/dejan-ljubicic/profil/spieler/287188,CONFIRMED,REVIEW_REQUIRED,https://www.transfermarkt.de/fc-schalke-04/kader/verein/33/saison_id/2026/plus/1,a9ed4724b397b1d2e983c42cd58b22eee88dad2e22e96a26bd8a21ee813c34b7,2026-09-12
GER1,FC Schalke 04,33,Ron Schallenberg,332392,1998-10-06,Defensives Mittelfeld,6,2023-07-01,2027-06-30,[],https://www.transfermarkt.de/ron-schallenberg/profil/spieler/332392,CONFIRMED,STAGE_CURRENT_SQUAD,https://www.transfermarkt.de/fc-schalke-04/kader/verein/33/saison_id/2026/plus/1,a9ed4724b397b1d2e983c42cd58b22eee88dad2e22e96a26bd8a21ee813c34b7,2026-09-12
GER1,FC Schalke 04,33,Satoshi Tanaka,665618,2002-08-13,Defensives Mittelfeld,13,2026-07-01,2030-06-30,"[""Neuzugang von: Fortuna Düsseldorf; Datum: 01.07.2026; Ablöse: 1,00 Mio. €""]",https://www.transfermarkt.de/satoshi-tanaka/profil/spieler/665618,CONFIRMED,STAGE_CURRENT_SQUAD,https://www.transfermarkt.de/fc-schalke-04/kader/verein/33/saison_id/2026/plus/1,a9ed4724b397b1d2e983c42cd58b22eee88dad2e22e96a26bd8a21ee813c34b7,2026-09-12
GER1,FC Schalke 04,33,Luca Vozar,1162413,2007-05-06,Defensives Mittelfeld,38,2026-07-01,2028-06-30,"[""Interner Wechsel: FC Schalke 04 U19; Datum: 01.07.2026""]",https://www.transfermarkt.de/luca-vozar/profil/spieler/1162413,CONFIRMED,STAGE_CURRENT_SQUAD,https://www.transfermarkt.de/fc-schalke-04/kader/verein/33/saison_id/2026/plus/1,a9ed4724b397b1d2e983c42cd58b22eee88dad2e22e96a26bd8a21ee813c34b7,2026-09-12
GER1,FC Schalke 04,33,Soufiane El-Faouzi,697740,2002-07-13,Zentrales Mittelfeld,23,2025-07-01,2030-06-30,[],https://www.transfermarkt.de/soufiane-el-faouzi/profil/spieler/697740,CONFIRMED,STAGE_CURRENT_SQUAD,https://www.transfermarkt.de/fc-schalke-04/kader/verein/33/saison_id/2026/plus/1,a9ed4724b397b1d2e983c42cd58b22eee88dad2e22e96a26bd8a21ee813c34b7,2026-09-12
GER1,FC Schalke 04,33,Janik Bachmann,327862,1996-05-06,Zentrales Mittelfeld,14,2024-07-01,2027-06-30,[],https://www.transfermarkt.de/janik-bachmann/profil/spieler/327862,CONFIRMED,STAGE_CURRENT_SQUAD,https://www.transfermarkt.de/fc-schalke-04/kader/verein/33/saison_id/2026/plus/1,a9ed4724b397b1d2e983c42cd58b22eee88dad2e22e96a26bd8a21ee813c34b7,2026-09-12
GER1,FC Schalke 04,33,Junior Dina Ebimbe,536482,2000-11-21,Rechtes Mittelfeld,29,2026-08-07,2028-06-30,"[""Neuzugang von: Eintracht Frankfurt; Datum: 07.08.2026; Ablöse: 800 Tsd. €""]",https://www.transfermarkt.de/junior-dina-ebimbe/profil/spieler/536482,CONFIRMED,REVIEW_REQUIRED,https://www.transfermarkt.de/fc-schalke-04/kader/verein/33/saison_id/2026/plus/1,a9ed4724b397b1d2e983c42cd58b22eee88dad2e22e96a26bd8a21ee813c34b7,2026-09-12
GER1,FC Schalke 04,33,Finn Porath,241307,1997-02-23,Rechtes Mittelfeld,27,2025-08-21,2027-06-30,[],https://www.transfermarkt.de/finn-porath/profil/spieler/241307,CONFIRMED,STAGE_CURRENT_SQUAD,https://www.transfermarkt.de/fc-schalke-04/kader/verein/33/saison_id/2026/plus/1,a9ed4724b397b1d2e983c42cd58b22eee88dad2e22e96a26bd8a21ee813c34b7,2026-09-12
GER1,FC Schalke 04,33,Adil Aouchiche,569385,2002-07-15,Offensives Mittelfeld,24,2026-02-02,2030-06-30,[],https://www.transfermarkt.de/adil-aouchiche/profil/spieler/569385,CONFIRMED,REVIEW_REQUIRED,https://www.transfermarkt.de/fc-schalke-04/kader/verein/33/saison_id/2026/plus/1,a9ed4724b397b1d2e983c42cd58b22eee88dad2e22e96a26bd8a21ee813c34b7,2026-09-12
GER1,FC Schalke 04,33,Kenan Karaman,119557,1994-03-05,Offensives Mittelfeld,19,2022-09-01,2028-06-30,[],https://www.transfermarkt.de/kenan-karaman/profil/spieler/119557,CONFIRMED,STAGE_CURRENT_SQUAD,https://www.transfermarkt.de/fc-schalke-04/kader/verein/33/saison_id/2026/plus/1,a9ed4724b397b1d2e983c42cd58b22eee88dad2e22e96a26bd8a21ee813c34b7,2026-09-12
GER1,FC Schalke 04,33,Hee-chan Hwang,292246,1996-01-26,Mittelstürmer,7,2026-09-01,2027-06-30,[],https://www.transfermarkt.de/hee-chan-hwang/profil/spieler/292246,CONFIRMED,REVIEW_REQUIRED,https://www.transfermarkt.de/fc-schalke-04/kader/verein/33/saison_id/2026/plus/1,a9ed4724b397b1d2e983c42cd58b22eee88dad2e22e96a26bd8a21ee813c34b7,2026-09-12
GER1,FC Schalke 04,33,Moussa Sylla,460655,1999-11-25,Mittelstürmer,9,2024-07-02,2028-06-30,[],https://www.transfermarkt.de/moussa-sylla/profil/spieler/460655,CONFIRMED,STAGE_CURRENT_SQUAD,https://www.transfermarkt.de/fc-schalke-04/kader/verein/33/saison_id/2026/plus/1,a9ed4724b397b1d2e983c42cd58b22eee88dad2e22e96a26bd8a21ee813c34b7,2026-09-12
GER1,FC Schalke 04,33,Junior Adamu,452477,2001-06-06,Mittelstürmer,20,2026-07-01,2029-06-30,"[""Neuzugang von: SC Freiburg; Datum: 01.07.2026; Ablöse: 800 Tsd. €""]",https://www.transfermarkt.de/junior-adamu/profil/spieler/452477,CONFIRMED,STAGE_CURRENT_SQUAD,https://www.transfermarkt.de/fc-schalke-04/kader/verein/33/saison_id/2026/plus/1,a9ed4724b397b1d2e983c42cd58b22eee88dad2e22e96a26bd8a21ee813c34b7,2026-09-12
GER1,FC Schalke 04,33,Edin Dzeko,28396,1986-03-17,Mittelstürmer,10,2026-01-22,2027-06-30,[],https://www.transfermarkt.de/edin-dzeko/profil/spieler/28396,CONFIRMED,REVIEW_REQUIRED,https://www.transfermarkt.de/fc-schalke-04/kader/verein/33/saison_id/2026/plus/1,a9ed4724b397b1d2e983c42cd58b22eee88dad2e22e96a26bd8a21ee813c34b7,2026-09-12
GER1,FC Schalke 04,33,Bryan Lasme,477109,1998-11-14,Mittelstürmer,11,2023-07-01,2027-06-30,[],https://www.transfermarkt.de/bryan-lasme/profil/spieler/477109,CONFIRMED,STAGE_CURRENT_SQUAD,https://www.transfermarkt.de/fc-schalke-04/kader/verein/33/saison_id/2026/plus/1,a9ed4724b397b1d2e983c42cd58b22eee88dad2e22e96a26bd8a21ee813c34b7,2026-09-12
GER1,FC Schalke 04,33,Emil Højlund,802560,2005-01-04,Mittelstürmer,15,2024-07-16,2028-06-30,[],https://www.transfermarkt.de/emil-hojlund/profil/spieler/802560,CONFIRMED,STAGE_CURRENT_SQUAD,https://www.transfermarkt.de/fc-schalke-04/kader/verein/33/saison_id/2026/plus/1,a9ed4724b397b1d2e983c42cd58b22eee88dad2e22e96a26bd8a21ee813c34b7,2026-09-12
GER1,SV Elversberg,64,Nicolas Kristof,349465,1999-12-20,Torwart,20,2021-07-01,2029-06-30,[],https://www.transfermarkt.de/nicolas-kristof/profil/spieler/349465,CONFIRMED,STAGE_CURRENT_SQUAD,https://www.transfermarkt.de/sv-07-elversberg/kader/verein/64/saison_id/2026/plus/1,ac54bb8cfcfed8b072f1b208573d831ba987c384a94a38fe45024bff098be56e,2026-09-12
GER1,SV Elversberg,64,Tim Boss,85534,1993-06-28,Torwart,28,2023-07-01,2027-06-30,[],https://www.transfermarkt.de/tim-boss/profil/spieler/85534,CONFIRMED,STAGE_CURRENT_SQUAD,https://www.transfermarkt.de/sv-07-elversberg/kader/verein/64/saison_id/2026/plus/1,ac54bb8cfcfed8b072f1b208573d831ba987c384a94a38fe45024bff098be56e,2026-09-12
GER1,SV Elversberg,64,Frank Lehmann,44536,1989-04-29,Torwart,1,2017-07-01,2027-06-30,[],https://www.transfermarkt.de/frank-lehmann/profil/spieler/44536,CONFIRMED,STAGE_CURRENT_SQUAD,https://www.transfermarkt.de/sv-07-elversberg/kader/verein/64/saison_id/2026/plus/1,ac54bb8cfcfed8b072f1b208573d831ba987c384a94a38fe45024bff098be56e,2026-09-12
GER1,SV Elversberg,64,Elias Etringer,1159486,2007-11-24,Torwart,12,2026-07-01,2029-06-30,"[""Neuzugang von: SC Freiburg U19; Datum: 01.07.2026; Ablöse: ablösefrei""]",https://www.transfermarkt.de/elias-etringer/profil/spieler/1159486,CONFIRMED,STAGE_CURRENT_SQUAD,https://www.transfermarkt.de/sv-07-elversberg/kader/verein/64/saison_id/2026/plus/1,ac54bb8cfcfed8b072f1b208573d831ba987c384a94a38fe45024bff098be56e,2026-09-12
GER1,SV Elversberg,64,Lukas Pinckert,448259,2000-01-22,Innenverteidiger,19,2022-07-22,2028-06-30,[],https://www.transfermarkt.de/lukas-pinckert/profil/spieler/448259,CONFIRMED,STAGE_CURRENT_SQUAD,https://www.transfermarkt.de/sv-07-elversberg/kader/verein/64/saison_id/2026/plus/1,ac54bb8cfcfed8b072f1b208573d831ba987c384a94a38fe45024bff098be56e,2026-09-12
GER1,SV Elversberg,64,Luca Sirch,521928,1999-06-14,Innenverteidiger,26,2026-07-21,2029-06-30,"[""Neuzugang von: 1.FC Kaiserslautern; Datum: 21.07.2026; Ablöse: ablösefrei""]",https://www.transfermarkt.de/luca-sirch/profil/spieler/521928,CONFIRMED,STAGE_CURRENT_SQUAD,https://www.transfermarkt.de/sv-07-elversberg/kader/verein/64/saison_id/2026/plus/1,ac54bb8cfcfed8b072f1b208573d831ba987c384a94a38fe45024bff098be56e,2026-09-12
GER1,SV Elversberg,64,Maximilian Rohr,440386,1995-06-27,Innenverteidiger,31,2024-08-05,2028-06-30,[],https://www.transfermarkt.de/maximilian-rohr/profil/spieler/440386,CONFIRMED,STAGE_CURRENT_SQUAD,https://www.transfermarkt.de/sv-07-elversberg/kader/verein/64/saison_id/2026/plus/1,ac54bb8cfcfed8b072f1b208573d831ba987c384a94a38fe45024bff098be56e,2026-09-12
GER1,SV Elversberg,64,Florian Le Joncour,352332,1995-02-03,Innenverteidiger,3,2024-02-01,2027-06-30,[],https://www.transfermarkt.de/florian-le-joncour/profil/spieler/352332,CONFIRMED,STAGE_CURRENT_SQUAD,https://www.transfermarkt.de/sv-07-elversberg/kader/verein/64/saison_id/2026/plus/1,ac54bb8cfcfed8b072f1b208573d831ba987c384a94a38fe45024bff098be56e,2026-09-12
GER1,SV Elversberg,64,Luis Seifert,806007,2004-01-26,Innenverteidiger,4,2025-07-01,2028-06-30,[],https://www.transfermarkt.de/luis-seifert/profil/spieler/806007,CONFIRMED,STAGE_CURRENT_SQUAD,https://www.transfermarkt.de/sv-07-elversberg/kader/verein/64/saison_id/2026/plus/1,ac54bb8cfcfed8b072f1b208573d831ba987c384a94a38fe45024bff098be56e,2026-09-12
GER1,SV Elversberg,64,Lasse Günther,522245,2003-03-21,Linker Verteidiger,21,2025-07-01,2030-06-30,[],https://www.transfermarkt.de/lasse-gunther/profil/spieler/522245,CONFIRMED,STAGE_CURRENT_SQUAD,https://www.transfermarkt.de/sv-07-elversberg/kader/verein/64/saison_id/2026/plus/1,ac54bb8cfcfed8b072f1b208573d831ba987c384a94a38fe45024bff098be56e,2026-09-12
GER1,SV Elversberg,64,Nicholas Mickelson,430034,1999-07-24,Linker Verteidiger,2,2025-07-03,2027-06-30,[],https://www.transfermarkt.de/nicholas-mickelson/profil/spieler/430034,CONFIRMED,STAGE_CURRENT_SQUAD,https://www.transfermarkt.de/sv-07-elversberg/kader/verein/64/saison_id/2026/plus/1,ac54bb8cfcfed8b072f1b208573d831ba987c384a94a38fe45024bff098be56e,2026-09-12
GER1,SV Elversberg,64,Felix Keidel,815322,2003-06-14,Rechter Verteidiger,43,2025-07-01,2028-06-30,[],https://www.transfermarkt.de/felix-keidel/profil/spieler/815322,CONFIRMED,STAGE_CURRENT_SQUAD,https://www.transfermarkt.de/sv-07-elversberg/kader/verein/64/saison_id/2026/plus/1,ac54bb8cfcfed8b072f1b208573d831ba987c384a94a38fe45024bff098be56e,2026-09-12
GER1,SV Elversberg,64,Jan Gyamerah,192840,1995-06-18,Rechter Verteidiger,30,2025-07-04,2027-06-30,[],https://www.transfermarkt.de/jan-gyamerah/profil/spieler/192840,CONFIRMED,STAGE_CURRENT_SQUAD,https://www.transfermarkt.de/sv-07-elversberg/kader/verein/64/saison_id/2026/plus/1,ac54bb8cfcfed8b072f1b208573d831ba987c384a94a38fe45024bff098be56e,2026-09-12
GER1,SV Elversberg,64,Lukasz Poreba,532169,2000-03-13,Defensives Mittelfeld,8,2026-07-01,2029-06-30,"[""Neuzugang von: Hamburger SV; Datum: 01.07.2026; Ablöse: 1,60 Mio. €""]",https://www.transfermarkt.de/lukasz-poreba/profil/spieler/532169,CONFIRMED,REVIEW_REQUIRED,https://www.transfermarkt.de/sv-07-elversberg/kader/verein/64/saison_id/2026/plus/1,ac54bb8cfcfed8b072f1b208573d831ba987c384a94a38fe45024bff098be56e,2026-09-12
GER1,SV Elversberg,64,Amara Condé,207580,1997-01-06,Defensives Mittelfeld,6,2025-07-01,2028-06-30,[],https://www.transfermarkt.de/amara-conde/profil/spieler/207580,CONFIRMED,STAGE_CURRENT_SQUAD,https://www.transfermarkt.de/sv-07-elversberg/kader/verein/64/saison_id/2026/plus/1,ac54bb8cfcfed8b072f1b208573d831ba987c384a94a38fe45024bff098be56e,2026-09-12
GER1,SV Elversberg,64,Frederik Schmahl,604756,2002-12-21,Zentrales Mittelfeld,17,2024-07-01,2027-06-30,[],https://www.transfermarkt.de/frederik-schmahl/profil/spieler/604756,CONFIRMED,STAGE_CURRENT_SQUAD,https://www.transfermarkt.de/sv-07-elversberg/kader/verein/64/saison_id/2026/plus/1,ac54bb8cfcfed8b072f1b208573d831ba987c384a94a38fe45024bff098be56e,2026-09-12
GER1,SV Elversberg,64,Francis Onyeka,929943,2007-04-29,Offensives Mittelfeld,40,2026-07-01,2027-06-30,[],https://www.transfermarkt.de/francis-onyeka/profil/spieler/929943,CONFIRMED,REVIEW_REQUIRED,https://www.transfermarkt.de/sv-07-elversberg/kader/verein/64/saison_id/2026/plus/1,ac54bb8cfcfed8b072f1b208573d831ba987c384a94a38fe45024bff098be56e,2026-09-12
GER1,SV Elversberg,64,Noah Darvich,897480,2006-09-25,Offensives Mittelfeld,10,2026-07-01,2027-06-30,[],https://www.transfermarkt.de/noah-darvich/profil/spieler/897480,CONFIRMED,REVIEW_REQUIRED,https://www.transfermarkt.de/sv-07-elversberg/kader/verein/64/saison_id/2026/plus/1,ac54bb8cfcfed8b072f1b208573d831ba987c384a94a38fe45024bff098be56e,2026-09-12
GER1,SV Elversberg,64,Maurice Krattenmacher,829316,2005-08-11,Linksaußen,7,2026-07-01,2030-06-30,"[""Neuzugang von: FC Bayern München; Datum: 01.07.2026; Ablöse: 2,00 Mio. €""]",https://www.transfermarkt.de/maurice-krattenmacher/profil/spieler/829316,CONFIRMED,REVIEW_REQUIRED,https://www.transfermarkt.de/sv-07-elversberg/kader/verein/64/saison_id/2026/plus/1,ac54bb8cfcfed8b072f1b208573d831ba987c384a94a38fe45024bff098be56e,2026-09-12
GER1,SV Elversberg,64,Tom Zimmerschied,337097,1998-09-22,Linksaußen,29,2024-08-21,2029-06-30,[],https://www.transfermarkt.de/tom-zimmerschied/profil/spieler/337097,CONFIRMED,STAGE_CURRENT_SQUAD,https://www.transfermarkt.de/sv-07-elversberg/kader/verein/64/saison_id/2026/plus/1,ac54bb8cfcfed8b072f1b208573d831ba987c384a94a38fe45024bff098be56e,2026-09-12
GER1,SV Elversberg,64,Cole Campbell,866579,2006-02-20,Rechtsaußen,39,2026-07-09,2030-06-30,"[""Neuzugang von: Borussia Dortmund; Datum: 09.07.2026; Ablöse: 6,00 Mio. €""]",https://www.transfermarkt.de/cole-campbell/profil/spieler/866579,CONFIRMED,STAGE_CURRENT_SQUAD,https://www.transfermarkt.de/sv-07-elversberg/kader/verein/64/saison_id/2026/plus/1,ac54bb8cfcfed8b072f1b208573d831ba987c384a94a38fe45024bff098be56e,2026-09-12
GER1,SV Elversberg,64,Lukas Petkov,401639,2000-11-01,Rechtsaußen,25,2024-08-21,2027-06-30,[],https://www.transfermarkt.de/lukas-petkov/profil/spieler/401639,CONFIRMED,STAGE_CURRENT_SQUAD,https://www.transfermarkt.de/sv-07-elversberg/kader/verein/64/saison_id/2026/plus/1,ac54bb8cfcfed8b072f1b208573d831ba987c384a94a38fe45024bff098be56e,2026-09-12
GER1,SV Elversberg,64,Raif Adam,910538,2005-09-07,Rechtsaußen,15,2026-01-05,2029-06-30,[],https://www.transfermarkt.de/raif-adam/profil/spieler/910538,CONFIRMED,REVIEW_REQUIRED,https://www.transfermarkt.de/sv-07-elversberg/kader/verein/64/saison_id/2026/plus/1,ac54bb8cfcfed8b072f1b208573d831ba987c384a94a38fe45024bff098be56e,2026-09-12
GER1,SV Elversberg,64,Noel Futkeu,675535,2002-12-06,Mittelstürmer,9,2026-08-15,2027-06-30,[],https://www.transfermarkt.de/noel-futkeu/profil/spieler/675535,CONFIRMED,REVIEW_REQUIRED,https://www.transfermarkt.de/sv-07-elversberg/kader/verein/64/saison_id/2026/plus/1,ac54bb8cfcfed8b072f1b208573d831ba987c384a94a38fe45024bff098be56e,2026-09-12
GER1,SV Elversberg,64,David Mokwa,974894,2004-05-03,Mittelstürmer,42,2026-01-03,2029-06-30,[],https://www.transfermarkt.de/david-mokwa/profil/spieler/974894,CONFIRMED,REVIEW_REQUIRED,https://www.transfermarkt.de/sv-07-elversberg/kader/verein/64/saison_id/2026/plus/1,ac54bb8cfcfed8b072f1b208573d831ba987c384a94a38fe45024bff098be56e,2026-09-12
GER1,SV Elversberg,64,Luca Pfeiffer,232463,1996-08-20,Mittelstürmer,16,2025-07-01,2028-06-30,[],https://www.transfermarkt.de/luca-pfeiffer/profil/spieler/232463,CONFIRMED,STAGE_CURRENT_SQUAD,https://www.transfermarkt.de/sv-07-elversberg/kader/verein/64/saison_id/2026/plus/1,ac54bb8cfcfed8b072f1b208573d831ba987c384a94a38fe45024bff098be56e,2026-09-12
GER1,SV Elversberg,64,Luca Schnellbacher,229991,1994-05-06,Mittelstürmer,24,2020-07-27,2028-06-30,[],https://www.transfermarkt.de/luca-schnellbacher/profil/spieler/229991,CONFIRMED,STAGE_CURRENT_SQUAD,https://www.transfermarkt.de/sv-07-elversberg/kader/verein/64/saison_id/2026/plus/1,ac54bb8cfcfed8b072f1b208573d831ba987c384a94a38fe45024bff098be56e,2026-09-12
GER1,SC Paderborn 07,127,Nahuel Noll,600942,2003-03-17,Torwart,15,2026-07-01,2027-06-30,[],https://www.transfermarkt.de/nahuel-noll/profil/spieler/600942,CONFIRMED,REVIEW_REQUIRED,https://www.transfermarkt.de/sc-paderborn-07/kader/verein/127/saison_id/2026/plus/1,2bc1c2dc6af19cdfe4c15f929f45c9c1b3aeb6d1349fe49c0cbceca9a06d7cde,2026-09-12
GER1,SC Paderborn 07,127,Markus Schubert,296741,1998-06-12,Torwart,1,2024-07-01,2028-06-30,[],https://www.transfermarkt.de/markus-schubert/profil/spieler/296741,CONFIRMED,STAGE_CURRENT_SQUAD,https://www.transfermarkt.de/sc-paderborn-07/kader/verein/127/saison_id/2026/plus/1,2bc1c2dc6af19cdfe4c15f929f45c9c1b3aeb6d1349fe49c0cbceca9a06d7cde,2026-09-12
GER1,SC Paderborn 07,127,Florian Pruhs,930013,2006-02-06,Torwart,31,2023-07-01,,[],https://www.transfermarkt.de/florian-pruhs/profil/spieler/930013,CONFIRMED,STAGE_CURRENT_SQUAD,https://www.transfermarkt.de/sc-paderborn-07/kader/verein/127/saison_id/2026/plus/1,2bc1c2dc6af19cdfe4c15f929f45c9c1b3aeb6d1349fe49c0cbceca9a06d7cde,2026-09-12
GER1,SC Paderborn 07,127,Mattes Hansen,694132,2004-05-15,Innenverteidiger,22,2023-07-01,,[],https://www.transfermarkt.de/mattes-hansen/profil/spieler/694132,CONFIRMED,REVIEW_REQUIRED,https://www.transfermarkt.de/sc-paderborn-07/kader/verein/127/saison_id/2026/plus/1,2bc1c2dc6af19cdfe4c15f929f45c9c1b3aeb6d1349fe49c0cbceca9a06d7cde,2026-09-12
GER1,SC Paderborn 07,127,Tjark Scheller,509650,2002-01-12,Innenverteidiger,25,2024-07-01,,[],https://www.transfermarkt.de/tjark-scheller/profil/spieler/509650,CONFIRMED,REVIEW_REQUIRED,https://www.transfermarkt.de/sc-paderborn-07/kader/verein/127/saison_id/2026/plus/1,2bc1c2dc6af19cdfe4c15f929f45c9c1b3aeb6d1349fe49c0cbceca9a06d7cde,2026-09-12
GER1,SC Paderborn 07,127,Felix Götze,330635,1998-02-11,Innenverteidiger,20,2024-07-01,,[],https://www.transfermarkt.de/felix-gotze/profil/spieler/330635,CONFIRMED,STAGE_CURRENT_SQUAD,https://www.transfermarkt.de/sc-paderborn-07/kader/verein/127/saison_id/2026/plus/1,2bc1c2dc6af19cdfe4c15f929f45c9c1b3aeb6d1349fe49c0cbceca9a06d7cde,2026-09-12
GER1,SC Paderborn 07,127,Jano ter Horst,606113,2002-06-19,Innenverteidiger,21,2026-07-01,,"[""Neuzugang von: Preußen Münster; Datum: 01.07.2026; Ablöse: 200 Tsd. €""]",https://www.transfermarkt.de/jano-ter-horst/profil/spieler/606113,CONFIRMED,REVIEW_REQUIRED,https://www.transfermarkt.de/sc-paderborn-07/kader/verein/127/saison_id/2026/plus/1,2bc1c2dc6af19cdfe4c15f929f45c9c1b3aeb6d1349fe49c0cbceca9a06d7cde,2026-09-12
GER1,SC Paderborn 07,127,Marcel Hoffmeier,570152,1999-07-15,Innenverteidiger,33,2022-07-01,2028-06-30,[],https://www.transfermarkt.de/marcel-hoffmeier/profil/spieler/570152,CONFIRMED,STAGE_CURRENT_SQUAD,https://www.transfermarkt.de/sc-paderborn-07/kader/verein/127/saison_id/2026/plus/1,2bc1c2dc6af19cdfe4c15f929f45c9c1b3aeb6d1349fe49c0cbceca9a06d7cde,2026-09-12
GER1,SC Paderborn 07,127,Jonah Sticker,698843,2004-05-08,Innenverteidiger,3,2025-09-01,,[],https://www.transfermarkt.de/jonah-sticker/profil/spieler/698843,CONFIRMED,STAGE_CURRENT_SQUAD,https://www.transfermarkt.de/sc-paderborn-07/kader/verein/127/saison_id/2026/plus/1,2bc1c2dc6af19cdfe4c15f929f45c9c1b3aeb6d1349fe49c0cbceca9a06d7cde,2026-09-12
GER1,SC Paderborn 07,127,Nyamekye Awortwie-Grant,521331,2000-08-07,Innenverteidiger,4,2026-07-01,,"[""Neuzugang von: FC Energie Cottbus; Datum: 01.07.2026; Ablöse: ablösefrei""]",https://www.transfermarkt.de/nyamekye-awortwie-grant/profil/spieler/521331,CONFIRMED,STAGE_CURRENT_SQUAD,https://www.transfermarkt.de/sc-paderborn-07/kader/verein/127/saison_id/2026/plus/1,2bc1c2dc6af19cdfe4c15f929f45c9c1b3aeb6d1349fe49c0cbceca9a06d7cde,2026-09-12
GER1,SC Paderborn 07,127,Tristan Zobel,798091,2003-10-04,Innenverteidiger,-,2025-07-01,2028-06-30,"[""Rückkehr nach Leihe von: FC Erzgebirge Aue; Datum: 30.06.2026; Ablöse: Leih-Ende""]",https://www.transfermarkt.de/tristan-zobel/profil/spieler/798091,CONFIRMED,REVIEW_REQUIRED,https://www.transfermarkt.de/sc-paderborn-07/kader/verein/127/saison_id/2026/plus/1,2bc1c2dc6af19cdfe4c15f929f45c9c1b3aeb6d1349fe49c0cbceca9a06d7cde,2026-09-12
GER1,SC Paderborn 07,127,Ruben Müller,907085,2005-08-24,Rechter Verteidiger,2,2025-07-01,,[],https://www.transfermarkt.de/ruben-muller/profil/spieler/907085,CONFIRMED,STAGE_CURRENT_SQUAD,https://www.transfermarkt.de/sc-paderborn-07/kader/verein/127/saison_id/2026/plus/1,2bc1c2dc6af19cdfe4c15f929f45c9c1b3aeb6d1349fe49c0cbceca9a06d7cde,2026-09-12
GER1,SC Paderborn 07,127,Santiago Castañeda,1005509,2004-11-13,Defensives Mittelfeld,5,2024-07-01,,[],https://www.transfermarkt.de/santiago-castaneda/profil/spieler/1005509,CONFIRMED,STAGE_CURRENT_SQUAD,https://www.transfermarkt.de/sc-paderborn-07/kader/verein/127/saison_id/2026/plus/1,2bc1c2dc6af19cdfe4c15f929f45c9c1b3aeb6d1349fe49c0cbceca9a06d7cde,2026-09-12
GER1,SC Paderborn 07,127,Tom Baack,331637,1999-03-13,Defensives Mittelfeld,6,2026-07-01,,"[""Neuzugang von: 1.FC Nürnberg; Datum: 01.07.2026; Ablöse: ablösefrei""]",https://www.transfermarkt.de/tom-baack/profil/spieler/331637,CONFIRMED,STAGE_CURRENT_SQUAD,https://www.transfermarkt.de/sc-paderborn-07/kader/verein/127/saison_id/2026/plus/1,2bc1c2dc6af19cdfe4c15f929f45c9c1b3aeb6d1349fe49c0cbceca9a06d7cde,2026-09-12
GER1,SC Paderborn 07,127,Laurin Ulrich,717465,2005-01-31,Zentrales Mittelfeld,28,2026-08-16,2027-06-30,[],https://www.transfermarkt.de/laurin-ulrich/profil/spieler/717465,CONFIRMED,REVIEW_REQUIRED,https://www.transfermarkt.de/sc-paderborn-07/kader/verein/127/saison_id/2026/plus/1,2bc1c2dc6af19cdfe4c15f929f45c9c1b3aeb6d1349fe49c0cbceca9a06d7cde,2026-09-12
GER1,SC Paderborn 07,127,Sebastian Klaas,378424,1998-06-30,Zentrales Mittelfeld,26,2022-07-01,,[],https://www.transfermarkt.de/sebastian-klaas/profil/spieler/378424,CONFIRMED,REVIEW_REQUIRED,https://www.transfermarkt.de/sc-paderborn-07/kader/verein/127/saison_id/2026/plus/1,2bc1c2dc6af19cdfe4c15f929f45c9c1b3aeb6d1349fe49c0cbceca9a06d7cde,2026-09-12
GER1,SC Paderborn 07,127,Luka Duric,685484,2003-06-18,Zentrales Mittelfeld,8,2026-07-01,,"[""Neuzugang von: TSG 1899 Hoffenheim; Datum: 01.07.2026; Ablöse: 250 Tsd. €""]",https://www.transfermarkt.de/luka-duric/profil/spieler/685484,CONFIRMED,STAGE_CURRENT_SQUAD,https://www.transfermarkt.de/sc-paderborn-07/kader/verein/127/saison_id/2026/plus/1,2bc1c2dc6af19cdfe4c15f929f45c9c1b3aeb6d1349fe49c0cbceca9a06d7cde,2026-09-12
GER1,SC Paderborn 07,127,Timur Gayret,421323,1998-08-08,Zentrales Mittelfeld,44,2026-07-01,2029-06-30,"[""Neuzugang von: SC Verl; Datum: 01.07.2026; Ablöse: ablösefrei""]",https://www.transfermarkt.de/timur-gayret/profil/spieler/421323,CONFIRMED,STAGE_CURRENT_SQUAD,https://www.transfermarkt.de/sc-paderborn-07/kader/verein/127/saison_id/2026/plus/1,2bc1c2dc6af19cdfe4c15f929f45c9c1b3aeb6d1349fe49c0cbceca9a06d7cde,2026-09-12
GER1,SC Paderborn 07,127,Laurin Curda,516978,2001-10-30,Rechtes Mittelfeld,17,2023-07-01,,[],https://www.transfermarkt.de/laurin-curda/profil/spieler/516978,CONFIRMED,REVIEW_REQUIRED,https://www.transfermarkt.de/sc-paderborn-07/kader/verein/127/saison_id/2026/plus/1,2bc1c2dc6af19cdfe4c15f929f45c9c1b3aeb6d1349fe49c0cbceca9a06d7cde,2026-09-12
GER1,SC Paderborn 07,127,Clemens Lippmann,1148887,2006-06-29,Rechtes Mittelfeld,29,2026-07-01,,"[""Neuzugang von: TSV 1860 München; Datum: 01.07.2026; Ablöse: ablösefrei""]",https://www.transfermarkt.de/clemens-lippmann/profil/spieler/1148887,CONFIRMED,REVIEW_REQUIRED,https://www.transfermarkt.de/sc-paderborn-07/kader/verein/127/saison_id/2026/plus/1,2bc1c2dc6af19cdfe4c15f929f45c9c1b3aeb6d1349fe49c0cbceca9a06d7cde,2026-09-12
GER1,SC Paderborn 07,127,Raphael Obermair,330699,1996-04-01,Linkes Mittelfeld,23,2022-07-01,2027-06-30,[],https://www.transfermarkt.de/raphael-obermair/profil/spieler/330699,CONFIRMED,STAGE_CURRENT_SQUAD,https://www.transfermarkt.de/sc-paderborn-07/kader/verein/127/saison_id/2026/plus/1,2bc1c2dc6af19cdfe4c15f929f45c9c1b3aeb6d1349fe49c0cbceca9a06d7cde,2026-09-12
GER1,SC Paderborn 07,127,Niklas Mohr,949389,2004-07-23,Linkes Mittelfeld,24,2025-09-01,2028-06-30,[],https://www.transfermarkt.de/niklas-mohr/profil/spieler/949389,CONFIRMED,STAGE_CURRENT_SQUAD,https://www.transfermarkt.de/sc-paderborn-07/kader/verein/127/saison_id/2026/plus/1,2bc1c2dc6af19cdfe4c15f929f45c9c1b3aeb6d1349fe49c0cbceca9a06d7cde,2026-09-12
GER1,SC Paderborn 07,127,Deniz Zeitler,1108022,2006-12-13,Linksaußen,38,2026-08-10,2027-06-30,[],https://www.transfermarkt.de/deniz-zeitler/profil/spieler/1108022,CONFIRMED,REVIEW_REQUIRED,https://www.transfermarkt.de/sc-paderborn-07/kader/verein/127/saison_id/2026/plus/1,2bc1c2dc6af19cdfe4c15f929f45c9c1b3aeb6d1349fe49c0cbceca9a06d7cde,2026-09-12
GER1,SC Paderborn 07,127,Gabriel Vidovic,604327,2003-12-01,Linksaußen,40,2026-08-18,,"[""Neuzugang von: GNK Dinamo Zagreb; Datum: 18.08.2026; Ablöse: 3,00 Mio. €""]",https://www.transfermarkt.de/gabriel-vidovic/profil/spieler/604327,CONFIRMED,STAGE_CURRENT_SQUAD,https://www.transfermarkt.de/sc-paderborn-07/kader/verein/127/saison_id/2026/plus/1,2bc1c2dc6af19cdfe4c15f929f45c9c1b3aeb6d1349fe49c0cbceca9a06d7cde,2026-09-12
GER1,SC Paderborn 07,127,Oliver Batista Meier,406614,2001-02-16,Linksaußen,7,2026-07-01,,"[""Neuzugang von: Preußen Münster; Datum: 01.07.2026; Ablöse: 400 Tsd. €""]",https://www.transfermarkt.de/oliver-batista-meier/profil/spieler/406614,CONFIRMED,REVIEW_REQUIRED,https://www.transfermarkt.de/sc-paderborn-07/kader/verein/127/saison_id/2026/plus/1,2bc1c2dc6af19cdfe4c15f929f45c9c1b3aeb6d1349fe49c0cbceca9a06d7cde,2026-09-12
GER1,SC Paderborn 07,127,Albert Millgramm,814986,2004-11-12,Linksaußen,19,2026-07-01,,"[""Neuzugang von: 1.FC Magdeburg II; Datum: 01.07.2026; Ablöse: ablösefrei""]",https://www.transfermarkt.de/albert-millgramm/profil/spieler/814986,CONFIRMED,REVIEW_REQUIRED,https://www.transfermarkt.de/sc-paderborn-07/kader/verein/127/saison_id/2026/plus/1,2bc1c2dc6af19cdfe4c15f929f45c9c1b3aeb6d1349fe49c0cbceca9a06d7cde,2026-09-12
GER1,SC Paderborn 07,127,Rayan Philippe,694507,2000-10-23,Rechtsaußen,9,2026-09-01,2027-06-30,[],https://www.transfermarkt.de/rayan-philippe/profil/spieler/694507,CONFIRMED,REVIEW_REQUIRED,https://www.transfermarkt.de/sc-paderborn-07/kader/verein/127/saison_id/2026/plus/1,2bc1c2dc6af19cdfe4c15f929f45c9c1b3aeb6d1349fe49c0cbceca9a06d7cde,2026-09-12
GER1,SC Paderborn 07,127,Sven Michel,186988,1990-07-15,Rechtsaußen,11,2024-07-05,2027-06-30,[],https://www.transfermarkt.de/sven-michel/profil/spieler/186988,CONFIRMED,STAGE_CURRENT_SQUAD,https://www.transfermarkt.de/sc-paderborn-07/kader/verein/127/saison_id/2026/plus/1,2bc1c2dc6af19cdfe4c15f929f45c9c1b3aeb6d1349fe49c0cbceca9a06d7cde,2026-09-12
GER1,SC Paderborn 07,127,Marvin Pieringer,471055,1999-10-04,Mittelstürmer,18,2026-08-26,,"[""Neuzugang von: 1.FC Heidenheim 1846; Datum: 26.08.2026; Ablöse: 3,00 Mio. €""]",https://www.transfermarkt.de/marvin-pieringer/profil/spieler/471055,CONFIRMED,STAGE_CURRENT_SQUAD,https://www.transfermarkt.de/sc-paderborn-07/kader/verein/127/saison_id/2026/plus/1,2bc1c2dc6af19cdfe4c15f929f45c9c1b3aeb6d1349fe49c0cbceca9a06d7cde,2026-09-12
GER1,SC Paderborn 07,127,Stefano Marino,829267,2004-03-12,Mittelstürmer,30,2025-07-15,,[],https://www.transfermarkt.de/stefano-marino/profil/spieler/829267,CONFIRMED,STAGE_CURRENT_SQUAD,https://www.transfermarkt.de/sc-paderborn-07/kader/verein/127/saison_id/2026/plus/1,2bc1c2dc6af19cdfe4c15f929f45c9c1b3aeb6d1349fe49c0cbceca9a06d7cde,2026-09-12
GER1,SC Paderborn 07,127,Steffen Tigges,296879,1998-07-31,Mittelstürmer,27,2025-08-06,2027-06-30,[],https://www.transfermarkt.de/steffen-tigges/profil/spieler/296879,CONFIRMED,STAGE_CURRENT_SQUAD,https://www.transfermarkt.de/sc-paderborn-07/kader/verein/127/saison_id/2026/plus/1,2bc1c2dc6af19cdfe4c15f929f45c9c1b3aeb6d1349fe49c0cbceca9a06d7cde,2026-09-12
GER1,SC Paderborn 07,127,Lasse Eickel,1299403,2008-02-28,Mittelstürmer,32,2026-07-01,2031-06-30,"[""Interner Wechsel: SC Paderborn 07 II; Datum: 01.07.2026""]",https://www.transfermarkt.de/lasse-eickel/profil/spieler/1299403,CONFIRMED,STAGE_CURRENT_SQUAD,https://www.transfermarkt.de/sc-paderborn-07/kader/verein/127/saison_id/2026/plus/1,2bc1c2dc6af19cdfe4c15f929f45c9c1b3aeb6d1349fe49c0cbceca9a06d7cde,2026-09-12
GER2,VfL Wolfsburg,82,Timon Wellenreuther,196829,1995-12-03,Torwart,1,2026-07-16,2029-06-30,"[""Neuzugang von: Feyenoord Rotterdam; Datum: 16.07.2026; Ablöse: 1,00 Mio. €""]",https://www.transfermarkt.de/timon-wellenreuther/profil/spieler/196829,CONFIRMED,STAGE_CURRENT_SQUAD,https://www.transfermarkt.de/vfl-wolfsburg/kader/verein/82/saison_id/2026/plus/1,0d671e8b1f26fd27a90d4507455627094aa5ed12d9869e4c7dc8c2b2573eb1ef,2026-09-12
GER2,VfL Wolfsburg,82,Jakub Zieliński,1068257,2008-02-21,Torwart,30,2025-07-01,2028-06-30,[],https://www.transfermarkt.de/jakub-zielinski/profil/spieler/1068257,CONFIRMED,STAGE_CURRENT_SQUAD,https://www.transfermarkt.de/vfl-wolfsburg/kader/verein/82/saison_id/2026/plus/1,0d671e8b1f26fd27a90d4507455627094aa5ed12d9869e4c7dc8c2b2573eb1ef,2026-09-12
GER2,VfL Wolfsburg,82,Pavao Pervan,51977,1987-11-13,Torwart,12,2018-07-01,2027-06-30,[],https://www.transfermarkt.de/pavao-pervan/profil/spieler/51977,CONFIRMED,STAGE_CURRENT_SQUAD,https://www.transfermarkt.de/vfl-wolfsburg/kader/verein/82/saison_id/2026/plus/1,0d671e8b1f26fd27a90d4507455627094aa5ed12d9869e4c7dc8c2b2573eb1ef,2026-09-12
GER2,VfL Wolfsburg,82,Jonas Adjetey,734676,2003-12-13,Innenverteidiger,18,2026-02-02,2030-06-30,[],https://www.transfermarkt.de/jonas-adjetey/profil/spieler/734676,CONFIRMED,REVIEW_REQUIRED,https://www.transfermarkt.de/vfl-wolfsburg/kader/verein/82/saison_id/2026/plus/1,0d671e8b1f26fd27a90d4507455627094aa5ed12d9869e4c7dc8c2b2573eb1ef,2026-09-12
GER2,VfL Wolfsburg,82,Hauke Wahl,154147,1994-04-15,Innenverteidiger,6,2026-07-01,2029-06-30,"[""Neuzugang von: FC St. Pauli; Datum: 01.07.2026; Ablöse: 1,80 Mio. €""]",https://www.transfermarkt.de/hauke-wahl/profil/spieler/154147,CONFIRMED,STAGE_CURRENT_SQUAD,https://www.transfermarkt.de/vfl-wolfsburg/kader/verein/82/saison_id/2026/plus/1,0d671e8b1f26fd27a90d4507455627094aa5ed12d9869e4c7dc8c2b2573eb1ef,2026-09-12
GER2,VfL Wolfsburg,82,Mathys Angély,1075579,2007-04-21,Innenverteidiger,22,2024-08-13,2029-06-30,"[""Rückkehr nach Leihe von: RSC Anderlecht; Datum: 30.06.2026; Ablöse: Leih-Ende""]",https://www.transfermarkt.de/mathys-angely/profil/spieler/1075579,CONFIRMED,STAGE_CURRENT_SQUAD,https://www.transfermarkt.de/vfl-wolfsburg/kader/verein/82/saison_id/2026/plus/1,0d671e8b1f26fd27a90d4507455627094aa5ed12d9869e4c7dc8c2b2573eb1ef,2026-09-12
GER2,VfL Wolfsburg,82,Cleiton,943237,2003-04-25,Innenverteidiger,33,2026-01-01,2030-06-30,[],https://www.transfermarkt.de/cleiton/profil/spieler/943237,CONFIRMED,REVIEW_REQUIRED,https://www.transfermarkt.de/vfl-wolfsburg/kader/verein/82/saison_id/2026/plus/1,0d671e8b1f26fd27a90d4507455627094aa5ed12d9869e4c7dc8c2b2573eb1ef,2026-09-12
GER2,VfL Wolfsburg,82,Joakim Maehle,369674,1997-05-20,Linker Verteidiger,21,2023-08-12,2027-06-30,[],https://www.transfermarkt.de/joakim-maehle/profil/spieler/369674,CONFIRMED,STAGE_CURRENT_SQUAD,https://www.transfermarkt.de/vfl-wolfsburg/kader/verein/82/saison_id/2026/plus/1,0d671e8b1f26fd27a90d4507455627094aa5ed12d9869e4c7dc8c2b2573eb1ef,2026-09-12
GER2,VfL Wolfsburg,82,Aaron Zehnter,730484,2004-10-31,Linker Verteidiger,25,2025-07-01,2030-06-30,[],https://www.transfermarkt.de/aaron-zehnter/profil/spieler/730484,CONFIRMED,STAGE_CURRENT_SQUAD,https://www.transfermarkt.de/vfl-wolfsburg/kader/verein/82/saison_id/2026/plus/1,0d671e8b1f26fd27a90d4507455627094aa5ed12d9869e4c7dc8c2b2573eb1ef,2026-09-12
GER2,VfL Wolfsburg,82,Rogério,401527,1998-01-13,Linker Verteidiger,13,2023-08-05,2027-06-30,[],https://www.transfermarkt.de/rogerio/profil/spieler/401527,CONFIRMED,STAGE_CURRENT_SQUAD,https://www.transfermarkt.de/vfl-wolfsburg/kader/verein/82/saison_id/2026/plus/1,0d671e8b1f26fd27a90d4507455627094aa5ed12d9869e4c7dc8c2b2573eb1ef,2026-09-12
GER2,VfL Wolfsburg,82,Saël Kumbedi,951579,2005-03-26,Rechter Verteidiger,26,2026-01-01,2029-06-30,[],https://www.transfermarkt.de/sael-kumbedi/profil/spieler/951579,CONFIRMED,REVIEW_REQUIRED,https://www.transfermarkt.de/vfl-wolfsburg/kader/verein/82/saison_id/2026/plus/1,0d671e8b1f26fd27a90d4507455627094aa5ed12d9869e4c7dc8c2b2573eb1ef,2026-09-12
GER2,VfL Wolfsburg,82,Kilian Fischer,435796,2000-10-12,Rechter Verteidiger,2,2022-07-01,2027-06-30,[],https://www.transfermarkt.de/kilian-fischer/profil/spieler/435796,CONFIRMED,STAGE_CURRENT_SQUAD,https://www.transfermarkt.de/vfl-wolfsburg/kader/verein/82/saison_id/2026/plus/1,0d671e8b1f26fd27a90d4507455627094aa5ed12d9869e4c7dc8c2b2573eb1ef,2026-09-12
GER2,VfL Wolfsburg,82,Vini Souza,663581,1999-06-17,Defensives Mittelfeld,5,2025-07-05,2030-06-30,[],https://www.transfermarkt.de/vini-souza/profil/spieler/663581,CONFIRMED,STAGE_CURRENT_SQUAD,https://www.transfermarkt.de/vfl-wolfsburg/kader/verein/82/saison_id/2026/plus/1,0d671e8b1f26fd27a90d4507455627094aa5ed12d9869e4c7dc8c2b2573eb1ef,2026-09-12
GER2,VfL Wolfsburg,82,Mattias Svanberg,342405,1999-01-05,Zentrales Mittelfeld,32,2022-07-16,2027-06-30,[],https://www.transfermarkt.de/mattias-svanberg/profil/spieler/342405,CONFIRMED,STAGE_CURRENT_SQUAD,https://www.transfermarkt.de/vfl-wolfsburg/kader/verein/82/saison_id/2026/plus/1,0d671e8b1f26fd27a90d4507455627094aa5ed12d9869e4c7dc8c2b2573eb1ef,2026-09-12
GER2,VfL Wolfsburg,82,Aster Vranckx,503881,2002-10-04,Zentrales Mittelfeld,36,2021-07-01,2029-06-30,"[""Rückkehr nach Leihe von: US Sassuolo; Datum: 30.06.2026; Ablöse: Leih-Ende""]",https://www.transfermarkt.de/aster-vranckx/profil/spieler/503881,CONFIRMED,REVIEW_REQUIRED,https://www.transfermarkt.de/vfl-wolfsburg/kader/verein/82/saison_id/2026/plus/1,0d671e8b1f26fd27a90d4507455627094aa5ed12d9869e4c7dc8c2b2573eb1ef,2026-09-12
GER2,VfL Wolfsburg,82,Elvis Rexhbecaj,280575,1997-11-01,Zentrales Mittelfeld,37,2026-07-01,2030-06-30,"[""Neuzugang von: FC Augsburg; Datum: 01.07.2026; Ablöse: ablösefrei""]",https://www.transfermarkt.de/elvis-rexhbecaj/profil/spieler/280575,CONFIRMED,STAGE_CURRENT_SQUAD,https://www.transfermarkt.de/vfl-wolfsburg/kader/verein/82/saison_id/2026/plus/1,0d671e8b1f26fd27a90d4507455627094aa5ed12d9869e4c7dc8c2b2573eb1ef,2026-09-12
GER2,VfL Wolfsburg,82,Pharell Hensel,1150105,2007-06-08,Zentrales Mittelfeld,14,2026-01-15,2029-06-30,[],https://www.transfermarkt.de/pharell-hensel/profil/spieler/1150105,CONFIRMED,STAGE_CURRENT_SQUAD,https://www.transfermarkt.de/vfl-wolfsburg/kader/verein/82/saison_id/2026/plus/1,0d671e8b1f26fd27a90d4507455627094aa5ed12d9869e4c7dc8c2b2573eb1ef,2026-09-12
GER2,VfL Wolfsburg,82,Maximilian Arnold,117674,1994-05-27,Zentrales Mittelfeld,27,2012-01-01,2028-06-30,[],https://www.transfermarkt.de/maximilian-arnold/profil/spieler/117674,CONFIRMED,STAGE_CURRENT_SQUAD,https://www.transfermarkt.de/vfl-wolfsburg/kader/verein/82/saison_id/2026/plus/1,0d671e8b1f26fd27a90d4507455627094aa5ed12d9869e4c7dc8c2b2573eb1ef,2026-09-12
GER2,VfL Wolfsburg,82,Yannick Gerhardt,119277,1994-03-13,Zentrales Mittelfeld,31,2016-07-01,,[],https://www.transfermarkt.de/yannick-gerhardt/profil/spieler/119277,CONFIRMED,REVIEW_REQUIRED,https://www.transfermarkt.de/vfl-wolfsburg/kader/verein/82/saison_id/2026/plus/1,0d671e8b1f26fd27a90d4507455627094aa5ed12d9869e4c7dc8c2b2573eb1ef,2026-09-12
GER2,VfL Wolfsburg,82,Bence Dárdai,789252,2006-01-24,Offensives Mittelfeld,8,2024-07-01,2029-06-30,[],https://www.transfermarkt.de/bence-dardai/profil/spieler/789252,CONFIRMED,STAGE_CURRENT_SQUAD,https://www.transfermarkt.de/vfl-wolfsburg/kader/verein/82/saison_id/2026/plus/1,0d671e8b1f26fd27a90d4507455627094aa5ed12d9869e4c7dc8c2b2573eb1ef,2026-09-12
GER2,VfL Wolfsburg,82,Muhammed Damar,789898,2004-04-09,Offensives Mittelfeld,20,2026-07-23,2031-06-30,"[""Neuzugang von: TSG 1899 Hoffenheim; Datum: 23.07.2026; Ablöse: 5,50 Mio. €""]",https://www.transfermarkt.de/muhammed-damar/profil/spieler/789898,CONFIRMED,STAGE_CURRENT_SQUAD,https://www.transfermarkt.de/vfl-wolfsburg/kader/verein/82/saison_id/2026/plus/1,0d671e8b1f26fd27a90d4507455627094aa5ed12d9869e4c7dc8c2b2573eb1ef,2026-09-12
GER2,VfL Wolfsburg,82,Christian Eriksen,69633,1992-02-14,Offensives Mittelfeld,24,2025-09-10,2027-06-30,[],https://www.transfermarkt.de/christian-eriksen/profil/spieler/69633,CONFIRMED,STAGE_CURRENT_SQUAD,https://www.transfermarkt.de/vfl-wolfsburg/kader/verein/82/saison_id/2026/plus/1,0d671e8b1f26fd27a90d4507455627094aa5ed12d9869e4c7dc8c2b2573eb1ef,2026-09-12
GER2,VfL Wolfsburg,82,Fabian Reese,227102,1997-11-29,Linksaußen,11,2026-07-01,2030-06-30,"[""Neuzugang von: Hertha BSC; Datum: 01.07.2026; Ablöse: 8,00 Mio. €""]",https://www.transfermarkt.de/fabian-reese/profil/spieler/227102,CONFIRMED,STAGE_CURRENT_SQUAD,https://www.transfermarkt.de/vfl-wolfsburg/kader/verein/82/saison_id/2026/plus/1,0d671e8b1f26fd27a90d4507455627094aa5ed12d9869e4c7dc8c2b2573eb1ef,2026-09-12
GER2,VfL Wolfsburg,82,Alessio Besio,659278,2004-03-18,Linksaußen,23,2026-07-01,2030-06-30,"[""Neuzugang von: SC Freiburg II; Datum: 01.07.2026; Ablöse: 700 Tsd. €""]",https://www.transfermarkt.de/alessio-besio/profil/spieler/659278,CONFIRMED,REVIEW_REQUIRED,https://www.transfermarkt.de/vfl-wolfsburg/kader/verein/82/saison_id/2026/plus/1,0d671e8b1f26fd27a90d4507455627094aa5ed12d9869e4c7dc8c2b2573eb1ef,2026-09-12
GER2,VfL Wolfsburg,82,Bruno Katz,1139729,2008-05-14,Linksaußen,42,2026-07-01,2029-06-30,"[""Interner Wechsel: VfL Wolfsburg U19; Datum: 01.07.2026""]",https://www.transfermarkt.de/bruno-katz/profil/spieler/1139729,CONFIRMED,STAGE_CURRENT_SQUAD,https://www.transfermarkt.de/vfl-wolfsburg/kader/verein/82/saison_id/2026/plus/1,0d671e8b1f26fd27a90d4507455627094aa5ed12d9869e4c7dc8c2b2573eb1ef,2026-09-12
GER2,VfL Wolfsburg,82,Trevor Benedict,1029413,2007-04-04,Linksaußen,43,2026-07-01,,"[""Interner Wechsel: VfL Wolfsburg U19; Datum: 01.07.2026""]",https://www.transfermarkt.de/trevor-benedict/profil/spieler/1029413,CONFIRMED,REVIEW_REQUIRED,https://www.transfermarkt.de/vfl-wolfsburg/kader/verein/82/saison_id/2026/plus/1,0d671e8b1f26fd27a90d4507455627094aa5ed12d9869e4c7dc8c2b2573eb1ef,2026-09-12
GER2,VfL Wolfsburg,82,Alexander Bernhardsson,633454,1998-09-08,Rechtsaußen,17,2026-08-18,2029-06-30,"[""Neuzugang von: Holstein Kiel; Datum: 18.08.2026; Ablöse: 5,00 Mio. €""]",https://www.transfermarkt.de/alexander-bernhardsson/profil/spieler/633454,CONFIRMED,REVIEW_REQUIRED,https://www.transfermarkt.de/vfl-wolfsburg/kader/verein/82/saison_id/2026/plus/1,0d671e8b1f26fd27a90d4507455627094aa5ed12d9869e4c7dc8c2b2573eb1ef,2026-09-12
GER2,VfL Wolfsburg,82,Kento Shiogai,1144627,2005-03-26,Mittelstürmer,7,2026-01-20,2030-06-30,[],https://www.transfermarkt.de/kento-shiogai/profil/spieler/1144627,CONFIRMED,REVIEW_REQUIRED,https://www.transfermarkt.de/vfl-wolfsburg/kader/verein/82/saison_id/2026/plus/1,0d671e8b1f26fd27a90d4507455627094aa5ed12d9869e4c7dc8c2b2573eb1ef,2026-09-12
GER2,VfL Wolfsburg,82,Fraser Hornby,388160,1999-09-13,Mittelstürmer,10,2026-07-01,2030-06-30,"[""Neuzugang von: SV Darmstadt 98; Datum: 01.07.2026; Ablöse: 4,00 Mio. €""]",https://www.transfermarkt.de/fraser-hornby/profil/spieler/388160,CONFIRMED,STAGE_CURRENT_SQUAD,https://www.transfermarkt.de/vfl-wolfsburg/kader/verein/82/saison_id/2026/plus/1,0d671e8b1f26fd27a90d4507455627094aa5ed12d9869e4c7dc8c2b2573eb1ef,2026-09-12
GER2,VfL Wolfsburg,82,Robert Glatzel,196139,1994-01-08,Mittelstürmer,19,2026-07-01,2028-06-30,"[""Neuzugang von: Hamburger SV; Datum: 01.07.2026; Ablöse: 1,70 Mio. €""]",https://www.transfermarkt.de/robert-glatzel/profil/spieler/196139,CONFIRMED,STAGE_CURRENT_SQUAD,https://www.transfermarkt.de/vfl-wolfsburg/kader/verein/82/saison_id/2026/plus/1,0d671e8b1f26fd27a90d4507455627094aa5ed12d9869e4c7dc8c2b2573eb1ef,2026-09-12
GER2,1. FC Heidenheim 1846,2036,Frank Feller,806948,2004-01-07,Torwart,1,2023-07-01,2029-06-30,[],https://www.transfermarkt.de/frank-feller/profil/spieler/806948,CONFIRMED,STAGE_CURRENT_SQUAD,https://www.transfermarkt.de/1-fc-heidenheim-1846/kader/verein/2036/saison_id/2026/plus/1,36e24e4c10d034372cc86f2815daf3eafd1f3551697053d3716bf14e8bbbab12,2026-09-12
GER2,1. FC Heidenheim 1846,2036,Thomas Dähne,115979,1994-01-04,Torwart,33,2026-07-15,2028-06-30,"[""Neuzugang von: TSV 1860 München; Datum: 15.07.2026; Ablöse: ablösefrei""]",https://www.transfermarkt.de/thomas-dahne/profil/spieler/115979,CONFIRMED,STAGE_CURRENT_SQUAD,https://www.transfermarkt.de/1-fc-heidenheim-1846/kader/verein/2036/saison_id/2026/plus/1,36e24e4c10d034372cc86f2815daf3eafd1f3551697053d3716bf14e8bbbab12,2026-09-12
GER2,1. FC Heidenheim 1846,2036,Paul Tschernuth,519035,2002-01-20,Torwart,34,2021-07-01,2027-06-30,[],https://www.transfermarkt.de/paul-tschernuth/profil/spieler/519035,CONFIRMED,STAGE_CURRENT_SQUAD,https://www.transfermarkt.de/1-fc-heidenheim-1846/kader/verein/2036/saison_id/2026/plus/1,36e24e4c10d034372cc86f2815daf3eafd1f3551697053d3716bf14e8bbbab12,2026-09-12
GER2,1. FC Heidenheim 1846,2036,Felix Mark,1153621,2008-02-03,Torwart,40,2026-07-01,2029-06-30,"[""Interner Wechsel: 1.FC Heidenheim 1846 U19; Datum: 01.07.2026""]",https://www.transfermarkt.de/felix-mark/profil/spieler/1153621,CONFIRMED,STAGE_CURRENT_SQUAD,https://www.transfermarkt.de/1-fc-heidenheim-1846/kader/verein/2036/saison_id/2026/plus/1,36e24e4c10d034372cc86f2815daf3eafd1f3551697053d3716bf14e8bbbab12,2026-09-12
GER2,1. FC Heidenheim 1846,2036,Patrick Mainka,133731,1994-11-06,Innenverteidiger,6,2018-07-01,2029-06-30,[],https://www.transfermarkt.de/patrick-mainka/profil/spieler/133731,CONFIRMED,STAGE_CURRENT_SQUAD,https://www.transfermarkt.de/1-fc-heidenheim-1846/kader/verein/2036/saison_id/2026/plus/1,36e24e4c10d034372cc86f2815daf3eafd1f3551697053d3716bf14e8bbbab12,2026-09-12
GER2,1. FC Heidenheim 1846,2036,Tim Siersleben,337092,2000-03-09,Innenverteidiger,4,2023-07-01,2028-06-30,[],https://www.transfermarkt.de/tim-siersleben/profil/spieler/337092,CONFIRMED,STAGE_CURRENT_SQUAD,https://www.transfermarkt.de/1-fc-heidenheim-1846/kader/verein/2036/saison_id/2026/plus/1,36e24e4c10d034372cc86f2815daf3eafd1f3551697053d3716bf14e8bbbab12,2026-09-12
GER2,1. FC Heidenheim 1846,2036,Adam Kölle,921431,2006-04-28,Innenverteidiger,28,2025-07-01,2029-06-30,[],https://www.transfermarkt.de/adam-kolle/profil/spieler/921431,CONFIRMED,STAGE_CURRENT_SQUAD,https://www.transfermarkt.de/1-fc-heidenheim-1846/kader/verein/2036/saison_id/2026/plus/1,36e24e4c10d034372cc86f2815daf3eafd1f3551697053d3716bf14e8bbbab12,2026-09-12
GER2,1. FC Heidenheim 1846,2036,Michael Heule,521442,2001-04-27,Linker Verteidiger,27,2026-08-24,2030-06-30,"[""Neuzugang von: FC Thun; Datum: 24.08.2026; Ablöse: 2,75 Mio. €""]",https://www.transfermarkt.de/michael-heule/profil/spieler/521442,CONFIRMED,STAGE_CURRENT_SQUAD,https://www.transfermarkt.de/1-fc-heidenheim-1846/kader/verein/2036/saison_id/2026/plus/1,36e24e4c10d034372cc86f2815daf3eafd1f3551697053d3716bf14e8bbbab12,2026-09-12
GER2,1. FC Heidenheim 1846,2036,Jonas Föhrenbach,192169,1996-01-26,Linker Verteidiger,19,2019-07-01,2027-06-30,[],https://www.transfermarkt.de/jonas-fohrenbach/profil/spieler/192169,CONFIRMED,STAGE_CURRENT_SQUAD,https://www.transfermarkt.de/1-fc-heidenheim-1846/kader/verein/2036/saison_id/2026/plus/1,36e24e4c10d034372cc86f2815daf3eafd1f3551697053d3716bf14e8bbbab12,2026-09-12
GER2,1. FC Heidenheim 1846,2036,Leart Paçarada,107219,1994-10-08,Linker Verteidiger,23,2025-08-28,2027-06-30,[],https://www.transfermarkt.de/leart-pacarada/profil/spieler/107219,CONFIRMED,STAGE_CURRENT_SQUAD,https://www.transfermarkt.de/1-fc-heidenheim-1846/kader/verein/2036/saison_id/2026/plus/1,36e24e4c10d034372cc86f2815daf3eafd1f3551697053d3716bf14e8bbbab12,2026-09-12
GER2,1. FC Heidenheim 1846,2036,Marnon Busch,117478,1994-12-08,Rechter Verteidiger,2,2017-07-01,2027-06-30,[],https://www.transfermarkt.de/marnon-busch/profil/spieler/117478,CONFIRMED,STAGE_CURRENT_SQUAD,https://www.transfermarkt.de/1-fc-heidenheim-1846/kader/verein/2036/saison_id/2026/plus/1,36e24e4c10d034372cc86f2815daf3eafd1f3551697053d3716bf14e8bbbab12,2026-09-12
GER2,1. FC Heidenheim 1846,2036,Oualid Mhamdi,673273,2003-05-20,Rechter Verteidiger,22,2026-07-01,2030-06-30,"[""Neuzugang von: SC Verl; Datum: 01.07.2026; Ablöse: ablösefrei""]",https://www.transfermarkt.de/oualid-mhamdi/profil/spieler/673273,CONFIRMED,STAGE_CURRENT_SQUAD,https://www.transfermarkt.de/1-fc-heidenheim-1846/kader/verein/2036/saison_id/2026/plus/1,36e24e4c10d034372cc86f2815daf3eafd1f3551697053d3716bf14e8bbbab12,2026-09-12
GER2,1. FC Heidenheim 1846,2036,Julian Niehues,530173,2001-04-17,Defensives Mittelfeld,16,2024-07-01,2027-06-30,[],https://www.transfermarkt.de/julian-niehues/profil/spieler/530173,CONFIRMED,STAGE_CURRENT_SQUAD,https://www.transfermarkt.de/1-fc-heidenheim-1846/kader/verein/2036/saison_id/2026/plus/1,36e24e4c10d034372cc86f2815daf3eafd1f3551697053d3716bf14e8bbbab12,2026-09-12
GER2,1. FC Heidenheim 1846,2036,Marko Zrilić,1344455,2007-10-24,Defensives Mittelfeld,41,2026-07-01,2029-06-30,"[""Interner Wechsel: 1.FC Heidenheim 1846 U19; Datum: 01.07.2026""]",https://www.transfermarkt.de/marko-zrilic/profil/spieler/1344455,CONFIRMED,STAGE_CURRENT_SQUAD,https://www.transfermarkt.de/1-fc-heidenheim-1846/kader/verein/2036/saison_id/2026/plus/1,36e24e4c10d034372cc86f2815daf3eafd1f3551697053d3716bf14e8bbbab12,2026-09-12
GER2,1. FC Heidenheim 1846,2036,Jan Schöppner,581357,1999-06-12,Zentrales Mittelfeld,3,2020-08-05,2028-06-30,[],https://www.transfermarkt.de/jan-schoppner/profil/spieler/581357,CONFIRMED,STAGE_CURRENT_SQUAD,https://www.transfermarkt.de/1-fc-heidenheim-1846/kader/verein/2036/saison_id/2026/plus/1,36e24e4c10d034372cc86f2815daf3eafd1f3551697053d3716bf14e8bbbab12,2026-09-12
GER2,1. FC Heidenheim 1846,2036,Luca Kerber,809498,2002-03-10,Zentrales Mittelfeld,20,2024-07-01,2027-06-30,[],https://www.transfermarkt.de/luca-kerber/profil/spieler/809498,CONFIRMED,STAGE_CURRENT_SQUAD,https://www.transfermarkt.de/1-fc-heidenheim-1846/kader/verein/2036/saison_id/2026/plus/1,36e24e4c10d034372cc86f2815daf3eafd1f3551697053d3716bf14e8bbbab12,2026-09-12
GER2,1. FC Heidenheim 1846,2036,Mathias Honsak,283497,1996-12-20,Linksaußen,17,2024-07-01,2027-06-30,[],https://www.transfermarkt.de/mathias-honsak/profil/spieler/283497,CONFIRMED,STAGE_CURRENT_SQUAD,https://www.transfermarkt.de/1-fc-heidenheim-1846/kader/verein/2036/saison_id/2026/plus/1,36e24e4c10d034372cc86f2815daf3eafd1f3551697053d3716bf14e8bbbab12,2026-09-12
GER2,1. FC Heidenheim 1846,2036,Yannik Wagner,1153628,2007-05-09,Linksaußen,38,2025-07-30,2029-06-30,[],https://www.transfermarkt.de/yannik-wagner/profil/spieler/1153628,CONFIRMED,STAGE_CURRENT_SQUAD,https://www.transfermarkt.de/1-fc-heidenheim-1846/kader/verein/2036/saison_id/2026/plus/1,36e24e4c10d034372cc86f2815daf3eafd1f3551697053d3716bf14e8bbbab12,2026-09-12
GER2,1. FC Heidenheim 1846,2036,Christian Conteh,530298,1999-08-27,Rechtsaußen,10,2026-01-12,2029-06-30,[],https://www.transfermarkt.de/christian-conteh/profil/spieler/530298,CONFIRMED,REVIEW_REQUIRED,https://www.transfermarkt.de/1-fc-heidenheim-1846/kader/verein/2036/saison_id/2026/plus/1,36e24e4c10d034372cc86f2815daf3eafd1f3551697053d3716bf14e8bbbab12,2026-09-12
GER2,1. FC Heidenheim 1846,2036,Paul Hennrich,810108,2005-03-06,Rechtsaußen,8,2026-07-01,2030-06-30,"[""Neuzugang von: TSG 1899 Hoffenheim II; Datum: 01.07.2026; Ablöse: 1,50 Mio. €""]",https://www.transfermarkt.de/paul-hennrich/profil/spieler/810108,CONFIRMED,STAGE_CURRENT_SQUAD,https://www.transfermarkt.de/1-fc-heidenheim-1846/kader/verein/2036/saison_id/2026/plus/1,36e24e4c10d034372cc86f2815daf3eafd1f3551697053d3716bf14e8bbbab12,2026-09-12
GER2,1. FC Heidenheim 1846,2036,Sirlord Conteh,307183,1996-07-09,Rechtsaußen,31,2024-07-01,2027-06-30,[],https://www.transfermarkt.de/sirlord-conteh/profil/spieler/307183,CONFIRMED,STAGE_CURRENT_SQUAD,https://www.transfermarkt.de/1-fc-heidenheim-1846/kader/verein/2036/saison_id/2026/plus/1,36e24e4c10d034372cc86f2815daf3eafd1f3551697053d3716bf14e8bbbab12,2026-09-12
GER2,1. FC Heidenheim 1846,2036,Marcel Costly,274274,1995-11-20,Rechtsaußen,24,2026-07-01,2029-06-30,"[""Neuzugang von: FC Ingolstadt 04; Datum: 01.07.2026; Ablöse: 1,00 Mio. €""]",https://www.transfermarkt.de/marcel-costly/profil/spieler/274274,CONFIRMED,STAGE_CURRENT_SQUAD,https://www.transfermarkt.de/1-fc-heidenheim-1846/kader/verein/2036/saison_id/2026/plus/1,36e24e4c10d034372cc86f2815daf3eafd1f3551697053d3716bf14e8bbbab12,2026-09-12
GER2,1. FC Heidenheim 1846,2036,Alessandro Vogt,987770,2005-02-03,Mittelstürmer,18,2026-08-31,2027-06-30,[],https://www.transfermarkt.de/alessandro-vogt/profil/spieler/987770,CONFIRMED,REVIEW_REQUIRED,https://www.transfermarkt.de/1-fc-heidenheim-1846/kader/verein/2036/saison_id/2026/plus/1,36e24e4c10d034372cc86f2815daf3eafd1f3551697053d3716bf14e8bbbab12,2026-09-12
GER2,1. FC Heidenheim 1846,2036,Mikkel Kaufmann,545332,2001-01-03,Mittelstürmer,29,2024-07-01,2028-06-30,[],https://www.transfermarkt.de/mikkel-kaufmann/profil/spieler/545332,CONFIRMED,STAGE_CURRENT_SQUAD,https://www.transfermarkt.de/1-fc-heidenheim-1846/kader/verein/2036/saison_id/2026/plus/1,36e24e4c10d034372cc86f2815daf3eafd1f3551697053d3716bf14e8bbbab12,2026-09-12
GER2,1. FC Heidenheim 1846,2036,Budu Zivzivadze,187097,1994-03-10,Mittelstürmer,11,2025-01-03,2029-06-30,[],https://www.transfermarkt.de/budu-zivzivadze/profil/spieler/187097,CONFIRMED,STAGE_CURRENT_SQUAD,https://www.transfermarkt.de/1-fc-heidenheim-1846/kader/verein/2036/saison_id/2026/plus/1,36e24e4c10d034372cc86f2815daf3eafd1f3551697053d3716bf14e8bbbab12,2026-09-12
GER2,1. FC Heidenheim 1846,2036,Maximilian Breunig,584254,2000-08-14,Mittelstürmer,14,2024-07-01,2027-06-30,"[""Rückkehr nach Leihe von: 1.FC Magdeburg; Datum: 30.06.2026; Ablöse: Leih-Ende""]",https://www.transfermarkt.de/maximilian-breunig/profil/spieler/584254,CONFIRMED,REVIEW_REQUIRED,https://www.transfermarkt.de/1-fc-heidenheim-1846/kader/verein/2036/saison_id/2026/plus/1,36e24e4c10d034372cc86f2815daf3eafd1f3551697053d3716bf14e8bbbab12,2026-09-12
GER2,FC St. Pauli,35,Dimitar Mitov,264302,1997-01-22,Torwart,33,2026-08-13,,"[""Neuzugang von: Aberdeen FC; Datum: 13.08.2026; Ablöse: 400 Tsd. €""]",https://www.transfermarkt.de/dimitar-mitov/profil/spieler/264302,CONFIRMED,STAGE_CURRENT_SQUAD,https://www.transfermarkt.de/fc-st-pauli/kader/verein/35/saison_id/2026/plus/1,cb3581752f3910c559c9f42a6cbb09551a6187c6a88b14cfcc35019d0c02bc47,2026-09-12
GER2,FC St. Pauli,35,Ben Voll,453742,2000-12-09,Torwart,1,2024-07-01,,[],https://www.transfermarkt.de/ben-voll/profil/spieler/453742,CONFIRMED,STAGE_CURRENT_SQUAD,https://www.transfermarkt.de/fc-st-pauli/kader/verein/35/saison_id/2026/plus/1,cb3581752f3910c559c9f42a6cbb09551a6187c6a88b14cfcc35019d0c02bc47,2026-09-12
GER2,FC St. Pauli,35,Simon Spari,527597,2002-06-16,Torwart,30,2025-07-01,,[],https://www.transfermarkt.de/simon-spari/profil/spieler/527597,CONFIRMED,STAGE_CURRENT_SQUAD,https://www.transfermarkt.de/fc-st-pauli/kader/verein/35/saison_id/2026/plus/1,cb3581752f3910c559c9f42a6cbb09551a6187c6a88b14cfcc35019d0c02bc47,2026-09-12
GER2,FC St. Pauli,35,Eric Smith,292534,1997-01-08,Innenverteidiger,8,2021-07-01,2027-06-30,[],https://www.transfermarkt.de/eric-smith/profil/spieler/292534,CONFIRMED,STAGE_CURRENT_SQUAD,https://www.transfermarkt.de/fc-st-pauli/kader/verein/35/saison_id/2026/plus/1,cb3581752f3910c559c9f42a6cbb09551a6187c6a88b14cfcc35019d0c02bc47,2026-09-12
GER2,FC St. Pauli,35,Tomoya Ando,610795,1999-01-10,Innenverteidiger,15,2026-01-01,,[],https://www.transfermarkt.de/tomoya-ando/profil/spieler/610795,CONFIRMED,REVIEW_REQUIRED,https://www.transfermarkt.de/fc-st-pauli/kader/verein/35/saison_id/2026/plus/1,cb3581752f3910c559c9f42a6cbb09551a6187c6a88b14cfcc35019d0c02bc47,2026-09-12
GER2,FC St. Pauli,35,David Nemeth,451906,2001-03-18,Innenverteidiger,4,2022-07-01,,[],https://www.transfermarkt.de/david-nemeth/profil/spieler/451906,CONFIRMED,REVIEW_REQUIRED,https://www.transfermarkt.de/fc-st-pauli/kader/verein/35/saison_id/2026/plus/1,cb3581752f3910c559c9f42a6cbb09551a6187c6a88b14cfcc35019d0c02bc47,2026-09-12
GER2,FC St. Pauli,35,Marcus Mathisen,268216,1996-02-27,Innenverteidiger,6,2026-07-01,,"[""Neuzugang von: 1.FC Magdeburg; Datum: 01.07.2026; Ablöse: ablösefrei""]",https://www.transfermarkt.de/marcus-mathisen/profil/spieler/268216,CONFIRMED,REVIEW_REQUIRED,https://www.transfermarkt.de/fc-st-pauli/kader/verein/35/saison_id/2026/plus/1,cb3581752f3910c559c9f42a6cbb09551a6187c6a88b14cfcc35019d0c02bc47,2026-09-12
GER2,FC St. Pauli,35,Adam Dzwigala,236966,1995-09-25,Innenverteidiger,25,2020-12-17,2027-06-30,[],https://www.transfermarkt.de/adam-dzwigala/profil/spieler/236966,CONFIRMED,STAGE_CURRENT_SQUAD,https://www.transfermarkt.de/fc-st-pauli/kader/verein/35/saison_id/2026/plus/1,cb3581752f3910c559c9f42a6cbb09551a6187c6a88b14cfcc35019d0c02bc47,2026-09-12
GER2,FC St. Pauli,35,Louis Oppie,605265,2002-05-17,Linker Verteidiger,23,2025-07-11,,[],https://www.transfermarkt.de/louis-oppie/profil/spieler/605265,CONFIRMED,STAGE_CURRENT_SQUAD,https://www.transfermarkt.de/fc-st-pauli/kader/verein/35/saison_id/2026/plus/1,cb3581752f3910c559c9f42a6cbb09551a6187c6a88b14cfcc35019d0c02bc47,2026-09-12
GER2,FC St. Pauli,35,Lars Ritzka,333903,1998-05-07,Linker Verteidiger,21,2021-07-01,,[],https://www.transfermarkt.de/lars-ritzka/profil/spieler/333903,CONFIRMED,REVIEW_REQUIRED,https://www.transfermarkt.de/fc-st-pauli/kader/verein/35/saison_id/2026/plus/1,cb3581752f3910c559c9f42a6cbb09551a6187c6a88b14cfcc35019d0c02bc47,2026-09-12
GER2,FC St. Pauli,35,Arkadiusz Pyrka,599733,2002-09-20,Rechter Verteidiger,11,2025-07-01,,[],https://www.transfermarkt.de/arkadiusz-pyrka/profil/spieler/599733,CONFIRMED,STAGE_CURRENT_SQUAD,https://www.transfermarkt.de/fc-st-pauli/kader/verein/35/saison_id/2026/plus/1,cb3581752f3910c559c9f42a6cbb09551a6187c6a88b14cfcc35019d0c02bc47,2026-09-12
GER2,FC St. Pauli,35,Rony Jansson,716897,2004-01-10,Rechter Verteidiger,2,2026-07-31,,"[""Neuzugang von: Kalmar FF; Datum: 31.07.2026; Ablöse: 400 Tsd. €""]",https://www.transfermarkt.de/rony-jansson/profil/spieler/716897,CONFIRMED,STAGE_CURRENT_SQUAD,https://www.transfermarkt.de/fc-st-pauli/kader/verein/35/saison_id/2026/plus/1,cb3581752f3910c559c9f42a6cbb09551a6187c6a88b14cfcc35019d0c02bc47,2026-09-12
GER2,FC St. Pauli,35,Gísli Thórdarson,825960,2004-09-12,Defensives Mittelfeld,5,2026-08-07,2027-06-30,[],https://www.transfermarkt.de/gisli-thordarson/profil/spieler/825960,CONFIRMED,REVIEW_REQUIRED,https://www.transfermarkt.de/fc-st-pauli/kader/verein/35/saison_id/2026/plus/1,cb3581752f3910c559c9f42a6cbb09551a6187c6a88b14cfcc35019d0c02bc47,2026-09-12
GER2,FC St. Pauli,35,Marwin Schmitz,1003534,2007-01-07,Defensives Mittelfeld,42,2025-01-16,,[],https://www.transfermarkt.de/marwin-schmitz/profil/spieler/1003534,CONFIRMED,REVIEW_REQUIRED,https://www.transfermarkt.de/fc-st-pauli/kader/verein/35/saison_id/2026/plus/1,cb3581752f3910c559c9f42a6cbb09551a6187c6a88b14cfcc35019d0c02bc47,2026-09-12
GER2,FC St. Pauli,35,Joel Chima Fujita,697277,2002-02-16,Zentrales Mittelfeld,16,2025-07-01,,[],https://www.transfermarkt.de/joel-chima-fujita/profil/spieler/697277,CONFIRMED,STAGE_CURRENT_SQUAD,https://www.transfermarkt.de/fc-st-pauli/kader/verein/35/saison_id/2026/plus/1,cb3581752f3910c559c9f42a6cbb09551a6187c6a88b14cfcc35019d0c02bc47,2026-09-12
GER2,FC St. Pauli,35,Mathias Rasmussen,268327,1997-11-25,Zentrales Mittelfeld,20,2026-01-24,2029-06-30,[],https://www.transfermarkt.de/mathias-rasmussen/profil/spieler/268327,CONFIRMED,REVIEW_REQUIRED,https://www.transfermarkt.de/fc-st-pauli/kader/verein/35/saison_id/2026/plus/1,cb3581752f3910c559c9f42a6cbb09551a6187c6a88b14cfcc35019d0c02bc47,2026-09-12
GER2,FC St. Pauli,35,Connor Metcalfe,522223,1999-11-05,Zentrales Mittelfeld,24,2022-07-01,2027-06-30,[],https://www.transfermarkt.de/connor-metcalfe/profil/spieler/522223,CONFIRMED,STAGE_CURRENT_SQUAD,https://www.transfermarkt.de/fc-st-pauli/kader/verein/35/saison_id/2026/plus/1,cb3581752f3910c559c9f42a6cbb09551a6187c6a88b14cfcc35019d0c02bc47,2026-09-12
GER2,FC St. Pauli,35,Sam Klein,976123,2004-03-15,Zentrales Mittelfeld,22,2026-07-01,,"[""Neuzugang von: Brisbane Roar; Datum: 01.07.2026; Ablöse: ?""]",https://www.transfermarkt.de/sam-klein/profil/spieler/976123,CONFIRMED,STAGE_CURRENT_SQUAD,https://www.transfermarkt.de/fc-st-pauli/kader/verein/35/saison_id/2026/plus/1,cb3581752f3910c559c9f42a6cbb09551a6187c6a88b14cfcc35019d0c02bc47,2026-09-12
GER2,FC St. Pauli,35,Erik Ahlstrand,501049,2001-10-14,Zentrales Mittelfeld,14,2024-01-27,,"[""Rückkehr nach Leihe von: Heracles Almelo; Datum: 30.06.2026; Ablöse: Leih-Ende""]",https://www.transfermarkt.de/erik-ahlstrand/profil/spieler/501049,CONFIRMED,STAGE_CURRENT_SQUAD,https://www.transfermarkt.de/fc-st-pauli/kader/verein/35/saison_id/2026/plus/1,cb3581752f3910c559c9f42a6cbb09551a6187c6a88b14cfcc35019d0c02bc47,2026-09-12
GER2,FC St. Pauli,35,Nick Schmidt,1152232,2007-09-12,Zentrales Mittelfeld,44,2025-07-01,,[],https://www.transfermarkt.de/nick-schmidt/profil/spieler/1152232,CONFIRMED,REVIEW_REQUIRED,https://www.transfermarkt.de/fc-st-pauli/kader/verein/35/saison_id/2026/plus/1,cb3581752f3910c559c9f42a6cbb09551a6187c6a88b14cfcc35019d0c02bc47,2026-09-12
GER2,FC St. Pauli,35,Branimir Hrgota,171209,1993-01-12,Offensives Mittelfeld,10,2026-07-07,,"[""Neuzugang von: SpVgg Greuther Fürth; Datum: 07.07.2026; Ablöse: ablösefrei""]",https://www.transfermarkt.de/branimir-hrgota/profil/spieler/171209,CONFIRMED,REVIEW_REQUIRED,https://www.transfermarkt.de/fc-st-pauli/kader/verein/35/saison_id/2026/plus/1,cb3581752f3910c559c9f42a6cbb09551a6187c6a88b14cfcc35019d0c02bc47,2026-09-12
GER2,FC St. Pauli,35,Mathias Pereira Lage,424072,1996-11-30,Linksaußen,28,2025-07-01,2028-06-30,[],https://www.transfermarkt.de/mathias-pereira-lage/profil/spieler/424072,CONFIRMED,STAGE_CURRENT_SQUAD,https://www.transfermarkt.de/fc-st-pauli/kader/verein/35/saison_id/2026/plus/1,cb3581752f3910c559c9f42a6cbb09551a6187c6a88b14cfcc35019d0c02bc47,2026-09-12
GER2,FC St. Pauli,35,Youssoupha Niang,944331,2006-03-25,Rechtsaußen,7,2026-08-27,2027-06-30,[],https://www.transfermarkt.de/youssoupha-niang/profil/spieler/944331,CONFIRMED,REVIEW_REQUIRED,https://www.transfermarkt.de/fc-st-pauli/kader/verein/35/saison_id/2026/plus/1,cb3581752f3910c559c9f42a6cbb09551a6187c6a88b14cfcc35019d0c02bc47,2026-09-12
GER2,FC St. Pauli,35,Scott Banks,596821,2001-09-26,Rechtsaußen,17,2024-07-01,,"[""Rückkehr nach Leihe von: FC Barnsley; Datum: 30.06.2026; Ablöse: Leih-Ende""]",https://www.transfermarkt.de/scott-banks/profil/spieler/596821,CONFIRMED,REVIEW_REQUIRED,https://www.transfermarkt.de/fc-st-pauli/kader/verein/35/saison_id/2026/plus/1,cb3581752f3910c559c9f42a6cbb09551a6187c6a88b14cfcc35019d0c02bc47,2026-09-12
GER2,FC St. Pauli,35,Martijn Kaars,377729,1999-03-05,Mittelstürmer,19,2025-08-28,,[],https://www.transfermarkt.de/martijn-kaars/profil/spieler/377729,CONFIRMED,STAGE_CURRENT_SQUAD,https://www.transfermarkt.de/fc-st-pauli/kader/verein/35/saison_id/2026/plus/1,cb3581752f3910c559c9f42a6cbb09551a6187c6a88b14cfcc35019d0c02bc47,2026-09-12
GER2,FC St. Pauli,35,Ricky-Jade Jones,677935,2002-11-08,Mittelstürmer,26,2025-07-01,,[],https://www.transfermarkt.de/ricky-jade-jones/profil/spieler/677935,CONFIRMED,STAGE_CURRENT_SQUAD,https://www.transfermarkt.de/fc-st-pauli/kader/verein/35/saison_id/2026/plus/1,cb3581752f3910c559c9f42a6cbb09551a6187c6a88b14cfcc35019d0c02bc47,2026-09-12
GER2,FC St. Pauli,35,Abdoulie Ceesay,1280281,2004-01-05,Mittelstürmer,9,2025-01-03,,[],https://www.transfermarkt.de/abdoulie-ceesay/profil/spieler/1280281,CONFIRMED,STAGE_CURRENT_SQUAD,https://www.transfermarkt.de/fc-st-pauli/kader/verein/35/saison_id/2026/plus/1,cb3581752f3910c559c9f42a6cbb09551a6187c6a88b14cfcc35019d0c02bc47,2026-09-12
GER2,FC St. Pauli,35,Taichi Hara,495752,1999-05-05,Mittelstürmer,18,2026-01-31,,[],https://www.transfermarkt.de/taichi-hara/profil/spieler/495752,CONFIRMED,REVIEW_REQUIRED,https://www.transfermarkt.de/fc-st-pauli/kader/verein/35/saison_id/2026/plus/1,cb3581752f3910c559c9f42a6cbb09551a6187c6a88b14cfcc35019d0c02bc47,2026-09-12
GER2,Hannover 96,42,Pascal Loretz,583038,2003-06-01,Torwart,1,2026-07-09,2030-06-30,"[""Neuzugang von: FC Luzern; Datum: 09.07.2026; Ablöse: 1,10 Mio. €""]",https://www.transfermarkt.de/pascal-loretz/profil/spieler/583038,CONFIRMED,STAGE_CURRENT_SQUAD,https://www.transfermarkt.de/hannover-96/kader/verein/42/saison_id/2026/plus/1,1215cddc874fab7e50402cb82ad6c5ca92f8ced09d37a9d8569043058176a32f,2026-09-12
GER2,Hannover 96,42,Leo Weinkauf,196427,1996-07-07,Torwart,30,2018-07-01,2028-06-30,[],https://www.transfermarkt.de/leo-weinkauf/profil/spieler/196427,CONFIRMED,STAGE_CURRENT_SQUAD,https://www.transfermarkt.de/hannover-96/kader/verein/42/saison_id/2026/plus/1,1215cddc874fab7e50402cb82ad6c5ca92f8ced09d37a9d8569043058176a32f,2026-09-12
GER2,Hannover 96,42,Jonas Schwanke,1023809,2006-09-24,Torwart,40,2025-07-01,2028-06-30,[],https://www.transfermarkt.de/jonas-schwanke/profil/spieler/1023809,CONFIRMED,STAGE_CURRENT_SQUAD,https://www.transfermarkt.de/hannover-96/kader/verein/42/saison_id/2026/plus/1,1215cddc874fab7e50402cb82ad6c5ca92f8ced09d37a9d8569043058176a32f,2026-09-12
GER2,Hannover 96,42,Ime Okon,1107265,2004-02-20,Innenverteidiger,20,2025-07-01,2029-06-30,[],https://www.transfermarkt.de/ime-okon/profil/spieler/1107265,CONFIRMED,STAGE_CURRENT_SQUAD,https://www.transfermarkt.de/hannover-96/kader/verein/42/saison_id/2026/plus/1,1215cddc874fab7e50402cb82ad6c5ca92f8ced09d37a9d8569043058176a32f,2026-09-12
GER2,Hannover 96,42,Virgil Ghiță,340977,1998-06-04,Innenverteidiger,5,2025-07-01,2028-06-30,[],https://www.transfermarkt.de/virgil-ghita/profil/spieler/340977,CONFIRMED,STAGE_CURRENT_SQUAD,https://www.transfermarkt.de/hannover-96/kader/verein/42/saison_id/2026/plus/1,1215cddc874fab7e50402cb82ad6c5ca92f8ced09d37a9d8569043058176a32f,2026-09-12
GER2,Hannover 96,42,Boris Tomiak,280581,1998-09-11,Innenverteidiger,3,2025-01-16,2028-06-30,[],https://www.transfermarkt.de/boris-tomiak/profil/spieler/280581,CONFIRMED,STAGE_CURRENT_SQUAD,https://www.transfermarkt.de/hannover-96/kader/verein/42/saison_id/2026/plus/1,1215cddc874fab7e50402cb82ad6c5ca92f8ced09d37a9d8569043058176a32f,2026-09-12
GER2,Hannover 96,42,Jean Hugonet,695644,1999-11-24,Innenverteidiger,4,2026-07-01,2030-06-30,"[""Neuzugang von: 1.FC Magdeburg; Datum: 01.07.2026; Ablöse: ablösefrei""]",https://www.transfermarkt.de/jean-hugonet/profil/spieler/695644,CONFIRMED,STAGE_CURRENT_SQUAD,https://www.transfermarkt.de/hannover-96/kader/verein/42/saison_id/2026/plus/1,1215cddc874fab7e50402cb82ad6c5ca92f8ced09d37a9d8569043058176a32f,2026-09-12
GER2,Hannover 96,42,Bastian Allgeier,569455,2002-02-18,Innenverteidiger,17,2025-07-01,2027-06-30,[],https://www.transfermarkt.de/bastian-allgeier/profil/spieler/569455,CONFIRMED,STAGE_CURRENT_SQUAD,https://www.transfermarkt.de/hannover-96/kader/verein/42/saison_id/2026/plus/1,1215cddc874fab7e50402cb82ad6c5ca92f8ced09d37a9d8569043058176a32f,2026-09-12
GER2,Hannover 96,42,Joschua Siewert,1307411,2009-05-24,Innenverteidiger,35,,2029-06-30,[],https://www.transfermarkt.de/joschua-siewert/profil/spieler/1307411,CONFIRMED,REVIEW_REQUIRED,https://www.transfermarkt.de/hannover-96/kader/verein/42/saison_id/2026/plus/1,1215cddc874fab7e50402cb82ad6c5ca92f8ced09d37a9d8569043058176a32f,2026-09-12
GER2,Hannover 96,42,Noah Engelbreth,908951,2005-06-12,Defensives Mittelfeld,22,,2029-06-30,[],https://www.transfermarkt.de/noah-engelbreth/profil/spieler/908951,CONFIRMED,REVIEW_REQUIRED,https://www.transfermarkt.de/hannover-96/kader/verein/42/saison_id/2026/plus/1,1215cddc874fab7e50402cb82ad6c5ca92f8ced09d37a9d8569043058176a32f,2026-09-12
GER2,Hannover 96,42,Marcel Hartel,189073,1996-01-19,Zentrales Mittelfeld,10,2026-08-11,2029-06-30,"[""Neuzugang von: St. Louis CITY SC; Datum: 11.08.2026; Ablöse: 800 Tsd. €""]",https://www.transfermarkt.de/marcel-hartel/profil/spieler/189073,CONFIRMED,STAGE_CURRENT_SQUAD,https://www.transfermarkt.de/hannover-96/kader/verein/42/saison_id/2026/plus/1,1215cddc874fab7e50402cb82ad6c5ca92f8ced09d37a9d8569043058176a32f,2026-09-12
GER2,Hannover 96,42,Waniss Taïbi,680447,2002-03-07,Zentrales Mittelfeld,8,2025-07-01,2029-06-30,[],https://www.transfermarkt.de/waniss-taibi/profil/spieler/680447,CONFIRMED,STAGE_CURRENT_SQUAD,https://www.transfermarkt.de/hannover-96/kader/verein/42/saison_id/2026/plus/1,1215cddc874fab7e50402cb82ad6c5ca92f8ced09d37a9d8569043058176a32f,2026-09-12
GER2,Hannover 96,42,Stefán Teitur Thórdarson,422721,1998-10-16,Zentrales Mittelfeld,23,2026-01-12,2029-06-30,[],https://www.transfermarkt.de/stefan-teitur-thordarson/profil/spieler/422721,CONFIRMED,STAGE_CURRENT_SQUAD,https://www.transfermarkt.de/hannover-96/kader/verein/42/saison_id/2026/plus/1,1215cddc874fab7e50402cb82ad6c5ca92f8ced09d37a9d8569043058176a32f,2026-09-12
GER2,Hannover 96,42,Franz Roggow,567974,2002-07-14,Zentrales Mittelfeld,13,2025-07-01,2028-06-30,[],https://www.transfermarkt.de/franz-roggow/profil/spieler/567974,CONFIRMED,STAGE_CURRENT_SQUAD,https://www.transfermarkt.de/hannover-96/kader/verein/42/saison_id/2026/plus/1,1215cddc874fab7e50402cb82ad6c5ca92f8ced09d37a9d8569043058176a32f,2026-09-12
GER2,Hannover 96,42,Mwisho Mhango,1465501,2007-09-15,Zentrales Mittelfeld,21,2026-01-01,2030-06-30,[],https://www.transfermarkt.de/mwisho-mhango/profil/spieler/1465501,CONFIRMED,REVIEW_REQUIRED,https://www.transfermarkt.de/hannover-96/kader/verein/42/saison_id/2026/plus/1,1215cddc874fab7e50402cb82ad6c5ca92f8ced09d37a9d8569043058176a32f,2026-09-12
GER2,Hannover 96,42,Hayate Matsuda,957531,2003-10-02,Rechtes Mittelfeld,27,2025-07-01,2028-06-30,[],https://www.transfermarkt.de/hayate-matsuda/profil/spieler/957531,CONFIRMED,STAGE_CURRENT_SQUAD,https://www.transfermarkt.de/hannover-96/kader/verein/42/saison_id/2026/plus/1,1215cddc874fab7e50402cb82ad6c5ca92f8ced09d37a9d8569043058176a32f,2026-09-12
GER2,Hannover 96,42,Maurice Neubauer,216422,1996-04-29,Rechtes Mittelfeld,33,2025-07-01,2028-06-30,[],https://www.transfermarkt.de/maurice-neubauer/profil/spieler/216422,CONFIRMED,STAGE_CURRENT_SQUAD,https://www.transfermarkt.de/hannover-96/kader/verein/42/saison_id/2026/plus/1,1215cddc874fab7e50402cb82ad6c5ca92f8ced09d37a9d8569043058176a32f,2026-09-12
GER2,Hannover 96,42,Kolja Oudenne,392157,2001-11-11,Linkes Mittelfeld,29,2023-07-01,2028-06-30,[],https://www.transfermarkt.de/kolja-oudenne/profil/spieler/392157,CONFIRMED,STAGE_CURRENT_SQUAD,https://www.transfermarkt.de/hannover-96/kader/verein/42/saison_id/2026/plus/1,1215cddc874fab7e50402cb82ad6c5ca92f8ced09d37a9d8569043058176a32f,2026-09-12
GER2,Hannover 96,42,Karl Steinmann,907082,2005-12-13,Linkes Mittelfeld,16,2026-08-25,2027-06-30,[],https://www.transfermarkt.de/karl-steinmann/profil/spieler/907082,CONFIRMED,REVIEW_REQUIRED,https://www.transfermarkt.de/hannover-96/kader/verein/42/saison_id/2026/plus/1,1215cddc874fab7e50402cb82ad6c5ca92f8ced09d37a9d8569043058176a32f,2026-09-12
GER2,Hannover 96,42,Lars Gindorf,455932,2001-08-13,Offensives Mittelfeld,25,2024-04-09,2029-06-30,"[""Rückkehr nach Leihe von: Alemannia Aachen; Datum: 30.06.2026; Ablöse: Leih-Ende""]",https://www.transfermarkt.de/lars-gindorf/profil/spieler/455932,CONFIRMED,REVIEW_REQUIRED,https://www.transfermarkt.de/hannover-96/kader/verein/42/saison_id/2026/plus/1,1215cddc874fab7e50402cb82ad6c5ca92f8ced09d37a9d8569043058176a32f,2026-09-12
GER2,Hannover 96,42,Alexander Vogel,993720,2006-01-13,Offensives Mittelfeld,37,2026-07-01,2029-06-30,"[""Interner Wechsel: Hannover 96 II; Datum: 01.07.2026""]",https://www.transfermarkt.de/alexander-vogel/profil/spieler/993720,CONFIRMED,STAGE_CURRENT_SQUAD,https://www.transfermarkt.de/hannover-96/kader/verein/42/saison_id/2026/plus/1,1215cddc874fab7e50402cb82ad6c5ca92f8ced09d37a9d8569043058176a32f,2026-09-12
GER2,Hannover 96,42,Husseyn Chakroun,1145570,2004-11-10,Linksaußen,14,2024-07-01,2027-06-30,[],https://www.transfermarkt.de/husseyn-chakroun/profil/spieler/1145570,CONFIRMED,STAGE_CURRENT_SQUAD,https://www.transfermarkt.de/hannover-96/kader/verein/42/saison_id/2026/plus/1,1215cddc874fab7e50402cb82ad6c5ca92f8ced09d37a9d8569043058176a32f,2026-09-12
GER2,Hannover 96,42,Yunus Ünal,1163052,2008-05-12,Linksaußen,24,2026-07-01,2030-06-30,"[""Neuzugang von: Hertha BSC U19; Datum: 01.07.2026; Ablöse: ablösefrei""]",https://www.transfermarkt.de/yunus-unal/profil/spieler/1163052,CONFIRMED,STAGE_CURRENT_SQUAD,https://www.transfermarkt.de/hannover-96/kader/verein/42/saison_id/2026/plus/1,1215cddc874fab7e50402cb82ad6c5ca92f8ced09d37a9d8569043058176a32f,2026-09-12
GER2,Hannover 96,42,Taycan Kurt,1201298,2008-05-18,Linksaußen,39,,2028-06-30,[],https://www.transfermarkt.de/taycan-kurt/profil/spieler/1201298,CONFIRMED,REVIEW_REQUIRED,https://www.transfermarkt.de/hannover-96/kader/verein/42/saison_id/2026/plus/1,1215cddc874fab7e50402cb82ad6c5ca92f8ced09d37a9d8569043058176a32f,2026-09-12
GER2,Hannover 96,42,Emir Sahiti,403177,1998-11-29,Rechtsaußen,44,2026-09-01,2028-06-30,"[""Neuzugang von: Hamburger SV; Datum: 01.09.2026; Ablöse: ablösefrei""]",https://www.transfermarkt.de/emir-sahiti/profil/spieler/403177,CONFIRMED,REVIEW_REQUIRED,https://www.transfermarkt.de/hannover-96/kader/verein/42/saison_id/2026/plus/1,1215cddc874fab7e50402cb82ad6c5ca92f8ced09d37a9d8569043058176a32f,2026-09-12
GER2,Hannover 96,42,Mustapha Bundu,457728,1997-02-28,Rechtsaußen,7,2025-07-01,2028-06-30,[],https://www.transfermarkt.de/mustapha-bundu/profil/spieler/457728,CONFIRMED,STAGE_CURRENT_SQUAD,https://www.transfermarkt.de/hannover-96/kader/verein/42/saison_id/2026/plus/1,1215cddc874fab7e50402cb82ad6c5ca92f8ced09d37a9d8569043058176a32f,2026-09-12
GER2,Hannover 96,42,Benjamin Källman,322990,1998-06-17,Mittelstürmer,9,2025-07-01,2028-06-30,[],https://www.transfermarkt.de/benjamin-kallman/profil/spieler/322990,CONFIRMED,STAGE_CURRENT_SQUAD,https://www.transfermarkt.de/hannover-96/kader/verein/42/saison_id/2026/plus/1,1215cddc874fab7e50402cb82ad6c5ca92f8ced09d37a9d8569043058176a32f,2026-09-12
GER2,Hannover 96,42,Benedikt Pichler,331362,1997-07-20,Mittelstürmer,11,2025-07-01,2027-06-30,[],https://www.transfermarkt.de/benedikt-pichler/profil/spieler/331362,CONFIRMED,STAGE_CURRENT_SQUAD,https://www.transfermarkt.de/hannover-96/kader/verein/42/saison_id/2026/plus/1,1215cddc874fab7e50402cb82ad6c5ca92f8ced09d37a9d8569043058176a32f,2026-09-12
GER2,Hannover 96,42,Tom Hobrecht,1282776,2006-11-27,Mittelstürmer,26,2026-07-01,2029-06-30,"[""Interner Wechsel: Hannover 96 II; Datum: 01.07.2026""]",https://www.transfermarkt.de/tom-hobrecht/profil/spieler/1282776,CONFIRMED,STAGE_CURRENT_SQUAD,https://www.transfermarkt.de/hannover-96/kader/verein/42/saison_id/2026/plus/1,1215cddc874fab7e50402cb82ad6c5ca92f8ced09d37a9d8569043058176a32f,2026-09-12
GER2,Hannover 96,42,Taycan Etcibasi,1009443,2007-05-21,Mittelstürmer,28,2026-07-03,2029-06-30,"[""Neuzugang von: Borussia Dortmund U19; Datum: 03.07.2026; Ablöse: 500 Tsd. €""]",https://www.transfermarkt.de/taycan-etcibasi/profil/spieler/1009443,CONFIRMED,STAGE_CURRENT_SQUAD,https://www.transfermarkt.de/hannover-96/kader/verein/42/saison_id/2026/plus/1,1215cddc874fab7e50402cb82ad6c5ca92f8ced09d37a9d8569043058176a32f,2026-09-12
GER2,SV Darmstadt 98,105,Marcel Schuhen,93651,1993-01-13,Torwart,1,2019-07-01,,[],https://www.transfermarkt.de/marcel-schuhen/profil/spieler/93651,CONFIRMED,REVIEW_REQUIRED,https://www.transfermarkt.de/sv-darmstadt-98/kader/verein/105/saison_id/2026/plus/1,807e79c80e44c91b1d4926d0fb6534a3276b98489473cc35d4238a5a660a95f9,2026-09-12
GER2,SV Darmstadt 98,105,Alexander Brunst,146693,1995-07-07,Torwart,30,2022-07-01,2027-06-30,[],https://www.transfermarkt.de/alexander-brunst/profil/spieler/146693,CONFIRMED,STAGE_CURRENT_SQUAD,https://www.transfermarkt.de/sv-darmstadt-98/kader/verein/105/saison_id/2026/plus/1,807e79c80e44c91b1d4926d0fb6534a3276b98489473cc35d4238a5a660a95f9,2026-09-12
GER2,SV Darmstadt 98,105,Benedikt Börner,1008242,2006-04-10,Torwart,24,2025-07-01,,[],https://www.transfermarkt.de/benedikt-borner/profil/spieler/1008242,CONFIRMED,REVIEW_REQUIRED,https://www.transfermarkt.de/sv-darmstadt-98/kader/verein/105/saison_id/2026/plus/1,807e79c80e44c91b1d4926d0fb6534a3276b98489473cc35d4238a5a660a95f9,2026-09-12
GER2,SV Darmstadt 98,105,Patric Pfeiffer,391742,1999-08-20,Innenverteidiger,6,2025-07-01,,[],https://www.transfermarkt.de/patric-pfeiffer/profil/spieler/391742,CONFIRMED,REVIEW_REQUIRED,https://www.transfermarkt.de/sv-darmstadt-98/kader/verein/105/saison_id/2026/plus/1,807e79c80e44c91b1d4926d0fb6534a3276b98489473cc35d4238a5a660a95f9,2026-09-12
GER2,SV Darmstadt 98,105,Aleksandar Vukotic,398851,1995-07-22,Innenverteidiger,20,2024-07-01,,[],https://www.transfermarkt.de/aleksandar-vukotic/profil/spieler/398851,CONFIRMED,REVIEW_REQUIRED,https://www.transfermarkt.de/sv-darmstadt-98/kader/verein/105/saison_id/2026/plus/1,807e79c80e44c91b1d4926d0fb6534a3276b98489473cc35d4238a5a660a95f9,2026-09-12
GER2,SV Darmstadt 98,105,Yannik Lührs,627356,2003-09-09,Innenverteidiger,49,2026-07-01,,"[""Neuzugang von: TSG 1899 Hoffenheim II; Datum: 01.07.2026; Ablöse: 150 Tsd. €""]",https://www.transfermarkt.de/yannik-luhrs/profil/spieler/627356,CONFIRMED,REVIEW_REQUIRED,https://www.transfermarkt.de/sv-darmstadt-98/kader/verein/105/saison_id/2026/plus/1,807e79c80e44c91b1d4926d0fb6534a3276b98489473cc35d4238a5a660a95f9,2026-09-12
GER2,SV Darmstadt 98,105,Meldin Dreskovic,379100,1998-03-26,Innenverteidiger,14,2025-02-03,,"[""Rückkehr nach Leihe von: Nyíregyháza Spartacus; Datum: 30.06.2026; Ablöse: Leih-Ende""]",https://www.transfermarkt.de/meldin-dreskovic/profil/spieler/379100,CONFIRMED,STAGE_CURRENT_SQUAD,https://www.transfermarkt.de/sv-darmstadt-98/kader/verein/105/saison_id/2026/plus/1,807e79c80e44c91b1d4926d0fb6534a3276b98489473cc35d4238a5a660a95f9,2026-09-12
GER2,SV Darmstadt 98,105,Grayson Dettoni,821066,2005-06-29,Innenverteidiger,4,2026-07-01,,"[""Neuzugang von: FC Bayern München II; Datum: 01.07.2026; Ablöse: 250 Tsd. €""]",https://www.transfermarkt.de/grayson-dettoni/profil/spieler/821066,CONFIRMED,STAGE_CURRENT_SQUAD,https://www.transfermarkt.de/sv-darmstadt-98/kader/verein/105/saison_id/2026/plus/1,807e79c80e44c91b1d4926d0fb6534a3276b98489473cc35d4238a5a660a95f9,2026-09-12
GER2,SV Darmstadt 98,105,Max Pfister,1131113,2007-04-03,Innenverteidiger,45,2026-07-01,2027-06-30,"[""Interner Wechsel: SV Darmstadt 98 II; Datum: 01.07.2026""]",https://www.transfermarkt.de/max-pfister/profil/spieler/1131113,CONFIRMED,STAGE_CURRENT_SQUAD,https://www.transfermarkt.de/sv-darmstadt-98/kader/verein/105/saison_id/2026/plus/1,807e79c80e44c91b1d4926d0fb6534a3276b98489473cc35d4238a5a660a95f9,2026-09-12
GER2,SV Darmstadt 98,105,Fabian Nürnberger,349433,1999-07-28,Linker Verteidiger,15,2023-07-01,,[],https://www.transfermarkt.de/fabian-nurnberger/profil/spieler/349433,CONFIRMED,STAGE_CURRENT_SQUAD,https://www.transfermarkt.de/sv-darmstadt-98/kader/verein/105/saison_id/2026/plus/1,807e79c80e44c91b1d4926d0fb6534a3276b98489473cc35d4238a5a660a95f9,2026-09-12
GER2,SV Darmstadt 98,105,Raoul Petretta,243878,1997-03-24,Linker Verteidiger,18,2026-01-20,,[],https://www.transfermarkt.de/raoul-petretta/profil/spieler/243878,CONFIRMED,REVIEW_REQUIRED,https://www.transfermarkt.de/sv-darmstadt-98/kader/verein/105/saison_id/2026/plus/1,807e79c80e44c91b1d4926d0fb6534a3276b98489473cc35d4238a5a660a95f9,2026-09-12
GER2,SV Darmstadt 98,105,Florian Kleinhansl,448027,2000-08-11,Linker Verteidiger,3,2026-07-15,,"[""Neuzugang von: 1.FC Kaiserslautern; Datum: 15.07.2026; Ablöse: ablösefrei""]",https://www.transfermarkt.de/florian-kleinhansl/profil/spieler/448027,CONFIRMED,REVIEW_REQUIRED,https://www.transfermarkt.de/sv-darmstadt-98/kader/verein/105/saison_id/2026/plus/1,807e79c80e44c91b1d4926d0fb6534a3276b98489473cc35d4238a5a660a95f9,2026-09-12
GER2,SV Darmstadt 98,105,William Mikelbrencis,743500,2004-02-25,Rechter Verteidiger,25,2026-08-29,,"[""Neuzugang von: Hamburger SV; Datum: 29.08.2026; Ablöse: ablösefrei""]",https://www.transfermarkt.de/william-mikelbrencis/profil/spieler/743500,CONFIRMED,REVIEW_REQUIRED,https://www.transfermarkt.de/sv-darmstadt-98/kader/verein/105/saison_id/2026/plus/1,807e79c80e44c91b1d4926d0fb6534a3276b98489473cc35d4238a5a660a95f9,2026-09-12
GER2,SV Darmstadt 98,105,Matthias Bader,237162,1997-06-17,Rechter Verteidiger,26,2020-01-31,,[],https://www.transfermarkt.de/matthias-bader/profil/spieler/237162,CONFIRMED,REVIEW_REQUIRED,https://www.transfermarkt.de/sv-darmstadt-98/kader/verein/105/saison_id/2026/plus/1,807e79c80e44c91b1d4926d0fb6534a3276b98489473cc35d4238a5a660a95f9,2026-09-12
GER2,SV Darmstadt 98,105,Christopher Lannert,326921,1998-06-08,Rechter Verteidiger,28,2026-07-16,2029-06-30,"[""Neuzugang von: Arminia Bielefeld; Datum: 16.07.2026; Ablöse: 200 Tsd. €""]",https://www.transfermarkt.de/christopher-lannert/profil/spieler/326921,CONFIRMED,STAGE_CURRENT_SQUAD,https://www.transfermarkt.de/sv-darmstadt-98/kader/verein/105/saison_id/2026/plus/1,807e79c80e44c91b1d4926d0fb6534a3276b98489473cc35d4238a5a660a95f9,2026-09-12
GER2,SV Darmstadt 98,105,Hiroki Akiyama,627533,2000-12-09,Defensives Mittelfeld,16,2026-07-01,,"[""Neuzugang von: Albirex Niigata; Datum: 01.07.2026; Ablöse: 250 Tsd. €""]",https://www.transfermarkt.de/hiroki-akiyama/profil/spieler/627533,CONFIRMED,REVIEW_REQUIRED,https://www.transfermarkt.de/sv-darmstadt-98/kader/verein/105/saison_id/2026/plus/1,807e79c80e44c91b1d4926d0fb6534a3276b98489473cc35d4238a5a660a95f9,2026-09-12
GER2,SV Darmstadt 98,105,Kai Klefisch,332624,1999-12-03,Defensives Mittelfeld,17,2024-07-01,,[],https://www.transfermarkt.de/kai-klefisch/profil/spieler/332624,CONFIRMED,REVIEW_REQUIRED,https://www.transfermarkt.de/sv-darmstadt-98/kader/verein/105/saison_id/2026/plus/1,807e79c80e44c91b1d4926d0fb6534a3276b98489473cc35d4238a5a660a95f9,2026-09-12
GER2,SV Darmstadt 98,105,Carlo Sickinger,282163,1997-07-29,Defensives Mittelfeld,23,2026-07-20,,"[""Neuzugang von: SV 07 Elversberg; Datum: 20.07.2026; Ablöse: ablösefrei""]",https://www.transfermarkt.de/carlo-sickinger/profil/spieler/282163,CONFIRMED,STAGE_CURRENT_SQUAD,https://www.transfermarkt.de/sv-darmstadt-98/kader/verein/105/saison_id/2026/plus/1,807e79c80e44c91b1d4926d0fb6534a3276b98489473cc35d4238a5a660a95f9,2026-09-12
GER2,SV Darmstadt 98,105,Merveille Papela,405689,2001-01-18,Zentrales Mittelfeld,21,2024-07-01,,[],https://www.transfermarkt.de/merveille-papela/profil/spieler/405689,CONFIRMED,REVIEW_REQUIRED,https://www.transfermarkt.de/sv-darmstadt-98/kader/verein/105/saison_id/2026/plus/1,807e79c80e44c91b1d4926d0fb6534a3276b98489473cc35d4238a5a660a95f9,2026-09-12
GER2,SV Darmstadt 98,105,Marco Richter,279009,1997-11-24,Offensives Mittelfeld,5,2026-09-10,,"[""Neuzugang von: Vereinslos; Datum: 10.09.2026; Ablöse: -""]",https://www.transfermarkt.de/marco-richter/profil/spieler/279009,CONFIRMED,REVIEW_REQUIRED,https://www.transfermarkt.de/sv-darmstadt-98/kader/verein/105/saison_id/2026/plus/1,807e79c80e44c91b1d4926d0fb6534a3276b98489473cc35d4238a5a660a95f9,2026-09-12
GER2,SV Darmstadt 98,105,Lance Duijvestijn,378316,1999-01-15,Offensives Mittelfeld,41,2026-07-01,,"[""Neuzugang von: Sparta Rotterdam; Datum: 01.07.2026; Ablöse: 800 Tsd. €""]",https://www.transfermarkt.de/lance-duijvestijn/profil/spieler/378316,CONFIRMED,STAGE_CURRENT_SQUAD,https://www.transfermarkt.de/sv-darmstadt-98/kader/verein/105/saison_id/2026/plus/1,807e79c80e44c91b1d4926d0fb6534a3276b98489473cc35d4238a5a660a95f9,2026-09-12
GER2,SV Darmstadt 98,105,Lars Kehl,527278,2002-04-08,Offensives Mittelfeld,22,2026-07-01,,"[""Neuzugang von: VfL Osnabrück; Datum: 01.07.2026; Ablöse: ablösefrei""]",https://www.transfermarkt.de/lars-kehl/profil/spieler/527278,CONFIRMED,REVIEW_REQUIRED,https://www.transfermarkt.de/sv-darmstadt-98/kader/verein/105/saison_id/2026/plus/1,807e79c80e44c91b1d4926d0fb6534a3276b98489473cc35d4238a5a660a95f9,2026-09-12
GER2,SV Darmstadt 98,105,Nicolas Verkooijen,1024747,2006-12-05,Offensives Mittelfeld,10,2026-07-01,,"[""Neuzugang von: PSV Eindhoven II; Datum: 01.07.2026; Ablöse: ablösefrei""]",https://www.transfermarkt.de/nicolas-verkooijen/profil/spieler/1024747,CONFIRMED,REVIEW_REQUIRED,https://www.transfermarkt.de/sv-darmstadt-98/kader/verein/105/saison_id/2026/plus/1,807e79c80e44c91b1d4926d0fb6534a3276b98489473cc35d4238a5a660a95f9,2026-09-12
GER2,SV Darmstadt 98,105,Milian Herbst,1191425,2008-02-23,Offensives Mittelfeld,47,2026-07-01,2027-06-30,"[""Interner Wechsel: SV Darmstadt 98 II; Datum: 01.07.2026""]",https://www.transfermarkt.de/milian-herbst/profil/spieler/1191425,CONFIRMED,STAGE_CURRENT_SQUAD,https://www.transfermarkt.de/sv-darmstadt-98/kader/verein/105/saison_id/2026/plus/1,807e79c80e44c91b1d4926d0fb6534a3276b98489473cc35d4238a5a660a95f9,2026-09-12
GER2,SV Darmstadt 98,105,Luca Marseiler,339057,1997-02-18,Linksaußen,8,2024-07-01,,[],https://www.transfermarkt.de/luca-marseiler/profil/spieler/339057,CONFIRMED,REVIEW_REQUIRED,https://www.transfermarkt.de/sv-darmstadt-98/kader/verein/105/saison_id/2026/plus/1,807e79c80e44c91b1d4926d0fb6534a3276b98489473cc35d4238a5a660a95f9,2026-09-12
GER2,SV Darmstadt 98,105,Yosuke Furukawa,957535,2003-07-16,Linksaußen,44,2025-07-01,,[],https://www.transfermarkt.de/yosuke-furukawa/profil/spieler/957535,CONFIRMED,REVIEW_REQUIRED,https://www.transfermarkt.de/sv-darmstadt-98/kader/verein/105/saison_id/2026/plus/1,807e79c80e44c91b1d4926d0fb6534a3276b98489473cc35d4238a5a660a95f9,2026-09-12
GER2,SV Darmstadt 98,105,Ibrahim El Kadiri,508642,2002-01-23,Linksaußen,11,2026-07-01,,"[""Neuzugang von: De Graafschap Doetinchem; Datum: 01.07.2026; Ablöse: 500 Tsd. €""]",https://www.transfermarkt.de/ibrahim-el-kadiri/profil/spieler/508642,CONFIRMED,STAGE_CURRENT_SQUAD,https://www.transfermarkt.de/sv-darmstadt-98/kader/verein/105/saison_id/2026/plus/1,807e79c80e44c91b1d4926d0fb6534a3276b98489473cc35d4238a5a660a95f9,2026-09-12
GER2,SV Darmstadt 98,105,Noah Weißhaupt,392163,2001-09-20,Rechtsaußen,7,2026-07-01,2030-06-30,"[""Neuzugang von: SC Freiburg; Datum: 01.07.2026; Ablöse: 500 Tsd. €""]",https://www.transfermarkt.de/noah-weisshaupt/profil/spieler/392163,CONFIRMED,REVIEW_REQUIRED,https://www.transfermarkt.de/sv-darmstadt-98/kader/verein/105/saison_id/2026/plus/1,807e79c80e44c91b1d4926d0fb6534a3276b98489473cc35d4238a5a660a95f9,2026-09-12
GER2,SV Darmstadt 98,105,Manolo Merx,1125031,2008-08-20,Rechtsaußen,48,2026-07-01,2027-06-30,"[""Interner Wechsel: SV Darmstadt 98 U19; Datum: 01.07.2026""]",https://www.transfermarkt.de/manolo-merx/profil/spieler/1125031,CONFIRMED,STAGE_CURRENT_SQUAD,https://www.transfermarkt.de/sv-darmstadt-98/kader/verein/105/saison_id/2026/plus/1,807e79c80e44c91b1d4926d0fb6534a3276b98489473cc35d4238a5a660a95f9,2026-09-12
GER2,SV Darmstadt 98,105,Milan Smit,703772,2003-02-13,Mittelstürmer,36,2026-08-14,2027-06-30,[],https://www.transfermarkt.de/milan-smit/profil/spieler/703772,CONFIRMED,REVIEW_REQUIRED,https://www.transfermarkt.de/sv-darmstadt-98/kader/verein/105/saison_id/2026/plus/1,807e79c80e44c91b1d4926d0fb6534a3276b98489473cc35d4238a5a660a95f9,2026-09-12
GER2,SV Darmstadt 98,105,Ho-jae Lee,545501,2000-10-14,Mittelstürmer,9,2026-07-29,,"[""Neuzugang von: Pohang Steelers; Datum: 29.07.2026; Ablöse: 400 Tsd. €""]",https://www.transfermarkt.de/ho-jae-lee/profil/spieler/545501,CONFIRMED,STAGE_CURRENT_SQUAD,https://www.transfermarkt.de/sv-darmstadt-98/kader/verein/105/saison_id/2026/plus/1,807e79c80e44c91b1d4926d0fb6534a3276b98489473cc35d4238a5a660a95f9,2026-09-12
GER2,SV Darmstadt 98,105,Fynn Lakenmacher,528856,2000-05-10,Mittelstürmer,19,2024-07-01,2027-06-30,[],https://www.transfermarkt.de/fynn-lakenmacher/profil/spieler/528856,CONFIRMED,STAGE_CURRENT_SQUAD,https://www.transfermarkt.de/sv-darmstadt-98/kader/verein/105/saison_id/2026/plus/1,807e79c80e44c91b1d4926d0fb6534a3276b98489473cc35d4238a5a660a95f9,2026-09-12
GER2,1. FC Kaiserslautern,2,Julian Krahl,337082,2000-01-22,Torwart,1,2022-07-01,,[],https://www.transfermarkt.de/julian-krahl/profil/spieler/337082,CONFIRMED,STAGE_CURRENT_SQUAD,https://www.transfermarkt.de/1-fc-kaiserslautern/kader/verein/2/saison_id/2026/plus/1,f57ab040dd8126f8fe2d4d84bbf8f3d5dee76ffc0d0c490223335ff120a69dd1,2026-09-12
GER2,1. FC Kaiserslautern,2,Enis Kamga,1144518,2007-07-08,Torwart,40,2025-07-01,,[],https://www.transfermarkt.de/enis-kamga/profil/spieler/1144518,CONFIRMED,REVIEW_REQUIRED,https://www.transfermarkt.de/1-fc-kaiserslautern/kader/verein/2/saison_id/2026/plus/1,f57ab040dd8126f8fe2d4d84bbf8f3d5dee76ffc0d0c490223335ff120a69dd1,2026-09-12
GER2,1. FC Kaiserslautern,2,Yannick Onohiol,1037925,2004-08-21,Torwart,34,2026-07-01,,"[""Neuzugang von: TSG 1899 Hoffenheim II; Datum: 01.07.2026; Ablöse: ablösefrei""]",https://www.transfermarkt.de/yannick-onohiol/profil/spieler/1037925,CONFIRMED,REVIEW_REQUIRED,https://www.transfermarkt.de/1-fc-kaiserslautern/kader/verein/2/saison_id/2026/plus/1,f57ab040dd8126f8fe2d4d84bbf8f3d5dee76ffc0d0c490223335ff120a69dd1,2026-09-12
GER2,1. FC Kaiserslautern,2,Maxwell Gyamfi,452078,2000-01-18,Innenverteidiger,4,2025-07-01,,[],https://www.transfermarkt.de/maxwell-gyamfi/profil/spieler/452078,CONFIRMED,STAGE_CURRENT_SQUAD,https://www.transfermarkt.de/1-fc-kaiserslautern/kader/verein/2/saison_id/2026/plus/1,f57ab040dd8126f8fe2d4d84bbf8f3d5dee76ffc0d0c490223335ff120a69dd1,2026-09-12
GER2,1. FC Kaiserslautern,2,Jacob Rasmussen,283233,1997-05-28,Innenverteidiger,14,2026-01-30,,[],https://www.transfermarkt.de/jacob-rasmussen/profil/spieler/283233,CONFIRMED,STAGE_CURRENT_SQUAD,https://www.transfermarkt.de/1-fc-kaiserslautern/kader/verein/2/saison_id/2026/plus/1,f57ab040dd8126f8fe2d4d84bbf8f3d5dee76ffc0d0c490223335ff120a69dd1,2026-09-12
GER2,1. FC Kaiserslautern,2,Jan Elvedi,322506,1996-09-30,Innenverteidiger,33,2023-07-01,2028-06-30,"[""Rückkehr nach Leihe von: SpVgg Greuther Fürth; Datum: 30.06.2026; Ablöse: Leih-Ende""]",https://www.transfermarkt.de/jan-elvedi/profil/spieler/322506,CONFIRMED,STAGE_CURRENT_SQUAD,https://www.transfermarkt.de/1-fc-kaiserslautern/kader/verein/2/saison_id/2026/plus/1,f57ab040dd8126f8fe2d4d84bbf8f3d5dee76ffc0d0c490223335ff120a69dd1,2026-09-12
GER2,1. FC Kaiserslautern,2,Kelven Frees,934529,2005-02-03,Innenverteidiger,5,2026-07-07,2027-06-30,[],https://www.transfermarkt.de/kelven-frees/profil/spieler/934529,CONFIRMED,REVIEW_REQUIRED,https://www.transfermarkt.de/1-fc-kaiserslautern/kader/verein/2/saison_id/2026/plus/1,f57ab040dd8126f8fe2d4d84bbf8f3d5dee76ffc0d0c490223335ff120a69dd1,2026-09-12
GER2,1. FC Kaiserslautern,2,Mika Haas,924087,2005-08-11,Linker Verteidiger,22,2024-07-01,,[],https://www.transfermarkt.de/mika-haas/profil/spieler/924087,CONFIRMED,STAGE_CURRENT_SQUAD,https://www.transfermarkt.de/1-fc-kaiserslautern/kader/verein/2/saison_id/2026/plus/1,f57ab040dd8126f8fe2d4d84bbf8f3d5dee76ffc0d0c490223335ff120a69dd1,2026-09-12
GER2,1. FC Kaiserslautern,2,Alex Murphy,900601,2004-06-25,Linker Verteidiger,3,2026-08-11,2027-06-30,[],https://www.transfermarkt.de/alex-murphy/profil/spieler/900601,CONFIRMED,REVIEW_REQUIRED,https://www.transfermarkt.de/1-fc-kaiserslautern/kader/verein/2/saison_id/2026/plus/1,f57ab040dd8126f8fe2d4d84bbf8f3d5dee76ffc0d0c490223335ff120a69dd1,2026-09-12
GER2,1. FC Kaiserslautern,2,Paul Joly,806168,2000-06-07,Rechter Verteidiger,26,2026-07-01,2029-06-30,"[""Neuzugang von: AJ Auxerre; Datum: 01.07.2026; Ablöse: 1,25 Mio. €""]",https://www.transfermarkt.de/paul-joly/profil/spieler/806168,CONFIRMED,REVIEW_REQUIRED,https://www.transfermarkt.de/1-fc-kaiserslautern/kader/verein/2/saison_id/2026/plus/1,f57ab040dd8126f8fe2d4d84bbf8f3d5dee76ffc0d0c490223335ff120a69dd1,2026-09-12
GER2,1. FC Kaiserslautern,2,Simon Asta,392131,2001-01-25,Rechter Verteidiger,2,2025-07-01,,[],https://www.transfermarkt.de/simon-asta/profil/spieler/392131,CONFIRMED,STAGE_CURRENT_SQUAD,https://www.transfermarkt.de/1-fc-kaiserslautern/kader/verein/2/saison_id/2026/plus/1,f57ab040dd8126f8fe2d4d84bbf8f3d5dee76ffc0d0c490223335ff120a69dd1,2026-09-12
GER2,1. FC Kaiserslautern,2,Fabian Kunze,334186,1998-06-14,Defensives Mittelfeld,6,2025-07-01,,[],https://www.transfermarkt.de/fabian-kunze/profil/spieler/334186,CONFIRMED,STAGE_CURRENT_SQUAD,https://www.transfermarkt.de/1-fc-kaiserslautern/kader/verein/2/saison_id/2026/plus/1,f57ab040dd8126f8fe2d4d84bbf8f3d5dee76ffc0d0c490223335ff120a69dd1,2026-09-12
GER2,1. FC Kaiserslautern,2,Leon Robinson,521142,2001-07-11,Defensives Mittelfeld,37,2024-07-01,,[],https://www.transfermarkt.de/leon-robinson/profil/spieler/521142,CONFIRMED,REVIEW_REQUIRED,https://www.transfermarkt.de/1-fc-kaiserslautern/kader/verein/2/saison_id/2026/plus/1,f57ab040dd8126f8fe2d4d84bbf8f3d5dee76ffc0d0c490223335ff120a69dd1,2026-09-12
GER2,1. FC Kaiserslautern,2,David Schramm,932375,2006-06-28,Defensives Mittelfeld,41,2026-07-01,,"[""Interner Wechsel: 1.FC Kaiserslautern II; Datum: 01.07.2026""]",https://www.transfermarkt.de/david-schramm/profil/spieler/932375,CONFIRMED,REVIEW_REQUIRED,https://www.transfermarkt.de/1-fc-kaiserslautern/kader/verein/2/saison_id/2026/plus/1,f57ab040dd8126f8fe2d4d84bbf8f3d5dee76ffc0d0c490223335ff120a69dd1,2026-09-12
GER2,1. FC Kaiserslautern,2,Semih Sahin,566857,1999-12-22,Zentrales Mittelfeld,8,2025-07-01,,[],https://www.transfermarkt.de/semih-sahin/profil/spieler/566857,CONFIRMED,STAGE_CURRENT_SQUAD,https://www.transfermarkt.de/1-fc-kaiserslautern/kader/verein/2/saison_id/2026/plus/1,f57ab040dd8126f8fe2d4d84bbf8f3d5dee76ffc0d0c490223335ff120a69dd1,2026-09-12
GER2,1. FC Kaiserslautern,2,Mário Sauer,710885,2004-05-15,Zentrales Mittelfeld,21,2026-08-26,2027-06-30,[],https://www.transfermarkt.de/mario-sauer/profil/spieler/710885,CONFIRMED,REVIEW_REQUIRED,https://www.transfermarkt.de/1-fc-kaiserslautern/kader/verein/2/saison_id/2026/plus/1,f57ab040dd8126f8fe2d4d84bbf8f3d5dee76ffc0d0c490223335ff120a69dd1,2026-09-12
GER2,1. FC Kaiserslautern,2,Dion Hofmeister,1290366,2009-07-11,Zentrales Mittelfeld,44,2025-12-10,,[],https://www.transfermarkt.de/dion-hofmeister/profil/spieler/1290366,CONFIRMED,REVIEW_REQUIRED,https://www.transfermarkt.de/1-fc-kaiserslautern/kader/verein/2/saison_id/2026/plus/1,f57ab040dd8126f8fe2d4d84bbf8f3d5dee76ffc0d0c490223335ff120a69dd1,2026-09-12
GER2,1. FC Kaiserslautern,2,Kian Scheer,1144522,2007-06-30,Zentrales Mittelfeld,46,2026-07-01,,"[""Interner Wechsel: 1.FC Kaiserslautern U19; Datum: 01.07.2026""]",https://www.transfermarkt.de/kian-scheer/profil/spieler/1144522,CONFIRMED,REVIEW_REQUIRED,https://www.transfermarkt.de/1-fc-kaiserslautern/kader/verein/2/saison_id/2026/plus/1,f57ab040dd8126f8fe2d4d84bbf8f3d5dee76ffc0d0c490223335ff120a69dd1,2026-09-12
GER2,1. FC Kaiserslautern,2,Naatan Skyttä,567309,2002-05-07,Offensives Mittelfeld,15,2025-08-04,2028-06-30,[],https://www.transfermarkt.de/naatan-skytta/profil/spieler/567309,CONFIRMED,STAGE_CURRENT_SQUAD,https://www.transfermarkt.de/1-fc-kaiserslautern/kader/verein/2/saison_id/2026/plus/1,f57ab040dd8126f8fe2d4d84bbf8f3d5dee76ffc0d0c490223335ff120a69dd1,2026-09-12
GER2,1. FC Kaiserslautern,2,Marlon Ritter,151636,1994-10-15,Offensives Mittelfeld,7,2020-09-12,,[],https://www.transfermarkt.de/marlon-ritter/profil/spieler/151636,CONFIRMED,REVIEW_REQUIRED,https://www.transfermarkt.de/1-fc-kaiserslautern/kader/verein/2/saison_id/2026/plus/1,f57ab040dd8126f8fe2d4d84bbf8f3d5dee76ffc0d0c490223335ff120a69dd1,2026-09-12
GER2,1. FC Kaiserslautern,2,Owen Gibs,952980,2006-11-21,Offensives Mittelfeld,43,2026-07-01,,"[""Interner Wechsel: 1.FC Kaiserslautern II; Datum: 01.07.2026""]",https://www.transfermarkt.de/owen-gibs/profil/spieler/952980,CONFIRMED,STAGE_CURRENT_SQUAD,https://www.transfermarkt.de/1-fc-kaiserslautern/kader/verein/2/saison_id/2026/plus/1,f57ab040dd8126f8fe2d4d84bbf8f3d5dee76ffc0d0c490223335ff120a69dd1,2026-09-12
GER2,1. FC Kaiserslautern,2,Ibrahim Kanaté,1132628,2006-10-23,Linksaußen,11,2026-07-01,2027-06-30,[],https://www.transfermarkt.de/ibrahim-kanate/profil/spieler/1132628,CONFIRMED,REVIEW_REQUIRED,https://www.transfermarkt.de/1-fc-kaiserslautern/kader/verein/2/saison_id/2026/plus/1,f57ab040dd8126f8fe2d4d84bbf8f3d5dee76ffc0d0c490223335ff120a69dd1,2026-09-12
GER2,1. FC Kaiserslautern,2,Thierry Tazemeta,790434,2007-07-27,Rechtsaußen,39,2026-07-01,,"[""Neuzugang von: Borussia Dortmund U19; Datum: 01.07.2026; Ablöse: ablösefrei""]",https://www.transfermarkt.de/thierry-tazemeta/profil/spieler/790434,CONFIRMED,REVIEW_REQUIRED,https://www.transfermarkt.de/1-fc-kaiserslautern/kader/verein/2/saison_id/2026/plus/1,f57ab040dd8126f8fe2d4d84bbf8f3d5dee76ffc0d0c490223335ff120a69dd1,2026-09-12
GER2,1. FC Kaiserslautern,2,Ben Jungfleisch,1224744,2008-06-14,Rechtsaußen,47,2026-07-01,2029-06-30,"[""Interner Wechsel: 1.FC Kaiserslautern U19; Datum: 01.07.2026""]",https://www.transfermarkt.de/ben-jungfleisch/profil/spieler/1224744,CONFIRMED,STAGE_CURRENT_SQUAD,https://www.transfermarkt.de/1-fc-kaiserslautern/kader/verein/2/saison_id/2026/plus/1,f57ab040dd8126f8fe2d4d84bbf8f3d5dee76ffc0d0c490223335ff120a69dd1,2026-09-12
GER2,1. FC Kaiserslautern,2,Erik Müller,1144523,2006-06-11,Rechtsaußen,42,2026-07-01,,"[""Interner Wechsel: 1.FC Kaiserslautern II; Datum: 01.07.2026""]",https://www.transfermarkt.de/erik-muller/profil/spieler/1144523,CONFIRMED,REVIEW_REQUIRED,https://www.transfermarkt.de/1-fc-kaiserslautern/kader/verein/2/saison_id/2026/plus/1,f57ab040dd8126f8fe2d4d84bbf8f3d5dee76ffc0d0c490223335ff120a69dd1,2026-09-12
GER2,1. FC Kaiserslautern,2,Milos Lukovic,845872,2005-11-18,Mittelstürmer,45,2026-08-27,2027-06-30,[],https://www.transfermarkt.de/milos-lukovic/profil/spieler/845872,CONFIRMED,REVIEW_REQUIRED,https://www.transfermarkt.de/1-fc-kaiserslautern/kader/verein/2/saison_id/2026/plus/1,f57ab040dd8126f8fe2d4d84bbf8f3d5dee76ffc0d0c490223335ff120a69dd1,2026-09-12
GER2,1. FC Kaiserslautern,2,Erencan Yardımcı,618898,2002-02-04,Mittelstürmer,17,2026-07-18,2027-06-30,[],https://www.transfermarkt.de/erencan-yardimci/profil/spieler/618898,CONFIRMED,REVIEW_REQUIRED,https://www.transfermarkt.de/1-fc-kaiserslautern/kader/verein/2/saison_id/2026/plus/1,f57ab040dd8126f8fe2d4d84bbf8f3d5dee76ffc0d0c490223335ff120a69dd1,2026-09-12
GER2,1. FC Kaiserslautern,2,Mergim Berisha,307924,1998-05-11,Mittelstürmer,20,2026-02-02,2027-06-30,[],https://www.transfermarkt.de/mergim-berisha/profil/spieler/307924,CONFIRMED,STAGE_CURRENT_SQUAD,https://www.transfermarkt.de/1-fc-kaiserslautern/kader/verein/2/saison_id/2026/plus/1,f57ab040dd8126f8fe2d4d84bbf8f3d5dee76ffc0d0c490223335ff120a69dd1,2026-09-12
GER2,1. FC Kaiserslautern,2,Ivan Prtajin,340700,1996-05-14,Mittelstürmer,9,2025-07-01,,[],https://www.transfermarkt.de/ivan-prtajin/profil/spieler/340700,CONFIRMED,STAGE_CURRENT_SQUAD,https://www.transfermarkt.de/1-fc-kaiserslautern/kader/verein/2/saison_id/2026/plus/1,f57ab040dd8126f8fe2d4d84bbf8f3d5dee76ffc0d0c490223335ff120a69dd1,2026-09-12
GER2,Hertha BSC,44,Konstantin Heide,829831,2006-01-27,Torwart,13,2025-08-22,2028-06-30,[],https://www.transfermarkt.de/konstantin-heide/profil/spieler/829831,CONFIRMED,STAGE_CURRENT_SQUAD,https://www.transfermarkt.de/hertha-bsc/kader/verein/44/saison_id/2026/plus/1,ef58d9277a7c8472efef0e1196d30918a7a6beed8d2cadd9f3cdca341e9a64b2,2026-09-12
GER2,Hertha BSC,44,Marius Gersbeck,196382,1995-06-20,Torwart,35,2023-07-01,2027-06-30,[],https://www.transfermarkt.de/marius-gersbeck/profil/spieler/196382,CONFIRMED,STAGE_CURRENT_SQUAD,https://www.transfermarkt.de/hertha-bsc/kader/verein/44/saison_id/2026/plus/1,ef58d9277a7c8472efef0e1196d30918a7a6beed8d2cadd9f3cdca341e9a64b2,2026-09-12
GER2,Hertha BSC,44,Tim Goller,822960,2005-01-26,Torwart,43,2023-07-01,2028-06-30,[],https://www.transfermarkt.de/tim-goller/profil/spieler/822960,CONFIRMED,STAGE_CURRENT_SQUAD,https://www.transfermarkt.de/hertha-bsc/kader/verein/44/saison_id/2026/plus/1,ef58d9277a7c8472efef0e1196d30918a7a6beed8d2cadd9f3cdca341e9a64b2,2026-09-12
GER2,Hertha BSC,44,Linus Gechter,692734,2004-02-27,Innenverteidiger,44,2022-01-01,,[],https://www.transfermarkt.de/linus-gechter/profil/spieler/692734,CONFIRMED,STAGE_CURRENT_SQUAD,https://www.transfermarkt.de/hertha-bsc/kader/verein/44/saison_id/2026/plus/1,ef58d9277a7c8472efef0e1196d30918a7a6beed8d2cadd9f3cdca341e9a64b2,2026-09-12
GER2,Hertha BSC,44,Márton Dárdai,432281,2002-02-12,Innenverteidiger,31,2020-07-01,2028-06-30,[],https://www.transfermarkt.de/marton-dardai/profil/spieler/432281,CONFIRMED,STAGE_CURRENT_SQUAD,https://www.transfermarkt.de/hertha-bsc/kader/verein/44/saison_id/2026/plus/1,ef58d9277a7c8472efef0e1196d30918a7a6beed8d2cadd9f3cdca341e9a64b2,2026-09-12
GER2,Hertha BSC,44,Pascal Klemens,820261,2005-02-23,Innenverteidiger,41,2023-07-01,2028-06-30,[],https://www.transfermarkt.de/pascal-klemens/profil/spieler/820261,CONFIRMED,STAGE_CURRENT_SQUAD,https://www.transfermarkt.de/hertha-bsc/kader/verein/44/saison_id/2026/plus/1,ef58d9277a7c8472efef0e1196d30918a7a6beed8d2cadd9f3cdca341e9a64b2,2026-09-12
GER2,Hertha BSC,44,Niklas Kolbe,388508,1996-12-27,Innenverteidiger,27,2025-07-01,2027-06-30,[],https://www.transfermarkt.de/niklas-kolbe/profil/spieler/388508,CONFIRMED,STAGE_CURRENT_SQUAD,https://www.transfermarkt.de/hertha-bsc/kader/verein/44/saison_id/2026/plus/1,ef58d9277a7c8472efef0e1196d30918a7a6beed8d2cadd9f3cdca341e9a64b2,2026-09-12
GER2,Hertha BSC,44,Jerome Diallo,1379283,2009-06-13,Innenverteidiger,29,,2029-06-30,[],https://www.transfermarkt.de/jerome-diallo/profil/spieler/1379283,CONFIRMED,REVIEW_REQUIRED,https://www.transfermarkt.de/hertha-bsc/kader/verein/44/saison_id/2026/plus/1,ef58d9277a7c8472efef0e1196d30918a7a6beed8d2cadd9f3cdca341e9a64b2,2026-09-12
GER2,Hertha BSC,44,Mads Pedersen,288429,1996-09-01,Linker Verteidiger,22,2026-08-24,2027-06-30,"[""Neuzugang von: FC Augsburg; Datum: 24.08.2026; Ablöse: 150 Tsd. €""]",https://www.transfermarkt.de/mads-pedersen/profil/spieler/288429,CONFIRMED,STAGE_CURRENT_SQUAD,https://www.transfermarkt.de/hertha-bsc/kader/verein/44/saison_id/2026/plus/1,ef58d9277a7c8472efef0e1196d30918a7a6beed8d2cadd9f3cdca341e9a64b2,2026-09-12
GER2,Hertha BSC,44,Mayson Grothe,1228839,2009-01-21,Linker Verteidiger,34,,,[],https://www.transfermarkt.de/mayson-grothe/profil/spieler/1228839,CONFIRMED,REVIEW_REQUIRED,https://www.transfermarkt.de/hertha-bsc/kader/verein/44/saison_id/2026/plus/1,ef58d9277a7c8472efef0e1196d30918a7a6beed8d2cadd9f3cdca341e9a64b2,2026-09-12
GER2,Hertha BSC,44,Julian Eitschberger,706617,2004-03-05,Rechter Verteidiger,2,2022-07-01,2029-06-30,[],https://www.transfermarkt.de/julian-eitschberger/profil/spieler/706617,CONFIRMED,STAGE_CURRENT_SQUAD,https://www.transfermarkt.de/hertha-bsc/kader/verein/44/saison_id/2026/plus/1,ef58d9277a7c8472efef0e1196d30918a7a6beed8d2cadd9f3cdca341e9a64b2,2026-09-12
GER2,Hertha BSC,44,Deyovaisio Zeefuik,338032,1998-03-11,Rechter Verteidiger,42,2020-08-06,2027-06-30,[],https://www.transfermarkt.de/deyovaisio-zeefuik/profil/spieler/338032,CONFIRMED,STAGE_CURRENT_SQUAD,https://www.transfermarkt.de/hertha-bsc/kader/verein/44/saison_id/2026/plus/1,ef58d9277a7c8472efef0e1196d30918a7a6beed8d2cadd9f3cdca341e9a64b2,2026-09-12
GER2,Hertha BSC,44,Boris Mamuzah Lum,1067659,2007-10-02,Defensives Mittelfeld,21,2025-07-01,,[],https://www.transfermarkt.de/boris-mamuzah-lum/profil/spieler/1067659,CONFIRMED,REVIEW_REQUIRED,https://www.transfermarkt.de/hertha-bsc/kader/verein/44/saison_id/2026/plus/1,ef58d9277a7c8472efef0e1196d30918a7a6beed8d2cadd9f3cdca341e9a64b2,2026-09-12
GER2,Hertha BSC,44,Selim Telib,897428,2006-03-14,Defensives Mittelfeld,47,2026-07-01,2027-06-30,"[""Interner Wechsel: Hertha BSC II; Datum: 01.07.2026""]",https://www.transfermarkt.de/selim-telib/profil/spieler/897428,CONFIRMED,STAGE_CURRENT_SQUAD,https://www.transfermarkt.de/hertha-bsc/kader/verein/44/saison_id/2026/plus/1,ef58d9277a7c8472efef0e1196d30918a7a6beed8d2cadd9f3cdca341e9a64b2,2026-09-12
GER2,Hertha BSC,44,Kevin Sessa,448028,2000-07-06,Zentrales Mittelfeld,8,2024-07-01,2027-06-30,[],https://www.transfermarkt.de/kevin-sessa/profil/spieler/448028,CONFIRMED,STAGE_CURRENT_SQUAD,https://www.transfermarkt.de/hertha-bsc/kader/verein/44/saison_id/2026/plus/1,ef58d9277a7c8472efef0e1196d30918a7a6beed8d2cadd9f3cdca341e9a64b2,2026-09-12
GER2,Hertha BSC,44,Paul Seguin,183780,1995-03-29,Zentrales Mittelfeld,30,2025-07-01,2027-06-30,[],https://www.transfermarkt.de/paul-seguin/profil/spieler/183780,CONFIRMED,STAGE_CURRENT_SQUAD,https://www.transfermarkt.de/hertha-bsc/kader/verein/44/saison_id/2026/plus/1,ef58d9277a7c8472efef0e1196d30918a7a6beed8d2cadd9f3cdca341e9a64b2,2026-09-12
GER2,Hertha BSC,44,Soufian Gouram,897482,2006-05-01,Zentrales Mittelfeld,33,2026-07-01,2027-06-30,"[""Interner Wechsel: Hertha BSC II; Datum: 01.07.2026""]",https://www.transfermarkt.de/soufian-gouram/profil/spieler/897482,CONFIRMED,STAGE_CURRENT_SQUAD,https://www.transfermarkt.de/hertha-bsc/kader/verein/44/saison_id/2026/plus/1,ef58d9277a7c8472efef0e1196d30918a7a6beed8d2cadd9f3cdca341e9a64b2,2026-09-12
GER2,Hertha BSC,44,Kian Todorovic,1045444,2007-04-18,Zentrales Mittelfeld,36,,,[],https://www.transfermarkt.de/kian-todorovic/profil/spieler/1045444,CONFIRMED,REVIEW_REQUIRED,https://www.transfermarkt.de/hertha-bsc/kader/verein/44/saison_id/2026/plus/1,ef58d9277a7c8472efef0e1196d30918a7a6beed8d2cadd9f3cdca341e9a64b2,2026-09-12
GER2,Hertha BSC,44,Oluwaseun Adewumi,982081,2005-02-23,Offensives Mittelfeld,19,2026-07-24,2027-06-30,[],https://www.transfermarkt.de/oluwaseun-adewumi/profil/spieler/982081,CONFIRMED,REVIEW_REQUIRED,https://www.transfermarkt.de/hertha-bsc/kader/verein/44/saison_id/2026/plus/1,ef58d9277a7c8472efef0e1196d30918a7a6beed8d2cadd9f3cdca341e9a64b2,2026-09-12
GER2,Hertha BSC,44,Josip Brekalo,293169,1998-06-23,Linksaußen,7,2026-02-02,2028-06-30,[],https://www.transfermarkt.de/josip-brekalo/profil/spieler/293169,CONFIRMED,STAGE_CURRENT_SQUAD,https://www.transfermarkt.de/hertha-bsc/kader/verein/44/saison_id/2026/plus/1,ef58d9277a7c8472efef0e1196d30918a7a6beed8d2cadd9f3cdca341e9a64b2,2026-09-12
GER2,Hertha BSC,44,Jón Dagur Thorsteinsson,331739,1998-11-26,Linksaußen,23,2024-08-27,2027-06-30,"[""Rückkehr nach Leihe von: SK Brann; Datum: 30.06.2026; Ablöse: Leih-Ende""]",https://www.transfermarkt.de/jon-dagur-thorsteinsson/profil/spieler/331739,CONFIRMED,STAGE_CURRENT_SQUAD,https://www.transfermarkt.de/hertha-bsc/kader/verein/44/saison_id/2026/plus/1,ef58d9277a7c8472efef0e1196d30918a7a6beed8d2cadd9f3cdca341e9a64b2,2026-09-12
GER2,Hertha BSC,44,Farid Alfa-Ruprecht,897402,2006-03-28,Rechtsaußen,20,2026-08-20,2027-06-30,[],https://www.transfermarkt.de/farid-alfa-ruprecht/profil/spieler/897402,CONFIRMED,REVIEW_REQUIRED,https://www.transfermarkt.de/hertha-bsc/kader/verein/44/saison_id/2026/plus/1,ef58d9277a7c8472efef0e1196d30918a7a6beed8d2cadd9f3cdca341e9a64b2,2026-09-12
GER2,Hertha BSC,44,Jelani Ndi,1062715,2007-08-04,Rechtsaußen,28,2026-07-01,,"[""Interner Wechsel: Hertha BSC II; Datum: 01.07.2026""]",https://www.transfermarkt.de/jelani-ndi/profil/spieler/1062715,CONFIRMED,REVIEW_REQUIRED,https://www.transfermarkt.de/hertha-bsc/kader/verein/44/saison_id/2026/plus/1,ef58d9277a7c8472efef0e1196d30918a7a6beed8d2cadd9f3cdca341e9a64b2,2026-09-12
GER2,Hertha BSC,44,Gustaf Nilsson,320440,1997-05-23,Mittelstürmer,9,2026-08-31,2027-06-30,[],https://www.transfermarkt.de/gustaf-nilsson/profil/spieler/320440,CONFIRMED,REVIEW_REQUIRED,https://www.transfermarkt.de/hertha-bsc/kader/verein/44/saison_id/2026/plus/1,ef58d9277a7c8472efef0e1196d30918a7a6beed8d2cadd9f3cdca341e9a64b2,2026-09-12
GER2,Hertha BSC,44,Luca Schuler,388029,1999-03-22,Mittelstürmer,18,2024-07-01,2027-06-30,[],https://www.transfermarkt.de/luca-schuler/profil/spieler/388029,CONFIRMED,STAGE_CURRENT_SQUAD,https://www.transfermarkt.de/hertha-bsc/kader/verein/44/saison_id/2026/plus/1,ef58d9277a7c8472efef0e1196d30918a7a6beed8d2cadd9f3cdca341e9a64b2,2026-09-12
GER2,Hertha BSC,44,Sebastian Grönning,439456,1997-02-03,Mittelstürmer,17,2025-07-01,2027-06-30,[],https://www.transfermarkt.de/sebastian-gronning/profil/spieler/439456,CONFIRMED,STAGE_CURRENT_SQUAD,https://www.transfermarkt.de/hertha-bsc/kader/verein/44/saison_id/2026/plus/1,ef58d9277a7c8472efef0e1196d30918a7a6beed8d2cadd9f3cdca341e9a64b2,2026-09-12
GER2,Hertha BSC,44,Niklas Hildebrandt,1163050,2008-07-08,Mittelstürmer,26,,,[],https://www.transfermarkt.de/niklas-hildebrandt/profil/spieler/1163050,CONFIRMED,REVIEW_REQUIRED,https://www.transfermarkt.de/hertha-bsc/kader/verein/44/saison_id/2026/plus/1,ef58d9277a7c8472efef0e1196d30918a7a6beed8d2cadd9f3cdca341e9a64b2,2026-09-12
GER2,1. FC Nürnberg,4,Jan Reichert,624462,2001-06-28,Torwart,1,2022-07-01,2027-06-30,[],https://www.transfermarkt.de/jan-reichert/profil/spieler/624462,CONFIRMED,STAGE_CURRENT_SQUAD,https://www.transfermarkt.de/1-fc-nurnberg/kader/verein/4/saison_id/2026/plus/1,1d02eebfb6b905a4b771fed6091258b15847c4bfb1b6d4bd643980220ba21ebd,2026-09-12
GER2,1. FC Nürnberg,4,Christian Mathenia,82361,1992-03-31,Torwart,26,2018-07-01,2028-06-30,[],https://www.transfermarkt.de/christian-mathenia/profil/spieler/82361,CONFIRMED,STAGE_CURRENT_SQUAD,https://www.transfermarkt.de/1-fc-nurnberg/kader/verein/4/saison_id/2026/plus/1,1d02eebfb6b905a4b771fed6091258b15847c4bfb1b6d4bd643980220ba21ebd,2026-09-12
GER2,1. FC Nürnberg,4,Robin Lisewski,884818,2006-02-13,Torwart,13,2025-07-01,,[],https://www.transfermarkt.de/robin-lisewski/profil/spieler/884818,CONFIRMED,REVIEW_REQUIRED,https://www.transfermarkt.de/1-fc-nurnberg/kader/verein/4/saison_id/2026/plus/1,1d02eebfb6b905a4b771fed6091258b15847c4bfb1b6d4bd643980220ba21ebd,2026-09-12
GER2,1. FC Nürnberg,4,Nicolas Ortegel,666167,2004-01-07,Torwart,46,2023-07-01,2027-06-30,"[""Rückkehr nach Leihe von: BFC Dynamo; Datum: 30.06.2026; Ablöse: Leih-Ende""]",https://www.transfermarkt.de/nicolas-ortegel/profil/spieler/666167,CONFIRMED,REVIEW_REQUIRED,https://www.transfermarkt.de/1-fc-nurnberg/kader/verein/4/saison_id/2026/plus/1,1d02eebfb6b905a4b771fed6091258b15847c4bfb1b6d4bd643980220ba21ebd,2026-09-12
GER2,1. FC Nürnberg,4,Mikayil Faye,666974,2004-07-14,Innenverteidiger,15,2026-07-23,2027-06-30,[],https://www.transfermarkt.de/mikayil-faye/profil/spieler/666974,CONFIRMED,REVIEW_REQUIRED,https://www.transfermarkt.de/1-fc-nurnberg/kader/verein/4/saison_id/2026/plus/1,1d02eebfb6b905a4b771fed6091258b15847c4bfb1b6d4bd643980220ba21ebd,2026-09-12
GER2,1. FC Nürnberg,4,Alexios Kalogeropoulos,735354,2004-07-26,Innenverteidiger,4,2026-07-01,2030-06-30,"[""Neuzugang von: Olympiakos Piräus; Datum: 01.07.2026; Ablöse: ablösefrei""]",https://www.transfermarkt.de/alexios-kalogeropoulos/profil/spieler/735354,CONFIRMED,STAGE_CURRENT_SQUAD,https://www.transfermarkt.de/1-fc-nurnberg/kader/verein/4/saison_id/2026/plus/1,1d02eebfb6b905a4b771fed6091258b15847c4bfb1b6d4bd643980220ba21ebd,2026-09-12
GER2,1. FC Nürnberg,4,Styopa Mkrtchyan,623119,2003-02-17,Innenverteidiger,5,2026-02-02,,[],https://www.transfermarkt.de/styopa-mkrtchyan/profil/spieler/623119,CONFIRMED,STAGE_CURRENT_SQUAD,https://www.transfermarkt.de/1-fc-nurnberg/kader/verein/4/saison_id/2026/plus/1,1d02eebfb6b905a4b771fed6091258b15847c4bfb1b6d4bd643980220ba21ebd,2026-09-12
GER2,1. FC Nürnberg,4,Fynn Otto,529198,2002-03-08,Innenverteidiger,20,2026-07-01,,"[""Neuzugang von: SC Verl; Datum: 01.07.2026; Ablöse: ablösefrei""]",https://www.transfermarkt.de/fynn-otto/profil/spieler/529198,CONFIRMED,REVIEW_REQUIRED,https://www.transfermarkt.de/1-fc-nurnberg/kader/verein/4/saison_id/2026/plus/1,1d02eebfb6b905a4b771fed6091258b15847c4bfb1b6d4bd643980220ba21ebd,2026-09-12
GER2,1. FC Nürnberg,4,Kristian Mandic,1116267,2007-10-02,Innenverteidiger,36,,2028-06-30,[],https://www.transfermarkt.de/kristian-mandic/profil/spieler/1116267,CONFIRMED,REVIEW_REQUIRED,https://www.transfermarkt.de/1-fc-nurnberg/kader/verein/4/saison_id/2026/plus/1,1d02eebfb6b905a4b771fed6091258b15847c4bfb1b6d4bd643980220ba21ebd,2026-09-12
GER2,1. FC Nürnberg,4,Eric Porstner,1152976,2007-05-09,Linker Verteidiger,41,2025-07-01,,[],https://www.transfermarkt.de/eric-porstner/profil/spieler/1152976,CONFIRMED,REVIEW_REQUIRED,https://www.transfermarkt.de/1-fc-nurnberg/kader/verein/4/saison_id/2026/plus/1,1d02eebfb6b905a4b771fed6091258b15847c4bfb1b6d4bd643980220ba21ebd,2026-09-12
GER2,1. FC Nürnberg,4,Andrea Ceresoli,567475,2003-03-25,Linker Verteidiger,14,2026-08-04,2029-06-30,"[""Neuzugang von: Atalanta U23; Datum: 04.08.2026; Ablöse: 500 Tsd. €""]",https://www.transfermarkt.de/andrea-ceresoli/profil/spieler/567475,CONFIRMED,REVIEW_REQUIRED,https://www.transfermarkt.de/1-fc-nurnberg/kader/verein/4/saison_id/2026/plus/1,1d02eebfb6b905a4b771fed6091258b15847c4bfb1b6d4bd643980220ba21ebd,2026-09-12
GER2,1. FC Nürnberg,4,Tobias Heß,1030193,2006-06-13,Linker Verteidiger,43,2026-07-01,2027-06-30,"[""Interner Wechsel: 1.FC Nürnberg II; Datum: 01.07.2026""]",https://www.transfermarkt.de/tobias-hess/profil/spieler/1030193,CONFIRMED,STAGE_CURRENT_SQUAD,https://www.transfermarkt.de/1-fc-nurnberg/kader/verein/4/saison_id/2026/plus/1,1d02eebfb6b905a4b771fed6091258b15847c4bfb1b6d4bd643980220ba21ebd,2026-09-12
GER2,1. FC Nürnberg,4,Tim Janisch,924115,2005-08-12,Rechter Verteidiger,32,2025-01-01,,[],https://www.transfermarkt.de/tim-janisch/profil/spieler/924115,CONFIRMED,STAGE_CURRENT_SQUAD,https://www.transfermarkt.de/1-fc-nurnberg/kader/verein/4/saison_id/2026/plus/1,1d02eebfb6b905a4b771fed6091258b15847c4bfb1b6d4bd643980220ba21ebd,2026-09-12
GER2,1. FC Nürnberg,4,Giannis Masouras,295780,1996-08-24,Rechter Verteidiger,21,2026-07-01,,"[""Neuzugang von: Omonia Nikosia; Datum: 01.07.2026; Ablöse: ablösefrei""]",https://www.transfermarkt.de/giannis-masouras/profil/spieler/295780,CONFIRMED,REVIEW_REQUIRED,https://www.transfermarkt.de/1-fc-nurnberg/kader/verein/4/saison_id/2026/plus/1,1d02eebfb6b905a4b771fed6091258b15847c4bfb1b6d4bd643980220ba21ebd,2026-09-12
GER2,1. FC Nürnberg,4,Adam Markhiev,592878,2002-03-17,Defensives Mittelfeld,6,2025-09-01,2030-06-30,[],https://www.transfermarkt.de/adam-markhiev/profil/spieler/592878,CONFIRMED,STAGE_CURRENT_SQUAD,https://www.transfermarkt.de/1-fc-nurnberg/kader/verein/4/saison_id/2026/plus/1,1d02eebfb6b905a4b771fed6091258b15847c4bfb1b6d4bd643980220ba21ebd,2026-09-12
GER2,1. FC Nürnberg,4,Winners Osawe,974564,2006-11-29,Defensives Mittelfeld,-,2024-08-30,,"[""Rückkehr nach Leihe von: 1.FC Schweinfurt 05; Datum: 30.06.2026; Ablöse: Leih-Ende""]",https://www.transfermarkt.de/winners-osawe/profil/spieler/974564,CONFIRMED,STAGE_CURRENT_SQUAD,https://www.transfermarkt.de/1-fc-nurnberg/kader/verein/4/saison_id/2026/plus/1,1d02eebfb6b905a4b771fed6091258b15847c4bfb1b6d4bd643980220ba21ebd,2026-09-12
GER2,1. FC Nürnberg,4,Marc Kornwachs Barjuan,1361782,2009-02-21,Defensives Mittelfeld,35,,2028-06-30,[],https://www.transfermarkt.de/marc-kornwachs-barjuan/profil/spieler/1361782,CONFIRMED,REVIEW_REQUIRED,https://www.transfermarkt.de/1-fc-nurnberg/kader/verein/4/saison_id/2026/plus/1,1d02eebfb6b905a4b771fed6091258b15847c4bfb1b6d4bd643980220ba21ebd,2026-09-12
GER2,1. FC Nürnberg,4,Rafael Lubach,745601,2005-01-11,Zentrales Mittelfeld,18,2024-07-01,2028-06-30,[],https://www.transfermarkt.de/rafael-lubach/profil/spieler/745601,CONFIRMED,STAGE_CURRENT_SQUAD,https://www.transfermarkt.de/1-fc-nurnberg/kader/verein/4/saison_id/2026/plus/1,1d02eebfb6b905a4b771fed6091258b15847c4bfb1b6d4bd643980220ba21ebd,2026-09-12
GER2,1. FC Nürnberg,4,Javier Fernández,937952,2006-11-28,Zentrales Mittelfeld,8,2026-01-31,2027-06-30,[],https://www.transfermarkt.de/javier-fernandez/profil/spieler/937952,CONFIRMED,REVIEW_REQUIRED,https://www.transfermarkt.de/1-fc-nurnberg/kader/verein/4/saison_id/2026/plus/1,1d02eebfb6b905a4b771fed6091258b15847c4bfb1b6d4bd643980220ba21ebd,2026-09-12
GER2,1. FC Nürnberg,4,Finn Becker,334999,2000-06-08,Zentrales Mittelfeld,22,2025-08-27,,[],https://www.transfermarkt.de/finn-becker/profil/spieler/334999,CONFIRMED,STAGE_CURRENT_SQUAD,https://www.transfermarkt.de/1-fc-nurnberg/kader/verein/4/saison_id/2026/plus/1,1d02eebfb6b905a4b771fed6091258b15847c4bfb1b6d4bd643980220ba21ebd,2026-09-12
GER2,1. FC Nürnberg,4,Marko Soldic,1361784,2010-01-06,Zentrales Mittelfeld,16,,2029-06-30,[],https://www.transfermarkt.de/marko-soldic/profil/spieler/1361784,CONFIRMED,REVIEW_REQUIRED,https://www.transfermarkt.de/1-fc-nurnberg/kader/verein/4/saison_id/2026/plus/1,1d02eebfb6b905a4b771fed6091258b15847c4bfb1b6d4bd643980220ba21ebd,2026-09-12
GER2,1. FC Nürnberg,4,Julian Justvan,324861,1998-04-02,Offensives Mittelfeld,10,2024-08-20,2027-06-30,[],https://www.transfermarkt.de/julian-justvan/profil/spieler/324861,CONFIRMED,STAGE_CURRENT_SQUAD,https://www.transfermarkt.de/1-fc-nurnberg/kader/verein/4/saison_id/2026/plus/1,1d02eebfb6b905a4b771fed6091258b15847c4bfb1b6d4bd643980220ba21ebd,2026-09-12
GER2,1. FC Nürnberg,4,Can Moustfa,696026,2004-11-19,Linksaußen,28,2026-07-01,,"[""Neuzugang von: FC Energie Cottbus; Datum: 01.07.2026; Ablöse: 300 Tsd. €""]",https://www.transfermarkt.de/can-moustfa/profil/spieler/696026,CONFIRMED,STAGE_CURRENT_SQUAD,https://www.transfermarkt.de/1-fc-nurnberg/kader/verein/4/saison_id/2026/plus/1,1d02eebfb6b905a4b771fed6091258b15847c4bfb1b6d4bd643980220ba21ebd,2026-09-12
GER2,1. FC Nürnberg,4,Rayan Ghrieb,503291,1999-04-21,Rechtsaußen,7,2026-07-01,,"[""Neuzugang von: 1.FC Magdeburg; Datum: 01.07.2026; Ablöse: 600 Tsd. €""]",https://www.transfermarkt.de/rayan-ghrieb/profil/spieler/503291,CONFIRMED,STAGE_CURRENT_SQUAD,https://www.transfermarkt.de/1-fc-nurnberg/kader/verein/4/saison_id/2026/plus/1,1d02eebfb6b905a4b771fed6091258b15847c4bfb1b6d4bd643980220ba21ebd,2026-09-12
GER2,1. FC Nürnberg,4,Mohamed Alì Zoma,935828,2003-12-15,Hängende Spitze,23,2025-08-19,2029-06-30,[],https://www.transfermarkt.de/mohamed-ali-zoma/profil/spieler/935828,CONFIRMED,STAGE_CURRENT_SQUAD,https://www.transfermarkt.de/1-fc-nurnberg/kader/verein/4/saison_id/2026/plus/1,1d02eebfb6b905a4b771fed6091258b15847c4bfb1b6d4bd643980220ba21ebd,2026-09-12
GER2,1. FC Nürnberg,4,William Bøving,610400,2003-03-01,Mittelstürmer,11,2026-08-28,2027-06-30,[],https://www.transfermarkt.de/william-boving/profil/spieler/610400,CONFIRMED,REVIEW_REQUIRED,https://www.transfermarkt.de/1-fc-nurnberg/kader/verein/4/saison_id/2026/plus/1,1d02eebfb6b905a4b771fed6091258b15847c4bfb1b6d4bd643980220ba21ebd,2026-09-12
GER2,1. FC Nürnberg,4,Sigurd Haugen,386541,1997-07-17,Mittelstürmer,9,2026-07-01,,"[""Neuzugang von: TSV 1860 München; Datum: 01.07.2026; Ablöse: ablösefrei""]",https://www.transfermarkt.de/sigurd-haugen/profil/spieler/386541,CONFIRMED,STAGE_CURRENT_SQUAD,https://www.transfermarkt.de/1-fc-nurnberg/kader/verein/4/saison_id/2026/plus/1,1d02eebfb6b905a4b771fed6091258b15847c4bfb1b6d4bd643980220ba21ebd,2026-09-12
GER2,1. FC Nürnberg,4,Piet Scobel,1143097,2005-04-22,Mittelstürmer,19,2025-07-01,2029-06-30,[],https://www.transfermarkt.de/piet-scobel/profil/spieler/1143097,CONFIRMED,STAGE_CURRENT_SQUAD,https://www.transfermarkt.de/1-fc-nurnberg/kader/verein/4/saison_id/2026/plus/1,1d02eebfb6b905a4b771fed6091258b15847c4bfb1b6d4bd643980220ba21ebd,2026-09-12
GER2,1. FC Nürnberg,4,Adriano Grimaldi,69392,1991-04-05,Mittelstürmer,39,2025-09-01,,[],https://www.transfermarkt.de/adriano-grimaldi/profil/spieler/69392,CONFIRMED,STAGE_CURRENT_SQUAD,https://www.transfermarkt.de/1-fc-nurnberg/kader/verein/4/saison_id/2026/plus/1,1d02eebfb6b905a4b771fed6091258b15847c4bfb1b6d4bd643980220ba21ebd,2026-09-12
GER2,VfL Bochum 1848,80,Timo Horn,84938,1993-05-12,Torwart,1,2024-08-01,2028-06-30,[],https://www.transfermarkt.de/timo-horn/profil/spieler/84938,CONFIRMED,STAGE_CURRENT_SQUAD,https://www.transfermarkt.de/vfl-bochum/kader/verein/80/saison_id/2026/plus/1,46a6a42e333b793b20bad6d9e1b77f42c8ca39e91c8c69a2bf0dbb6aa5adc64a,2026-09-12
GER2,VfL Bochum 1848,80,Tino Casali,169271,1995-11-14,Torwart,16,2026-07-16,2028-06-30,"[""Neuzugang von: Rot-Weiss Essen; Datum: 16.07.2026; Ablöse: ablösefrei""]",https://www.transfermarkt.de/tino-casali/profil/spieler/169271,CONFIRMED,STAGE_CURRENT_SQUAD,https://www.transfermarkt.de/vfl-bochum/kader/verein/80/saison_id/2026/plus/1,46a6a42e333b793b20bad6d9e1b77f42c8ca39e91c8c69a2bf0dbb6aa5adc64a,2026-09-12
GER2,VfL Bochum 1848,80,Hugo Rölleke,930004,2005-05-06,Torwart,38,2025-07-01,2029-06-30,[],https://www.transfermarkt.de/hugo-rolleke/profil/spieler/930004,CONFIRMED,STAGE_CURRENT_SQUAD,https://www.transfermarkt.de/vfl-bochum/kader/verein/80/saison_id/2026/plus/1,46a6a42e333b793b20bad6d9e1b77f42c8ca39e91c8c69a2bf0dbb6aa5adc64a,2026-09-12
GER2,VfL Bochum 1848,80,Michael Steinwender,375434,2000-05-04,Innenverteidiger,15,2026-07-01,2029-06-30,"[""Neuzugang von: Heart of Midlothian FC; Datum: 01.07.2026; Ablöse: 500 Tsd. €""]",https://www.transfermarkt.de/michael-steinwender/profil/spieler/375434,CONFIRMED,STAGE_CURRENT_SQUAD,https://www.transfermarkt.de/vfl-bochum/kader/verein/80/saison_id/2026/plus/1,46a6a42e333b793b20bad6d9e1b77f42c8ca39e91c8c69a2bf0dbb6aa5adc64a,2026-09-12
GER2,VfL Bochum 1848,80,Philipp Strompf,337031,1998-04-23,Innenverteidiger,3,2025-07-01,2028-06-30,[],https://www.transfermarkt.de/philipp-strompf/profil/spieler/337031,CONFIRMED,STAGE_CURRENT_SQUAD,https://www.transfermarkt.de/vfl-bochum/kader/verein/80/saison_id/2026/plus/1,46a6a42e333b793b20bad6d9e1b77f42c8ca39e91c8c69a2bf0dbb6aa5adc64a,2026-09-12
GER2,VfL Bochum 1848,80,Karol Mets,139304,1993-05-16,Innenverteidiger,5,2026-07-17,2028-06-30,"[""Neuzugang von: FC St. Pauli; Datum: 17.07.2026; Ablöse: ablösefrei""]",https://www.transfermarkt.de/karol-mets/profil/spieler/139304,CONFIRMED,STAGE_CURRENT_SQUAD,https://www.transfermarkt.de/vfl-bochum/kader/verein/80/saison_id/2026/plus/1,46a6a42e333b793b20bad6d9e1b77f42c8ca39e91c8c69a2bf0dbb6aa5adc64a,2026-09-12
GER2,VfL Bochum 1848,80,Yiğit Karademir,796217,2004-04-10,Innenverteidiger,4,2026-07-01,2030-06-30,"[""Neuzugang von: VfL Osnabrück; Datum: 01.07.2026; Ablöse: ablösefrei""]",https://www.transfermarkt.de/yigit-karademir/profil/spieler/796217,CONFIRMED,STAGE_CURRENT_SQUAD,https://www.transfermarkt.de/vfl-bochum/kader/verein/80/saison_id/2026/plus/1,46a6a42e333b793b20bad6d9e1b77f42c8ca39e91c8c69a2bf0dbb6aa5adc64a,2026-09-12
GER2,VfL Bochum 1848,80,Maximilian Wittek,196793,1995-08-21,Linker Verteidiger,32,2023-08-14,2028-06-30,[],https://www.transfermarkt.de/maximilian-wittek/profil/spieler/196793,CONFIRMED,STAGE_CURRENT_SQUAD,https://www.transfermarkt.de/vfl-bochum/kader/verein/80/saison_id/2026/plus/1,46a6a42e333b793b20bad6d9e1b77f42c8ca39e91c8c69a2bf0dbb6aa5adc64a,2026-09-12
GER2,VfL Bochum 1848,80,Leon Sawas,1159505,2007-07-11,Linker Verteidiger,31,2026-07-01,2028-06-30,"[""Neuzugang von: SC Freiburg U19; Datum: 01.07.2026; Ablöse: ablösefrei""]",https://www.transfermarkt.de/leon-sawas/profil/spieler/1159505,CONFIRMED,STAGE_CURRENT_SQUAD,https://www.transfermarkt.de/vfl-bochum/kader/verein/80/saison_id/2026/plus/1,46a6a42e333b793b20bad6d9e1b77f42c8ca39e91c8c69a2bf0dbb6aa5adc64a,2026-09-12
GER2,VfL Bochum 1848,80,Oliver Olsen,400542,2000-08-13,Rechter Verteidiger,13,2026-02-02,2030-06-30,[],https://www.transfermarkt.de/oliver-olsen/profil/spieler/400542,CONFIRMED,REVIEW_REQUIRED,https://www.transfermarkt.de/vfl-bochum/kader/verein/80/saison_id/2026/plus/1,46a6a42e333b793b20bad6d9e1b77f42c8ca39e91c8c69a2bf0dbb6aa5adc64a,2026-09-12
GER2,VfL Bochum 1848,80,Jean Manuel Mbom,335003,2000-02-24,Rechter Verteidiger,8,2026-07-01,2029-06-30,"[""Neuzugang von: Viborg FF; Datum: 01.07.2026; Ablöse: ablösefrei""]",https://www.transfermarkt.de/jean-manuel-mbom/profil/spieler/335003,CONFIRMED,STAGE_CURRENT_SQUAD,https://www.transfermarkt.de/vfl-bochum/kader/verein/80/saison_id/2026/plus/1,46a6a42e333b793b20bad6d9e1b77f42c8ca39e91c8c69a2bf0dbb6aa5adc64a,2026-09-12
GER2,VfL Bochum 1848,80,Sean Klaiber,268113,1994-07-31,Rechter Verteidiger,2,2026-08-31,,"[""Neuzugang von: Bröndby IF; Datum: 31.08.2026; Ablöse: ablösefrei""]",https://www.transfermarkt.de/sean-klaiber/profil/spieler/268113,CONFIRMED,STAGE_CURRENT_SQUAD,https://www.transfermarkt.de/vfl-bochum/kader/verein/80/saison_id/2026/plus/1,46a6a42e333b793b20bad6d9e1b77f42c8ca39e91c8c69a2bf0dbb6aa5adc64a,2026-09-12
GER2,VfL Bochum 1848,80,Enis Cokaj,644244,1999-02-23,Defensives Mittelfeld,6,2026-07-01,2028-06-30,"[""Neuzugang von: Panathinaikos Athen; Datum: 01.07.2026; Ablöse: ablösefrei""]",https://www.transfermarkt.de/enis-cokaj/profil/spieler/644244,CONFIRMED,REVIEW_REQUIRED,https://www.transfermarkt.de/vfl-bochum/kader/verein/80/saison_id/2026/plus/1,46a6a42e333b793b20bad6d9e1b77f42c8ca39e91c8c69a2bf0dbb6aa5adc64a,2026-09-12
GER2,VfL Bochum 1848,80,Lasse Isbruch,1253286,2008-06-15,Defensives Mittelfeld,39,2026-07-01,2028-06-30,"[""Interner Wechsel: VfL Bochum U19; Datum: 01.07.2026""]",https://www.transfermarkt.de/lasse-isbruch/profil/spieler/1253286,CONFIRMED,STAGE_CURRENT_SQUAD,https://www.transfermarkt.de/vfl-bochum/kader/verein/80/saison_id/2026/plus/1,46a6a42e333b793b20bad6d9e1b77f42c8ca39e91c8c69a2bf0dbb6aa5adc64a,2026-09-12
GER2,VfL Bochum 1848,80,Mats Pannewig,796221,2004-10-28,Zentrales Mittelfeld,24,2023-07-01,2028-06-30,[],https://www.transfermarkt.de/mats-pannewig/profil/spieler/796221,CONFIRMED,STAGE_CURRENT_SQUAD,https://www.transfermarkt.de/vfl-bochum/kader/verein/80/saison_id/2026/plus/1,46a6a42e333b793b20bad6d9e1b77f42c8ca39e91c8c69a2bf0dbb6aa5adc64a,2026-09-12
GER2,VfL Bochum 1848,80,Charlie Patiño,581674,2003-10-17,Zentrales Mittelfeld,28,2026-08-31,2027-06-30,[],https://www.transfermarkt.de/charlie-patino/profil/spieler/581674,CONFIRMED,REVIEW_REQUIRED,https://www.transfermarkt.de/vfl-bochum/kader/verein/80/saison_id/2026/plus/1,46a6a42e333b793b20bad6d9e1b77f42c8ca39e91c8c69a2bf0dbb6aa5adc64a,2026-09-12
GER2,VfL Bochum 1848,80,Tom Meyer,1162490,2007-12-22,Zentrales Mittelfeld,34,2026-07-01,2028-06-30,"[""Interner Wechsel: VfL Bochum U19; Datum: 01.07.2026""]",https://www.transfermarkt.de/tom-meyer/profil/spieler/1162490,CONFIRMED,STAGE_CURRENT_SQUAD,https://www.transfermarkt.de/vfl-bochum/kader/verein/80/saison_id/2026/plus/1,46a6a42e333b793b20bad6d9e1b77f42c8ca39e91c8c69a2bf0dbb6aa5adc64a,2026-09-12
GER2,VfL Bochum 1848,80,Koji Miyoshi,295060,1997-03-26,Rechtes Mittelfeld,23,2024-08-30,2028-06-30,[],https://www.transfermarkt.de/koji-miyoshi/profil/spieler/295060,CONFIRMED,STAGE_CURRENT_SQUAD,https://www.transfermarkt.de/vfl-bochum/kader/verein/80/saison_id/2026/plus/1,46a6a42e333b793b20bad6d9e1b77f42c8ca39e91c8c69a2bf0dbb6aa5adc64a,2026-09-12
GER2,VfL Bochum 1848,80,Berkan Taz,451380,1998-12-19,Offensives Mittelfeld,10,2026-07-01,2028-06-30,"[""Neuzugang von: SC Verl; Datum: 01.07.2026; Ablöse: ablösefrei""]",https://www.transfermarkt.de/berkan-taz/profil/spieler/451380,CONFIRMED,STAGE_CURRENT_SQUAD,https://www.transfermarkt.de/vfl-bochum/kader/verein/80/saison_id/2026/plus/1,46a6a42e333b793b20bad6d9e1b77f42c8ca39e91c8c69a2bf0dbb6aa5adc64a,2026-09-12
GER2,VfL Bochum 1848,80,Gerrit Holtmann,190289,1995-03-25,Linksaußen,17,2020-08-24,2027-06-30,[],https://www.transfermarkt.de/gerrit-holtmann/profil/spieler/190289,CONFIRMED,STAGE_CURRENT_SQUAD,https://www.transfermarkt.de/vfl-bochum/kader/verein/80/saison_id/2026/plus/1,46a6a42e333b793b20bad6d9e1b77f42c8ca39e91c8c69a2bf0dbb6aa5adc64a,2026-09-12
GER2,VfL Bochum 1848,80,Alessandro Crimaldi,1127988,2007-09-28,Linksaußen,37,2026-07-01,2029-06-30,"[""Interner Wechsel: VfL Bochum II; Datum: 01.07.2026""]",https://www.transfermarkt.de/alessandro-crimaldi/profil/spieler/1127988,CONFIRMED,STAGE_CURRENT_SQUAD,https://www.transfermarkt.de/vfl-bochum/kader/verein/80/saison_id/2026/plus/1,46a6a42e333b793b20bad6d9e1b77f42c8ca39e91c8c69a2bf0dbb6aa5adc64a,2026-09-12
GER2,VfL Bochum 1848,80,Jarne Steuckers,707159,2002-02-04,Rechtsaußen,14,2026-09-01,2027-06-30,[],https://www.transfermarkt.de/jarne-steuckers/profil/spieler/707159,CONFIRMED,REVIEW_REQUIRED,https://www.transfermarkt.de/vfl-bochum/kader/verein/80/saison_id/2026/plus/1,46a6a42e333b793b20bad6d9e1b77f42c8ca39e91c8c69a2bf0dbb6aa5adc64a,2026-09-12
GER2,VfL Bochum 1848,80,Christian Rasmussen,610429,2003-01-19,Rechtsaußen,7,2026-07-08,2030-06-30,"[""Neuzugang von: Fortuna Düsseldorf; Datum: 08.07.2026; Ablöse: ablösefrei""]",https://www.transfermarkt.de/christian-rasmussen/profil/spieler/610429,CONFIRMED,STAGE_CURRENT_SQUAD,https://www.transfermarkt.de/vfl-bochum/kader/verein/80/saison_id/2026/plus/1,46a6a42e333b793b20bad6d9e1b77f42c8ca39e91c8c69a2bf0dbb6aa5adc64a,2026-09-12
GER2,VfL Bochum 1848,80,Babis Drakas,675612,2003-02-04,Rechtsaußen,27,2026-07-01,2029-06-30,"[""Neuzugang von: Borussia Dortmund II; Datum: 01.07.2026; Ablöse: ablösefrei""]",https://www.transfermarkt.de/babis-drakas/profil/spieler/675612,CONFIRMED,STAGE_CURRENT_SQUAD,https://www.transfermarkt.de/vfl-bochum/kader/verein/80/saison_id/2026/plus/1,46a6a42e333b793b20bad6d9e1b77f42c8ca39e91c8c69a2bf0dbb6aa5adc64a,2026-09-12
GER2,VfL Bochum 1848,80,Daniel Hanslik,416809,1996-10-06,Mittelstürmer,19,2026-07-01,2028-06-30,"[""Neuzugang von: 1.FC Kaiserslautern; Datum: 01.07.2026; Ablöse: ablösefrei""]",https://www.transfermarkt.de/daniel-hanslik/profil/spieler/416809,CONFIRMED,STAGE_CURRENT_SQUAD,https://www.transfermarkt.de/vfl-bochum/kader/verein/80/saison_id/2026/plus/1,46a6a42e333b793b20bad6d9e1b77f42c8ca39e91c8c69a2bf0dbb6aa5adc64a,2026-09-12
GER2,VfL Bochum 1848,80,Mansour Ouro-Tagba,705020,2004-12-17,Mittelstürmer,29,2026-08-10,2030-06-30,"[""Neuzugang von: 1.FC Köln II; Datum: 10.08.2026; Ablöse: ?""]",https://www.transfermarkt.de/mansour-ouro-tagba/profil/spieler/705020,CONFIRMED,REVIEW_REQUIRED,https://www.transfermarkt.de/vfl-bochum/kader/verein/80/saison_id/2026/plus/1,46a6a42e333b793b20bad6d9e1b77f42c8ca39e91c8c69a2bf0dbb6aa5adc64a,2026-09-12
GER2,VfL Bochum 1848,80,Philipp Hofmann,119037,1993-03-30,Mittelstürmer,33,2022-07-01,2028-06-30,[],https://www.transfermarkt.de/philipp-hofmann/profil/spieler/119037,CONFIRMED,STAGE_CURRENT_SQUAD,https://www.transfermarkt.de/vfl-bochum/kader/verein/80/saison_id/2026/plus/1,46a6a42e333b793b20bad6d9e1b77f42c8ca39e91c8c69a2bf0dbb6aa5adc64a,2026-09-12
GER2,VfL Bochum 1848,80,Luis Pick,1162986,2007-11-05,Mittelstürmer,36,2026-07-01,2028-06-30,"[""Interner Wechsel: VfL Bochum U19; Datum: 01.07.2026""]",https://www.transfermarkt.de/luis-pick/profil/spieler/1162986,CONFIRMED,STAGE_CURRENT_SQUAD,https://www.transfermarkt.de/vfl-bochum/kader/verein/80/saison_id/2026/plus/1,46a6a42e333b793b20bad6d9e1b77f42c8ca39e91c8c69a2bf0dbb6aa5adc64a,2026-09-12
GER2,Karlsruher SC,48,Hans Christian Bernat,400535,2000-11-13,Torwart,1,2025-07-02,,[],https://www.transfermarkt.de/hans-christian-bernat/profil/spieler/400535,CONFIRMED,REVIEW_REQUIRED,https://www.transfermarkt.de/karlsruher-sc/kader/verein/48/saison_id/2026/plus/1,502be878e53560db93a5e23bc70c24b09c8a3f9aa264941d3a29a99a7083b789,2026-09-12
GER2,Karlsruher SC,48,Robin Himmelmann,53116,1989-02-05,Torwart,30,2024-07-01,,[],https://www.transfermarkt.de/robin-himmelmann/profil/spieler/53116,CONFIRMED,REVIEW_REQUIRED,https://www.transfermarkt.de/karlsruher-sc/kader/verein/48/saison_id/2026/plus/1,502be878e53560db93a5e23bc70c24b09c8a3f9aa264941d3a29a99a7083b789,2026-09-12
GER2,Karlsruher SC,48,Ferdinand Gebert,960834,2006-04-05,Torwart,18,2026-07-01,,"[""Neuzugang von: FC-Astoria Walldorf; Datum: 01.07.2026; Ablöse: ablösefrei""]",https://www.transfermarkt.de/ferdinand-gebert/profil/spieler/960834,CONFIRMED,REVIEW_REQUIRED,https://www.transfermarkt.de/karlsruher-sc/kader/verein/48/saison_id/2026/plus/1,502be878e53560db93a5e23bc70c24b09c8a3f9aa264941d3a29a99a7083b789,2026-09-12
GER2,Karlsruher SC,48,Héliton,676115,1995-11-13,Innenverteidiger,4,2026-09-01,,"[""Neuzugang von: Göztepe; Datum: 01.09.2026; Ablöse: ablösefrei""]",https://www.transfermarkt.de/heliton/profil/spieler/676115,CONFIRMED,REVIEW_REQUIRED,https://www.transfermarkt.de/karlsruher-sc/kader/verein/48/saison_id/2026/plus/1,502be878e53560db93a5e23bc70c24b09c8a3f9aa264941d3a29a99a7083b789,2026-09-12
GER2,Karlsruher SC,48,Paul Scholl,897426,2006-07-23,Innenverteidiger,15,2026-07-01,,"[""Neuzugang von: FC Bayern München II; Datum: 01.07.2026; Ablöse: 150 Tsd. €""]",https://www.transfermarkt.de/paul-scholl/profil/spieler/897426,CONFIRMED,REVIEW_REQUIRED,https://www.transfermarkt.de/karlsruher-sc/kader/verein/48/saison_id/2026/plus/1,502be878e53560db93a5e23bc70c24b09c8a3f9aa264941d3a29a99a7083b789,2026-09-12
GER2,Karlsruher SC,48,Christoph Kobald,307509,1997-08-18,Innenverteidiger,22,2018-07-10,,[],https://www.transfermarkt.de/christoph-kobald/profil/spieler/307509,CONFIRMED,REVIEW_REQUIRED,https://www.transfermarkt.de/karlsruher-sc/kader/verein/48/saison_id/2026/plus/1,502be878e53560db93a5e23bc70c24b09c8a3f9aa264941d3a29a99a7083b789,2026-09-12
GER2,Karlsruher SC,48,Marcel Franke,152435,1993-04-05,Innenverteidiger,28,2022-07-01,,[],https://www.transfermarkt.de/marcel-franke/profil/spieler/152435,CONFIRMED,REVIEW_REQUIRED,https://www.transfermarkt.de/karlsruher-sc/kader/verein/48/saison_id/2026/plus/1,502be878e53560db93a5e23bc70c24b09c8a3f9aa264941d3a29a99a7083b789,2026-09-12
GER2,Karlsruher SC,48,Sandro Trémoulet,796897,1999-11-18,Innenverteidiger,24,2026-08-11,,"[""Neuzugang von: FK Radnik Surdulica; Datum: 11.08.2026; Ablöse: 250 Tsd. €""]",https://www.transfermarkt.de/sandro-tremoulet/profil/spieler/796897,CONFIRMED,REVIEW_REQUIRED,https://www.transfermarkt.de/karlsruher-sc/kader/verein/48/saison_id/2026/plus/1,502be878e53560db93a5e23bc70c24b09c8a3f9aa264941d3a29a99a7083b789,2026-09-12
GER2,Karlsruher SC,48,Deniz Ofli,1081907,2007-03-29,Linker Verteidiger,3,2026-07-04,2027-06-30,[],https://www.transfermarkt.de/deniz-ofli/profil/spieler/1081907,CONFIRMED,REVIEW_REQUIRED,https://www.transfermarkt.de/karlsruher-sc/kader/verein/48/saison_id/2026/plus/1,502be878e53560db93a5e23bc70c24b09c8a3f9aa264941d3a29a99a7083b789,2026-09-12
GER2,Karlsruher SC,48,Viktor Bergh,459022,1999-07-26,Linker Verteidiger,33,2026-07-11,,"[""Neuzugang von: Djurgårdens IF; Datum: 11.07.2026; Ablöse: 100 Tsd. €""]",https://www.transfermarkt.de/viktor-bergh/profil/spieler/459022,CONFIRMED,REVIEW_REQUIRED,https://www.transfermarkt.de/karlsruher-sc/kader/verein/48/saison_id/2026/plus/1,502be878e53560db93a5e23bc70c24b09c8a3f9aa264941d3a29a99a7083b789,2026-09-12
GER2,Karlsruher SC,48,Rafael Pinto Pedrosa,1085900,2007-09-30,Rechter Verteidiger,36,2024-07-01,,[],https://www.transfermarkt.de/rafael-pinto-pedrosa/profil/spieler/1085900,CONFIRMED,REVIEW_REQUIRED,https://www.transfermarkt.de/karlsruher-sc/kader/verein/48/saison_id/2026/plus/1,502be878e53560db93a5e23bc70c24b09c8a3f9aa264941d3a29a99a7083b789,2026-09-12
GER2,Karlsruher SC,48,Sebastian Jung,49730,1990-06-22,Rechter Verteidiger,2,2020-09-22,2027-06-30,[],https://www.transfermarkt.de/sebastian-jung/profil/spieler/49730,CONFIRMED,STAGE_CURRENT_SQUAD,https://www.transfermarkt.de/karlsruher-sc/kader/verein/48/saison_id/2026/plus/1,502be878e53560db93a5e23bc70c24b09c8a3f9aa264941d3a29a99a7083b789,2026-09-12
GER2,Karlsruher SC,48,Hyeok-kyu Kwon,550957,2001-03-13,Defensives Mittelfeld,5,2026-02-02,,[],https://www.transfermarkt.de/hyeok-kyu-kwon/profil/spieler/550957,CONFIRMED,REVIEW_REQUIRED,https://www.transfermarkt.de/karlsruher-sc/kader/verein/48/saison_id/2026/plus/1,502be878e53560db93a5e23bc70c24b09c8a3f9aa264941d3a29a99a7083b789,2026-09-12
GER2,Karlsruher SC,48,Santeri Väänänen,564621,2002-01-01,Defensives Mittelfeld,6,2026-07-22,,"[""Neuzugang von: Rosenborg BK; Datum: 22.07.2026; Ablöse: 100 Tsd. €""]",https://www.transfermarkt.de/santeri-vaananen/profil/spieler/564621,CONFIRMED,REVIEW_REQUIRED,https://www.transfermarkt.de/karlsruher-sc/kader/verein/48/saison_id/2026/plus/1,502be878e53560db93a5e23bc70c24b09c8a3f9aa264941d3a29a99a7083b789,2026-09-12
GER2,Karlsruher SC,48,Danyal Zor,1163673,2007-06-05,Defensives Mittelfeld,26,2026-07-01,2028-06-30,"[""Interner Wechsel: Karlsruher SC U19; Datum: 01.07.2026""]",https://www.transfermarkt.de/danyal-zor/profil/spieler/1163673,CONFIRMED,STAGE_CURRENT_SQUAD,https://www.transfermarkt.de/karlsruher-sc/kader/verein/48/saison_id/2026/plus/1,502be878e53560db93a5e23bc70c24b09c8a3f9aa264941d3a29a99a7083b789,2026-09-12
GER2,Karlsruher SC,48,Marvin Wanitzek,119581,1993-05-07,Zentrales Mittelfeld,10,2017-07-01,2029-06-30,[],https://www.transfermarkt.de/marvin-wanitzek/profil/spieler/119581,CONFIRMED,REVIEW_REQUIRED,https://www.transfermarkt.de/karlsruher-sc/kader/verein/48/saison_id/2026/plus/1,502be878e53560db93a5e23bc70c24b09c8a3f9aa264941d3a29a99a7083b789,2026-09-12
GER2,Karlsruher SC,48,Kevin Wiethaup,917255,2005-08-06,Zentrales Mittelfeld,7,2026-07-01,,"[""Neuzugang von: VfL Osnabrück; Datum: 01.07.2026; Ablöse: ablösefrei""]",https://www.transfermarkt.de/kevin-wiethaup/profil/spieler/917255,CONFIRMED,REVIEW_REQUIRED,https://www.transfermarkt.de/karlsruher-sc/kader/verein/48/saison_id/2026/plus/1,502be878e53560db93a5e23bc70c24b09c8a3f9aa264941d3a29a99a7083b789,2026-09-12
GER2,Karlsruher SC,48,Tim Civeja,588747,2002-01-04,Zentrales Mittelfeld,23,2026-07-01,,"[""Neuzugang von: 1.FC Saarbrücken; Datum: 01.07.2026; Ablöse: ablösefrei""]",https://www.transfermarkt.de/tim-civeja/profil/spieler/588747,CONFIRMED,REVIEW_REQUIRED,https://www.transfermarkt.de/karlsruher-sc/kader/verein/48/saison_id/2026/plus/1,502be878e53560db93a5e23bc70c24b09c8a3f9aa264941d3a29a99a7083b789,2026-09-12
GER2,Karlsruher SC,48,Lilian Egloff,472243,2002-08-20,Offensives Mittelfeld,25,2024-09-02,,[],https://www.transfermarkt.de/lilian-egloff/profil/spieler/472243,CONFIRMED,STAGE_CURRENT_SQUAD,https://www.transfermarkt.de/karlsruher-sc/kader/verein/48/saison_id/2026/plus/1,502be878e53560db93a5e23bc70c24b09c8a3f9aa264941d3a29a99a7083b789,2026-09-12
GER2,Karlsruher SC,48,Noel Eichinger,675921,2001-08-02,Offensives Mittelfeld,11,2026-07-01,,"[""Neuzugang von: SSV Jahn Regensburg; Datum: 01.07.2026; Ablöse: ablösefrei""]",https://www.transfermarkt.de/noel-eichinger/profil/spieler/675921,CONFIRMED,REVIEW_REQUIRED,https://www.transfermarkt.de/karlsruher-sc/kader/verein/48/saison_id/2026/plus/1,502be878e53560db93a5e23bc70c24b09c8a3f9aa264941d3a29a99a7083b789,2026-09-12
GER2,Karlsruher SC,48,Jason Ponente-Ramirez,1141053,2007-02-02,Rechtsaußen,37,2026-07-01,,"[""Neuzugang von: 1.FC Köln U19; Datum: 01.07.2026; Ablöse: ablösefrei""]",https://www.transfermarkt.de/jason-ponente-ramirez/profil/spieler/1141053,CONFIRMED,REVIEW_REQUIRED,https://www.transfermarkt.de/karlsruher-sc/kader/verein/48/saison_id/2026/plus/1,502be878e53560db93a5e23bc70c24b09c8a3f9aa264941d3a29a99a7083b789,2026-09-12
GER2,Karlsruher SC,48,Louey Ben Farhat,1045852,2006-07-19,Hängende Spitze,19,2026-09-01,2027-06-30,[],https://www.transfermarkt.de/louey-ben-farhat/profil/spieler/1045852,CONFIRMED,REVIEW_REQUIRED,https://www.transfermarkt.de/karlsruher-sc/kader/verein/48/saison_id/2026/plus/1,502be878e53560db93a5e23bc70c24b09c8a3f9aa264941d3a29a99a7083b789,2026-09-12
GER2,Karlsruher SC,48,Shio Fukuda,1073997,2004-04-08,Mittelstürmer,13,2026-07-01,,"[""Neuzugang von: Borussia Mönchengladbach; Datum: 01.07.2026; Ablöse: 700 Tsd. €""]",https://www.transfermarkt.de/shio-fukuda/profil/spieler/1073997,CONFIRMED,REVIEW_REQUIRED,https://www.transfermarkt.de/karlsruher-sc/kader/verein/48/saison_id/2026/plus/1,502be878e53560db93a5e23bc70c24b09c8a3f9aa264941d3a29a99a7083b789,2026-09-12
GER2,Karlsruher SC,48,Eymen Laghrissi,1163670,2008-06-04,Mittelstürmer,17,,,[],https://www.transfermarkt.de/eymen-laghrissi/profil/spieler/1163670,CONFIRMED,REVIEW_REQUIRED,https://www.transfermarkt.de/karlsruher-sc/kader/verein/48/saison_id/2026/plus/1,502be878e53560db93a5e23bc70c24b09c8a3f9aa264941d3a29a99a7083b789,2026-09-12
GER2,Karlsruher SC,48,John Davis Meyer,1297467,2009-07-29,Mittelstürmer,27,2026-07-01,2029-06-30,"[""Interner Wechsel: Karlsruher SC U17; Datum: 01.07.2026""]",https://www.transfermarkt.de/john-davis-meyer/profil/spieler/1297467,CONFIRMED,STAGE_CURRENT_SQUAD,https://www.transfermarkt.de/karlsruher-sc/kader/verein/48/saison_id/2026/plus/1,502be878e53560db93a5e23bc70c24b09c8a3f9aa264941d3a29a99a7083b789,2026-09-12
GER2,Karlsruher SC,48,Moritz Broschinski,406973,2000-09-23,Mittelstürmer,9,2026-07-02,2027-06-30,[],https://www.transfermarkt.de/moritz-broschinski/profil/spieler/406973,CONFIRMED,REVIEW_REQUIRED,https://www.transfermarkt.de/karlsruher-sc/kader/verein/48/saison_id/2026/plus/1,502be878e53560db93a5e23bc70c24b09c8a3f9aa264941d3a29a99a7083b789,2026-09-12
GER2,SG Dynamo Dresden,129,Tim Schreiber,426685,2002-04-24,Torwart,1,2024-07-01,2027-06-30,[],https://www.transfermarkt.de/tim-schreiber/profil/spieler/426685,CONFIRMED,STAGE_CURRENT_SQUAD,https://www.transfermarkt.de/sg-dynamo-dresden/kader/verein/129/saison_id/2026/plus/1,e7de409708fb7109444d4f9163d9959ec24a63b876d33dbfb1a3f2afff6bb65f,2026-09-12
GER2,SG Dynamo Dresden,129,Elias Bethke,601918,2003-03-21,Torwart,40,2026-01-13,2028-06-30,[],https://www.transfermarkt.de/elias-bethke/profil/spieler/601918,CONFIRMED,STAGE_CURRENT_SQUAD,https://www.transfermarkt.de/sg-dynamo-dresden/kader/verein/129/saison_id/2026/plus/1,e7de409708fb7109444d4f9163d9959ec24a63b876d33dbfb1a3f2afff6bb65f,2026-09-12
GER2,SG Dynamo Dresden,129,Lennart Grill,309397,1999-01-25,Torwart,22,2025-07-09,,[],https://www.transfermarkt.de/lennart-grill/profil/spieler/309397,CONFIRMED,REVIEW_REQUIRED,https://www.transfermarkt.de/sg-dynamo-dresden/kader/verein/129/saison_id/2026/plus/1,e7de409708fb7109444d4f9163d9959ec24a63b876d33dbfb1a3f2afff6bb65f,2026-09-12
GER2,SG Dynamo Dresden,129,Daniel Mesenhöler,150080,1995-07-24,Torwart,37,2024-01-26,,[],https://www.transfermarkt.de/daniel-mesenholer/profil/spieler/150080,CONFIRMED,REVIEW_REQUIRED,https://www.transfermarkt.de/sg-dynamo-dresden/kader/verein/129/saison_id/2026/plus/1,e7de409708fb7109444d4f9163d9959ec24a63b876d33dbfb1a3f2afff6bb65f,2026-09-12
GER2,SG Dynamo Dresden,129,Thomas Keller,485747,1999-08-05,Innenverteidiger,39,2026-07-10,2030-06-30,"[""Neuzugang von: 1.FC Heidenheim 1846; Datum: 10.07.2026; Ablöse: 1,00 Mio. €""]",https://www.transfermarkt.de/thomas-keller/profil/spieler/485747,CONFIRMED,STAGE_CURRENT_SQUAD,https://www.transfermarkt.de/sg-dynamo-dresden/kader/verein/129/saison_id/2026/plus/1,e7de409708fb7109444d4f9163d9959ec24a63b876d33dbfb1a3f2afff6bb65f,2026-09-12
GER2,SG Dynamo Dresden,129,Friedrich Müller,921485,2006-02-14,Innenverteidiger,42,2025-07-01,,[],https://www.transfermarkt.de/friedrich-muller/profil/spieler/921485,CONFIRMED,REVIEW_REQUIRED,https://www.transfermarkt.de/sg-dynamo-dresden/kader/verein/129/saison_id/2026/plus/1,e7de409708fb7109444d4f9163d9959ec24a63b876d33dbfb1a3f2afff6bb65f,2026-09-12
GER2,SG Dynamo Dresden,129,Kenneth Schmidt,527276,2002-06-03,Innenverteidiger,4,2026-07-01,,"[""Neuzugang von: Fortuna Düsseldorf; Datum: 01.07.2026; Ablöse: ablösefrei""]",https://www.transfermarkt.de/kenneth-schmidt/profil/spieler/527276,CONFIRMED,STAGE_CURRENT_SQUAD,https://www.transfermarkt.de/sg-dynamo-dresden/kader/verein/129/saison_id/2026/plus/1,e7de409708fb7109444d4f9163d9959ec24a63b876d33dbfb1a3f2afff6bb65f,2026-09-12
GER2,SG Dynamo Dresden,129,Ahmet Muhamedbegovic,271323,1998-10-30,Innenverteidiger,17,2026-07-01,,"[""Neuzugang von: NK Olimpija Ljubljana; Datum: 01.07.2026; Ablöse: ablösefrei""]",https://www.transfermarkt.de/ahmet-muhamedbegovic/profil/spieler/271323,CONFIRMED,REVIEW_REQUIRED,https://www.transfermarkt.de/sg-dynamo-dresden/kader/verein/129/saison_id/2026/plus/1,e7de409708fb7109444d4f9163d9959ec24a63b876d33dbfb1a3f2afff6bb65f,2026-09-12
GER2,SG Dynamo Dresden,129,Lukas Boeder,227078,1997-04-18,Innenverteidiger,29,2024-07-01,2027-06-30,[],https://www.transfermarkt.de/lukas-boeder/profil/spieler/227078,CONFIRMED,STAGE_CURRENT_SQUAD,https://www.transfermarkt.de/sg-dynamo-dresden/kader/verein/129/saison_id/2026/plus/1,e7de409708fb7109444d4f9163d9959ec24a63b876d33dbfb1a3f2afff6bb65f,2026-09-12
GER2,SG Dynamo Dresden,129,Lars Bünning,379114,1998-02-27,Innenverteidiger,23,2023-08-16,2027-06-30,[],https://www.transfermarkt.de/lars-bunning/profil/spieler/379114,CONFIRMED,STAGE_CURRENT_SQUAD,https://www.transfermarkt.de/sg-dynamo-dresden/kader/verein/129/saison_id/2026/plus/1,e7de409708fb7109444d4f9163d9959ec24a63b876d33dbfb1a3f2afff6bb65f,2026-09-12
GER2,SG Dynamo Dresden,129,Till Neininger,1070022,2007-04-03,Innenverteidiger,34,2026-07-14,2027-06-30,[],https://www.transfermarkt.de/till-neininger/profil/spieler/1070022,CONFIRMED,REVIEW_REQUIRED,https://www.transfermarkt.de/sg-dynamo-dresden/kader/verein/129/saison_id/2026/plus/1,e7de409708fb7109444d4f9163d9959ec24a63b876d33dbfb1a3f2afff6bb65f,2026-09-12
GER2,SG Dynamo Dresden,129,Alexander Rossipal,296188,1996-06-06,Linker Verteidiger,19,2025-07-01,2027-06-30,[],https://www.transfermarkt.de/alexander-rossipal/profil/spieler/296188,CONFIRMED,STAGE_CURRENT_SQUAD,https://www.transfermarkt.de/sg-dynamo-dresden/kader/verein/129/saison_id/2026/plus/1,e7de409708fb7109444d4f9163d9959ec24a63b876d33dbfb1a3f2afff6bb65f,2026-09-12
GER2,SG Dynamo Dresden,129,Brooklyn Ezeh,521474,2001-06-23,Linker Verteidiger,14,2026-07-01,,"[""Neuzugang von: Hannover 96; Datum: 01.07.2026; Ablöse: ablösefrei""]",https://www.transfermarkt.de/brooklyn-ezeh/profil/spieler/521474,CONFIRMED,REVIEW_REQUIRED,https://www.transfermarkt.de/sg-dynamo-dresden/kader/verein/129/saison_id/2026/plus/1,e7de409708fb7109444d4f9163d9959ec24a63b876d33dbfb1a3f2afff6bb65f,2026-09-12
GER2,SG Dynamo Dresden,129,Jonas Sterner,528619,2002-05-13,Rechter Verteidiger,32,2026-07-01,,"[""Neuzugang von: Hannover 96; Datum: 01.07.2026; Ablöse: 400 Tsd. €""]",https://www.transfermarkt.de/jonas-sterner/profil/spieler/528619,CONFIRMED,STAGE_CURRENT_SQUAD,https://www.transfermarkt.de/sg-dynamo-dresden/kader/verein/129/saison_id/2026/plus/1,e7de409708fb7109444d4f9163d9959ec24a63b876d33dbfb1a3f2afff6bb65f,2026-09-12
GER2,SG Dynamo Dresden,129,Simon Straudi,379879,1999-01-27,Rechter Verteidiger,44,2026-07-01,,"[""Neuzugang von: FC Energie Cottbus; Datum: 01.07.2026; Ablöse: ablösefrei""]",https://www.transfermarkt.de/simon-straudi/profil/spieler/379879,CONFIRMED,REVIEW_REQUIRED,https://www.transfermarkt.de/sg-dynamo-dresden/kader/verein/129/saison_id/2026/plus/1,e7de409708fb7109444d4f9163d9959ec24a63b876d33dbfb1a3f2afff6bb65f,2026-09-12
GER2,SG Dynamo Dresden,129,Nicolai Rapp,185427,1996-12-13,Defensives Mittelfeld,6,2026-07-01,2029-06-30,"[""Neuzugang von: Karlsruher SC; Datum: 01.07.2026; Ablöse: ablösefrei""]",https://www.transfermarkt.de/nicolai-rapp/profil/spieler/185427,CONFIRMED,STAGE_CURRENT_SQUAD,https://www.transfermarkt.de/sg-dynamo-dresden/kader/verein/129/saison_id/2026/plus/1,e7de409708fb7109444d4f9163d9959ec24a63b876d33dbfb1a3f2afff6bb65f,2026-09-12
GER2,SG Dynamo Dresden,129,Robert Wagner,690429,2003-07-14,Zentrales Mittelfeld,18,2026-07-01,,"[""Neuzugang von: SC Freiburg; Datum: 01.07.2026; Ablöse: 850 Tsd. €""]",https://www.transfermarkt.de/robert-wagner/profil/spieler/690429,CONFIRMED,REVIEW_REQUIRED,https://www.transfermarkt.de/sg-dynamo-dresden/kader/verein/129/saison_id/2026/plus/1,e7de409708fb7109444d4f9163d9959ec24a63b876d33dbfb1a3f2afff6bb65f,2026-09-12
GER2,SG Dynamo Dresden,129,Tobias Raschl,384745,2000-02-21,Zentrales Mittelfeld,21,2026-07-01,,"[""Neuzugang von: Preußen Münster; Datum: 01.07.2026; Ablöse: ablösefrei""]",https://www.transfermarkt.de/tobias-raschl/profil/spieler/384745,CONFIRMED,REVIEW_REQUIRED,https://www.transfermarkt.de/sg-dynamo-dresden/kader/verein/129/saison_id/2026/plus/1,e7de409708fb7109444d4f9163d9959ec24a63b876d33dbfb1a3f2afff6bb65f,2026-09-12
GER2,SG Dynamo Dresden,129,Luca Herrmann,296372,1999-02-20,Zentrales Mittelfeld,8,2025-07-24,,[],https://www.transfermarkt.de/luca-herrmann/profil/spieler/296372,CONFIRMED,REVIEW_REQUIRED,https://www.transfermarkt.de/sg-dynamo-dresden/kader/verein/129/saison_id/2026/plus/1,e7de409708fb7109444d4f9163d9959ec24a63b876d33dbfb1a3f2afff6bb65f,2026-09-12
GER2,SG Dynamo Dresden,129,Patrice Covic,1114155,2007-06-25,Offensives Mittelfeld,24,2026-09-01,2027-06-30,[],https://www.transfermarkt.de/patrice-covic/profil/spieler/1114155,CONFIRMED,REVIEW_REQUIRED,https://www.transfermarkt.de/sg-dynamo-dresden/kader/verein/129/saison_id/2026/plus/1,e7de409708fb7109444d4f9163d9959ec24a63b876d33dbfb1a3f2afff6bb65f,2026-09-12
GER2,SG Dynamo Dresden,129,Niklas Hauptmann,205544,1996-06-27,Offensives Mittelfeld,27,2022-08-31,2028-06-30,[],https://www.transfermarkt.de/niklas-hauptmann/profil/spieler/205544,CONFIRMED,STAGE_CURRENT_SQUAD,https://www.transfermarkt.de/sg-dynamo-dresden/kader/verein/129/saison_id/2026/plus/1,e7de409708fb7109444d4f9163d9959ec24a63b876d33dbfb1a3f2afff6bb65f,2026-09-12
GER2,SG Dynamo Dresden,129,Quentin Enold,1149111,2008-02-22,Offensives Mittelfeld,-,2026-07-01,,"[""Interner Wechsel: Dynamo Dresden U19; Datum: 01.07.2026""]",https://www.transfermarkt.de/quentin-enold/profil/spieler/1149111,CONFIRMED,REVIEW_REQUIRED,https://www.transfermarkt.de/sg-dynamo-dresden/kader/verein/129/saison_id/2026/plus/1,e7de409708fb7109444d4f9163d9959ec24a63b876d33dbfb1a3f2afff6bb65f,2026-09-12
GER2,SG Dynamo Dresden,129,Ben Bobzien,658116,2003-04-29,Linksaußen,20,2026-07-16,,"[""Neuzugang von: 1.FSV Mainz 05; Datum: 16.07.2026; Ablöse: 1,00 Mio. €""]",https://www.transfermarkt.de/ben-bobzien/profil/spieler/658116,CONFIRMED,STAGE_CURRENT_SQUAD,https://www.transfermarkt.de/sg-dynamo-dresden/kader/verein/129/saison_id/2026/plus/1,e7de409708fb7109444d4f9163d9959ec24a63b876d33dbfb1a3f2afff6bb65f,2026-09-12
GER2,SG Dynamo Dresden,129,Nils Fröling,532784,2000-04-20,Linksaußen,16,2025-07-01,2027-06-30,[],https://www.transfermarkt.de/nils-froling/profil/spieler/532784,CONFIRMED,STAGE_CURRENT_SQUAD,https://www.transfermarkt.de/sg-dynamo-dresden/kader/verein/129/saison_id/2026/plus/1,e7de409708fb7109444d4f9163d9959ec24a63b876d33dbfb1a3f2afff6bb65f,2026-09-12
GER2,SG Dynamo Dresden,129,Jakob Lemmer,453324,2000-04-26,Rechtsaußen,10,2023-01-11,,[],https://www.transfermarkt.de/jakob-lemmer/profil/spieler/453324,CONFIRMED,REVIEW_REQUIRED,https://www.transfermarkt.de/sg-dynamo-dresden/kader/verein/129/saison_id/2026/plus/1,e7de409708fb7109444d4f9163d9959ec24a63b876d33dbfb1a3f2afff6bb65f,2026-09-12
GER2,SG Dynamo Dresden,129,Kennedy Okpala,1104418,2004-12-17,Mittelstürmer,7,2026-09-01,2027-06-30,[],https://www.transfermarkt.de/kennedy-okpala/profil/spieler/1104418,CONFIRMED,REVIEW_REQUIRED,https://www.transfermarkt.de/sg-dynamo-dresden/kader/verein/129/saison_id/2026/plus/1,e7de409708fb7109444d4f9163d9959ec24a63b876d33dbfb1a3f2afff6bb65f,2026-09-12
GER2,SG Dynamo Dresden,129,Christoph Daferner,324851,1998-01-12,Mittelstürmer,33,2025-07-01,2028-06-30,[],https://www.transfermarkt.de/christoph-daferner/profil/spieler/324851,CONFIRMED,STAGE_CURRENT_SQUAD,https://www.transfermarkt.de/sg-dynamo-dresden/kader/verein/129/saison_id/2026/plus/1,e7de409708fb7109444d4f9163d9959ec24a63b876d33dbfb1a3f2afff6bb65f,2026-09-12
GER2,SG Dynamo Dresden,129,Vincent Vermeij,273054,1994-08-09,Mittelstürmer,9,2025-08-11,,[],https://www.transfermarkt.de/vincent-vermeij/profil/spieler/273054,CONFIRMED,REVIEW_REQUIRED,https://www.transfermarkt.de/sg-dynamo-dresden/kader/verein/129/saison_id/2026/plus/1,e7de409708fb7109444d4f9163d9959ec24a63b876d33dbfb1a3f2afff6bb65f,2026-09-12
GER2,SG Dynamo Dresden,129,Kaan Inanoglu,1186442,2005-08-16,Mittelstürmer,11,2026-07-01,,"[""Neuzugang von: Eintracht Frankfurt II; Datum: 01.07.2026; Ablöse: ?""]",https://www.transfermarkt.de/kaan-inanoglu/profil/spieler/1186442,CONFIRMED,STAGE_CURRENT_SQUAD,https://www.transfermarkt.de/sg-dynamo-dresden/kader/verein/129/saison_id/2026/plus/1,e7de409708fb7109444d4f9163d9959ec24a63b876d33dbfb1a3f2afff6bb65f,2026-09-12
GER2,Holstein Kiel,269,Timon Weiner,296428,1999-01-18,Torwart,1,2018-07-01,2027-06-30,[],https://www.transfermarkt.de/timon-weiner/profil/spieler/296428,CONFIRMED,STAGE_CURRENT_SQUAD,https://www.transfermarkt.de/holstein-kiel/kader/verein/269/saison_id/2026/plus/1,a21383144033c3b6f3673ba9e2f837be3941ac96cf75125b24654477c6bc1716,2026-09-12
GER2,Holstein Kiel,269,Lio Rothenhagen,939807,2006-08-31,Torwart,41,2025-07-01,2029-06-30,[],https://www.transfermarkt.de/lio-rothenhagen/profil/spieler/939807,CONFIRMED,STAGE_CURRENT_SQUAD,https://www.transfermarkt.de/holstein-kiel/kader/verein/269/saison_id/2026/plus/1,a21383144033c3b6f3673ba9e2f837be3941ac96cf75125b24654477c6bc1716,2026-09-12
GER2,Holstein Kiel,269,Marcel Engelhardt,124080,1993-04-05,Torwart,31,2023-07-01,,[],https://www.transfermarkt.de/marcel-engelhardt/profil/spieler/124080,CONFIRMED,REVIEW_REQUIRED,https://www.transfermarkt.de/holstein-kiel/kader/verein/269/saison_id/2026/plus/1,a21383144033c3b6f3673ba9e2f837be3941ac96cf75125b24654477c6bc1716,2026-09-12
GER2,Holstein Kiel,269,Ben Schmit,1200691,2008-02-11,Torwart,49,2026-07-01,2030-06-30,"[""Neuzugang von: SV Eintracht Trier 05; Datum: 01.07.2026; Ablöse: ablösefrei""]",https://www.transfermarkt.de/ben-schmit/profil/spieler/1200691,CONFIRMED,STAGE_CURRENT_SQUAD,https://www.transfermarkt.de/holstein-kiel/kader/verein/269/saison_id/2026/plus/1,a21383144033c3b6f3673ba9e2f837be3941ac96cf75125b24654477c6bc1716,2026-09-12
GER2,Holstein Kiel,269,David Zec,469709,2000-01-05,Innenverteidiger,26,2025-01-01,2029-06-30,[],https://www.transfermarkt.de/david-zec/profil/spieler/469709,CONFIRMED,STAGE_CURRENT_SQUAD,https://www.transfermarkt.de/holstein-kiel/kader/verein/269/saison_id/2026/plus/1,a21383144033c3b6f3673ba9e2f837be3941ac96cf75125b24654477c6bc1716,2026-09-12
GER2,Holstein Kiel,269,Ivan Nekic,464333,2000-12-24,Innenverteidiger,13,2025-01-22,2029-06-30,[],https://www.transfermarkt.de/ivan-nekic/profil/spieler/464333,CONFIRMED,STAGE_CURRENT_SQUAD,https://www.transfermarkt.de/holstein-kiel/kader/verein/269/saison_id/2026/plus/1,a21383144033c3b6f3673ba9e2f837be3941ac96cf75125b24654477c6bc1716,2026-09-12
GER2,Holstein Kiel,269,Noah Madsen,856406,2001-09-17,Innenverteidiger,5,2026-08-19,2030-06-30,"[""Neuzugang von: CS Marítimo; Datum: 19.08.2026; Ablöse: 700 Tsd. €""]",https://www.transfermarkt.de/noah-madsen/profil/spieler/856406,CONFIRMED,STAGE_CURRENT_SQUAD,https://www.transfermarkt.de/holstein-kiel/kader/verein/269/saison_id/2026/plus/1,a21383144033c3b6f3673ba9e2f837be3941ac96cf75125b24654477c6bc1716,2026-09-12
GER2,Holstein Kiel,269,Frederik Roslyng,1051739,2005-12-25,Innenverteidiger,2,2025-08-26,2029-06-30,[],https://www.transfermarkt.de/frederik-roslyng/profil/spieler/1051739,CONFIRMED,STAGE_CURRENT_SQUAD,https://www.transfermarkt.de/holstein-kiel/kader/verein/269/saison_id/2026/plus/1,a21383144033c3b6f3673ba9e2f837be3941ac96cf75125b24654477c6bc1716,2026-09-12
GER2,Holstein Kiel,269,Sebastian Schonlau,213751,1994-08-05,Innenverteidiger,4,2026-07-04,2027-06-30,"[""Neuzugang von: Vancouver Whitecaps FC; Datum: 04.07.2026; Ablöse: ablösefrei""]",https://www.transfermarkt.de/sebastian-schonlau/profil/spieler/213751,CONFIRMED,STAGE_CURRENT_SQUAD,https://www.transfermarkt.de/holstein-kiel/kader/verein/269/saison_id/2026/plus/1,a21383144033c3b6f3673ba9e2f837be3941ac96cf75125b24654477c6bc1716,2026-09-12
GER2,Holstein Kiel,269,Caspar Medlin,1147141,2007-03-13,Innenverteidiger,46,2026-07-01,,"[""Interner Wechsel: Holstein Kiel II; Datum: 01.07.2026""]",https://www.transfermarkt.de/caspar-medlin/profil/spieler/1147141,CONFIRMED,REVIEW_REQUIRED,https://www.transfermarkt.de/holstein-kiel/kader/verein/269/saison_id/2026/plus/1,a21383144033c3b6f3673ba9e2f837be3941ac96cf75125b24654477c6bc1716,2026-09-12
GER2,Holstein Kiel,269,John Tolkin,683812,2002-07-31,Linker Verteidiger,47,2025-01-16,2028-06-30,[],https://www.transfermarkt.de/john-tolkin/profil/spieler/683812,CONFIRMED,STAGE_CURRENT_SQUAD,https://www.transfermarkt.de/holstein-kiel/kader/verein/269/saison_id/2026/plus/1,a21383144033c3b6f3673ba9e2f837be3941ac96cf75125b24654477c6bc1716,2026-09-12
GER2,Holstein Kiel,269,Niko Takahashi,834465,2005-08-17,Linker Verteidiger,3,2026-08-12,2027-06-30,[],https://www.transfermarkt.de/niko-takahashi/profil/spieler/834465,CONFIRMED,REVIEW_REQUIRED,https://www.transfermarkt.de/holstein-kiel/kader/verein/269/saison_id/2026/plus/1,a21383144033c3b6f3673ba9e2f837be3941ac96cf75125b24654477c6bc1716,2026-09-12
GER2,Holstein Kiel,269,Leon Parduzi,1045850,2006-12-10,Linker Verteidiger,40,2025-07-01,2028-06-30,[],https://www.transfermarkt.de/leon-parduzi/profil/spieler/1045850,CONFIRMED,STAGE_CURRENT_SQUAD,https://www.transfermarkt.de/holstein-kiel/kader/verein/269/saison_id/2026/plus/1,a21383144033c3b6f3673ba9e2f837be3941ac96cf75125b24654477c6bc1716,2026-09-12
GER2,Holstein Kiel,269,Lasse Rosenboom,512352,2002-01-19,Rechter Verteidiger,23,2023-07-01,,[],https://www.transfermarkt.de/lasse-rosenboom/profil/spieler/512352,CONFIRMED,REVIEW_REQUIRED,https://www.transfermarkt.de/holstein-kiel/kader/verein/269/saison_id/2026/plus/1,a21383144033c3b6f3673ba9e2f837be3941ac96cf75125b24654477c6bc1716,2026-09-12
GER2,Holstein Kiel,269,Hiroki Sekine,1137808,2002-08-11,Rechter Verteidiger,32,2026-07-01,2027-06-30,[],https://www.transfermarkt.de/hiroki-sekine/profil/spieler/1137808,CONFIRMED,REVIEW_REQUIRED,https://www.transfermarkt.de/holstein-kiel/kader/verein/269/saison_id/2026/plus/1,a21383144033c3b6f3673ba9e2f837be3941ac96cf75125b24654477c6bc1716,2026-09-12
GER2,Holstein Kiel,269,Kasper Davidsen,802513,2005-01-25,Defensives Mittelfeld,15,2025-07-01,2029-06-30,[],https://www.transfermarkt.de/kasper-davidsen/profil/spieler/802513,CONFIRMED,STAGE_CURRENT_SQUAD,https://www.transfermarkt.de/holstein-kiel/kader/verein/269/saison_id/2026/plus/1,a21383144033c3b6f3673ba9e2f837be3941ac96cf75125b24654477c6bc1716,2026-09-12
GER2,Holstein Kiel,269,Taisei Abe,814489,2004-06-07,Defensives Mittelfeld,24,2026-07-01,2027-06-30,[],https://www.transfermarkt.de/taisei-abe/profil/spieler/814489,CONFIRMED,REVIEW_REQUIRED,https://www.transfermarkt.de/holstein-kiel/kader/verein/269/saison_id/2026/plus/1,a21383144033c3b6f3673ba9e2f837be3941ac96cf75125b24654477c6bc1716,2026-09-12
GER2,Holstein Kiel,269,Jonas Meffert,107574,1994-09-04,Defensives Mittelfeld,28,2026-01-03,2028-06-30,[],https://www.transfermarkt.de/jonas-meffert/profil/spieler/107574,CONFIRMED,STAGE_CURRENT_SQUAD,https://www.transfermarkt.de/holstein-kiel/kader/verein/269/saison_id/2026/plus/1,a21383144033c3b6f3673ba9e2f837be3941ac96cf75125b24654477c6bc1716,2026-09-12
GER2,Holstein Kiel,269,Ikem Ugoh,915433,2005-07-11,Zentrales Mittelfeld,27,2026-04-01,2028-06-30,[],https://www.transfermarkt.de/ikem-ugoh/profil/spieler/915433,CONFIRMED,STAGE_CURRENT_SQUAD,https://www.transfermarkt.de/holstein-kiel/kader/verein/269/saison_id/2026/plus/1,a21383144033c3b6f3673ba9e2f837be3941ac96cf75125b24654477c6bc1716,2026-09-12
GER2,Holstein Kiel,269,Hamza Muqaj,920013,2005-10-03,Zentrales Mittelfeld,48,2025-07-01,2028-06-30,[],https://www.transfermarkt.de/hamza-muqaj/profil/spieler/920013,CONFIRMED,STAGE_CURRENT_SQUAD,https://www.transfermarkt.de/holstein-kiel/kader/verein/269/saison_id/2026/plus/1,a21383144033c3b6f3673ba9e2f837be3941ac96cf75125b24654477c6bc1716,2026-09-12
GER2,Holstein Kiel,269,Jonas Therkelsen,1027770,2003-05-05,Offensives Mittelfeld,10,2025-07-01,2029-06-30,[],https://www.transfermarkt.de/jonas-therkelsen/profil/spieler/1027770,CONFIRMED,STAGE_CURRENT_SQUAD,https://www.transfermarkt.de/holstein-kiel/kader/verein/269/saison_id/2026/plus/1,a21383144033c3b6f3673ba9e2f837be3941ac96cf75125b24654477c6bc1716,2026-09-12
GER2,Holstein Kiel,269,Guillermo Balzi,896234,2001-07-23,Offensives Mittelfeld,8,2026-07-13,2029-06-30,"[""Neuzugang von: CA Newell's Old Boys; Datum: 13.07.2026; Ablöse: 550 Tsd. €""]",https://www.transfermarkt.de/guillermo-balzi/profil/spieler/896234,CONFIRMED,REVIEW_REQUIRED,https://www.transfermarkt.de/holstein-kiel/kader/verein/269/saison_id/2026/plus/1,a21383144033c3b6f3673ba9e2f837be3941ac96cf75125b24654477c6bc1716,2026-09-12
GER2,Holstein Kiel,269,Tayar Tasdelen,1215798,2006-03-10,Offensives Mittelfeld,30,2026-01-03,2029-06-30,"[""Rückkehr nach Leihe von: HSC Hannover; Datum: 30.06.2026; Ablöse: Leih-Ende""]",https://www.transfermarkt.de/tayar-tasdelen/profil/spieler/1215798,CONFIRMED,STAGE_CURRENT_SQUAD,https://www.transfermarkt.de/holstein-kiel/kader/verein/269/saison_id/2026/plus/1,a21383144033c3b6f3673ba9e2f837be3941ac96cf75125b24654477c6bc1716,2026-09-12
GER2,Holstein Kiel,269,Gyan de Regt,747243,2003-08-18,Linksaußen,11,2026-08-19,2030-06-30,"[""Neuzugang von: Excelsior Rotterdam; Datum: 19.08.2026; Ablöse: 1,70 Mio. €""]",https://www.transfermarkt.de/gyan-de-regt/profil/spieler/747243,CONFIRMED,REVIEW_REQUIRED,https://www.transfermarkt.de/holstein-kiel/kader/verein/269/saison_id/2026/plus/1,a21383144033c3b6f3673ba9e2f837be3941ac96cf75125b24654477c6bc1716,2026-09-12
GER2,Holstein Kiel,269,Faride Alidou,456492,2001-07-18,Linksaußen,17,2026-07-06,2027-06-30,"[""Neuzugang von: 1.FC Kaiserslautern; Datum: 06.07.2026; Ablöse: ablösefrei""]",https://www.transfermarkt.de/faride-alidou/profil/spieler/456492,CONFIRMED,STAGE_CURRENT_SQUAD,https://www.transfermarkt.de/holstein-kiel/kader/verein/269/saison_id/2026/plus/1,a21383144033c3b6f3673ba9e2f837be3941ac96cf75125b24654477c6bc1716,2026-09-12
GER2,Holstein Kiel,269,Andu Kelati,719694,2002-08-13,Linksaußen,16,2024-07-01,2028-06-30,[],https://www.transfermarkt.de/andu-kelati/profil/spieler/719694,CONFIRMED,STAGE_CURRENT_SQUAD,https://www.transfermarkt.de/holstein-kiel/kader/verein/269/saison_id/2026/plus/1,a21383144033c3b6f3673ba9e2f837be3941ac96cf75125b24654477c6bc1716,2026-09-12
GER2,Holstein Kiel,269,Moritz Reimers,1084639,2007-02-13,Linksaußen,22,2026-07-01,2030-06-30,"[""Neuzugang von: Hamburger SV II; Datum: 01.07.2026; Ablöse: ablösefrei""]",https://www.transfermarkt.de/moritz-reimers/profil/spieler/1084639,CONFIRMED,STAGE_CURRENT_SQUAD,https://www.transfermarkt.de/holstein-kiel/kader/verein/269/saison_id/2026/plus/1,a21383144033c3b6f3673ba9e2f837be3941ac96cf75125b24654477c6bc1716,2026-09-12
GER2,Holstein Kiel,269,Adrián Kaprálik,546822,2002-06-10,Rechtsaußen,20,2025-08-22,2029-06-30,[],https://www.transfermarkt.de/adrian-kapralik/profil/spieler/546822,CONFIRMED,STAGE_CURRENT_SQUAD,https://www.transfermarkt.de/holstein-kiel/kader/verein/269/saison_id/2026/plus/1,a21383144033c3b6f3673ba9e2f837be3941ac96cf75125b24654477c6bc1716,2026-09-12
GER2,Holstein Kiel,269,Phil Harres,606119,2002-03-25,Mittelstürmer,19,2024-07-01,,[],https://www.transfermarkt.de/phil-harres/profil/spieler/606119,CONFIRMED,REVIEW_REQUIRED,https://www.transfermarkt.de/holstein-kiel/kader/verein/269/saison_id/2026/plus/1,a21383144033c3b6f3673ba9e2f837be3941ac96cf75125b24654477c6bc1716,2026-09-12
GER2,Holstein Kiel,269,Giorgi Kvilitaia,186233,1993-10-01,Mittelstürmer,9,2026-07-01,2027-06-30,"[""Neuzugang von: FC Metz; Datum: 01.07.2026; Ablöse: ablösefrei""]",https://www.transfermarkt.de/giorgi-kvilitaia/profil/spieler/186233,CONFIRMED,STAGE_CURRENT_SQUAD,https://www.transfermarkt.de/holstein-kiel/kader/verein/269/saison_id/2026/plus/1,a21383144033c3b6f3673ba9e2f837be3941ac96cf75125b24654477c6bc1716,2026-09-12
GER2,Holstein Kiel,269,Steven Skrzybski,93827,1992-11-18,Mittelstürmer,7,2021-07-05,2027-06-30,[],https://www.transfermarkt.de/steven-skrzybski/profil/spieler/93827,CONFIRMED,STAGE_CURRENT_SQUAD,https://www.transfermarkt.de/holstein-kiel/kader/verein/269/saison_id/2026/plus/1,a21383144033c3b6f3673ba9e2f837be3941ac96cf75125b24654477c6bc1716,2026-09-12
GER2,DSC Arminia Bielefeld,10,Jonas Kersken,597804,2000-09-01,Torwart,1,2024-07-01,2028-06-30,[],https://www.transfermarkt.de/jonas-kersken/profil/spieler/597804,CONFIRMED,STAGE_CURRENT_SQUAD,https://www.transfermarkt.de/arminia-bielefeld/kader/verein/10/saison_id/2026/plus/1,6bf7304bb5b98268f93279c205b7358b904316470f2c43947fcad0ff2680d083,2026-09-12
GER2,DSC Arminia Bielefeld,10,Leo Oppermann,489343,2001-08-28,Torwart,18,2024-07-01,2027-06-30,[],https://www.transfermarkt.de/leo-oppermann/profil/spieler/489343,CONFIRMED,STAGE_CURRENT_SQUAD,https://www.transfermarkt.de/arminia-bielefeld/kader/verein/10/saison_id/2026/plus/1,6bf7304bb5b98268f93279c205b7358b904316470f2c43947fcad0ff2680d083,2026-09-12
GER2,DSC Arminia Bielefeld,10,Philip Hildesheim,825572,2005-02-09,Torwart,47,,,[],https://www.transfermarkt.de/philip-hildesheim/profil/spieler/825572,CONFIRMED,REVIEW_REQUIRED,https://www.transfermarkt.de/arminia-bielefeld/kader/verein/10/saison_id/2026/plus/1,6bf7304bb5b98268f93279c205b7358b904316470f2c43947fcad0ff2680d083,2026-09-12
GER2,DSC Arminia Bielefeld,10,Maximilian Bauer,388363,2000-02-09,Innenverteidiger,5,2026-07-01,,"[""Neuzugang von: FC Augsburg; Datum: 01.07.2026; Ablöse: 350 Tsd. €""]",https://www.transfermarkt.de/maximilian-bauer/profil/spieler/388363,CONFIRMED,STAGE_CURRENT_SQUAD,https://www.transfermarkt.de/arminia-bielefeld/kader/verein/10/saison_id/2026/plus/1,6bf7304bb5b98268f93279c205b7358b904316470f2c43947fcad0ff2680d083,2026-09-12
GER2,DSC Arminia Bielefeld,10,Maximilian Großer,528515,2001-07-23,Innenverteidiger,19,2023-07-01,2027-06-30,[],https://www.transfermarkt.de/maximilian-grosser/profil/spieler/528515,CONFIRMED,STAGE_CURRENT_SQUAD,https://www.transfermarkt.de/arminia-bielefeld/kader/verein/10/saison_id/2026/plus/1,6bf7304bb5b98268f93279c205b7358b904316470f2c43947fcad0ff2680d083,2026-09-12
GER2,DSC Arminia Bielefeld,10,Leon Schneider,356325,2000-06-19,Innenverteidiger,23,2023-07-06,,[],https://www.transfermarkt.de/leon-schneider/profil/spieler/356325,CONFIRMED,REVIEW_REQUIRED,https://www.transfermarkt.de/arminia-bielefeld/kader/verein/10/saison_id/2026/plus/1,6bf7304bb5b98268f93279c205b7358b904316470f2c43947fcad0ff2680d083,2026-09-12
GER2,DSC Arminia Bielefeld,10,Joel Felix,400532,1998-01-13,Innenverteidiger,3,2024-07-01,2027-06-30,[],https://www.transfermarkt.de/joel-felix/profil/spieler/400532,CONFIRMED,STAGE_CURRENT_SQUAD,https://www.transfermarkt.de/arminia-bielefeld/kader/verein/10/saison_id/2026/plus/1,6bf7304bb5b98268f93279c205b7358b904316470f2c43947fcad0ff2680d083,2026-09-12
GER2,DSC Arminia Bielefeld,10,Tim Handwerker,284177,1998-05-19,Linker Verteidiger,29,2025-07-01,,[],https://www.transfermarkt.de/tim-handwerker/profil/spieler/284177,CONFIRMED,REVIEW_REQUIRED,https://www.transfermarkt.de/arminia-bielefeld/kader/verein/10/saison_id/2026/plus/1,6bf7304bb5b98268f93279c205b7358b904316470f2c43947fcad0ff2680d083,2026-09-12
GER2,DSC Arminia Bielefeld,10,Arne Sicker,244997,1997-04-17,Linker Verteidiger,17,2025-08-29,2028-06-30,[],https://www.transfermarkt.de/arne-sicker/profil/spieler/244997,CONFIRMED,STAGE_CURRENT_SQUAD,https://www.transfermarkt.de/arminia-bielefeld/kader/verein/10/saison_id/2026/plus/1,6bf7304bb5b98268f93279c205b7358b904316470f2c43947fcad0ff2680d083,2026-09-12
GER2,DSC Arminia Bielefeld,10,Henri Koudossou,515624,1999-09-03,Rechter Verteidiger,7,2026-07-01,,"[""Neuzugang von: FC Augsburg; Datum: 01.07.2026; Ablöse: 500 Tsd. €""]",https://www.transfermarkt.de/henri-koudossou/profil/spieler/515624,CONFIRMED,REVIEW_REQUIRED,https://www.transfermarkt.de/arminia-bielefeld/kader/verein/10/saison_id/2026/plus/1,6bf7304bb5b98268f93279c205b7358b904316470f2c43947fcad0ff2680d083,2026-09-12
GER2,DSC Arminia Bielefeld,10,Felix Hagmann,749942,2004-01-29,Rechter Verteidiger,2,2024-09-01,2028-06-30,[],https://www.transfermarkt.de/felix-hagmann/profil/spieler/749942,CONFIRMED,STAGE_CURRENT_SQUAD,https://www.transfermarkt.de/arminia-bielefeld/kader/verein/10/saison_id/2026/plus/1,6bf7304bb5b98268f93279c205b7358b904316470f2c43947fcad0ff2680d083,2026-09-12
GER2,DSC Arminia Bielefeld,10,Stefano Russo,343332,2000-06-29,Defensives Mittelfeld,21,2024-07-01,2028-06-30,[],https://www.transfermarkt.de/stefano-russo/profil/spieler/343332,CONFIRMED,STAGE_CURRENT_SQUAD,https://www.transfermarkt.de/arminia-bielefeld/kader/verein/10/saison_id/2026/plus/1,6bf7304bb5b98268f93279c205b7358b904316470f2c43947fcad0ff2680d083,2026-09-12
GER2,DSC Arminia Bielefeld,10,Marius Wörl,786827,2004-04-05,Zentrales Mittelfeld,38,2025-08-24,2029-06-30,[],https://www.transfermarkt.de/marius-worl/profil/spieler/786827,CONFIRMED,STAGE_CURRENT_SQUAD,https://www.transfermarkt.de/arminia-bielefeld/kader/verein/10/saison_id/2026/plus/1,6bf7304bb5b98268f93279c205b7358b904316470f2c43947fcad0ff2680d083,2026-09-12
GER2,DSC Arminia Bielefeld,10,Leon Jensen,273904,1997-05-19,Zentrales Mittelfeld,31,2026-09-01,2027-06-30,"[""Neuzugang von: Hertha BSC; Datum: 01.09.2026; Ablöse: ablösefrei""]",https://www.transfermarkt.de/leon-jensen/profil/spieler/273904,CONFIRMED,STAGE_CURRENT_SQUAD,https://www.transfermarkt.de/arminia-bielefeld/kader/verein/10/saison_id/2026/plus/1,6bf7304bb5b98268f93279c205b7358b904316470f2c43947fcad0ff2680d083,2026-09-12
GER2,DSC Arminia Bielefeld,10,Till Wegener,1322876,2009-02-01,Zentrales Mittelfeld,42,2026-07-29,2028-06-30,"[""Interner Wechsel: Arminia Bielefeld U19; Datum: 29.07.2026""]",https://www.transfermarkt.de/till-wegener/profil/spieler/1322876,CONFIRMED,STAGE_CURRENT_SQUAD,https://www.transfermarkt.de/arminia-bielefeld/kader/verein/10/saison_id/2026/plus/1,6bf7304bb5b98268f93279c205b7358b904316470f2c43947fcad0ff2680d083,2026-09-12
GER2,DSC Arminia Bielefeld,10,Sam Schreck,335100,1999-01-29,Zentrales Mittelfeld,8,2023-07-01,2027-06-30,[],https://www.transfermarkt.de/sam-schreck/profil/spieler/335100,CONFIRMED,STAGE_CURRENT_SQUAD,https://www.transfermarkt.de/arminia-bielefeld/kader/verein/10/saison_id/2026/plus/1,6bf7304bb5b98268f93279c205b7358b904316470f2c43947fcad0ff2680d083,2026-09-12
GER2,DSC Arminia Bielefeld,10,Lukas Kunze,333239,1998-06-14,Zentrales Mittelfeld,13,2024-07-01,2027-06-30,"[""Rückkehr nach Leihe von: FC Hansa Rostock; Datum: 30.06.2026; Ablöse: Leih-Ende""]",https://www.transfermarkt.de/lukas-kunze/profil/spieler/333239,CONFIRMED,STAGE_CURRENT_SQUAD,https://www.transfermarkt.de/arminia-bielefeld/kader/verein/10/saison_id/2026/plus/1,6bf7304bb5b98268f93279c205b7358b904316470f2c43947fcad0ff2680d083,2026-09-12
GER2,DSC Arminia Bielefeld,10,Eyyüb Yasar,1259900,2008-01-21,Zentrales Mittelfeld,44,2026-03-20,,[],https://www.transfermarkt.de/eyyub-yasar/profil/spieler/1259900,CONFIRMED,REVIEW_REQUIRED,https://www.transfermarkt.de/arminia-bielefeld/kader/verein/10/saison_id/2026/plus/1,6bf7304bb5b98268f93279c205b7358b904316470f2c43947fcad0ff2680d083,2026-09-12
GER2,DSC Arminia Bielefeld,10,Marvin Mehlem,237226,1997-09-11,Offensives Mittelfeld,6,2025-07-08,,[],https://www.transfermarkt.de/marvin-mehlem/profil/spieler/237226,CONFIRMED,REVIEW_REQUIRED,https://www.transfermarkt.de/arminia-bielefeld/kader/verein/10/saison_id/2026/plus/1,6bf7304bb5b98268f93279c205b7358b904316470f2c43947fcad0ff2680d083,2026-09-12
GER2,DSC Arminia Bielefeld,10,Benjamin Boakye,800988,2005-03-07,Linksaußen,27,2025-07-01,,[],https://www.transfermarkt.de/benjamin-boakye/profil/spieler/800988,CONFIRMED,REVIEW_REQUIRED,https://www.transfermarkt.de/arminia-bielefeld/kader/verein/10/saison_id/2026/plus/1,6bf7304bb5b98268f93279c205b7358b904316470f2c43947fcad0ff2680d083,2026-09-12
GER2,DSC Arminia Bielefeld,10,Jannik Rochelt,501794,1998-09-27,Linksaußen,10,2026-07-01,,"[""Neuzugang von: Hannover 96; Datum: 01.07.2026; Ablöse: 400 Tsd. €""]",https://www.transfermarkt.de/jannik-rochelt/profil/spieler/501794,CONFIRMED,STAGE_CURRENT_SQUAD,https://www.transfermarkt.de/arminia-bielefeld/kader/verein/10/saison_id/2026/plus/1,6bf7304bb5b98268f93279c205b7358b904316470f2c43947fcad0ff2680d083,2026-09-12
GER2,DSC Arminia Bielefeld,10,Daniel Richter,1116190,2008-04-08,Linksaußen,43,2025-07-01,2028-06-30,[],https://www.transfermarkt.de/daniel-richter/profil/spieler/1116190,CONFIRMED,STAGE_CURRENT_SQUAD,https://www.transfermarkt.de/arminia-bielefeld/kader/verein/10/saison_id/2026/plus/1,6bf7304bb5b98268f93279c205b7358b904316470f2c43947fcad0ff2680d083,2026-09-12
GER2,DSC Arminia Bielefeld,10,Monju Momuluh,605242,2002-02-18,Rechtsaußen,14,2025-09-01,,[],https://www.transfermarkt.de/monju-momuluh/profil/spieler/605242,CONFIRMED,REVIEW_REQUIRED,https://www.transfermarkt.de/arminia-bielefeld/kader/verein/10/saison_id/2026/plus/1,6bf7304bb5b98268f93279c205b7358b904316470f2c43947fcad0ff2680d083,2026-09-12
GER2,DSC Arminia Bielefeld,10,Isaiah Young,433956,1998-03-30,Rechtsaußen,30,2024-08-27,2027-06-30,[],https://www.transfermarkt.de/isaiah-young/profil/spieler/433956,CONFIRMED,STAGE_CURRENT_SQUAD,https://www.transfermarkt.de/arminia-bielefeld/kader/verein/10/saison_id/2026/plus/1,6bf7304bb5b98268f93279c205b7358b904316470f2c43947fcad0ff2680d083,2026-09-12
GER2,DSC Arminia Bielefeld,10,David Min,604813,1999-06-23,Mittelstürmer,9,2026-08-30,2027-06-30,[],https://www.transfermarkt.de/david-min/profil/spieler/604813,CONFIRMED,REVIEW_REQUIRED,https://www.transfermarkt.de/arminia-bielefeld/kader/verein/10/saison_id/2026/plus/1,6bf7304bb5b98268f93279c205b7358b904316470f2c43947fcad0ff2680d083,2026-09-12
GER2,DSC Arminia Bielefeld,10,Joel Grodowski,503854,1997-11-30,Mittelstürmer,11,2025-01-28,,[],https://www.transfermarkt.de/joel-grodowski/profil/spieler/503854,CONFIRMED,REVIEW_REQUIRED,https://www.transfermarkt.de/arminia-bielefeld/kader/verein/10/saison_id/2026/plus/1,6bf7304bb5b98268f93279c205b7358b904316470f2c43947fcad0ff2680d083,2026-09-12
GER2,1. FC Magdeburg,187,Dominik Reimann,238722,1997-06-18,Torwart,1,2021-07-01,2029-06-30,[],https://www.transfermarkt.de/dominik-reimann/profil/spieler/238722,CONFIRMED,STAGE_CURRENT_SQUAD,https://www.transfermarkt.de/1-fc-magdeburg/kader/verein/187/saison_id/2026/plus/1,d0ff31a4349276164899e3293cd9c2c30e400169104ef2ece40cfdb9b3d70c93,2026-09-12
GER2,1. FC Magdeburg,187,Noah Kruth,818246,2003-06-24,Torwart,30,2022-01-09,,[],https://www.transfermarkt.de/noah-kruth/profil/spieler/818246,CONFIRMED,REVIEW_REQUIRED,https://www.transfermarkt.de/1-fc-magdeburg/kader/verein/187/saison_id/2026/plus/1,d0ff31a4349276164899e3293cd9c2c30e400169104ef2ece40cfdb9b3d70c93,2026-09-12
GER2,1. FC Magdeburg,187,Robert Kampa,1023784,2005-02-13,Torwart,40,2024-07-01,,[],https://www.transfermarkt.de/robert-kampa/profil/spieler/1023784,CONFIRMED,REVIEW_REQUIRED,https://www.transfermarkt.de/1-fc-magdeburg/kader/verein/187/saison_id/2026/plus/1,d0ff31a4349276164899e3293cd9c2c30e400169104ef2ece40cfdb9b3d70c93,2026-09-12
GER2,1. FC Magdeburg,187,Tjark Möbius,1133120,2008-07-29,Torwart,42,,2029-06-30,[],https://www.transfermarkt.de/tjark-mobius/profil/spieler/1133120,CONFIRMED,REVIEW_REQUIRED,https://www.transfermarkt.de/1-fc-magdeburg/kader/verein/187/saison_id/2026/plus/1,d0ff31a4349276164899e3293cd9c2c30e400169104ef2ece40cfdb9b3d70c93,2026-09-12
GER2,1. FC Magdeburg,187,Anselmo García MacNulty,631904,2003-02-19,Innenverteidiger,3,2026-07-01,,"[""Neuzugang von: PEC Zwolle; Datum: 01.07.2026; Ablöse: ablösefrei""]",https://www.transfermarkt.de/anselmo-garcia-macnulty/profil/spieler/631904,CONFIRMED,REVIEW_REQUIRED,https://www.transfermarkt.de/1-fc-magdeburg/kader/verein/187/saison_id/2026/plus/1,d0ff31a4349276164899e3293cd9c2c30e400169104ef2ece40cfdb9b3d70c93,2026-09-12
GER2,1. FC Magdeburg,187,Paul Jaeckel,284248,1998-07-22,Innenverteidiger,6,2026-07-07,,"[""Neuzugang von: Preußen Münster; Datum: 07.07.2026; Ablöse: ablösefrei""]",https://www.transfermarkt.de/paul-jaeckel/profil/spieler/284248,CONFIRMED,REVIEW_REQUIRED,https://www.transfermarkt.de/1-fc-magdeburg/kader/verein/187/saison_id/2026/plus/1,d0ff31a4349276164899e3293cd9c2c30e400169104ef2ece40cfdb9b3d70c93,2026-09-12
GER2,1. FC Magdeburg,187,Tobias Müller,19483,1994-07-08,Innenverteidiger,5,2024-01-02,2028-06-30,[],https://www.transfermarkt.de/tobias-muller/profil/spieler/19483,CONFIRMED,STAGE_CURRENT_SQUAD,https://www.transfermarkt.de/1-fc-magdeburg/kader/verein/187/saison_id/2026/plus/1,d0ff31a4349276164899e3293cd9c2c30e400169104ef2ece40cfdb9b3d70c93,2026-09-12
GER2,1. FC Magdeburg,187,Daniel Heber,151583,1994-07-04,Innenverteidiger,15,2023-01-24,,[],https://www.transfermarkt.de/daniel-heber/profil/spieler/151583,CONFIRMED,REVIEW_REQUIRED,https://www.transfermarkt.de/1-fc-magdeburg/kader/verein/187/saison_id/2026/plus/1,d0ff31a4349276164899e3293cd9c2c30e400169104ef2ece40cfdb9b3d70c93,2026-09-12
GER2,1. FC Magdeburg,187,Tarek Chahed,285944,1996-06-23,Innenverteidiger,34,2023-07-01,,[],https://www.transfermarkt.de/tarek-chahed/profil/spieler/285944,CONFIRMED,REVIEW_REQUIRED,https://www.transfermarkt.de/1-fc-magdeburg/kader/verein/187/saison_id/2026/plus/1,d0ff31a4349276164899e3293cd9c2c30e400169104ef2ece40cfdb9b3d70c93,2026-09-12
GER2,1. FC Magdeburg,187,Alexander Nollenberger,446625,1997-06-04,Linker Verteidiger,17,2023-07-01,,[],https://www.transfermarkt.de/alexander-nollenberger/profil/spieler/446625,CONFIRMED,REVIEW_REQUIRED,https://www.transfermarkt.de/1-fc-magdeburg/kader/verein/187/saison_id/2026/plus/1,d0ff31a4349276164899e3293cd9c2c30e400169104ef2ece40cfdb9b3d70c93,2026-09-12
GER2,1. FC Magdeburg,187,Lubambo Musonda,333859,1995-03-01,Linker Verteidiger,19,2024-07-01,2027-06-30,[],https://www.transfermarkt.de/lubambo-musonda/profil/spieler/333859,CONFIRMED,STAGE_CURRENT_SQUAD,https://www.transfermarkt.de/1-fc-magdeburg/kader/verein/187/saison_id/2026/plus/1,d0ff31a4349276164899e3293cd9c2c30e400169104ef2ece40cfdb9b3d70c93,2026-09-12
GER2,1. FC Magdeburg,187,Herbert Bockhorn,186477,1995-01-31,Rechter Verteidiger,7,2022-09-06,,[],https://www.transfermarkt.de/herbert-bockhorn/profil/spieler/186477,CONFIRMED,REVIEW_REQUIRED,https://www.transfermarkt.de/1-fc-magdeburg/kader/verein/187/saison_id/2026/plus/1,d0ff31a4349276164899e3293cd9c2c30e400169104ef2ece40cfdb9b3d70c93,2026-09-12
GER2,1. FC Magdeburg,187,Pierre Nadjombe,696011,2003-05-10,Rechter Verteidiger,28,2024-07-01,,"[""Rückkehr nach Leihe von: Alemannia Aachen; Datum: 30.06.2026; Ablöse: Leih-Ende""]",https://www.transfermarkt.de/pierre-nadjombe/profil/spieler/696011,CONFIRMED,REVIEW_REQUIRED,https://www.transfermarkt.de/1-fc-magdeburg/kader/verein/187/saison_id/2026/plus/1,d0ff31a4349276164899e3293cd9c2c30e400169104ef2ece40cfdb9b3d70c93,2026-09-12
GER2,1. FC Magdeburg,187,Eldin Dzogovic,627658,2003-06-08,Rechter Verteidiger,4,2022-01-09,,[],https://www.transfermarkt.de/eldin-dzogovic/profil/spieler/627658,CONFIRMED,REVIEW_REQUIRED,https://www.transfermarkt.de/1-fc-magdeburg/kader/verein/187/saison_id/2026/plus/1,d0ff31a4349276164899e3293cd9c2c30e400169104ef2ece40cfdb9b3d70c93,2026-09-12
GER2,1. FC Magdeburg,187,Luka Hyryläinen,716898,2004-08-25,Defensives Mittelfeld,38,2025-08-19,2028-06-30,[],https://www.transfermarkt.de/luka-hyrylainen/profil/spieler/716898,CONFIRMED,STAGE_CURRENT_SQUAD,https://www.transfermarkt.de/1-fc-magdeburg/kader/verein/187/saison_id/2026/plus/1,d0ff31a4349276164899e3293cd9c2c30e400169104ef2ece40cfdb9b3d70c93,2026-09-12
GER2,1. FC Magdeburg,187,Falko Michel,527270,2001-01-14,Defensives Mittelfeld,21,2024-07-01,,[],https://www.transfermarkt.de/falko-michel/profil/spieler/527270,CONFIRMED,REVIEW_REQUIRED,https://www.transfermarkt.de/1-fc-magdeburg/kader/verein/187/saison_id/2026/plus/1,d0ff31a4349276164899e3293cd9c2c30e400169104ef2ece40cfdb9b3d70c93,2026-09-12
GER2,1. FC Magdeburg,187,Tony Reitz,815237,2004-07-05,Defensives Mittelfeld,14,2026-07-01,,"[""Neuzugang von: Borussia Dortmund II; Datum: 01.07.2026; Ablöse: 400 Tsd. €""]",https://www.transfermarkt.de/tony-reitz/profil/spieler/815237,CONFIRMED,STAGE_CURRENT_SQUAD,https://www.transfermarkt.de/1-fc-magdeburg/kader/verein/187/saison_id/2026/plus/1,d0ff31a4349276164899e3293cd9c2c30e400169104ef2ece40cfdb9b3d70c93,2026-09-12
GER2,1. FC Magdeburg,187,Felipe Chávez,1009441,2007-04-10,Zentrales Mittelfeld,11,2026-08-26,2027-06-30,[],https://www.transfermarkt.de/felipe-chavez/profil/spieler/1009441,CONFIRMED,REVIEW_REQUIRED,https://www.transfermarkt.de/1-fc-magdeburg/kader/verein/187/saison_id/2026/plus/1,d0ff31a4349276164899e3293cd9c2c30e400169104ef2ece40cfdb9b3d70c93,2026-09-12
GER2,1. FC Magdeburg,187,Torben Müsel,368860,1999-07-25,Zentrales Mittelfeld,26,2026-07-01,,"[""Neuzugang von: Rot-Weiss Essen; Datum: 01.07.2026; Ablöse: ablösefrei""]",https://www.transfermarkt.de/torben-musel/profil/spieler/368860,CONFIRMED,REVIEW_REQUIRED,https://www.transfermarkt.de/1-fc-magdeburg/kader/verein/187/saison_id/2026/plus/1,d0ff31a4349276164899e3293cd9c2c30e400169104ef2ece40cfdb9b3d70c93,2026-09-12
GER2,1. FC Magdeburg,187,Leon Mergner,1035864,2006-07-21,Zentrales Mittelfeld,33,2026-08-27,2029-06-30,"[""Interner Wechsel: 1.FC Magdeburg II; Datum: 27.08.2026""]",https://www.transfermarkt.de/leon-mergner/profil/spieler/1035864,CONFIRMED,STAGE_CURRENT_SQUAD,https://www.transfermarkt.de/1-fc-magdeburg/kader/verein/187/saison_id/2026/plus/1,d0ff31a4349276164899e3293cd9c2c30e400169104ef2ece40cfdb9b3d70c93,2026-09-12
GER2,1. FC Magdeburg,187,Moritz-Broni Kwarteng,316575,1998-04-28,Offensives Mittelfeld,10,2026-07-07,2028-06-30,"[""Neuzugang von: VfL Bochum; Datum: 07.07.2026; Ablöse: 300 Tsd. €""]",https://www.transfermarkt.de/moritz-broni-kwarteng/profil/spieler/316575,CONFIRMED,STAGE_CURRENT_SQUAD,https://www.transfermarkt.de/1-fc-magdeburg/kader/verein/187/saison_id/2026/plus/1,d0ff31a4349276164899e3293cd9c2c30e400169104ef2ece40cfdb9b3d70c93,2026-09-12
GER2,1. FC Magdeburg,187,Baris Atik,161072,1995-01-09,Linksaußen,23,2021-01-05,,[],https://www.transfermarkt.de/baris-atik/profil/spieler/161072,CONFIRMED,REVIEW_REQUIRED,https://www.transfermarkt.de/1-fc-magdeburg/kader/verein/187/saison_id/2026/plus/1,d0ff31a4349276164899e3293cd9c2c30e400169104ef2ece40cfdb9b3d70c93,2026-09-12
GER2,1. FC Magdeburg,187,Chung-hyun Lee,1154529,2007-09-12,Linksaußen,18,2026-07-14,2027-06-30,[],https://www.transfermarkt.de/chung-hyun-lee/profil/spieler/1154529,CONFIRMED,REVIEW_REQUIRED,https://www.transfermarkt.de/1-fc-magdeburg/kader/verein/187/saison_id/2026/plus/1,d0ff31a4349276164899e3293cd9c2c30e400169104ef2ece40cfdb9b3d70c93,2026-09-12
GER2,1. FC Magdeburg,187,Emmanuel Iyoha,314245,1997-10-11,Rechtsaußen,8,2026-07-16,,"[""Neuzugang von: Fortuna Düsseldorf; Datum: 16.07.2026; Ablöse: ablösefrei""]",https://www.transfermarkt.de/emmanuel-iyoha/profil/spieler/314245,CONFIRMED,REVIEW_REQUIRED,https://www.transfermarkt.de/1-fc-magdeburg/kader/verein/187/saison_id/2026/plus/1,d0ff31a4349276164899e3293cd9c2c30e400169104ef2ece40cfdb9b3d70c93,2026-09-12
GER2,1. FC Magdeburg,187,Do-young Yoon,1015959,2006-10-28,Rechtsaußen,27,2026-07-05,2027-06-30,[],https://www.transfermarkt.de/do-young-yoon/profil/spieler/1015959,CONFIRMED,REVIEW_REQUIRED,https://www.transfermarkt.de/1-fc-magdeburg/kader/verein/187/saison_id/2026/plus/1,d0ff31a4349276164899e3293cd9c2c30e400169104ef2ece40cfdb9b3d70c93,2026-09-12
GER2,1. FC Magdeburg,187,Magnus Baars,1035852,2006-10-12,Rechtsaußen,35,2025-07-01,,[],https://www.transfermarkt.de/magnus-baars/profil/spieler/1035852,CONFIRMED,REVIEW_REQUIRED,https://www.transfermarkt.de/1-fc-magdeburg/kader/verein/187/saison_id/2026/plus/1,d0ff31a4349276164899e3293cd9c2c30e400169104ef2ece40cfdb9b3d70c93,2026-09-12
GER2,1. FC Magdeburg,187,Mateusz Zukowski,470375,2001-11-23,Mittelstürmer,22,2025-09-01,2029-06-30,[],https://www.transfermarkt.de/mateusz-zukowski/profil/spieler/470375,CONFIRMED,STAGE_CURRENT_SQUAD,https://www.transfermarkt.de/1-fc-magdeburg/kader/verein/187/saison_id/2026/plus/1,d0ff31a4349276164899e3293cd9c2c30e400169104ef2ece40cfdb9b3d70c93,2026-09-12
GER2,1. FC Magdeburg,187,Roko Simic,658693,2003-09-10,Mittelstürmer,9,2026-08-19,2027-06-30,[],https://www.transfermarkt.de/roko-simic/profil/spieler/658693,CONFIRMED,REVIEW_REQUIRED,https://www.transfermarkt.de/1-fc-magdeburg/kader/verein/187/saison_id/2026/plus/1,d0ff31a4349276164899e3293cd9c2c30e400169104ef2ece40cfdb9b3d70c93,2026-09-12
GER2,1. FC Magdeburg,187,Richmond Tachie,390460,1999-04-21,Mittelstürmer,29,2026-02-02,,[],https://www.transfermarkt.de/richmond-tachie/profil/spieler/390460,CONFIRMED,REVIEW_REQUIRED,https://www.transfermarkt.de/1-fc-magdeburg/kader/verein/187/saison_id/2026/plus/1,d0ff31a4349276164899e3293cd9c2c30e400169104ef2ece40cfdb9b3d70c93,2026-09-12
GER2,1. FC Magdeburg,187,Kevin Manthey,1160023,2007-05-29,Mittelstürmer,20,2026-07-01,,"[""Neuzugang von: SV Werder Bremen II; Datum: 01.07.2026; Ablöse: ablösefrei""]",https://www.transfermarkt.de/kevin-manthey/profil/spieler/1160023,CONFIRMED,REVIEW_REQUIRED,https://www.transfermarkt.de/1-fc-magdeburg/kader/verein/187/saison_id/2026/plus/1,d0ff31a4349276164899e3293cd9c2c30e400169104ef2ece40cfdb9b3d70c93,2026-09-12
GER2,Braunschweig TSV Eintracht,23,Ron-Thorben Hoffmann,317444,1999-04-04,Torwart,1,2025-07-01,2027-06-30,[],https://www.transfermarkt.de/ron-thorben-hoffmann/profil/spieler/317444,CONFIRMED,STAGE_CURRENT_SQUAD,https://www.transfermarkt.de/eintracht-braunschweig/kader/verein/23/saison_id/2026/plus/1,4dcb46d8b8a7e777d024f2983d9ebc008ec793f5ecc0c3f4c8db4cd20b3b5982,2026-09-12
GER2,Braunschweig TSV Eintracht,23,Benjamin Uphoff,120296,1993-08-08,Torwart,32,2026-07-01,2028-06-30,"[""Neuzugang von: FC Hansa Rostock; Datum: 01.07.2026; Ablöse: ablösefrei""]",https://www.transfermarkt.de/benjamin-uphoff/profil/spieler/120296,CONFIRMED,STAGE_CURRENT_SQUAD,https://www.transfermarkt.de/eintracht-braunschweig/kader/verein/23/saison_id/2026/plus/1,4dcb46d8b8a7e777d024f2983d9ebc008ec793f5ecc0c3f4c8db4cd20b3b5982,2026-09-12
GER2,Braunschweig TSV Eintracht,23,Nick Bodon,1115668,2007-05-31,Torwart,33,2026-07-01,2030-06-30,"[""Neuzugang von: FC Schalke 04 U19; Datum: 01.07.2026; Ablöse: ablösefrei""]",https://www.transfermarkt.de/nick-bodon/profil/spieler/1115668,CONFIRMED,STAGE_CURRENT_SQUAD,https://www.transfermarkt.de/eintracht-braunschweig/kader/verein/23/saison_id/2026/plus/1,4dcb46d8b8a7e777d024f2983d9ebc008ec793f5ecc0c3f4c8db4cd20b3b5982,2026-09-12
GER2,Braunschweig TSV Eintracht,23,Kevin Ehlers,447783,2001-01-23,Innenverteidiger,21,2024-07-01,2027-06-30,[],https://www.transfermarkt.de/kevin-ehlers/profil/spieler/447783,CONFIRMED,STAGE_CURRENT_SQUAD,https://www.transfermarkt.de/eintracht-braunschweig/kader/verein/23/saison_id/2026/plus/1,4dcb46d8b8a7e777d024f2983d9ebc008ec793f5ecc0c3f4c8db4cd20b3b5982,2026-09-12
GER2,Braunschweig TSV Eintracht,23,Lukas Frenkert,563966,2000-07-19,Innenverteidiger,29,2025-07-01,2027-06-30,[],https://www.transfermarkt.de/lukas-frenkert/profil/spieler/563966,CONFIRMED,STAGE_CURRENT_SQUAD,https://www.transfermarkt.de/eintracht-braunschweig/kader/verein/23/saison_id/2026/plus/1,4dcb46d8b8a7e777d024f2983d9ebc008ec793f5ecc0c3f4c8db4cd20b3b5982,2026-09-12
GER2,Braunschweig TSV Eintracht,23,Andi Hoti,656095,2003-03-02,Innenverteidiger,4,2026-02-02,2028-06-30,[],https://www.transfermarkt.de/andi-hoti/profil/spieler/656095,CONFIRMED,STAGE_CURRENT_SQUAD,https://www.transfermarkt.de/eintracht-braunschweig/kader/verein/23/saison_id/2026/plus/1,4dcb46d8b8a7e777d024f2983d9ebc008ec793f5ecc0c3f4c8db4cd20b3b5982,2026-09-12
GER2,Braunschweig TSV Eintracht,23,Frederik Jäkel,405679,2001-03-07,Innenverteidiger,5,2026-07-01,2028-06-30,"[""Neuzugang von: RB Leipzig; Datum: 01.07.2026; Ablöse: ablösefrei""]",https://www.transfermarkt.de/frederik-jakel/profil/spieler/405679,CONFIRMED,REVIEW_REQUIRED,https://www.transfermarkt.de/eintracht-braunschweig/kader/verein/23/saison_id/2026/plus/1,4dcb46d8b8a7e777d024f2983d9ebc008ec793f5ecc0c3f4c8db4cd20b3b5982,2026-09-12
GER2,Braunschweig TSV Eintracht,23,Isidoros Koutsidis,878419,2004-12-23,Innenverteidiger,23,2026-09-01,2029-06-30,"[""Neuzugang von: Olympiakos Piräus B; Datum: 01.09.2026; Ablöse: ablösefrei""]",https://www.transfermarkt.de/isidoros-koutsidis/profil/spieler/878419,CONFIRMED,STAGE_CURRENT_SQUAD,https://www.transfermarkt.de/eintracht-braunschweig/kader/verein/23/saison_id/2026/plus/1,4dcb46d8b8a7e777d024f2983d9ebc008ec793f5ecc0c3f4c8db4cd20b3b5982,2026-09-12
GER2,Braunschweig TSV Eintracht,23,Fabio Di Michele Sanchez,676889,2003-03-14,Linker Verteidiger,22,2024-07-01,2027-06-30,[],https://www.transfermarkt.de/fabio-di-michele-sanchez/profil/spieler/676889,CONFIRMED,STAGE_CURRENT_SQUAD,https://www.transfermarkt.de/eintracht-braunschweig/kader/verein/23/saison_id/2026/plus/1,4dcb46d8b8a7e777d024f2983d9ebc008ec793f5ecc0c3f4c8db4cd20b3b5982,2026-09-12
GER2,Braunschweig TSV Eintracht,23,Noah Katterbach,469949,2001-04-13,Linker Verteidiger,3,2026-07-01,2027-06-30,[],https://www.transfermarkt.de/noah-katterbach/profil/spieler/469949,CONFIRMED,REVIEW_REQUIRED,https://www.transfermarkt.de/eintracht-braunschweig/kader/verein/23/saison_id/2026/plus/1,4dcb46d8b8a7e777d024f2983d9ebc008ec793f5ecc0c3f4c8db4cd20b3b5982,2026-09-12
GER2,Braunschweig TSV Eintracht,23,Mehmet Aydin,472242,2002-02-09,Rechter Verteidiger,8,2025-07-02,2027-06-30,[],https://www.transfermarkt.de/mehmet-aydin/profil/spieler/472242,CONFIRMED,STAGE_CURRENT_SQUAD,https://www.transfermarkt.de/eintracht-braunschweig/kader/verein/23/saison_id/2026/plus/1,4dcb46d8b8a7e777d024f2983d9ebc008ec793f5ecc0c3f4c8db4cd20b3b5982,2026-09-12
GER2,Braunschweig TSV Eintracht,23,Damjan Kovacevic,694598,2004-08-28,Rechter Verteidiger,43,2026-07-01,2029-06-30,"[""Neuzugang von: TSV Hartberg; Datum: 01.07.2026; Ablöse: ablösefrei""]",https://www.transfermarkt.de/damjan-kovacevic/profil/spieler/694598,CONFIRMED,STAGE_CURRENT_SQUAD,https://www.transfermarkt.de/eintracht-braunschweig/kader/verein/23/saison_id/2026/plus/1,4dcb46d8b8a7e777d024f2983d9ebc008ec793f5ecc0c3f4c8db4cd20b3b5982,2026-09-12
GER2,Braunschweig TSV Eintracht,23,Sanoussy Ba,717346,2004-01-05,Rechter Verteidiger,25,2024-07-01,2027-06-30,"[""Rückkehr nach Leihe von: SV Waldhof Mannheim; Datum: 30.06.2026; Ablöse: Leih-Ende""]",https://www.transfermarkt.de/sanoussy-ba/profil/spieler/717346,CONFIRMED,STAGE_CURRENT_SQUAD,https://www.transfermarkt.de/eintracht-braunschweig/kader/verein/23/saison_id/2026/plus/1,4dcb46d8b8a7e777d024f2983d9ebc008ec793f5ecc0c3f4c8db4cd20b3b5982,2026-09-12
GER2,Braunschweig TSV Eintracht,23,Florian Flick,596881,2000-05-01,Defensives Mittelfeld,6,2026-07-01,2028-06-30,"[""Neuzugang von: 1.FC Nürnberg; Datum: 01.07.2026; Ablöse: 250 Tsd. €""]",https://www.transfermarkt.de/florian-flick/profil/spieler/596881,CONFIRMED,REVIEW_REQUIRED,https://www.transfermarkt.de/eintracht-braunschweig/kader/verein/23/saison_id/2026/plus/1,4dcb46d8b8a7e777d024f2983d9ebc008ec793f5ecc0c3f4c8db4cd20b3b5982,2026-09-12
GER2,Braunschweig TSV Eintracht,23,Max Marie,729176,2004-10-02,Zentrales Mittelfeld,15,2024-07-01,2027-06-30,[],https://www.transfermarkt.de/max-marie/profil/spieler/729176,CONFIRMED,STAGE_CURRENT_SQUAD,https://www.transfermarkt.de/eintracht-braunschweig/kader/verein/23/saison_id/2026/plus/1,4dcb46d8b8a7e777d024f2983d9ebc008ec793f5ecc0c3f4c8db4cd20b3b5982,2026-09-12
GER2,Braunschweig TSV Eintracht,23,Lino Tempelmann,378883,1999-02-02,Zentrales Mittelfeld,20,2025-07-01,2028-06-30,[],https://www.transfermarkt.de/lino-tempelmann/profil/spieler/378883,CONFIRMED,STAGE_CURRENT_SQUAD,https://www.transfermarkt.de/eintracht-braunschweig/kader/verein/23/saison_id/2026/plus/1,4dcb46d8b8a7e777d024f2983d9ebc008ec793f5ecc0c3f4c8db4cd20b3b5982,2026-09-12
GER2,Braunschweig TSV Eintracht,23,Samuele Di Benedetto,826064,2005-07-16,Zentrales Mittelfeld,10,2026-07-01,2029-06-30,"[""Neuzugang von: VfB Stuttgart II; Datum: 01.07.2026; Ablöse: ablösefrei""]",https://www.transfermarkt.de/samuele-di-benedetto/profil/spieler/826064,CONFIRMED,STAGE_CURRENT_SQUAD,https://www.transfermarkt.de/eintracht-braunschweig/kader/verein/23/saison_id/2026/plus/1,4dcb46d8b8a7e777d024f2983d9ebc008ec793f5ecc0c3f4c8db4cd20b3b5982,2026-09-12
GER2,Braunschweig TSV Eintracht,23,Robin Heußer,337042,1998-05-23,Zentrales Mittelfeld,30,2025-07-21,2027-06-30,[],https://www.transfermarkt.de/robin-heusser/profil/spieler/337042,CONFIRMED,STAGE_CURRENT_SQUAD,https://www.transfermarkt.de/eintracht-braunschweig/kader/verein/23/saison_id/2026/plus/1,4dcb46d8b8a7e777d024f2983d9ebc008ec793f5ecc0c3f4c8db4cd20b3b5982,2026-09-12
GER2,Braunschweig TSV Eintracht,23,Sidney Raebiger,717345,2005-04-17,Zentrales Mittelfeld,37,2024-07-01,2027-06-30,[],https://www.transfermarkt.de/sidney-raebiger/profil/spieler/717345,CONFIRMED,STAGE_CURRENT_SQUAD,https://www.transfermarkt.de/eintracht-braunschweig/kader/verein/23/saison_id/2026/plus/1,4dcb46d8b8a7e777d024f2983d9ebc008ec793f5ecc0c3f4c8db4cd20b3b5982,2026-09-12
GER2,Braunschweig TSV Eintracht,23,Tristan Wagner,913501,2005-07-06,Zentrales Mittelfeld,26,2026-07-01,2029-06-30,"[""Neuzugang von: Greifswalder FC; Datum: 01.07.2026; Ablöse: ?""]",https://www.transfermarkt.de/tristan-wagner/profil/spieler/913501,CONFIRMED,STAGE_CURRENT_SQUAD,https://www.transfermarkt.de/eintracht-braunschweig/kader/verein/23/saison_id/2026/plus/1,4dcb46d8b8a7e777d024f2983d9ebc008ec793f5ecc0c3f4c8db4cd20b3b5982,2026-09-12
GER2,Braunschweig TSV Eintracht,23,Junior Zé,925199,2006-03-22,Linksaußen,19,2026-07-03,2029-06-30,"[""Neuzugang von: FC Basel 1893; Datum: 03.07.2026; Ablöse: 200 Tsd. €""]",https://www.transfermarkt.de/junior-ze/profil/spieler/925199,CONFIRMED,STAGE_CURRENT_SQUAD,https://www.transfermarkt.de/eintracht-braunschweig/kader/verein/23/saison_id/2026/plus/1,4dcb46d8b8a7e777d024f2983d9ebc008ec793f5ecc0c3f4c8db4cd20b3b5982,2026-09-12
GER2,Braunschweig TSV Eintracht,23,Sidi Sané,410561,2003-04-21,Linksaußen,24,2023-07-20,2027-06-30,[],https://www.transfermarkt.de/sidi-sane/profil/spieler/410561,CONFIRMED,STAGE_CURRENT_SQUAD,https://www.transfermarkt.de/eintracht-braunschweig/kader/verein/23/saison_id/2026/plus/1,4dcb46d8b8a7e777d024f2983d9ebc008ec793f5ecc0c3f4c8db4cd20b3b5982,2026-09-12
GER2,Braunschweig TSV Eintracht,23,Yann Sturm,829820,2005-03-21,Linksaußen,7,2026-07-01,2029-06-30,"[""Neuzugang von: SC Freiburg II; Datum: 01.07.2026; Ablöse: 200 Tsd. €""]",https://www.transfermarkt.de/yann-sturm/profil/spieler/829820,CONFIRMED,REVIEW_REQUIRED,https://www.transfermarkt.de/eintracht-braunschweig/kader/verein/23/saison_id/2026/plus/1,4dcb46d8b8a7e777d024f2983d9ebc008ec793f5ecc0c3f4c8db4cd20b3b5982,2026-09-12
GER2,Braunschweig TSV Eintracht,23,Aaron Opoku,344063,1999-03-28,Rechtsaußen,17,2026-02-02,2028-06-30,[],https://www.transfermarkt.de/aaron-opoku/profil/spieler/344063,CONFIRMED,STAGE_CURRENT_SQUAD,https://www.transfermarkt.de/eintracht-braunschweig/kader/verein/23/saison_id/2026/plus/1,4dcb46d8b8a7e777d024f2983d9ebc008ec793f5ecc0c3f4c8db4cd20b3b5982,2026-09-12
GER2,Braunschweig TSV Eintracht,23,Jovan Mijatovic,673432,2005-07-11,Mittelstürmer,11,2026-01-29,2026-12-31,[],https://www.transfermarkt.de/jovan-mijatovic/profil/spieler/673432,CONFIRMED,REVIEW_REQUIRED,https://www.transfermarkt.de/eintracht-braunschweig/kader/verein/23/saison_id/2026/plus/1,4dcb46d8b8a7e777d024f2983d9ebc008ec793f5ecc0c3f4c8db4cd20b3b5982,2026-09-12
GER2,Braunschweig TSV Eintracht,23,Maximilian Entrup,403184,1997-07-25,Mittelstürmer,9,2026-07-03,2028-06-30,"[""Neuzugang von: LASK; Datum: 03.07.2026; Ablöse: 200 Tsd. €""]",https://www.transfermarkt.de/maximilian-entrup/profil/spieler/403184,CONFIRMED,STAGE_CURRENT_SQUAD,https://www.transfermarkt.de/eintracht-braunschweig/kader/verein/23/saison_id/2026/plus/1,4dcb46d8b8a7e777d024f2983d9ebc008ec793f5ecc0c3f4c8db4cd20b3b5982,2026-09-12
GER2,Braunschweig TSV Eintracht,23,Jan Urbich,820723,2004-06-23,Mittelstürmer,27,2026-07-02,2027-06-30,[],https://www.transfermarkt.de/jan-urbich/profil/spieler/820723,CONFIRMED,REVIEW_REQUIRED,https://www.transfermarkt.de/eintracht-braunschweig/kader/verein/23/saison_id/2026/plus/1,4dcb46d8b8a7e777d024f2983d9ebc008ec793f5ecc0c3f4c8db4cd20b3b5982,2026-09-12
GER2,SpVgg Greuther Fürth,65,Florian Hellstern,1009438,2007-10-18,Torwart,1,2026-07-01,2027-06-30,[],https://www.transfermarkt.de/florian-hellstern/profil/spieler/1009438,CONFIRMED,REVIEW_REQUIRED,https://www.transfermarkt.de/spvgg-greuther-furth/kader/verein/65/saison_id/2026/plus/1,582a3d28fdc7b95bf59c3bf33f2d9b2847185d2a8fd3682db98bcd5e3a81d68b,2026-09-12
GER2,SpVgg Greuther Fürth,65,Silas Prüfrock,913422,2005-01-25,Torwart,43,2026-01-01,,[],https://www.transfermarkt.de/silas-prufrock/profil/spieler/913422,CONFIRMED,REVIEW_REQUIRED,https://www.transfermarkt.de/spvgg-greuther-furth/kader/verein/65/saison_id/2026/plus/1,582a3d28fdc7b95bf59c3bf33f2d9b2847185d2a8fd3682db98bcd5e3a81d68b,2026-09-12
GER2,SpVgg Greuther Fürth,65,Christian Ortag,196826,1995-01-14,Torwart,39,2026-07-01,2029-06-30,"[""Neuzugang von: SSV Ulm 1846; Datum: 01.07.2026; Ablöse: ablösefrei""]",https://www.transfermarkt.de/christian-ortag/profil/spieler/196826,CONFIRMED,STAGE_CURRENT_SQUAD,https://www.transfermarkt.de/spvgg-greuther-furth/kader/verein/65/saison_id/2026/plus/1,582a3d28fdc7b95bf59c3bf33f2d9b2847185d2a8fd3682db98bcd5e3a81d68b,2026-09-12
GER2,SpVgg Greuther Fürth,65,Hendry Blank,804831,2004-08-21,Innenverteidiger,34,2026-09-01,2027-06-30,[],https://www.transfermarkt.de/hendry-blank/profil/spieler/804831,CONFIRMED,REVIEW_REQUIRED,https://www.transfermarkt.de/spvgg-greuther-furth/kader/verein/65/saison_id/2026/plus/1,582a3d28fdc7b95bf59c3bf33f2d9b2847185d2a8fd3682db98bcd5e3a81d68b,2026-09-12
GER2,SpVgg Greuther Fürth,65,Jannis Heuer,369888,1999-07-29,Innenverteidiger,22,2026-07-01,2029-06-30,"[""Neuzugang von: 1.FC Kaiserslautern; Datum: 01.07.2026; Ablöse: 150 Tsd. €""]",https://www.transfermarkt.de/jannis-heuer/profil/spieler/369888,CONFIRMED,REVIEW_REQUIRED,https://www.transfermarkt.de/spvgg-greuther-furth/kader/verein/65/saison_id/2026/plus/1,582a3d28fdc7b95bf59c3bf33f2d9b2847185d2a8fd3682db98bcd5e3a81d68b,2026-09-12
GER2,SpVgg Greuther Fürth,65,Krisztián Keresztes,626472,2000-01-04,Innenverteidiger,29,2026-07-25,2027-06-30,[],https://www.transfermarkt.de/krisztian-keresztes/profil/spieler/626472,CONFIRMED,REVIEW_REQUIRED,https://www.transfermarkt.de/spvgg-greuther-furth/kader/verein/65/saison_id/2026/plus/1,582a3d28fdc7b95bf59c3bf33f2d9b2847185d2a8fd3682db98bcd5e3a81d68b,2026-09-12
GER2,SpVgg Greuther Fürth,65,Elias Benkara,931668,2007-04-29,Innenverteidiger,4,2026-08-28,2027-06-30,[],https://www.transfermarkt.de/elias-benkara/profil/spieler/931668,CONFIRMED,REVIEW_REQUIRED,https://www.transfermarkt.de/spvgg-greuther-furth/kader/verein/65/saison_id/2026/plus/1,582a3d28fdc7b95bf59c3bf33f2d9b2847185d2a8fd3682db98bcd5e3a81d68b,2026-09-12
GER2,SpVgg Greuther Fürth,65,Maxim Dal,934317,2006-01-26,Innenverteidiger,5,2026-07-13,2029-06-30,"[""Neuzugang von: 1.FSV Mainz 05; Datum: 13.07.2026; Ablöse: ablösefrei""]",https://www.transfermarkt.de/maxim-dal/profil/spieler/934317,CONFIRMED,STAGE_CURRENT_SQUAD,https://www.transfermarkt.de/spvgg-greuther-furth/kader/verein/65/saison_id/2026/plus/1,582a3d28fdc7b95bf59c3bf33f2d9b2847185d2a8fd3682db98bcd5e3a81d68b,2026-09-12
GER2,SpVgg Greuther Fürth,65,Luca Itter,296378,1999-01-05,Linker Verteidiger,27,2022-07-01,2027-06-30,[],https://www.transfermarkt.de/luca-itter/profil/spieler/296378,CONFIRMED,STAGE_CURRENT_SQUAD,https://www.transfermarkt.de/spvgg-greuther-furth/kader/verein/65/saison_id/2026/plus/1,582a3d28fdc7b95bf59c3bf33f2d9b2847185d2a8fd3682db98bcd5e3a81d68b,2026-09-12
GER2,SpVgg Greuther Fürth,65,Loris Giandomenico,911223,2005-09-28,Linker Verteidiger,20,2026-09-01,2027-06-30,[],https://www.transfermarkt.de/loris-giandomenico/profil/spieler/911223,CONFIRMED,REVIEW_REQUIRED,https://www.transfermarkt.de/spvgg-greuther-furth/kader/verein/65/saison_id/2026/plus/1,582a3d28fdc7b95bf59c3bf33f2d9b2847185d2a8fd3682db98bcd5e3a81d68b,2026-09-12
GER2,SpVgg Greuther Fürth,65,Lukas Reich,957669,2006-10-24,Rechter Verteidiger,2,2025-07-01,2028-06-30,[],https://www.transfermarkt.de/lukas-reich/profil/spieler/957669,CONFIRMED,STAGE_CURRENT_SQUAD,https://www.transfermarkt.de/spvgg-greuther-furth/kader/verein/65/saison_id/2026/plus/1,582a3d28fdc7b95bf59c3bf33f2d9b2847185d2a8fd3682db98bcd5e3a81d68b,2026-09-12
GER2,SpVgg Greuther Fürth,65,Jannik Dehm,211671,1996-05-02,Rechter Verteidiger,23,2025-07-01,2027-06-30,[],https://www.transfermarkt.de/jannik-dehm/profil/spieler/211671,CONFIRMED,STAGE_CURRENT_SQUAD,https://www.transfermarkt.de/spvgg-greuther-furth/kader/verein/65/saison_id/2026/plus/1,582a3d28fdc7b95bf59c3bf33f2d9b2847185d2a8fd3682db98bcd5e3a81d68b,2026-09-12
GER2,SpVgg Greuther Fürth,65,Sacha Bansé,409485,2001-03-16,Defensives Mittelfeld,6,2024-08-24,2027-06-30,[],https://www.transfermarkt.de/sacha-banse/profil/spieler/409485,CONFIRMED,STAGE_CURRENT_SQUAD,https://www.transfermarkt.de/spvgg-greuther-furth/kader/verein/65/saison_id/2026/plus/1,582a3d28fdc7b95bf59c3bf33f2d9b2847185d2a8fd3682db98bcd5e3a81d68b,2026-09-12
GER2,SpVgg Greuther Fürth,65,Paul Will,356640,1999-03-01,Defensives Mittelfeld,13,2026-07-03,2029-06-30,"[""Neuzugang von: SV Darmstadt 98; Datum: 03.07.2026; Ablöse: 400 Tsd. €""]",https://www.transfermarkt.de/paul-will/profil/spieler/356640,CONFIRMED,STAGE_CURRENT_SQUAD,https://www.transfermarkt.de/spvgg-greuther-furth/kader/verein/65/saison_id/2026/plus/1,582a3d28fdc7b95bf59c3bf33f2d9b2847185d2a8fd3682db98bcd5e3a81d68b,2026-09-12
GER2,SpVgg Greuther Fürth,65,Doni Arifi,563841,2002-04-11,Defensives Mittelfeld,28,2026-01-03,2027-06-30,[],https://www.transfermarkt.de/doni-arifi/profil/spieler/563841,CONFIRMED,STAGE_CURRENT_SQUAD,https://www.transfermarkt.de/spvgg-greuther-furth/kader/verein/65/saison_id/2026/plus/1,582a3d28fdc7b95bf59c3bf33f2d9b2847185d2a8fd3682db98bcd5e3a81d68b,2026-09-12
GER2,SpVgg Greuther Fürth,65,Philipp Müller,729097,2004-01-18,Defensives Mittelfeld,36,2023-07-01,2027-06-30,"[""Rückkehr nach Leihe von: SSV Jahn Regensburg; Datum: 30.06.2026; Ablöse: Leih-Ende""]",https://www.transfermarkt.de/philipp-muller/profil/spieler/729097,CONFIRMED,REVIEW_REQUIRED,https://www.transfermarkt.de/spvgg-greuther-furth/kader/verein/65/saison_id/2026/plus/1,582a3d28fdc7b95bf59c3bf33f2d9b2847185d2a8fd3682db98bcd5e3a81d68b,2026-09-12
GER2,SpVgg Greuther Fürth,65,Faton Ademi,1168861,2006-05-19,Zentrales Mittelfeld,37,2026-09-01,2029-06-30,"[""Neuzugang von: Alemannia Aachen; Datum: 01.09.2026; Ablöse: 800 Tsd. €""]",https://www.transfermarkt.de/faton-ademi/profil/spieler/1168861,CONFIRMED,REVIEW_REQUIRED,https://www.transfermarkt.de/spvgg-greuther-furth/kader/verein/65/saison_id/2026/plus/1,582a3d28fdc7b95bf59c3bf33f2d9b2847185d2a8fd3682db98bcd5e3a81d68b,2026-09-12
GER2,SpVgg Greuther Fürth,65,Mehmet Avlayici,1138765,2006-06-16,Zentrales Mittelfeld,44,2026-07-01,2027-06-30,"[""Interner Wechsel: SpVgg Greuther Fürth II; Datum: 01.07.2026""]",https://www.transfermarkt.de/mehmet-avlayici/profil/spieler/1138765,CONFIRMED,STAGE_CURRENT_SQUAD,https://www.transfermarkt.de/spvgg-greuther-furth/kader/verein/65/saison_id/2026/plus/1,582a3d28fdc7b95bf59c3bf33f2d9b2847185d2a8fd3682db98bcd5e3a81d68b,2026-09-12
GER2,SpVgg Greuther Fürth,65,Mika Wallentowitz,1148239,2007-12-28,Rechtes Mittelfeld,21,2026-07-24,2027-06-30,[],https://www.transfermarkt.de/mika-wallentowitz/profil/spieler/1148239,CONFIRMED,REVIEW_REQUIRED,https://www.transfermarkt.de/spvgg-greuther-furth/kader/verein/65/saison_id/2026/plus/1,582a3d28fdc7b95bf59c3bf33f2d9b2847185d2a8fd3682db98bcd5e3a81d68b,2026-09-12
GER2,SpVgg Greuther Fürth,65,Felix Klaus,89591,1992-09-13,Rechtes Mittelfeld,30,2025-01-13,2027-06-30,[],https://www.transfermarkt.de/felix-klaus/profil/spieler/89591,CONFIRMED,STAGE_CURRENT_SQUAD,https://www.transfermarkt.de/spvgg-greuther-furth/kader/verein/65/saison_id/2026/plus/1,582a3d28fdc7b95bf59c3bf33f2d9b2847185d2a8fd3682db98bcd5e3a81d68b,2026-09-12
GER2,SpVgg Greuther Fürth,65,Aaron Keller,727538,2004-05-15,Linkes Mittelfeld,11,2025-07-01,2029-06-30,[],https://www.transfermarkt.de/aaron-keller/profil/spieler/727538,CONFIRMED,STAGE_CURRENT_SQUAD,https://www.transfermarkt.de/spvgg-greuther-furth/kader/verein/65/saison_id/2026/plus/1,582a3d28fdc7b95bf59c3bf33f2d9b2847185d2a8fd3682db98bcd5e3a81d68b,2026-09-12
GER2,SpVgg Greuther Fürth,65,Shinta Appelkamp,452121,2000-11-01,Offensives Mittelfeld,8,2026-07-01,2028-06-30,"[""Neuzugang von: Fortuna Düsseldorf; Datum: 01.07.2026; Ablöse: ablösefrei""]",https://www.transfermarkt.de/shinta-appelkamp/profil/spieler/452121,CONFIRMED,STAGE_CURRENT_SQUAD,https://www.transfermarkt.de/spvgg-greuther-furth/kader/verein/65/saison_id/2026/plus/1,582a3d28fdc7b95bf59c3bf33f2d9b2847185d2a8fd3682db98bcd5e3a81d68b,2026-09-12
GER2,SpVgg Greuther Fürth,65,Ole Pohlmann,405690,2001-04-05,Offensives Mittelfeld,10,2026-07-10,2029-06-30,"[""Neuzugang von: Rio Ave FC; Datum: 10.07.2026; Ablöse: 700 Tsd. €""]",https://www.transfermarkt.de/ole-pohlmann/profil/spieler/405690,CONFIRMED,STAGE_CURRENT_SQUAD,https://www.transfermarkt.de/spvgg-greuther-furth/kader/verein/65/saison_id/2026/plus/1,582a3d28fdc7b95bf59c3bf33f2d9b2847185d2a8fd3682db98bcd5e3a81d68b,2026-09-12
GER2,SpVgg Greuther Fürth,65,Omar Megeed,910582,2005-08-19,Offensives Mittelfeld,18,2026-08-05,2028-06-30,"[""Neuzugang von: Hamburger SV II; Datum: 05.08.2026; Ablöse: ablösefrei""]",https://www.transfermarkt.de/omar-megeed/profil/spieler/910582,CONFIRMED,STAGE_CURRENT_SQUAD,https://www.transfermarkt.de/spvgg-greuther-furth/kader/verein/65/saison_id/2026/plus/1,582a3d28fdc7b95bf59c3bf33f2d9b2847185d2a8fd3682db98bcd5e3a81d68b,2026-09-12
GER2,SpVgg Greuther Fürth,65,Jordan,355369,1996-04-26,Mittelstürmer,9,2026-08-30,2028-06-30,"[""Neuzugang von: Stade Reims; Datum: 30.08.2026; Ablöse: ablösefrei""]",https://www.transfermarkt.de/jordan/profil/spieler/355369,CONFIRMED,REVIEW_REQUIRED,https://www.transfermarkt.de/spvgg-greuther-furth/kader/verein/65/saison_id/2026/plus/1,582a3d28fdc7b95bf59c3bf33f2d9b2847185d2a8fd3682db98bcd5e3a81d68b,2026-09-12
GER2,SpVgg Greuther Fürth,65,Dennis Srbeny,159239,1994-05-05,Mittelstürmer,7,2023-07-01,2027-06-30,[],https://www.transfermarkt.de/dennis-srbeny/profil/spieler/159239,CONFIRMED,STAGE_CURRENT_SQUAD,https://www.transfermarkt.de/spvgg-greuther-furth/kader/verein/65/saison_id/2026/plus/1,582a3d28fdc7b95bf59c3bf33f2d9b2847185d2a8fd3682db98bcd5e3a81d68b,2026-09-12
GER2,SpVgg Greuther Fürth,65,Omar Sillah,930377,2003-07-25,Mittelstürmer,42,2025-07-01,2027-06-30,"[""Rückkehr nach Leihe von: Alemannia Aachen; Datum: 30.06.2026; Ablöse: Leih-Ende""]",https://www.transfermarkt.de/omar-sillah/profil/spieler/930377,CONFIRMED,STAGE_CURRENT_SQUAD,https://www.transfermarkt.de/spvgg-greuther-furth/kader/verein/65/saison_id/2026/plus/1,582a3d28fdc7b95bf59c3bf33f2d9b2847185d2a8fd3682db98bcd5e3a81d68b,2026-09-12
GER2,SpVgg Greuther Fürth,65,Benjamin Zank,687903,2004-08-14,Mittelstürmer,19,2026-07-02,2029-06-30,"[""Neuzugang von: FC Viktoria Köln; Datum: 02.07.2026; Ablöse: 150 Tsd. €""]",https://www.transfermarkt.de/benjamin-zank/profil/spieler/687903,CONFIRMED,STAGE_CURRENT_SQUAD,https://www.transfermarkt.de/spvgg-greuther-furth/kader/verein/65/saison_id/2026/plus/1,582a3d28fdc7b95bf59c3bf33f2d9b2847185d2a8fd3682db98bcd5e3a81d68b,2026-09-12
GER2,VfL Osnabrück,81,Jonas Krumrey,531637,2003-11-25,Torwart,32,2026-07-01,2027-06-30,[],https://www.transfermarkt.de/jonas-krumrey/profil/spieler/531637,CONFIRMED,REVIEW_REQUIRED,https://www.transfermarkt.de/vfl-osnabruck/kader/verein/81/saison_id/2026/plus/1,e705d735d9e41aeb7a7781affacb5ed1a2f31cc8fd9e319c826182a9e12937a6,2026-09-12
GER2,VfL Osnabrück,81,Niklas Sauter,632147,2003-04-06,Torwart,1,2025-01-29,2028-06-30,[],https://www.transfermarkt.de/niklas-sauter/profil/spieler/632147,CONFIRMED,STAGE_CURRENT_SQUAD,https://www.transfermarkt.de/vfl-osnabruck/kader/verein/81/saison_id/2026/plus/1,e705d735d9e41aeb7a7781affacb5ed1a2f31cc8fd9e319c826182a9e12937a6,2026-09-12
GER2,VfL Osnabrück,81,Luca Böggemann,817013,2004-03-11,Torwart,36,2023-07-01,,"[""Rückkehr nach Leihe von: Sportfreunde Lotte; Datum: 30.06.2026; Ablöse: Leih-Ende""]",https://www.transfermarkt.de/luca-boggemann/profil/spieler/817013,CONFIRMED,REVIEW_REQUIRED,https://www.transfermarkt.de/vfl-osnabruck/kader/verein/81/saison_id/2026/plus/1,e705d735d9e41aeb7a7781affacb5ed1a2f31cc8fd9e319c826182a9e12937a6,2026-09-12
GER2,VfL Osnabrück,81,Robin Fabinski,929857,2003-08-26,Innenverteidiger,27,2025-07-01,2028-06-30,[],https://www.transfermarkt.de/robin-fabinski/profil/spieler/929857,CONFIRMED,STAGE_CURRENT_SQUAD,https://www.transfermarkt.de/vfl-osnabruck/kader/verein/81/saison_id/2026/plus/1,e705d735d9e41aeb7a7781affacb5ed1a2f31cc8fd9e319c826182a9e12937a6,2026-09-12
GER2,VfL Osnabrück,81,Jannik Müller,119286,1994-01-18,Innenverteidiger,24,2025-01-02,2028-06-30,[],https://www.transfermarkt.de/jannik-muller/profil/spieler/119286,CONFIRMED,STAGE_CURRENT_SQUAD,https://www.transfermarkt.de/vfl-osnabruck/kader/verein/81/saison_id/2026/plus/1,e705d735d9e41aeb7a7781affacb5ed1a2f31cc8fd9e319c826182a9e12937a6,2026-09-12
GER2,VfL Osnabrück,81,Joel Abu Hanna,267330,1998-01-22,Innenverteidiger,4,2026-07-01,,"[""Neuzugang von: Levadiakos; Datum: 01.07.2026; Ablöse: ablösefrei""]",https://www.transfermarkt.de/joel-abu-hanna/profil/spieler/267330,CONFIRMED,REVIEW_REQUIRED,https://www.transfermarkt.de/vfl-osnabruck/kader/verein/81/saison_id/2026/plus/1,e705d735d9e41aeb7a7781affacb5ed1a2f31cc8fd9e319c826182a9e12937a6,2026-09-12
GER2,VfL Osnabrück,81,Niklas Wiemann,334238,1999-02-23,Innenverteidiger,25,2023-01-29,2028-06-30,[],https://www.transfermarkt.de/niklas-wiemann/profil/spieler/334238,CONFIRMED,STAGE_CURRENT_SQUAD,https://www.transfermarkt.de/vfl-osnabruck/kader/verein/81/saison_id/2026/plus/1,e705d735d9e41aeb7a7781affacb5ed1a2f31cc8fd9e319c826182a9e12937a6,2026-09-12
GER2,VfL Osnabrück,81,Elias Bakatukanda,795762,2004-04-13,Innenverteidiger,38,2026-09-01,2027-06-30,[],https://www.transfermarkt.de/elias-bakatukanda/profil/spieler/795762,CONFIRMED,REVIEW_REQUIRED,https://www.transfermarkt.de/vfl-osnabruck/kader/verein/81/saison_id/2026/plus/1,e705d735d9e41aeb7a7781affacb5ed1a2f31cc8fd9e319c826182a9e12937a6,2026-09-12
GER2,VfL Osnabrück,81,Theo Janotta,997772,2003-09-18,Innenverteidiger,20,2025-07-01,2028-06-30,[],https://www.transfermarkt.de/theo-janotta/profil/spieler/997772,CONFIRMED,STAGE_CURRENT_SQUAD,https://www.transfermarkt.de/vfl-osnabruck/kader/verein/81/saison_id/2026/plus/1,e705d735d9e41aeb7a7781affacb5ed1a2f31cc8fd9e319c826182a9e12937a6,2026-09-12
GER2,VfL Osnabrück,81,Jonathan Gómez,674501,2003-09-01,Linker Verteidiger,42,2026-09-01,2027-06-30,[],https://www.transfermarkt.de/jonathan-gomez/profil/spieler/674501,CONFIRMED,REVIEW_REQUIRED,https://www.transfermarkt.de/vfl-osnabruck/kader/verein/81/saison_id/2026/plus/1,e705d735d9e41aeb7a7781affacb5ed1a2f31cc8fd9e319c826182a9e12937a6,2026-09-12
GER2,VfL Osnabrück,81,Leon Flach,391929,2001-02-28,Defensives Mittelfeld,18,2026-09-01,2027-06-30,[],https://www.transfermarkt.de/leon-flach/profil/spieler/391929,CONFIRMED,REVIEW_REQUIRED,https://www.transfermarkt.de/vfl-osnabruck/kader/verein/81/saison_id/2026/plus/1,e705d735d9e41aeb7a7781affacb5ed1a2f31cc8fd9e319c826182a9e12937a6,2026-09-12
GER2,VfL Osnabrück,81,Fridolin Wagner,238175,1997-09-23,Defensives Mittelfeld,26,2025-07-03,2028-06-30,[],https://www.transfermarkt.de/fridolin-wagner/profil/spieler/238175,CONFIRMED,STAGE_CURRENT_SQUAD,https://www.transfermarkt.de/vfl-osnabruck/kader/verein/81/saison_id/2026/plus/1,e705d735d9e41aeb7a7781affacb5ed1a2f31cc8fd9e319c826182a9e12937a6,2026-09-12
GER2,VfL Osnabrück,81,Bjarke Jacobsen,239987,1993-08-21,Defensives Mittelfeld,15,2025-07-01,2027-06-30,[],https://www.transfermarkt.de/bjarke-jacobsen/profil/spieler/239987,CONFIRMED,STAGE_CURRENT_SQUAD,https://www.transfermarkt.de/vfl-osnabruck/kader/verein/81/saison_id/2026/plus/1,e705d735d9e41aeb7a7781affacb5ed1a2f31cc8fd9e319c826182a9e12937a6,2026-09-12
GER2,VfL Osnabrück,81,Bryan Henning,202515,1995-03-16,Zentrales Mittelfeld,6,2025-01-03,2027-06-30,[],https://www.transfermarkt.de/bryan-henning/profil/spieler/202515,CONFIRMED,STAGE_CURRENT_SQUAD,https://www.transfermarkt.de/vfl-osnabruck/kader/verein/81/saison_id/2026/plus/1,e705d735d9e41aeb7a7781affacb5ed1a2f31cc8fd9e319c826182a9e12937a6,2026-09-12
GER2,VfL Osnabrück,81,Konrad Faber,406762,1997-11-04,Rechtes Mittelfeld,28,2026-07-07,2028-06-30,"[""Neuzugang von: FC St. Gallen 1879; Datum: 07.07.2026; Ablöse: ?""]",https://www.transfermarkt.de/konrad-faber/profil/spieler/406762,CONFIRMED,REVIEW_REQUIRED,https://www.transfermarkt.de/vfl-osnabruck/kader/verein/81/saison_id/2026/plus/1,e705d735d9e41aeb7a7781affacb5ed1a2f31cc8fd9e319c826182a9e12937a6,2026-09-12
GER2,VfL Osnabrück,81,Patrick Kammerbauer,227087,1997-02-11,Rechtes Mittelfeld,31,2025-07-01,2027-06-30,[],https://www.transfermarkt.de/patrick-kammerbauer/profil/spieler/227087,CONFIRMED,STAGE_CURRENT_SQUAD,https://www.transfermarkt.de/vfl-osnabruck/kader/verein/81/saison_id/2026/plus/1,e705d735d9e41aeb7a7781affacb5ed1a2f31cc8fd9e319c826182a9e12937a6,2026-09-12
GER2,VfL Osnabrück,81,Leon Opitz,825073,2005-04-11,Linkes Mittelfeld,19,2026-07-01,2027-06-30,[],https://www.transfermarkt.de/leon-opitz/profil/spieler/825073,CONFIRMED,REVIEW_REQUIRED,https://www.transfermarkt.de/vfl-osnabruck/kader/verein/81/saison_id/2026/plus/1,e705d735d9e41aeb7a7781affacb5ed1a2f31cc8fd9e319c826182a9e12937a6,2026-09-12
GER2,VfL Osnabrück,81,Tony Lesueur,683768,2000-08-19,Linkes Mittelfeld,23,2025-07-14,,[],https://www.transfermarkt.de/tony-lesueur/profil/spieler/683768,CONFIRMED,STAGE_CURRENT_SQUAD,https://www.transfermarkt.de/vfl-osnabruck/kader/verein/81/saison_id/2026/plus/1,e705d735d9e41aeb7a7781affacb5ed1a2f31cc8fd9e319c826182a9e12937a6,2026-09-12
GER2,VfL Osnabrück,81,Adrian Beck,273669,1997-06-09,Offensives Mittelfeld,21,2026-08-23,2027-06-30,[],https://www.transfermarkt.de/adrian-beck/profil/spieler/273669,CONFIRMED,REVIEW_REQUIRED,https://www.transfermarkt.de/vfl-osnabruck/kader/verein/81/saison_id/2026/plus/1,e705d735d9e41aeb7a7781affacb5ed1a2f31cc8fd9e319c826182a9e12937a6,2026-09-12
GER2,VfL Osnabrück,81,Ismail Badjie,962862,2005-10-17,Offensives Mittelfeld,10,2024-07-01,,[],https://www.transfermarkt.de/ismail-badjie/profil/spieler/962862,CONFIRMED,STAGE_CURRENT_SQUAD,https://www.transfermarkt.de/vfl-osnabruck/kader/verein/81/saison_id/2026/plus/1,e705d735d9e41aeb7a7781affacb5ed1a2f31cc8fd9e319c826182a9e12937a6,2026-09-12
GER2,VfL Osnabrück,81,Leonhard Münst,572133,2002-01-22,Offensives Mittelfeld,8,2026-07-01,,"[""Neuzugang von: FC Viktoria Köln; Datum: 01.07.2026; Ablöse: 100 Tsd. €""]",https://www.transfermarkt.de/leonhard-munst/profil/spieler/572133,CONFIRMED,STAGE_CURRENT_SQUAD,https://www.transfermarkt.de/vfl-osnabruck/kader/verein/81/saison_id/2026/plus/1,e705d735d9e41aeb7a7781affacb5ed1a2f31cc8fd9e319c826182a9e12937a6,2026-09-12
GER2,VfL Osnabrück,81,Jonathan Wensing,695943,2004-04-05,Offensives Mittelfeld,5,2026-07-01,,"[""Neuzugang von: SV Meppen; Datum: 01.07.2026; Ablöse: ablösefrei""]",https://www.transfermarkt.de/jonathan-wensing/profil/spieler/695943,CONFIRMED,REVIEW_REQUIRED,https://www.transfermarkt.de/vfl-osnabruck/kader/verein/81/saison_id/2026/plus/1,e705d735d9e41aeb7a7781affacb5ed1a2f31cc8fd9e319c826182a9e12937a6,2026-09-12
GER2,VfL Osnabrück,81,Daniel-Kofi Kyereh,272587,1996-03-08,Offensives Mittelfeld,7,2026-08-10,,"[""Neuzugang von: SC Freiburg; Datum: 10.08.2026; Ablöse: ablösefrei""]",https://www.transfermarkt.de/daniel-kofi-kyereh/profil/spieler/272587,CONFIRMED,REVIEW_REQUIRED,https://www.transfermarkt.de/vfl-osnabruck/kader/verein/81/saison_id/2026/plus/1,e705d735d9e41aeb7a7781affacb5ed1a2f31cc8fd9e319c826182a9e12937a6,2026-09-12
GER2,VfL Osnabrück,81,Luca Raimund,907489,2005-04-09,Rechtsaußen,17,2026-07-01,,"[""Neuzugang von: Fortuna Düsseldorf; Datum: 01.07.2026; Ablöse: ablösefrei""]",https://www.transfermarkt.de/luca-raimund/profil/spieler/907489,CONFIRMED,STAGE_CURRENT_SQUAD,https://www.transfermarkt.de/vfl-osnabruck/kader/verein/81/saison_id/2026/plus/1,e705d735d9e41aeb7a7781affacb5ed1a2f31cc8fd9e319c826182a9e12937a6,2026-09-12
GER2,VfL Osnabrück,81,Robin Meißner,326346,1999-10-08,Mittelstürmer,11,2026-07-01,,"[""Neuzugang von: SG Dynamo Dresden; Datum: 01.07.2026; Ablöse: 200 Tsd. €""]",https://www.transfermarkt.de/robin-meissner/profil/spieler/326346,CONFIRMED,REVIEW_REQUIRED,https://www.transfermarkt.de/vfl-osnabruck/kader/verein/81/saison_id/2026/plus/1,e705d735d9e41aeb7a7781affacb5ed1a2f31cc8fd9e319c826182a9e12937a6,2026-09-12
GER2,VfL Osnabrück,81,Bernd Riesselmann,1100613,2005-07-05,Mittelstürmer,22,2024-07-01,,[],https://www.transfermarkt.de/bernd-riesselmann/profil/spieler/1100613,CONFIRMED,REVIEW_REQUIRED,https://www.transfermarkt.de/vfl-osnabruck/kader/verein/81/saison_id/2026/plus/1,e705d735d9e41aeb7a7781affacb5ed1a2f31cc8fd9e319c826182a9e12937a6,2026-09-12
GER2,FC Energie Cottbus,25,Marcel Lotka,453737,2001-05-25,Torwart,1,2026-07-01,,"[""Neuzugang von: Fortuna Düsseldorf; Datum: 01.07.2026; Ablöse: ablösefrei""]",https://www.transfermarkt.de/marcel-lotka/profil/spieler/453737,CONFIRMED,STAGE_CURRENT_SQUAD,https://www.transfermarkt.de/fc-energie-cottbus/kader/verein/25/saison_id/2026/plus/1,bfac2c82e9908a44ea8264f2a591d43d8ad627ceaeb5639879d980dcab166809,2026-09-12
GER2,FC Energie Cottbus,25,Kevin Kratzsch,457346,2002-07-09,Torwart,29,2026-07-20,,"[""Neuzugang von: Rot-Weiß Oberhausen; Datum: 20.07.2026; Ablöse: 80 Tsd. €""]",https://www.transfermarkt.de/kevin-kratzsch/profil/spieler/457346,CONFIRMED,STAGE_CURRENT_SQUAD,https://www.transfermarkt.de/fc-energie-cottbus/kader/verein/25/saison_id/2026/plus/1,bfac2c82e9908a44ea8264f2a591d43d8ad627ceaeb5639879d980dcab166809,2026-09-12
GER2,FC Energie Cottbus,25,Max Böhnke,692332,2003-08-16,Torwart,30,2025-07-17,,[],https://www.transfermarkt.de/max-bohnke/profil/spieler/692332,CONFIRMED,STAGE_CURRENT_SQUAD,https://www.transfermarkt.de/fc-energie-cottbus/kader/verein/25/saison_id/2026/plus/1,bfac2c82e9908a44ea8264f2a591d43d8ad627ceaeb5639879d980dcab166809,2026-09-12
GER2,FC Energie Cottbus,25,Malte Wilke,1157068,2007-06-25,Torwart,40,2026-07-01,,"[""Interner Wechsel: FC Energie Cottbus U19; Datum: 01.07.2026""]",https://www.transfermarkt.de/malte-wilke/profil/spieler/1157068,CONFIRMED,REVIEW_REQUIRED,https://www.transfermarkt.de/fc-energie-cottbus/kader/verein/25/saison_id/2026/plus/1,bfac2c82e9908a44ea8264f2a591d43d8ad627ceaeb5639879d980dcab166809,2026-09-12
GER2,FC Energie Cottbus,25,King Manu,1010851,2003-11-23,Innenverteidiger,2,2026-07-01,2028-06-30,"[""Neuzugang von: Fortuna Düsseldorf; Datum: 01.07.2026; Ablöse: ablösefrei""]",https://www.transfermarkt.de/king-manu/profil/spieler/1010851,CONFIRMED,REVIEW_REQUIRED,https://www.transfermarkt.de/fc-energie-cottbus/kader/verein/25/saison_id/2026/plus/1,bfac2c82e9908a44ea8264f2a591d43d8ad627ceaeb5639879d980dcab166809,2026-09-12
GER2,FC Energie Cottbus,25,Fousseny Doumbia,782187,2005-02-23,Innenverteidiger,23,2026-07-01,2027-06-30,[],https://www.transfermarkt.de/fousseny-doumbia/profil/spieler/782187,CONFIRMED,REVIEW_REQUIRED,https://www.transfermarkt.de/fc-energie-cottbus/kader/verein/25/saison_id/2026/plus/1,bfac2c82e9908a44ea8264f2a591d43d8ad627ceaeb5639879d980dcab166809,2026-09-12
GER2,FC Energie Cottbus,25,Tim Campulka,434659,1999-04-28,Innenverteidiger,4,2023-07-01,2027-06-30,[],https://www.transfermarkt.de/tim-campulka/profil/spieler/434659,CONFIRMED,STAGE_CURRENT_SQUAD,https://www.transfermarkt.de/fc-energie-cottbus/kader/verein/25/saison_id/2026/plus/1,bfac2c82e9908a44ea8264f2a591d43d8ad627ceaeb5639879d980dcab166809,2026-09-12
GER2,FC Energie Cottbus,25,Ryan Malone,373178,1992-08-11,Innenverteidiger,16,2026-07-01,,"[""Neuzugang von: FC Erzgebirge Aue; Datum: 01.07.2026; Ablöse: ablösefrei""]",https://www.transfermarkt.de/ryan-malone/profil/spieler/373178,CONFIRMED,STAGE_CURRENT_SQUAD,https://www.transfermarkt.de/fc-energie-cottbus/kader/verein/25/saison_id/2026/plus/1,bfac2c82e9908a44ea8264f2a591d43d8ad627ceaeb5639879d980dcab166809,2026-09-12
GER2,FC Energie Cottbus,25,Joey Taubeneck,1157079,2007-04-12,Innenverteidiger,47,2026-07-01,,"[""Interner Wechsel: FC Energie Cottbus U19; Datum: 01.07.2026""]",https://www.transfermarkt.de/joey-taubeneck/profil/spieler/1157079,CONFIRMED,REVIEW_REQUIRED,https://www.transfermarkt.de/fc-energie-cottbus/kader/verein/25/saison_id/2026/plus/1,bfac2c82e9908a44ea8264f2a591d43d8ad627ceaeb5639879d980dcab166809,2026-09-12
GER2,FC Energie Cottbus,25,Jannis Zaydan,1145861,2007-05-07,Linker Verteidiger,42,2026-07-01,2028-06-30,"[""Interner Wechsel: FC Energie Cottbus U19; Datum: 01.07.2026""]",https://www.transfermarkt.de/jannis-zaydan/profil/spieler/1145861,CONFIRMED,STAGE_CURRENT_SQUAD,https://www.transfermarkt.de/fc-energie-cottbus/kader/verein/25/saison_id/2026/plus/1,bfac2c82e9908a44ea8264f2a591d43d8ad627ceaeb5639879d980dcab166809,2026-09-12
GER2,FC Energie Cottbus,25,Axel Borgmann,119032,1994-07-08,Linker Verteidiger,20,2019-08-11,2028-06-30,[],https://www.transfermarkt.de/axel-borgmann/profil/spieler/119032,CONFIRMED,STAGE_CURRENT_SQUAD,https://www.transfermarkt.de/fc-energie-cottbus/kader/verein/25/saison_id/2026/plus/1,bfac2c82e9908a44ea8264f2a591d43d8ad627ceaeb5639879d980dcab166809,2026-09-12
GER2,FC Energie Cottbus,25,Anderson Lucoqui,240274,1997-07-06,Linker Verteidiger,24,2025-09-01,2027-06-30,[],https://www.transfermarkt.de/anderson-lucoqui/profil/spieler/240274,CONFIRMED,STAGE_CURRENT_SQUAD,https://www.transfermarkt.de/fc-energie-cottbus/kader/verein/25/saison_id/2026/plus/1,bfac2c82e9908a44ea8264f2a591d43d8ad627ceaeb5639879d980dcab166809,2026-09-12
GER2,FC Energie Cottbus,25,Luca Erlein,1009442,2007-07-05,Rechter Verteidiger,21,2026-07-27,2027-06-30,[],https://www.transfermarkt.de/luca-erlein/profil/spieler/1009442,CONFIRMED,REVIEW_REQUIRED,https://www.transfermarkt.de/fc-energie-cottbus/kader/verein/25/saison_id/2026/plus/1,bfac2c82e9908a44ea8264f2a591d43d8ad627ceaeb5639879d980dcab166809,2026-09-12
GER2,FC Energie Cottbus,25,Henry Rorig,381755,2000-03-03,Rechter Verteidiger,3,2024-07-01,,[],https://www.transfermarkt.de/henry-rorig/profil/spieler/381755,CONFIRMED,REVIEW_REQUIRED,https://www.transfermarkt.de/fc-energie-cottbus/kader/verein/25/saison_id/2026/plus/1,bfac2c82e9908a44ea8264f2a591d43d8ad627ceaeb5639879d980dcab166809,2026-09-12
GER2,FC Energie Cottbus,25,Lukas Michelbrink,878796,2005-04-15,Defensives Mittelfeld,8,2025-07-02,2027-06-30,[],https://www.transfermarkt.de/lukas-michelbrink/profil/spieler/878796,CONFIRMED,REVIEW_REQUIRED,https://www.transfermarkt.de/fc-energie-cottbus/kader/verein/25/saison_id/2026/plus/1,bfac2c82e9908a44ea8264f2a591d43d8ad627ceaeb5639879d980dcab166809,2026-09-12
GER2,FC Energie Cottbus,25,Dominik Pelivan,178643,1996-06-08,Defensives Mittelfeld,5,2023-07-01,2027-06-30,[],https://www.transfermarkt.de/dominik-pelivan/profil/spieler/178643,CONFIRMED,STAGE_CURRENT_SQUAD,https://www.transfermarkt.de/fc-energie-cottbus/kader/verein/25/saison_id/2026/plus/1,bfac2c82e9908a44ea8264f2a591d43d8ad627ceaeb5639879d980dcab166809,2026-09-12
GER2,FC Energie Cottbus,25,Leonardo Bittencourt,93844,1993-12-19,Zentrales Mittelfeld,32,2026-07-01,,"[""Neuzugang von: SV Werder Bremen; Datum: 01.07.2026; Ablöse: ablösefrei""]",https://www.transfermarkt.de/leonardo-bittencourt/profil/spieler/93844,CONFIRMED,REVIEW_REQUIRED,https://www.transfermarkt.de/fc-energie-cottbus/kader/verein/25/saison_id/2026/plus/1,bfac2c82e9908a44ea8264f2a591d43d8ad627ceaeb5639879d980dcab166809,2026-09-12
GER2,FC Energie Cottbus,25,Jonas Hofmann,227085,1997-02-07,Zentrales Mittelfeld,6,2020-10-05,2027-06-30,[],https://www.transfermarkt.de/jonas-hofmann/profil/spieler/227085,CONFIRMED,STAGE_CURRENT_SQUAD,https://www.transfermarkt.de/fc-energie-cottbus/kader/verein/25/saison_id/2026/plus/1,bfac2c82e9908a44ea8264f2a591d43d8ad627ceaeb5639879d980dcab166809,2026-09-12
GER2,FC Energie Cottbus,25,Aaron Reschke,1157080,2008-08-07,Zentrales Mittelfeld,43,2026-07-01,,"[""Interner Wechsel: FC Energie Cottbus U19; Datum: 01.07.2026""]",https://www.transfermarkt.de/aaron-reschke/profil/spieler/1157080,CONFIRMED,REVIEW_REQUIRED,https://www.transfermarkt.de/fc-energie-cottbus/kader/verein/25/saison_id/2026/plus/1,bfac2c82e9908a44ea8264f2a591d43d8ad627ceaeb5639879d980dcab166809,2026-09-12
GER2,FC Energie Cottbus,25,Tolcay Cigerci,192266,1995-01-24,Offensives Mittelfeld,10,2024-07-01,,[],https://www.transfermarkt.de/tolcay-cigerci/profil/spieler/192266,CONFIRMED,STAGE_CURRENT_SQUAD,https://www.transfermarkt.de/fc-energie-cottbus/kader/verein/25/saison_id/2026/plus/1,bfac2c82e9908a44ea8264f2a591d43d8ad627ceaeb5639879d980dcab166809,2026-09-12
GER2,FC Energie Cottbus,25,Julian Guttau,469814,1999-10-29,Offensives Mittelfeld,17,2026-07-01,,"[""Neuzugang von: FC Erzgebirge Aue; Datum: 01.07.2026; Ablöse: ablösefrei""]",https://www.transfermarkt.de/julian-guttau/profil/spieler/469814,CONFIRMED,STAGE_CURRENT_SQUAD,https://www.transfermarkt.de/fc-energie-cottbus/kader/verein/25/saison_id/2026/plus/1,bfac2c82e9908a44ea8264f2a591d43d8ad627ceaeb5639879d980dcab166809,2026-09-12
GER2,FC Energie Cottbus,25,Jannis Boziaris,815030,2003-04-10,Offensives Mittelfeld,19,2025-07-01,2027-06-30,[],https://www.transfermarkt.de/jannis-boziaris/profil/spieler/815030,CONFIRMED,STAGE_CURRENT_SQUAD,https://www.transfermarkt.de/fc-energie-cottbus/kader/verein/25/saison_id/2026/plus/1,bfac2c82e9908a44ea8264f2a591d43d8ad627ceaeb5639879d980dcab166809,2026-09-12
GER2,FC Energie Cottbus,25,Justin Butler,453861,2001-03-23,Linksaußen,31,2025-07-14,2027-06-30,[],https://www.transfermarkt.de/justin-butler/profil/spieler/453861,CONFIRMED,STAGE_CURRENT_SQUAD,https://www.transfermarkt.de/fc-energie-cottbus/kader/verein/25/saison_id/2026/plus/1,bfac2c82e9908a44ea8264f2a591d43d8ad627ceaeb5639879d980dcab166809,2026-09-12
GER2,FC Energie Cottbus,25,Christian Kinsombi,342968,1999-08-24,Rechtsaußen,7,2026-07-01,,"[""Neuzugang von: FC Hansa Rostock; Datum: 01.07.2026; Ablöse: ablösefrei""]",https://www.transfermarkt.de/christian-kinsombi/profil/spieler/342968,CONFIRMED,REVIEW_REQUIRED,https://www.transfermarkt.de/fc-energie-cottbus/kader/verein/25/saison_id/2026/plus/1,bfac2c82e9908a44ea8264f2a591d43d8ad627ceaeb5639879d980dcab166809,2026-09-12
GER2,FC Energie Cottbus,25,Moritz Hannemann,337237,1998-04-09,Rechtsaußen,11,2025-07-01,2027-06-30,[],https://www.transfermarkt.de/moritz-hannemann/profil/spieler/337237,CONFIRMED,STAGE_CURRENT_SQUAD,https://www.transfermarkt.de/fc-energie-cottbus/kader/verein/25/saison_id/2026/plus/1,bfac2c82e9908a44ea8264f2a591d43d8ad627ceaeb5639879d980dcab166809,2026-09-12
GER2,FC Energie Cottbus,25,Dmytro Bogdanov,1045446,2007-03-06,Mittelstürmer,13,2026-08-19,2027-06-30,[],https://www.transfermarkt.de/dmytro-bogdanov/profil/spieler/1045446,CONFIRMED,REVIEW_REQUIRED,https://www.transfermarkt.de/fc-energie-cottbus/kader/verein/25/saison_id/2026/plus/1,bfac2c82e9908a44ea8264f2a591d43d8ad627ceaeb5639879d980dcab166809,2026-09-12
GER2,FC Energie Cottbus,25,Erik Engelhardt,291537,1998-04-18,Mittelstürmer,18,2025-01-02,2028-06-30,[],https://www.transfermarkt.de/erik-engelhardt/profil/spieler/291537,CONFIRMED,STAGE_CURRENT_SQUAD,https://www.transfermarkt.de/fc-energie-cottbus/kader/verein/25/saison_id/2026/plus/1,bfac2c82e9908a44ea8264f2a591d43d8ad627ceaeb5639879d980dcab166809,2026-09-12
GER2,FC Energie Cottbus,25,Lucas Copado,636898,2004-01-10,Mittelstürmer,9,2026-07-02,,"[""Neuzugang von: SC Paderborn 07; Datum: 02.07.2026; Ablöse: ?""]",https://www.transfermarkt.de/lucas-copado/profil/spieler/636898,CONFIRMED,STAGE_CURRENT_SQUAD,https://www.transfermarkt.de/fc-energie-cottbus/kader/verein/25/saison_id/2026/plus/1,bfac2c82e9908a44ea8264f2a591d43d8ad627ceaeb5639879d980dcab166809,2026-09-12
GER3,Fortuna Düsseldorf 1895,38,Lasse Rieß,490609,2001-07-27,Torwart,1,2026-07-06,2027-06-30,[],https://www.transfermarkt.de/lasse-riess/profil/spieler/490609,CONFIRMED,REVIEW_REQUIRED,https://www.transfermarkt.de/fortuna-dusseldorf/kader/verein/38/saison_id/2026/plus/1,05373c5cfa7534d6542a7839a6b4faf710e30f1746f3272457fd8dbea4ba1976,2026-09-12
GER3,Fortuna Düsseldorf 1895,38,Louis Lord,572891,2003-10-22,Torwart,22,2026-07-01,2028-06-30,"[""Neuzugang von: FC Erzgebirge Aue; Datum: 01.07.2026; Ablöse: ablösefrei""]",https://www.transfermarkt.de/louis-lord/profil/spieler/572891,CONFIRMED,STAGE_CURRENT_SQUAD,https://www.transfermarkt.de/fortuna-dusseldorf/kader/verein/38/saison_id/2026/plus/1,05373c5cfa7534d6542a7839a6b4faf710e30f1746f3272457fd8dbea4ba1976,2026-09-12
GER3,Fortuna Düsseldorf 1895,38,Milán Czakó,934517,2006-04-01,Torwart,41,2026-07-01,2027-06-30,"[""Interner Wechsel: Fortuna Düsseldorf II; Datum: 01.07.2026""]",https://www.transfermarkt.de/milan-czako/profil/spieler/934517,CONFIRMED,STAGE_CURRENT_SQUAD,https://www.transfermarkt.de/fortuna-dusseldorf/kader/verein/38/saison_id/2026/plus/1,05373c5cfa7534d6542a7839a6b4faf710e30f1746f3272457fd8dbea4ba1976,2026-09-12
GER3,Fortuna Düsseldorf 1895,38,Elias Egouli,946037,2002-08-06,Innenverteidiger,44,2025-07-01,2029-06-30,[],https://www.transfermarkt.de/elias-egouli/profil/spieler/946037,CONFIRMED,STAGE_CURRENT_SQUAD,https://www.transfermarkt.de/fortuna-dusseldorf/kader/verein/38/saison_id/2026/plus/1,05373c5cfa7534d6542a7839a6b4faf710e30f1746f3272457fd8dbea4ba1976,2026-09-12
GER3,Fortuna Düsseldorf 1895,38,Tim Oberdorf,358906,1996-08-16,Innenverteidiger,15,2022-01-01,2027-06-30,[],https://www.transfermarkt.de/tim-oberdorf/profil/spieler/358906,CONFIRMED,STAGE_CURRENT_SQUAD,https://www.transfermarkt.de/fortuna-dusseldorf/kader/verein/38/saison_id/2026/plus/1,05373c5cfa7534d6542a7839a6b4faf710e30f1746f3272457fd8dbea4ba1976,2026-09-12
GER3,Fortuna Düsseldorf 1895,38,Dominique Heintz,110036,1993-08-15,Innenverteidiger,3,2026-07-01,2028-06-30,"[""Neuzugang von: 1.FC Köln; Datum: 01.07.2026; Ablöse: ablösefrei""]",https://www.transfermarkt.de/dominique-heintz/profil/spieler/110036,CONFIRMED,STAGE_CURRENT_SQUAD,https://www.transfermarkt.de/fortuna-dusseldorf/kader/verein/38/saison_id/2026/plus/1,05373c5cfa7534d6542a7839a6b4faf710e30f1746f3272457fd8dbea4ba1976,2026-09-12
GER3,Fortuna Düsseldorf 1895,38,Lukas Bornschein,910590,2005-06-03,Innenverteidiger,4,2026-08-31,2027-06-30,[],https://www.transfermarkt.de/lukas-bornschein/profil/spieler/910590,CONFIRMED,REVIEW_REQUIRED,https://www.transfermarkt.de/fortuna-dusseldorf/kader/verein/38/saison_id/2026/plus/1,05373c5cfa7534d6542a7839a6b4faf710e30f1746f3272457fd8dbea4ba1976,2026-09-12
GER3,Fortuna Düsseldorf 1895,38,Felix Meiser,1069641,2007-01-16,Innenverteidiger,20,2026-07-10,2029-06-30,"[""Neuzugang von: FC Augsburg; Datum: 10.07.2026; Ablöse: ?""]",https://www.transfermarkt.de/felix-meiser/profil/spieler/1069641,CONFIRMED,STAGE_CURRENT_SQUAD,https://www.transfermarkt.de/fortuna-dusseldorf/kader/verein/38/saison_id/2026/plus/1,05373c5cfa7534d6542a7839a6b4faf710e30f1746f3272457fd8dbea4ba1976,2026-09-12
GER3,Fortuna Düsseldorf 1895,38,Noah Egouli,1282871,2006-04-05,Innenverteidiger,43,2026-07-01,2029-06-30,"[""Interner Wechsel: Fortuna Düsseldorf II; Datum: 01.07.2026""]",https://www.transfermarkt.de/noah-egouli/profil/spieler/1282871,CONFIRMED,STAGE_CURRENT_SQUAD,https://www.transfermarkt.de/fortuna-dusseldorf/kader/verein/38/saison_id/2026/plus/1,05373c5cfa7534d6542a7839a6b4faf710e30f1746f3272457fd8dbea4ba1976,2026-09-12
GER3,Fortuna Düsseldorf 1895,38,Erik Wekesser,260657,1997-07-03,Linker Verteidiger,7,2026-08-24,2028-06-30,"[""Neuzugang von: 1.FC Kaiserslautern; Datum: 24.08.2026; Ablöse: ablösefrei""]",https://www.transfermarkt.de/erik-wekesser/profil/spieler/260657,CONFIRMED,STAGE_CURRENT_SQUAD,https://www.transfermarkt.de/fortuna-dusseldorf/kader/verein/38/saison_id/2026/plus/1,05373c5cfa7534d6542a7839a6b4faf710e30f1746f3272457fd8dbea4ba1976,2026-09-12
GER3,Fortuna Düsseldorf 1895,38,Sascha Risch,383354,2000-04-13,Linker Verteidiger,28,2026-07-01,2028-06-30,"[""Neuzugang von: SG Dynamo Dresden; Datum: 01.07.2026; Ablöse: ablösefrei""]",https://www.transfermarkt.de/sascha-risch/profil/spieler/383354,CONFIRMED,STAGE_CURRENT_SQUAD,https://www.transfermarkt.de/fortuna-dusseldorf/kader/verein/38/saison_id/2026/plus/1,05373c5cfa7534d6542a7839a6b4faf710e30f1746f3272457fd8dbea4ba1976,2026-09-12
GER3,Fortuna Düsseldorf 1895,38,Steven van der Sloot,548935,2002-07-06,Rechter Verteidiger,2,2026-07-01,2030-06-30,"[""Neuzugang von: ADO Den Haag; Datum: 01.07.2026; Ablöse: ablösefrei""]",https://www.transfermarkt.de/steven-van-der-sloot/profil/spieler/548935,CONFIRMED,STAGE_CURRENT_SQUAD,https://www.transfermarkt.de/fortuna-dusseldorf/kader/verein/38/saison_id/2026/plus/1,05373c5cfa7534d6542a7839a6b4faf710e30f1746f3272457fd8dbea4ba1976,2026-09-12
GER3,Fortuna Düsseldorf 1895,38,Matthias Zimmermann,86848,1992-06-16,Rechter Verteidiger,25,2018-07-16,2027-06-30,"[""Wechsel zu: Fortuna Düsseldorf II; Datum: 01.07.2027; Ablöse: -""]",https://www.transfermarkt.de/matthias-zimmermann/profil/spieler/86848,CONFIRMED,REVIEW_REQUIRED,https://www.transfermarkt.de/fortuna-dusseldorf/kader/verein/38/saison_id/2026/plus/1,05373c5cfa7534d6542a7839a6b4faf710e30f1746f3272457fd8dbea4ba1976,2026-09-12
GER3,Fortuna Düsseldorf 1895,38,Kaden Amaniampong,696017,2004-05-26,Rechter Verteidiger,39,2026-07-01,2027-06-30,"[""Interner Wechsel: Fortuna Düsseldorf II; Datum: 01.07.2026""]",https://www.transfermarkt.de/kaden-amaniampong/profil/spieler/696017,CONFIRMED,STAGE_CURRENT_SQUAD,https://www.transfermarkt.de/fortuna-dusseldorf/kader/verein/38/saison_id/2026/plus/1,05373c5cfa7534d6542a7839a6b4faf710e30f1746f3272457fd8dbea4ba1976,2026-09-12
GER3,Fortuna Düsseldorf 1895,38,Marcel Benger,330269,1998-07-02,Defensives Mittelfeld,16,2026-07-23,2027-06-30,"[""Neuzugang von: Preußen Münster; Datum: 23.07.2026; Ablöse: ablösefrei""]",https://www.transfermarkt.de/marcel-benger/profil/spieler/330269,CONFIRMED,STAGE_CURRENT_SQUAD,https://www.transfermarkt.de/fortuna-dusseldorf/kader/verein/38/saison_id/2026/plus/1,05373c5cfa7534d6542a7839a6b4faf710e30f1746f3272457fd8dbea4ba1976,2026-09-12
GER3,Fortuna Düsseldorf 1895,38,Elias Arden,1282876,2008-11-29,Defensives Mittelfeld,38,2026-07-01,2027-06-30,"[""Interner Wechsel: Fortuna Düsseldorf U19; Datum: 01.07.2026""]",https://www.transfermarkt.de/elias-arden/profil/spieler/1282876,CONFIRMED,STAGE_CURRENT_SQUAD,https://www.transfermarkt.de/fortuna-dusseldorf/kader/verein/38/saison_id/2026/plus/1,05373c5cfa7534d6542a7839a6b4faf710e30f1746f3272457fd8dbea4ba1976,2026-09-12
GER3,Fortuna Düsseldorf 1895,38,Jorrit Hendrix,205004,1995-02-06,Zentrales Mittelfeld,8,2026-07-01,2028-06-30,"[""Neuzugang von: Preußen Münster; Datum: 01.07.2026; Ablöse: ablösefrei""]",https://www.transfermarkt.de/jorrit-hendrix/profil/spieler/205004,CONFIRMED,STAGE_CURRENT_SQUAD,https://www.transfermarkt.de/fortuna-dusseldorf/kader/verein/38/saison_id/2026/plus/1,05373c5cfa7534d6542a7839a6b4faf710e30f1746f3272457fd8dbea4ba1976,2026-09-12
GER3,Fortuna Düsseldorf 1895,38,Jomaine Consbruch,511246,2002-01-26,Zentrales Mittelfeld,14,2026-07-01,2029-06-30,"[""Neuzugang von: SpVgg Greuther Fürth; Datum: 01.07.2026; Ablöse: ablösefrei""]",https://www.transfermarkt.de/jomaine-consbruch/profil/spieler/511246,CONFIRMED,STAGE_CURRENT_SQUAD,https://www.transfermarkt.de/fortuna-dusseldorf/kader/verein/38/saison_id/2026/plus/1,05373c5cfa7534d6542a7839a6b4faf710e30f1746f3272457fd8dbea4ba1976,2026-09-12
GER3,Fortuna Düsseldorf 1895,38,Yassine Bouchama,440108,1997-05-28,Zentrales Mittelfeld,5,2026-07-06,2028-06-30,"[""Neuzugang von: Preußen Münster; Datum: 06.07.2026; Ablöse: ablösefrei""]",https://www.transfermarkt.de/yassine-bouchama/profil/spieler/440108,CONFIRMED,STAGE_CURRENT_SQUAD,https://www.transfermarkt.de/fortuna-dusseldorf/kader/verein/38/saison_id/2026/plus/1,05373c5cfa7534d6542a7839a6b4faf710e30f1746f3272457fd8dbea4ba1976,2026-09-12
GER3,Fortuna Düsseldorf 1895,38,Miguel Gonçalves,914314,2004-08-18,Zentrales Mittelfeld,18,2026-07-01,2029-06-30,"[""Neuzugang von: FC 08 Homburg; Datum: 01.07.2026; Ablöse: 25 Tsd. €""]",https://www.transfermarkt.de/miguel-goncalves/profil/spieler/914314,CONFIRMED,STAGE_CURRENT_SQUAD,https://www.transfermarkt.de/fortuna-dusseldorf/kader/verein/38/saison_id/2026/plus/1,05373c5cfa7534d6542a7839a6b4faf710e30f1746f3272457fd8dbea4ba1976,2026-09-12
GER3,Fortuna Düsseldorf 1895,38,Andreas Müller,438315,2000-07-20,Offensives Mittelfeld,6,2026-08-11,2027-06-30,[],https://www.transfermarkt.de/andreas-muller/profil/spieler/438315,CONFIRMED,REVIEW_REQUIRED,https://www.transfermarkt.de/fortuna-dusseldorf/kader/verein/38/saison_id/2026/plus/1,05373c5cfa7534d6542a7839a6b4faf710e30f1746f3272457fd8dbea4ba1976,2026-09-12
GER3,Fortuna Düsseldorf 1895,38,Philipp Förster,179635,1995-02-04,Offensives Mittelfeld,10,2026-07-28,2027-06-30,"[""Neuzugang von: Karlsruher SC; Datum: 28.07.2026; Ablöse: ablösefrei""]",https://www.transfermarkt.de/philipp-forster/profil/spieler/179635,CONFIRMED,STAGE_CURRENT_SQUAD,https://www.transfermarkt.de/fortuna-dusseldorf/kader/verein/38/saison_id/2026/plus/1,05373c5cfa7534d6542a7839a6b4faf710e30f1746f3272457fd8dbea4ba1976,2026-09-12
GER3,Fortuna Düsseldorf 1895,38,Kilian Sauck,1043565,2007-03-27,Offensives Mittelfeld,29,2026-02-02,2029-06-30,[],https://www.transfermarkt.de/kilian-sauck/profil/spieler/1043565,CONFIRMED,REVIEW_REQUIRED,https://www.transfermarkt.de/fortuna-dusseldorf/kader/verein/38/saison_id/2026/plus/1,05373c5cfa7534d6542a7839a6b4faf710e30f1746f3272457fd8dbea4ba1976,2026-09-12
GER3,Fortuna Düsseldorf 1895,38,Anas Slimani,1067460,2007-07-20,Offensives Mittelfeld,34,2026-07-01,2028-06-30,"[""Interner Wechsel: Fortuna Düsseldorf U19; Datum: 01.07.2026""]",https://www.transfermarkt.de/anas-slimani/profil/spieler/1067460,CONFIRMED,STAGE_CURRENT_SQUAD,https://www.transfermarkt.de/fortuna-dusseldorf/kader/verein/38/saison_id/2026/plus/1,05373c5cfa7534d6542a7839a6b4faf710e30f1746f3272457fd8dbea4ba1976,2026-09-12
GER3,Fortuna Düsseldorf 1895,38,Hamza Anhari,751027,2004-01-30,Offensives Mittelfeld,40,2025-07-01,2028-06-30,[],https://www.transfermarkt.de/hamza-anhari/profil/spieler/751027,CONFIRMED,STAGE_CURRENT_SQUAD,https://www.transfermarkt.de/fortuna-dusseldorf/kader/verein/38/saison_id/2026/plus/1,05373c5cfa7534d6542a7839a6b4faf710e30f1746f3272457fd8dbea4ba1976,2026-09-12
GER3,Fortuna Düsseldorf 1895,38,Filimon Gerezgiher,453307,2000-07-04,Linksaußen,23,2026-09-01,2028-06-30,"[""Neuzugang von: SV 07 Elversberg; Datum: 01.09.2026; Ablöse: ablösefrei""]",https://www.transfermarkt.de/filimon-gerezgiher/profil/spieler/453307,CONFIRMED,REVIEW_REQUIRED,https://www.transfermarkt.de/fortuna-dusseldorf/kader/verein/38/saison_id/2026/plus/1,05373c5cfa7534d6542a7839a6b4faf710e30f1746f3272457fd8dbea4ba1976,2026-09-12
GER3,Fortuna Düsseldorf 1895,38,Jordi Paulina,1045762,2004-09-23,Mittelstürmer,27,2026-01-03,2030-06-30,[],https://www.transfermarkt.de/jordi-paulina/profil/spieler/1045762,CONFIRMED,REVIEW_REQUIRED,https://www.transfermarkt.de/fortuna-dusseldorf/kader/verein/38/saison_id/2026/plus/1,05373c5cfa7534d6542a7839a6b4faf710e30f1746f3272457fd8dbea4ba1976,2026-09-12
GER3,Fortuna Düsseldorf 1895,38,Eric Hottmann,403899,2000-02-08,Mittelstürmer,9,2026-07-01,2029-06-30,"[""Neuzugang von: SSV Jahn Regensburg; Datum: 01.07.2026; Ablöse: 300 Tsd. €""]",https://www.transfermarkt.de/eric-hottmann/profil/spieler/403899,CONFIRMED,STAGE_CURRENT_SQUAD,https://www.transfermarkt.de/fortuna-dusseldorf/kader/verein/38/saison_id/2026/plus/1,05373c5cfa7534d6542a7839a6b4faf710e30f1746f3272457fd8dbea4ba1976,2026-09-12
GER3,Fortuna Düsseldorf 1895,38,Fabian Schleusener,229176,1991-10-24,Mittelstürmer,24,2026-07-01,2028-06-30,"[""Neuzugang von: Karlsruher SC; Datum: 01.07.2026; Ablöse: ablösefrei""]",https://www.transfermarkt.de/fabian-schleusener/profil/spieler/229176,CONFIRMED,STAGE_CURRENT_SQUAD,https://www.transfermarkt.de/fortuna-dusseldorf/kader/verein/38/saison_id/2026/plus/1,05373c5cfa7534d6542a7839a6b4faf710e30f1746f3272457fd8dbea4ba1976,2026-09-12
GER3,Fortuna Düsseldorf 1895,38,Lukas Eixler,1047044,2003-11-03,Mittelstürmer,11,2026-07-09,2028-06-30,"[""Neuzugang von: FSV Zwickau; Datum: 09.07.2026; Ablöse: ablösefrei""]",https://www.transfermarkt.de/lukas-eixler/profil/spieler/1047044,CONFIRMED,STAGE_CURRENT_SQUAD,https://www.transfermarkt.de/fortuna-dusseldorf/kader/verein/38/saison_id/2026/plus/1,05373c5cfa7534d6542a7839a6b4faf710e30f1746f3272457fd8dbea4ba1976,2026-09-12
GER3,SC Preußen Münster,91,Morten Behrens,274039,1997-04-01,Torwart,1,2024-07-01,2028-06-30,[],https://www.transfermarkt.de/morten-behrens/profil/spieler/274039,CONFIRMED,STAGE_CURRENT_SQUAD,https://www.transfermarkt.de/preussen-munster/kader/verein/91/saison_id/2026/plus/1,358c233225c0f06e8cc0ea5bfec52949f3501471b53e29edc807611cd04332ae,2026-09-12
GER3,SC Preußen Münster,91,Matthis Harsman,443478,1999-10-04,Torwart,38,2026-07-01,2028-06-30,"[""Neuzugang von: SV Rödinghausen; Datum: 01.07.2026; Ablöse: ablösefrei""]",https://www.transfermarkt.de/matthis-harsman/profil/spieler/443478,CONFIRMED,STAGE_CURRENT_SQUAD,https://www.transfermarkt.de/preussen-munster/kader/verein/91/saison_id/2026/plus/1,358c233225c0f06e8cc0ea5bfec52949f3501471b53e29edc807611cd04332ae,2026-09-12
GER3,SC Preußen Münster,91,Paul Ervens,1168858,2007-09-10,Torwart,40,2026-07-01,2030-06-30,"[""Interner Wechsel: Preußen Münster U19; Datum: 01.07.2026""]",https://www.transfermarkt.de/paul-ervens/profil/spieler/1168858,CONFIRMED,STAGE_CURRENT_SQUAD,https://www.transfermarkt.de/preussen-munster/kader/verein/91/saison_id/2026/plus/1,358c233225c0f06e8cc0ea5bfec52949f3501471b53e29edc807611cd04332ae,2026-09-12
GER3,SC Preußen Münster,91,Antonio Tikvic,797791,2004-04-21,Innenverteidiger,4,2025-07-29,2028-06-30,[],https://www.transfermarkt.de/antonio-tikvic/profil/spieler/797791,CONFIRMED,STAGE_CURRENT_SQUAD,https://www.transfermarkt.de/preussen-munster/kader/verein/91/saison_id/2026/plus/1,358c233225c0f06e8cc0ea5bfec52949f3501471b53e29edc807611cd04332ae,2026-09-12
GER3,SC Preußen Münster,91,Niko Koulis,406988,1999-05-04,Innenverteidiger,24,2022-07-01,2027-06-30,[],https://www.transfermarkt.de/niko-koulis/profil/spieler/406988,CONFIRMED,STAGE_CURRENT_SQUAD,https://www.transfermarkt.de/preussen-munster/kader/verein/91/saison_id/2026/plus/1,358c233225c0f06e8cc0ea5bfec52949f3501471b53e29edc807611cd04332ae,2026-09-12
GER3,SC Preußen Münster,91,Torge Paetow,249207,1995-08-14,Innenverteidiger,16,2024-07-01,2027-06-30,[],https://www.transfermarkt.de/torge-paetow/profil/spieler/249207,CONFIRMED,STAGE_CURRENT_SQUAD,https://www.transfermarkt.de/preussen-munster/kader/verein/91/saison_id/2026/plus/1,358c233225c0f06e8cc0ea5bfec52949f3501471b53e29edc807611cd04332ae,2026-09-12
GER3,SC Preußen Münster,91,Simon Scherder,93979,1993-04-02,Innenverteidiger,15,2012-07-01,2027-06-30,[],https://www.transfermarkt.de/simon-scherder/profil/spieler/93979,CONFIRMED,REVIEW_REQUIRED,https://www.transfermarkt.de/preussen-munster/kader/verein/91/saison_id/2026/plus/1,358c233225c0f06e8cc0ea5bfec52949f3501471b53e29edc807611cd04332ae,2026-09-12
GER3,SC Preußen Münster,91,Tim Dietrich,521412,2002-11-08,Innenverteidiger,3,2026-07-01,2029-06-30,"[""Neuzugang von: FC Schalke 04 II; Datum: 01.07.2026; Ablöse: ?""]",https://www.transfermarkt.de/tim-dietrich/profil/spieler/521412,CONFIRMED,STAGE_CURRENT_SQUAD,https://www.transfermarkt.de/preussen-munster/kader/verein/91/saison_id/2026/plus/1,358c233225c0f06e8cc0ea5bfec52949f3501471b53e29edc807611cd04332ae,2026-09-12
GER3,SC Preußen Münster,91,Lucas Zeller,494827,2000-03-14,Innenverteidiger,5,2026-07-01,2028-06-30,"[""Neuzugang von: 1.FC Schweinfurt 05; Datum: 01.07.2026; Ablöse: ablösefrei""]",https://www.transfermarkt.de/lucas-zeller/profil/spieler/494827,CONFIRMED,STAGE_CURRENT_SQUAD,https://www.transfermarkt.de/preussen-munster/kader/verein/91/saison_id/2026/plus/1,358c233225c0f06e8cc0ea5bfec52949f3501471b53e29edc807611cd04332ae,2026-09-12
GER3,SC Preußen Münster,91,Luca Bolay,594664,2002-07-25,Linker Verteidiger,25,2024-07-01,2028-06-30,[],https://www.transfermarkt.de/luca-bolay/profil/spieler/594664,CONFIRMED,STAGE_CURRENT_SQUAD,https://www.transfermarkt.de/preussen-munster/kader/verein/91/saison_id/2026/plus/1,358c233225c0f06e8cc0ea5bfec52949f3501471b53e29edc807611cd04332ae,2026-09-12
GER3,SC Preußen Münster,91,Charalambos Makridis,414318,1996-07-05,Linker Verteidiger,14,2024-07-01,2028-06-30,[],https://www.transfermarkt.de/charalambos-makridis/profil/spieler/414318,CONFIRMED,STAGE_CURRENT_SQUAD,https://www.transfermarkt.de/preussen-munster/kader/verein/91/saison_id/2026/plus/1,358c233225c0f06e8cc0ea5bfec52949f3501471b53e29edc807611cd04332ae,2026-09-12
GER3,SC Preußen Münster,91,Niklas Varelmann,993398,2006-10-29,Linker Verteidiger,36,2026-07-01,2029-06-30,"[""Interner Wechsel: Preußen Münster II; Datum: 01.07.2026""]",https://www.transfermarkt.de/niklas-varelmann/profil/spieler/993398,CONFIRMED,STAGE_CURRENT_SQUAD,https://www.transfermarkt.de/preussen-munster/kader/verein/91/saison_id/2026/plus/1,358c233225c0f06e8cc0ea5bfec52949f3501471b53e29edc807611cd04332ae,2026-09-12
GER3,SC Preußen Münster,91,Louis Kolbe,624063,2004-03-11,Rechter Verteidiger,2,2026-07-01,2029-06-30,"[""Neuzugang von: SV Sandhausen; Datum: 01.07.2026; Ablöse: ?""]",https://www.transfermarkt.de/louis-kolbe/profil/spieler/624063,CONFIRMED,STAGE_CURRENT_SQUAD,https://www.transfermarkt.de/preussen-munster/kader/verein/91/saison_id/2026/plus/1,358c233225c0f06e8cc0ea5bfec52949f3501471b53e29edc807611cd04332ae,2026-09-12
GER3,SC Preußen Münster,91,Leon Tasov,813735,2004-11-13,Rechter Verteidiger,29,2025-07-01,2028-06-30,"[""Rückkehr nach Leihe von: SV Meppen; Datum: 30.06.2026; Ablöse: Leih-Ende""]",https://www.transfermarkt.de/leon-tasov/profil/spieler/813735,CONFIRMED,STAGE_CURRENT_SQUAD,https://www.transfermarkt.de/preussen-munster/kader/verein/91/saison_id/2026/plus/1,358c233225c0f06e8cc0ea5bfec52949f3501471b53e29edc807611cd04332ae,2026-09-12
GER3,SC Preußen Münster,91,Wesley Adeh,1074523,2007-01-08,Defensives Mittelfeld,6,2026-07-01,2027-06-30,[],https://www.transfermarkt.de/wesley-adeh/profil/spieler/1074523,CONFIRMED,REVIEW_REQUIRED,https://www.transfermarkt.de/preussen-munster/kader/verein/91/saison_id/2026/plus/1,358c233225c0f06e8cc0ea5bfec52949f3501471b53e29edc807611cd04332ae,2026-09-12
GER3,SC Preußen Münster,91,Philipp Maier,258108,1994-06-14,Defensives Mittelfeld,26,2026-09-03,2027-06-30,"[""Neuzugang von: Vereinslos; Datum: 03.09.2026; Ablöse: -""]",https://www.transfermarkt.de/philipp-maier/profil/spieler/258108,CONFIRMED,STAGE_CURRENT_SQUAD,https://www.transfermarkt.de/preussen-munster/kader/verein/91/saison_id/2026/plus/1,358c233225c0f06e8cc0ea5bfec52949f3501471b53e29edc807611cd04332ae,2026-09-12
GER3,SC Preußen Münster,91,Jakob Korte,695940,2003-06-15,Defensives Mittelfeld,27,2024-07-01,2027-06-30,"[""Rückkehr nach Leihe von: FC Gütersloh; Datum: 30.06.2026; Ablöse: Leih-Ende""]",https://www.transfermarkt.de/jakob-korte/profil/spieler/695940,CONFIRMED,STAGE_CURRENT_SQUAD,https://www.transfermarkt.de/preussen-munster/kader/verein/91/saison_id/2026/plus/1,358c233225c0f06e8cc0ea5bfec52949f3501471b53e29edc807611cd04332ae,2026-09-12
GER3,SC Preußen Münster,91,Marvin Schulz,168678,1995-01-15,Zentrales Mittelfeld,10,2025-07-01,2028-06-30,[],https://www.transfermarkt.de/marvin-schulz/profil/spieler/168678,CONFIRMED,STAGE_CURRENT_SQUAD,https://www.transfermarkt.de/preussen-munster/kader/verein/91/saison_id/2026/plus/1,358c233225c0f06e8cc0ea5bfec52949f3501471b53e29edc807611cd04332ae,2026-09-12
GER3,SC Preußen Münster,91,Rico Preißinger,206411,1996-07-21,Zentrales Mittelfeld,21,2023-07-01,2028-06-30,[],https://www.transfermarkt.de/rico-preissinger/profil/spieler/206411,CONFIRMED,STAGE_CURRENT_SQUAD,https://www.transfermarkt.de/preussen-munster/kader/verein/91/saison_id/2026/plus/1,358c233225c0f06e8cc0ea5bfec52949f3501471b53e29edc807611cd04332ae,2026-09-12
GER3,SC Preußen Münster,91,Samuel Althaus,1014942,2006-01-10,Zentrales Mittelfeld,44,2026-08-05,2029-06-30,"[""Neuzugang von: TSV 1860 München; Datum: 05.08.2026; Ablöse: 150 Tsd. €""]",https://www.transfermarkt.de/samuel-althaus/profil/spieler/1014942,CONFIRMED,STAGE_CURRENT_SQUAD,https://www.transfermarkt.de/preussen-munster/kader/verein/91/saison_id/2026/plus/1,358c233225c0f06e8cc0ea5bfec52949f3501471b53e29edc807611cd04332ae,2026-09-12
GER3,SC Preußen Münster,91,Mikail Demirhan,1286307,2006-06-06,Offensives Mittelfeld,19,2026-07-01,2029-06-30,"[""Interner Wechsel: Preußen Münster II; Datum: 01.07.2026""]",https://www.transfermarkt.de/mikail-demirhan/profil/spieler/1286307,CONFIRMED,STAGE_CURRENT_SQUAD,https://www.transfermarkt.de/preussen-munster/kader/verein/91/saison_id/2026/plus/1,358c233225c0f06e8cc0ea5bfec52949f3501471b53e29edc807611cd04332ae,2026-09-12
GER3,SC Preußen Münster,91,Joshua Mees,196815,1996-04-15,Linksaußen,8,2024-07-01,2027-06-30,[],https://www.transfermarkt.de/joshua-mees/profil/spieler/196815,CONFIRMED,STAGE_CURRENT_SQUAD,https://www.transfermarkt.de/preussen-munster/kader/verein/91/saison_id/2026/plus/1,358c233225c0f06e8cc0ea5bfec52949f3501471b53e29edc807611cd04332ae,2026-09-12
GER3,SC Preußen Münster,91,Romario Rösch,333464,1999-07-01,Linksaußen,43,2026-08-28,2027-06-30,"[""Neuzugang von: VfL Bochum; Datum: 28.08.2026; Ablöse: ablösefrei""]",https://www.transfermarkt.de/romario-rosch/profil/spieler/333464,CONFIRMED,STAGE_CURRENT_SQUAD,https://www.transfermarkt.de/preussen-munster/kader/verein/91/saison_id/2026/plus/1,358c233225c0f06e8cc0ea5bfec52949f3501471b53e29edc807611cd04332ae,2026-09-12
GER3,SC Preußen Münster,91,Ryan Johansson,351071,2001-02-15,Linksaußen,20,2026-07-01,2029-06-30,"[""Neuzugang von: SV Wehen Wiesbaden; Datum: 01.07.2026; Ablöse: ablösefrei""]",https://www.transfermarkt.de/ryan-johansson/profil/spieler/351071,CONFIRMED,STAGE_CURRENT_SQUAD,https://www.transfermarkt.de/preussen-munster/kader/verein/91/saison_id/2026/plus/1,358c233225c0f06e8cc0ea5bfec52949f3501471b53e29edc807611cd04332ae,2026-09-12
GER3,SC Preußen Münster,91,Mika Stuhlmacher,807540,2002-11-02,Rechtsaußen,17,2026-07-01,2029-06-30,"[""Neuzugang von: SV Meppen; Datum: 01.07.2026; Ablöse: ablösefrei""]",https://www.transfermarkt.de/mika-stuhlmacher/profil/spieler/807540,CONFIRMED,STAGE_CURRENT_SQUAD,https://www.transfermarkt.de/preussen-munster/kader/verein/91/saison_id/2026/plus/1,358c233225c0f06e8cc0ea5bfec52949f3501471b53e29edc807611cd04332ae,2026-09-12
GER3,SC Preußen Münster,91,Montell Ndikom,905896,2005-02-05,Rechtsaußen,28,2026-07-01,2029-06-30,"[""Neuzugang von: Hannover 96 II; Datum: 01.07.2026; Ablöse: ?""]",https://www.transfermarkt.de/montell-ndikom/profil/spieler/905896,CONFIRMED,STAGE_CURRENT_SQUAD,https://www.transfermarkt.de/preussen-munster/kader/verein/91/saison_id/2026/plus/1,358c233225c0f06e8cc0ea5bfec52949f3501471b53e29edc807611cd04332ae,2026-09-12
GER3,SC Preußen Münster,91,Oscar Vilhelmsson,673071,2003-10-02,Mittelstürmer,11,2025-07-01,2027-06-30,[],https://www.transfermarkt.de/oscar-vilhelmsson/profil/spieler/673071,CONFIRMED,STAGE_CURRENT_SQUAD,https://www.transfermarkt.de/preussen-munster/kader/verein/91/saison_id/2026/plus/1,358c233225c0f06e8cc0ea5bfec52949f3501471b53e29edc807611cd04332ae,2026-09-12
GER3,SC Preußen Münster,91,Malik Batmaz,411134,2000-03-17,Mittelstürmer,23,2023-07-06,2027-06-30,[],https://www.transfermarkt.de/malik-batmaz/profil/spieler/411134,CONFIRMED,STAGE_CURRENT_SQUAD,https://www.transfermarkt.de/preussen-munster/kader/verein/91/saison_id/2026/plus/1,358c233225c0f06e8cc0ea5bfec52949f3501471b53e29edc807611cd04332ae,2026-09-12
GER3,SC Preußen Münster,91,Felix Higl,230810,1997-01-08,Mittelstürmer,33,2026-07-28,2028-06-30,"[""Neuzugang von: SpVgg Greuther Fürth; Datum: 28.07.2026; Ablöse: 100 Tsd. €""]",https://www.transfermarkt.de/felix-higl/profil/spieler/230810,CONFIRMED,STAGE_CURRENT_SQUAD,https://www.transfermarkt.de/preussen-munster/kader/verein/91/saison_id/2026/plus/1,358c233225c0f06e8cc0ea5bfec52949f3501471b53e29edc807611cd04332ae,2026-09-12
GER3,SC Preußen Münster,91,Marvin Schulz,1045133,2004-04-11,Mittelstürmer,30,2026-02-01,2028-06-30,"[""Rückkehr nach Leihe von: SV Sandhausen; Datum: 30.06.2026; Ablöse: Leih-Ende""]",https://www.transfermarkt.de/marvin-schulz/profil/spieler/1045133,CONFIRMED,STAGE_CURRENT_SQUAD,https://www.transfermarkt.de/preussen-munster/kader/verein/91/saison_id/2026/plus/1,358c233225c0f06e8cc0ea5bfec52949f3501471b53e29edc807611cd04332ae,2026-09-12
GER3,Rot-Weiss Essen 1907,56,Jakob Golz,288650,1998-08-16,Torwart,1,2019-07-01,2027-06-30,[],https://www.transfermarkt.de/jakob-golz/profil/spieler/288650,CONFIRMED,STAGE_CURRENT_SQUAD,https://www.transfermarkt.de/rot-weiss-essen/kader/verein/56/saison_id/2026/plus/1,428b980f8718cfe610b74c6ed65b6316eaa3b91941d20a4def68f9bfec3ccdb3,2026-09-12
GER3,Rot-Weiss Essen 1907,56,Felix Wienand,553449,2002-06-27,Torwart,35,2022-07-01,2028-06-30,[],https://www.transfermarkt.de/felix-wienand/profil/spieler/553449,CONFIRMED,STAGE_CURRENT_SQUAD,https://www.transfermarkt.de/rot-weiss-essen/kader/verein/56/saison_id/2026/plus/1,428b980f8718cfe610b74c6ed65b6316eaa3b91941d20a4def68f9bfec3ccdb3,2026-09-12
GER3,Rot-Weiss Essen 1907,56,Eric Verstappen,187203,1994-05-19,Torwart,33,2026-09-08,2027-06-30,"[""Neuzugang von: Vereinslos; Datum: 08.09.2026; Ablöse: -""]",https://www.transfermarkt.de/eric-verstappen/profil/spieler/187203,CONFIRMED,REVIEW_REQUIRED,https://www.transfermarkt.de/rot-weiss-essen/kader/verein/56/saison_id/2026/plus/1,428b980f8718cfe610b74c6ed65b6316eaa3b91941d20a4def68f9bfec3ccdb3,2026-09-12
GER3,Rot-Weiss Essen 1907,56,Romero Gerres,982127,2007-10-24,Torwart,45,2026-07-01,2028-06-30,"[""Interner Wechsel: Rot-Weiss Essen U19; Datum: 01.07.2026""]",https://www.transfermarkt.de/romero-gerres/profil/spieler/982127,CONFIRMED,STAGE_CURRENT_SQUAD,https://www.transfermarkt.de/rot-weiss-essen/kader/verein/56/saison_id/2026/plus/1,428b980f8718cfe610b74c6ed65b6316eaa3b91941d20a4def68f9bfec3ccdb3,2026-09-12
GER3,Rot-Weiss Essen 1907,56,Max Geschwill,471890,2001-07-07,Innenverteidiger,6,2026-07-08,2028-06-30,"[""Neuzugang von: Holstein Kiel; Datum: 08.07.2026; Ablöse: 100 Tsd. €""]",https://www.transfermarkt.de/max-geschwill/profil/spieler/471890,CONFIRMED,REVIEW_REQUIRED,https://www.transfermarkt.de/rot-weiss-essen/kader/verein/56/saison_id/2026/plus/1,428b980f8718cfe610b74c6ed65b6316eaa3b91941d20a4def68f9bfec3ccdb3,2026-09-12
GER3,Rot-Weiss Essen 1907,56,José Enrique Ríos Alonso,343374,2000-08-13,Innenverteidiger,23,2021-07-01,2027-06-30,[],https://www.transfermarkt.de/jose-enrique-rios-alonso/profil/spieler/343374,CONFIRMED,STAGE_CURRENT_SQUAD,https://www.transfermarkt.de/rot-weiss-essen/kader/verein/56/saison_id/2026/plus/1,428b980f8718cfe610b74c6ed65b6316eaa3b91941d20a4def68f9bfec3ccdb3,2026-09-12
GER3,Rot-Weiss Essen 1907,56,Ben Hüning,922877,2004-11-11,Innenverteidiger,15,2026-01-07,2028-06-30,[],https://www.transfermarkt.de/ben-huning/profil/spieler/922877,CONFIRMED,STAGE_CURRENT_SQUAD,https://www.transfermarkt.de/rot-weiss-essen/kader/verein/56/saison_id/2026/plus/1,428b980f8718cfe610b74c6ed65b6316eaa3b91941d20a4def68f9bfec3ccdb3,2026-09-12
GER3,Rot-Weiss Essen 1907,56,Luca Bazzoli,493899,2000-11-01,Innenverteidiger,32,2025-07-01,2027-06-30,"[""Rückkehr nach Leihe von: SSV Ulm 1846; Datum: 30.06.2026; Ablöse: Leih-Ende""]",https://www.transfermarkt.de/luca-bazzoli/profil/spieler/493899,CONFIRMED,STAGE_CURRENT_SQUAD,https://www.transfermarkt.de/rot-weiss-essen/kader/verein/56/saison_id/2026/plus/1,428b980f8718cfe610b74c6ed65b6316eaa3b91941d20a4def68f9bfec3ccdb3,2026-09-12
GER3,Rot-Weiss Essen 1907,56,James Gnagnon,1279119,2008-05-02,Innenverteidiger,36,2026-07-01,2028-06-30,"[""Interner Wechsel: Rot-Weiss Essen U19; Datum: 01.07.2026""]",https://www.transfermarkt.de/james-gnagnon/profil/spieler/1279119,CONFIRMED,STAGE_CURRENT_SQUAD,https://www.transfermarkt.de/rot-weiss-essen/kader/verein/56/saison_id/2026/plus/1,428b980f8718cfe610b74c6ed65b6316eaa3b91941d20a4def68f9bfec3ccdb3,2026-09-12
GER3,Rot-Weiss Essen 1907,56,Franci Bouebari,1029294,2003-09-12,Linker Verteidiger,19,2026-07-01,2028-06-30,"[""Neuzugang von: SC Freiburg II; Datum: 01.07.2026; Ablöse: 100 Tsd. €""]",https://www.transfermarkt.de/franci-bouebari/profil/spieler/1029294,CONFIRMED,REVIEW_REQUIRED,https://www.transfermarkt.de/rot-weiss-essen/kader/verein/56/saison_id/2026/plus/1,428b980f8718cfe610b74c6ed65b6316eaa3b91941d20a4def68f9bfec3ccdb3,2026-09-12
GER3,Rot-Weiss Essen 1907,56,Ekin Celebi,520908,2000-06-06,Linker Verteidiger,26,2023-07-01,2027-06-30,"[""Rückkehr nach Leihe von: 1.FC Schweinfurt 05; Datum: 30.06.2026; Ablöse: Leih-Ende""]",https://www.transfermarkt.de/ekin-celebi/profil/spieler/520908,CONFIRMED,REVIEW_REQUIRED,https://www.transfermarkt.de/rot-weiss-essen/kader/verein/56/saison_id/2026/plus/1,428b980f8718cfe610b74c6ed65b6316eaa3b91941d20a4def68f9bfec3ccdb3,2026-09-12
GER3,Rot-Weiss Essen 1907,56,Jannik Hofmann,594747,2002-02-28,Rechter Verteidiger,37,2026-07-01,2028-06-30,"[""Neuzugang von: 1.FC Nürnberg; Datum: 01.07.2026; Ablöse: 150 Tsd. €""]",https://www.transfermarkt.de/jannik-hofmann/profil/spieler/594747,CONFIRMED,REVIEW_REQUIRED,https://www.transfermarkt.de/rot-weiss-essen/kader/verein/56/saison_id/2026/plus/1,428b980f8718cfe610b74c6ed65b6316eaa3b91941d20a4def68f9bfec3ccdb3,2026-09-12
GER3,Rot-Weiss Essen 1907,56,Michael Kostka,554285,2003-12-13,Rechter Verteidiger,2,2025-07-01,2027-06-30,[],https://www.transfermarkt.de/michael-kostka/profil/spieler/554285,CONFIRMED,STAGE_CURRENT_SQUAD,https://www.transfermarkt.de/rot-weiss-essen/kader/verein/56/saison_id/2026/plus/1,428b980f8718cfe610b74c6ed65b6316eaa3b91941d20a4def68f9bfec3ccdb3,2026-09-12
GER3,Rot-Weiss Essen 1907,56,Janne Sietan,601933,2002-06-08,Defensives Mittelfeld,22,2026-07-01,2028-06-30,"[""Neuzugang von: SV Waldhof Mannheim; Datum: 01.07.2026; Ablöse: ablösefrei""]",https://www.transfermarkt.de/janne-sietan/profil/spieler/601933,CONFIRMED,STAGE_CURRENT_SQUAD,https://www.transfermarkt.de/rot-weiss-essen/kader/verein/56/saison_id/2026/plus/1,428b980f8718cfe610b74c6ed65b6316eaa3b91941d20a4def68f9bfec3ccdb3,2026-09-12
GER3,Rot-Weiss Essen 1907,56,Ruben Reisig,318379,1996-03-16,Defensives Mittelfeld,16,2026-01-18,2027-06-30,[],https://www.transfermarkt.de/ruben-reisig/profil/spieler/318379,CONFIRMED,STAGE_CURRENT_SQUAD,https://www.transfermarkt.de/rot-weiss-essen/kader/verein/56/saison_id/2026/plus/1,428b980f8718cfe610b74c6ed65b6316eaa3b91941d20a4def68f9bfec3ccdb3,2026-09-12
GER3,Rot-Weiss Essen 1907,56,Tony Menzel,824940,2005-03-06,Zentrales Mittelfeld,8,2026-07-01,2027-06-30,[],https://www.transfermarkt.de/tony-menzel/profil/spieler/824940,CONFIRMED,REVIEW_REQUIRED,https://www.transfermarkt.de/rot-weiss-essen/kader/verein/56/saison_id/2026/plus/1,428b980f8718cfe610b74c6ed65b6316eaa3b91941d20a4def68f9bfec3ccdb3,2026-09-12
GER3,Rot-Weiss Essen 1907,56,Noah Pesch,696028,2005-05-18,Offensives Mittelfeld,11,2026-07-03,2029-06-30,"[""Neuzugang von: Borussia Mönchengladbach; Datum: 03.07.2026; Ablöse: 150 Tsd. €""]",https://www.transfermarkt.de/noah-pesch/profil/spieler/696028,CONFIRMED,REVIEW_REQUIRED,https://www.transfermarkt.de/rot-weiss-essen/kader/verein/56/saison_id/2026/plus/1,428b980f8718cfe610b74c6ed65b6316eaa3b91941d20a4def68f9bfec3ccdb3,2026-09-12
GER3,Rot-Weiss Essen 1907,56,Nick Bätzner,443855,2000-03-15,Offensives Mittelfeld,25,2026-08-30,2028-06-30,"[""Neuzugang von: SC Paderborn 07; Datum: 30.08.2026; Ablöse: 125 Tsd. €""]",https://www.transfermarkt.de/nick-batzner/profil/spieler/443855,CONFIRMED,STAGE_CURRENT_SQUAD,https://www.transfermarkt.de/rot-weiss-essen/kader/verein/56/saison_id/2026/plus/1,428b980f8718cfe610b74c6ed65b6316eaa3b91941d20a4def68f9bfec3ccdb3,2026-09-12
GER3,Rot-Weiss Essen 1907,56,Aiman Dardari,904723,2005-03-21,Linksaußen,7,2026-07-01,2027-06-30,[],https://www.transfermarkt.de/aiman-dardari/profil/spieler/904723,CONFIRMED,REVIEW_REQUIRED,https://www.transfermarkt.de/rot-weiss-essen/kader/verein/56/saison_id/2026/plus/1,428b980f8718cfe610b74c6ed65b6316eaa3b91941d20a4def68f9bfec3ccdb3,2026-09-12
GER3,Rot-Weiss Essen 1907,56,Lucas Brumme,392714,1999-09-25,Linksaußen,14,2023-07-29,2027-06-30,[],https://www.transfermarkt.de/lucas-brumme/profil/spieler/392714,CONFIRMED,STAGE_CURRENT_SQUAD,https://www.transfermarkt.de/rot-weiss-essen/kader/verein/56/saison_id/2026/plus/1,428b980f8718cfe610b74c6ed65b6316eaa3b91941d20a4def68f9bfec3ccdb3,2026-09-12
GER3,Rot-Weiss Essen 1907,56,Dickson Abiama,596813,1998-11-03,Rechtsaußen,18,2026-07-21,2028-06-30,"[""Neuzugang von: 1.FC Kaiserslautern; Datum: 21.07.2026; Ablöse: 50 Tsd. €""]",https://www.transfermarkt.de/dickson-abiama/profil/spieler/596813,CONFIRMED,STAGE_CURRENT_SQUAD,https://www.transfermarkt.de/rot-weiss-essen/kader/verein/56/saison_id/2026/plus/1,428b980f8718cfe610b74c6ed65b6316eaa3b91941d20a4def68f9bfec3ccdb3,2026-09-12
GER3,Rot-Weiss Essen 1907,56,Marvin Obuz,522084,2002-01-25,Rechtsaußen,10,2025-07-01,2027-06-30,[],https://www.transfermarkt.de/marvin-obuz/profil/spieler/522084,CONFIRMED,STAGE_CURRENT_SQUAD,https://www.transfermarkt.de/rot-weiss-essen/kader/verein/56/saison_id/2026/plus/1,428b980f8718cfe610b74c6ed65b6316eaa3b91941d20a4def68f9bfec3ccdb3,2026-09-12
GER3,Rot-Weiss Essen 1907,56,Semir Telalovic,583767,1999-12-23,Mittelstürmer,17,2026-07-11,2027-06-30,[],https://www.transfermarkt.de/semir-telalovic/profil/spieler/583767,CONFIRMED,REVIEW_REQUIRED,https://www.transfermarkt.de/rot-weiss-essen/kader/verein/56/saison_id/2026/plus/1,428b980f8718cfe610b74c6ed65b6316eaa3b91941d20a4def68f9bfec3ccdb3,2026-09-12
GER3,Rot-Weiss Essen 1907,56,Marek Janssen,385701,1997-04-15,Mittelstürmer,20,2025-07-01,2027-06-30,[],https://www.transfermarkt.de/marek-janssen/profil/spieler/385701,CONFIRMED,STAGE_CURRENT_SQUAD,https://www.transfermarkt.de/rot-weiss-essen/kader/verein/56/saison_id/2026/plus/1,428b980f8718cfe610b74c6ed65b6316eaa3b91941d20a4def68f9bfec3ccdb3,2026-09-12
GER3,Rot-Weiss Essen 1907,56,Jaka Cuber Potocnik,940198,2005-06-17,Mittelstürmer,9,2025-07-09,2027-06-30,[],https://www.transfermarkt.de/jaka-cuber-potocnik/profil/spieler/940198,CONFIRMED,REVIEW_REQUIRED,https://www.transfermarkt.de/rot-weiss-essen/kader/verein/56/saison_id/2026/plus/1,428b980f8718cfe610b74c6ed65b6316eaa3b91941d20a4def68f9bfec3ccdb3,2026-09-12
GER3,MSV Duisburg,52,Maximilian Braune,656163,2003-07-06,Torwart,1,2022-02-02,2029-06-30,[],https://www.transfermarkt.de/maximilian-braune/profil/spieler/656163,CONFIRMED,STAGE_CURRENT_SQUAD,https://www.transfermarkt.de/msv-duisburg/kader/verein/52/saison_id/2026/plus/1,18d4d26950b4b7ad041e50ae2365995e7a92e62db4daa0e38fdb65d1224bbf52,2026-09-12
GER3,MSV Duisburg,52,Toni Stahl,347722,1999-09-17,Torwart,33,2026-07-15,2028-06-30,"[""Neuzugang von: 1.FC Schweinfurt 05; Datum: 15.07.2026; Ablöse: ablösefrei""]",https://www.transfermarkt.de/toni-stahl/profil/spieler/347722,CONFIRMED,STAGE_CURRENT_SQUAD,https://www.transfermarkt.de/msv-duisburg/kader/verein/52/saison_id/2026/plus/1,18d4d26950b4b7ad041e50ae2365995e7a92e62db4daa0e38fdb65d1224bbf52,2026-09-12
GER3,MSV Duisburg,52,Laurenz Jennissen,1162630,2007-12-09,Torwart,21,2026-01-05,2029-06-30,[],https://www.transfermarkt.de/laurenz-jennissen/profil/spieler/1162630,CONFIRMED,STAGE_CURRENT_SQUAD,https://www.transfermarkt.de/msv-duisburg/kader/verein/52/saison_id/2026/plus/1,18d4d26950b4b7ad041e50ae2365995e7a92e62db4daa0e38fdb65d1224bbf52,2026-09-12
GER3,MSV Duisburg,52,Martin Ens,606220,2001-12-20,Innenverteidiger,4,2026-07-15,2027-06-30,[],https://www.transfermarkt.de/martin-ens/profil/spieler/606220,CONFIRMED,REVIEW_REQUIRED,https://www.transfermarkt.de/msv-duisburg/kader/verein/52/saison_id/2026/plus/1,18d4d26950b4b7ad041e50ae2365995e7a92e62db4daa0e38fdb65d1224bbf52,2026-09-12
GER3,MSV Duisburg,52,Tobias Fleckstein,335101,1999-04-24,Innenverteidiger,5,2020-08-24,2028-06-30,[],https://www.transfermarkt.de/tobias-fleckstein/profil/spieler/335101,CONFIRMED,STAGE_CURRENT_SQUAD,https://www.transfermarkt.de/msv-duisburg/kader/verein/52/saison_id/2026/plus/1,18d4d26950b4b7ad041e50ae2365995e7a92e62db4daa0e38fdb65d1224bbf52,2026-09-12
GER3,MSV Duisburg,52,Ben Schlicke,908370,2005-10-31,Innenverteidiger,40,2025-07-01,2027-06-30,[],https://www.transfermarkt.de/ben-schlicke/profil/spieler/908370,CONFIRMED,STAGE_CURRENT_SQUAD,https://www.transfermarkt.de/msv-duisburg/kader/verein/52/saison_id/2026/plus/1,18d4d26950b4b7ad041e50ae2365995e7a92e62db4daa0e38fdb65d1224bbf52,2026-09-12
GER3,MSV Duisburg,52,Frederik Christensen,514889,2002-06-07,Linker Verteidiger,3,2026-07-01,2029-06-30,"[""Neuzugang von: IF Brommapojkarna; Datum: 01.07.2026; Ablöse: ?""]",https://www.transfermarkt.de/frederik-christensen/profil/spieler/514889,CONFIRMED,REVIEW_REQUIRED,https://www.transfermarkt.de/msv-duisburg/kader/verein/52/saison_id/2026/plus/1,18d4d26950b4b7ad041e50ae2365995e7a92e62db4daa0e38fdb65d1224bbf52,2026-09-12
GER3,MSV Duisburg,52,Can Coskun,237576,1998-03-26,Linker Verteidiger,27,2024-07-01,2028-06-30,[],https://www.transfermarkt.de/can-coskun/profil/spieler/237576,CONFIRMED,STAGE_CURRENT_SQUAD,https://www.transfermarkt.de/msv-duisburg/kader/verein/52/saison_id/2026/plus/1,18d4d26950b4b7ad041e50ae2365995e7a92e62db4daa0e38fdb65d1224bbf52,2026-09-12
GER3,MSV Duisburg,52,Joshua Bitter,265159,1997-01-01,Rechter Verteidiger,29,2022-07-01,2029-06-30,[],https://www.transfermarkt.de/joshua-bitter/profil/spieler/265159,CONFIRMED,STAGE_CURRENT_SQUAD,https://www.transfermarkt.de/msv-duisburg/kader/verein/52/saison_id/2026/plus/1,18d4d26950b4b7ad041e50ae2365995e7a92e62db4daa0e38fdb65d1224bbf52,2026-09-12
GER3,MSV Duisburg,52,Niklas Jessen,574197,2003-09-04,Rechter Verteidiger,20,2025-07-01,2027-06-30,[],https://www.transfermarkt.de/niklas-jessen/profil/spieler/574197,CONFIRMED,STAGE_CURRENT_SQUAD,https://www.transfermarkt.de/msv-duisburg/kader/verein/52/saison_id/2026/plus/1,18d4d26950b4b7ad041e50ae2365995e7a92e62db4daa0e38fdb65d1224bbf52,2026-09-12
GER3,MSV Duisburg,52,Rasim Bulic,679471,2000-12-10,Defensives Mittelfeld,6,2025-07-01,2028-06-30,[],https://www.transfermarkt.de/rasim-bulic/profil/spieler/679471,CONFIRMED,STAGE_CURRENT_SQUAD,https://www.transfermarkt.de/msv-duisburg/kader/verein/52/saison_id/2026/plus/1,18d4d26950b4b7ad041e50ae2365995e7a92e62db4daa0e38fdb65d1224bbf52,2026-09-12
GER3,MSV Duisburg,52,Aljaz Casar,682519,2000-09-17,Defensives Mittelfeld,8,2026-01-02,2027-06-30,[],https://www.transfermarkt.de/aljaz-casar/profil/spieler/682519,CONFIRMED,STAGE_CURRENT_SQUAD,https://www.transfermarkt.de/msv-duisburg/kader/verein/52/saison_id/2026/plus/1,18d4d26950b4b7ad041e50ae2365995e7a92e62db4daa0e38fdb65d1224bbf52,2026-09-12
GER3,MSV Duisburg,52,Christian Viet,486731,1999-03-27,Zentrales Mittelfeld,10,2025-07-01,2027-06-30,[],https://www.transfermarkt.de/christian-viet/profil/spieler/486731,CONFIRMED,STAGE_CURRENT_SQUAD,https://www.transfermarkt.de/msv-duisburg/kader/verein/52/saison_id/2026/plus/1,18d4d26950b4b7ad041e50ae2365995e7a92e62db4daa0e38fdb65d1224bbf52,2026-09-12
GER3,MSV Duisburg,52,Max Besuschkow,207578,1997-05-31,Zentrales Mittelfeld,17,2026-07-01,2029-06-30,"[""Neuzugang von: FC Ingolstadt 04; Datum: 01.07.2026; Ablöse: ablösefrei""]",https://www.transfermarkt.de/max-besuschkow/profil/spieler/207578,CONFIRMED,STAGE_CURRENT_SQUAD,https://www.transfermarkt.de/msv-duisburg/kader/verein/52/saison_id/2026/plus/1,18d4d26950b4b7ad041e50ae2365995e7a92e62db4daa0e38fdb65d1224bbf52,2026-09-12
GER3,MSV Duisburg,52,Conor Noß,520857,2001-01-01,Offensives Mittelfeld,14,2025-07-01,2027-06-30,[],https://www.transfermarkt.de/conor-noss/profil/spieler/520857,CONFIRMED,STAGE_CURRENT_SQUAD,https://www.transfermarkt.de/msv-duisburg/kader/verein/52/saison_id/2026/plus/1,18d4d26950b4b7ad041e50ae2365995e7a92e62db4daa0e38fdb65d1224bbf52,2026-09-12
GER3,MSV Duisburg,52,Jakob Bookjans,662220,2000-07-21,Offensives Mittelfeld,7,2024-07-01,2028-06-30,[],https://www.transfermarkt.de/jakob-bookjans/profil/spieler/662220,CONFIRMED,STAGE_CURRENT_SQUAD,https://www.transfermarkt.de/msv-duisburg/kader/verein/52/saison_id/2026/plus/1,18d4d26950b4b7ad041e50ae2365995e7a92e62db4daa0e38fdb65d1224bbf52,2026-09-12
GER3,MSV Duisburg,52,Dominik Kother,450253,2000-03-16,Linksaußen,11,2026-07-01,2028-06-30,"[""Neuzugang von: SG Dynamo Dresden; Datum: 01.07.2026; Ablöse: 100 Tsd. €""]",https://www.transfermarkt.de/dominik-kother/profil/spieler/450253,CONFIRMED,STAGE_CURRENT_SQUAD,https://www.transfermarkt.de/msv-duisburg/kader/verein/52/saison_id/2026/plus/1,18d4d26950b4b7ad041e50ae2365995e7a92e62db4daa0e38fdb65d1224bbf52,2026-09-12
GER3,MSV Duisburg,52,Patrick Sussek,427291,2000-02-08,Linksaußen,37,2024-07-01,2028-06-30,[],https://www.transfermarkt.de/patrick-sussek/profil/spieler/427291,CONFIRMED,STAGE_CURRENT_SQUAD,https://www.transfermarkt.de/msv-duisburg/kader/verein/52/saison_id/2026/plus/1,18d4d26950b4b7ad041e50ae2365995e7a92e62db4daa0e38fdb65d1224bbf52,2026-09-12
GER3,MSV Duisburg,52,Dennis Borkowski,467426,2002-01-26,Linksaußen,25,2025-07-01,2027-06-30,[],https://www.transfermarkt.de/dennis-borkowski/profil/spieler/467426,CONFIRMED,STAGE_CURRENT_SQUAD,https://www.transfermarkt.de/msv-duisburg/kader/verein/52/saison_id/2026/plus/1,18d4d26950b4b7ad041e50ae2365995e7a92e62db4daa0e38fdb65d1224bbf52,2026-09-12
GER3,MSV Duisburg,52,Florian Krüger,317740,1999-02-13,Rechtsaußen,26,2025-09-01,2027-06-30,[],https://www.transfermarkt.de/florian-kruger/profil/spieler/317740,CONFIRMED,STAGE_CURRENT_SQUAD,https://www.transfermarkt.de/msv-duisburg/kader/verein/52/saison_id/2026/plus/1,18d4d26950b4b7ad041e50ae2365995e7a92e62db4daa0e38fdb65d1224bbf52,2026-09-12
GER3,MSV Duisburg,52,Jan-Simon Symalla,934523,2005-01-23,Rechtsaußen,23,2024-07-01,2027-06-30,[],https://www.transfermarkt.de/jan-simon-symalla/profil/spieler/934523,CONFIRMED,STAGE_CURRENT_SQUAD,https://www.transfermarkt.de/msv-duisburg/kader/verein/52/saison_id/2026/plus/1,18d4d26950b4b7ad041e50ae2365995e7a92e62db4daa0e38fdb65d1224bbf52,2026-09-12
GER3,MSV Duisburg,52,Ramien Safi,600414,1999-10-17,Rechtsaußen,19,2026-07-01,2028-06-30,"[""Neuzugang von: Rot-Weiss Essen; Datum: 01.07.2026; Ablöse: ablösefrei""]",https://www.transfermarkt.de/ramien-safi/profil/spieler/600414,CONFIRMED,STAGE_CURRENT_SQUAD,https://www.transfermarkt.de/msv-duisburg/kader/verein/52/saison_id/2026/plus/1,18d4d26950b4b7ad041e50ae2365995e7a92e62db4daa0e38fdb65d1224bbf52,2026-09-12
GER3,MSV Duisburg,52,Lex Tyger Lobinger,378874,1999-02-22,Mittelstürmer,9,2026-01-03,2028-06-30,[],https://www.transfermarkt.de/lex-tyger-lobinger/profil/spieler/378874,CONFIRMED,STAGE_CURRENT_SQUAD,https://www.transfermarkt.de/msv-duisburg/kader/verein/52/saison_id/2026/plus/1,18d4d26950b4b7ad041e50ae2365995e7a92e62db4daa0e38fdb65d1224bbf52,2026-09-12
GER3,MSV Duisburg,52,Peter Remmert,987122,2005-07-09,Mittelstürmer,39,2026-07-01,2027-06-30,[],https://www.transfermarkt.de/peter-remmert/profil/spieler/987122,CONFIRMED,REVIEW_REQUIRED,https://www.transfermarkt.de/msv-duisburg/kader/verein/52/saison_id/2026/plus/1,18d4d26950b4b7ad041e50ae2365995e7a92e62db4daa0e38fdb65d1224bbf52,2026-09-12
GER3,MSV Duisburg,52,Jannik Zahmel,810355,2003-04-15,Mittelstürmer,34,2024-07-01,2027-06-30,"[""Rückkehr nach Leihe von: Blau-Weiß Lohne; Datum: 30.06.2026; Ablöse: Leih-Ende""]",https://www.transfermarkt.de/jannik-zahmel/profil/spieler/810355,CONFIRMED,REVIEW_REQUIRED,https://www.transfermarkt.de/msv-duisburg/kader/verein/52/saison_id/2026/plus/1,18d4d26950b4b7ad041e50ae2365995e7a92e62db4daa0e38fdb65d1224bbf52,2026-09-12
GER3,FC Hansa Rostock,30,Luca Unbehaun,388815,2001-02-27,Torwart,1,2026-07-01,2028-06-30,"[""Neuzugang von: FC Emmen; Datum: 01.07.2026; Ablöse: ablösefrei""]",https://www.transfermarkt.de/luca-unbehaun/profil/spieler/388815,CONFIRMED,STAGE_CURRENT_SQUAD,https://www.transfermarkt.de/fc-hansa-rostock/kader/verein/30/saison_id/2026/plus/1,6da33a7ccf32faa9ebb0b7823a0ee5537fb70bfe8ee363795199b5de4015e0f1,2026-09-12
GER3,FC Hansa Rostock,30,Jaaso Jantunen,741578,2005-01-31,Torwart,31,2026-08-27,2027-06-30,[],https://www.transfermarkt.de/jaaso-jantunen/profil/spieler/741578,CONFIRMED,REVIEW_REQUIRED,https://www.transfermarkt.de/fc-hansa-rostock/kader/verein/30/saison_id/2026/plus/1,6da33a7ccf32faa9ebb0b7823a0ee5537fb70bfe8ee363795199b5de4015e0f1,2026-09-12
GER3,FC Hansa Rostock,30,Yannic Stein,698840,2004-09-17,Torwart,30,2026-07-01,2029-06-30,"[""Neuzugang von: 1.FC Union Berlin; Datum: 01.07.2026; Ablöse: ?""]",https://www.transfermarkt.de/yannic-stein/profil/spieler/698840,CONFIRMED,REVIEW_REQUIRED,https://www.transfermarkt.de/fc-hansa-rostock/kader/verein/30/saison_id/2026/plus/1,6da33a7ccf32faa9ebb0b7823a0ee5537fb70bfe8ee363795199b5de4015e0f1,2026-09-12
GER3,FC Hansa Rostock,30,Philipp Klewin,94120,1993-09-30,Torwart,25,2024-07-13,2027-06-30,[],https://www.transfermarkt.de/philipp-klewin/profil/spieler/94120,CONFIRMED,STAGE_CURRENT_SQUAD,https://www.transfermarkt.de/fc-hansa-rostock/kader/verein/30/saison_id/2026/plus/1,6da33a7ccf32faa9ebb0b7823a0ee5537fb70bfe8ee363795199b5de4015e0f1,2026-09-12
GER3,FC Hansa Rostock,30,Erik Maurer,913514,2006-07-19,Torwart,40,,2027-06-30,[],https://www.transfermarkt.de/erik-maurer/profil/spieler/913514,CONFIRMED,REVIEW_REQUIRED,https://www.transfermarkt.de/fc-hansa-rostock/kader/verein/30/saison_id/2026/plus/1,6da33a7ccf32faa9ebb0b7823a0ee5537fb70bfe8ee363795199b5de4015e0f1,2026-09-12
GER3,FC Hansa Rostock,30,Ahmet Gürleyen,397696,1999-04-26,Innenverteidiger,15,2024-07-18,2027-06-30,[],https://www.transfermarkt.de/ahmet-gurleyen/profil/spieler/397696,CONFIRMED,STAGE_CURRENT_SQUAD,https://www.transfermarkt.de/fc-hansa-rostock/kader/verein/30/saison_id/2026/plus/1,6da33a7ccf32faa9ebb0b7823a0ee5537fb70bfe8ee363795199b5de4015e0f1,2026-09-12
GER3,FC Hansa Rostock,30,Florian Carstens,334543,1998-11-08,Innenverteidiger,17,2025-07-01,2027-06-30,[],https://www.transfermarkt.de/florian-carstens/profil/spieler/334543,CONFIRMED,STAGE_CURRENT_SQUAD,https://www.transfermarkt.de/fc-hansa-rostock/kader/verein/30/saison_id/2026/plus/1,6da33a7ccf32faa9ebb0b7823a0ee5537fb70bfe8ee363795199b5de4015e0f1,2026-09-12
GER3,FC Hansa Rostock,30,Lukas Wallner,548026,2003-04-26,Innenverteidiger,16,2025-07-01,2029-06-30,[],https://www.transfermarkt.de/lukas-wallner/profil/spieler/548026,CONFIRMED,STAGE_CURRENT_SQUAD,https://www.transfermarkt.de/fc-hansa-rostock/kader/verein/30/saison_id/2026/plus/1,6da33a7ccf32faa9ebb0b7823a0ee5537fb70bfe8ee363795199b5de4015e0f1,2026-09-12
GER3,FC Hansa Rostock,30,Franz Pfanne,159258,1994-12-10,Innenverteidiger,23,2024-07-01,2027-06-30,[],https://www.transfermarkt.de/franz-pfanne/profil/spieler/159258,CONFIRMED,STAGE_CURRENT_SQUAD,https://www.transfermarkt.de/fc-hansa-rostock/kader/verein/30/saison_id/2026/plus/1,6da33a7ccf32faa9ebb0b7823a0ee5537fb70bfe8ee363795199b5de4015e0f1,2026-09-12
GER3,FC Hansa Rostock,30,Leon Reichardt,730408,2004-06-28,Innenverteidiger,22,2025-07-01,2028-06-30,[],https://www.transfermarkt.de/leon-reichardt/profil/spieler/730408,CONFIRMED,STAGE_CURRENT_SQUAD,https://www.transfermarkt.de/fc-hansa-rostock/kader/verein/30/saison_id/2026/plus/1,6da33a7ccf32faa9ebb0b7823a0ee5537fb70bfe8ee363795199b5de4015e0f1,2026-09-12
GER3,FC Hansa Rostock,30,Niklas Kölle,369881,1999-11-17,Linker Verteidiger,32,2026-07-06,2028-06-30,"[""Neuzugang von: SSV Ulm 1846; Datum: 06.07.2026; Ablöse: ablösefrei""]",https://www.transfermarkt.de/niklas-kolle/profil/spieler/369881,CONFIRMED,STAGE_CURRENT_SQUAD,https://www.transfermarkt.de/fc-hansa-rostock/kader/verein/30/saison_id/2026/plus/1,6da33a7ccf32faa9ebb0b7823a0ee5537fb70bfe8ee363795199b5de4015e0f1,2026-09-12
GER3,FC Hansa Rostock,30,Milosz Brzozowski,661158,2004-09-17,Linker Verteidiger,37,2023-07-01,2028-06-30,[],https://www.transfermarkt.de/milosz-brzozowski/profil/spieler/661158,CONFIRMED,STAGE_CURRENT_SQUAD,https://www.transfermarkt.de/fc-hansa-rostock/kader/verein/30/saison_id/2026/plus/1,6da33a7ccf32faa9ebb0b7823a0ee5537fb70bfe8ee363795199b5de4015e0f1,2026-09-12
GER3,FC Hansa Rostock,30,Florian Bohnert,251448,1997-11-09,Rechter Verteidiger,3,2026-07-01,2028-06-30,"[""Neuzugang von: SC Bastia; Datum: 01.07.2026; Ablöse: ablösefrei""]",https://www.transfermarkt.de/florian-bohnert/profil/spieler/251448,CONFIRMED,STAGE_CURRENT_SQUAD,https://www.transfermarkt.de/fc-hansa-rostock/kader/verein/30/saison_id/2026/plus/1,6da33a7ccf32faa9ebb0b7823a0ee5537fb70bfe8ee363795199b5de4015e0f1,2026-09-12
GER3,FC Hansa Rostock,30,Ouassim Karada,906968,2005-10-21,Rechter Verteidiger,8,2026-07-09,2027-06-30,[],https://www.transfermarkt.de/ouassim-karada/profil/spieler/906968,CONFIRMED,REVIEW_REQUIRED,https://www.transfermarkt.de/fc-hansa-rostock/kader/verein/30/saison_id/2026/plus/1,6da33a7ccf32faa9ebb0b7823a0ee5537fb70bfe8ee363795199b5de4015e0f1,2026-09-12
GER3,FC Hansa Rostock,30,Kenan Fatkic,491963,1997-08-20,Defensives Mittelfeld,4,2025-07-01,2027-06-30,[],https://www.transfermarkt.de/kenan-fatkic/profil/spieler/491963,CONFIRMED,STAGE_CURRENT_SQUAD,https://www.transfermarkt.de/fc-hansa-rostock/kader/verein/30/saison_id/2026/plus/1,6da33a7ccf32faa9ebb0b7823a0ee5537fb70bfe8ee363795199b5de4015e0f1,2026-09-12
GER3,FC Hansa Rostock,30,Marco Schuster,168186,1995-10-10,Defensives Mittelfeld,5,2024-07-08,2027-06-30,[],https://www.transfermarkt.de/marco-schuster/profil/spieler/168186,CONFIRMED,STAGE_CURRENT_SQUAD,https://www.transfermarkt.de/fc-hansa-rostock/kader/verein/30/saison_id/2026/plus/1,6da33a7ccf32faa9ebb0b7823a0ee5537fb70bfe8ee363795199b5de4015e0f1,2026-09-12
GER3,FC Hansa Rostock,30,Robin Falk,1069971,2007-02-06,Defensives Mittelfeld,46,2026-07-01,2027-06-30,"[""Interner Wechsel: FC Hansa Rostock U19; Datum: 01.07.2026""]",https://www.transfermarkt.de/robin-falk/profil/spieler/1069971,CONFIRMED,STAGE_CURRENT_SQUAD,https://www.transfermarkt.de/fc-hansa-rostock/kader/verein/30/saison_id/2026/plus/1,6da33a7ccf32faa9ebb0b7823a0ee5537fb70bfe8ee363795199b5de4015e0f1,2026-09-12
GER3,FC Hansa Rostock,30,Benno Dietze,820973,2003-07-15,Zentrales Mittelfeld,42,2024-07-01,2028-06-30,[],https://www.transfermarkt.de/benno-dietze/profil/spieler/820973,CONFIRMED,STAGE_CURRENT_SQUAD,https://www.transfermarkt.de/fc-hansa-rostock/kader/verein/30/saison_id/2026/plus/1,6da33a7ccf32faa9ebb0b7823a0ee5537fb70bfe8ee363795199b5de4015e0f1,2026-09-12
GER3,FC Hansa Rostock,30,Jonas Dirkner,605222,2002-07-15,Zentrales Mittelfeld,6,2024-07-01,2029-06-30,[],https://www.transfermarkt.de/jonas-dirkner/profil/spieler/605222,CONFIRMED,STAGE_CURRENT_SQUAD,https://www.transfermarkt.de/fc-hansa-rostock/kader/verein/30/saison_id/2026/plus/1,6da33a7ccf32faa9ebb0b7823a0ee5537fb70bfe8ee363795199b5de4015e0f1,2026-09-12
GER3,FC Hansa Rostock,30,David Kopacz,317739,1999-05-29,Offensives Mittelfeld,27,2026-08-28,2028-06-30,"[""Neuzugang von: VfL Osnabrück; Datum: 28.08.2026; Ablöse: ?""]",https://www.transfermarkt.de/david-kopacz/profil/spieler/317739,CONFIRMED,STAGE_CURRENT_SQUAD,https://www.transfermarkt.de/fc-hansa-rostock/kader/verein/30/saison_id/2026/plus/1,6da33a7ccf32faa9ebb0b7823a0ee5537fb70bfe8ee363795199b5de4015e0f1,2026-09-12
GER3,FC Hansa Rostock,30,Paul Stock,425834,1997-01-08,Offensives Mittelfeld,10,2025-07-01,2027-06-30,[],https://www.transfermarkt.de/paul-stock/profil/spieler/425834,CONFIRMED,STAGE_CURRENT_SQUAD,https://www.transfermarkt.de/fc-hansa-rostock/kader/verein/30/saison_id/2026/plus/1,6da33a7ccf32faa9ebb0b7823a0ee5537fb70bfe8ee363795199b5de4015e0f1,2026-09-12
GER3,FC Hansa Rostock,30,Felikss Sprogis,1280672,2008-05-17,Offensives Mittelfeld,45,2026-07-01,2027-06-30,"[""Interner Wechsel: FC Hansa Rostock U19; Datum: 01.07.2026""]",https://www.transfermarkt.de/felikss-sprogis/profil/spieler/1280672,CONFIRMED,STAGE_CURRENT_SQUAD,https://www.transfermarkt.de/fc-hansa-rostock/kader/verein/30/saison_id/2026/plus/1,6da33a7ccf32faa9ebb0b7823a0ee5537fb70bfe8ee363795199b5de4015e0f1,2026-09-12
GER3,FC Hansa Rostock,30,Leon Dajaku,483974,2001-04-12,Linksaußen,43,2026-07-01,2028-06-30,"[""Neuzugang von: SSV Ulm 1846; Datum: 01.07.2026; Ablöse: ablösefrei""]",https://www.transfermarkt.de/leon-dajaku/profil/spieler/483974,CONFIRMED,STAGE_CURRENT_SQUAD,https://www.transfermarkt.de/fc-hansa-rostock/kader/verein/30/saison_id/2026/plus/1,6da33a7ccf32faa9ebb0b7823a0ee5537fb70bfe8ee363795199b5de4015e0f1,2026-09-12
GER3,FC Hansa Rostock,30,Maximilian Krauß,334554,1996-11-24,Linksaußen,35,2025-07-01,2027-06-30,[],https://www.transfermarkt.de/maximilian-krauss/profil/spieler/334554,CONFIRMED,STAGE_CURRENT_SQUAD,https://www.transfermarkt.de/fc-hansa-rostock/kader/verein/30/saison_id/2026/plus/1,6da33a7ccf32faa9ebb0b7823a0ee5537fb70bfe8ee363795199b5de4015e0f1,2026-09-12
GER3,FC Hansa Rostock,30,Fiete Bock,1140611,2007-09-23,Rechtsaußen,36,2025-01-01,2027-06-30,[],https://www.transfermarkt.de/fiete-bock/profil/spieler/1140611,CONFIRMED,STAGE_CURRENT_SQUAD,https://www.transfermarkt.de/fc-hansa-rostock/kader/verein/30/saison_id/2026/plus/1,6da33a7ccf32faa9ebb0b7823a0ee5537fb70bfe8ee363795199b5de4015e0f1,2026-09-12
GER3,FC Hansa Rostock,30,Bernie Lennemann,933253,2003-04-25,Rechtsaußen,7,2026-07-01,2029-06-30,"[""Neuzugang von: 1.FC Köln II; Datum: 01.07.2026; Ablöse: ablösefrei""]",https://www.transfermarkt.de/bernie-lennemann/profil/spieler/933253,CONFIRMED,STAGE_CURRENT_SQUAD,https://www.transfermarkt.de/fc-hansa-rostock/kader/verein/30/saison_id/2026/plus/1,6da33a7ccf32faa9ebb0b7823a0ee5537fb70bfe8ee363795199b5de4015e0f1,2026-09-12
GER3,FC Hansa Rostock,30,Yannick Michaelis,789738,2006-08-01,Rechtsaußen,41,2026-07-01,2030-06-30,"[""Neuzugang von: Borussia Mönchengladbach II; Datum: 01.07.2026; Ablöse: ?""]",https://www.transfermarkt.de/yannick-michaelis/profil/spieler/789738,CONFIRMED,STAGE_CURRENT_SQUAD,https://www.transfermarkt.de/fc-hansa-rostock/kader/verein/30/saison_id/2026/plus/1,6da33a7ccf32faa9ebb0b7823a0ee5537fb70bfe8ee363795199b5de4015e0f1,2026-09-12
GER3,FC Hansa Rostock,30,Emil Holten,332071,1996-08-08,Mittelstürmer,11,2026-07-01,2028-06-30,"[""Neuzugang von: IF Elfsborg; Datum: 01.07.2026; Ablöse: ?""]",https://www.transfermarkt.de/emil-holten/profil/spieler/332071,CONFIRMED,REVIEW_REQUIRED,https://www.transfermarkt.de/fc-hansa-rostock/kader/verein/30/saison_id/2026/plus/1,6da33a7ccf32faa9ebb0b7823a0ee5537fb70bfe8ee363795199b5de4015e0f1,2026-09-12
GER3,FC Hansa Rostock,30,Andreas Voglsammer,94771,1992-01-09,Mittelstürmer,9,2025-07-01,2027-06-30,[],https://www.transfermarkt.de/andreas-voglsammer/profil/spieler/94771,CONFIRMED,STAGE_CURRENT_SQUAD,https://www.transfermarkt.de/fc-hansa-rostock/kader/verein/30/saison_id/2026/plus/1,6da33a7ccf32faa9ebb0b7823a0ee5537fb70bfe8ee363795199b5de4015e0f1,2026-09-12
GER3,FC Hansa Rostock,30,Peter Kiedl,692756,2004-01-13,Mittelstürmer,29,2026-07-30,2029-06-30,"[""Neuzugang von: SK Sturm Graz; Datum: 30.07.2026; Ablöse: ?""]",https://www.transfermarkt.de/peter-kiedl/profil/spieler/692756,CONFIRMED,REVIEW_REQUIRED,https://www.transfermarkt.de/fc-hansa-rostock/kader/verein/30/saison_id/2026/plus/1,6da33a7ccf32faa9ebb0b7823a0ee5537fb70bfe8ee363795199b5de4015e0f1,2026-09-12
GER3,FC Hansa Rostock,30,David Hummel,472248,2002-01-01,Mittelstürmer,21,2025-07-01,2028-06-30,[],https://www.transfermarkt.de/david-hummel/profil/spieler/472248,CONFIRMED,STAGE_CURRENT_SQUAD,https://www.transfermarkt.de/fc-hansa-rostock/kader/verein/30/saison_id/2026/plus/1,6da33a7ccf32faa9ebb0b7823a0ee5537fb70bfe8ee363795199b5de4015e0f1,2026-09-12
GER3,SC Verl,93,Timo Schlieck,897425,2006-03-02,Torwart,1,2026-07-03,2027-06-30,[],https://www.transfermarkt.de/timo-schlieck/profil/spieler/897425,CONFIRMED,REVIEW_REQUIRED,https://www.transfermarkt.de/sc-verl/kader/verein/93/saison_id/2026/plus/1,bd69b9b6c3fd17e062c0bf50a17563b42a98d2c42534eeab1330ee7efa38071a,2026-09-12
GER3,SC Verl,93,Fabian Pekruhl,567764,1999-02-14,Torwart,32,2023-07-01,2028-06-30,[],https://www.transfermarkt.de/fabian-pekruhl/profil/spieler/567764,CONFIRMED,STAGE_CURRENT_SQUAD,https://www.transfermarkt.de/sc-verl/kader/verein/93/saison_id/2026/plus/1,bd69b9b6c3fd17e062c0bf50a17563b42a98d2c42534eeab1330ee7efa38071a,2026-09-12
GER3,SC Verl,93,Julian Fuest,934668,2005-02-22,Torwart,12,2026-07-01,2027-06-30,"[""Interner Wechsel: SC Verl II; Datum: 01.07.2026""]",https://www.transfermarkt.de/julian-fuest/profil/spieler/934668,CONFIRMED,STAGE_CURRENT_SQUAD,https://www.transfermarkt.de/sc-verl/kader/verein/93/saison_id/2026/plus/1,bd69b9b6c3fd17e062c0bf50a17563b42a98d2c42534eeab1330ee7efa38071a,2026-09-12
GER3,SC Verl,93,Noah König,685487,2003-05-17,Innenverteidiger,22,2026-09-01,2027-06-30,[],https://www.transfermarkt.de/noah-konig/profil/spieler/685487,CONFIRMED,REVIEW_REQUIRED,https://www.transfermarkt.de/sc-verl/kader/verein/93/saison_id/2026/plus/1,bd69b9b6c3fd17e062c0bf50a17563b42a98d2c42534eeab1330ee7efa38071a,2026-09-12
GER3,SC Verl,93,Nick Seidel,927005,2005-01-11,Innenverteidiger,5,2026-07-01,2029-06-30,"[""Neuzugang von: 1.FC Nürnberg; Datum: 01.07.2026; Ablöse: 100 Tsd. €""]",https://www.transfermarkt.de/nick-seidel/profil/spieler/927005,CONFIRMED,REVIEW_REQUIRED,https://www.transfermarkt.de/sc-verl/kader/verein/93/saison_id/2026/plus/1,bd69b9b6c3fd17e062c0bf50a17563b42a98d2c42534eeab1330ee7efa38071a,2026-09-12
GER3,SC Verl,93,Tim Hoffmann,914720,2005-02-26,Innenverteidiger,46,2026-07-01,2028-06-30,"[""Neuzugang von: Hertha BSC; Datum: 01.07.2026; Ablöse: ablösefrei""]",https://www.transfermarkt.de/tim-hoffmann/profil/spieler/914720,CONFIRMED,STAGE_CURRENT_SQUAD,https://www.transfermarkt.de/sc-verl/kader/verein/93/saison_id/2026/plus/1,bd69b9b6c3fd17e062c0bf50a17563b42a98d2c42534eeab1330ee7efa38071a,2026-09-12
GER3,SC Verl,93,Paul Lehmann,799547,2004-07-22,Innenverteidiger,14,2026-07-01,2028-06-30,"[""Neuzugang von: SG Dynamo Dresden; Datum: 01.07.2026; Ablöse: ablösefrei""]",https://www.transfermarkt.de/paul-lehmann/profil/spieler/799547,CONFIRMED,REVIEW_REQUIRED,https://www.transfermarkt.de/sc-verl/kader/verein/93/saison_id/2026/plus/1,bd69b9b6c3fd17e062c0bf50a17563b42a98d2c42534eeab1330ee7efa38071a,2026-09-12
GER3,SC Verl,93,Raphael Araoye,1025912,2004-11-21,Innenverteidiger,2,2026-01-06,2028-06-30,[],https://www.transfermarkt.de/raphael-araoye/profil/spieler/1025912,CONFIRMED,REVIEW_REQUIRED,https://www.transfermarkt.de/sc-verl/kader/verein/93/saison_id/2026/plus/1,bd69b9b6c3fd17e062c0bf50a17563b42a98d2c42534eeab1330ee7efa38071a,2026-09-12
GER3,SC Verl,93,Felix Vogler,601502,2003-04-12,Innenverteidiger,27,2026-07-01,2028-06-30,"[""Neuzugang von: 1.FC Magdeburg II; Datum: 01.07.2026; Ablöse: ablösefrei""]",https://www.transfermarkt.de/felix-vogler/profil/spieler/601502,CONFIRMED,STAGE_CURRENT_SQUAD,https://www.transfermarkt.de/sc-verl/kader/verein/93/saison_id/2026/plus/1,bd69b9b6c3fd17e062c0bf50a17563b42a98d2c42534eeab1330ee7efa38071a,2026-09-12
GER3,SC Verl,93,Niko Kijewski,193032,1996-03-28,Linker Verteidiger,19,2024-07-29,2027-06-30,[],https://www.transfermarkt.de/niko-kijewski/profil/spieler/193032,CONFIRMED,STAGE_CURRENT_SQUAD,https://www.transfermarkt.de/sc-verl/kader/verein/93/saison_id/2026/plus/1,bd69b9b6c3fd17e062c0bf50a17563b42a98d2c42534eeab1330ee7efa38071a,2026-09-12
GER3,SC Verl,93,Emmanuel Bamba,1412872,2007-10-29,Linker Verteidiger,29,2026-07-01,2028-06-30,"[""Interner Wechsel: SC Verl II; Datum: 01.07.2026""]",https://www.transfermarkt.de/emmanuel-bamba/profil/spieler/1412872,CONFIRMED,REVIEW_REQUIRED,https://www.transfermarkt.de/sc-verl/kader/verein/93/saison_id/2026/plus/1,bd69b9b6c3fd17e062c0bf50a17563b42a98d2c42534eeab1330ee7efa38071a,2026-09-12
GER3,SC Verl,93,Janne Berner,907468,2005-04-06,Rechter Verteidiger,34,2026-07-29,2027-06-30,[],https://www.transfermarkt.de/janne-berner/profil/spieler/907468,CONFIRMED,REVIEW_REQUIRED,https://www.transfermarkt.de/sc-verl/kader/verein/93/saison_id/2026/plus/1,bd69b9b6c3fd17e062c0bf50a17563b42a98d2c42534eeab1330ee7efa38071a,2026-09-12
GER3,SC Verl,93,Moritz Kaube,818807,2001-01-22,Rechter Verteidiger,11,2026-07-01,2028-06-30,"[""Neuzugang von: FC Augsburg II; Datum: 01.07.2026; Ablöse: ablösefrei""]",https://www.transfermarkt.de/moritz-kaube/profil/spieler/818807,CONFIRMED,STAGE_CURRENT_SQUAD,https://www.transfermarkt.de/sc-verl/kader/verein/93/saison_id/2026/plus/1,bd69b9b6c3fd17e062c0bf50a17563b42a98d2c42534eeab1330ee7efa38071a,2026-09-12
GER3,SC Verl,93,Joshua Eze,606079,2003-03-20,Defensives Mittelfeld,6,2025-07-01,2027-06-30,[],https://www.transfermarkt.de/joshua-eze/profil/spieler/606079,CONFIRMED,STAGE_CURRENT_SQUAD,https://www.transfermarkt.de/sc-verl/kader/verein/93/saison_id/2026/plus/1,bd69b9b6c3fd17e062c0bf50a17563b42a98d2c42534eeab1330ee7efa38071a,2026-09-12
GER3,SC Verl,93,Dennis Waidner,453877,2001-02-08,Defensives Mittelfeld,8,2025-07-01,2027-06-30,[],https://www.transfermarkt.de/dennis-waidner/profil/spieler/453877,CONFIRMED,STAGE_CURRENT_SQUAD,https://www.transfermarkt.de/sc-verl/kader/verein/93/saison_id/2026/plus/1,bd69b9b6c3fd17e062c0bf50a17563b42a98d2c42534eeab1330ee7efa38071a,2026-09-12
GER3,SC Verl,93,Antonio Foti,615036,2003-11-03,Zentrales Mittelfeld,26,2026-01-03,2028-06-30,[],https://www.transfermarkt.de/antonio-foti/profil/spieler/615036,CONFIRMED,STAGE_CURRENT_SQUAD,https://www.transfermarkt.de/sc-verl/kader/verein/93/saison_id/2026/plus/1,bd69b9b6c3fd17e062c0bf50a17563b42a98d2c42534eeab1330ee7efa38071a,2026-09-12
GER3,SC Verl,93,Yari Otto,316590,1999-05-27,Zentrales Mittelfeld,17,2022-09-01,2027-06-30,[],https://www.transfermarkt.de/yari-otto/profil/spieler/316590,CONFIRMED,STAGE_CURRENT_SQUAD,https://www.transfermarkt.de/sc-verl/kader/verein/93/saison_id/2026/plus/1,bd69b9b6c3fd17e062c0bf50a17563b42a98d2c42534eeab1330ee7efa38071a,2026-09-12
GER3,SC Verl,93,Fabian Wessig,670140,2003-04-27,Zentrales Mittelfeld,18,2025-07-01,2027-06-30,[],https://www.transfermarkt.de/fabian-wessig/profil/spieler/670140,CONFIRMED,STAGE_CURRENT_SQUAD,https://www.transfermarkt.de/sc-verl/kader/verein/93/saison_id/2026/plus/1,bd69b9b6c3fd17e062c0bf50a17563b42a98d2c42534eeab1330ee7efa38071a,2026-09-12
GER3,SC Verl,93,Amin Farouk,692397,2003-07-22,Zentrales Mittelfeld,7,2026-07-01,2028-06-30,"[""Neuzugang von: FSV Frankfurt; Datum: 01.07.2026; Ablöse: ablösefrei""]",https://www.transfermarkt.de/amin-farouk/profil/spieler/692397,CONFIRMED,STAGE_CURRENT_SQUAD,https://www.transfermarkt.de/sc-verl/kader/verein/93/saison_id/2026/plus/1,bd69b9b6c3fd17e062c0bf50a17563b42a98d2c42534eeab1330ee7efa38071a,2026-09-12
GER3,SC Verl,93,Mika Clausen,906540,2002-06-10,Offensives Mittelfeld,21,2026-07-01,2028-06-30,"[""Neuzugang von: FC Erzgebirge Aue; Datum: 01.07.2026; Ablöse: ablösefrei""]",https://www.transfermarkt.de/mika-clausen/profil/spieler/906540,CONFIRMED,STAGE_CURRENT_SQUAD,https://www.transfermarkt.de/sc-verl/kader/verein/93/saison_id/2026/plus/1,bd69b9b6c3fd17e062c0bf50a17563b42a98d2c42534eeab1330ee7efa38071a,2026-09-12
GER3,SC Verl,93,Bilal Yalcinkaya,897491,2006-03-30,Offensives Mittelfeld,10,2026-07-01,2028-06-30,"[""Neuzugang von: Hamburger SV II; Datum: 01.07.2026; Ablöse: ablösefrei""]",https://www.transfermarkt.de/bilal-yalcinkaya/profil/spieler/897491,CONFIRMED,STAGE_CURRENT_SQUAD,https://www.transfermarkt.de/sc-verl/kader/verein/93/saison_id/2026/plus/1,bd69b9b6c3fd17e062c0bf50a17563b42a98d2c42534eeab1330ee7efa38071a,2026-09-12
GER3,SC Verl,93,Almin Mesanovic,829253,2004-01-17,Offensives Mittelfeld,30,2025-07-01,2027-06-30,[],https://www.transfermarkt.de/almin-mesanovic/profil/spieler/829253,CONFIRMED,STAGE_CURRENT_SQUAD,https://www.transfermarkt.de/sc-verl/kader/verein/93/saison_id/2026/plus/1,bd69b9b6c3fd17e062c0bf50a17563b42a98d2c42534eeab1330ee7efa38071a,2026-09-12
GER3,SC Verl,93,Kasim Rabihic,196146,1993-02-24,Linksaußen,23,2026-09-07,2027-06-30,"[""Neuzugang von: Vereinslos; Datum: 07.09.2026; Ablöse: -""]",https://www.transfermarkt.de/kasim-rabihic/profil/spieler/196146,CONFIRMED,STAGE_CURRENT_SQUAD,https://www.transfermarkt.de/sc-verl/kader/verein/93/saison_id/2026/plus/1,bd69b9b6c3fd17e062c0bf50a17563b42a98d2c42534eeab1330ee7efa38071a,2026-09-12
GER3,SC Verl,93,André Leipold,828356,2001-11-12,Rechtsaußen,20,2026-07-23,2027-06-30,[],https://www.transfermarkt.de/andre-leipold/profil/spieler/828356,CONFIRMED,REVIEW_REQUIRED,https://www.transfermarkt.de/sc-verl/kader/verein/93/saison_id/2026/plus/1,bd69b9b6c3fd17e062c0bf50a17563b42a98d2c42534eeab1330ee7efa38071a,2026-09-12
GER3,SC Verl,93,Tim Heike,445448,2000-02-25,Mittelstürmer,25,2026-07-01,2028-06-30,"[""Neuzugang von: MSV Duisburg; Datum: 01.07.2026; Ablöse: ?""]",https://www.transfermarkt.de/tim-heike/profil/spieler/445448,CONFIRMED,STAGE_CURRENT_SQUAD,https://www.transfermarkt.de/sc-verl/kader/verein/93/saison_id/2026/plus/1,bd69b9b6c3fd17e062c0bf50a17563b42a98d2c42534eeab1330ee7efa38071a,2026-09-12
GER3,SC Verl,93,Alem Japaur,665535,2004-04-23,Mittelstürmer,9,2025-07-01,2027-06-30,[],https://www.transfermarkt.de/alem-japaur/profil/spieler/665535,CONFIRMED,STAGE_CURRENT_SQUAD,https://www.transfermarkt.de/sc-verl/kader/verein/93/saison_id/2026/plus/1,bd69b9b6c3fd17e062c0bf50a17563b42a98d2c42534eeab1330ee7efa38071a,2026-09-12
GER3,TSV Alemannia Aachen,8,Stefan Bajic,465836,2001-12-23,Torwart,23,2026-07-01,2028-06-30,"[""Neuzugang von: Racing Straßburg; Datum: 01.07.2026; Ablöse: ablösefrei""]",https://www.transfermarkt.de/stefan-bajic/profil/spieler/465836,CONFIRMED,STAGE_CURRENT_SQUAD,https://www.transfermarkt.de/alemannia-aachen/kader/verein/8/saison_id/2026/plus/1,d50319c6c39283dd66c83e32c0e53c0fbab8eb26ba138f0fe6e86b3dfc2b9c0b,2026-09-12
GER3,TSV Alemannia Aachen,8,Manuel Riemann,40792,1988-09-09,Torwart,1,2026-01-27,2027-06-30,[],https://www.transfermarkt.de/manuel-riemann/profil/spieler/40792,CONFIRMED,REVIEW_REQUIRED,https://www.transfermarkt.de/alemannia-aachen/kader/verein/8/saison_id/2026/plus/1,d50319c6c39283dd66c83e32c0e53c0fbab8eb26ba138f0fe6e86b3dfc2b9c0b,2026-09-12
GER3,TSV Alemannia Aachen,8,Tom Hendriks,687560,2002-05-14,Torwart,22,2025-07-01,2027-06-30,[],https://www.transfermarkt.de/tom-hendriks/profil/spieler/687560,CONFIRMED,STAGE_CURRENT_SQUAD,https://www.transfermarkt.de/alemannia-aachen/kader/verein/8/saison_id/2026/plus/1,d50319c6c39283dd66c83e32c0e53c0fbab8eb26ba138f0fe6e86b3dfc2b9c0b,2026-09-12
GER3,TSV Alemannia Aachen,8,Petros Bagkalianis,609648,2001-02-06,Innenverteidiger,2,2026-01-08,2028-06-30,[],https://www.transfermarkt.de/petros-bagkalianis/profil/spieler/609648,CONFIRMED,REVIEW_REQUIRED,https://www.transfermarkt.de/alemannia-aachen/kader/verein/8/saison_id/2026/plus/1,d50319c6c39283dd66c83e32c0e53c0fbab8eb26ba138f0fe6e86b3dfc2b9c0b,2026-09-12
GER3,TSV Alemannia Aachen,8,Dylan Leonard,1188989,2007-08-30,Innenverteidiger,4,2026-09-01,2027-06-30,[],https://www.transfermarkt.de/dylan-leonard/profil/spieler/1188989,CONFIRMED,REVIEW_REQUIRED,https://www.transfermarkt.de/alemannia-aachen/kader/verein/8/saison_id/2026/plus/1,d50319c6c39283dd66c83e32c0e53c0fbab8eb26ba138f0fe6e86b3dfc2b9c0b,2026-09-12
GER3,TSV Alemannia Aachen,8,Joel da Silva Kiala,797560,2004-01-21,Innenverteidiger,37,2025-07-01,2029-06-30,[],https://www.transfermarkt.de/joel-da-silva-kiala/profil/spieler/797560,CONFIRMED,STAGE_CURRENT_SQUAD,https://www.transfermarkt.de/alemannia-aachen/kader/verein/8/saison_id/2026/plus/1,d50319c6c39283dd66c83e32c0e53c0fbab8eb26ba138f0fe6e86b3dfc2b9c0b,2026-09-12
GER3,TSV Alemannia Aachen,8,Gideon Jung,247661,1994-09-12,Innenverteidiger,21,2026-02-02,2027-06-30,[],https://www.transfermarkt.de/gideon-jung/profil/spieler/247661,CONFIRMED,STAGE_CURRENT_SQUAD,https://www.transfermarkt.de/alemannia-aachen/kader/verein/8/saison_id/2026/plus/1,d50319c6c39283dd66c83e32c0e53c0fbab8eb26ba138f0fe6e86b3dfc2b9c0b,2026-09-12
GER3,TSV Alemannia Aachen,8,Marius Wegmann,416032,1998-09-03,Innenverteidiger,33,2025-09-01,2027-06-30,[],https://www.transfermarkt.de/marius-wegmann/profil/spieler/416032,CONFIRMED,STAGE_CURRENT_SQUAD,https://www.transfermarkt.de/alemannia-aachen/kader/verein/8/saison_id/2026/plus/1,d50319c6c39283dd66c83e32c0e53c0fbab8eb26ba138f0fe6e86b3dfc2b9c0b,2026-09-12
GER3,TSV Alemannia Aachen,8,Mika Hanraths,334225,1999-06-04,Innenverteidiger,15,2023-07-01,2027-06-30,[],https://www.transfermarkt.de/mika-hanraths/profil/spieler/334225,CONFIRMED,STAGE_CURRENT_SQUAD,https://www.transfermarkt.de/alemannia-aachen/kader/verein/8/saison_id/2026/plus/1,d50319c6c39283dd66c83e32c0e53c0fbab8eb26ba138f0fe6e86b3dfc2b9c0b,2026-09-12
GER3,TSV Alemannia Aachen,8,Danilo Wiebe,119292,1994-03-22,Defensives Mittelfeld,28,2025-01-06,2027-06-30,[],https://www.transfermarkt.de/danilo-wiebe/profil/spieler/119292,CONFIRMED,STAGE_CURRENT_SQUAD,https://www.transfermarkt.de/alemannia-aachen/kader/verein/8/saison_id/2026/plus/1,d50319c6c39283dd66c83e32c0e53c0fbab8eb26ba138f0fe6e86b3dfc2b9c0b,2026-09-12
GER3,TSV Alemannia Aachen,8,Mehdi Loune,519869,2004-05-14,Zentrales Mittelfeld,10,2025-10-13,2027-06-30,[],https://www.transfermarkt.de/mehdi-loune/profil/spieler/519869,CONFIRMED,STAGE_CURRENT_SQUAD,https://www.transfermarkt.de/alemannia-aachen/kader/verein/8/saison_id/2026/plus/1,d50319c6c39283dd66c83e32c0e53c0fbab8eb26ba138f0fe6e86b3dfc2b9c0b,2026-09-12
GER3,TSV Alemannia Aachen,8,Meiko Wäschenbach,696019,2004-01-13,Zentrales Mittelfeld,11,2026-07-30,2028-06-30,"[""Neuzugang von: Karlsruher SC; Datum: 30.07.2026; Ablöse: ablösefrei""]",https://www.transfermarkt.de/meiko-waschenbach/profil/spieler/696019,CONFIRMED,STAGE_CURRENT_SQUAD,https://www.transfermarkt.de/alemannia-aachen/kader/verein/8/saison_id/2026/plus/1,d50319c6c39283dd66c83e32c0e53c0fbab8eb26ba138f0fe6e86b3dfc2b9c0b,2026-09-12
GER3,TSV Alemannia Aachen,8,Mika Pobric,1281526,2007-06-10,Zentrales Mittelfeld,49,2025-01-16,2027-06-30,[],https://www.transfermarkt.de/mika-pobric/profil/spieler/1281526,CONFIRMED,STAGE_CURRENT_SQUAD,https://www.transfermarkt.de/alemannia-aachen/kader/verein/8/saison_id/2026/plus/1,d50319c6c39283dd66c83e32c0e53c0fbab8eb26ba138f0fe6e86b3dfc2b9c0b,2026-09-12
GER3,TSV Alemannia Aachen,8,Kacper Koscierski,1058515,2007-06-23,Rechtes Mittelfeld,29,2026-08-12,2027-06-30,[],https://www.transfermarkt.de/kacper-koscierski/profil/spieler/1058515,CONFIRMED,REVIEW_REQUIRED,https://www.transfermarkt.de/alemannia-aachen/kader/verein/8/saison_id/2026/plus/1,d50319c6c39283dd66c83e32c0e53c0fbab8eb26ba138f0fe6e86b3dfc2b9c0b,2026-09-12
GER3,TSV Alemannia Aachen,8,Justin von der Hitz,944335,2006-10-22,Rechtes Mittelfeld,30,2026-08-29,2027-06-30,[],https://www.transfermarkt.de/justin-von-der-hitz/profil/spieler/944335,CONFIRMED,REVIEW_REQUIRED,https://www.transfermarkt.de/alemannia-aachen/kader/verein/8/saison_id/2026/plus/1,d50319c6c39283dd66c83e32c0e53c0fbab8eb26ba138f0fe6e86b3dfc2b9c0b,2026-09-12
GER3,TSV Alemannia Aachen,8,Matti Wagner,917781,2005-06-07,Linkes Mittelfeld,3,2026-07-01,2028-06-30,"[""Neuzugang von: SpVgg Greuther Fürth; Datum: 01.07.2026; Ablöse: ablösefrei""]",https://www.transfermarkt.de/matti-wagner/profil/spieler/917781,CONFIRMED,REVIEW_REQUIRED,https://www.transfermarkt.de/alemannia-aachen/kader/verein/8/saison_id/2026/plus/1,d50319c6c39283dd66c83e32c0e53c0fbab8eb26ba138f0fe6e86b3dfc2b9c0b,2026-09-12
GER3,TSV Alemannia Aachen,8,Lukas Scepanik,140712,1994-04-11,Linkes Mittelfeld,7,2023-07-01,2027-06-30,[],https://www.transfermarkt.de/lukas-scepanik/profil/spieler/140712,CONFIRMED,STAGE_CURRENT_SQUAD,https://www.transfermarkt.de/alemannia-aachen/kader/verein/8/saison_id/2026/plus/1,d50319c6c39283dd66c83e32c0e53c0fbab8eb26ba138f0fe6e86b3dfc2b9c0b,2026-09-12
GER3,TSV Alemannia Aachen,8,Jonas Oehmichen,661711,2004-03-03,Offensives Mittelfeld,44,2026-09-01,2029-06-30,"[""Neuzugang von: SG Dynamo Dresden; Datum: 01.09.2026; Ablöse: 500 Tsd. €""]",https://www.transfermarkt.de/jonas-oehmichen/profil/spieler/661711,CONFIRMED,REVIEW_REQUIRED,https://www.transfermarkt.de/alemannia-aachen/kader/verein/8/saison_id/2026/plus/1,d50319c6c39283dd66c83e32c0e53c0fbab8eb26ba138f0fe6e86b3dfc2b9c0b,2026-09-12
GER3,TSV Alemannia Aachen,8,Louis Köster,630761,2003-01-25,Offensives Mittelfeld,8,2026-07-01,2028-06-30,"[""Neuzugang von: Holstein Kiel; Datum: 01.07.2026; Ablöse: 15 Tsd. €""]",https://www.transfermarkt.de/louis-koster/profil/spieler/630761,CONFIRMED,STAGE_CURRENT_SQUAD,https://www.transfermarkt.de/alemannia-aachen/kader/verein/8/saison_id/2026/plus/1,d50319c6c39283dd66c83e32c0e53c0fbab8eb26ba138f0fe6e86b3dfc2b9c0b,2026-09-12
GER3,TSV Alemannia Aachen,8,Nathan Bitumazala,618415,2002-12-10,Offensives Mittelfeld,19,2026-08-07,2028-06-30,"[""Neuzugang von: KAS Eupen; Datum: 07.08.2026; Ablöse: ablösefrei""]",https://www.transfermarkt.de/nathan-bitumazala/profil/spieler/618415,CONFIRMED,STAGE_CURRENT_SQUAD,https://www.transfermarkt.de/alemannia-aachen/kader/verein/8/saison_id/2026/plus/1,d50319c6c39283dd66c83e32c0e53c0fbab8eb26ba138f0fe6e86b3dfc2b9c0b,2026-09-12
GER3,TSV Alemannia Aachen,8,Georg Ermolaev,930020,2005-09-22,Linksaußen,20,2026-08-04,2027-06-30,[],https://www.transfermarkt.de/georg-ermolaev/profil/spieler/930020,CONFIRMED,REVIEW_REQUIRED,https://www.transfermarkt.de/alemannia-aachen/kader/verein/8/saison_id/2026/plus/1,d50319c6c39283dd66c83e32c0e53c0fbab8eb26ba138f0fe6e86b3dfc2b9c0b,2026-09-12
GER3,TSV Alemannia Aachen,8,Fabio Torsiello,917015,2005-02-02,Rechtsaußen,17,2025-07-01,2027-06-30,[],https://www.transfermarkt.de/fabio-torsiello/profil/spieler/917015,CONFIRMED,REVIEW_REQUIRED,https://www.transfermarkt.de/alemannia-aachen/kader/verein/8/saison_id/2026/plus/1,d50319c6c39283dd66c83e32c0e53c0fbab8eb26ba138f0fe6e86b3dfc2b9c0b,2026-09-12
GER3,TSV Alemannia Aachen,8,Mika Schroers,472246,2002-02-04,Mittelstürmer,27,2026-07-01,2029-06-30,"[""Neuzugang von: Arminia Bielefeld; Datum: 01.07.2026; Ablöse: 150 Tsd. €""]",https://www.transfermarkt.de/mika-schroers/profil/spieler/472246,CONFIRMED,REVIEW_REQUIRED,https://www.transfermarkt.de/alemannia-aachen/kader/verein/8/saison_id/2026/plus/1,d50319c6c39283dd66c83e32c0e53c0fbab8eb26ba138f0fe6e86b3dfc2b9c0b,2026-09-12
GER3,TSV Alemannia Aachen,8,Ken Izekor,929912,2007-05-24,Mittelstürmer,18,2026-07-09,2028-06-30,"[""Neuzugang von: Bayer 04 Leverkusen U19; Datum: 09.07.2026; Ablöse: ?""]",https://www.transfermarkt.de/ken-izekor/profil/spieler/929912,CONFIRMED,STAGE_CURRENT_SQUAD,https://www.transfermarkt.de/alemannia-aachen/kader/verein/8/saison_id/2026/plus/1,d50319c6c39283dd66c83e32c0e53c0fbab8eb26ba138f0fe6e86b3dfc2b9c0b,2026-09-12
GER3,TSV Alemannia Aachen,8,Valmir Sulejmani,193050,1996-02-01,Mittelstürmer,38,2025-07-01,2027-06-30,[],https://www.transfermarkt.de/valmir-sulejmani/profil/spieler/193050,CONFIRMED,STAGE_CURRENT_SQUAD,https://www.transfermarkt.de/alemannia-aachen/kader/verein/8/saison_id/2026/plus/1,d50319c6c39283dd66c83e32c0e53c0fbab8eb26ba138f0fe6e86b3dfc2b9c0b,2026-09-12
GER3,TSV Alemannia Aachen,8,Daniel Starodid,906538,2004-02-12,Mittelstürmer,9,2026-07-01,2028-06-30,"[""Neuzugang von: Eintracht Frankfurt II; Datum: 01.07.2026; Ablöse: ablösefrei""]",https://www.transfermarkt.de/daniel-starodid/profil/spieler/906538,CONFIRMED,STAGE_CURRENT_SQUAD,https://www.transfermarkt.de/alemannia-aachen/kader/verein/8/saison_id/2026/plus/1,d50319c6c39283dd66c83e32c0e53c0fbab8eb26ba138f0fe6e86b3dfc2b9c0b,2026-09-12
GER3,SV Wehen Wiesbaden,108,Florian Stritzel,148096,1994-01-31,Torwart,16,2021-07-02,2027-06-30,[],https://www.transfermarkt.de/florian-stritzel/profil/spieler/148096,CONFIRMED,STAGE_CURRENT_SQUAD,https://www.transfermarkt.de/sv-wehen-wiesbaden/kader/verein/108/saison_id/2026/plus/1,c5333e619a4ccff973d898b3a9c4668b151ad7106dcb46f85b4726a7ee4c6ef3,2026-09-12
GER3,SV Wehen Wiesbaden,108,Noah Brdar,820760,2005-08-11,Torwart,31,2023-07-21,2028-06-30,[],https://www.transfermarkt.de/noah-brdar/profil/spieler/820760,CONFIRMED,STAGE_CURRENT_SQUAD,https://www.transfermarkt.de/sv-wehen-wiesbaden/kader/verein/108/saison_id/2026/plus/1,c5333e619a4ccff973d898b3a9c4668b151ad7106dcb46f85b4726a7ee4c6ef3,2026-09-12
GER3,SV Wehen Wiesbaden,108,Finn Ludwig,1056281,2006-03-10,Torwart,41,2025-07-01,2028-06-30,[],https://www.transfermarkt.de/finn-ludwig/profil/spieler/1056281,CONFIRMED,STAGE_CURRENT_SQUAD,https://www.transfermarkt.de/sv-wehen-wiesbaden/kader/verein/108/saison_id/2026/plus/1,c5333e619a4ccff973d898b3a9c4668b151ad7106dcb46f85b4726a7ee4c6ef3,2026-09-12
GER3,SV Wehen Wiesbaden,108,Justin Janitzek,639580,2004-02-10,Innenverteidiger,15,2024-07-01,2027-06-30,[],https://www.transfermarkt.de/justin-janitzek/profil/spieler/639580,CONFIRMED,STAGE_CURRENT_SQUAD,https://www.transfermarkt.de/sv-wehen-wiesbaden/kader/verein/108/saison_id/2026/plus/1,c5333e619a4ccff973d898b3a9c4668b151ad7106dcb46f85b4726a7ee4c6ef3,2026-09-12
GER3,SV Wehen Wiesbaden,108,Jordy Gillekens,465307,2000-02-18,Innenverteidiger,27,2025-07-04,2028-06-30,[],https://www.transfermarkt.de/jordy-gillekens/profil/spieler/465307,CONFIRMED,STAGE_CURRENT_SQUAD,https://www.transfermarkt.de/sv-wehen-wiesbaden/kader/verein/108/saison_id/2026/plus/1,c5333e619a4ccff973d898b3a9c4668b151ad7106dcb46f85b4726a7ee4c6ef3,2026-09-12
GER3,SV Wehen Wiesbaden,108,Michael Schultz,126424,1993-05-30,Innenverteidiger,14,2026-08-31,2027-06-30,"[""Neuzugang von: Rot-Weiss Essen; Datum: 31.08.2026; Ablöse: ablösefrei""]",https://www.transfermarkt.de/michael-schultz/profil/spieler/126424,CONFIRMED,STAGE_CURRENT_SQUAD,https://www.transfermarkt.de/sv-wehen-wiesbaden/kader/verein/108/saison_id/2026/plus/1,c5333e619a4ccff973d898b3a9c4668b151ad7106dcb46f85b4726a7ee4c6ef3,2026-09-12
GER3,SV Wehen Wiesbaden,108,Tim Neubert,1137144,2007-05-23,Innenverteidiger,24,2025-07-01,2027-06-30,[],https://www.transfermarkt.de/tim-neubert/profil/spieler/1137144,CONFIRMED,STAGE_CURRENT_SQUAD,https://www.transfermarkt.de/sv-wehen-wiesbaden/kader/verein/108/saison_id/2026/plus/1,c5333e619a4ccff973d898b3a9c4668b151ad7106dcb46f85b4726a7ee4c6ef3,2026-09-12
GER3,SV Wehen Wiesbaden,108,Florian Hübner,85822,1991-03-01,Innenverteidiger,19,2024-07-29,2027-06-30,[],https://www.transfermarkt.de/florian-hubner/profil/spieler/85822,CONFIRMED,STAGE_CURRENT_SQUAD,https://www.transfermarkt.de/sv-wehen-wiesbaden/kader/verein/108/saison_id/2026/plus/1,c5333e619a4ccff973d898b3a9c4668b151ad7106dcb46f85b4726a7ee4c6ef3,2026-09-12
GER3,SV Wehen Wiesbaden,108,Niklas May,597001,2002-04-10,Linker Verteidiger,5,2025-07-01,2027-06-30,[],https://www.transfermarkt.de/niklas-may/profil/spieler/597001,CONFIRMED,STAGE_CURRENT_SQUAD,https://www.transfermarkt.de/sv-wehen-wiesbaden/kader/verein/108/saison_id/2026/plus/1,c5333e619a4ccff973d898b3a9c4668b151ad7106dcb46f85b4726a7ee4c6ef3,2026-09-12
GER3,SV Wehen Wiesbaden,108,Fabian Greilinger,435798,2000-09-13,Linker Verteidiger,18,2024-07-01,2027-06-30,[],https://www.transfermarkt.de/fabian-greilinger/profil/spieler/435798,CONFIRMED,STAGE_CURRENT_SQUAD,https://www.transfermarkt.de/sv-wehen-wiesbaden/kader/verein/108/saison_id/2026/plus/1,c5333e619a4ccff973d898b3a9c4668b151ad7106dcb46f85b4726a7ee4c6ef3,2026-09-12
GER3,SV Wehen Wiesbaden,108,Philipp Hercher,216399,1996-03-21,Rechter Verteidiger,29,2026-07-01,2028-06-30,"[""Neuzugang von: 1.FC Magdeburg; Datum: 01.07.2026; Ablöse: ablösefrei""]",https://www.transfermarkt.de/philipp-hercher/profil/spieler/216399,CONFIRMED,STAGE_CURRENT_SQUAD,https://www.transfermarkt.de/sv-wehen-wiesbaden/kader/verein/108/saison_id/2026/plus/1,c5333e619a4ccff973d898b3a9c4668b151ad7106dcb46f85b4726a7ee4c6ef3,2026-09-12
GER3,SV Wehen Wiesbaden,108,Ben Nink,1137145,2007-07-04,Rechter Verteidiger,17,2024-04-02,2029-06-30,[],https://www.transfermarkt.de/ben-nink/profil/spieler/1137145,CONFIRMED,STAGE_CURRENT_SQUAD,https://www.transfermarkt.de/sv-wehen-wiesbaden/kader/verein/108/saison_id/2026/plus/1,c5333e619a4ccff973d898b3a9c4668b151ad7106dcb46f85b4726a7ee4c6ef3,2026-09-12
GER3,SV Wehen Wiesbaden,108,Max Brandt,392150,2001-06-02,Defensives Mittelfeld,37,2026-07-01,2028-06-30,"[""Neuzugang von: SSV Ulm 1846; Datum: 01.07.2026; Ablöse: ablösefrei""]",https://www.transfermarkt.de/max-brandt/profil/spieler/392150,CONFIRMED,STAGE_CURRENT_SQUAD,https://www.transfermarkt.de/sv-wehen-wiesbaden/kader/verein/108/saison_id/2026/plus/1,c5333e619a4ccff973d898b3a9c4668b151ad7106dcb46f85b4726a7ee4c6ef3,2026-09-12
GER3,SV Wehen Wiesbaden,108,David Suárez,821902,2000-11-13,Defensives Mittelfeld,47,2025-08-28,2028-06-30,[],https://www.transfermarkt.de/david-suarez/profil/spieler/821902,CONFIRMED,STAGE_CURRENT_SQUAD,https://www.transfermarkt.de/sv-wehen-wiesbaden/kader/verein/108/saison_id/2026/plus/1,c5333e619a4ccff973d898b3a9c4668b151ad7106dcb46f85b4726a7ee4c6ef3,2026-09-12
GER3,SV Wehen Wiesbaden,108,Gino Fechner,264633,1997-09-05,Defensives Mittelfeld,6,2021-07-01,2027-06-30,[],https://www.transfermarkt.de/gino-fechner/profil/spieler/264633,CONFIRMED,STAGE_CURRENT_SQUAD,https://www.transfermarkt.de/sv-wehen-wiesbaden/kader/verein/108/saison_id/2026/plus/1,c5333e619a4ccff973d898b3a9c4668b151ad7106dcb46f85b4726a7ee4c6ef3,2026-09-12
GER3,SV Wehen Wiesbaden,108,Tarik Gözüsirin,489363,2001-08-08,Zentrales Mittelfeld,11,2024-07-01,2027-06-30,[],https://www.transfermarkt.de/tarik-gozusirin/profil/spieler/489363,CONFIRMED,STAGE_CURRENT_SQUAD,https://www.transfermarkt.de/sv-wehen-wiesbaden/kader/verein/108/saison_id/2026/plus/1,c5333e619a4ccff973d898b3a9c4668b151ad7106dcb46f85b4726a7ee4c6ef3,2026-09-12
GER3,SV Wehen Wiesbaden,108,Ayoub Chaikhoun,938946,2006-01-22,Zentrales Mittelfeld,20,2026-08-13,2027-06-30,[],https://www.transfermarkt.de/ayoub-chaikhoun/profil/spieler/938946,CONFIRMED,REVIEW_REQUIRED,https://www.transfermarkt.de/sv-wehen-wiesbaden/kader/verein/108/saison_id/2026/plus/1,c5333e619a4ccff973d898b3a9c4668b151ad7106dcb46f85b4726a7ee4c6ef3,2026-09-12
GER3,SV Wehen Wiesbaden,108,Donny Bogicevic,742548,2001-10-08,Zentrales Mittelfeld,8,2025-07-01,2027-06-30,[],https://www.transfermarkt.de/donny-bogicevic/profil/spieler/742548,CONFIRMED,STAGE_CURRENT_SQUAD,https://www.transfermarkt.de/sv-wehen-wiesbaden/kader/verein/108/saison_id/2026/plus/1,c5333e619a4ccff973d898b3a9c4668b151ad7106dcb46f85b4726a7ee4c6ef3,2026-09-12
GER3,SV Wehen Wiesbaden,108,Raul Paula,716756,2004-01-25,Linksaußen,32,2026-08-31,2028-06-30,"[""Neuzugang von: NAC Breda; Datum: 31.08.2026; Ablöse: ?""]",https://www.transfermarkt.de/raul-paula/profil/spieler/716756,CONFIRMED,STAGE_CURRENT_SQUAD,https://www.transfermarkt.de/sv-wehen-wiesbaden/kader/verein/108/saison_id/2026/plus/1,c5333e619a4ccff973d898b3a9c4668b151ad7106dcb46f85b4726a7ee4c6ef3,2026-09-12
GER3,SV Wehen Wiesbaden,108,Sinan Karweina,337816,1999-03-29,Linksaußen,30,2026-07-01,2029-06-30,"[""Neuzugang von: FC Luzern; Datum: 01.07.2026; Ablöse: ablösefrei""]",https://www.transfermarkt.de/sinan-karweina/profil/spieler/337816,CONFIRMED,STAGE_CURRENT_SQUAD,https://www.transfermarkt.de/sv-wehen-wiesbaden/kader/verein/108/saison_id/2026/plus/1,c5333e619a4ccff973d898b3a9c4668b151ad7106dcb46f85b4726a7ee4c6ef3,2026-09-12
GER3,SV Wehen Wiesbaden,108,Robin Kalem,500771,2002-07-14,Linksaußen,10,2025-07-01,2028-06-30,[],https://www.transfermarkt.de/robin-kalem/profil/spieler/500771,CONFIRMED,STAGE_CURRENT_SQUAD,https://www.transfermarkt.de/sv-wehen-wiesbaden/kader/verein/108/saison_id/2026/plus/1,c5333e619a4ccff973d898b3a9c4668b151ad7106dcb46f85b4726a7ee4c6ef3,2026-09-12
GER3,SV Wehen Wiesbaden,108,Ibrahim Ati Allah,1144297,2007-04-27,Linksaußen,45,2026-02-13,2028-06-30,[],https://www.transfermarkt.de/ibrahim-ati-allah/profil/spieler/1144297,CONFIRMED,STAGE_CURRENT_SQUAD,https://www.transfermarkt.de/sv-wehen-wiesbaden/kader/verein/108/saison_id/2026/plus/1,c5333e619a4ccff973d898b3a9c4668b151ad7106dcb46f85b4726a7ee4c6ef3,2026-09-12
GER3,SV Wehen Wiesbaden,108,Lukas Schleimer,479273,1999-12-09,Rechtsaußen,7,2025-07-10,2028-06-30,[],https://www.transfermarkt.de/lukas-schleimer/profil/spieler/479273,CONFIRMED,STAGE_CURRENT_SQUAD,https://www.transfermarkt.de/sv-wehen-wiesbaden/kader/verein/108/saison_id/2026/plus/1,c5333e619a4ccff973d898b3a9c4668b151ad7106dcb46f85b4726a7ee4c6ef3,2026-09-12
GER3,SV Wehen Wiesbaden,108,Roberto Massimo,431561,2000-10-12,Rechtsaußen,22,2026-08-26,2027-06-30,[],https://www.transfermarkt.de/roberto-massimo/profil/spieler/431561,CONFIRMED,REVIEW_REQUIRED,https://www.transfermarkt.de/sv-wehen-wiesbaden/kader/verein/108/saison_id/2026/plus/1,c5333e619a4ccff973d898b3a9c4668b151ad7106dcb46f85b4726a7ee4c6ef3,2026-09-12
GER3,SV Wehen Wiesbaden,108,Simon Stehle,557205,2001-09-17,Rechtsaußen,9,2025-07-01,2027-06-30,[],https://www.transfermarkt.de/simon-stehle/profil/spieler/557205,CONFIRMED,STAGE_CURRENT_SQUAD,https://www.transfermarkt.de/sv-wehen-wiesbaden/kader/verein/108/saison_id/2026/plus/1,c5333e619a4ccff973d898b3a9c4668b151ad7106dcb46f85b4726a7ee4c6ef3,2026-09-12
GER3,SV Wehen Wiesbaden,108,Marcus Müller,698523,2002-08-20,Mittelstürmer,21,2026-08-27,2027-06-30,[],https://www.transfermarkt.de/marcus-muller/profil/spieler/698523,CONFIRMED,REVIEW_REQUIRED,https://www.transfermarkt.de/sv-wehen-wiesbaden/kader/verein/108/saison_id/2026/plus/1,c5333e619a4ccff973d898b3a9c4668b151ad7106dcb46f85b4726a7ee4c6ef3,2026-09-12
GER3,SV Wehen Wiesbaden,108,Moritz Flotho,859433,2002-05-26,Mittelstürmer,28,2024-07-01,2027-06-30,[],https://www.transfermarkt.de/moritz-flotho/profil/spieler/859433,CONFIRMED,STAGE_CURRENT_SQUAD,https://www.transfermarkt.de/sv-wehen-wiesbaden/kader/verein/108/saison_id/2026/plus/1,c5333e619a4ccff973d898b3a9c4668b151ad7106dcb46f85b4726a7ee4c6ef3,2026-09-12
GER3,SV Waldhof Mannheim 07,85,Thijmen Nijhuis,315235,1998-07-25,Torwart,1,2025-08-08,2028-06-30,[],https://www.transfermarkt.de/thijmen-nijhuis/profil/spieler/315235,CONFIRMED,STAGE_CURRENT_SQUAD,https://www.transfermarkt.de/sv-waldhof-mannheim/kader/verein/85/saison_id/2026/plus/1,34e998eba6b950fe72d328e27cb46b4a4d1c4b3c218c58557f9db9a44925ae39,2026-09-12
GER3,SV Waldhof Mannheim 07,85,Jan Niemann,910173,2004-07-05,Torwart,16,2025-07-01,2027-06-30,[],https://www.transfermarkt.de/jan-niemann/profil/spieler/910173,CONFIRMED,STAGE_CURRENT_SQUAD,https://www.transfermarkt.de/sv-waldhof-mannheim/kader/verein/85/saison_id/2026/plus/1,34e998eba6b950fe72d328e27cb46b4a4d1c4b3c218c58557f9db9a44925ae39,2026-09-12
GER3,SV Waldhof Mannheim 07,85,Lucien Hawryluk,384740,2000-10-05,Torwart,30,2021-07-23,2027-06-30,[],https://www.transfermarkt.de/lucien-hawryluk/profil/spieler/384740,CONFIRMED,STAGE_CURRENT_SQUAD,https://www.transfermarkt.de/sv-waldhof-mannheim/kader/verein/85/saison_id/2026/plus/1,34e998eba6b950fe72d328e27cb46b4a4d1c4b3c218c58557f9db9a44925ae39,2026-09-12
GER3,SV Waldhof Mannheim 07,85,Oluwaseun Ogbemudia,995520,2006-07-18,Innenverteidiger,14,2026-09-01,2027-06-30,[],https://www.transfermarkt.de/oluwaseun-ogbemudia/profil/spieler/995520,CONFIRMED,REVIEW_REQUIRED,https://www.transfermarkt.de/sv-waldhof-mannheim/kader/verein/85/saison_id/2026/plus/1,34e998eba6b950fe72d328e27cb46b4a4d1c4b3c218c58557f9db9a44925ae39,2026-09-12
GER3,SV Waldhof Mannheim 07,85,Claudio Kammerknecht,329360,1999-07-07,Innenverteidiger,15,2026-07-01,2029-06-30,"[""Neuzugang von: SG Dynamo Dresden; Datum: 01.07.2026; Ablöse: ablösefrei""]",https://www.transfermarkt.de/claudio-kammerknecht/profil/spieler/329360,CONFIRMED,STAGE_CURRENT_SQUAD,https://www.transfermarkt.de/sv-waldhof-mannheim/kader/verein/85/saison_id/2026/plus/1,34e998eba6b950fe72d328e27cb46b4a4d1c4b3c218c58557f9db9a44925ae39,2026-09-12
GER3,SV Waldhof Mannheim 07,85,Lukas Klünter,282577,1996-05-26,Innenverteidiger,24,2024-02-01,2027-06-30,[],https://www.transfermarkt.de/lukas-klunter/profil/spieler/282577,CONFIRMED,STAGE_CURRENT_SQUAD,https://www.transfermarkt.de/sv-waldhof-mannheim/kader/verein/85/saison_id/2026/plus/1,34e998eba6b950fe72d328e27cb46b4a4d1c4b3c218c58557f9db9a44925ae39,2026-09-12
GER3,SV Waldhof Mannheim 07,85,Tim Sechelmann,317747,1999-01-15,Innenverteidiger,4,2023-07-01,2028-06-30,[],https://www.transfermarkt.de/tim-sechelmann/profil/spieler/317747,CONFIRMED,STAGE_CURRENT_SQUAD,https://www.transfermarkt.de/sv-waldhof-mannheim/kader/verein/85/saison_id/2026/plus/1,34e998eba6b950fe72d328e27cb46b4a4d1c4b3c218c58557f9db9a44925ae39,2026-09-12
GER3,SV Waldhof Mannheim 07,85,Moritz Polte,1033582,2007-09-22,Innenverteidiger,3,2026-07-01,2029-06-30,"[""Neuzugang von: BFC Dynamo; Datum: 01.07.2026; Ablöse: 80 Tsd. €""]",https://www.transfermarkt.de/moritz-polte/profil/spieler/1033582,CONFIRMED,STAGE_CURRENT_SQUAD,https://www.transfermarkt.de/sv-waldhof-mannheim/kader/verein/85/saison_id/2026/plus/1,34e998eba6b950fe72d328e27cb46b4a4d1c4b3c218c58557f9db9a44925ae39,2026-09-12
GER3,SV Waldhof Mannheim 07,85,Darnell Keumo,1056989,2007-10-01,Linker Verteidiger,17,2026-08-04,2027-06-30,[],https://www.transfermarkt.de/darnell-keumo/profil/spieler/1056989,CONFIRMED,REVIEW_REQUIRED,https://www.transfermarkt.de/sv-waldhof-mannheim/kader/verein/85/saison_id/2026/plus/1,34e998eba6b950fe72d328e27cb46b4a4d1c4b3c218c58557f9db9a44925ae39,2026-09-12
GER3,SV Waldhof Mannheim 07,85,Djayson Mendes,1272761,2004-03-15,Linker Verteidiger,35,2025-07-01,2028-06-30,[],https://www.transfermarkt.de/djayson-mendes/profil/spieler/1272761,CONFIRMED,STAGE_CURRENT_SQUAD,https://www.transfermarkt.de/sv-waldhof-mannheim/kader/verein/85/saison_id/2026/plus/1,34e998eba6b950fe72d328e27cb46b4a4d1c4b3c218c58557f9db9a44925ae39,2026-09-12
GER3,SV Waldhof Mannheim 07,85,Yannis Hör,829837,2005-01-05,Rechter Verteidiger,5,2026-07-02,2028-06-30,"[""Neuzugang von: TSG 1899 Hoffenheim II; Datum: 02.07.2026; Ablöse: ablösefrei""]",https://www.transfermarkt.de/yannis-hor/profil/spieler/829837,CONFIRMED,STAGE_CURRENT_SQUAD,https://www.transfermarkt.de/sv-waldhof-mannheim/kader/verein/85/saison_id/2026/plus/1,34e998eba6b950fe72d328e27cb46b4a4d1c4b3c218c58557f9db9a44925ae39,2026-09-12
GER3,SV Waldhof Mannheim 07,85,Jid Okeke,964641,2004-11-11,Rechter Verteidiger,25,2026-07-01,2029-06-30,"[""Neuzugang von: Stockport County; Datum: 01.07.2026; Ablöse: ablösefrei""]",https://www.transfermarkt.de/jid-okeke/profil/spieler/964641,CONFIRMED,REVIEW_REQUIRED,https://www.transfermarkt.de/sv-waldhof-mannheim/kader/verein/85/saison_id/2026/plus/1,34e998eba6b950fe72d328e27cb46b4a4d1c4b3c218c58557f9db9a44925ae39,2026-09-12
GER3,SV Waldhof Mannheim 07,85,Joey Müller,452054,2000-08-30,Defensives Mittelfeld,6,2026-08-06,2028-06-30,"[""Neuzugang von: Roda JC Kerkrade; Datum: 06.08.2026; Ablöse: ?""]",https://www.transfermarkt.de/joey-muller/profil/spieler/452054,CONFIRMED,STAGE_CURRENT_SQUAD,https://www.transfermarkt.de/sv-waldhof-mannheim/kader/verein/85/saison_id/2026/plus/1,34e998eba6b950fe72d328e27cb46b4a4d1c4b3c218c58557f9db9a44925ae39,2026-09-12
GER3,SV Waldhof Mannheim 07,85,Julian Rieckmann,380078,2000-08-01,Defensives Mittelfeld,21,2023-07-01,2028-06-30,[],https://www.transfermarkt.de/julian-rieckmann/profil/spieler/380078,CONFIRMED,STAGE_CURRENT_SQUAD,https://www.transfermarkt.de/sv-waldhof-mannheim/kader/verein/85/saison_id/2026/plus/1,34e998eba6b950fe72d328e27cb46b4a4d1c4b3c218c58557f9db9a44925ae39,2026-09-12
GER3,SV Waldhof Mannheim 07,85,Maximilian Thalhammer,388316,1997-07-10,Defensives Mittelfeld,8,2024-07-01,2027-06-30,[],https://www.transfermarkt.de/maximilian-thalhammer/profil/spieler/388316,CONFIRMED,STAGE_CURRENT_SQUAD,https://www.transfermarkt.de/sv-waldhof-mannheim/kader/verein/85/saison_id/2026/plus/1,34e998eba6b950fe72d328e27cb46b4a4d1c4b3c218c58557f9db9a44925ae39,2026-09-12
GER3,SV Waldhof Mannheim 07,85,Denis Kryeziu,1278889,2006-09-19,Defensives Mittelfeld,22,2026-01-15,2028-06-30,[],https://www.transfermarkt.de/denis-kryeziu/profil/spieler/1278889,CONFIRMED,STAGE_CURRENT_SQUAD,https://www.transfermarkt.de/sv-waldhof-mannheim/kader/verein/85/saison_id/2026/plus/1,34e998eba6b950fe72d328e27cb46b4a4d1c4b3c218c58557f9db9a44925ae39,2026-09-12
GER3,SV Waldhof Mannheim 07,85,Vincent Thill,316760,2000-02-04,Offensives Mittelfeld,12,2026-01-15,2027-06-30,[],https://www.transfermarkt.de/vincent-thill/profil/spieler/316760,CONFIRMED,REVIEW_REQUIRED,https://www.transfermarkt.de/sv-waldhof-mannheim/kader/verein/85/saison_id/2026/plus/1,34e998eba6b950fe72d328e27cb46b4a4d1c4b3c218c58557f9db9a44925ae39,2026-09-12
GER3,SV Waldhof Mannheim 07,85,Adama Diakhaby,453594,1996-07-05,Offensives Mittelfeld,27,2025-07-07,2027-06-30,[],https://www.transfermarkt.de/adama-diakhaby/profil/spieler/453594,CONFIRMED,STAGE_CURRENT_SQUAD,https://www.transfermarkt.de/sv-waldhof-mannheim/kader/verein/85/saison_id/2026/plus/1,34e998eba6b950fe72d328e27cb46b4a4d1c4b3c218c58557f9db9a44925ae39,2026-09-12
GER3,SV Waldhof Mannheim 07,85,Diego Michel,562455,1997-10-16,Offensives Mittelfeld,28,2025-07-23,2027-06-30,[],https://www.transfermarkt.de/diego-michel/profil/spieler/562455,CONFIRMED,STAGE_CURRENT_SQUAD,https://www.transfermarkt.de/sv-waldhof-mannheim/kader/verein/85/saison_id/2026/plus/1,34e998eba6b950fe72d328e27cb46b4a4d1c4b3c218c58557f9db9a44925ae39,2026-09-12
GER3,SV Waldhof Mannheim 07,85,Arlind Rexhepi,596356,2003-07-28,Offensives Mittelfeld,33,2024-07-01,2027-06-30,"[""Rückkehr nach Leihe von: TSV Havelse; Datum: 30.06.2026; Ablöse: Leih-Ende""]",https://www.transfermarkt.de/arlind-rexhepi/profil/spieler/596356,CONFIRMED,REVIEW_REQUIRED,https://www.transfermarkt.de/sv-waldhof-mannheim/kader/verein/85/saison_id/2026/plus/1,34e998eba6b950fe72d328e27cb46b4a4d1c4b3c218c58557f9db9a44925ae39,2026-09-12
GER3,SV Waldhof Mannheim 07,85,Leroy Mickels,191426,1995-06-25,Linksaußen,23,2026-07-22,2028-06-30,"[""Neuzugang von: Zira FK; Datum: 22.07.2026; Ablöse: ablösefrei""]",https://www.transfermarkt.de/leroy-mickels/profil/spieler/191426,CONFIRMED,STAGE_CURRENT_SQUAD,https://www.transfermarkt.de/sv-waldhof-mannheim/kader/verein/85/saison_id/2026/plus/1,34e998eba6b950fe72d328e27cb46b4a4d1c4b3c218c58557f9db9a44925ae39,2026-09-12
GER3,SV Waldhof Mannheim 07,85,Masca,606720,2000-05-15,Linksaußen,11,2025-08-30,,[],https://www.transfermarkt.de/masca/profil/spieler/606720,CONFIRMED,REVIEW_REQUIRED,https://www.transfermarkt.de/sv-waldhof-mannheim/kader/verein/85/saison_id/2026/plus/1,34e998eba6b950fe72d328e27cb46b4a4d1c4b3c218c58557f9db9a44925ae39,2026-09-12
GER3,SV Waldhof Mannheim 07,85,Lovis Bierschenk,894687,2005-05-22,Linksaußen,7,2026-01-21,2029-06-30,[],https://www.transfermarkt.de/lovis-bierschenk/profil/spieler/894687,CONFIRMED,REVIEW_REQUIRED,https://www.transfermarkt.de/sv-waldhof-mannheim/kader/verein/85/saison_id/2026/plus/1,34e998eba6b950fe72d328e27cb46b4a4d1c4b3c218c58557f9db9a44925ae39,2026-09-12
GER3,SV Waldhof Mannheim 07,85,Jascha Brandt,603734,2003-03-20,Linksaußen,19,2025-07-01,2027-06-30,[],https://www.transfermarkt.de/jascha-brandt/profil/spieler/603734,CONFIRMED,STAGE_CURRENT_SQUAD,https://www.transfermarkt.de/sv-waldhof-mannheim/kader/verein/85/saison_id/2026/plus/1,34e998eba6b950fe72d328e27cb46b4a4d1c4b3c218c58557f9db9a44925ae39,2026-09-12
GER3,SV Waldhof Mannheim 07,85,Noah Sarenren Bazee,283001,1996-08-21,Rechtsaußen,37,2026-07-01,2029-06-30,"[""Neuzugang von: Arminia Bielefeld; Datum: 01.07.2026; Ablöse: ablösefrei""]",https://www.transfermarkt.de/noah-sarenren-bazee/profil/spieler/283001,CONFIRMED,STAGE_CURRENT_SQUAD,https://www.transfermarkt.de/sv-waldhof-mannheim/kader/verein/85/saison_id/2026/plus/1,34e998eba6b950fe72d328e27cb46b4a4d1c4b3c218c58557f9db9a44925ae39,2026-09-12
GER3,SV Waldhof Mannheim 07,85,Kushtrim Asallari,553939,2003-04-23,Rechtsaußen,20,2025-07-01,2028-06-30,[],https://www.transfermarkt.de/kushtrim-asallari/profil/spieler/553939,CONFIRMED,STAGE_CURRENT_SQUAD,https://www.transfermarkt.de/sv-waldhof-mannheim/kader/verein/85/saison_id/2026/plus/1,34e998eba6b950fe72d328e27cb46b4a4d1c4b3c218c58557f9db9a44925ae39,2026-09-12
GER3,SV Waldhof Mannheim 07,85,Nolan Muteba N'Tumba,1322134,2007-10-03,Rechtsaußen,29,2025-10-06,2028-06-30,[],https://www.transfermarkt.de/nolan-muteba-ntumba/profil/spieler/1322134,CONFIRMED,REVIEW_REQUIRED,https://www.transfermarkt.de/sv-waldhof-mannheim/kader/verein/85/saison_id/2026/plus/1,34e998eba6b950fe72d328e27cb46b4a4d1c4b3c218c58557f9db9a44925ae39,2026-09-12
GER3,SV Waldhof Mannheim 07,85,Gonçalo Gregório,404156,1995-06-14,Mittelstürmer,9,2026-07-04,,"[""Neuzugang von: FC Noah Erewan; Datum: 04.07.2026; Ablöse: ablösefrei""]",https://www.transfermarkt.de/goncalo-gregorio/profil/spieler/404156,CONFIRMED,REVIEW_REQUIRED,https://www.transfermarkt.de/sv-waldhof-mannheim/kader/verein/85/saison_id/2026/plus/1,34e998eba6b950fe72d328e27cb46b4a4d1c4b3c218c58557f9db9a44925ae39,2026-09-12
GER3,SV Waldhof Mannheim 07,85,Julian Ulbricht,349404,1999-06-16,Mittelstürmer,10,2026-07-01,2029-06-30,"[""Neuzugang von: SV Meppen; Datum: 01.07.2026; Ablöse: 75 Tsd. €""]",https://www.transfermarkt.de/julian-ulbricht/profil/spieler/349404,CONFIRMED,STAGE_CURRENT_SQUAD,https://www.transfermarkt.de/sv-waldhof-mannheim/kader/verein/85/saison_id/2026/plus/1,34e998eba6b950fe72d328e27cb46b4a4d1c4b3c218c58557f9db9a44925ae39,2026-09-12
GER3,SV Waldhof Mannheim 07,85,Terrence Boyd,103064,1991-02-16,Mittelstürmer,13,2024-01-10,2027-06-30,"[""Wechsel zu: Karriereende; Datum: 01.07.2027; Ablöse: -""]",https://www.transfermarkt.de/terrence-boyd/profil/spieler/103064,CONFIRMED,REVIEW_REQUIRED,https://www.transfermarkt.de/sv-waldhof-mannheim/kader/verein/85/saison_id/2026/plus/1,34e998eba6b950fe72d328e27cb46b4a4d1c4b3c218c58557f9db9a44925ae39,2026-09-12
GER3,SV Waldhof Mannheim 07,85,Kian Ramadani,1136303,2007-06-23,Mittelstürmer,36,2026-07-01,2028-06-30,"[""Neuzugang von: 1.FC Kaiserslautern U19; Datum: 01.07.2026; Ablöse: ablösefrei""]",https://www.transfermarkt.de/kian-ramadani/profil/spieler/1136303,CONFIRMED,STAGE_CURRENT_SQUAD,https://www.transfermarkt.de/sv-waldhof-mannheim/kader/verein/85/saison_id/2026/plus/1,34e998eba6b950fe72d328e27cb46b4a4d1c4b3c218c58557f9db9a44925ae39,2026-09-12
GER3,FC Viktoria Köln 1904,1622,Arne Schulz,606301,2003-03-23,Torwart,1,2025-07-01,2027-06-30,[],https://www.transfermarkt.de/arne-schulz/profil/spieler/606301,CONFIRMED,STAGE_CURRENT_SQUAD,https://www.transfermarkt.de/fc-viktoria-koln/kader/verein/1622/saison_id/2026/plus/1,b7bfc92e8e7c5a16b30c7b0ff346d1259614911747f68b6cb84920bb2afd1606,2026-09-12
GER3,FC Viktoria Köln 1904,1622,David Wyciok,1162658,2007-08-22,Torwart,12,2026-07-01,2028-06-30,"[""Interner Wechsel: FC Viktoria Köln U19; Datum: 01.07.2026""]",https://www.transfermarkt.de/david-wyciok/profil/spieler/1162658,CONFIRMED,STAGE_CURRENT_SQUAD,https://www.transfermarkt.de/fc-viktoria-koln/kader/verein/1622/saison_id/2026/plus/1,b7bfc92e8e7c5a16b30c7b0ff346d1259614911747f68b6cb84920bb2afd1606,2026-09-12
GER3,FC Viktoria Köln 1904,1622,Oskar Hill,984474,2006-05-08,Torwart,36,2024-07-01,2028-06-30,"[""Rückkehr nach Leihe von: SpVg Frechen 20; Datum: 30.06.2026; Ablöse: Leih-Ende""]",https://www.transfermarkt.de/oskar-hill/profil/spieler/984474,CONFIRMED,REVIEW_REQUIRED,https://www.transfermarkt.de/fc-viktoria-koln/kader/verein/1622/saison_id/2026/plus/1,b7bfc92e8e7c5a16b30c7b0ff346d1259614911747f68b6cb84920bb2afd1606,2026-09-12
GER3,FC Viktoria Köln 1904,1622,Tim Kloss,786824,2004-06-05,Innenverteidiger,18,2025-07-01,2027-06-30,[],https://www.transfermarkt.de/tim-kloss/profil/spieler/786824,CONFIRMED,STAGE_CURRENT_SQUAD,https://www.transfermarkt.de/fc-viktoria-koln/kader/verein/1622/saison_id/2026/plus/1,b7bfc92e8e7c5a16b30c7b0ff346d1259614911747f68b6cb84920bb2afd1606,2026-09-12
GER3,FC Viktoria Köln 1904,1622,Christoph Greger,278324,1997-01-14,Innenverteidiger,15,2021-07-01,2027-06-30,[],https://www.transfermarkt.de/christoph-greger/profil/spieler/278324,CONFIRMED,STAGE_CURRENT_SQUAD,https://www.transfermarkt.de/fc-viktoria-koln/kader/verein/1622/saison_id/2026/plus/1,b7bfc92e8e7c5a16b30c7b0ff346d1259614911747f68b6cb84920bb2afd1606,2026-09-12
GER3,FC Viktoria Köln 1904,1622,Tobias Eisenhuth,524566,2001-09-21,Innenverteidiger,6,2025-01-16,2027-06-30,[],https://www.transfermarkt.de/tobias-eisenhuth/profil/spieler/524566,CONFIRMED,STAGE_CURRENT_SQUAD,https://www.transfermarkt.de/fc-viktoria-koln/kader/verein/1622/saison_id/2026/plus/1,b7bfc92e8e7c5a16b30c7b0ff346d1259614911747f68b6cb84920bb2afd1606,2026-09-12
GER3,FC Viktoria Köln 1904,1622,Meiko Sponsel,598576,2002-02-28,Innenverteidiger,19,2025-07-01,2027-06-30,[],https://www.transfermarkt.de/meiko-sponsel/profil/spieler/598576,CONFIRMED,STAGE_CURRENT_SQUAD,https://www.transfermarkt.de/fc-viktoria-koln/kader/verein/1622/saison_id/2026/plus/1,b7bfc92e8e7c5a16b30c7b0ff346d1259614911747f68b6cb84920bb2afd1606,2026-09-12
GER3,FC Viktoria Köln 1904,1622,Verthomy Boboy,696165,2003-04-19,Innenverteidiger,22,2025-07-10,2027-06-30,[],https://www.transfermarkt.de/verthomy-boboy/profil/spieler/696165,CONFIRMED,STAGE_CURRENT_SQUAD,https://www.transfermarkt.de/fc-viktoria-koln/kader/verein/1622/saison_id/2026/plus/1,b7bfc92e8e7c5a16b30c7b0ff346d1259614911747f68b6cb84920bb2afd1606,2026-09-12
GER3,FC Viktoria Köln 1904,1622,Kilian Jakob,324760,1998-01-25,Linker Verteidiger,26,2026-07-23,2027-06-30,"[""Neuzugang von: TSV 1860 München; Datum: 23.07.2026; Ablöse: ablösefrei""]",https://www.transfermarkt.de/kilian-jakob/profil/spieler/324760,CONFIRMED,STAGE_CURRENT_SQUAD,https://www.transfermarkt.de/fc-viktoria-koln/kader/verein/1622/saison_id/2026/plus/1,b7bfc92e8e7c5a16b30c7b0ff346d1259614911747f68b6cb84920bb2afd1606,2026-09-12
GER3,FC Viktoria Köln 1904,1622,Marco Pledl,820819,2000-12-13,Linker Verteidiger,17,2025-07-01,2027-06-30,[],https://www.transfermarkt.de/marco-pledl/profil/spieler/820819,CONFIRMED,STAGE_CURRENT_SQUAD,https://www.transfermarkt.de/fc-viktoria-koln/kader/verein/1622/saison_id/2026/plus/1,b7bfc92e8e7c5a16b30c7b0ff346d1259614911747f68b6cb84920bb2afd1606,2026-09-12
GER3,FC Viktoria Köln 1904,1622,Pascal Fallmann,535650,2003-11-07,Rechter Verteidiger,28,2026-07-01,2028-06-30,"[""Neuzugang von: FC Erzgebirge Aue; Datum: 01.07.2026; Ablöse: ablösefrei""]",https://www.transfermarkt.de/pascal-fallmann/profil/spieler/535650,CONFIRMED,STAGE_CURRENT_SQUAD,https://www.transfermarkt.de/fc-viktoria-koln/kader/verein/1622/saison_id/2026/plus/1,b7bfc92e8e7c5a16b30c7b0ff346d1259614911747f68b6cb84920bb2afd1606,2026-09-12
GER3,FC Viktoria Köln 1904,1622,Felix Albers,1162701,2007-01-10,Rechter Verteidiger,39,2026-07-01,2028-06-30,"[""Interner Wechsel: FC Viktoria Köln U19; Datum: 01.07.2026""]",https://www.transfermarkt.de/felix-albers/profil/spieler/1162701,CONFIRMED,STAGE_CURRENT_SQUAD,https://www.transfermarkt.de/fc-viktoria-koln/kader/verein/1622/saison_id/2026/plus/1,b7bfc92e8e7c5a16b30c7b0ff346d1259614911747f68b6cb84920bb2afd1606,2026-09-12
GER3,FC Viktoria Köln 1904,1622,Niklas Swider,1009463,2007-01-05,Defensives Mittelfeld,20,2026-07-01,2027-06-30,[],https://www.transfermarkt.de/niklas-swider/profil/spieler/1009463,CONFIRMED,REVIEW_REQUIRED,https://www.transfermarkt.de/fc-viktoria-koln/kader/verein/1622/saison_id/2026/plus/1,b7bfc92e8e7c5a16b30c7b0ff346d1259614911747f68b6cb84920bb2afd1606,2026-09-12
GER3,FC Viktoria Köln 1904,1622,Niklas Jahn,744600,2004-07-26,Defensives Mittelfeld,16,2026-07-01,2028-06-30,"[""Neuzugang von: VfL Bochum II; Datum: 01.07.2026; Ablöse: ?""]",https://www.transfermarkt.de/niklas-jahn/profil/spieler/744600,CONFIRMED,STAGE_CURRENT_SQUAD,https://www.transfermarkt.de/fc-viktoria-koln/kader/verein/1622/saison_id/2026/plus/1,b7bfc92e8e7c5a16b30c7b0ff346d1259614911747f68b6cb84920bb2afd1606,2026-09-12
GER3,FC Viktoria Köln 1904,1622,Jason Amann,906598,2005-03-13,Defensives Mittelfeld,24,2026-07-01,2028-06-30,"[""Neuzugang von: 1.FSV Mainz 05 II; Datum: 01.07.2026; Ablöse: ablösefrei""]",https://www.transfermarkt.de/jason-amann/profil/spieler/906598,CONFIRMED,STAGE_CURRENT_SQUAD,https://www.transfermarkt.de/fc-viktoria-koln/kader/verein/1622/saison_id/2026/plus/1,b7bfc92e8e7c5a16b30c7b0ff346d1259614911747f68b6cb84920bb2afd1606,2026-09-12
GER3,FC Viktoria Köln 1904,1622,Lucas Wolf,447864,2001-08-28,Zentrales Mittelfeld,21,2025-07-01,2027-06-30,[],https://www.transfermarkt.de/lucas-wolf/profil/spieler/447864,CONFIRMED,STAGE_CURRENT_SQUAD,https://www.transfermarkt.de/fc-viktoria-koln/kader/verein/1622/saison_id/2026/plus/1,b7bfc92e8e7c5a16b30c7b0ff346d1259614911747f68b6cb84920bb2afd1606,2026-09-12
GER3,FC Viktoria Köln 1904,1622,Taylan Duman,314214,1997-07-30,Zentrales Mittelfeld,8,2026-01-26,2027-06-30,[],https://www.transfermarkt.de/taylan-duman/profil/spieler/314214,CONFIRMED,REVIEW_REQUIRED,https://www.transfermarkt.de/fc-viktoria-koln/kader/verein/1622/saison_id/2026/plus/1,b7bfc92e8e7c5a16b30c7b0ff346d1259614911747f68b6cb84920bb2afd1606,2026-09-12
GER3,FC Viktoria Köln 1904,1622,Yannick Tonye,796187,2004-09-18,Rechtes Mittelfeld,7,2025-07-01,2027-06-30,[],https://www.transfermarkt.de/yannick-tonye/profil/spieler/796187,CONFIRMED,STAGE_CURRENT_SQUAD,https://www.transfermarkt.de/fc-viktoria-koln/kader/verein/1622/saison_id/2026/plus/1,b7bfc92e8e7c5a16b30c7b0ff346d1259614911747f68b6cb84920bb2afd1606,2026-09-12
GER3,FC Viktoria Köln 1904,1622,Eric Gueye,529399,1999-11-10,Linkes Mittelfeld,11,2026-07-01,2028-06-30,"[""Neuzugang von: Rot-Weiß Oberhausen; Datum: 01.07.2026; Ablöse: ablösefrei""]",https://www.transfermarkt.de/eric-gueye/profil/spieler/529399,CONFIRMED,STAGE_CURRENT_SQUAD,https://www.transfermarkt.de/fc-viktoria-koln/kader/verein/1622/saison_id/2026/plus/1,b7bfc92e8e7c5a16b30c7b0ff346d1259614911747f68b6cb84920bb2afd1606,2026-09-12
GER3,FC Viktoria Köln 1904,1622,Niklas Castelle,908946,2002-08-27,Offensives Mittelfeld,44,2026-07-01,2028-06-30,"[""Neuzugang von: SSV Ulm 1846; Datum: 01.07.2026; Ablöse: ablösefrei""]",https://www.transfermarkt.de/niklas-castelle/profil/spieler/908946,CONFIRMED,REVIEW_REQUIRED,https://www.transfermarkt.de/fc-viktoria-koln/kader/verein/1622/saison_id/2026/plus/1,b7bfc92e8e7c5a16b30c7b0ff346d1259614911747f68b6cb84920bb2afd1606,2026-09-12
GER3,FC Viktoria Köln 1904,1622,Alexander Prokopenko,542454,2002-01-05,Offensives Mittelfeld,30,2026-07-01,2028-06-30,"[""Neuzugang von: FC Carl Zeiss Jena; Datum: 01.07.2026; Ablöse: ablösefrei""]",https://www.transfermarkt.de/alexander-prokopenko/profil/spieler/542454,CONFIRMED,STAGE_CURRENT_SQUAD,https://www.transfermarkt.de/fc-viktoria-koln/kader/verein/1622/saison_id/2026/plus/1,b7bfc92e8e7c5a16b30c7b0ff346d1259614911747f68b6cb84920bb2afd1606,2026-09-12
GER3,FC Viktoria Köln 1904,1622,Diego Perri,1161638,2007-09-20,Offensives Mittelfeld,25,2025-07-01,2027-06-30,[],https://www.transfermarkt.de/diego-perri/profil/spieler/1161638,CONFIRMED,STAGE_CURRENT_SQUAD,https://www.transfermarkt.de/fc-viktoria-koln/kader/verein/1622/saison_id/2026/plus/1,b7bfc92e8e7c5a16b30c7b0ff346d1259614911747f68b6cb84920bb2afd1606,2026-09-12
GER3,FC Viktoria Köln 1904,1622,David Otto,362184,1999-03-03,Mittelstürmer,10,2025-07-01,2027-06-30,[],https://www.transfermarkt.de/david-otto/profil/spieler/362184,CONFIRMED,STAGE_CURRENT_SQUAD,https://www.transfermarkt.de/fc-viktoria-koln/kader/verein/1622/saison_id/2026/plus/1,b7bfc92e8e7c5a16b30c7b0ff346d1259614911747f68b6cb84920bb2afd1606,2026-09-12
GER3,FC Viktoria Köln 1904,1622,Noah Maboulou,988243,2005-01-16,Mittelstürmer,37,2026-07-22,2027-06-30,[],https://www.transfermarkt.de/noah-maboulou/profil/spieler/988243,CONFIRMED,REVIEW_REQUIRED,https://www.transfermarkt.de/fc-viktoria-koln/kader/verein/1622/saison_id/2026/plus/1,b7bfc92e8e7c5a16b30c7b0ff346d1259614911747f68b6cb84920bb2afd1606,2026-09-12
GER3,FC Viktoria Köln 1904,1622,Jakob Sachse,1032922,2006-04-20,Mittelstürmer,9,2026-02-02,2027-06-30,[],https://www.transfermarkt.de/jakob-sachse/profil/spieler/1032922,CONFIRMED,REVIEW_REQUIRED,https://www.transfermarkt.de/fc-viktoria-koln/kader/verein/1622/saison_id/2026/plus/1,b7bfc92e8e7c5a16b30c7b0ff346d1259614911747f68b6cb84920bb2afd1606,2026-09-12
GER3,FC Ingolstadt 04,4795,Markus Ponath,601917,2001-01-13,Torwart,1,2022-07-01,2028-06-30,[],https://www.transfermarkt.de/markus-ponath/profil/spieler/601917,CONFIRMED,STAGE_CURRENT_SQUAD,https://www.transfermarkt.de/fc-ingolstadt-04/kader/verein/4795/saison_id/2026/plus/1,9602267b250c0007efa439f83a79d1bdd5376932fbafd7a4fc5bf6bcd1c6cbc5,2026-09-12
GER3,FC Ingolstadt 04,4795,David Klein,1130286,2006-04-27,Torwart,47,2025-07-01,2028-06-30,[],https://www.transfermarkt.de/david-klein/profil/spieler/1130286,CONFIRMED,STAGE_CURRENT_SQUAD,https://www.transfermarkt.de/fc-ingolstadt-04/kader/verein/4795/saison_id/2026/plus/1,9602267b250c0007efa439f83a79d1bdd5376932fbafd7a4fc5bf6bcd1c6cbc5,2026-09-12
GER3,FC Ingolstadt 04,4795,Rafael Eßlinger,907075,2005-11-07,Torwart,40,2026-07-27,2028-06-30,"[""Interner Wechsel: FC Ingolstadt 04 II; Datum: 27.07.2026""]",https://www.transfermarkt.de/rafael-esslinger/profil/spieler/907075,CONFIRMED,STAGE_CURRENT_SQUAD,https://www.transfermarkt.de/fc-ingolstadt-04/kader/verein/4795/saison_id/2026/plus/1,9602267b250c0007efa439f83a79d1bdd5376932fbafd7a4fc5bf6bcd1c6cbc5,2026-09-12
GER3,FC Ingolstadt 04,4795,Elias Decker,963259,2006-03-15,Innenverteidiger,4,2025-01-01,2027-06-30,"[""Rückkehr nach Leihe von: Hertha BSC II; Datum: 30.06.2026; Ablöse: Leih-Ende""]",https://www.transfermarkt.de/elias-decker/profil/spieler/963259,CONFIRMED,STAGE_CURRENT_SQUAD,https://www.transfermarkt.de/fc-ingolstadt-04/kader/verein/4795/saison_id/2026/plus/1,9602267b250c0007efa439f83a79d1bdd5376932fbafd7a4fc5bf6bcd1c6cbc5,2026-09-12
GER3,FC Ingolstadt 04,4795,Georgios Antzoulas,465537,2000-02-04,Innenverteidiger,6,2026-01-01,2027-06-30,[],https://www.transfermarkt.de/georgios-antzoulas/profil/spieler/465537,CONFIRMED,STAGE_CURRENT_SQUAD,https://www.transfermarkt.de/fc-ingolstadt-04/kader/verein/4795/saison_id/2026/plus/1,9602267b250c0007efa439f83a79d1bdd5376932fbafd7a4fc5bf6bcd1c6cbc5,2026-09-12
GER3,FC Ingolstadt 04,4795,Simon Lorenz,278459,1997-03-30,Innenverteidiger,32,2023-07-05,2030-06-30,[],https://www.transfermarkt.de/simon-lorenz/profil/spieler/278459,CONFIRMED,STAGE_CURRENT_SQUAD,https://www.transfermarkt.de/fc-ingolstadt-04/kader/verein/4795/saison_id/2026/plus/1,9602267b250c0007efa439f83a79d1bdd5376932fbafd7a4fc5bf6bcd1c6cbc5,2026-09-12
GER3,FC Ingolstadt 04,4795,Jonas Scholz,380285,1999-01-24,Innenverteidiger,15,2025-07-24,2027-06-30,[],https://www.transfermarkt.de/jonas-scholz/profil/spieler/380285,CONFIRMED,STAGE_CURRENT_SQUAD,https://www.transfermarkt.de/fc-ingolstadt-04/kader/verein/4795/saison_id/2026/plus/1,9602267b250c0007efa439f83a79d1bdd5376932fbafd7a4fc5bf6bcd1c6cbc5,2026-09-12
GER3,FC Ingolstadt 04,4795,Lukas Fröde,153628,1995-01-23,Innenverteidiger,34,2023-07-01,2027-06-30,[],https://www.transfermarkt.de/lukas-frode/profil/spieler/153628,CONFIRMED,STAGE_CURRENT_SQUAD,https://www.transfermarkt.de/fc-ingolstadt-04/kader/verein/4795/saison_id/2026/plus/1,9602267b250c0007efa439f83a79d1bdd5376932fbafd7a4fc5bf6bcd1c6cbc5,2026-09-12
GER3,FC Ingolstadt 04,4795,Jasper Maljojoki,572125,2002-06-11,Innenverteidiger,23,2025-07-25,2027-06-30,[],https://www.transfermarkt.de/jasper-maljojoki/profil/spieler/572125,CONFIRMED,STAGE_CURRENT_SQUAD,https://www.transfermarkt.de/fc-ingolstadt-04/kader/verein/4795/saison_id/2026/plus/1,9602267b250c0007efa439f83a79d1bdd5376932fbafd7a4fc5bf6bcd1c6cbc5,2026-09-12
GER3,FC Ingolstadt 04,4795,Tomislav Bagaric,1285006,2006-12-28,Innenverteidiger,27,2026-07-01,2028-06-30,"[""Interner Wechsel: FC Ingolstadt 04 II; Datum: 01.07.2026""]",https://www.transfermarkt.de/tomislav-bagaric/profil/spieler/1285006,CONFIRMED,STAGE_CURRENT_SQUAD,https://www.transfermarkt.de/fc-ingolstadt-04/kader/verein/4795/saison_id/2026/plus/1,9602267b250c0007efa439f83a79d1bdd5376932fbafd7a4fc5bf6bcd1c6cbc5,2026-09-12
GER3,FC Ingolstadt 04,4795,Keanan Bennetts,321096,1999-03-09,Linker Verteidiger,18,2026-07-18,2028-06-30,"[""Neuzugang von: Notts County; Datum: 18.07.2026; Ablöse: ablösefrei""]",https://www.transfermarkt.de/keanan-bennetts/profil/spieler/321096,CONFIRMED,STAGE_CURRENT_SQUAD,https://www.transfermarkt.de/fc-ingolstadt-04/kader/verein/4795/saison_id/2026/plus/1,9602267b250c0007efa439f83a79d1bdd5376932fbafd7a4fc5bf6bcd1c6cbc5,2026-09-12
GER3,FC Ingolstadt 04,4795,Linus Rosenlöcher,520983,2000-09-09,Linker Verteidiger,19,2025-07-01,2027-06-30,[],https://www.transfermarkt.de/linus-rosenlocher/profil/spieler/520983,CONFIRMED,STAGE_CURRENT_SQUAD,https://www.transfermarkt.de/fc-ingolstadt-04/kader/verein/4795/saison_id/2026/plus/1,9602267b250c0007efa439f83a79d1bdd5376932fbafd7a4fc5bf6bcd1c6cbc5,2026-09-12
GER3,FC Ingolstadt 04,4795,Yannick Deichmann,158805,1994-08-13,Rechter Verteidiger,20,2023-07-01,2028-06-30,[],https://www.transfermarkt.de/yannick-deichmann/profil/spieler/158805,CONFIRMED,STAGE_CURRENT_SQUAD,https://www.transfermarkt.de/fc-ingolstadt-04/kader/verein/4795/saison_id/2026/plus/1,9602267b250c0007efa439f83a79d1bdd5376932fbafd7a4fc5bf6bcd1c6cbc5,2026-09-12
GER3,FC Ingolstadt 04,4795,Davide-Danilo Sekulovic,912849,2004-09-11,Rechter Verteidiger,33,2025-09-15,2027-06-30,"[""Rückkehr nach Leihe von: SpVgg Bayreuth; Datum: 30.06.2026; Ablöse: Leih-Ende""]",https://www.transfermarkt.de/davide-danilo-sekulovic/profil/spieler/912849,CONFIRMED,STAGE_CURRENT_SQUAD,https://www.transfermarkt.de/fc-ingolstadt-04/kader/verein/4795/saison_id/2026/plus/1,9602267b250c0007efa439f83a79d1bdd5376932fbafd7a4fc5bf6bcd1c6cbc5,2026-09-12
GER3,FC Ingolstadt 04,4795,Noel Lakatos,1130288,2007-12-12,Rechter Verteidiger,2,2026-07-27,2027-06-30,"[""Interner Wechsel: FC Ingolstadt 04 II; Datum: 27.07.2026""]",https://www.transfermarkt.de/noel-lakatos/profil/spieler/1130288,CONFIRMED,STAGE_CURRENT_SQUAD,https://www.transfermarkt.de/fc-ingolstadt-04/kader/verein/4795/saison_id/2026/plus/1,9602267b250c0007efa439f83a79d1bdd5376932fbafd7a4fc5bf6bcd1c6cbc5,2026-09-12
GER3,FC Ingolstadt 04,4795,Vinko Sapina,88033,1995-06-29,Defensives Mittelfeld,41,2026-07-01,2028-06-30,"[""Neuzugang von: SG Dynamo Dresden; Datum: 01.07.2026; Ablöse: ablösefrei""]",https://www.transfermarkt.de/vinko-sapina/profil/spieler/88033,CONFIRMED,STAGE_CURRENT_SQUAD,https://www.transfermarkt.de/fc-ingolstadt-04/kader/verein/4795/saison_id/2026/plus/1,9602267b250c0007efa439f83a79d1bdd5376932fbafd7a4fc5bf6bcd1c6cbc5,2026-09-12
GER3,FC Ingolstadt 04,4795,Max Plath,918447,2005-07-01,Defensives Mittelfeld,14,2024-07-01,2027-06-30,[],https://www.transfermarkt.de/max-plath/profil/spieler/918447,CONFIRMED,STAGE_CURRENT_SQUAD,https://www.transfermarkt.de/fc-ingolstadt-04/kader/verein/4795/saison_id/2026/plus/1,9602267b250c0007efa439f83a79d1bdd5376932fbafd7a4fc5bf6bcd1c6cbc5,2026-09-12
GER3,FC Ingolstadt 04,4795,Fredrik Carlsen,612130,2001-12-01,Zentrales Mittelfeld,8,2025-07-24,2027-06-30,[],https://www.transfermarkt.de/fredrik-carlsen/profil/spieler/612130,CONFIRMED,STAGE_CURRENT_SQUAD,https://www.transfermarkt.de/fc-ingolstadt-04/kader/verein/4795/saison_id/2026/plus/1,9602267b250c0007efa439f83a79d1bdd5376932fbafd7a4fc5bf6bcd1c6cbc5,2026-09-12
GER3,FC Ingolstadt 04,4795,Benjamin Kanuric,580612,2003-02-26,Zentrales Mittelfeld,37,2026-07-16,2028-06-30,"[""Neuzugang von: Leixões SC; Datum: 16.07.2026; Ablöse: ablösefrei""]",https://www.transfermarkt.de/benjamin-kanuric/profil/spieler/580612,CONFIRMED,STAGE_CURRENT_SQUAD,https://www.transfermarkt.de/fc-ingolstadt-04/kader/verein/4795/saison_id/2026/plus/1,9602267b250c0007efa439f83a79d1bdd5376932fbafd7a4fc5bf6bcd1c6cbc5,2026-09-12
GER3,FC Ingolstadt 04,4795,Nishan Velupillay,888140,2001-05-07,Linksaußen,28,2026-08-19,,"[""Neuzugang von: Melbourne Victory; Datum: 19.08.2026; Ablöse: ?""]",https://www.transfermarkt.de/nishan-velupillay/profil/spieler/888140,CONFIRMED,REVIEW_REQUIRED,https://www.transfermarkt.de/fc-ingolstadt-04/kader/verein/4795/saison_id/2026/plus/1,9602267b250c0007efa439f83a79d1bdd5376932fbafd7a4fc5bf6bcd1c6cbc5,2026-09-12
GER3,FC Ingolstadt 04,4795,Dennis Kaygin,829257,2004-04-02,Linksaußen,10,2025-07-01,2027-06-30,[],https://www.transfermarkt.de/dennis-kaygin/profil/spieler/829257,CONFIRMED,STAGE_CURRENT_SQUAD,https://www.transfermarkt.de/fc-ingolstadt-04/kader/verein/4795/saison_id/2026/plus/1,9602267b250c0007efa439f83a79d1bdd5376932fbafd7a4fc5bf6bcd1c6cbc5,2026-09-12
GER3,FC Ingolstadt 04,4795,Joseph Ganda,456929,1997-03-10,Linksaußen,16,2026-07-23,2027-06-30,"[""Neuzugang von: Hannover 96 II; Datum: 23.07.2026; Ablöse: ablösefrei""]",https://www.transfermarkt.de/joseph-ganda/profil/spieler/456929,CONFIRMED,STAGE_CURRENT_SQUAD,https://www.transfermarkt.de/fc-ingolstadt-04/kader/verein/4795/saison_id/2026/plus/1,9602267b250c0007efa439f83a79d1bdd5376932fbafd7a4fc5bf6bcd1c6cbc5,2026-09-12
GER3,FC Ingolstadt 04,4795,Emre Gül,924778,2005-01-09,Rechtsaußen,5,2024-07-01,2027-06-30,[],https://www.transfermarkt.de/emre-gul/profil/spieler/924778,CONFIRMED,STAGE_CURRENT_SQUAD,https://www.transfermarkt.de/fc-ingolstadt-04/kader/verein/4795/saison_id/2026/plus/1,9602267b250c0007efa439f83a79d1bdd5376932fbafd7a4fc5bf6bcd1c6cbc5,2026-09-12
GER3,FC Ingolstadt 04,4795,Jong-min Seo,586231,2002-05-09,Rechtsaußen,7,2026-07-01,2029-06-30,"[""Neuzugang von: First Vienna FC; Datum: 01.07.2026; Ablöse: ablösefrei""]",https://www.transfermarkt.de/jong-min-seo/profil/spieler/586231,CONFIRMED,STAGE_CURRENT_SQUAD,https://www.transfermarkt.de/fc-ingolstadt-04/kader/verein/4795/saison_id/2026/plus/1,9602267b250c0007efa439f83a79d1bdd5376932fbafd7a4fc5bf6bcd1c6cbc5,2026-09-12
GER3,FC Ingolstadt 04,4795,Sejdo Durakov,859255,2007-01-07,Rechtsaußen,11,2026-07-01,2028-06-30,"[""Neuzugang von: Rot-Weiß Erfurt; Datum: 01.07.2026; Ablöse: ?""]",https://www.transfermarkt.de/sejdo-durakov/profil/spieler/859255,CONFIRMED,STAGE_CURRENT_SQUAD,https://www.transfermarkt.de/fc-ingolstadt-04/kader/verein/4795/saison_id/2026/plus/1,9602267b250c0007efa439f83a79d1bdd5376932fbafd7a4fc5bf6bcd1c6cbc5,2026-09-12
GER3,FC Ingolstadt 04,4795,Lars Lokotsch,425283,1996-05-17,Mittelstürmer,13,2026-07-01,2028-06-30,"[""Neuzugang von: Preußen Münster; Datum: 01.07.2026; Ablöse: ablösefrei""]",https://www.transfermarkt.de/lars-lokotsch/profil/spieler/425283,CONFIRMED,STAGE_CURRENT_SQUAD,https://www.transfermarkt.de/fc-ingolstadt-04/kader/verein/4795/saison_id/2026/plus/1,9602267b250c0007efa439f83a79d1bdd5376932fbafd7a4fc5bf6bcd1c6cbc5,2026-09-12
GER3,FC Ingolstadt 04,4795,Mason Toye,562388,1998-10-16,Mittelstürmer,9,2026-01-14,2027-06-30,[],https://www.transfermarkt.de/mason-toye/profil/spieler/562388,CONFIRMED,STAGE_CURRENT_SQUAD,https://www.transfermarkt.de/fc-ingolstadt-04/kader/verein/4795/saison_id/2026/plus/1,9602267b250c0007efa439f83a79d1bdd5376932fbafd7a4fc5bf6bcd1c6cbc5,2026-09-12
GER3,FC Ingolstadt 04,4795,Obed Chidindu Ugondu,1039271,2002-04-22,Mittelstürmer,17,2026-07-01,2028-06-30,"[""Neuzugang von: Rot-Weiß Erfurt; Datum: 01.07.2026; Ablöse: ablösefrei""]",https://www.transfermarkt.de/obed-chidindu-ugondu/profil/spieler/1039271,CONFIRMED,STAGE_CURRENT_SQUAD,https://www.transfermarkt.de/fc-ingolstadt-04/kader/verein/4795/saison_id/2026/plus/1,9602267b250c0007efa439f83a79d1bdd5376932fbafd7a4fc5bf6bcd1c6cbc5,2026-09-12
GER3,FC Ingolstadt 04,4795,Ognjen Drakulic,924784,2006-03-26,Mittelstürmer,30,2024-07-01,2027-06-30,[],https://www.transfermarkt.de/ognjen-drakulic/profil/spieler/924784,CONFIRMED,STAGE_CURRENT_SQUAD,https://www.transfermarkt.de/fc-ingolstadt-04/kader/verein/4795/saison_id/2026/plus/1,9602267b250c0007efa439f83a79d1bdd5376932fbafd7a4fc5bf6bcd1c6cbc5,2026-09-12
GER3,SSV Jahn Regensburg,109,Max Schmitt,937713,2006-01-18,Torwart,23,2026-07-01,2028-06-30,"[""Neuzugang von: FC Bayern München II; Datum: 01.07.2026; Ablöse: ?""]",https://www.transfermarkt.de/max-schmitt/profil/spieler/937713,CONFIRMED,REVIEW_REQUIRED,https://www.transfermarkt.de/ssv-jahn-regensburg/kader/verein/109/saison_id/2026/plus/1,910d9ceb2a6fd8df9083100aef021ed429578cccc99acb9d4ad7d388c93d13bd,2026-09-12
GER3,SSV Jahn Regensburg,109,Hannes Hermann,894692,2005-03-23,Torwart,1,2026-07-01,2027-06-30,[],https://www.transfermarkt.de/hannes-hermann/profil/spieler/894692,CONFIRMED,REVIEW_REQUIRED,https://www.transfermarkt.de/ssv-jahn-regensburg/kader/verein/109/saison_id/2026/plus/1,910d9ceb2a6fd8df9083100aef021ed429578cccc99acb9d4ad7d388c93d13bd,2026-09-12
GER3,SSV Jahn Regensburg,109,Alexander Weidinger,255633,1997-06-18,Torwart,32,2018-07-01,2027-06-30,[],https://www.transfermarkt.de/alexander-weidinger/profil/spieler/255633,CONFIRMED,STAGE_CURRENT_SQUAD,https://www.transfermarkt.de/ssv-jahn-regensburg/kader/verein/109/saison_id/2026/plus/1,910d9ceb2a6fd8df9083100aef021ed429578cccc99acb9d4ad7d388c93d13bd,2026-09-12
GER3,SSV Jahn Regensburg,109,Leopold Wurm,897431,2006-03-21,Innenverteidiger,37,2023-09-27,2027-06-30,[],https://www.transfermarkt.de/leopold-wurm/profil/spieler/897431,CONFIRMED,STAGE_CURRENT_SQUAD,https://www.transfermarkt.de/ssv-jahn-regensburg/kader/verein/109/saison_id/2026/plus/1,910d9ceb2a6fd8df9083100aef021ed429578cccc99acb9d4ad7d388c93d13bd,2026-09-12
GER3,SSV Jahn Regensburg,109,Felix Strauss,453786,2001-03-26,Innenverteidiger,4,2025-07-02,2027-06-30,[],https://www.transfermarkt.de/felix-strauss/profil/spieler/453786,CONFIRMED,STAGE_CURRENT_SQUAD,https://www.transfermarkt.de/ssv-jahn-regensburg/kader/verein/109/saison_id/2026/plus/1,910d9ceb2a6fd8df9083100aef021ed429578cccc99acb9d4ad7d388c93d13bd,2026-09-12
GER3,SSV Jahn Regensburg,109,Malte Karbstein,327631,1998-01-30,Innenverteidiger,44,2026-01-26,2027-06-30,[],https://www.transfermarkt.de/malte-karbstein/profil/spieler/327631,CONFIRMED,STAGE_CURRENT_SQUAD,https://www.transfermarkt.de/ssv-jahn-regensburg/kader/verein/109/saison_id/2026/plus/1,910d9ceb2a6fd8df9083100aef021ed429578cccc99acb9d4ad7d388c93d13bd,2026-09-12
GER3,SSV Jahn Regensburg,109,Leo Mätzler,526076,2002-04-17,Innenverteidiger,31,2025-07-04,2027-06-30,[],https://www.transfermarkt.de/leo-matzler/profil/spieler/526076,CONFIRMED,STAGE_CURRENT_SQUAD,https://www.transfermarkt.de/ssv-jahn-regensburg/kader/verein/109/saison_id/2026/plus/1,910d9ceb2a6fd8df9083100aef021ed429578cccc99acb9d4ad7d388c93d13bd,2026-09-12
GER3,SSV Jahn Regensburg,109,Ben Kieffer,1162003,2008-02-17,Innenverteidiger,36,2025-07-01,2027-06-30,[],https://www.transfermarkt.de/ben-kieffer/profil/spieler/1162003,CONFIRMED,STAGE_CURRENT_SQUAD,https://www.transfermarkt.de/ssv-jahn-regensburg/kader/verein/109/saison_id/2026/plus/1,910d9ceb2a6fd8df9083100aef021ed429578cccc99acb9d4ad7d388c93d13bd,2026-09-12
GER3,SSV Jahn Regensburg,109,Benedikt Bauer,653186,2003-08-17,Linker Verteidiger,26,2025-07-01,2027-06-30,[],https://www.transfermarkt.de/benedikt-bauer/profil/spieler/653186,CONFIRMED,STAGE_CURRENT_SQUAD,https://www.transfermarkt.de/ssv-jahn-regensburg/kader/verein/109/saison_id/2026/plus/1,910d9ceb2a6fd8df9083100aef021ed429578cccc99acb9d4ad7d388c93d13bd,2026-09-12
GER3,SSV Jahn Regensburg,109,Oscar Schönfelder,455933,2001-02-05,Linker Verteidiger,7,2023-07-01,2027-06-30,[],https://www.transfermarkt.de/oscar-schonfelder/profil/spieler/455933,CONFIRMED,STAGE_CURRENT_SQUAD,https://www.transfermarkt.de/ssv-jahn-regensburg/kader/verein/109/saison_id/2026/plus/1,910d9ceb2a6fd8df9083100aef021ed429578cccc99acb9d4ad7d388c93d13bd,2026-09-12
GER3,SSV Jahn Regensburg,109,Nicolas Oliveira,729165,2004-02-06,Rechter Verteidiger,25,2025-07-03,2027-06-30,[],https://www.transfermarkt.de/nicolas-oliveira/profil/spieler/729165,CONFIRMED,STAGE_CURRENT_SQUAD,https://www.transfermarkt.de/ssv-jahn-regensburg/kader/verein/109/saison_id/2026/plus/1,910d9ceb2a6fd8df9083100aef021ed429578cccc99acb9d4ad7d388c93d13bd,2026-09-12
GER3,SSV Jahn Regensburg,109,Robin Ziegele,280589,1997-03-13,Rechter Verteidiger,14,2023-07-01,2027-06-30,[],https://www.transfermarkt.de/robin-ziegele/profil/spieler/280589,CONFIRMED,STAGE_CURRENT_SQUAD,https://www.transfermarkt.de/ssv-jahn-regensburg/kader/verein/109/saison_id/2026/plus/1,910d9ceb2a6fd8df9083100aef021ed429578cccc99acb9d4ad7d388c93d13bd,2026-09-12
GER3,SSV Jahn Regensburg,109,Erik Majetschak,337083,2000-03-01,Defensives Mittelfeld,13,2026-07-01,2028-06-30,"[""Neuzugang von: FC Erzgebirge Aue; Datum: 01.07.2026; Ablöse: ablösefrei""]",https://www.transfermarkt.de/erik-majetschak/profil/spieler/337083,CONFIRMED,STAGE_CURRENT_SQUAD,https://www.transfermarkt.de/ssv-jahn-regensburg/kader/verein/109/saison_id/2026/plus/1,910d9ceb2a6fd8df9083100aef021ed429578cccc99acb9d4ad7d388c93d13bd,2026-09-12
GER3,SSV Jahn Regensburg,109,Benedikt Saller,93552,1992-09-22,Defensives Mittelfeld,6,2016-08-10,2027-06-30,[],https://www.transfermarkt.de/benedikt-saller/profil/spieler/93552,CONFIRMED,STAGE_CURRENT_SQUAD,https://www.transfermarkt.de/ssv-jahn-regensburg/kader/verein/109/saison_id/2026/plus/1,910d9ceb2a6fd8df9083100aef021ed429578cccc99acb9d4ad7d388c93d13bd,2026-09-12
GER3,SSV Jahn Regensburg,109,Sascha Hingerl,519412,1999-05-15,Defensives Mittelfeld,35,2026-01-03,2027-06-30,[],https://www.transfermarkt.de/sascha-hingerl/profil/spieler/519412,CONFIRMED,STAGE_CURRENT_SQUAD,https://www.transfermarkt.de/ssv-jahn-regensburg/kader/verein/109/saison_id/2026/plus/1,910d9ceb2a6fd8df9083100aef021ed429578cccc99acb9d4ad7d388c93d13bd,2026-09-12
GER3,SSV Jahn Regensburg,109,Adrian Fein,379979,1999-03-18,Zentrales Mittelfeld,29,2025-08-13,2028-06-30,[],https://www.transfermarkt.de/adrian-fein/profil/spieler/379979,CONFIRMED,STAGE_CURRENT_SQUAD,https://www.transfermarkt.de/ssv-jahn-regensburg/kader/verein/109/saison_id/2026/plus/1,910d9ceb2a6fd8df9083100aef021ed429578cccc99acb9d4ad7d388c93d13bd,2026-09-12
GER3,SSV Jahn Regensburg,109,Jakob Seibold,1051173,2006-02-02,Zentrales Mittelfeld,40,2025-12-18,2027-06-30,[],https://www.transfermarkt.de/jakob-seibold/profil/spieler/1051173,CONFIRMED,STAGE_CURRENT_SQUAD,https://www.transfermarkt.de/ssv-jahn-regensburg/kader/verein/109/saison_id/2026/plus/1,910d9ceb2a6fd8df9083100aef021ed429578cccc99acb9d4ad7d388c93d13bd,2026-09-12
GER3,SSV Jahn Regensburg,109,Nassim Boujellab,346332,1999-06-20,Rechtes Mittelfeld,10,2026-07-01,2028-06-30,"[""Neuzugang von: TSV Havelse; Datum: 01.07.2026; Ablöse: ablösefrei""]",https://www.transfermarkt.de/nassim-boujellab/profil/spieler/346332,CONFIRMED,STAGE_CURRENT_SQUAD,https://www.transfermarkt.de/ssv-jahn-regensburg/kader/verein/109/saison_id/2026/plus/1,910d9ceb2a6fd8df9083100aef021ed429578cccc99acb9d4ad7d388c93d13bd,2026-09-12
GER3,SSV Jahn Regensburg,109,Sebastian Stolze,157927,1995-01-29,Rechtes Mittelfeld,22,2025-07-21,2027-06-30,[],https://www.transfermarkt.de/sebastian-stolze/profil/spieler/157927,CONFIRMED,STAGE_CURRENT_SQUAD,https://www.transfermarkt.de/ssv-jahn-regensburg/kader/verein/109/saison_id/2026/plus/1,910d9ceb2a6fd8df9083100aef021ed429578cccc99acb9d4ad7d388c93d13bd,2026-09-12
GER3,SSV Jahn Regensburg,109,Davis Asante,622723,2003-04-15,Rechtes Mittelfeld,19,2025-07-01,2027-06-30,"[""Rückkehr nach Leihe von: SV Rödinghausen; Datum: 30.06.2026; Ablöse: Leih-Ende""]",https://www.transfermarkt.de/davis-asante/profil/spieler/622723,CONFIRMED,STAGE_CURRENT_SQUAD,https://www.transfermarkt.de/ssv-jahn-regensburg/kader/verein/109/saison_id/2026/plus/1,910d9ceb2a6fd8df9083100aef021ed429578cccc99acb9d4ad7d388c93d13bd,2026-09-12
GER3,SSV Jahn Regensburg,109,Zeteny Jano,692474,2005-03-13,Linkes Mittelfeld,21,2026-08-11,2028-06-30,"[""Neuzugang von: FC Red Bull Salzburg; Datum: 11.08.2026; Ablöse: ?""]",https://www.transfermarkt.de/zeteny-jano/profil/spieler/692474,CONFIRMED,REVIEW_REQUIRED,https://www.transfermarkt.de/ssv-jahn-regensburg/kader/verein/109/saison_id/2026/plus/1,910d9ceb2a6fd8df9083100aef021ed429578cccc99acb9d4ad7d388c93d13bd,2026-09-12
GER3,SSV Jahn Regensburg,109,David Philipp,342165,2000-04-10,Linkes Mittelfeld,8,2026-07-01,2028-06-30,"[""Neuzugang von: TSV 1860 München; Datum: 01.07.2026; Ablöse: ablösefrei""]",https://www.transfermarkt.de/david-philipp/profil/spieler/342165,CONFIRMED,STAGE_CURRENT_SQUAD,https://www.transfermarkt.de/ssv-jahn-regensburg/kader/verein/109/saison_id/2026/plus/1,910d9ceb2a6fd8df9083100aef021ed429578cccc99acb9d4ad7d388c93d13bd,2026-09-12
GER3,SSV Jahn Regensburg,109,Arian Dizdarevic,1302747,2009-05-27,Linkes Mittelfeld,42,2026-07-01,2029-06-30,"[""Interner Wechsel: SSV Jahn Regensburg U17; Datum: 01.07.2026""]",https://www.transfermarkt.de/arian-dizdarevic/profil/spieler/1302747,CONFIRMED,STAGE_CURRENT_SQUAD,https://www.transfermarkt.de/ssv-jahn-regensburg/kader/verein/109/saison_id/2026/plus/1,910d9ceb2a6fd8df9083100aef021ed429578cccc99acb9d4ad7d388c93d13bd,2026-09-12
GER3,SSV Jahn Regensburg,109,Marco Wörner,793728,2004-09-25,Mittelstürmer,11,2026-07-07,2027-06-30,[],https://www.transfermarkt.de/marco-worner/profil/spieler/793728,CONFIRMED,REVIEW_REQUIRED,https://www.transfermarkt.de/ssv-jahn-regensburg/kader/verein/109/saison_id/2026/plus/1,910d9ceb2a6fd8df9083100aef021ed429578cccc99acb9d4ad7d388c93d13bd,2026-09-12
GER3,SSV Jahn Regensburg,109,Patrick Hobsch,236543,1994-10-10,Mittelstürmer,34,2026-07-16,2028-06-30,"[""Neuzugang von: TSV 1860 München; Datum: 16.07.2026; Ablöse: ablösefrei""]",https://www.transfermarkt.de/patrick-hobsch/profil/spieler/236543,CONFIRMED,STAGE_CURRENT_SQUAD,https://www.transfermarkt.de/ssv-jahn-regensburg/kader/verein/109/saison_id/2026/plus/1,910d9ceb2a6fd8df9083100aef021ed429578cccc99acb9d4ad7d388c93d13bd,2026-09-12
GER3,SSV Jahn Regensburg,109,John Posselt,918130,2003-12-31,Mittelstürmer,20,2026-01-08,2027-06-30,[],https://www.transfermarkt.de/john-posselt/profil/spieler/918130,CONFIRMED,REVIEW_REQUIRED,https://www.transfermarkt.de/ssv-jahn-regensburg/kader/verein/109/saison_id/2026/plus/1,910d9ceb2a6fd8df9083100aef021ed429578cccc99acb9d4ad7d388c93d13bd,2026-09-12
GER3,SSV Jahn Regensburg,109,Florian Dietz,283871,1998-08-03,Mittelstürmer,9,2025-08-26,2027-06-30,[],https://www.transfermarkt.de/florian-dietz/profil/spieler/283871,CONFIRMED,STAGE_CURRENT_SQUAD,https://www.transfermarkt.de/ssv-jahn-regensburg/kader/verein/109/saison_id/2026/plus/1,910d9ceb2a6fd8df9083100aef021ed429578cccc99acb9d4ad7d388c93d13bd,2026-09-12
GER3,SSV Jahn Regensburg,109,Lucas Hermes,451243,2000-03-23,Mittelstürmer,27,2025-07-01,2027-06-30,[],https://www.transfermarkt.de/lucas-hermes/profil/spieler/451243,CONFIRMED,STAGE_CURRENT_SQUAD,https://www.transfermarkt.de/ssv-jahn-regensburg/kader/verein/109/saison_id/2026/plus/1,910d9ceb2a6fd8df9083100aef021ed429578cccc99acb9d4ad7d388c93d13bd,2026-09-12
GER3,VfB Stuttgart,102,Jerik von der Felsen,829297,2004-10-22,Torwart,1,2025-07-01,2027-06-30,[],https://www.transfermarkt.de/jerik-von-der-felsen/profil/spieler/829297,CONFIRMED,STAGE_CURRENT_SQUAD,https://www.transfermarkt.de/vfb-stuttgart-ii/kader/verein/102/saison_id/2026/plus/1,282836c83b3d06fc536ab783944214e6762cd5b47e8b5db9908690b0565ef593,2026-09-12
GER3,VfB Stuttgart,102,Julian Bock,912834,2004-05-29,Torwart,22,2026-07-01,2027-06-30,"[""Neuzugang von: FC Luzern; Datum: 01.07.2026; Ablöse: ablösefrei""]",https://www.transfermarkt.de/julian-bock/profil/spieler/912834,CONFIRMED,STAGE_CURRENT_SQUAD,https://www.transfermarkt.de/vfb-stuttgart-ii/kader/verein/102/saison_id/2026/plus/1,282836c83b3d06fc536ab783944214e6762cd5b47e8b5db9908690b0565ef593,2026-09-12
GER3,VfB Stuttgart,102,Dominik Draband,197969,1996-03-07,Torwart,28,2023-07-01,2028-06-30,[],https://www.transfermarkt.de/dominik-draband/profil/spieler/197969,CONFIRMED,STAGE_CURRENT_SQUAD,https://www.transfermarkt.de/vfb-stuttgart-ii/kader/verein/102/saison_id/2026/plus/1,282836c83b3d06fc536ab783944214e6762cd5b47e8b5db9908690b0565ef593,2026-09-12
GER3,VfB Stuttgart,102,Maximilian Herwerth,989613,2006-02-09,Innenverteidiger,4,2024-07-01,2027-06-30,[],https://www.transfermarkt.de/maximilian-herwerth/profil/spieler/989613,CONFIRMED,STAGE_CURRENT_SQUAD,https://www.transfermarkt.de/vfb-stuttgart-ii/kader/verein/102/saison_id/2026/plus/1,282836c83b3d06fc536ab783944214e6762cd5b47e8b5db9908690b0565ef593,2026-09-12
GER3,VfB Stuttgart,102,Tim Köhler,913429,2005-05-02,Innenverteidiger,13,2025-08-08,2027-06-30,[],https://www.transfermarkt.de/tim-kohler/profil/spieler/913429,CONFIRMED,STAGE_CURRENT_SQUAD,https://www.transfermarkt.de/vfb-stuttgart-ii/kader/verein/102/saison_id/2026/plus/1,282836c83b3d06fc536ab783944214e6762cd5b47e8b5db9908690b0565ef593,2026-09-12
GER3,VfB Stuttgart,102,Dominik Nothnagel,161062,1994-12-28,Innenverteidiger,29,2021-07-01,2027-06-30,[],https://www.transfermarkt.de/dominik-nothnagel/profil/spieler/161062,CONFIRMED,STAGE_CURRENT_SQUAD,https://www.transfermarkt.de/vfb-stuttgart-ii/kader/verein/102/saison_id/2026/plus/1,282836c83b3d06fc536ab783944214e6762cd5b47e8b5db9908690b0565ef593,2026-09-12
GER3,VfB Stuttgart,102,Alexander Groiß,270164,1998-07-01,Innenverteidiger,6,2023-07-01,2027-06-30,[],https://www.transfermarkt.de/alexander-groiss/profil/spieler/270164,CONFIRMED,STAGE_CURRENT_SQUAD,https://www.transfermarkt.de/vfb-stuttgart-ii/kader/verein/102/saison_id/2026/plus/1,282836c83b3d06fc536ab783944214e6762cd5b47e8b5db9908690b0565ef593,2026-09-12
GER3,VfB Stuttgart,102,Luca Berreth,1453381,2009-11-25,Innenverteidiger,34,,2030-06-30,[],https://www.transfermarkt.de/luca-berreth/profil/spieler/1453381,CONFIRMED,REVIEW_REQUIRED,https://www.transfermarkt.de/vfb-stuttgart-ii/kader/verein/102/saison_id/2026/plus/1,282836c83b3d06fc536ab783944214e6762cd5b47e8b5db9908690b0565ef593,2026-09-12
GER3,VfB Stuttgart,102,Peter Reinhardt,907479,2005-01-23,Innenverteidiger,40,2024-07-01,2027-06-30,"[""Rückkehr nach Leihe von: FV Illertissen 1921; Datum: 30.06.2026; Ablöse: Leih-Ende""]",https://www.transfermarkt.de/peter-reinhardt/profil/spieler/907479,CONFIRMED,REVIEW_REQUIRED,https://www.transfermarkt.de/vfb-stuttgart-ii/kader/verein/102/saison_id/2026/plus/1,282836c83b3d06fc536ab783944214e6762cd5b47e8b5db9908690b0565ef593,2026-09-12
GER3,VfB Stuttgart,102,Tom Santos,1159568,2007-02-20,Innenverteidiger,32,2026-07-01,2027-06-30,"[""Interner Wechsel: VfB Stuttgart U19; Datum: 01.07.2026""]",https://www.transfermarkt.de/tom-santos/profil/spieler/1159568,CONFIRMED,STAGE_CURRENT_SQUAD,https://www.transfermarkt.de/vfb-stuttgart-ii/kader/verein/102/saison_id/2026/plus/1,282836c83b3d06fc536ab783944214e6762cd5b47e8b5db9908690b0565ef593,2026-09-12
GER3,VfB Stuttgart,102,Joyeux Masanka Bungi,990146,2007-01-24,Linker Verteidiger,24,2026-09-01,2027-06-30,[],https://www.transfermarkt.de/joyeux-masanka-bungi/profil/spieler/990146,CONFIRMED,REVIEW_REQUIRED,https://www.transfermarkt.de/vfb-stuttgart-ii/kader/verein/102/saison_id/2026/plus/1,282836c83b3d06fc536ab783944214e6762cd5b47e8b5db9908690b0565ef593,2026-09-12
GER3,VfB Stuttgart,102,David Preu,745075,2004-10-26,Linker Verteidiger,37,2026-07-02,2028-06-30,"[""Neuzugang von: 1.FC Union Berlin; Datum: 02.07.2026; Ablöse: 100 Tsd. €""]",https://www.transfermarkt.de/david-preu/profil/spieler/745075,CONFIRMED,STAGE_CURRENT_SQUAD,https://www.transfermarkt.de/vfb-stuttgart-ii/kader/verein/102/saison_id/2026/plus/1,282836c83b3d06fc536ab783944214e6762cd5b47e8b5db9908690b0565ef593,2026-09-12
GER3,VfB Stuttgart,102,Collin Schramm,1297515,2008-05-03,Linker Verteidiger,23,2026-07-01,2028-06-30,"[""Interner Wechsel: VfB Stuttgart U19; Datum: 01.07.2026""]",https://www.transfermarkt.de/collin-schramm/profil/spieler/1297515,CONFIRMED,STAGE_CURRENT_SQUAD,https://www.transfermarkt.de/vfb-stuttgart-ii/kader/verein/102/saison_id/2026/plus/1,282836c83b3d06fc536ab783944214e6762cd5b47e8b5db9908690b0565ef593,2026-09-12
GER3,VfB Stuttgart,102,Michael Glück,679681,2003-06-13,Rechter Verteidiger,35,2024-07-01,,[],https://www.transfermarkt.de/michael-gluck/profil/spieler/679681,CONFIRMED,REVIEW_REQUIRED,https://www.transfermarkt.de/vfb-stuttgart-ii/kader/verein/102/saison_id/2026/plus/1,282836c83b3d06fc536ab783944214e6762cd5b47e8b5db9908690b0565ef593,2026-09-12
GER3,VfB Stuttgart,102,Antonijo Janjic,1133884,2007-02-03,Rechter Verteidiger,17,2026-07-01,2027-06-30,"[""Interner Wechsel: VfB Stuttgart U19; Datum: 01.07.2026""]",https://www.transfermarkt.de/antonijo-janjic/profil/spieler/1133884,CONFIRMED,STAGE_CURRENT_SQUAD,https://www.transfermarkt.de/vfb-stuttgart-ii/kader/verein/102/saison_id/2026/plus/1,282836c83b3d06fc536ab783944214e6762cd5b47e8b5db9908690b0565ef593,2026-09-12
GER3,VfB Stuttgart,102,Julian Lüers,957629,2006-01-25,Defensives Mittelfeld,18,2025-07-01,2027-06-30,[],https://www.transfermarkt.de/julian-luers/profil/spieler/957629,CONFIRMED,STAGE_CURRENT_SQUAD,https://www.transfermarkt.de/vfb-stuttgart-ii/kader/verein/102/saison_id/2026/plus/1,282836c83b3d06fc536ab783944214e6762cd5b47e8b5db9908690b0565ef593,2026-09-12
GER3,VfB Stuttgart,102,Veit Stange,787152,2004-02-08,Defensives Mittelfeld,31,2026-07-01,2028-06-30,"[""Neuzugang von: Borussia Mönchengladbach II; Datum: 01.07.2026; Ablöse: ablösefrei""]",https://www.transfermarkt.de/veit-stange/profil/spieler/787152,CONFIRMED,STAGE_CURRENT_SQUAD,https://www.transfermarkt.de/vfb-stuttgart-ii/kader/verein/102/saison_id/2026/plus/1,282836c83b3d06fc536ab783944214e6762cd5b47e8b5db9908690b0565ef593,2026-09-12
GER3,VfB Stuttgart,102,Yanik Spalt,960462,2007-09-03,Zentrales Mittelfeld,8,2026-01-01,2028-06-30,[],https://www.transfermarkt.de/yanik-spalt/profil/spieler/960462,CONFIRMED,STAGE_CURRENT_SQUAD,https://www.transfermarkt.de/vfb-stuttgart-ii/kader/verein/102/saison_id/2026/plus/1,282836c83b3d06fc536ab783944214e6762cd5b47e8b5db9908690b0565ef593,2026-09-12
GER3,VfB Stuttgart,102,Ertugrul Yigit,1297520,2009-01-08,Zentrales Mittelfeld,19,,2029-06-30,[],https://www.transfermarkt.de/ertugrul-yigit/profil/spieler/1297520,CONFIRMED,REVIEW_REQUIRED,https://www.transfermarkt.de/vfb-stuttgart-ii/kader/verein/102/saison_id/2026/plus/1,282836c83b3d06fc536ab783944214e6762cd5b47e8b5db9908690b0565ef593,2026-09-12
GER3,VfB Stuttgart,102,Jarzinho Malanga,1031774,2006-07-10,Offensives Mittelfeld,27,2024-07-01,2028-06-30,"[""Rückkehr nach Leihe von: SV 07 Elversberg; Datum: 30.06.2026; Ablöse: Leih-Ende""]",https://www.transfermarkt.de/jarzinho-malanga/profil/spieler/1031774,CONFIRMED,REVIEW_REQUIRED,https://www.transfermarkt.de/vfb-stuttgart-ii/kader/verein/102/saison_id/2026/plus/1,282836c83b3d06fc536ab783944214e6762cd5b47e8b5db9908690b0565ef593,2026-09-12
GER3,VfB Stuttgart,102,Nicolas Sessa,259135,1996-03-23,Offensives Mittelfeld,10,2024-07-01,2028-06-30,[],https://www.transfermarkt.de/nicolas-sessa/profil/spieler/259135,CONFIRMED,STAGE_CURRENT_SQUAD,https://www.transfermarkt.de/vfb-stuttgart-ii/kader/verein/102/saison_id/2026/plus/1,282836c83b3d06fc536ab783944214e6762cd5b47e8b5db9908690b0565ef593,2026-09-12
GER3,VfB Stuttgart,102,Lauri Penna,1031773,2006-07-02,Rechtsaußen,7,2025-07-01,2027-06-30,[],https://www.transfermarkt.de/lauri-penna/profil/spieler/1031773,CONFIRMED,STAGE_CURRENT_SQUAD,https://www.transfermarkt.de/vfb-stuttgart-ii/kader/verein/102/saison_id/2026/plus/1,282836c83b3d06fc536ab783944214e6762cd5b47e8b5db9908690b0565ef593,2026-09-12
GER3,VfB Stuttgart,102,Neno Zezelj,1200914,2008-05-20,Rechtsaußen,21,2026-07-01,2028-06-30,"[""Interner Wechsel: VfB Stuttgart U19; Datum: 01.07.2026""]",https://www.transfermarkt.de/neno-zezelj/profil/spieler/1200914,CONFIRMED,STAGE_CURRENT_SQUAD,https://www.transfermarkt.de/vfb-stuttgart-ii/kader/verein/102/saison_id/2026/plus/1,282836c83b3d06fc536ab783944214e6762cd5b47e8b5db9908690b0565ef593,2026-09-12
GER3,VfB Stuttgart,102,Kian Speidel,1297527,2009-02-20,Mittelstürmer,25,,2027-06-30,[],https://www.transfermarkt.de/kian-speidel/profil/spieler/1297527,CONFIRMED,REVIEW_REQUIRED,https://www.transfermarkt.de/vfb-stuttgart-ii/kader/verein/102/saison_id/2026/plus/1,282836c83b3d06fc536ab783944214e6762cd5b47e8b5db9908690b0565ef593,2026-09-12
GER3,VfB Stuttgart,102,Tim van der Leij,1030528,2006-03-06,Mittelstürmer,9,2026-07-01,2030-06-30,"[""Neuzugang von: RKC Waalwijk; Datum: 01.07.2026; Ablöse: 1,20 Mio. €""]",https://www.transfermarkt.de/tim-van-der-leij/profil/spieler/1030528,CONFIRMED,STAGE_CURRENT_SQUAD,https://www.transfermarkt.de/vfb-stuttgart-ii/kader/verein/102/saison_id/2026/plus/1,282836c83b3d06fc536ab783944214e6762cd5b47e8b5db9908690b0565ef593,2026-09-12
GER3,VfB Stuttgart,102,Eliot Bujupi,907483,2006-07-03,Mittelstürmer,38,2025-01-01,,"[""Rückkehr nach Leihe von: KVC Westerlo; Datum: 30.06.2026; Ablöse: Leih-Ende""]",https://www.transfermarkt.de/eliot-bujupi/profil/spieler/907483,CONFIRMED,REVIEW_REQUIRED,https://www.transfermarkt.de/vfb-stuttgart-ii/kader/verein/102/saison_id/2026/plus/1,282836c83b3d06fc536ab783944214e6762cd5b47e8b5db9908690b0565ef593,2026-09-12
GER3,VfB Stuttgart,102,Jordan Majchrzak,846302,2004-10-08,Mittelstürmer,30,2025-08-08,2027-06-30,[],https://www.transfermarkt.de/jordan-majchrzak/profil/spieler/846302,CONFIRMED,STAGE_CURRENT_SQUAD,https://www.transfermarkt.de/vfb-stuttgart-ii/kader/verein/102/saison_id/2026/plus/1,282836c83b3d06fc536ab783944214e6762cd5b47e8b5db9908690b0565ef593,2026-09-12
GER3,VfB Stuttgart,102,Oliver Rölke,904975,2005-01-06,Mittelstürmer,11,2026-07-01,2028-06-30,"[""Neuzugang von: Hertha BSC II; Datum: 01.07.2026; Ablöse: ?""]",https://www.transfermarkt.de/oliver-rolke/profil/spieler/904975,CONFIRMED,STAGE_CURRENT_SQUAD,https://www.transfermarkt.de/vfb-stuttgart-ii/kader/verein/102/saison_id/2026/plus/1,282836c83b3d06fc536ab783944214e6762cd5b47e8b5db9908690b0565ef593,2026-09-12
GER3,VfB Stuttgart,102,Jonathan Akaegbobi,905404,2006-04-25,Mittelstürmer,16,2026-09-01,2027-06-30,[],https://www.transfermarkt.de/jonathan-akaegbobi/profil/spieler/905404,CONFIRMED,REVIEW_REQUIRED,https://www.transfermarkt.de/vfb-stuttgart-ii/kader/verein/102/saison_id/2026/plus/1,282836c83b3d06fc536ab783944214e6762cd5b47e8b5db9908690b0565ef593,2026-09-12
GER3,VfB Stuttgart,102,Enis Redzepi,1297517,2008-03-12,Mittelstürmer,39,,2028-06-30,[],https://www.transfermarkt.de/enis-redzepi/profil/spieler/1297517,CONFIRMED,REVIEW_REQUIRED,https://www.transfermarkt.de/vfb-stuttgart-ii/kader/verein/102/saison_id/2026/plus/1,282836c83b3d06fc536ab783944214e6762cd5b47e8b5db9908690b0565ef593,2026-09-12
GER3,1. FC Saarbrücken,1,Matteo Bignetti,629032,2004-05-06,Torwart,1,2026-07-01,2028-06-30,"[""Neuzugang von: SK Sturm Graz; Datum: 01.07.2026; Ablöse: ablösefrei""]",https://www.transfermarkt.de/matteo-bignetti/profil/spieler/629032,CONFIRMED,STAGE_CURRENT_SQUAD,https://www.transfermarkt.de/1-fc-saarbrucken/kader/verein/1/saison_id/2026/plus/1,c2a771ee3b9af8a2a73329774d02f459ed75e0faf23ff6531e00889776b2c7d8,2026-09-12
GER3,1. FC Saarbrücken,1,Kevin Broll,161075,1995-08-23,Torwart,33,2026-07-01,2028-06-30,"[""Neuzugang von: SV Wehen Wiesbaden; Datum: 01.07.2026; Ablöse: ablösefrei""]",https://www.transfermarkt.de/kevin-broll/profil/spieler/161075,CONFIRMED,STAGE_CURRENT_SQUAD,https://www.transfermarkt.de/1-fc-saarbrucken/kader/verein/1/saison_id/2026/plus/1,c2a771ee3b9af8a2a73329774d02f459ed75e0faf23ff6531e00889776b2c7d8,2026-09-12
GER3,1. FC Saarbrücken,1,Benjamin Lade,896350,2006-06-28,Torwart,23,2026-07-01,2028-06-30,"[""Neuzugang von: TSG 1899 Hoffenheim II; Datum: 01.07.2026; Ablöse: ablösefrei""]",https://www.transfermarkt.de/benjamin-lade/profil/spieler/896350,CONFIRMED,STAGE_CURRENT_SQUAD,https://www.transfermarkt.de/1-fc-saarbrucken/kader/verein/1/saison_id/2026/plus/1,c2a771ee3b9af8a2a73329774d02f459ed75e0faf23ff6531e00889776b2c7d8,2026-09-12
GER3,1. FC Saarbrücken,1,Mladen Cvjetinovic,688639,2003-09-18,Innenverteidiger,21,2026-07-01,2027-06-30,[],https://www.transfermarkt.de/mladen-cvjetinovic/profil/spieler/688639,CONFIRMED,REVIEW_REQUIRED,https://www.transfermarkt.de/1-fc-saarbrucken/kader/verein/1/saison_id/2026/plus/1,c2a771ee3b9af8a2a73329774d02f459ed75e0faf23ff6531e00889776b2c7d8,2026-09-12
GER3,1. FC Saarbrücken,1,Siemen Voet,460845,2000-02-03,Innenverteidiger,4,2026-07-01,,"[""Neuzugang von: TSV 1860 München; Datum: 01.07.2026; Ablöse: ablösefrei""]",https://www.transfermarkt.de/siemen-voet/profil/spieler/460845,CONFIRMED,STAGE_CURRENT_SQUAD,https://www.transfermarkt.de/1-fc-saarbrucken/kader/verein/1/saison_id/2026/plus/1,c2a771ee3b9af8a2a73329774d02f459ed75e0faf23ff6531e00889776b2c7d8,2026-09-12
GER3,1. FC Saarbrücken,1,Abdoulaye Kamara,718232,2004-11-06,Innenverteidiger,15,2025-09-01,2027-06-30,[],https://www.transfermarkt.de/abdoulaye-kamara/profil/spieler/718232,CONFIRMED,STAGE_CURRENT_SQUAD,https://www.transfermarkt.de/1-fc-saarbrucken/kader/verein/1/saison_id/2026/plus/1,c2a771ee3b9af8a2a73329774d02f459ed75e0faf23ff6531e00889776b2c7d8,2026-09-12
GER3,1. FC Saarbrücken,1,Nikola Aracic,600951,2000-09-02,Innenverteidiger,26,2026-07-01,2028-06-30,"[""Neuzugang von: SC Wiedenbrück; Datum: 01.07.2026; Ablöse: ablösefrei""]",https://www.transfermarkt.de/nikola-aracic/profil/spieler/600951,CONFIRMED,STAGE_CURRENT_SQUAD,https://www.transfermarkt.de/1-fc-saarbrucken/kader/verein/1/saison_id/2026/plus/1,c2a771ee3b9af8a2a73329774d02f459ed75e0faf23ff6531e00889776b2c7d8,2026-09-12
GER3,1. FC Saarbrücken,1,Niko Bretschneider,397677,1999-08-10,Linker Verteidiger,28,2025-07-01,2027-06-30,[],https://www.transfermarkt.de/niko-bretschneider/profil/spieler/397677,CONFIRMED,STAGE_CURRENT_SQUAD,https://www.transfermarkt.de/1-fc-saarbrucken/kader/verein/1/saison_id/2026/plus/1,c2a771ee3b9af8a2a73329774d02f459ed75e0faf23ff6531e00889776b2c7d8,2026-09-12
GER3,1. FC Saarbrücken,1,Anton Bäuerle,922363,2005-04-30,Linker Verteidiger,3,2026-07-01,2028-06-30,"[""Neuzugang von: SC Paderborn 07 II; Datum: 01.07.2026; Ablöse: ablösefrei""]",https://www.transfermarkt.de/anton-bauerle/profil/spieler/922363,CONFIRMED,STAGE_CURRENT_SQUAD,https://www.transfermarkt.de/1-fc-saarbrucken/kader/verein/1/saison_id/2026/plus/1,c2a771ee3b9af8a2a73329774d02f459ed75e0faf23ff6531e00889776b2c7d8,2026-09-12
GER3,1. FC Saarbrücken,1,Nils Krämer,1278961,2007-09-07,Linker Verteidiger,34,2026-07-01,2027-06-30,"[""Interner Wechsel: 1.FC Saarbrücken U19; Datum: 01.07.2026""]",https://www.transfermarkt.de/nils-kramer/profil/spieler/1278961,CONFIRMED,STAGE_CURRENT_SQUAD,https://www.transfermarkt.de/1-fc-saarbrucken/kader/verein/1/saison_id/2026/plus/1,c2a771ee3b9af8a2a73329774d02f459ed75e0faf23ff6531e00889776b2c7d8,2026-09-12
GER3,1. FC Saarbrücken,1,Philip Fahrner,690425,2003-01-02,Rechter Verteidiger,42,2024-07-01,2028-06-30,[],https://www.transfermarkt.de/philip-fahrner/profil/spieler/690425,CONFIRMED,STAGE_CURRENT_SQUAD,https://www.transfermarkt.de/1-fc-saarbrucken/kader/verein/1/saison_id/2026/plus/1,c2a771ee3b9af8a2a73329774d02f459ed75e0faf23ff6531e00889776b2c7d8,2026-09-12
GER3,1. FC Saarbrücken,1,Calogero Rizzuto,93753,1992-01-05,Rechter Verteidiger,7,2022-09-28,2027-06-30,[],https://www.transfermarkt.de/calogero-rizzuto/profil/spieler/93753,CONFIRMED,STAGE_CURRENT_SQUAD,https://www.transfermarkt.de/1-fc-saarbrucken/kader/verein/1/saison_id/2026/plus/1,c2a771ee3b9af8a2a73329774d02f459ed75e0faf23ff6531e00889776b2c7d8,2026-09-12
GER3,1. FC Saarbrücken,1,Patrick Sontheimer,296897,1998-07-03,Defensives Mittelfeld,6,2023-07-01,2027-06-30,[],https://www.transfermarkt.de/patrick-sontheimer/profil/spieler/296897,CONFIRMED,STAGE_CURRENT_SQUAD,https://www.transfermarkt.de/1-fc-saarbrucken/kader/verein/1/saison_id/2026/plus/1,c2a771ee3b9af8a2a73329774d02f459ed75e0faf23ff6531e00889776b2c7d8,2026-09-12
GER3,1. FC Saarbrücken,1,Sebastian Vasiliadis,333516,1997-10-04,Zentrales Mittelfeld,19,2024-07-01,2027-06-30,[],https://www.transfermarkt.de/sebastian-vasiliadis/profil/spieler/333516,CONFIRMED,STAGE_CURRENT_SQUAD,https://www.transfermarkt.de/1-fc-saarbrucken/kader/verein/1/saison_id/2026/plus/1,c2a771ee3b9af8a2a73329774d02f459ed75e0faf23ff6531e00889776b2c7d8,2026-09-12
GER3,1. FC Saarbrücken,1,Daniel Gleiber,906969,2005-02-01,Zentrales Mittelfeld,5,2026-07-01,2027-06-30,[],https://www.transfermarkt.de/daniel-gleiber/profil/spieler/906969,CONFIRMED,REVIEW_REQUIRED,https://www.transfermarkt.de/1-fc-saarbrucken/kader/verein/1/saison_id/2026/plus/1,c2a771ee3b9af8a2a73329774d02f459ed75e0faf23ff6531e00889776b2c7d8,2026-09-12
GER3,1. FC Saarbrücken,1,Zac Shuaib,1150262,2007-03-17,Zentrales Mittelfeld,14,2026-07-01,2028-06-30,"[""Neuzugang von: Real Sociedad C; Datum: 01.07.2026; Ablöse: ?""]",https://www.transfermarkt.de/zac-shuaib/profil/spieler/1150262,CONFIRMED,STAGE_CURRENT_SQUAD,https://www.transfermarkt.de/1-fc-saarbrucken/kader/verein/1/saison_id/2026/plus/1,c2a771ee3b9af8a2a73329774d02f459ed75e0faf23ff6531e00889776b2c7d8,2026-09-12
GER3,1. FC Saarbrücken,1,Christian Kühlwetter,184204,1996-04-21,Offensives Mittelfeld,10,2026-07-01,2028-06-30,"[""Neuzugang von: SSV Jahn Regensburg; Datum: 01.07.2026; Ablöse: ablösefrei""]",https://www.transfermarkt.de/christian-kuhlwetter/profil/spieler/184204,CONFIRMED,STAGE_CURRENT_SQUAD,https://www.transfermarkt.de/1-fc-saarbrucken/kader/verein/1/saison_id/2026/plus/1,c2a771ee3b9af8a2a73329774d02f459ed75e0faf23ff6531e00889776b2c7d8,2026-09-12
GER3,1. FC Saarbrücken,1,Kaan Caliskaner,561647,1999-11-03,Offensives Mittelfeld,22,2025-09-17,2028-06-30,[],https://www.transfermarkt.de/kaan-caliskaner/profil/spieler/561647,CONFIRMED,STAGE_CURRENT_SQUAD,https://www.transfermarkt.de/1-fc-saarbrucken/kader/verein/1/saison_id/2026/plus/1,c2a771ee3b9af8a2a73329774d02f459ed75e0faf23ff6531e00889776b2c7d8,2026-09-12
GER3,1. FC Saarbrücken,1,Gökdeniz Gürpüz,884821,2006-02-25,Offensives Mittelfeld,8,2026-07-01,2028-06-30,"[""Neuzugang von: Galatasaray; Datum: 01.07.2026; Ablöse: ablösefrei""]",https://www.transfermarkt.de/gokdeniz-gurpuz/profil/spieler/884821,CONFIRMED,STAGE_CURRENT_SQUAD,https://www.transfermarkt.de/1-fc-saarbrucken/kader/verein/1/saison_id/2026/plus/1,c2a771ee3b9af8a2a73329774d02f459ed75e0faf23ff6531e00889776b2c7d8,2026-09-12
GER3,1. FC Saarbrücken,1,Abdenego Nankishi,455662,2002-07-06,Linksaußen,17,2026-07-01,2028-06-30,"[""Neuzugang von: VfB Stuttgart II; Datum: 01.07.2026; Ablöse: ablösefrei""]",https://www.transfermarkt.de/abdenego-nankishi/profil/spieler/455662,CONFIRMED,STAGE_CURRENT_SQUAD,https://www.transfermarkt.de/1-fc-saarbrucken/kader/verein/1/saison_id/2026/plus/1,c2a771ee3b9af8a2a73329774d02f459ed75e0faf23ff6531e00889776b2c7d8,2026-09-12
GER3,1. FC Saarbrücken,1,Kelsey Owusu,729181,2004-06-19,Linksaußen,31,2026-07-01,2027-06-30,"[""Neuzugang von: Rot-Weiss Essen; Datum: 01.07.2026; Ablöse: ablösefrei""]",https://www.transfermarkt.de/kelsey-owusu/profil/spieler/729181,CONFIRMED,STAGE_CURRENT_SQUAD,https://www.transfermarkt.de/1-fc-saarbrucken/kader/verein/1/saison_id/2026/plus/1,c2a771ee3b9af8a2a73329774d02f459ed75e0faf23ff6531e00889776b2c7d8,2026-09-12
GER3,1. FC Saarbrücken,1,Florian Pick,191359,1995-09-08,Rechtsaußen,20,2025-07-03,2028-06-30,[],https://www.transfermarkt.de/florian-pick/profil/spieler/191359,CONFIRMED,STAGE_CURRENT_SQUAD,https://www.transfermarkt.de/1-fc-saarbrucken/kader/verein/1/saison_id/2026/plus/1,c2a771ee3b9af8a2a73329774d02f459ed75e0faf23ff6531e00889776b2c7d8,2026-09-12
GER3,1. FC Saarbrücken,1,Maurice Multhaup,187496,1996-12-15,Rechtsaußen,11,2024-07-01,2028-06-30,[],https://www.transfermarkt.de/maurice-multhaup/profil/spieler/187496,CONFIRMED,STAGE_CURRENT_SQUAD,https://www.transfermarkt.de/1-fc-saarbrucken/kader/verein/1/saison_id/2026/plus/1,c2a771ee3b9af8a2a73329774d02f459ed75e0faf23ff6531e00889776b2c7d8,2026-09-12
GER3,1. FC Saarbrücken,1,Seung-joon Lee,856330,2004-08-11,Rechtsaußen,16,2026-07-02,2028-06-30,"[""Neuzugang von: Khor Fakkan SSC; Datum: 02.07.2026; Ablöse: ?""]",https://www.transfermarkt.de/seung-joon-lee/profil/spieler/856330,CONFIRMED,STAGE_CURRENT_SQUAD,https://www.transfermarkt.de/1-fc-saarbrucken/kader/verein/1/saison_id/2026/plus/1,c2a771ee3b9af8a2a73329774d02f459ed75e0faf23ff6531e00889776b2c7d8,2026-09-12
GER3,1. FC Saarbrücken,1,Alexander Staff,1045243,2008-06-12,Mittelstürmer,29,2026-07-01,2027-06-30,[],https://www.transfermarkt.de/alexander-staff/profil/spieler/1045243,CONFIRMED,REVIEW_REQUIRED,https://www.transfermarkt.de/1-fc-saarbrucken/kader/verein/1/saison_id/2026/plus/1,c2a771ee3b9af8a2a73329774d02f459ed75e0faf23ff6531e00889776b2c7d8,2026-09-12
GER3,1. FC Saarbrücken,1,Kai Brünker,284058,1994-06-10,Mittelstürmer,9,2023-07-01,2027-06-30,[],https://www.transfermarkt.de/kai-brunker/profil/spieler/284058,CONFIRMED,STAGE_CURRENT_SQUAD,https://www.transfermarkt.de/1-fc-saarbrucken/kader/verein/1/saison_id/2026/plus/1,c2a771ee3b9af8a2a73329774d02f459ed75e0faf23ff6531e00889776b2c7d8,2026-09-12
GER3,1. FC Saarbrücken,1,Dominic Baumann,152431,1995-04-24,Mittelstürmer,30,2025-07-16,2027-06-30,[],https://www.transfermarkt.de/dominic-baumann/profil/spieler/152431,CONFIRMED,STAGE_CURRENT_SQUAD,https://www.transfermarkt.de/1-fc-saarbrucken/kader/verein/1/saison_id/2026/plus/1,c2a771ee3b9af8a2a73329774d02f459ed75e0faf23ff6531e00889776b2c7d8,2026-09-12
GER3,1. FC Saarbrücken,1,Patrick Schmidt,124416,1993-09-10,Mittelstürmer,39,2023-07-01,2027-06-30,[],https://www.transfermarkt.de/patrick-schmidt/profil/spieler/124416,CONFIRMED,STAGE_CURRENT_SQUAD,https://www.transfermarkt.de/1-fc-saarbrucken/kader/verein/1/saison_id/2026/plus/1,c2a771ee3b9af8a2a73329774d02f459ed75e0faf23ff6531e00889776b2c7d8,2026-09-12
GER3,TSG 1899 Hoffenheim,983,Lúkas Petersson,718460,2004-02-09,Torwart,1,2023-07-01,,[],https://www.transfermarkt.de/lukas-petersson/profil/spieler/718460,CONFIRMED,REVIEW_REQUIRED,https://www.transfermarkt.de/tsg-1899-hoffenheim-ii/kader/verein/983/saison_id/2026/plus/1,ab3835df09261faf7ddd2ed9c07b00f74ba9f141891a5f719f13e9b204f6234d,2026-09-12
GER3,TSG 1899 Hoffenheim,983,Tobias Trautner,234033,1995-03-05,Torwart,27,2026-07-01,2028-06-30,"[""Neuzugang von: 1.FC Köln II; Datum: 01.07.2026; Ablöse: ablösefrei""]",https://www.transfermarkt.de/tobias-trautner/profil/spieler/234033,CONFIRMED,STAGE_CURRENT_SQUAD,https://www.transfermarkt.de/tsg-1899-hoffenheim-ii/kader/verein/983/saison_id/2026/plus/1,ab3835df09261faf7ddd2ed9c07b00f74ba9f141891a5f719f13e9b204f6234d,2026-09-12
GER3,TSG 1899 Hoffenheim,983,Tim Philipp,923606,2005-12-21,Torwart,32,2024-07-01,2027-06-30,[],https://www.transfermarkt.de/tim-philipp/profil/spieler/923606,CONFIRMED,STAGE_CURRENT_SQUAD,https://www.transfermarkt.de/tsg-1899-hoffenheim-ii/kader/verein/983/saison_id/2026/plus/1,ab3835df09261faf7ddd2ed9c07b00f74ba9f141891a5f719f13e9b204f6234d,2026-09-12
GER3,TSG 1899 Hoffenheim,983,Nils Schlosser,1188261,2007-04-01,Torwart,33,2026-07-01,2027-06-30,"[""Interner Wechsel: TSG 1899 Hoffenheim U19; Datum: 01.07.2026""]",https://www.transfermarkt.de/nils-schlosser/profil/spieler/1188261,CONFIRMED,STAGE_CURRENT_SQUAD,https://www.transfermarkt.de/tsg-1899-hoffenheim-ii/kader/verein/983/saison_id/2026/plus/1,ab3835df09261faf7ddd2ed9c07b00f74ba9f141891a5f719f13e9b204f6234d,2026-09-12
GER3,TSG 1899 Hoffenheim,983,Nico Biedermann,1062716,2008-02-19,Torwart,34,2026-07-01,,"[""Interner Wechsel: TSG 1899 Hoffenheim U19; Datum: 01.07.2026""]",https://www.transfermarkt.de/nico-biedermann/profil/spieler/1062716,CONFIRMED,REVIEW_REQUIRED,https://www.transfermarkt.de/tsg-1899-hoffenheim-ii/kader/verein/983/saison_id/2026/plus/1,ab3835df09261faf7ddd2ed9c07b00f74ba9f141891a5f719f13e9b204f6234d,2026-09-12
GER3,TSG 1899 Hoffenheim,983,Valentin Lässig,553539,2003-03-03,Innenverteidiger,6,2022-07-01,,[],https://www.transfermarkt.de/valentin-lassig/profil/spieler/553539,CONFIRMED,STAGE_CURRENT_SQUAD,https://www.transfermarkt.de/tsg-1899-hoffenheim-ii/kader/verein/983/saison_id/2026/plus/1,ab3835df09261faf7ddd2ed9c07b00f74ba9f141891a5f719f13e9b204f6234d,2026-09-12
GER3,TSG 1899 Hoffenheim,983,Tristan Spranger,1032559,2007-09-27,Innenverteidiger,13,2026-07-01,2027-06-30,"[""Interner Wechsel: TSG 1899 Hoffenheim U19; Datum: 01.07.2026""]",https://www.transfermarkt.de/tristan-spranger/profil/spieler/1032559,CONFIRMED,STAGE_CURRENT_SQUAD,https://www.transfermarkt.de/tsg-1899-hoffenheim-ii/kader/verein/983/saison_id/2026/plus/1,ab3835df09261faf7ddd2ed9c07b00f74ba9f141891a5f719f13e9b204f6234d,2026-09-12
GER3,TSG 1899 Hoffenheim,983,Santino Pistrol,1312780,2007-08-26,Innenverteidiger,40,2026-07-01,,"[""Neuzugang von: First Vienna FC; Datum: 01.07.2026; Ablöse: 800 Tsd. €""]",https://www.transfermarkt.de/santino-pistrol/profil/spieler/1312780,CONFIRMED,STAGE_CURRENT_SQUAD,https://www.transfermarkt.de/tsg-1899-hoffenheim-ii/kader/verein/983/saison_id/2026/plus/1,ab3835df09261faf7ddd2ed9c07b00f74ba9f141891a5f719f13e9b204f6234d,2026-09-12
GER3,TSG 1899 Hoffenheim,983,Maxime Ndong-Penda,1058036,2007-03-01,Innenverteidiger,44,2026-07-01,2027-06-30,"[""Interner Wechsel: TSG 1899 Hoffenheim U19; Datum: 01.07.2026""]",https://www.transfermarkt.de/maxime-ndong-penda/profil/spieler/1058036,CONFIRMED,STAGE_CURRENT_SQUAD,https://www.transfermarkt.de/tsg-1899-hoffenheim-ii/kader/verein/983/saison_id/2026/plus/1,ab3835df09261faf7ddd2ed9c07b00f74ba9f141891a5f719f13e9b204f6234d,2026-09-12
GER3,TSG 1899 Hoffenheim,983,Maximilian Theuer,1247495,2008-12-13,Linker Verteidiger,47,2026-07-01,2027-06-30,"[""Interner Wechsel: TSG 1899 Hoffenheim U19; Datum: 01.07.2026""]",https://www.transfermarkt.de/maximilian-theuer/profil/spieler/1247495,CONFIRMED,STAGE_CURRENT_SQUAD,https://www.transfermarkt.de/tsg-1899-hoffenheim-ii/kader/verein/983/saison_id/2026/plus/1,ab3835df09261faf7ddd2ed9c07b00f74ba9f141891a5f719f13e9b204f6234d,2026-09-12
GER3,TSG 1899 Hoffenheim,983,Tim Müller,912438,2004-09-23,Linker Verteidiger,22,2026-07-01,2028-06-30,"[""Neuzugang von: 1.FSV Mainz 05 II; Datum: 01.07.2026; Ablöse: ablösefrei""]",https://www.transfermarkt.de/tim-muller/profil/spieler/912438,CONFIRMED,STAGE_CURRENT_SQUAD,https://www.transfermarkt.de/tsg-1899-hoffenheim-ii/kader/verein/983/saison_id/2026/plus/1,ab3835df09261faf7ddd2ed9c07b00f74ba9f141891a5f719f13e9b204f6234d,2026-09-12
GER3,TSG 1899 Hoffenheim,983,Finn Sherlock,1134227,2008-07-04,Linker Verteidiger,41,2026-07-01,2027-06-30,"[""Interner Wechsel: TSG 1899 Hoffenheim U19; Datum: 01.07.2026""]",https://www.transfermarkt.de/finn-sherlock/profil/spieler/1134227,CONFIRMED,STAGE_CURRENT_SQUAD,https://www.transfermarkt.de/tsg-1899-hoffenheim-ii/kader/verein/983/saison_id/2026/plus/1,ab3835df09261faf7ddd2ed9c07b00f74ba9f141891a5f719f13e9b204f6234d,2026-09-12
GER3,TSG 1899 Hoffenheim,983,Natnael Abraha,1075143,2008-03-14,Rechter Verteidiger,2,2026-01-01,,[],https://www.transfermarkt.de/natnael-abraha/profil/spieler/1075143,CONFIRMED,REVIEW_REQUIRED,https://www.transfermarkt.de/tsg-1899-hoffenheim-ii/kader/verein/983/saison_id/2026/plus/1,ab3835df09261faf7ddd2ed9c07b00f74ba9f141891a5f719f13e9b204f6234d,2026-09-12
GER3,TSG 1899 Hoffenheim,983,Timo Hildmann,814190,2004-10-01,Rechter Verteidiger,21,2026-07-01,2028-06-30,"[""Neuzugang von: FSV Frankfurt; Datum: 01.07.2026; Ablöse: ablösefrei""]",https://www.transfermarkt.de/timo-hildmann/profil/spieler/814190,CONFIRMED,STAGE_CURRENT_SQUAD,https://www.transfermarkt.de/tsg-1899-hoffenheim-ii/kader/verein/983/saison_id/2026/plus/1,ab3835df09261faf7ddd2ed9c07b00f74ba9f141891a5f719f13e9b204f6234d,2026-09-12
GER3,TSG 1899 Hoffenheim,983,Lars Strobl,923608,2005-04-15,Rechter Verteidiger,4,2024-07-01,2027-06-30,[],https://www.transfermarkt.de/lars-strobl/profil/spieler/923608,CONFIRMED,STAGE_CURRENT_SQUAD,https://www.transfermarkt.de/tsg-1899-hoffenheim-ii/kader/verein/983/saison_id/2026/plus/1,ab3835df09261faf7ddd2ed9c07b00f74ba9f141891a5f719f13e9b204f6234d,2026-09-12
GER3,TSG 1899 Hoffenheim,983,Matthew Moore,1109572,2007-03-27,Defensives Mittelfeld,15,2026-07-01,2027-06-30,"[""Interner Wechsel: TSG 1899 Hoffenheim U19; Datum: 01.07.2026""]",https://www.transfermarkt.de/matthew-moore/profil/spieler/1109572,CONFIRMED,STAGE_CURRENT_SQUAD,https://www.transfermarkt.de/tsg-1899-hoffenheim-ii/kader/verein/983/saison_id/2026/plus/1,ab3835df09261faf7ddd2ed9c07b00f74ba9f141891a5f719f13e9b204f6234d,2026-09-12
GER3,TSG 1899 Hoffenheim,983,Klaus Gjasula,57598,1989-12-14,Defensives Mittelfeld,5,2026-07-01,2028-06-30,"[""Neuzugang von: Rot-Weiss Essen; Datum: 01.07.2026; Ablöse: ablösefrei""]",https://www.transfermarkt.de/klaus-gjasula/profil/spieler/57598,CONFIRMED,STAGE_CURRENT_SQUAD,https://www.transfermarkt.de/tsg-1899-hoffenheim-ii/kader/verein/983/saison_id/2026/plus/1,ab3835df09261faf7ddd2ed9c07b00f74ba9f141891a5f719f13e9b204f6234d,2026-09-12
GER3,TSG 1899 Hoffenheim,983,Diren Dağdeviren,923610,2005-03-08,Defensives Mittelfeld,8,2024-07-01,,[],https://www.transfermarkt.de/diren-dagdeviren/profil/spieler/923610,CONFIRMED,REVIEW_REQUIRED,https://www.transfermarkt.de/tsg-1899-hoffenheim-ii/kader/verein/983/saison_id/2026/plus/1,ab3835df09261faf7ddd2ed9c07b00f74ba9f141891a5f719f13e9b204f6234d,2026-09-12
GER3,TSG 1899 Hoffenheim,983,Tiago Poller,1009430,2007-02-27,Zentrales Mittelfeld,20,2025-07-01,,[],https://www.transfermarkt.de/tiago-poller/profil/spieler/1009430,CONFIRMED,REVIEW_REQUIRED,https://www.transfermarkt.de/tsg-1899-hoffenheim-ii/kader/verein/983/saison_id/2026/plus/1,ab3835df09261faf7ddd2ed9c07b00f74ba9f141891a5f719f13e9b204f6234d,2026-09-12
GER3,TSG 1899 Hoffenheim,983,Krystof Cizek,1013795,2008-01-04,Zentrales Mittelfeld,26,2026-07-01,2027-06-30,"[""Interner Wechsel: TSG 1899 Hoffenheim U19; Datum: 01.07.2026""]",https://www.transfermarkt.de/krystof-cizek/profil/spieler/1013795,CONFIRMED,STAGE_CURRENT_SQUAD,https://www.transfermarkt.de/tsg-1899-hoffenheim-ii/kader/verein/983/saison_id/2026/plus/1,ab3835df09261faf7ddd2ed9c07b00f74ba9f141891a5f719f13e9b204f6234d,2026-09-12
GER3,TSG 1899 Hoffenheim,983,Florian Micheler,808664,2005-05-17,Offensives Mittelfeld,28,2026-01-01,,[],https://www.transfermarkt.de/florian-micheler/profil/spieler/808664,CONFIRMED,REVIEW_REQUIRED,https://www.transfermarkt.de/tsg-1899-hoffenheim-ii/kader/verein/983/saison_id/2026/plus/1,ab3835df09261faf7ddd2ed9c07b00f74ba9f141891a5f719f13e9b204f6234d,2026-09-12
GER3,TSG 1899 Hoffenheim,983,Alex Honajzer,765079,2006-02-20,Offensives Mittelfeld,23,2025-07-01,2027-06-30,[],https://www.transfermarkt.de/alex-honajzer/profil/spieler/765079,CONFIRMED,STAGE_CURRENT_SQUAD,https://www.transfermarkt.de/tsg-1899-hoffenheim-ii/kader/verein/983/saison_id/2026/plus/1,ab3835df09261faf7ddd2ed9c07b00f74ba9f141891a5f719f13e9b204f6234d,2026-09-12
GER3,TSG 1899 Hoffenheim,983,Yasin Zor,924089,2005-10-25,Linksaußen,10,2026-07-01,,"[""Neuzugang von: FC-Astoria Walldorf; Datum: 01.07.2026; Ablöse: ablösefrei""]",https://www.transfermarkt.de/yasin-zor/profil/spieler/924089,CONFIRMED,REVIEW_REQUIRED,https://www.transfermarkt.de/tsg-1899-hoffenheim-ii/kader/verein/983/saison_id/2026/plus/1,ab3835df09261faf7ddd2ed9c07b00f74ba9f141891a5f719f13e9b204f6234d,2026-09-12
GER3,TSG 1899 Hoffenheim,983,Zain Biazid,1209250,2008-01-14,Linksaußen,19,2026-07-01,,"[""Interner Wechsel: TSG 1899 Hoffenheim U19; Datum: 01.07.2026""]",https://www.transfermarkt.de/zain-biazid/profil/spieler/1209250,CONFIRMED,REVIEW_REQUIRED,https://www.transfermarkt.de/tsg-1899-hoffenheim-ii/kader/verein/983/saison_id/2026/plus/1,ab3835df09261faf7ddd2ed9c07b00f74ba9f141891a5f719f13e9b204f6234d,2026-09-12
GER3,TSG 1899 Hoffenheim,983,Oskar Hencke,1291755,2007-10-02,Rechtsaußen,7,2026-02-02,2029-06-30,[],https://www.transfermarkt.de/oskar-hencke/profil/spieler/1291755,CONFIRMED,REVIEW_REQUIRED,https://www.transfermarkt.de/tsg-1899-hoffenheim-ii/kader/verein/983/saison_id/2026/plus/1,ab3835df09261faf7ddd2ed9c07b00f74ba9f141891a5f719f13e9b204f6234d,2026-09-12
GER3,TSG 1899 Hoffenheim,983,Blessing Makanda,578900,2006-02-14,Rechtsaußen,17,2025-07-01,,[],https://www.transfermarkt.de/blessing-makanda/profil/spieler/578900,CONFIRMED,REVIEW_REQUIRED,https://www.transfermarkt.de/tsg-1899-hoffenheim-ii/kader/verein/983/saison_id/2026/plus/1,ab3835df09261faf7ddd2ed9c07b00f74ba9f141891a5f719f13e9b204f6234d,2026-09-12
GER3,TSG 1899 Hoffenheim,983,Nader Jindaoui,193012,1996-11-16,Rechtsaußen,30,2025-07-01,2027-06-30,[],https://www.transfermarkt.de/nader-jindaoui/profil/spieler/193012,CONFIRMED,STAGE_CURRENT_SQUAD,https://www.transfermarkt.de/tsg-1899-hoffenheim-ii/kader/verein/983/saison_id/2026/plus/1,ab3835df09261faf7ddd2ed9c07b00f74ba9f141891a5f719f13e9b204f6234d,2026-09-12
GER3,TSG 1899 Hoffenheim,983,Lion Wagenbach,1161439,2007-04-16,Rechtsaußen,18,2026-07-01,,"[""Interner Wechsel: TSG 1899 Hoffenheim U19; Datum: 01.07.2026""]",https://www.transfermarkt.de/lion-wagenbach/profil/spieler/1161439,CONFIRMED,REVIEW_REQUIRED,https://www.transfermarkt.de/tsg-1899-hoffenheim-ii/kader/verein/983/saison_id/2026/plus/1,ab3835df09261faf7ddd2ed9c07b00f74ba9f141891a5f719f13e9b204f6234d,2026-09-12
GER3,TSG 1899 Hoffenheim,983,Konstantin Aleksa,960458,2007-04-25,Mittelstürmer,25,2026-07-01,2030-06-30,"[""Neuzugang von: FK Austria Wien; Datum: 01.07.2026; Ablöse: 1,00 Mio. €""]",https://www.transfermarkt.de/konstantin-aleksa/profil/spieler/960458,CONFIRMED,STAGE_CURRENT_SQUAD,https://www.transfermarkt.de/tsg-1899-hoffenheim-ii/kader/verein/983/saison_id/2026/plus/1,ab3835df09261faf7ddd2ed9c07b00f74ba9f141891a5f719f13e9b204f6234d,2026-09-12
GER3,TSG 1899 Hoffenheim,983,Jykese Fields,1099437,2007-06-14,Mittelstürmer,11,2026-07-01,2030-06-30,"[""Interner Wechsel: TSG 1899 Hoffenheim U19; Datum: 01.07.2026""]",https://www.transfermarkt.de/jykese-fields/profil/spieler/1099437,CONFIRMED,STAGE_CURRENT_SQUAD,https://www.transfermarkt.de/tsg-1899-hoffenheim-ii/kader/verein/983/saison_id/2026/plus/1,ab3835df09261faf7ddd2ed9c07b00f74ba9f141891a5f719f13e9b204f6234d,2026-09-12
GER3,TSG 1899 Hoffenheim,983,Ben Opoku Labes,753466,2004-03-02,Mittelstürmer,9,2025-07-01,2027-06-30,[],https://www.transfermarkt.de/ben-opoku-labes/profil/spieler/753466,CONFIRMED,STAGE_CURRENT_SQUAD,https://www.transfermarkt.de/tsg-1899-hoffenheim-ii/kader/verein/983/saison_id/2026/plus/1,ab3835df09261faf7ddd2ed9c07b00f74ba9f141891a5f719f13e9b204f6234d,2026-09-12
GER3,TSG 1899 Hoffenheim,983,Jakov Dedic,1468849,2009-08-27,Mittelstürmer,36,2026-07-06,2031-06-30,"[""Neuzugang von: NK Osijek U17; Datum: 06.07.2026; Ablöse: 850 Tsd. €""]",https://www.transfermarkt.de/jakov-dedic/profil/spieler/1468849,CONFIRMED,STAGE_CURRENT_SQUAD,https://www.transfermarkt.de/tsg-1899-hoffenheim-ii/kader/verein/983/saison_id/2026/plus/1,ab3835df09261faf7ddd2ed9c07b00f74ba9f141891a5f719f13e9b204f6234d,2026-09-12
GER3,TSV Havelse 1912,476,Tom Opitz,925487,2003-11-13,Torwart,1,2022-07-01,2027-06-30,[],https://www.transfermarkt.de/tom-opitz/profil/spieler/925487,CONFIRMED,STAGE_CURRENT_SQUAD,https://www.transfermarkt.de/tsv-havelse/kader/verein/476/saison_id/2026/plus/1,b4490298444b6e31458c6e927b4ab3fff5378977e083c471be7a43b9938c0f59,2026-09-12
GER3,TSV Havelse 1912,476,Norman Quindt,235403,1996-11-02,Torwart,29,2026-01-10,2027-06-30,[],https://www.transfermarkt.de/norman-quindt/profil/spieler/235403,CONFIRMED,STAGE_CURRENT_SQUAD,https://www.transfermarkt.de/tsv-havelse/kader/verein/476/saison_id/2026/plus/1,b4490298444b6e31458c6e927b4ab3fff5378977e083c471be7a43b9938c0f59,2026-09-12
GER3,TSV Havelse 1912,476,Omer Hanin,211530,1998-05-14,Torwart,13,2026-07-25,2027-06-30,"[""Neuzugang von: MSV Duisburg; Datum: 25.07.2026; Ablöse: ablösefrei""]",https://www.transfermarkt.de/omer-hanin/profil/spieler/211530,CONFIRMED,STAGE_CURRENT_SQUAD,https://www.transfermarkt.de/tsv-havelse/kader/verein/476/saison_id/2026/plus/1,b4490298444b6e31458c6e927b4ab3fff5378977e083c471be7a43b9938c0f59,2026-09-12
GER3,TSV Havelse 1912,476,Fynn Wolter,1407160,2006-08-06,Torwart,25,2024-07-01,2028-06-30,[],https://www.transfermarkt.de/fynn-wolter/profil/spieler/1407160,CONFIRMED,STAGE_CURRENT_SQUAD,https://www.transfermarkt.de/tsv-havelse/kader/verein/476/saison_id/2026/plus/1,b4490298444b6e31458c6e927b4ab3fff5378977e083c471be7a43b9938c0f59,2026-09-12
GER3,TSV Havelse 1912,476,Jannis Krug,1488222,2007-04-27,Torwart,39,2026-08-28,,"[""Interner Wechsel: TSV Havelse U19; Datum: 28.08.2026""]",https://www.transfermarkt.de/jannis-krug/profil/spieler/1488222,CONFIRMED,REVIEW_REQUIRED,https://www.transfermarkt.de/tsv-havelse/kader/verein/476/saison_id/2026/plus/1,b4490298444b6e31458c6e927b4ab3fff5378977e083c471be7a43b9938c0f59,2026-09-12
GER3,TSV Havelse 1912,476,Semi Belkahia,315334,1998-12-22,Innenverteidiger,4,2025-09-12,2027-06-30,[],https://www.transfermarkt.de/semi-belkahia/profil/spieler/315334,CONFIRMED,STAGE_CURRENT_SQUAD,https://www.transfermarkt.de/tsv-havelse/kader/verein/476/saison_id/2026/plus/1,b4490298444b6e31458c6e927b4ab3fff5378977e083c471be7a43b9938c0f59,2026-09-12
GER3,TSV Havelse 1912,476,Dennis Duah,607368,2003-08-26,Innenverteidiger,15,2026-07-01,2027-06-30,"[""Neuzugang von: SG Dynamo Dresden; Datum: 01.07.2026; Ablöse: ablösefrei""]",https://www.transfermarkt.de/dennis-duah/profil/spieler/607368,CONFIRMED,REVIEW_REQUIRED,https://www.transfermarkt.de/tsv-havelse/kader/verein/476/saison_id/2026/plus/1,b4490298444b6e31458c6e927b4ab3fff5378977e083c471be7a43b9938c0f59,2026-09-12
GER3,TSV Havelse 1912,476,Yannick Mausehund,921065,2006-03-02,Innenverteidiger,24,2026-08-05,2027-06-30,[],https://www.transfermarkt.de/yannick-mausehund/profil/spieler/921065,CONFIRMED,REVIEW_REQUIRED,https://www.transfermarkt.de/tsv-havelse/kader/verein/476/saison_id/2026/plus/1,b4490298444b6e31458c6e927b4ab3fff5378977e083c471be7a43b9938c0f59,2026-09-12
GER3,TSV Havelse 1912,476,Irichad Behrens,807209,2004-04-28,Innenverteidiger,21,2023-07-01,2027-06-30,[],https://www.transfermarkt.de/irichad-behrens/profil/spieler/807209,CONFIRMED,STAGE_CURRENT_SQUAD,https://www.transfermarkt.de/tsv-havelse/kader/verein/476/saison_id/2026/plus/1,b4490298444b6e31458c6e927b4ab3fff5378977e083c471be7a43b9938c0f59,2026-09-12
GER3,TSV Havelse 1912,476,Donald Nduka,825721,2003-03-22,Innenverteidiger,27,2026-07-16,2027-06-30,"[""Neuzugang von: FC Ingolstadt 04; Datum: 16.07.2026; Ablöse: ablösefrei""]",https://www.transfermarkt.de/donald-nduka/profil/spieler/825721,CONFIRMED,STAGE_CURRENT_SQUAD,https://www.transfermarkt.de/tsv-havelse/kader/verein/476/saison_id/2026/plus/1,b4490298444b6e31458c6e927b4ab3fff5378977e083c471be7a43b9938c0f59,2026-09-12
GER3,TSV Havelse 1912,476,Max Lamby,693965,2003-02-07,Linker Verteidiger,3,2026-07-03,2027-06-30,"[""Neuzugang von: FC Schalke 04 II; Datum: 03.07.2026; Ablöse: ablösefrei""]",https://www.transfermarkt.de/max-lamby/profil/spieler/693965,CONFIRMED,STAGE_CURRENT_SQUAD,https://www.transfermarkt.de/tsv-havelse/kader/verein/476/saison_id/2026/plus/1,b4490298444b6e31458c6e927b4ab3fff5378977e083c471be7a43b9938c0f59,2026-09-12
GER3,TSV Havelse 1912,476,Leon Sommer-Deiss,477578,2001-03-10,Rechter Verteidiger,22,2025-07-01,2027-06-30,[],https://www.transfermarkt.de/leon-sommer-deiss/profil/spieler/477578,CONFIRMED,STAGE_CURRENT_SQUAD,https://www.transfermarkt.de/tsv-havelse/kader/verein/476/saison_id/2026/plus/1,b4490298444b6e31458c6e927b4ab3fff5378977e083c471be7a43b9938c0f59,2026-09-12
GER3,TSV Havelse 1912,476,Timo Friedrich,263237,1998-01-16,Rechter Verteidiger,30,2025-02-01,2028-06-30,[],https://www.transfermarkt.de/timo-friedrich/profil/spieler/263237,CONFIRMED,STAGE_CURRENT_SQUAD,https://www.transfermarkt.de/tsv-havelse/kader/verein/476/saison_id/2026/plus/1,b4490298444b6e31458c6e927b4ab3fff5378977e083c471be7a43b9938c0f59,2026-09-12
GER3,TSV Havelse 1912,476,Eryk Grzywacz,959294,2006-03-24,Defensives Mittelfeld,12,2026-08-29,2027-06-30,[],https://www.transfermarkt.de/eryk-grzywacz/profil/spieler/959294,CONFIRMED,REVIEW_REQUIRED,https://www.transfermarkt.de/tsv-havelse/kader/verein/476/saison_id/2026/plus/1,b4490298444b6e31458c6e927b4ab3fff5378977e083c471be7a43b9938c0f59,2026-09-12
GER3,TSV Havelse 1912,476,Johann Berger,451451,1999-07-23,Defensives Mittelfeld,8,2025-07-01,2027-06-30,[],https://www.transfermarkt.de/johann-berger/profil/spieler/451451,CONFIRMED,STAGE_CURRENT_SQUAD,https://www.transfermarkt.de/tsv-havelse/kader/verein/476/saison_id/2026/plus/1,b4490298444b6e31458c6e927b4ab3fff5378977e083c471be7a43b9938c0f59,2026-09-12
GER3,TSV Havelse 1912,476,Leonardo Posadas,815798,2005-01-01,Defensives Mittelfeld,6,2026-07-01,2027-06-30,"[""Neuzugang von: Hamburger SV II; Datum: 01.07.2026; Ablöse: ablösefrei""]",https://www.transfermarkt.de/leonardo-posadas/profil/spieler/815798,CONFIRMED,STAGE_CURRENT_SQUAD,https://www.transfermarkt.de/tsv-havelse/kader/verein/476/saison_id/2026/plus/1,b4490298444b6e31458c6e927b4ab3fff5378977e083c471be7a43b9938c0f59,2026-09-12
GER3,TSV Havelse 1912,476,Jannik Oltrogge,325155,1995-05-24,Defensives Mittelfeld,31,2022-07-15,2028-06-30,[],https://www.transfermarkt.de/jannik-oltrogge/profil/spieler/325155,CONFIRMED,STAGE_CURRENT_SQUAD,https://www.transfermarkt.de/tsv-havelse/kader/verein/476/saison_id/2026/plus/1,b4490298444b6e31458c6e927b4ab3fff5378977e083c471be7a43b9938c0f59,2026-09-12
GER3,TSV Havelse 1912,476,Niklas Tauer,470815,2001-02-17,Zentrales Mittelfeld,5,2026-07-16,2027-06-30,"[""Neuzugang von: 1.FSV Mainz 05; Datum: 16.07.2026; Ablöse: ablösefrei""]",https://www.transfermarkt.de/niklas-tauer/profil/spieler/470815,CONFIRMED,STAGE_CURRENT_SQUAD,https://www.transfermarkt.de/tsv-havelse/kader/verein/476/saison_id/2026/plus/1,b4490298444b6e31458c6e927b4ab3fff5378977e083c471be7a43b9938c0f59,2026-09-12
GER3,TSV Havelse 1912,476,Jesse Tugbenyo,565118,2001-08-07,Zentrales Mittelfeld,33,2026-07-03,2027-06-30,"[""Neuzugang von: MSV Duisburg; Datum: 03.07.2026; Ablöse: ablösefrei""]",https://www.transfermarkt.de/jesse-tugbenyo/profil/spieler/565118,CONFIRMED,STAGE_CURRENT_SQUAD,https://www.transfermarkt.de/tsv-havelse/kader/verein/476/saison_id/2026/plus/1,b4490298444b6e31458c6e927b4ab3fff5378977e083c471be7a43b9938c0f59,2026-09-12
GER3,TSV Havelse 1912,476,Temilola Awoyale,1093438,2005-07-23,Zentrales Mittelfeld,36,2026-02-02,2027-06-30,[],https://www.transfermarkt.de/temilola-awoyale/profil/spieler/1093438,CONFIRMED,REVIEW_REQUIRED,https://www.transfermarkt.de/tsv-havelse/kader/verein/476/saison_id/2026/plus/1,b4490298444b6e31458c6e927b4ab3fff5378977e083c471be7a43b9938c0f59,2026-09-12
GER3,TSV Havelse 1912,476,Anton Hanke,1150142,2007-07-09,Zentrales Mittelfeld,32,2026-07-01,2028-06-30,"[""Interner Wechsel: TSV Havelse U19; Datum: 01.07.2026""]",https://www.transfermarkt.de/anton-hanke/profil/spieler/1150142,CONFIRMED,STAGE_CURRENT_SQUAD,https://www.transfermarkt.de/tsv-havelse/kader/verein/476/saison_id/2026/plus/1,b4490298444b6e31458c6e927b4ab3fff5378977e083c471be7a43b9938c0f59,2026-09-12
GER3,TSV Havelse 1912,476,Joel Darko Ampem,1490222,2007-03-08,Zentrales Mittelfeld,35,2026-07-01,2028-06-30,"[""Interner Wechsel: TSV Havelse U19; Datum: 01.07.2026""]",https://www.transfermarkt.de/joel-darko-ampem/profil/spieler/1490222,CONFIRMED,REVIEW_REQUIRED,https://www.transfermarkt.de/tsv-havelse/kader/verein/476/saison_id/2026/plus/1,b4490298444b6e31458c6e927b4ab3fff5378977e083c471be7a43b9938c0f59,2026-09-12
GER3,TSV Havelse 1912,476,Marc Richter,584065,2001-11-25,Offensives Mittelfeld,7,2026-07-03,2027-06-30,"[""Neuzugang von: Alemannia Aachen; Datum: 03.07.2026; Ablöse: ablösefrei""]",https://www.transfermarkt.de/marc-richter/profil/spieler/584065,CONFIRMED,STAGE_CURRENT_SQUAD,https://www.transfermarkt.de/tsv-havelse/kader/verein/476/saison_id/2026/plus/1,b4490298444b6e31458c6e927b4ab3fff5378977e083c471be7a43b9938c0f59,2026-09-12
GER3,TSV Havelse 1912,476,Yusuf Wardak,1274553,2005-12-06,Offensives Mittelfeld,14,2026-08-28,2027-06-30,[],https://www.transfermarkt.de/yusuf-wardak/profil/spieler/1274553,CONFIRMED,REVIEW_REQUIRED,https://www.transfermarkt.de/tsv-havelse/kader/verein/476/saison_id/2026/plus/1,b4490298444b6e31458c6e927b4ab3fff5378977e083c471be7a43b9938c0f59,2026-09-12
GER3,TSV Havelse 1912,476,Kevin Schumacher,368922,1997-12-24,Linksaußen,10,2026-07-03,2027-06-30,"[""Neuzugang von: VfL Osnabrück; Datum: 03.07.2026; Ablöse: ablösefrei""]",https://www.transfermarkt.de/kevin-schumacher/profil/spieler/368922,CONFIRMED,STAGE_CURRENT_SQUAD,https://www.transfermarkt.de/tsv-havelse/kader/verein/476/saison_id/2026/plus/1,b4490298444b6e31458c6e927b4ab3fff5378977e083c471be7a43b9938c0f59,2026-09-12
GER3,TSV Havelse 1912,476,Alexander Guiddir,1292676,2006-12-12,Linksaußen,20,2026-07-06,2027-06-30,[],https://www.transfermarkt.de/alexander-guiddir/profil/spieler/1292676,CONFIRMED,REVIEW_REQUIRED,https://www.transfermarkt.de/tsv-havelse/kader/verein/476/saison_id/2026/plus/1,b4490298444b6e31458c6e927b4ab3fff5378977e083c471be7a43b9938c0f59,2026-09-12
GER3,TSV Havelse 1912,476,Robin Velasco,472247,2002-06-24,Rechtsaußen,28,2026-08-05,2027-06-30,"[""Neuzugang von: FC Viktoria Köln; Datum: 05.08.2026; Ablöse: ablösefrei""]",https://www.transfermarkt.de/robin-velasco/profil/spieler/472247,CONFIRMED,STAGE_CURRENT_SQUAD,https://www.transfermarkt.de/tsv-havelse/kader/verein/476/saison_id/2026/plus/1,b4490298444b6e31458c6e927b4ab3fff5378977e083c471be7a43b9938c0f59,2026-09-12
GER3,TSV Havelse 1912,476,Eric Voufack,452563,2001-09-25,Rechtsaußen,19,2026-07-03,2027-06-30,[],https://www.transfermarkt.de/eric-voufack/profil/spieler/452563,CONFIRMED,REVIEW_REQUIRED,https://www.transfermarkt.de/tsv-havelse/kader/verein/476/saison_id/2026/plus/1,b4490298444b6e31458c6e927b4ab3fff5378977e083c471be7a43b9938c0f59,2026-09-12
GER3,TSV Havelse 1912,476,Lorenzo Paldino,595093,1999-09-25,Mittelstürmer,9,2024-07-19,2027-06-30,[],https://www.transfermarkt.de/lorenzo-paldino/profil/spieler/595093,CONFIRMED,STAGE_CURRENT_SQUAD,https://www.transfermarkt.de/tsv-havelse/kader/verein/476/saison_id/2026/plus/1,b4490298444b6e31458c6e927b4ab3fff5378977e083c471be7a43b9938c0f59,2026-09-12
GER3,TSV Havelse 1912,476,Kwasi Wriedt,154819,1994-07-10,Mittelstürmer,11,2026-07-03,2027-06-30,"[""Neuzugang von: Alemannia Aachen; Datum: 03.07.2026; Ablöse: ablösefrei""]",https://www.transfermarkt.de/kwasi-wriedt/profil/spieler/154819,CONFIRMED,STAGE_CURRENT_SQUAD,https://www.transfermarkt.de/tsv-havelse/kader/verein/476/saison_id/2026/plus/1,b4490298444b6e31458c6e927b4ab3fff5378977e083c471be7a43b9938c0f59,2026-09-12
GER3,TSV Havelse 1912,476,Finn Kiszka,632182,2000-12-17,Mittelstürmer,17,2026-07-06,2027-06-30,"[""Neuzugang von: HSC Hannover; Datum: 06.07.2026; Ablöse: ablösefrei""]",https://www.transfermarkt.de/finn-kiszka/profil/spieler/632182,CONFIRMED,STAGE_CURRENT_SQUAD,https://www.transfermarkt.de/tsv-havelse/kader/verein/476/saison_id/2026/plus/1,b4490298444b6e31458c6e927b4ab3fff5378977e083c471be7a43b9938c0f59,2026-09-12
GER3,TSV Havelse 1912,476,Leon Svitek,1138641,2007-09-01,Mittelstürmer,38,2026-07-01,2027-06-30,"[""Interner Wechsel: TSV Havelse U19; Datum: 01.07.2026""]",https://www.transfermarkt.de/leon-svitek/profil/spieler/1138641,CONFIRMED,STAGE_CURRENT_SQUAD,https://www.transfermarkt.de/tsv-havelse/kader/verein/476/saison_id/2026/plus/1,b4490298444b6e31458c6e927b4ab3fff5378977e083c471be7a43b9938c0f59,2026-09-12
GER3,TSV Havelse 1912,476,Torben Engelking,383699,1996-06-28,Mittelstürmer,16,2019-07-01,2028-06-30,[],https://www.transfermarkt.de/torben-engelking/profil/spieler/383699,CONFIRMED,STAGE_CURRENT_SQUAD,https://www.transfermarkt.de/tsv-havelse/kader/verein/476/saison_id/2026/plus/1,b4490298444b6e31458c6e927b4ab3fff5378977e083c471be7a43b9938c0f59,2026-09-12
GER3,SV Meppen,247,Julius Pünt,964114,2004-04-01,Torwart,44,2023-07-01,2028-06-30,[],https://www.transfermarkt.de/julius-punt/profil/spieler/964114,CONFIRMED,STAGE_CURRENT_SQUAD,https://www.transfermarkt.de/sv-meppen/kader/verein/247/saison_id/2026/plus/1,bb6dac7a3a8a8d7c79b23424ccb65850442347058ab16c823460c547dc72588a,2026-09-12
GER3,SV Meppen,247,Noah Oberbeck,591882,2002-12-09,Torwart,1,2025-07-01,2027-06-30,[],https://www.transfermarkt.de/noah-oberbeck/profil/spieler/591882,CONFIRMED,STAGE_CURRENT_SQUAD,https://www.transfermarkt.de/sv-meppen/kader/verein/247/saison_id/2026/plus/1,bb6dac7a3a8a8d7c79b23424ccb65850442347058ab16c823460c547dc72588a,2026-09-12
GER3,SV Meppen,247,Timo Schmitz,1001249,2007-01-04,Torwart,30,2026-07-24,2027-06-30,"[""Neuzugang von: 1.FC Köln U19; Datum: 24.07.2026; Ablöse: ablösefrei""]",https://www.transfermarkt.de/timo-schmitz/profil/spieler/1001249,CONFIRMED,STAGE_CURRENT_SQUAD,https://www.transfermarkt.de/sv-meppen/kader/verein/247/saison_id/2026/plus/1,bb6dac7a3a8a8d7c79b23424ccb65850442347058ab16c823460c547dc72588a,2026-09-12
GER3,SV Meppen,247,Jonas Fedl,379804,1999-02-05,Innenverteidiger,5,2021-07-01,2027-06-30,[],https://www.transfermarkt.de/jonas-fedl/profil/spieler/379804,CONFIRMED,STAGE_CURRENT_SQUAD,https://www.transfermarkt.de/sv-meppen/kader/verein/247/saison_id/2026/plus/1,bb6dac7a3a8a8d7c79b23424ccb65850442347058ab16c823460c547dc72588a,2026-09-12
GER3,SV Meppen,247,Luis Sprekelmeyer,627399,2002-04-15,Innenverteidiger,19,2023-07-01,2027-06-30,[],https://www.transfermarkt.de/luis-sprekelmeyer/profil/spieler/627399,CONFIRMED,STAGE_CURRENT_SQUAD,https://www.transfermarkt.de/sv-meppen/kader/verein/247/saison_id/2026/plus/1,bb6dac7a3a8a8d7c79b23424ccb65850442347058ab16c823460c547dc72588a,2026-09-12
GER3,SV Meppen,247,Stefan Rankic,501958,2001-01-13,Innenverteidiger,33,2024-07-22,2027-06-30,[],https://www.transfermarkt.de/stefan-rankic/profil/spieler/501958,CONFIRMED,STAGE_CURRENT_SQUAD,https://www.transfermarkt.de/sv-meppen/kader/verein/247/saison_id/2026/plus/1,bb6dac7a3a8a8d7c79b23424ccb65850442347058ab16c823460c547dc72588a,2026-09-12
GER3,SV Meppen,247,Jonas Goldenstein,1034594,2006-12-09,Innenverteidiger,28,2025-07-01,2027-06-30,[],https://www.transfermarkt.de/jonas-goldenstein/profil/spieler/1034594,CONFIRMED,STAGE_CURRENT_SQUAD,https://www.transfermarkt.de/sv-meppen/kader/verein/247/saison_id/2026/plus/1,bb6dac7a3a8a8d7c79b23424ccb65850442347058ab16c823460c547dc72588a,2026-09-12
GER3,SV Meppen,247,Florian Bähr,569032,2003-02-18,Linker Verteidiger,39,2026-07-02,2028-06-30,"[""Neuzugang von: TSG 1899 Hoffenheim II; Datum: 02.07.2026; Ablöse: ablösefrei""]",https://www.transfermarkt.de/florian-bahr/profil/spieler/569032,CONFIRMED,STAGE_CURRENT_SQUAD,https://www.transfermarkt.de/sv-meppen/kader/verein/247/saison_id/2026/plus/1,bb6dac7a3a8a8d7c79b23424ccb65850442347058ab16c823460c547dc72588a,2026-09-12
GER3,SV Meppen,247,Tobias Mißner,384531,2000-02-17,Linker Verteidiger,3,2023-07-13,2028-06-30,[],https://www.transfermarkt.de/tobias-missner/profil/spieler/384531,CONFIRMED,STAGE_CURRENT_SQUAD,https://www.transfermarkt.de/sv-meppen/kader/verein/247/saison_id/2026/plus/1,bb6dac7a3a8a8d7c79b23424ccb65850442347058ab16c823460c547dc72588a,2026-09-12
GER3,SV Meppen,247,Dominique Domröse,515965,2002-02-12,Rechter Verteidiger,2,2025-01-01,2028-06-30,[],https://www.transfermarkt.de/dominique-domrose/profil/spieler/515965,CONFIRMED,STAGE_CURRENT_SQUAD,https://www.transfermarkt.de/sv-meppen/kader/verein/247/saison_id/2026/plus/1,bb6dac7a3a8a8d7c79b23424ccb65850442347058ab16c823460c547dc72588a,2026-09-12
GER3,SV Meppen,247,Nikell Touglo,453854,2001-11-20,Rechter Verteidiger,20,2024-07-01,2027-06-30,[],https://www.transfermarkt.de/nikell-touglo/profil/spieler/453854,CONFIRMED,STAGE_CURRENT_SQUAD,https://www.transfermarkt.de/sv-meppen/kader/verein/247/saison_id/2026/plus/1,bb6dac7a3a8a8d7c79b23424ccb65850442347058ab16c823460c547dc72588a,2026-09-12
GER3,SV Meppen,247,Ersin Zehir,275127,1998-01-15,Defensives Mittelfeld,6,2025-07-01,2027-06-30,[],https://www.transfermarkt.de/ersin-zehir/profil/spieler/275127,CONFIRMED,STAGE_CURRENT_SQUAD,https://www.transfermarkt.de/sv-meppen/kader/verein/247/saison_id/2026/plus/1,bb6dac7a3a8a8d7c79b23424ccb65850442347058ab16c823460c547dc72588a,2026-09-12
GER3,SV Meppen,247,Henrik Wittrock,1034656,2007-02-19,Defensives Mittelfeld,24,2026-07-01,2028-06-30,"[""Interner Wechsel: SV Meppen U19; Datum: 01.07.2026""]",https://www.transfermarkt.de/henrik-wittrock/profil/spieler/1034656,CONFIRMED,STAGE_CURRENT_SQUAD,https://www.transfermarkt.de/sv-meppen/kader/verein/247/saison_id/2026/plus/1,bb6dac7a3a8a8d7c79b23424ccb65850442347058ab16c823460c547dc72588a,2026-09-12
GER3,SV Meppen,247,Jona Borsum,917107,2005-03-19,Zentrales Mittelfeld,4,2026-07-25,2027-06-30,[],https://www.transfermarkt.de/jona-borsum/profil/spieler/917107,CONFIRMED,REVIEW_REQUIRED,https://www.transfermarkt.de/sv-meppen/kader/verein/247/saison_id/2026/plus/1,bb6dac7a3a8a8d7c79b23424ccb65850442347058ab16c823460c547dc72588a,2026-09-12
GER3,SV Meppen,247,Niclas Wessels,1030276,2004-11-14,Zentrales Mittelfeld,23,2023-07-01,2027-06-30,[],https://www.transfermarkt.de/niclas-wessels/profil/spieler/1030276,CONFIRMED,STAGE_CURRENT_SQUAD,https://www.transfermarkt.de/sv-meppen/kader/verein/247/saison_id/2026/plus/1,bb6dac7a3a8a8d7c79b23424ccb65850442347058ab16c823460c547dc72588a,2026-09-12
GER3,SV Meppen,247,Erik Zenga,85961,1993-01-18,Zentrales Mittelfeld,8,2025-01-17,2027-06-30,[],https://www.transfermarkt.de/erik-zenga/profil/spieler/85961,CONFIRMED,STAGE_CURRENT_SQUAD,https://www.transfermarkt.de/sv-meppen/kader/verein/247/saison_id/2026/plus/1,bb6dac7a3a8a8d7c79b23424ccb65850442347058ab16c823460c547dc72588a,2026-09-12
GER3,SV Meppen,247,Thorben Deters,322249,1995-08-20,Offensives Mittelfeld,14,2025-07-01,2027-06-30,[],https://www.transfermarkt.de/thorben-deters/profil/spieler/322249,CONFIRMED,STAGE_CURRENT_SQUAD,https://www.transfermarkt.de/sv-meppen/kader/verein/247/saison_id/2026/plus/1,bb6dac7a3a8a8d7c79b23424ccb65850442347058ab16c823460c547dc72588a,2026-09-12
GER3,SV Meppen,247,Kasra Ghawilu,449961,1999-02-11,Offensives Mittelfeld,10,2026-07-01,,"[""Neuzugang von: SSV Jeddeloh II; Datum: 01.07.2026; Ablöse: ?""]",https://www.transfermarkt.de/kasra-ghawilu/profil/spieler/449961,CONFIRMED,REVIEW_REQUIRED,https://www.transfermarkt.de/sv-meppen/kader/verein/247/saison_id/2026/plus/1,bb6dac7a3a8a8d7c79b23424ccb65850442347058ab16c823460c547dc72588a,2026-09-12
GER3,SV Meppen,247,Niclas Nadj,447799,2000-12-24,Offensives Mittelfeld,40,2025-07-21,2027-06-30,[],https://www.transfermarkt.de/niclas-nadj/profil/spieler/447799,CONFIRMED,STAGE_CURRENT_SQUAD,https://www.transfermarkt.de/sv-meppen/kader/verein/247/saison_id/2026/plus/1,bb6dac7a3a8a8d7c79b23424ccb65850442347058ab16c823460c547dc72588a,2026-09-12
GER3,SV Meppen,247,Oliver Schmitt,343336,2000-06-04,Linksaußen,7,2025-07-03,2027-06-30,[],https://www.transfermarkt.de/oliver-schmitt/profil/spieler/343336,CONFIRMED,STAGE_CURRENT_SQUAD,https://www.transfermarkt.de/sv-meppen/kader/verein/247/saison_id/2026/plus/1,bb6dac7a3a8a8d7c79b23424ccb65850442347058ab16c823460c547dc72588a,2026-09-12
GER3,SV Meppen,247,Mika Herrmann,1043700,2006-04-16,Linksaußen,22,2025-07-01,2027-06-30,[],https://www.transfermarkt.de/mika-herrmann/profil/spieler/1043700,CONFIRMED,STAGE_CURRENT_SQUAD,https://www.transfermarkt.de/sv-meppen/kader/verein/247/saison_id/2026/plus/1,bb6dac7a3a8a8d7c79b23424ccb65850442347058ab16c823460c547dc72588a,2026-09-12
GER3,SV Meppen,247,Luca Prasse,1030278,2004-06-11,Rechtsaußen,31,2026-07-01,2027-06-30,[],https://www.transfermarkt.de/luca-prasse/profil/spieler/1030278,CONFIRMED,REVIEW_REQUIRED,https://www.transfermarkt.de/sv-meppen/kader/verein/247/saison_id/2026/plus/1,bb6dac7a3a8a8d7c79b23424ccb65850442347058ab16c823460c547dc72588a,2026-09-12
GER3,SV Meppen,247,Jannic Ehlers,639577,2003-01-05,Rechtsaußen,17,2026-07-01,,"[""Neuzugang von: FC Erzgebirge Aue; Datum: 01.07.2026; Ablöse: ablösefrei""]",https://www.transfermarkt.de/jannic-ehlers/profil/spieler/639577,CONFIRMED,STAGE_CURRENT_SQUAD,https://www.transfermarkt.de/sv-meppen/kader/verein/247/saison_id/2026/plus/1,bb6dac7a3a8a8d7c79b23424ccb65850442347058ab16c823460c547dc72588a,2026-09-12
GER3,SV Meppen,247,Richard Meier,922647,2004-02-11,Mittelstürmer,13,2026-07-09,2027-06-30,[],https://www.transfermarkt.de/richard-meier/profil/spieler/922647,CONFIRMED,REVIEW_REQUIRED,https://www.transfermarkt.de/sv-meppen/kader/verein/247/saison_id/2026/plus/1,bb6dac7a3a8a8d7c79b23424ccb65850442347058ab16c823460c547dc72588a,2026-09-12
GER3,SV Meppen,247,Cyrill Akono,506855,2000-02-29,Mittelstürmer,9,2026-07-01,2028-06-30,"[""Neuzugang von: BSG Chemie Leipzig; Datum: 01.07.2026; Ablöse: ablösefrei""]",https://www.transfermarkt.de/cyrill-akono/profil/spieler/506855,CONFIRMED,STAGE_CURRENT_SQUAD,https://www.transfermarkt.de/sv-meppen/kader/verein/247/saison_id/2026/plus/1,bb6dac7a3a8a8d7c79b23424ccb65850442347058ab16c823460c547dc72588a,2026-09-12
GER3,SV Meppen,247,Simon Engelmann,122194,1989-03-22,Mittelstürmer,11,2025-07-01,2027-06-30,[],https://www.transfermarkt.de/simon-engelmann/profil/spieler/122194,CONFIRMED,STAGE_CURRENT_SQUAD,https://www.transfermarkt.de/sv-meppen/kader/verein/247/saison_id/2026/plus/1,bb6dac7a3a8a8d7c79b23424ccb65850442347058ab16c823460c547dc72588a,2026-09-12
GER3,SC Fortuna Köln,92,Lennart Winkler,675534,2003-10-05,Torwart,1,2023-07-01,2027-06-30,[],https://www.transfermarkt.de/lennart-winkler/profil/spieler/675534,CONFIRMED,STAGE_CURRENT_SQUAD,https://www.transfermarkt.de/sc-fortuna-koln/kader/verein/92/saison_id/2026/plus/1,c255b2b753fa967f4c2eb7cdee0e0a6e7bb7b0e3c371fdcdfc7a8694476b2be0,2026-09-12
GER3,SC Fortuna Köln,92,Ben Zich,681206,2003-02-16,Torwart,25,2026-07-01,2028-06-30,"[""Neuzugang von: Fortuna Düsseldorf; Datum: 01.07.2026; Ablöse: ablösefrei""]",https://www.transfermarkt.de/ben-zich/profil/spieler/681206,CONFIRMED,REVIEW_REQUIRED,https://www.transfermarkt.de/sc-fortuna-koln/kader/verein/92/saison_id/2026/plus/1,c255b2b753fa967f4c2eb7cdee0e0a6e7bb7b0e3c371fdcdfc7a8694476b2be0,2026-09-12
GER3,SC Fortuna Köln,92,Lennart Stollenwerk,897427,2006-01-07,Torwart,33,2024-07-01,2027-06-30,[],https://www.transfermarkt.de/lennart-stollenwerk/profil/spieler/897427,CONFIRMED,STAGE_CURRENT_SQUAD,https://www.transfermarkt.de/sc-fortuna-koln/kader/verein/92/saison_id/2026/plus/1,c255b2b753fa967f4c2eb7cdee0e0a6e7bb7b0e3c371fdcdfc7a8694476b2be0,2026-09-12
GER3,SC Fortuna Köln,92,Neo Telle,917792,2005-04-24,Innenverteidiger,31,2026-01-06,2027-06-30,[],https://www.transfermarkt.de/neo-telle/profil/spieler/917792,CONFIRMED,REVIEW_REQUIRED,https://www.transfermarkt.de/sc-fortuna-koln/kader/verein/92/saison_id/2026/plus/1,c255b2b753fa967f4c2eb7cdee0e0a6e7bb7b0e3c371fdcdfc7a8694476b2be0,2026-09-12
GER3,SC Fortuna Köln,92,Maximilian Fischer,598284,2002-04-22,Innenverteidiger,3,2024-07-01,2027-06-30,[],https://www.transfermarkt.de/maximilian-fischer/profil/spieler/598284,CONFIRMED,STAGE_CURRENT_SQUAD,https://www.transfermarkt.de/sc-fortuna-koln/kader/verein/92/saison_id/2026/plus/1,c255b2b753fa967f4c2eb7cdee0e0a6e7bb7b0e3c371fdcdfc7a8694476b2be0,2026-09-12
GER3,SC Fortuna Köln,92,Kevin Krumme,810293,2004-03-10,Innenverteidiger,2,2026-07-01,2027-06-30,[],https://www.transfermarkt.de/kevin-krumme/profil/spieler/810293,CONFIRMED,REVIEW_REQUIRED,https://www.transfermarkt.de/sc-fortuna-koln/kader/verein/92/saison_id/2026/plus/1,c255b2b753fa967f4c2eb7cdee0e0a6e7bb7b0e3c371fdcdfc7a8694476b2be0,2026-09-12
GER3,SC Fortuna Köln,92,Seymour Fünger,530165,2002-05-18,Innenverteidiger,5,2024-07-01,2027-06-30,[],https://www.transfermarkt.de/seymour-funger/profil/spieler/530165,CONFIRMED,STAGE_CURRENT_SQUAD,https://www.transfermarkt.de/sc-fortuna-koln/kader/verein/92/saison_id/2026/plus/1,c255b2b753fa967f4c2eb7cdee0e0a6e7bb7b0e3c371fdcdfc7a8694476b2be0,2026-09-12
GER3,SC Fortuna Köln,92,David Kamm Al-Azzawe,122268,1992-06-05,Innenverteidiger,15,2025-07-01,2027-06-30,[],https://www.transfermarkt.de/david-kamm-al-azzawe/profil/spieler/122268,CONFIRMED,STAGE_CURRENT_SQUAD,https://www.transfermarkt.de/sc-fortuna-koln/kader/verein/92/saison_id/2026/plus/1,c255b2b753fa967f4c2eb7cdee0e0a6e7bb7b0e3c371fdcdfc7a8694476b2be0,2026-09-12
GER3,SC Fortuna Köln,92,Robin Afamefuna,265441,1997-03-02,Linker Verteidiger,22,2024-07-11,2027-06-30,[],https://www.transfermarkt.de/robin-afamefuna/profil/spieler/265441,CONFIRMED,STAGE_CURRENT_SQUAD,https://www.transfermarkt.de/sc-fortuna-koln/kader/verein/92/saison_id/2026/plus/1,c255b2b753fa967f4c2eb7cdee0e0a6e7bb7b0e3c371fdcdfc7a8694476b2be0,2026-09-12
GER3,SC Fortuna Köln,92,Jasper Löffelsend,443391,1997-09-10,Rechter Verteidiger,13,2026-07-17,2027-06-30,"[""Neuzugang von: LKS Lodz; Datum: 17.07.2026; Ablöse: ablösefrei""]",https://www.transfermarkt.de/jasper-loffelsend/profil/spieler/443391,CONFIRMED,STAGE_CURRENT_SQUAD,https://www.transfermarkt.de/sc-fortuna-koln/kader/verein/92/saison_id/2026/plus/1,c255b2b753fa967f4c2eb7cdee0e0a6e7bb7b0e3c371fdcdfc7a8694476b2be0,2026-09-12
GER3,SC Fortuna Köln,92,Florian Heister,333661,1997-03-02,Rechter Verteidiger,17,2026-08-20,2028-06-30,"[""Neuzugang von: Alemannia Aachen; Datum: 20.08.2026; Ablöse: ablösefrei""]",https://www.transfermarkt.de/florian-heister/profil/spieler/333661,CONFIRMED,STAGE_CURRENT_SQUAD,https://www.transfermarkt.de/sc-fortuna-koln/kader/verein/92/saison_id/2026/plus/1,c255b2b753fa967f4c2eb7cdee0e0a6e7bb7b0e3c371fdcdfc7a8694476b2be0,2026-09-12
GER3,SC Fortuna Köln,92,Vleron Statovci,687257,2003-07-13,Rechter Verteidiger,4,2025-07-01,2027-06-30,[],https://www.transfermarkt.de/vleron-statovci/profil/spieler/687257,CONFIRMED,STAGE_CURRENT_SQUAD,https://www.transfermarkt.de/sc-fortuna-koln/kader/verein/92/saison_id/2026/plus/1,c255b2b753fa967f4c2eb7cdee0e0a6e7bb7b0e3c371fdcdfc7a8694476b2be0,2026-09-12
GER3,SC Fortuna Köln,92,Kevin Brechmann,927940,2002-07-22,Rechter Verteidiger,27,2025-07-01,2027-06-30,[],https://www.transfermarkt.de/kevin-brechmann/profil/spieler/927940,CONFIRMED,STAGE_CURRENT_SQUAD,https://www.transfermarkt.de/sc-fortuna-koln/kader/verein/92/saison_id/2026/plus/1,c255b2b753fa967f4c2eb7cdee0e0a6e7bb7b0e3c371fdcdfc7a8694476b2be0,2026-09-12
GER3,SC Fortuna Köln,92,Georg Strauch,522077,2001-03-30,Defensives Mittelfeld,11,2025-07-01,2027-06-30,[],https://www.transfermarkt.de/georg-strauch/profil/spieler/522077,CONFIRMED,STAGE_CURRENT_SQUAD,https://www.transfermarkt.de/sc-fortuna-koln/kader/verein/92/saison_id/2026/plus/1,c255b2b753fa967f4c2eb7cdee0e0a6e7bb7b0e3c371fdcdfc7a8694476b2be0,2026-09-12
GER3,SC Fortuna Köln,92,David Savic,815629,2005-06-08,Defensives Mittelfeld,23,2026-07-01,2028-06-30,"[""Neuzugang von: Fortuna Düsseldorf II; Datum: 01.07.2026; Ablöse: ablösefrei""]",https://www.transfermarkt.de/david-savic/profil/spieler/815629,CONFIRMED,STAGE_CURRENT_SQUAD,https://www.transfermarkt.de/sc-fortuna-koln/kader/verein/92/saison_id/2026/plus/1,c255b2b753fa967f4c2eb7cdee0e0a6e7bb7b0e3c371fdcdfc7a8694476b2be0,2026-09-12
GER3,SC Fortuna Köln,92,Bennit Bröger,897479,2006-07-01,Zentrales Mittelfeld,38,2026-07-03,2027-06-30,[],https://www.transfermarkt.de/bennit-broger/profil/spieler/897479,CONFIRMED,REVIEW_REQUIRED,https://www.transfermarkt.de/sc-fortuna-koln/kader/verein/92/saison_id/2026/plus/1,c255b2b753fa967f4c2eb7cdee0e0a6e7bb7b0e3c371fdcdfc7a8694476b2be0,2026-09-12
GER3,SC Fortuna Köln,92,Tom Geerkens,512988,2000-10-07,Zentrales Mittelfeld,6,2025-07-01,2027-06-30,[],https://www.transfermarkt.de/tom-geerkens/profil/spieler/512988,CONFIRMED,STAGE_CURRENT_SQUAD,https://www.transfermarkt.de/sc-fortuna-koln/kader/verein/92/saison_id/2026/plus/1,c255b2b753fa967f4c2eb7cdee0e0a6e7bb7b0e3c371fdcdfc7a8694476b2be0,2026-09-12
GER3,SC Fortuna Köln,92,Adrian Stanilewicz,389078,2000-02-22,Zentrales Mittelfeld,20,2022-09-09,2027-06-30,[],https://www.transfermarkt.de/adrian-stanilewicz/profil/spieler/389078,CONFIRMED,STAGE_CURRENT_SQUAD,https://www.transfermarkt.de/sc-fortuna-koln/kader/verein/92/saison_id/2026/plus/1,c255b2b753fa967f4c2eb7cdee0e0a6e7bb7b0e3c371fdcdfc7a8694476b2be0,2026-09-12
GER3,SC Fortuna Köln,92,Rafael García,241973,1993-09-27,Zentrales Mittelfeld,10,2025-07-01,2027-06-30,[],https://www.transfermarkt.de/rafael-garcia/profil/spieler/241973,CONFIRMED,STAGE_CURRENT_SQUAD,https://www.transfermarkt.de/sc-fortuna-koln/kader/verein/92/saison_id/2026/plus/1,c255b2b753fa967f4c2eb7cdee0e0a6e7bb7b0e3c371fdcdfc7a8694476b2be0,2026-09-12
GER3,SC Fortuna Köln,92,Cedric Harenbrock,284178,1998-04-19,Offensives Mittelfeld,14,2026-08-31,2027-06-30,"[""Neuzugang von: FC Hansa Rostock; Datum: 31.08.2026; Ablöse: ablösefrei""]",https://www.transfermarkt.de/cedric-harenbrock/profil/spieler/284178,CONFIRMED,STAGE_CURRENT_SQUAD,https://www.transfermarkt.de/sc-fortuna-koln/kader/verein/92/saison_id/2026/plus/1,c255b2b753fa967f4c2eb7cdee0e0a6e7bb7b0e3c371fdcdfc7a8694476b2be0,2026-09-12
GER3,SC Fortuna Köln,92,Jonas Michelbrink,471901,2001-06-23,Offensives Mittelfeld,16,2025-08-30,2027-06-30,[],https://www.transfermarkt.de/jonas-michelbrink/profil/spieler/471901,CONFIRMED,STAGE_CURRENT_SQUAD,https://www.transfermarkt.de/sc-fortuna-koln/kader/verein/92/saison_id/2026/plus/1,c255b2b753fa967f4c2eb7cdee0e0a6e7bb7b0e3c371fdcdfc7a8694476b2be0,2026-09-12
GER3,SC Fortuna Köln,92,Nico Thier,455694,1998-09-10,Offensives Mittelfeld,7,2025-07-01,2027-06-30,[],https://www.transfermarkt.de/nico-thier/profil/spieler/455694,CONFIRMED,STAGE_CURRENT_SQUAD,https://www.transfermarkt.de/sc-fortuna-koln/kader/verein/92/saison_id/2026/plus/1,c255b2b753fa967f4c2eb7cdee0e0a6e7bb7b0e3c371fdcdfc7a8694476b2be0,2026-09-12
GER3,SC Fortuna Köln,92,Suheyel Najar,354032,1995-10-13,Offensives Mittelfeld,21,2025-07-01,2027-06-30,[],https://www.transfermarkt.de/suheyel-najar/profil/spieler/354032,CONFIRMED,STAGE_CURRENT_SQUAD,https://www.transfermarkt.de/sc-fortuna-koln/kader/verein/92/saison_id/2026/plus/1,c255b2b753fa967f4c2eb7cdee0e0a6e7bb7b0e3c371fdcdfc7a8694476b2be0,2026-09-12
GER3,SC Fortuna Köln,92,Luca Majetic,988279,2003-05-15,Offensives Mittelfeld,8,2025-07-01,2027-06-30,[],https://www.transfermarkt.de/luca-majetic/profil/spieler/988279,CONFIRMED,STAGE_CURRENT_SQUAD,https://www.transfermarkt.de/sc-fortuna-koln/kader/verein/92/saison_id/2026/plus/1,c255b2b753fa967f4c2eb7cdee0e0a6e7bb7b0e3c371fdcdfc7a8694476b2be0,2026-09-12
GER3,SC Fortuna Köln,92,Jannik Mause,331515,1998-07-11,Mittelstürmer,37,2026-09-01,2027-06-30,"[""Neuzugang von: 1.FC Kaiserslautern; Datum: 01.09.2026; Ablöse: ?""]",https://www.transfermarkt.de/jannik-mause/profil/spieler/331515,CONFIRMED,REVIEW_REQUIRED,https://www.transfermarkt.de/sc-fortuna-koln/kader/verein/92/saison_id/2026/plus/1,c255b2b753fa967f4c2eb7cdee0e0a6e7bb7b0e3c371fdcdfc7a8694476b2be0,2026-09-12
GER3,SC Fortuna Köln,92,Enzo Wirtz,360625,1995-12-05,Mittelstürmer,9,2025-07-01,2027-06-30,[],https://www.transfermarkt.de/enzo-wirtz/profil/spieler/360625,CONFIRMED,STAGE_CURRENT_SQUAD,https://www.transfermarkt.de/sc-fortuna-koln/kader/verein/92/saison_id/2026/plus/1,c255b2b753fa967f4c2eb7cdee0e0a6e7bb7b0e3c371fdcdfc7a8694476b2be0,2026-09-12
GER3,SC Fortuna Köln,92,Timo Bornemann,452131,2000-12-01,Mittelstürmer,19,2025-07-01,2027-06-30,[],https://www.transfermarkt.de/timo-bornemann/profil/spieler/452131,CONFIRMED,STAGE_CURRENT_SQUAD,https://www.transfermarkt.de/sc-fortuna-koln/kader/verein/92/saison_id/2026/plus/1,c255b2b753fa967f4c2eb7cdee0e0a6e7bb7b0e3c371fdcdfc7a8694476b2be0,2026-09-12
GER3,SC Fortuna Köln,92,Hamadi Al Ghaddioui,193534,1990-09-22,Mittelstürmer,18,2025-07-01,2027-06-30,[],https://www.transfermarkt.de/hamadi-al-ghaddioui/profil/spieler/193534,CONFIRMED,STAGE_CURRENT_SQUAD,https://www.transfermarkt.de/sc-fortuna-koln/kader/verein/92/saison_id/2026/plus/1,c255b2b753fa967f4c2eb7cdee0e0a6e7bb7b0e3c371fdcdfc7a8694476b2be0,2026-09-12
GER3,SC Fortuna Köln,92,Romeo Aigbekaen,795387,2004-06-22,Mittelstürmer,30,2026-07-01,2027-06-30,[],https://www.transfermarkt.de/romeo-aigbekaen/profil/spieler/795387,CONFIRMED,REVIEW_REQUIRED,https://www.transfermarkt.de/sc-fortuna-koln/kader/verein/92/saison_id/2026/plus/1,c255b2b753fa967f4c2eb7cdee0e0a6e7bb7b0e3c371fdcdfc7a8694476b2be0,2026-09-12
GER3,SG Sonnenhof Großaspach,2589,Maximilian Reule,160249,1994-02-01,Torwart,1,2021-07-01,2028-06-30,[],https://www.transfermarkt.de/maximilian-reule/profil/spieler/160249,CONFIRMED,STAGE_CURRENT_SQUAD,https://www.transfermarkt.de/sg-sonnenhof-grossaspach/kader/verein/2589/saison_id/2026/plus/1,ceb6dce8c3f846bc1688d6ba77daaf4b6d34d1ddb8ca555b2498968bf85c6f78,2026-09-12
GER3,SG Sonnenhof Großaspach,2589,Robin Dittrich,1159566,2007-03-12,Torwart,24,2026-07-01,2028-06-30,"[""Neuzugang von: VfB Stuttgart U19; Datum: 01.07.2026; Ablöse: ablösefrei""]",https://www.transfermarkt.de/robin-dittrich/profil/spieler/1159566,CONFIRMED,STAGE_CURRENT_SQUAD,https://www.transfermarkt.de/sg-sonnenhof-grossaspach/kader/verein/2589/saison_id/2026/plus/1,ceb6dce8c3f846bc1688d6ba77daaf4b6d34d1ddb8ca555b2498968bf85c6f78,2026-09-12
GER3,SG Sonnenhof Großaspach,2589,Tim Schulz,1031765,2006-08-15,Torwart,33,2024-01-18,2028-06-30,[],https://www.transfermarkt.de/tim-schulz/profil/spieler/1031765,CONFIRMED,STAGE_CURRENT_SQUAD,https://www.transfermarkt.de/sg-sonnenhof-grossaspach/kader/verein/2589/saison_id/2026/plus/1,ceb6dce8c3f846bc1688d6ba77daaf4b6d34d1ddb8ca555b2498968bf85c6f78,2026-09-12
GER3,SG Sonnenhof Großaspach,2589,Antonis Aidonis,405674,2001-05-22,Innenverteidiger,15,2024-08-15,2028-06-30,[],https://www.transfermarkt.de/antonis-aidonis/profil/spieler/405674,CONFIRMED,STAGE_CURRENT_SQUAD,https://www.transfermarkt.de/sg-sonnenhof-grossaspach/kader/verein/2589/saison_id/2026/plus/1,ceb6dce8c3f846bc1688d6ba77daaf4b6d34d1ddb8ca555b2498968bf85c6f78,2026-09-12
GER3,SG Sonnenhof Großaspach,2589,Arbnor Nuraj,526125,2000-02-26,Innenverteidiger,25,2023-07-03,2027-06-30,[],https://www.transfermarkt.de/arbnor-nuraj/profil/spieler/526125,CONFIRMED,STAGE_CURRENT_SQUAD,https://www.transfermarkt.de/sg-sonnenhof-grossaspach/kader/verein/2589/saison_id/2026/plus/1,ceb6dce8c3f846bc1688d6ba77daaf4b6d34d1ddb8ca555b2498968bf85c6f78,2026-09-12
GER3,SG Sonnenhof Großaspach,2589,Marius Uhl,578879,2000-04-07,Innenverteidiger,19,2026-07-01,2028-06-30,"[""Neuzugang von: Würzburger Kickers; Datum: 01.07.2026; Ablöse: ablösefrei""]",https://www.transfermarkt.de/marius-uhl/profil/spieler/578879,CONFIRMED,STAGE_CURRENT_SQUAD,https://www.transfermarkt.de/sg-sonnenhof-grossaspach/kader/verein/2589/saison_id/2026/plus/1,ceb6dce8c3f846bc1688d6ba77daaf4b6d34d1ddb8ca555b2498968bf85c6f78,2026-09-12
GER3,SG Sonnenhof Großaspach,2589,Brooklyn Schwarz,1041307,2005-06-13,Innenverteidiger,29,2024-07-01,2028-06-30,[],https://www.transfermarkt.de/brooklyn-schwarz/profil/spieler/1041307,CONFIRMED,REVIEW_REQUIRED,https://www.transfermarkt.de/sg-sonnenhof-grossaspach/kader/verein/2589/saison_id/2026/plus/1,ceb6dce8c3f846bc1688d6ba77daaf4b6d34d1ddb8ca555b2498968bf85c6f78,2026-09-12
GER3,SG Sonnenhof Großaspach,2589,Luca Molinari,805865,2002-10-29,Linker Verteidiger,21,2025-07-01,2028-06-30,[],https://www.transfermarkt.de/luca-molinari/profil/spieler/805865,CONFIRMED,STAGE_CURRENT_SQUAD,https://www.transfermarkt.de/sg-sonnenhof-grossaspach/kader/verein/2589/saison_id/2026/plus/1,ceb6dce8c3f846bc1688d6ba77daaf4b6d34d1ddb8ca555b2498968bf85c6f78,2026-09-12
GER3,SG Sonnenhof Großaspach,2589,Benedikt Landwehr,392155,2001-03-09,Linker Verteidiger,22,2023-07-01,2027-06-30,[],https://www.transfermarkt.de/benedikt-landwehr/profil/spieler/392155,CONFIRMED,STAGE_CURRENT_SQUAD,https://www.transfermarkt.de/sg-sonnenhof-grossaspach/kader/verein/2589/saison_id/2026/plus/1,ceb6dce8c3f846bc1688d6ba77daaf4b6d34d1ddb8ca555b2498968bf85c6f78,2026-09-12
GER3,SG Sonnenhof Großaspach,2589,Mark Gashi,1045914,2006-02-04,Linker Verteidiger,36,2025-07-01,2027-06-30,"[""Rückkehr nach Leihe von: TSG Backnang; Datum: 30.06.2026; Ablöse: Leih-Ende""]",https://www.transfermarkt.de/mark-gashi/profil/spieler/1045914,CONFIRMED,STAGE_CURRENT_SQUAD,https://www.transfermarkt.de/sg-sonnenhof-grossaspach/kader/verein/2589/saison_id/2026/plus/1,ceb6dce8c3f846bc1688d6ba77daaf4b6d34d1ddb8ca555b2498968bf85c6f78,2026-09-12
GER3,SG Sonnenhof Großaspach,2589,Elias Rahn,604568,2002-07-16,Rechter Verteidiger,8,2021-07-01,2027-06-30,[],https://www.transfermarkt.de/elias-rahn/profil/spieler/604568,CONFIRMED,STAGE_CURRENT_SQUAD,https://www.transfermarkt.de/sg-sonnenhof-grossaspach/kader/verein/2589/saison_id/2026/plus/1,ceb6dce8c3f846bc1688d6ba77daaf4b6d34d1ddb8ca555b2498968bf85c6f78,2026-09-12
GER3,SG Sonnenhof Großaspach,2589,Leon Maier,546030,1999-04-27,Rechter Verteidiger,20,2025-07-01,2027-06-30,[],https://www.transfermarkt.de/leon-maier/profil/spieler/546030,CONFIRMED,STAGE_CURRENT_SQUAD,https://www.transfermarkt.de/sg-sonnenhof-grossaspach/kader/verein/2589/saison_id/2026/plus/1,ceb6dce8c3f846bc1688d6ba77daaf4b6d34d1ddb8ca555b2498968bf85c6f78,2026-09-12
GER3,SG Sonnenhof Großaspach,2589,Volkan Celiktas,196044,1995-10-20,Defensives Mittelfeld,5,2022-07-01,2028-06-30,[],https://www.transfermarkt.de/volkan-celiktas/profil/spieler/196044,CONFIRMED,STAGE_CURRENT_SQUAD,https://www.transfermarkt.de/sg-sonnenhof-grossaspach/kader/verein/2589/saison_id/2026/plus/1,ceb6dce8c3f846bc1688d6ba77daaf4b6d34d1ddb8ca555b2498968bf85c6f78,2026-09-12
GER3,SG Sonnenhof Großaspach,2589,Christian Mistl,405688,2001-09-19,Defensives Mittelfeld,6,2023-07-01,2027-06-30,[],https://www.transfermarkt.de/christian-mistl/profil/spieler/405688,CONFIRMED,STAGE_CURRENT_SQUAD,https://www.transfermarkt.de/sg-sonnenhof-grossaspach/kader/verein/2589/saison_id/2026/plus/1,ceb6dce8c3f846bc1688d6ba77daaf4b6d34d1ddb8ca555b2498968bf85c6f78,2026-09-12
GER3,SG Sonnenhof Großaspach,2589,Franz Xaver Bleicher,859254,2007-03-18,Zentrales Mittelfeld,4,2026-08-17,2027-06-30,[],https://www.transfermarkt.de/franz-xaver-bleicher/profil/spieler/859254,CONFIRMED,REVIEW_REQUIRED,https://www.transfermarkt.de/sg-sonnenhof-grossaspach/kader/verein/2589/saison_id/2026/plus/1,ceb6dce8c3f846bc1688d6ba77daaf4b6d34d1ddb8ca555b2498968bf85c6f78,2026-09-12
GER3,SG Sonnenhof Großaspach,2589,Marius Kunde,196062,1995-02-15,Zentrales Mittelfeld,16,2023-07-01,2028-06-30,[],https://www.transfermarkt.de/marius-kunde/profil/spieler/196062,CONFIRMED,STAGE_CURRENT_SQUAD,https://www.transfermarkt.de/sg-sonnenhof-grossaspach/kader/verein/2589/saison_id/2026/plus/1,ceb6dce8c3f846bc1688d6ba77daaf4b6d34d1ddb8ca555b2498968bf85c6f78,2026-09-12
GER3,SG Sonnenhof Großaspach,2589,Noah Santiago Lorch,1294358,2005-12-09,Zentrales Mittelfeld,28,2026-07-01,2029-06-30,"[""Neuzugang von: VfB Eppingen; Datum: 01.07.2026; Ablöse: ablösefrei""]",https://www.transfermarkt.de/noah-santiago-lorch/profil/spieler/1294358,CONFIRMED,REVIEW_REQUIRED,https://www.transfermarkt.de/sg-sonnenhof-grossaspach/kader/verein/2589/saison_id/2026/plus/1,ceb6dce8c3f846bc1688d6ba77daaf4b6d34d1ddb8ca555b2498968bf85c6f78,2026-09-12
GER3,SG Sonnenhof Großaspach,2589,Niklas Pollex,408573,1997-04-16,Offensives Mittelfeld,18,2024-07-01,2027-06-30,[],https://www.transfermarkt.de/niklas-pollex/profil/spieler/408573,CONFIRMED,STAGE_CURRENT_SQUAD,https://www.transfermarkt.de/sg-sonnenhof-grossaspach/kader/verein/2589/saison_id/2026/plus/1,ceb6dce8c3f846bc1688d6ba77daaf4b6d34d1ddb8ca555b2498968bf85c6f78,2026-09-12
GER3,SG Sonnenhof Großaspach,2589,Lukas Stoppel,1157414,2005-06-03,Offensives Mittelfeld,10,2023-07-01,2029-06-30,[],https://www.transfermarkt.de/lukas-stoppel/profil/spieler/1157414,CONFIRMED,STAGE_CURRENT_SQUAD,https://www.transfermarkt.de/sg-sonnenhof-grossaspach/kader/verein/2589/saison_id/2026/plus/1,ceb6dce8c3f846bc1688d6ba77daaf4b6d34d1ddb8ca555b2498968bf85c6f78,2026-09-12
GER3,SG Sonnenhof Großaspach,2589,Tim Rossmann,692148,2003-11-11,Linksaußen,11,2026-07-20,2028-06-30,"[""Neuzugang von: Fortuna Düsseldorf; Datum: 20.07.2026; Ablöse: ablösefrei""]",https://www.transfermarkt.de/tim-rossmann/profil/spieler/692148,CONFIRMED,STAGE_CURRENT_SQUAD,https://www.transfermarkt.de/sg-sonnenhof-grossaspach/kader/verein/2589/saison_id/2026/plus/1,ceb6dce8c3f846bc1688d6ba77daaf4b6d34d1ddb8ca555b2498968bf85c6f78,2026-09-12
GER3,SG Sonnenhof Großaspach,2589,Nikos Zografakis,296431,1999-07-07,Linksaußen,13,2026-09-01,2028-06-30,"[""Neuzugang von: VSG Altglienicke; Datum: 01.09.2026; Ablöse: ?""]",https://www.transfermarkt.de/nikos-zografakis/profil/spieler/296431,CONFIRMED,STAGE_CURRENT_SQUAD,https://www.transfermarkt.de/sg-sonnenhof-grossaspach/kader/verein/2589/saison_id/2026/plus/1,ceb6dce8c3f846bc1688d6ba77daaf4b6d34d1ddb8ca555b2498968bf85c6f78,2026-09-12
GER3,SG Sonnenhof Großaspach,2589,Deli Hajdini,1281649,2006-10-02,Linksaußen,7,2026-07-01,2028-06-30,"[""Neuzugang von: VfB Stuttgart II; Datum: 01.07.2026; Ablöse: ablösefrei""]",https://www.transfermarkt.de/deli-hajdini/profil/spieler/1281649,CONFIRMED,STAGE_CURRENT_SQUAD,https://www.transfermarkt.de/sg-sonnenhof-grossaspach/kader/verein/2589/saison_id/2026/plus/1,ceb6dce8c3f846bc1688d6ba77daaf4b6d34d1ddb8ca555b2498968bf85c6f78,2026-09-12
GER3,SG Sonnenhof Großaspach,2589,Loris Maier,532341,1999-04-27,Rechtsaußen,27,2025-07-01,2027-06-30,[],https://www.transfermarkt.de/loris-maier/profil/spieler/532341,CONFIRMED,STAGE_CURRENT_SQUAD,https://www.transfermarkt.de/sg-sonnenhof-grossaspach/kader/verein/2589/saison_id/2026/plus/1,ceb6dce8c3f846bc1688d6ba77daaf4b6d34d1ddb8ca555b2498968bf85c6f78,2026-09-12
GER3,SG Sonnenhof Großaspach,2589,Lorenz Ender,528222,2001-01-06,Rechtsaußen,17,2023-07-01,2027-06-30,[],https://www.transfermarkt.de/lorenz-ender/profil/spieler/528222,CONFIRMED,REVIEW_REQUIRED,https://www.transfermarkt.de/sg-sonnenhof-grossaspach/kader/verein/2589/saison_id/2026/plus/1,ceb6dce8c3f846bc1688d6ba77daaf4b6d34d1ddb8ca555b2498968bf85c6f78,2026-09-12
GER3,SG Sonnenhof Großaspach,2589,Fabian Eisele,196819,1995-03-10,Mittelstürmer,23,2024-07-09,2027-06-30,[],https://www.transfermarkt.de/fabian-eisele/profil/spieler/196819,CONFIRMED,STAGE_CURRENT_SQUAD,https://www.transfermarkt.de/sg-sonnenhof-grossaspach/kader/verein/2589/saison_id/2026/plus/1,ceb6dce8c3f846bc1688d6ba77daaf4b6d34d1ddb8ca555b2498968bf85c6f78,2026-09-12
GER3,SG Sonnenhof Großaspach,2589,Marlon Faß,1046232,2006-05-16,Mittelstürmer,9,2026-07-01,2027-06-30,[],https://www.transfermarkt.de/marlon-fass/profil/spieler/1046232,CONFIRMED,REVIEW_REQUIRED,https://www.transfermarkt.de/sg-sonnenhof-grossaspach/kader/verein/2589/saison_id/2026/plus/1,ceb6dce8c3f846bc1688d6ba77daaf4b6d34d1ddb8ca555b2498968bf85c6f78,2026-09-12
GER3,SG Sonnenhof Großaspach,2589,Leon Schürer,1159597,2007-06-25,Sturm,39,2025-07-01,2028-06-30,[],https://www.transfermarkt.de/leon-schurer/profil/spieler/1159597,CONFIRMED,STAGE_CURRENT_SQUAD,https://www.transfermarkt.de/sg-sonnenhof-grossaspach/kader/verein/2589/saison_id/2026/plus/1,ceb6dce8c3f846bc1688d6ba77daaf4b6d34d1ddb8ca555b2498968bf85c6f78,2026-09-12
GER3,FC Würzburger Kickers,1557,Marko Rajkovacic,691071,1999-12-09,Torwart,33,2026-07-01,2028-06-30,"[""Neuzugang von: Eintracht Braunschweig; Datum: 01.07.2026; Ablöse: ablösefrei""]",https://www.transfermarkt.de/marko-rajkovacic/profil/spieler/691071,CONFIRMED,STAGE_CURRENT_SQUAD,https://www.transfermarkt.de/wurzburger-kickers/kader/verein/1557/saison_id/2026/plus/1,9dbdd312708d7d42a15f61c7f3845b1923e56748dcb9145650ba0c4e99195940,2026-09-12
GER3,FC Würzburger Kickers,1557,Johann Hipper,450942,1998-09-30,Torwart,1,2024-01-09,2027-06-30,[],https://www.transfermarkt.de/johann-hipper/profil/spieler/450942,CONFIRMED,STAGE_CURRENT_SQUAD,https://www.transfermarkt.de/wurzburger-kickers/kader/verein/1557/saison_id/2026/plus/1,9dbdd312708d7d42a15f61c7f3845b1923e56748dcb9145650ba0c4e99195940,2026-09-12
GER3,FC Würzburger Kickers,1557,Louis Breunig,760069,2003-11-14,Innenverteidiger,16,2026-09-01,2027-06-30,[],https://www.transfermarkt.de/louis-breunig/profil/spieler/760069,CONFIRMED,REVIEW_REQUIRED,https://www.transfermarkt.de/wurzburger-kickers/kader/verein/1557/saison_id/2026/plus/1,9dbdd312708d7d42a15f61c7f3845b1923e56748dcb9145650ba0c4e99195940,2026-09-12
GER3,FC Würzburger Kickers,1557,Nathan de Medina,285951,1997-10-08,Innenverteidiger,4,2026-07-11,2027-06-30,"[""Neuzugang von: Olympic Charleroi; Datum: 11.07.2026; Ablöse: ablösefrei""]",https://www.transfermarkt.de/nathan-de-medina/profil/spieler/285951,CONFIRMED,STAGE_CURRENT_SQUAD,https://www.transfermarkt.de/wurzburger-kickers/kader/verein/1557/saison_id/2026/plus/1,9dbdd312708d7d42a15f61c7f3845b1923e56748dcb9145650ba0c4e99195940,2026-09-12
GER3,FC Würzburger Kickers,1557,Leo Eberle,924031,2005-08-14,Innenverteidiger,5,2026-07-07,2027-06-30,"[""Neuzugang von: 1.FC Nürnberg II; Datum: 07.07.2026; Ablöse: ?""]",https://www.transfermarkt.de/leo-eberle/profil/spieler/924031,CONFIRMED,STAGE_CURRENT_SQUAD,https://www.transfermarkt.de/wurzburger-kickers/kader/verein/1557/saison_id/2026/plus/1,9dbdd312708d7d42a15f61c7f3845b1923e56748dcb9145650ba0c4e99195940,2026-09-12
GER3,FC Würzburger Kickers,1557,Ebrahim Farahnak,449835,1998-01-19,Innenverteidiger,28,2024-08-13,2027-06-30,[],https://www.transfermarkt.de/ebrahim-farahnak/profil/spieler/449835,CONFIRMED,STAGE_CURRENT_SQUAD,https://www.transfermarkt.de/wurzburger-kickers/kader/verein/1557/saison_id/2026/plus/1,9dbdd312708d7d42a15f61c7f3845b1923e56748dcb9145650ba0c4e99195940,2026-09-12
GER3,FC Würzburger Kickers,1557,Daniel Hägele,101168,1989-02-23,Innenverteidiger,22,2018-07-01,2027-06-30,[],https://www.transfermarkt.de/daniel-hagele/profil/spieler/101168,CONFIRMED,STAGE_CURRENT_SQUAD,https://www.transfermarkt.de/wurzburger-kickers/kader/verein/1557/saison_id/2026/plus/1,9dbdd312708d7d42a15f61c7f3845b1923e56748dcb9145650ba0c4e99195940,2026-09-12
GER3,FC Würzburger Kickers,1557,Burak Karakaya,902973,2005-07-11,Innenverteidiger,34,2026-07-01,2027-06-30,"[""Neuzugang von: SV Darmstadt 98 II; Datum: 01.07.2026; Ablöse: ablösefrei""]",https://www.transfermarkt.de/burak-karakaya/profil/spieler/902973,CONFIRMED,STAGE_CURRENT_SQUAD,https://www.transfermarkt.de/wurzburger-kickers/kader/verein/1557/saison_id/2026/plus/1,9dbdd312708d7d42a15f61c7f3845b1923e56748dcb9145650ba0c4e99195940,2026-09-12
GER3,FC Würzburger Kickers,1557,David Abrangao,1024556,2004-08-08,Linker Verteidiger,3,2026-07-21,2027-06-30,[],https://www.transfermarkt.de/david-abrangao/profil/spieler/1024556,CONFIRMED,REVIEW_REQUIRED,https://www.transfermarkt.de/wurzburger-kickers/kader/verein/1557/saison_id/2026/plus/1,9dbdd312708d7d42a15f61c7f3845b1923e56748dcb9145650ba0c4e99195940,2026-09-12
GER3,FC Würzburger Kickers,1557,Eliot Muteba,610443,2003-06-20,Linker Verteidiger,7,2025-07-01,2027-06-30,[],https://www.transfermarkt.de/eliot-muteba/profil/spieler/610443,CONFIRMED,STAGE_CURRENT_SQUAD,https://www.transfermarkt.de/wurzburger-kickers/kader/verein/1557/saison_id/2026/plus/1,9dbdd312708d7d42a15f61c7f3845b1923e56748dcb9145650ba0c4e99195940,2026-09-12
GER3,FC Würzburger Kickers,1557,Liam Omore,1133684,2003-03-20,Rechter Verteidiger,17,2025-07-01,2027-06-30,[],https://www.transfermarkt.de/liam-omore/profil/spieler/1133684,CONFIRMED,STAGE_CURRENT_SQUAD,https://www.transfermarkt.de/wurzburger-kickers/kader/verein/1557/saison_id/2026/plus/1,9dbdd312708d7d42a15f61c7f3845b1923e56748dcb9145650ba0c4e99195940,2026-09-12
GER3,FC Würzburger Kickers,1557,Luke Hemmerich,300502,1998-02-09,Rechter Verteidiger,21,2025-07-01,2027-06-30,[],https://www.transfermarkt.de/luke-hemmerich/profil/spieler/300502,CONFIRMED,STAGE_CURRENT_SQUAD,https://www.transfermarkt.de/wurzburger-kickers/kader/verein/1557/saison_id/2026/plus/1,9dbdd312708d7d42a15f61c7f3845b1923e56748dcb9145650ba0c4e99195940,2026-09-12
GER3,FC Würzburger Kickers,1557,David Kinsombi,196834,1995-12-12,Defensives Mittelfeld,8,2026-07-27,2028-06-30,"[""Neuzugang von: SC Paderborn 07; Datum: 27.07.2026; Ablöse: ablösefrei""]",https://www.transfermarkt.de/david-kinsombi/profil/spieler/196834,CONFIRMED,STAGE_CURRENT_SQUAD,https://www.transfermarkt.de/wurzburger-kickers/kader/verein/1557/saison_id/2026/plus/1,9dbdd312708d7d42a15f61c7f3845b1923e56748dcb9145650ba0c4e99195940,2026-09-12
GER3,FC Würzburger Kickers,1557,Xaver Kiefersauer,897059,2005-10-01,Defensives Mittelfeld,27,2026-07-17,2027-06-30,[],https://www.transfermarkt.de/xaver-kiefersauer/profil/spieler/897059,CONFIRMED,REVIEW_REQUIRED,https://www.transfermarkt.de/wurzburger-kickers/kader/verein/1557/saison_id/2026/plus/1,9dbdd312708d7d42a15f61c7f3845b1923e56748dcb9145650ba0c4e99195940,2026-09-12
GER3,FC Würzburger Kickers,1557,Tim Kraus,531779,2000-03-31,Defensives Mittelfeld,31,2023-08-25,2027-06-30,[],https://www.transfermarkt.de/tim-kraus/profil/spieler/531779,CONFIRMED,STAGE_CURRENT_SQUAD,https://www.transfermarkt.de/wurzburger-kickers/kader/verein/1557/saison_id/2026/plus/1,9dbdd312708d7d42a15f61c7f3845b1923e56748dcb9145650ba0c4e99195940,2026-09-12
GER3,FC Würzburger Kickers,1557,Namrud Embaye,709271,2002-01-09,Defensives Mittelfeld,6,2026-07-01,2027-06-30,"[""Neuzugang von: FV Illertissen 1921; Datum: 01.07.2026; Ablöse: ablösefrei""]",https://www.transfermarkt.de/namrud-embaye/profil/spieler/709271,CONFIRMED,STAGE_CURRENT_SQUAD,https://www.transfermarkt.de/wurzburger-kickers/kader/verein/1557/saison_id/2026/plus/1,9dbdd312708d7d42a15f61c7f3845b1923e56748dcb9145650ba0c4e99195940,2026-09-12
GER3,FC Würzburger Kickers,1557,Dorian Deppner,1434339,2008-10-22,Mittelfeld,20,2025-07-01,2027-06-30,[],https://www.transfermarkt.de/dorian-deppner/profil/spieler/1434339,CONFIRMED,STAGE_CURRENT_SQUAD,https://www.transfermarkt.de/wurzburger-kickers/kader/verein/1557/saison_id/2026/plus/1,9dbdd312708d7d42a15f61c7f3845b1923e56748dcb9145650ba0c4e99195940,2026-09-12
GER3,FC Würzburger Kickers,1557,Eroll Zejnullahu,203076,1994-10-19,Zentrales Mittelfeld,10,2025-07-01,2028-06-30,[],https://www.transfermarkt.de/eroll-zejnullahu/profil/spieler/203076,CONFIRMED,STAGE_CURRENT_SQUAD,https://www.transfermarkt.de/wurzburger-kickers/kader/verein/1557/saison_id/2026/plus/1,9dbdd312708d7d42a15f61c7f3845b1923e56748dcb9145650ba0c4e99195940,2026-09-12
GER3,FC Würzburger Kickers,1557,Dominik Meisel,380286,1999-06-29,Zentrales Mittelfeld,25,2019-07-01,2027-06-30,[],https://www.transfermarkt.de/dominik-meisel/profil/spieler/380286,CONFIRMED,STAGE_CURRENT_SQUAD,https://www.transfermarkt.de/wurzburger-kickers/kader/verein/1557/saison_id/2026/plus/1,9dbdd312708d7d42a15f61c7f3845b1923e56748dcb9145650ba0c4e99195940,2026-09-12
GER3,FC Würzburger Kickers,1557,Batuhan Gögce,814981,2004-12-15,Zentrales Mittelfeld,36,2025-07-01,2027-06-30,[],https://www.transfermarkt.de/batuhan-gogce/profil/spieler/814981,CONFIRMED,STAGE_CURRENT_SQUAD,https://www.transfermarkt.de/wurzburger-kickers/kader/verein/1557/saison_id/2026/plus/1,9dbdd312708d7d42a15f61c7f3845b1923e56748dcb9145650ba0c4e99195940,2026-09-12
GER3,FC Würzburger Kickers,1557,Noah Mikrut,1161446,2007-05-23,Zentrales Mittelfeld,14,2026-09-01,2028-06-30,"[""Neuzugang von: TSG 1899 Hoffenheim II; Datum: 01.09.2026; Ablöse: ?""]",https://www.transfermarkt.de/noah-mikrut/profil/spieler/1161446,CONFIRMED,STAGE_CURRENT_SQUAD,https://www.transfermarkt.de/wurzburger-kickers/kader/verein/1557/saison_id/2026/plus/1,9dbdd312708d7d42a15f61c7f3845b1923e56748dcb9145650ba0c4e99195940,2026-09-12
GER3,FC Würzburger Kickers,1557,Philipp Ochs,207592,1997-04-17,Offensives Mittelfeld,13,2025-09-10,2027-06-30,[],https://www.transfermarkt.de/philipp-ochs/profil/spieler/207592,CONFIRMED,STAGE_CURRENT_SQUAD,https://www.transfermarkt.de/wurzburger-kickers/kader/verein/1557/saison_id/2026/plus/1,9dbdd312708d7d42a15f61c7f3845b1923e56748dcb9145650ba0c4e99195940,2026-09-12
GER3,FC Würzburger Kickers,1557,Ivan Franjic,237193,1997-09-08,Offensives Mittelfeld,37,2026-07-01,2028-06-30,"[""Neuzugang von: SV Wehen Wiesbaden; Datum: 01.07.2026; Ablöse: ablösefrei""]",https://www.transfermarkt.de/ivan-franjic/profil/spieler/237193,CONFIRMED,STAGE_CURRENT_SQUAD,https://www.transfermarkt.de/wurzburger-kickers/kader/verein/1557/saison_id/2026/plus/1,9dbdd312708d7d42a15f61c7f3845b1923e56748dcb9145650ba0c4e99195940,2026-09-12
GER3,FC Würzburger Kickers,1557,Dion Berisha,596186,2003-05-09,Linksaußen,11,2025-09-10,2027-06-30,[],https://www.transfermarkt.de/dion-berisha/profil/spieler/596186,CONFIRMED,STAGE_CURRENT_SQUAD,https://www.transfermarkt.de/wurzburger-kickers/kader/verein/1557/saison_id/2026/plus/1,9dbdd312708d7d42a15f61c7f3845b1923e56748dcb9145650ba0c4e99195940,2026-09-12
GER3,FC Würzburger Kickers,1557,Thomas Kastanaras,675565,2003-01-09,Mittelstürmer,19,2026-09-01,2028-06-30,"[""Neuzugang von: FC Augsburg; Datum: 01.09.2026; Ablöse: ?""]",https://www.transfermarkt.de/thomas-kastanaras/profil/spieler/675565,CONFIRMED,STAGE_CURRENT_SQUAD,https://www.transfermarkt.de/wurzburger-kickers/kader/verein/1557/saison_id/2026/plus/1,9dbdd312708d7d42a15f61c7f3845b1923e56748dcb9145650ba0c4e99195940,2026-09-12
GER3,FC Würzburger Kickers,1557,Jermain Nischalke,692712,2003-03-26,Mittelstürmer,9,2025-07-01,2027-06-30,[],https://www.transfermarkt.de/jermain-nischalke/profil/spieler/692712,CONFIRMED,STAGE_CURRENT_SQUAD,https://www.transfermarkt.de/wurzburger-kickers/kader/verein/1557/saison_id/2026/plus/1,9dbdd312708d7d42a15f61c7f3845b1923e56748dcb9145650ba0c4e99195940,2026-09-12
GER3,FC Würzburger Kickers,1557,Franck Evina,336331,2000-07-05,Mittelstürmer,18,2026-07-01,2027-06-30,"[""Neuzugang von: FC Emmen; Datum: 01.07.2026; Ablöse: ablösefrei""]",https://www.transfermarkt.de/franck-evina/profil/spieler/336331,CONFIRMED,STAGE_CURRENT_SQUAD,https://www.transfermarkt.de/wurzburger-kickers/kader/verein/1557/saison_id/2026/plus/1,9dbdd312708d7d42a15f61c7f3845b1923e56748dcb9145650ba0c4e99195940,2026-09-12
GER3,FC Würzburger Kickers,1557,Tarsis Bonga,283140,1997-01-10,Mittelstürmer,30,2025-07-01,2027-06-30,[],https://www.transfermarkt.de/tarsis-bonga/profil/spieler/283140,CONFIRMED,STAGE_CURRENT_SQUAD,https://www.transfermarkt.de/wurzburger-kickers/kader/verein/1557/saison_id/2026/plus/1,9dbdd312708d7d42a15f61c7f3845b1923e56748dcb9145650ba0c4e99195940,2026-09-12
GER3,FC Würzburger Kickers,1557,Tiago De Moura,1267598,2007-07-13,Mittelstürmer,15,2025-07-01,2027-06-30,[],https://www.transfermarkt.de/tiago-de-moura/profil/spieler/1267598,CONFIRMED,STAGE_CURRENT_SQUAD,https://www.transfermarkt.de/wurzburger-kickers/kader/verein/1557/saison_id/2026/plus/1,9dbdd312708d7d42a15f61c7f3845b1923e56748dcb9145650ba0c4e99195940,2026-09-12
