queue,blocking,reason,league,club,club_tm_id,player,player_tm_id,dob,fm_id,fifa_id,native_club_id,target_club_id,identity_method,source,source_sha256,snapshot_date
TYPED_CONDITION,YES,Existing native loan condition requires verified current owner and return chronology,BEL1,Royal Charleroi SC,172,Triston Rowe,984593,2006-10-02,280015,78113,1193182,458761,DOB_NAME,https://www.transfermarkt.de/royal-charleroi-sc/kader/verein/172/saison_id/2026/plus/1,be345af7e14ab40246420c64e873b34283e56e8aafa6f5b344acf44cf11dfec1,2026-09-12
TYPED_CONDITION,YES,Existing native loan condition requires verified current owner and return chronology,CZE1,FK Pardubice,1496,Ales Mandous,240536,1992-04-21,11317,263286,786434,790538,DOB_NAME,https://www.transfermarkt.de/fk-pardubice/kader/verein/1496/saison_id/2026/plus/1,ff994ed3554101d4e2a5377d206e013ac142ca4f73f68a0c406e2cc0d305e0ef,2026-09-12
TYPED_CONDITION,YES,Existing native loan condition requires verified current owner and return chronology,CZE1,SK Slavia Prag,62,David Jurásek,500054,2000-08-07,199892,267594,3145824,786441,DOB_NAME,https://www.transfermarkt.de/sk-slavia-prag/kader/verein/62/saison_id/2026/plus/1,ab5b3ad613592069fe87ed798140f18d5a2969fea81a54ddd36b6738aad74f72,2026-09-12
TYPED_CONDITION,YES,Existing native loan condition requires verified current owner and return chronology,CZE1,SK Artis Brünn,24325,Emmanuel Fully,1174744,2006-03-20,295816,0,786441,790564,DOB_NAME,https://www.transfermarkt.de/sk-artis-brunn/kader/verein/24325/saison_id/2026/plus/1,587a867b1b6398028de49094330bc2934f1e7245d3ee79f2003e9ffe6410ac9f,2026-09-12
TYPED_CONDITION,YES,Existing native loan condition requires verified current owner and return chronology,CZE1,FC Banik Ostrau,377,Filip Sancl,1045167,2005-06-23,11574,0,790538,786446,DOB_NAME,https://www.transfermarkt.de/fc-banik-ostrau/kader/verein/377/saison_id/2026/plus/1,3717000ca143110b9cff7bc66843b5e54104cdaa75d0e196220c4e77c8b4d611,2026-09-12
TYPED_CONDITION,YES,Existing native loan condition requires verified current owner and return chronology,ENG1,Sunderland,289,Jocelin Ta Bi,1322090,2005-02-09,114549,0,1703940,917524,DOB_NAME,https://www.transfermarkt.de/afc-sunderland/kader/verein/289/saison_id/2026/plus/1,bd74ae0019b88eeaf201f5b09382a2f264e6feab18e637371f9e43576b711509,2026-09-12
TYPED_CONDITION,YES,"Existing future, retirement, ban, or other condition requires a preserving typed plan",ENG1,Tottenham Hotspur,148,Mykhaylo Mudryk,537860,2001-01-05,23316,246340,917513,917514,DOB_NAME,https://www.transfermarkt.de/tottenham-hotspur/kader/verein/148/saison_id/2026/plus/1,007fc11048dc50b4cfd2c580b82958bb7cc02f984af0af71c4079e53b5c71390,2026-09-12
TYPED_CONDITION,YES,"Existing future, retirement, ban, or other condition requires a preserving typed plan",ENG1,Hull City,3008,Paddy McNair,167268,1995-04-27,301431,213697,6239520,917532,DOB_NAME,https://www.transfermarkt.de/hull-city/kader/verein/3008/saison_id/2026/plus/1,95d27e3b77eef2306101f2b6eab92a02d56308a31e0d34299be2fa82dcf331db,2026-09-12
TYPED_CONDITION,YES,Existing native loan condition requires verified current owner and return chronology,ENG1,Aston Villa,405,Tammy Abraham,331726,1997-10-02,199880,231352,3145824,917506,DOB_NAME,https://www.transfermarkt.de/aston-villa/kader/verein/405/saison_id/2026/plus/1,66b9b7fdd741084e821d291249f5bdc0fe382243be248d861c1137a95e82f15d,2026-09-12
TYPED_CONDITION,YES,"Existing future, retirement, ban, or other condition requires a preserving typed plan",ESP1,Racing Santander,630,Jeanuël Belocian,919515,2005-02-17,277070,268622,1376261,2949137,DOB_NAME,https://www.transfermarkt.de/racing-santander/kader/verein/630/saison_id/2026/plus/1,18a40c3ef461fb12859ab644f10535935a6e0f3b45aa680347aab5a3a4eda60f,2026-09-12
TYPED_CONDITION,YES,"Existing future, retirement, ban, or other condition requires a preserving typed plan",ESP1,UD Levante,3368,Thiago Fernández,1127730,2004-04-03,212122,275205,3407878,2949128,DOB_NAME,https://www.transfermarkt.de/ud-levante/kader/verein/3368/saison_id/2026/plus/1,53cacbbeea38cb2a390a7eeec2d36d336b94cb75602793ff1a9bacce28891775,2026-09-12
TYPED_CONDITION,YES,"Existing future, retirement, ban, or other condition requires a preserving typed plan",FRA1,FC Le Mans,1164,Lucas Bretelle,941561,2002-04-17,236277,79497,471041,1179682,DOB_NAME,https://www.transfermarkt.de/fc-le-mans/kader/verein/1164/saison_id/2026/plus/1,3a1590b4702d0adc2e4906566f51e78d043b0e625e92b825b4e3d1a572fd483c,2026-09-12
TYPED_CONDITION,YES,Existing native loan condition requires verified current owner and return chronology,GER1,FC Schalke 04,33,Adil Aouchiche,569385,2002-07-15,289289,253102,2752524,1376266,DOB_NAME,https://www.transfermarkt.de/fc-schalke-04/kader/verein/33/saison_id/2026/plus/1,a9ed4724b397b1d2e983c42cd58b22eee88dad2e22e96a26bd8a21ee813c34b7,2026-09-12
TYPED_CONDITION,YES,Existing native loan condition requires verified current owner and return chronology,GER2,SpVgg Greuther Fürth,65,Krisztián Keresztes,626472,2000-01-04,289036,79923,2752515,1376288,DOB_NAME,https://www.transfermarkt.de/spvgg-greuther-furth/kader/verein/65/saison_id/2026/plus/1,582a3d28fdc7b95bf59c3bf33f2d9b2847185d2a8fd3682db98bcd5e3a81d68b,2026-09-12
TYPED_CONDITION,YES,"Existing future, retirement, ban, or other condition requires a preserving typed plan",GER3,FC Hansa Rostock,30,Jaaso Jantunen,741578,2005-01-31,277876,274568,1376270,1376265,DOB_NAME,https://www.transfermarkt.de/fc-hansa-rostock/kader/verein/30/saison_id/2026/plus/1,6da33a7ccf32faa9ebb0b7823a0ee5537fb70bfe8ee363795199b5de4015e0f1,2026-09-12
TYPED_CONDITION,YES,Existing native loan condition requires verified current owner and return chronology,GER3,SSV Jahn Regensburg,109,John Posselt,918130,2003-12-31,268481,80194,1376539,1376436,DOB_NAME,https://www.transfermarkt.de/ssv-jahn-regensburg/kader/verein/109/saison_id/2026/plus/1,910d9ceb2a6fd8df9083100aef021ed429578cccc99acb9d4ad7d388c93d13bd,2026-09-12
TYPED_CONDITION,YES,"Existing future, retirement, ban, or other condition requires a preserving typed plan",GER3,TSV Alemannia Aachen,8,Manuel Riemann,40792,1988-09-09,1000013211,199339,0,1376276,DOB_NAME,https://www.transfermarkt.de/alemannia-aachen/kader/verein/8/saison_id/2026/plus/1,d50319c6c39283dd66c83e32c0e53c0fbab8eb26ba138f0fe6e86b3dfc2b9c0b,2026-09-12
TYPED_CONDITION,YES,Existing native loan condition requires verified current owner and return chronology,ITA1,AC Mailand,5,Alphadjo Cissè,964087,2006-10-22,291875,278326,1769513,1769474,DOB_NAME,https://www.transfermarkt.de/ac-mailand/kader/verein/5/saison_id/2026/plus/1,62f75de72ed1f23bb563a5fa890848e43b2c13847e4bdb7efb02d5b9d513dd38,2026-09-12
TYPED_CONDITION,YES,"Existing future, retirement, ban, or other condition requires a preserving typed plan",ITA1,Venezia FC,607,Matteo Dagasso,744621,2004-04-01,282591,79093,1769503,1769500,DOB_NAME,https://www.transfermarkt.de/venezia-fc/kader/verein/607/saison_id/2026/plus/1,d88fc7110893de0f0661e79b4c48d86142d14d93f73bc112159c1995caefb0e9,2026-09-12
TYPED_CONDITION,YES,Existing native loan condition requires verified current owner and return chronology,ITA1,US Lecce,1005,Milos Jovic,943473,2006-05-22,269972,0,3354941,1769483,DOB_NAME,https://www.transfermarkt.de/us-lecce/kader/verein/1005/saison_id/2026/plus/1,f70b73ab0beef18f4707e1b846172f928bd484c8e6abc3aab35570487739b4bc,2026-09-12
TYPED_CONDITION,YES,Existing native loan condition requires verified current owner and return chronology,NED1,Willem II Tilburg,403,Amine Et-Taïbi,565401,2003-02-05,136794,0,2228251,2228239,DOB_NAME,https://www.transfermarkt.de/willem-ii-tilburg/kader/verein/403/saison_id/2026/plus/1,032766443b9dd7e08c2a2a00943278f8412892d9f759e398b82d7ef4e594d0db,2026-09-12
TYPED_CONDITION,YES,"Existing future, retirement, ban, or other condition requires a preserving typed plan",NED1,Fortuna Sittard,385,Shiloh 't Zand,595247,2003-05-14,294619,73964,2228232,2228247,DOB_NAME,https://www.transfermarkt.de/fortuna-sittard/kader/verein/385/saison_id/2026/plus/1,3459b44bdebecde47d2a1440be82d9c09e8f120a342ec34fc969ad1288f64fcd,2026-09-12
TYPED_CONDITION,YES,Existing native loan condition requires verified current owner and return chronology,POR1,FC Alverca,2521,Diogo Spencer,858252,2004-04-17,288094,71981,2504148,2490393,DOB_NAME,https://www.transfermarkt.de/fc-alverca/kader/verein/2521/saison_id/2026/plus/1,7f5d01cde12ec5554a0cdae5ccc699031abd54d7e473e99ebf2c44e9a519b8ae,2026-09-12
TYPED_CONDITION,YES,Existing native loan condition requires verified current owner and return chronology,POR1,CD Santa Clara,2423,Vitinho,796742,2003-03-25,223200,274462,3552405,2490388,DOB_NAME,https://www.transfermarkt.de/cd-santa-clara/kader/verein/2423/saison_id/2026/plus/1,996787cc90623dddfd5c425ca2df6aae95f8fd62b8b5cfb03677a214be6550e2,2026-09-12
TYPED_CONDITION,YES,Existing native loan condition requires verified current owner and return chronology,TUR1,Samsunspor,152,Elayis Tavsan,462086,2001-04-30,292895,262335,1769569,3145745,DOB_NAME,https://www.transfermarkt.de/samsunspor/kader/verein/152/saison_id/2026/plus/1,4e99640342d6c03de82a839147f9c53a0cc4bc14523c727d2894fc2df5432171,2026-09-12
TYPED_CONDITION,YES,Existing native loan condition requires verified current owner and return chronology,TUR1,Kocaelispor,120,Mahamadou Susoho,895074,2005-01-20,288463,279624,2752522,3145754,DOB_NAME,https://www.transfermarkt.de/kocaelispor/kader/verein/120/saison_id/2026/plus/1,bda2ed30c80e868d465811681293fb83205ade381ad18055d9cd750ca9ce7817,2026-09-12
TRANSFER_TIMELINE,YES,No unique confirmed permanent event for changed native club,BEL1,Standard Lüttich,3057,Belmin Dizdarevic,483007,2001-08-09,243830,276704,528393,458760,DOB_NAME,https://www.transfermarkt.de/standard-luttich/kader/verein/3057/saison_id/2026/plus/1,35f665c792bd0def9bfa349286927e0ef54a862cb91b5e4ab6b8ec3356dfa834,2026-09-12
TRANSFER_TIMELINE,YES,Current loan requires owner and return-date evidence,BEL1,KRC Genk,1184,Benjamin Tahirović,787907,2003-03-03,286280,272596,851977,458768,DOB_NAME,https://www.transfermarkt.de/krc-genk/kader/verein/1184/saison_id/2026/plus/1,85979abe0c47d79971cc0cee642e1248d1cad9da00ea0a7a7add7591bfc915c0,2026-09-12
TRANSFER_TIMELINE,YES,No unique confirmed permanent event for changed native club,BEL1,RAAL La Louvière,3901,Bryan Soumaré,644563,1999-02-11,1000013920,0,0,471041,DOB_NAME,https://www.transfermarkt.de/raal-la-louviere/kader/verein/3901/saison_id/2026/plus/1,b03ed0837676e8c4516649bb0a99db01be8090988303411744be3df08ec3d3fe,2026-09-12
TRANSFER_TIMELINE,YES,No unique confirmed permanent event for changed native club,BEL1,SK Beveren,28643,Chris Lokesa,671675,2004-11-07,136134,272977,2228242,458788,DOB_NAME,https://www.transfermarkt.de/sk-beveren/kader/verein/28643/saison_id/2026/plus/1,7bd09a7ce8449fd8a09e77af941f3d0069233ed39a454f5073c6ab7bfe083ae7,2026-09-12
TRANSFER_TIMELINE,YES,No unique confirmed permanent event for changed native club,BEL1,Cercle Brügge,520,Dante Vanzeir,289648,1998-04-16,235432,234905,458753,458755,DOB_NAME,https://www.transfermarkt.de/cercle-brugge/kader/verein/520/saison_id/2026/plus/1,7cdfb59fb0a1a9a437a93f97e502615933029fa25dc8530a34a7715ac5027f03,2026-09-12
TRANSFER_TIMELINE,YES,No unique confirmed permanent event for changed native club,BEL1,KVC Westerlo,968,Dylan Ourega,1010044,2004-10-06,280439,74136,1179674,458763,DOB_NAME,https://www.transfermarkt.de/kvc-westerlo/kader/verein/968/saison_id/2026/plus/1,4b321535def794641a57896ea3b395b11fb16964a25bb51fab6f75bf5e2a3382,2026-09-12
TRANSFER_TIMELINE,YES,Current loan requires owner and return-date evidence,BEL1,SK Beveren,28643,Elohim Kaboré,1072185,2006-12-20,187821,76869,3014661,458788,DOB_NAME,https://www.transfermarkt.de/sk-beveren/kader/verein/28643/saison_id/2026/plus/1,7bd09a7ce8449fd8a09e77af941f3d0069233ed39a454f5073c6ab7bfe083ae7,2026-09-12
TRANSFER_TIMELINE,YES,Current loan requires owner and return-date evidence,BEL1,Lommel SK,5026,Isaiah Dada-Mascoll,938400,2006-05-24,262625,0,917518,458783,DOB_NAME,https://www.transfermarkt.de/lommel-sk/kader/verein/5026/saison_id/2026/plus/1,9ff756a9f65fb1a83d753e141d2c89530fd8a9311bba2096f5846c718c381d8a,2026-09-12
TRANSFER_TIMELINE,YES,No unique confirmed permanent event for changed native club,BEL1,Oud-Heverlee Leuven,2727,Marcel Van Dijck,1318286,2008-01-10,235401,0,458785,458775,DOB_NAME,https://www.transfermarkt.de/oud-heverlee-leuven/kader/verein/2727/saison_id/2026/plus/1,13369b1472ae4137934608499f3a290781d8b7a96223b8e0488ea6f56621495e,2026-09-12
TRANSFER_TIMELINE,YES,Current loan requires owner and return-date evidence,BEL1,RAAL La Louvière,3901,Marius Courcoul,1075575,2007-01-01,290118,277484,1179782,471041,DOB_NAME,https://www.transfermarkt.de/raal-la-louviere/kader/verein/3901/saison_id/2026/plus/1,b03ed0837676e8c4516649bb0a99db01be8090988303411744be3df08ec3d3fe,2026-09-12
TRANSFER_TIMELINE,YES,No unique confirmed permanent event for changed native club,BEL1,Union Saint-Gilloise,3948,Massiré Sylla,1256870,2005-01-07,143353,0,2359302,458780,DOB_NAME,https://www.transfermarkt.de/union-saint-gilloise/kader/verein/3948/saison_id/2026/plus/1,6678f90f37564c9f8683b893f1bf4bed395816093e2ee4489ebbda3dc900e98e,2026-09-12
TRANSFER_TIMELINE,YES,No unique confirmed permanent event for changed native club,BEL1,KVC Westerlo,968,Michée Ndembi,1247587,2007-07-04,288176,0,2490372,458763,DOB_NAME,https://www.transfermarkt.de/kvc-westerlo/kader/verein/968/saison_id/2026/plus/1,4b321535def794641a57896ea3b395b11fb16964a25bb51fab6f75bf5e2a3382,2026-09-12
TRANSFER_TIMELINE,YES,No unique confirmed permanent event for changed native club,BEL1,VV St. Truiden,475,Oumar Diouf,1137664,2003-05-15,236874,277647,458801,458759,DOB_NAME,https://www.transfermarkt.de/vv-st-truiden/kader/verein/475/saison_id/2026/plus/1,c0e976a963b2c1507ec52e39bab62ae405f89e7c2149e5b8ecc88e56b4f6ff7a,2026-09-12
TRANSFER_TIMELINE,YES,Current loan requires owner and return-date evidence,BEL1,KV Kortrijk,601,Rok Storman,1050404,2004-09-04,11252,0,790540,458781,DOB_NAME,https://www.transfermarkt.de/kv-kortrijk/kader/verein/601/saison_id/2026/plus/1,a4999f54d8da64602d94dda7998adfe30af76e24e0c684550e581e845d6cfc0c,2026-09-12
TRANSFER_TIMELINE,YES,No unique confirmed permanent event for changed native club,BEL1,Cercle Brügge,520,Royer Caicedo,1274489,2006-05-05,231190,76933,3670018,458755,DOB_NAME,https://www.transfermarkt.de/cercle-brugge/kader/verein/520/saison_id/2026/plus/1,7cdfb59fb0a1a9a437a93f97e502615933029fa25dc8530a34a7715ac5027f03,2026-09-12
TRANSFER_TIMELINE,YES,Current loan requires owner and return-date evidence,BEL1,SK Beveren,28643,Stephane Keller,718032,2001-08-20,6440,0,720907,458788,DOB_NAME,https://www.transfermarkt.de/sk-beveren/kader/verein/28643/saison_id/2026/plus/1,7bd09a7ce8449fd8a09e77af941f3d0069233ed39a454f5073c6ab7bfe083ae7,2026-09-12
TRANSFER_TIMELINE,YES,Current loan requires owner and return-date evidence,BEL1,Oud-Heverlee Leuven,2727,Takuya Ogiwara,492730,1999-11-23,55444,242061,10682378,458775,DOB_NAME,https://www.transfermarkt.de/oud-heverlee-leuven/kader/verein/2727/saison_id/2026/plus/1,13369b1472ae4137934608499f3a290781d8b7a96223b8e0488ea6f56621495e,2026-09-12
TRANSFER_TIMELINE,YES,Current loan requires owner and return-date evidence,BEL1,RAAL La Louvière,3901,Tiago Pereira Cardoso,926301,2006-04-07,279850,70904,1376263,471041,DOB_NAME,https://www.transfermarkt.de/raal-la-louviere/kader/verein/3901/saison_id/2026/plus/1,b03ed0837676e8c4516649bb0a99db01be8090988303411744be3df08ec3d3fe,2026-09-12
TRANSFER_TIMELINE,YES,No unique confirmed permanent event for changed native club,BEL1,Zulte Waregem,3508,Tristan Panduro,1027444,2008-01-10,286175,0,851972,458782,DOB_NAME,https://www.transfermarkt.de/zulte-waregem/kader/verein/3508/saison_id/2026/plus/1,0acbb0eca1723445958969f80be44f59778e527ba0095de244c35e56e3b9068e,2026-09-12
TRANSFER_TIMELINE,YES,No unique confirmed permanent event for changed native club,CZE1,SK Artis Brünn,24325,Daniel Toula,839535,2005-02-19,295806,0,786441,790564,DOB_NAME,https://www.transfermarkt.de/sk-artis-brunn/kader/verein/24325/saison_id/2026/plus/1,587a867b1b6398028de49094330bc2934f1e7245d3ee79f2003e9ffe6410ac9f,2026-09-12
TRANSFER_TIMELINE,YES,Current loan requires owner and return-date evidence,CZE1,FC Slovan Liberec,697,David Hamansenya,1401055,2007-06-24,284131,0,2949167,786438,DOB_NAME,https://www.transfermarkt.de/fc-slovan-liberec/kader/verein/697/saison_id/2026/plus/1,6aba2d7156fcbb82e5f0f245492c388de338ad498bd8ff4bd953a9b7fb194317,2026-09-12
TRANSFER_TIMELINE,YES,Current loan requires owner and return-date evidence,CZE1,FK Jablonec,1322,Dominik Hollý,802836,2003-11-11,295996,70867,786442,786437,DOB_NAME,https://www.transfermarkt.de/fk-jablonec/kader/verein/1322/saison_id/2026/plus/1,fa6bc207fa67c20e0cd9ca574d81e19d3d8b6b77840b71993b1620a5a4b28b21,2026-09-12
TRANSFER_TIMELINE,YES,No unique confirmed permanent event for changed native club,CZE1,SK Artis Brünn,24325,Dominik Plechaty,456146,1999-04-18,11201,247345,786438,790564,DOB_NAME,https://www.transfermarkt.de/sk-artis-brunn/kader/verein/24325/saison_id/2026/plus/1,587a867b1b6398028de49094330bc2934f1e7245d3ee79f2003e9ffe6410ac9f,2026-09-12
TRANSFER_TIMELINE,YES,Current loan requires owner and return-date evidence,CZE1,FK Jablonec,1322,Filip Vecheta,652051,2003-02-15,11552,0,790538,786437,DOB_NAME,https://www.transfermarkt.de/fk-jablonec/kader/verein/1322/saison_id/2026/plus/1,fa6bc207fa67c20e0cd9ca574d81e19d3d8b6b77840b71993b1620a5a4b28b21,2026-09-12
TRANSFER_TIMELINE,YES,No unique confirmed permanent event for changed native club,CZE1,SK Artis Brünn,24325,Jakub Fulnek,212872,1994-04-26,11321,0,786434,790564,DOB_NAME,https://www.transfermarkt.de/sk-artis-brunn/kader/verein/24325/saison_id/2026/plus/1,587a867b1b6398028de49094330bc2934f1e7245d3ee79f2003e9ffe6410ac9f,2026-09-12
TRANSFER_TIMELINE,YES,No unique confirmed permanent event for changed native club,CZE1,FK Mlada Boleslav,5546,Jan Harustak,1072837,2005-04-16,296627,0,786446,786434,DOB_NAME,https://www.transfermarkt.de/fk-mlada-boleslav/kader/verein/5546/saison_id/2026/plus/1,5a8600e42926651e56482ac4dac8c6e5e0e3e1754eacf142566e811f0e9bca53,2026-09-12
TRANSFER_TIMELINE,YES,No unique confirmed permanent event for changed native club,CZE1,SK Artis Brünn,24325,Jan Navratil,95802,1990-04-13,297578,201126,786439,790564,DOB_NAME,https://www.transfermarkt.de/sk-artis-brunn/kader/verein/24325/saison_id/2026/plus/1,587a867b1b6398028de49094330bc2934f1e7245d3ee79f2003e9ffe6410ac9f,2026-09-12
TRANSFER_TIMELINE,YES,No unique confirmed permanent event for changed native club,CZE1,SK Artis Brünn,24325,Jiri Borek,721807,2002-09-23,11407,0,786461,790564,DOB_NAME,https://www.transfermarkt.de/sk-artis-brunn/kader/verein/24325/saison_id/2026/plus/1,587a867b1b6398028de49094330bc2934f1e7245d3ee79f2003e9ffe6410ac9f,2026-09-12
TRANSFER_TIMELINE,YES,Current loan requires owner and return-date evidence,CZE1,FC Banik Ostrau,377,Rhodri Smith,1061048,2006-09-09,295470,75656,3080193,786446,DOB_NAME,https://www.transfermarkt.de/fc-banik-ostrau/kader/verein/377/saison_id/2026/plus/1,3717000ca143110b9cff7bc66843b5e54104cdaa75d0e196220c4e77c8b4d611,2026-09-12
TRANSFER_TIMELINE,YES,No unique confirmed permanent event for changed native club,CZE1,SK Slavia Prag,62,Samuel Isife,1372515,2004-07-13,11503,0,790532,786441,DOB_NAME,https://www.transfermarkt.de/sk-slavia-prag/kader/verein/62/saison_id/2026/plus/1,ab5b3ad613592069fe87ed798140f18d5a2969fea81a54ddd36b6738aad74f72,2026-09-12
TRANSFER_TIMELINE,YES,Current loan requires owner and return-date evidence,CZE1,SK Sigma Olmütz,2311,Stéphane Noumbissie,1133943,2006-12-25,288748,0,1179665,786439,DOB_NAME,https://www.transfermarkt.de/sk-sigma-olmutz/kader/verein/2311/saison_id/2026/plus/1,c61d1f22a4e21ac99834db236d5c613fdf98db28632452029778a0c82954b875,2026-09-12
TRANSFER_TIMELINE,YES,No unique confirmed permanent event for changed native club,CZE1,FK Pardubice,1496,Tomas Jelinek,1034738,2005-12-27,295815,0,786441,790538,DOB_NAME,https://www.transfermarkt.de/fk-pardubice/kader/verein/1496/saison_id/2026/plus/1,ff994ed3554101d4e2a5377d206e013ac142ca4f73f68a0c406e2cc0d305e0ef,2026-09-12
TRANSFER_TIMELINE,YES,Current loan requires owner and return-date evidence,CZE1,FK Pardubice,1496,Vladimir Neuman,668311,2000-02-10,11264,0,790540,790538,DOB_NAME,https://www.transfermarkt.de/fk-pardubice/kader/verein/1496/saison_id/2026/plus/1,ff994ed3554101d4e2a5377d206e013ac142ca4f73f68a0c406e2cc0d305e0ef,2026-09-12
TRANSFER_TIMELINE,YES,No unique confirmed permanent event for changed native club,ENG1,AFC Bournemouth,989,Alex Tóth,998101,2005-10-23,107259,70903,1507348,917553,DOB_NAME,https://www.transfermarkt.de/afc-bournemouth/kader/verein/989/saison_id/2026/plus/1,147ac73d9a94a634b365ebf6ee82ee4655d46b0d4aa0cba07b481ccc27a62359,2026-09-12
TRANSFER_TIMELINE,YES,No unique confirmed permanent event for changed native club,ENG1,Ipswich Town,677,Anis Mehmeti,530813,2001-01-09,24129,250816,917555,917538,DOB_NAME,https://www.transfermarkt.de/ipswich-town/kader/verein/677/saison_id/2026/plus/1,27c77a20084b00ebf1368072929c14c023348a25975bceca8389e69766b037af,2026-09-12
TRANSFER_TIMELINE,YES,No unique confirmed permanent event for changed native club,ENG1,Liverpool,31,Cody Gakpo,434675,1999-05-07,271020,73400,2555907,917509,VERIFIED_PRIOR_TM_BRIDGE,https://www.transfermarkt.de/fc-liverpool/kader/verein/31/saison_id/2026/plus/1,03f6f6108aec08d5028c45b59b341f94eb0a4ac80c8d3246a9cf1767419f8789,2026-09-12
TRANSFER_TIMELINE,YES,No unique confirmed permanent event for changed native club,ENG1,Crystal Palace,873,Evann Guessand,500689,2001-07-01,261112,258444,917506,917535,DOB_NAME,https://www.transfermarkt.de/crystal-palace/kader/verein/873/saison_id/2026/plus/1,5b0d8110693231bc9cfcbf4e744171ea18f83dc20ff4c35e294cf84c098ae7ac,2026-09-12
TRANSFER_TIMELINE,YES,No unique confirmed permanent event for changed native club,ENG1,AFC Bournemouth,989,Fraser Forster,52570,1988-03-17,1000013240,172203,0,917553,DOB_NAME,https://www.transfermarkt.de/afc-bournemouth/kader/verein/989/saison_id/2026/plus/1,147ac73d9a94a634b365ebf6ee82ee4655d46b0d4aa0cba07b481ccc27a62359,2026-09-12
TRANSFER_TIMELINE,YES,No unique confirmed permanent event for changed native club,ENG1,Hull City,3008,Kieran Dowell,258916,1997-10-10,288906,226401,2752517,917532,DOB_NAME,https://www.transfermarkt.de/hull-city/kader/verein/3008/saison_id/2026/plus/1,95d27e3b77eef2306101f2b6eab92a02d56308a31e0d34299be2fa82dcf331db,2026-09-12
TRANSFER_TIMELINE,YES,No unique confirmed permanent event for changed native club,ENG1,AFC Bournemouth,989,Rayan,1012564,2006-08-03,222045,0,3538951,917553,DOB_NAME,https://www.transfermarkt.de/afc-bournemouth/kader/verein/989/saison_id/2026/plus/1,147ac73d9a94a634b365ebf6ee82ee4655d46b0d4aa0cba07b481ccc27a62359,2026-09-12
TRANSFER_TIMELINE,YES,Current loan requires owner and return-date evidence,ENG1,Coventry City,990,Stephen Mfuni,1049020,2008-02-12,262642,0,917518,917530,DOB_NAME,https://www.transfermarkt.de/coventry-city/kader/verein/990/saison_id/2026/plus/1,f8b6df3a235487785b5388c90b2e9ed50f43a330cba1ff3e2ab5138484452aae,2026-09-12
TRANSFER_TIMELINE,YES,No unique confirmed permanent event for changed native club,ESP1,Deportivo A Coruña,897,Adrià Altimira,466807,2001-03-28,280929,269228,2949140,2949127,DOB_NAME,https://www.transfermarkt.de/deportivo-a-coruna/kader/verein/897/saison_id/2026/plus/1,7550b0f31442bf21d6149b2642a4ee1c6a58307c97068ea0c26d45e205ddb6c5,2026-09-12
TRANSFER_TIMELINE,YES,No unique confirmed permanent event for changed native club,ESP1,Racing Santander,630,Giorgi Guliashvili,502682,2001-09-05,243646,0,528390,2949137,DOB_NAME,https://www.transfermarkt.de/racing-santander/kader/verein/630/saison_id/2026/plus/1,18a40c3ef461fb12859ab644f10535935a6e0f3b45aa680347aab5a3a4eda60f,2026-09-12
TRANSFER_TIMELINE,YES,No unique confirmed permanent event for changed native club,ESP1,FC Elche,1531,Lucas Cepeda,912392,2002-10-31,227312,71013,3604486,2949148,DOB_NAME,https://www.transfermarkt.de/fc-elche/kader/verein/1531/saison_id/2026/plus/1,7770f10307d7f825180585a8f034dec01f148c375c8cddde531c5778db711b3f,2026-09-12
TRANSFER_TIMELINE,YES,Current loan requires owner and return-date evidence,ESP1,FC Valencia,1049,Pablo Maffeo,251876,1997-07-12,282407,221342,2949130,2949139,DOB_NAME,https://www.transfermarkt.de/fc-valencia/kader/verein/1049/saison_id/2026/plus/1,5de2e980893b594e24db008458062bfc00ba2b8df17a120bf432b038f984588c,2026-09-12
TRANSFER_TIMELINE,YES,No unique confirmed permanent event for changed native club,ESP1,Deportivo A Coruña,897,Riki Rodríguez,596899,1997-09-25,290701,251599,2949123,2949127,DOB_NAME,https://www.transfermarkt.de/deportivo-a-coruna/kader/verein/897/saison_id/2026/plus/1,7550b0f31442bf21d6149b2642a4ee1c6a58307c97068ea0c26d45e205ddb6c5,2026-09-12
TRANSFER_TIMELINE,YES,No unique confirmed permanent event for changed native club,ESP1,Racing Santander,630,Simon Eriksson,1088712,2006-04-24,188090,74624,3014663,2949137,DOB_NAME,https://www.transfermarkt.de/racing-santander/kader/verein/630/saison_id/2026/plus/1,18a40c3ef461fb12859ab644f10535935a6e0f3b45aa680347aab5a3a4eda60f,2026-09-12
TRANSFER_TIMELINE,YES,No unique confirmed permanent event for changed native club,ESP1,Real Betis Sevilla,150,Álvaro Fidalgo,261503,1997-04-09,255346,246608,5439489,2949133,DOB_NAME,https://www.transfermarkt.de/real-betis-sevilla/kader/verein/150/saison_id/2026/plus/1,2aaeb64f077be646ab6ba33019bafa8f7b5b68e0e5fcd67c1dde6bed8f42133c,2026-09-12
TRANSFER_TIMELINE,YES,No unique confirmed permanent event for changed native club,FRA1,FC Le Mans,1164,Adil Bourabaa,1166137,2005-03-09,71780,0,1179848,1179682,DOB_NAME,https://www.transfermarkt.de/fc-le-mans/kader/verein/1164/saison_id/2026/plus/1,3a1590b4702d0adc2e4906566f51e78d043b0e625e92b825b4e3d1a572fd483c,2026-09-12
TRANSFER_TIMELINE,YES,Current loan requires owner and return-date evidence,FRA1,FC Le Mans,1164,Enzo Vagner,1027788,2006-07-28,222801,0,3538985,1179682,DOB_NAME,https://www.transfermarkt.de/fc-le-mans/kader/verein/1164/saison_id/2026/plus/1,3a1590b4702d0adc2e4906566f51e78d043b0e625e92b825b4e3d1a572fd483c,2026-09-12
TRANSFER_TIMELINE,YES,Current loan requires owner and return-date evidence,FRA1,RC Lens,826,Junior Kadile,585958,2002-12-16,136179,257083,2228262,1179664,DOB_NAME,https://www.transfermarkt.de/rc-lens/kader/verein/826/saison_id/2026/plus/1,7fb4fc29a59ca1fd1875a851a1378fb40304c090e369d517a86f6d13f80ab3c8,2026-09-12
TRANSFER_TIMELINE,YES,No unique confirmed permanent event for changed native club,FRA1,ESTAC Troyes,1095,Kandet Diawara,575319,2000-02-10,276321,264079,1376373,1179683,DOB_NAME,https://www.transfermarkt.de/estac-troyes/kader/verein/1095/saison_id/2026/plus/1,3de2a4a4e2246fa33a1e94b81459db264308feb0d186d61173bb4ee72e627faa,2026-09-12
TRANSFER_TIMELINE,YES,No unique confirmed permanent event for changed native club,FRA1,RC Lens,826,Mathieu Gorgelin,60543,1990-08-05,1000013719,199721,0,1179664,DOB_NAME,https://www.transfermarkt.de/rc-lens/kader/verein/826/saison_id/2026/plus/1,7fb4fc29a59ca1fd1875a851a1378fb40304c090e369d517a86f6d13f80ab3c8,2026-09-12
TRANSFER_TIMELINE,YES,No unique confirmed permanent event for changed native club,FRA1,Olympique Lyon,1041,Noah Nartey,802515,2005-10-05,286284,71170,851977,1179661,DOB_NAME,https://www.transfermarkt.de/olympique-lyon/kader/verein/1041/saison_id/2026/plus/1,d1e8c52088c164c738d95700ab10125d62a6b25b7393bf2f71320770c00926fe,2026-09-12
TRANSFER_TIMELINE,YES,No unique confirmed permanent event for changed native club,FRA1,Racing Straßburg,667,Yaya Diémé,1133733,2007-10-16,22792,0,8917251,1179667,DOB_NAME,https://www.transfermarkt.de/racing-strassburg/kader/verein/667/saison_id/2026/plus/1,fccce58645fe78054a145422d6552e5063a2af42aa0162b26c1d373f842bfa0c,2026-09-12
TRANSFER_TIMELINE,YES,No unique confirmed permanent event for changed native club,GER1,RasenBallsport Leipzig,23826,Brajan Gruda,700106,2004-05-31,23579,272612,917529,1376555,DOB_NAME,https://www.transfermarkt.de/rb-leipzig/kader/verein/23826/saison_id/2026/plus/1,97283d90f2a9e564bd064da4fa47fa71d7ad3661db6e1e1a6f768776682c54ff,2026-09-12
TRANSFER_TIMELINE,YES,No unique confirmed permanent event for changed native club,GER1,SV Elversberg,64,David Mokwa,974894,2004-05-03,280196,76133,1376433,1376432,DOB_NAME,https://www.transfermarkt.de/sv-07-elversberg/kader/verein/64/saison_id/2026/plus/1,ac54bb8cfcfed8b072f1b208573d831ba987c384a94a38fe45024bff098be56e,2026-09-12
TRANSFER_TIMELINE,YES,No unique confirmed permanent event for changed native club,GER1,FC Schalke 04,33,Dejan Ljubicic,287188,1997-10-08,263376,240916,655362,1376266,DOB_NAME,https://www.transfermarkt.de/fc-schalke-04/kader/verein/33/saison_id/2026/plus/1,a9ed4724b397b1d2e983c42cd58b22eee88dad2e22e96a26bd8a21ee813c34b7,2026-09-12
TRANSFER_TIMELINE,YES,Current loan requires owner and return-date evidence,GER1,SC Paderborn 07,127,Deniz Zeitler,1108022,2006-12-13,280198,279116,1376433,1376421,DOB_NAME,https://www.transfermarkt.de/sc-paderborn-07/kader/verein/127/saison_id/2026/plus/1,2bc1c2dc6af19cdfe4c15f929f45c9c1b3aeb6d1349fe49c0cbceca9a06d7cde,2026-09-12
TRANSFER_TIMELINE,YES,No unique confirmed permanent event for changed native club,GER1,FC Schalke 04,33,Edin Dzeko,28396,1986-03-17,282478,180930,1769492,1376266,DOB_NAME,https://www.transfermarkt.de/fc-schalke-04/kader/verein/33/saison_id/2026/plus/1,a9ed4724b397b1d2e983c42cd58b22eee88dad2e22e96a26bd8a21ee813c34b7,2026-09-12
TRANSFER_TIMELINE,YES,Current loan requires owner and return-date evidence,GER1,SV Werder Bremen,86,Eren Dinkçi,645774,2001-12-13,277861,258316,1376270,1376271,DOB_NAME,https://www.transfermarkt.de/sv-werder-bremen/kader/verein/86/saison_id/2026/plus/1,0a7e36159d0c7ffd555ab7f3ffa226b0cf286e7a1a009e2dca794bd509bbd26e,2026-09-12
TRANSFER_TIMELINE,YES,Current loan requires owner and return-date evidence,GER1,SV Elversberg,64,Noel Futkeu,675535,2002-12-06,275406,276660,1376288,1376432,DOB_NAME,https://www.transfermarkt.de/sv-07-elversberg/kader/verein/64/saison_id/2026/plus/1,ac54bb8cfcfed8b072f1b208573d831ba987c384a94a38fe45024bff098be56e,2026-09-12
TRANSFER_TIMELINE,YES,No unique confirmed permanent event for changed native club,GER1,1. FSV Mainz 05,39,Rael Nakuzola,1112952,2007-04-28,271938,0,1376282,1376259,DOB_NAME,https://www.transfermarkt.de/1-fsv-mainz-05/kader/verein/39/saison_id/2026/plus/1,a0ac0e0c9eb47a3776e4e43c8257aa032114b35240aadb843dc1c757a5313de7,2026-09-12
TRANSFER_TIMELINE,YES,No unique confirmed permanent event for changed native club,GER1,SV Elversberg,64,Raif Adam,910538,2005-09-07,275696,0,1376267,1376432,DOB_NAME,https://www.transfermarkt.de/sv-07-elversberg/kader/verein/64/saison_id/2026/plus/1,ac54bb8cfcfed8b072f1b208573d831ba987c384a94a38fe45024bff098be56e,2026-09-12
TRANSFER_TIMELINE,YES,No unique confirmed permanent event for changed native club,GER1,FC Augsburg,167,Yannik Keitel,342039,2000-02-15,277656,256118,1376272,1376431,DOB_NAME,https://www.transfermarkt.de/fc-augsburg/kader/verein/167/saison_id/2026/plus/1,323d986d5d073658ccfd8af3d4978da6e4a9845c0cdcce47798096a26f016833,2026-09-12
TRANSFER_TIMELINE,YES,No unique confirmed permanent event for changed native club,GER2,1. FC Heidenheim 1846,2036,Christian Conteh,530298,1999-08-27,275171,248765,1376426,1376302,DOB_NAME,https://www.transfermarkt.de/1-fc-heidenheim-1846/kader/verein/2036/saison_id/2026/plus/1,36e24e4c10d034372cc86f2815daf3eafd1f3551697053d3716bf14e8bbbab12,2026-09-12
TRANSFER_TIMELINE,YES,No unique confirmed permanent event for changed native club,GER2,VfL Wolfsburg,82,Cleiton,943237,2003-04-25,221509,0,3538947,1376274,DOB_NAME,https://www.transfermarkt.de/vfl-wolfsburg/kader/verein/82/saison_id/2026/plus/1,0d671e8b1f26fd27a90d4507455627094aa5ed12d9869e4c7dc8c2b2573eb1ef,2026-09-12
TRANSFER_TIMELINE,YES,No unique confirmed permanent event for changed native club,GER2,VfL Wolfsburg,82,Jonas Adjetey,734676,2003-12-13,295337,276634,3080195,1376274,DOB_NAME,https://www.transfermarkt.de/vfl-wolfsburg/kader/verein/82/saison_id/2026/plus/1,0d671e8b1f26fd27a90d4507455627094aa5ed12d9869e4c7dc8c2b2573eb1ef,2026-09-12
TRANSFER_TIMELINE,YES,Current loan requires owner and return-date evidence,GER2,SG Dynamo Dresden,129,Kennedy Okpala,1104418,2004-12-17,272084,274999,1376301,1376278,DOB_NAME,https://www.transfermarkt.de/sg-dynamo-dresden/kader/verein/129/saison_id/2026/plus/1,e7de409708fb7109444d4f9163d9959ec24a63b876d33dbfb1a3f2afff6bb65f,2026-09-12
TRANSFER_TIMELINE,YES,No unique confirmed permanent event for changed native club,GER2,VfL Wolfsburg,82,Kento Shiogai,1144627,2005-03-26,293908,74879,2228235,1376274,DOB_NAME,https://www.transfermarkt.de/vfl-wolfsburg/kader/verein/82/saison_id/2026/plus/1,0d671e8b1f26fd27a90d4507455627094aa5ed12d9869e4c7dc8c2b2573eb1ef,2026-09-12
TRANSFER_TIMELINE,YES,No unique confirmed permanent event for changed native club,GER2,FC St. Pauli,35,Mathias Rasmussen,268327,1997-11-25,234988,225266,458780,1376425,DOB_NAME,https://www.transfermarkt.de/fc-st-pauli/kader/verein/35/saison_id/2026/plus/1,cb3581752f3910c559c9f42a6cbb09551a6187c6a88b14cfcc35019d0c02bc47,2026-09-12
TRANSFER_TIMELINE,YES,No unique confirmed permanent event for changed native club,GER2,VfL Bochum 1848,80,Oliver Olsen,400542,2000-08-13,285382,244471,851970,1376273,DOB_NAME,https://www.transfermarkt.de/vfl-bochum/kader/verein/80/saison_id/2026/plus/1,46a6a42e333b793b20bad6d9e1b77f42c8ca39e91c8c69a2bf0dbb6aa5adc64a,2026-09-12
TRANSFER_TIMELINE,YES,Current loan requires owner and return-date evidence,GER2,SG Dynamo Dresden,129,Patrice Covic,1114155,2007-06-25,280808,76111,1376271,1376278,DOB_NAME,https://www.transfermarkt.de/sg-dynamo-dresden/kader/verein/129/saison_id/2026/plus/1,e7de409708fb7109444d4f9163d9959ec24a63b876d33dbfb1a3f2afff6bb65f,2026-09-12
TRANSFER_TIMELINE,YES,Current loan requires owner and return-date evidence,GER3,TSV Havelse 1912,476,Alexander Guiddir,1292676,2006-12-12,101936,0,1376888,1376539,DOB_NAME,https://www.transfermarkt.de/tsv-havelse/kader/verein/476/saison_id/2026/plus/1,b4490298444b6e31458c6e927b4ab3fff5378977e083c471be7a43b9938c0f59,2026-09-12
TRANSFER_TIMELINE,YES,Current loan requires owner and return-date evidence,GER3,Fortuna Düsseldorf 1895,38,Andreas Müller,438315,2000-07-20,276193,257283,1376283,1376429,DOB_NAME,https://www.transfermarkt.de/fortuna-dusseldorf/kader/verein/38/saison_id/2026/plus/1,05373c5cfa7534d6542a7839a6b4faf710e30f1746f3272457fd8dbea4ba1976,2026-09-12
TRANSFER_TIMELINE,YES,Current loan requires owner and return-date evidence,GER3,TSV Havelse 1912,476,Eric Voufack,452563,2001-09-25,16802,251323,856113,1376539,DOB_NAME,https://www.transfermarkt.de/tsv-havelse/kader/verein/476/saison_id/2026/plus/1,b4490298444b6e31458c6e927b4ab3fff5378977e083c471be7a43b9938c0f59,2026-09-12
TRANSFER_TIMELINE,YES,No unique confirmed permanent event for changed native club,GER3,FC Viktoria Köln 1904,1622,Jakob Sachse,1032922,2006-04-20,275098,0,1376266,1376446,DOB_NAME,https://www.transfermarkt.de/fc-viktoria-koln/kader/verein/1622/saison_id/2026/plus/1,b7bfc92e8e7c5a16b30c7b0ff346d1259614911747f68b6cb84920bb2afd1606,2026-09-12
TRANSFER_TIMELINE,YES,Current loan requires owner and return-date evidence,GER3,VfB Stuttgart,102,Jonathan Akaegbobi,905404,2006-04-25,275318,74561,1376273,1376272,DOB_NAME,https://www.transfermarkt.de/vfb-stuttgart-ii/kader/verein/102/saison_id/2026/plus/1,282836c83b3d06fc536ab783944214e6762cd5b47e8b5db9908690b0565ef593,2026-09-12
TRANSFER_TIMELINE,YES,No unique confirmed permanent event for changed native club,GER3,Fortuna Düsseldorf 1895,38,Jordi Paulina,1045762,2004-09-23,277417,0,1376262,1376429,DOB_NAME,https://www.transfermarkt.de/fortuna-dusseldorf/kader/verein/38/saison_id/2026/plus/1,05373c5cfa7534d6542a7839a6b4faf710e30f1746f3272457fd8dbea4ba1976,2026-09-12
TRANSFER_TIMELINE,YES,Current loan requires owner and return-date evidence,GER3,TSV Alemannia Aachen,8,Kacper Koscierski,1058515,2007-06-23,275305,78776,1376273,1376276,DOB_NAME,https://www.transfermarkt.de/alemannia-aachen/kader/verein/8/saison_id/2026/plus/1,d50319c6c39283dd66c83e32c0e53c0fbab8eb26ba138f0fe6e86b3dfc2b9c0b,2026-09-12
TRANSFER_TIMELINE,YES,No unique confirmed permanent event for changed native club,GER3,Fortuna Düsseldorf 1895,38,Kilian Sauck,1043565,2007-03-27,279863,0,1376263,1376429,DOB_NAME,https://www.transfermarkt.de/fortuna-dusseldorf/kader/verein/38/saison_id/2026/plus/1,05373c5cfa7534d6542a7839a6b4faf710e30f1746f3272457fd8dbea4ba1976,2026-09-12
TRANSFER_TIMELINE,YES,No unique confirmed permanent event for changed native club,GER3,SV Waldhof Mannheim 07,85,Lovis Bierschenk,894687,2005-05-22,280344,0,1376259,1376301,DOB_NAME,https://www.transfermarkt.de/sv-waldhof-mannheim/kader/verein/85/saison_id/2026/plus/1,34e998eba6b950fe72d328e27cb46b4a4d1c4b3c218c58557f9db9a44925ae39,2026-09-12
TRANSFER_TIMELINE,YES,Current loan requires owner and return-date evidence,GER3,Fortuna Düsseldorf 1895,38,Lukas Bornschein,910590,2005-06-03,275665,0,1376267,1376429,DOB_NAME,https://www.transfermarkt.de/fortuna-dusseldorf/kader/verein/38/saison_id/2026/plus/1,05373c5cfa7534d6542a7839a6b4faf710e30f1746f3272457fd8dbea4ba1976,2026-09-12
TRANSFER_TIMELINE,YES,No unique confirmed permanent event for changed native club,GER3,SC Fortuna Köln,92,Neo Telle,917792,2005-04-24,277531,76536,1376275,1376444,DOB_NAME,https://www.transfermarkt.de/sc-fortuna-koln/kader/verein/92/saison_id/2026/plus/1,c255b2b753fa967f4c2eb7cdee0e0a6e7bb7b0e3c371fdcdfc7a8694476b2be0,2026-09-12
TRANSFER_TIMELINE,YES,No unique confirmed permanent event for changed native club,GER3,TSG 1899 Hoffenheim,983,Oskar Hencke,1291755,2007-10-02,266703,0,1376438,1376433,DOB_NAME,https://www.transfermarkt.de/tsg-1899-hoffenheim-ii/kader/verein/983/saison_id/2026/plus/1,ab3835df09261faf7ddd2ed9c07b00f74ba9f141891a5f719f13e9b204f6234d,2026-09-12
TRANSFER_TIMELINE,YES,Current loan requires owner and return-date evidence,GER3,FC Hansa Rostock,30,Ouassim Karada,906968,2005-10-21,267421,0,1376434,1376265,DOB_NAME,https://www.transfermarkt.de/fc-hansa-rostock/kader/verein/30/saison_id/2026/plus/1,6da33a7ccf32faa9ebb0b7823a0ee5537fb70bfe8ee363795199b5de4015e0f1,2026-09-12
TRANSFER_TIMELINE,YES,No unique confirmed permanent event for changed native club,GER3,TSV Alemannia Aachen,8,Petros Bagkalianis,609648,2001-02-06,105233,270009,1454082,1376276,DOB_NAME,https://www.transfermarkt.de/alemannia-aachen/kader/verein/8/saison_id/2026/plus/1,d50319c6c39283dd66c83e32c0e53c0fbab8eb26ba138f0fe6e86b3dfc2b9c0b,2026-09-12
TRANSFER_TIMELINE,YES,No unique confirmed permanent event for changed native club,GER3,SC Verl,93,Raphael Araoye,1025912,2004-11-21,24144,277746,917555,1376406,DOB_NAME,https://www.transfermarkt.de/sc-verl/kader/verein/93/saison_id/2026/plus/1,bd69b9b6c3fd17e062c0bf50a17563b42a98d2c42534eeab1330ee7efa38071a,2026-09-12
TRANSFER_TIMELINE,YES,Current loan requires owner and return-date evidence,GER3,SC Fortuna Köln,92,Romeo Aigbekaen,795387,2004-06-22,277288,76058,1376425,1376444,DOB_NAME,https://www.transfermarkt.de/sc-fortuna-koln/kader/verein/92/saison_id/2026/plus/1,c255b2b753fa967f4c2eb7cdee0e0a6e7bb7b0e3c371fdcdfc7a8694476b2be0,2026-09-12
TRANSFER_TIMELINE,YES,No unique confirmed permanent event for changed native club,GER3,FC Viktoria Köln 1904,1622,Taylan Duman,314214,1997-07-30,1000013989,0,0,1376446,DOB_NAME,https://www.transfermarkt.de/fc-viktoria-koln/kader/verein/1622/saison_id/2026/plus/1,b7bfc92e8e7c5a16b30c7b0ff346d1259614911747f68b6cb84920bb2afd1606,2026-09-12
TRANSFER_TIMELINE,YES,No unique confirmed permanent event for changed native club,GER3,SV Waldhof Mannheim 07,85,Vincent Thill,316760,2000-02-04,203211,234317,331829,1376301,DOB_NAME,https://www.transfermarkt.de/sv-waldhof-mannheim/kader/verein/85/saison_id/2026/plus/1,34e998eba6b950fe72d328e27cb46b4a4d1c4b3c218c58557f9db9a44925ae39,2026-09-12
TRANSFER_TIMELINE,YES,Current loan requires owner and return-date evidence,GER3,SC Preußen Münster,91,Wesley Adeh,1074523,2007-01-08,280811,75461,1376271,1376419,DOB_NAME,https://www.transfermarkt.de/preussen-munster/kader/verein/91/saison_id/2026/plus/1,358c233225c0f06e8cc0ea5bfec52949f3501471b53e29edc807611cd04332ae,2026-09-12
TRANSFER_TIMELINE,YES,Current loan requires owner and return-date evidence,GER3,FC Würzburger Kickers,1557,Xaver Kiefersauer,897059,2005-10-01,269708,0,1376291,1376540,DOB_NAME,https://www.transfermarkt.de/wurzburger-kickers/kader/verein/1557/saison_id/2026/plus/1,9dbdd312708d7d42a15f61c7f3845b1923e56748dcb9145650ba0c4e99195940,2026-09-12
TRANSFER_TIMELINE,YES,No unique confirmed permanent event for changed native club,ITA1,Como 1907,1047,Adrian Lahdo,1231993,2007-12-26,187814,75126,3014661,1769516,DOB_NAME,https://www.transfermarkt.de/como-1907/kader/verein/1047/saison_id/2026/plus/1,1f259087599c65750b2257df008378cf4b410dc38125151fd739b58162c63ff3,2026-09-12
TRANSFER_TIMELINE,YES,Current loan requires owner and return-date evidence,ITA1,Cagliari Calcio,1390,Alessandro Romano,911224,2006-06-17,278498,0,1769476,1769480,DOB_NAME,https://www.transfermarkt.de/cagliari-calcio/kader/verein/1390/saison_id/2026/plus/1,4d01f720bf6b2fb484bfc759a9f95eef9ef2c8d8f167551e1c287b989aa09415,2026-09-12
TRANSFER_TIMELINE,YES,Current loan requires owner and return-date evidence,ITA1,Frosinone Calcio,8970,Daniel Bîrligea,468192,2000-04-19,274071,266728,2555909,1769528,DOB_NAME,https://www.transfermarkt.de/frosinone-calcio/kader/verein/8970/saison_id/2026/plus/1,a104cee425f087aec46f2bde8eae8e0ec4f532d7e3edc12039ec6bf4b78c5a16,2026-09-12
TRANSFER_TIMELINE,YES,No unique confirmed permanent event for changed native club,ITA1,Udinese Calcio,410,Juan Arizala,1118347,2005-10-10,231683,275647,3670021,1769488,VERIFIED_PRIOR_TM_BRIDGE,https://www.transfermarkt.de/udinese-calcio/kader/verein/410/saison_id/2026/plus/1,7fdfe70ee199497c7c8bba7f008dea4b0f8e1ab4fec8c51d19f4eb9f681c5506,2026-09-12
TRANSFER_TIMELINE,YES,Current loan requires owner and return-date evidence,ITA1,US Sassuolo,6574,Kieron Bowie,647280,2002-09-21,288596,257104,2752519,1769542,DOB_NAME,https://www.transfermarkt.de/us-sassuolo/kader/verein/6574/saison_id/2026/plus/1,686b0eaeb9362b4d66f8cc3a3779bc587286eed50ca422d498380ecfd974ed38,2026-09-12
TRANSFER_TIMELINE,YES,No unique confirmed permanent event for changed native club,ITA1,Venezia FC,607,Lamine Fanne,1126888,2004-01-30,266864,275067,917539,1769500,DOB_NAME,https://www.transfermarkt.de/venezia-fc/kader/verein/607/saison_id/2026/plus/1,d88fc7110893de0f0661e79b4c48d86142d14d93f73bc112159c1995caefb0e9,2026-09-12
TRANSFER_TIMELINE,YES,No unique confirmed permanent event for changed native club,ITA1,Venezia FC,607,Lion Lauberbach,307800,1998-02-15,235705,239418,458787,1769500,DOB_NAME,https://www.transfermarkt.de/venezia-fc/kader/verein/607/saison_id/2026/plus/1,d88fc7110893de0f0661e79b4c48d86142d14d93f73bc112159c1995caefb0e9,2026-09-12
TRANSFER_TIMELINE,YES,Current loan requires owner and return-date evidence,ITA1,Genua CFC,252,Robinho Junior,1355385,2007-12-17,222665,0,3538955,1769510,DOB_NAME,https://www.transfermarkt.de/genua-cfc/kader/verein/252/saison_id/2026/plus/1,28831c70a8bf2f1d0e0c5e7801240ba62008e42be2eb8761306fafe7c05e7da1,2026-09-12
TRANSFER_TIMELINE,YES,No unique confirmed permanent event for changed native club,ITA1,US Lecce,1005,Sadik Fofana,644613,2003-05-16,273729,263949,262147,1769483,DOB_NAME,https://www.transfermarkt.de/us-lecce/kader/verein/1005/saison_id/2026/plus/1,f70b73ab0beef18f4707e1b846172f928bd484c8e6abc3aab35570487739b4bc,2026-09-12
TRANSFER_TIMELINE,YES,No unique confirmed permanent event for changed native club,ITA1,Frosinone Calcio,8970,Seydou Fini,866250,2006-06-02,285854,278350,1769510,1769528,DOB_NAME,https://www.transfermarkt.de/frosinone-calcio/kader/verein/8970/saison_id/2026/plus/1,a104cee425f087aec46f2bde8eae8e0ec4f532d7e3edc12039ec6bf4b78c5a16,2026-09-12
TRANSFER_TIMELINE,YES,No unique confirmed permanent event for changed native club,ITA1,Venezia FC,607,Simone Panada,487836,2002-06-02,282300,270126,1769477,1769500,DOB_NAME,https://www.transfermarkt.de/venezia-fc/kader/verein/607/saison_id/2026/plus/1,d88fc7110893de0f0661e79b4c48d86142d14d93f73bc112159c1995caefb0e9,2026-09-12
TRANSFER_TIMELINE,YES,Current loan requires owner and return-date evidence,ITA1,Parma Calcio 1913,130,Thomás De Martis,1231230,2008-06-26,213189,0,3407882,1769475,DOB_NAME,https://www.transfermarkt.de/parma-calcio-1913/kader/verein/130/saison_id/2026/plus/1,9f4513b041b1eea32272df127e8d7647766a65bc4faf13d5feb5409749e2d01f,2026-09-12
TRANSFER_TIMELINE,YES,No unique confirmed permanent event for changed native club,ITA1,Genua CFC,252,Tommaso Baldanzi,641537,2003-03-23,278488,269312,1769476,1769510,DOB_NAME,https://www.transfermarkt.de/genua-cfc/kader/verein/252/saison_id/2026/plus/1,28831c70a8bf2f1d0e0c5e7801240ba62008e42be2eb8761306fafe7c05e7da1,2026-09-12
TRANSFER_TIMELINE,YES,Current loan requires owner and return-date evidence,ITA1,AC Monza,2919,Yvan Maye,1041129,2006-03-21,278124,0,1769481,1769533,DOB_NAME,https://www.transfermarkt.de/ac-monza/kader/verein/2919/saison_id/2026/plus/1,8f193279202724cc57a68a08441deb0fe889b73d8d97804595e81268516bfe10,2026-09-12
TRANSFER_TIMELINE,YES,Current loan requires owner and return-date evidence,NED1,SC Telstar,1434,Ar'jany Martha,572519,2003-09-04,267780,264221,917551,2228252,DOB_NAME,https://www.transfermarkt.de/sc-telstar/kader/verein/1434/saison_id/2026/plus/1,ae77e5dfbed0657e8ac7db9c5bfa54cdae9a9aa41389f9224cb5b1406e993f05,2026-09-12
TRANSFER_TIMELINE,YES,Current loan requires owner and return-date evidence,NED1,Willem II Tilburg,403,Chido Obi,1042886,2007-11-29,261742,77354,917519,2228239,DOB_NAME,https://www.transfermarkt.de/willem-ii-tilburg/kader/verein/403/saison_id/2026/plus/1,032766443b9dd7e08c2a2a00943278f8412892d9f759e398b82d7ef4e594d0db,2026-09-12
TRANSFER_TIMELINE,YES,No unique confirmed permanent event for changed native club,NED1,SC Cambuur Leeuwarden,133,Ethan Apkakou,1178714,2006-10-15,288758,0,1179665,2228253,DOB_NAME,https://www.transfermarkt.de/sc-cambuur-leeuwarden/kader/verein/133/saison_id/2026/plus/1,d35d182879e0c29fde9680e0bd938bd8a58eee080d1c036222e78600c9bbc8b6,2026-09-12
TRANSFER_TIMELINE,YES,No unique confirmed permanent event for changed native club,NED1,Go Ahead Eagles Deventer,1435,Eus Waayers,921306,2006-04-08,291543,80351,2228236,2228248,DOB_NAME,https://www.transfermarkt.de/go-ahead-eagles-deventer/kader/verein/1435/saison_id/2026/plus/1,9dde8a1e8b910be129c1938f1ab5cb614c94aaafe9ae1f3969e144108e3149a1,2026-09-12
TRANSFER_TIMELINE,YES,No unique confirmed permanent event for changed native club,NED1,SC Cambuur Leeuwarden,133,Fabian Kvam,1242714,2005-10-18,143859,0,2359341,2228253,DOB_NAME,https://www.transfermarkt.de/sc-cambuur-leeuwarden/kader/verein/133/saison_id/2026/plus/1,d35d182879e0c29fde9680e0bd938bd8a58eee080d1c036222e78600c9bbc8b6,2026-09-12
TRANSFER_TIMELINE,YES,No unique confirmed permanent event for changed native club,NED1,FC Utrecht,200,Ferdinand Pohl,1041648,2007-02-02,277082,0,1376261,2228241,DOB_NAME,https://www.transfermarkt.de/fc-utrecht/kader/verein/200/saison_id/2026/plus/1,30172180fe0b90bafc4f2d8225a407eb91445c75b04c67bdb0bfe6d096d2e552,2026-09-12
TRANSFER_TIMELINE,YES,No unique confirmed permanent event for changed native club,NED1,SC Telstar,1434,Gerald Alders,891854,2005-05-07,295685,76843,2228227,2228252,DOB_NAME,https://www.transfermarkt.de/sc-telstar/kader/verein/1434/saison_id/2026/plus/1,ae77e5dfbed0657e8ac7db9c5bfa54cdae9a9aa41389f9224cb5b1406e993f05,2026-09-12
TRANSFER_TIMELINE,YES,No unique confirmed permanent event for changed native club,NED1,ADO Den Haag,1268,Jalen Hawkins,433091,2001-01-24,136516,256877,2228245,2228225,DOB_NAME,https://www.transfermarkt.de/ado-den-haag/kader/verein/1268/saison_id/2026/plus/1,474b264b880fdda2bb882ff0c9f03309d423ae1b25e36c87a1da879d192c71b0,2026-09-12
TRANSFER_TIMELINE,YES,No unique confirmed permanent event for changed native club,NED1,SC Telstar,1434,Jelani Seedorf,943592,2004-12-12,290876,81988,2228256,2228252,DOB_NAME,https://www.transfermarkt.de/sc-telstar/kader/verein/1434/saison_id/2026/plus/1,ae77e5dfbed0657e8ac7db9c5bfa54cdae9a9aa41389f9224cb5b1406e993f05,2026-09-12
TRANSFER_TIMELINE,YES,No unique confirmed permanent event for changed native club,NED1,SC Heerenveen,306,Luca Oyen,551085,2003-03-14,235158,256307,458768,2228234,DOB_NAME,https://www.transfermarkt.de/sc-heerenveen/kader/verein/306/saison_id/2026/plus/1,c5575ac3b7544ec0b6c6c259e7a480f6feb44060499802d16479d9d38d1f4bf6,2026-09-12
TRANSFER_TIMELINE,YES,No unique confirmed permanent event for changed native club,NED1,ADO Den Haag,1268,Pascal Mulder,460619,1999-01-19,136521,0,2228245,2228225,DOB_NAME,https://www.transfermarkt.de/ado-den-haag/kader/verein/1268/saison_id/2026/plus/1,474b264b880fdda2bb882ff0c9f03309d423ae1b25e36c87a1da879d192c71b0,2026-09-12
TRANSFER_TIMELINE,YES,Current loan requires owner and return-date evidence,NED1,Fortuna Sittard,385,Rodrigo Guth,492313,2000-11-10,212258,263556,3407896,2228247,DOB_NAME,https://www.transfermarkt.de/fortuna-sittard/kader/verein/385/saison_id/2026/plus/1,3459b44bdebecde47d2a1440be82d9c09e8f120a342ec34fc969ad1288f64fcd,2026-09-12
TRANSFER_TIMELINE,YES,Current loan requires owner and return-date evidence,NED1,Ajax Amsterdam,610,Tolu Arokodare,683571,2000-11-23,23757,258911,917547,2228227,VERIFIED_PRIOR_TM_BRIDGE,https://www.transfermarkt.de/ajax-amsterdam/kader/verein/610/saison_id/2026/plus/1,f5e17e90fd0fa7a2962da880b80d3f5be8fc736c45ff9203a638be8e951725f8,2026-09-12
TRANSFER_TIMELINE,YES,No unique confirmed permanent event for changed native club,POR1,Moreirense FC,979,Afonso Vieira,958931,2007-01-12,286679,0,2490397,2490377,DOB_NAME,https://www.transfermarkt.de/moreirense-fc/kader/verein/979/saison_id/2026/plus/1,9aa16aff197b371e36892b5321c0c1db769f09802a8338c111eb56304e7798bc,2026-09-12
TRANSFER_TIMELINE,YES,No unique confirmed permanent event for changed native club,POR1,CS Marítimo,1301,Alfonso Pastor,537367,2000-10-04,286992,259530,2490381,2490376,DOB_NAME,https://www.transfermarkt.de/cs-maritimo/kader/verein/1301/saison_id/2026/plus/1,5cfc233404ec9b89440eac630270b3e1ade7aaa468abf0d7c72a774e94f85e1b,2026-09-12
TRANSFER_TIMELINE,YES,No unique confirmed permanent event for changed native club,POR1,Académico Viseu FC,7788,André Ceitil,512129,1995-03-11,287999,78986,2494467,2494468,DOB_NAME,https://www.transfermarkt.de/academico-viseu-fc/kader/verein/7788/saison_id/2026/plus/1,340241555ec1793a42690aa5ffe614fb73194989e73960db5786f409bd3783e4,2026-09-12
TRANSFER_TIMELINE,YES,Current loan requires owner and return-date evidence,POR1,Moreirense FC,979,Aranha,1093863,2005-02-07,221428,0,3538952,2490377,DOB_NAME,https://www.transfermarkt.de/moreirense-fc/kader/verein/979/saison_id/2026/plus/1,9aa16aff197b371e36892b5321c0c1db769f09802a8338c111eb56304e7798bc,2026-09-12
TRANSFER_TIMELINE,YES,Current loan requires owner and return-date evidence,POR1,CD Nacional,982,Daniel de la Cruz,981484,2004-03-06,232981,74515,3735557,2490378,DOB_NAME,https://www.transfermarkt.de/cd-nacional/kader/verein/982/saison_id/2026/plus/1,85c1a326ea7d9109ff431c2a95c9c0488100e0183b1e7c799d926c40ecb8dba6,2026-09-12
TRANSFER_TIMELINE,YES,No unique confirmed permanent event for changed native club,POR1,Rio Ave FC,2425,Diogo Bezerra,947404,2002-07-16,270191,0,3342339,2490381,DOB_NAME,https://www.transfermarkt.de/rio-ave-fc/kader/verein/2425/saison_id/2026/plus/1,37a8a108e9b2165ce80a23cc2e2c874e6dbc5c341de869d1bdffc8cd3bf8f10c,2026-09-12
TRANSFER_TIMELINE,YES,No unique confirmed permanent event for changed native club,POR1,CF Estrela Amadora,2431,Eddy Doué,1159661,2005-12-11,283485,0,1179663,2490394,DOB_NAME,https://www.transfermarkt.de/cf-estrela-amadora/kader/verein/2431/saison_id/2026/plus/1,518e3a2e95f5774700d01db49dd50f80d4ccbc790493950412b68c785a7de654,2026-09-12
TRANSFER_TIMELINE,YES,No unique confirmed permanent event for changed native club,POR1,CD Santa Clara,2423,Gonçalo Paciência,181547,1994-08-01,222786,216452,3538985,2490388,DOB_NAME,https://www.transfermarkt.de/cd-santa-clara/kader/verein/2423/saison_id/2026/plus/1,996787cc90623dddfd5c425ca2df6aae95f8fd62b8b5cfb03677a214be6550e2,2026-09-12
TRANSFER_TIMELINE,YES,No unique confirmed permanent event for changed native club,POR1,CD Santa Clara,2423,Guilherme Romão,519879,1997-10-07,223057,0,3539013,2490388,DOB_NAME,https://www.transfermarkt.de/cd-santa-clara/kader/verein/2423/saison_id/2026/plus/1,996787cc90623dddfd5c425ca2df6aae95f8fd62b8b5cfb03677a214be6550e2,2026-09-12
TRANSFER_TIMELINE,YES,No unique confirmed permanent event for changed native club,POR1,Rio Ave FC,2425,Gustavo Mancha,1082582,2004-07-25,104502,81324,1441800,2490381,DOB_NAME,https://www.transfermarkt.de/rio-ave-fc/kader/verein/2425/saison_id/2026/plus/1,37a8a108e9b2165ce80a23cc2e2c874e6dbc5c341de869d1bdffc8cd3bf8f10c,2026-09-12
TRANSFER_TIMELINE,YES,Current loan requires owner and return-date evidence,POR1,CS Marítimo,1301,Gábor Szalai,830057,2000-06-09,107257,275644,1507348,2490376,DOB_NAME,https://www.transfermarkt.de/cs-maritimo/kader/verein/1301/saison_id/2026/plus/1,5cfc233404ec9b89440eac630270b3e1ade7aaa468abf0d7c72a774e94f85e1b,2026-09-12
TRANSFER_TIMELINE,YES,No unique confirmed permanent event for changed native club,POR1,Gil Vicente FC,2424,Héctor Hernández,273738,1995-09-14,221828,214942,3538959,2490375,DOB_NAME,https://www.transfermarkt.de/gil-vicente-fc/kader/verein/2424/saison_id/2026/plus/1,e615ed113cbf0012df4490859c154266a50a72247c7f67c260f2f4ab6c49e4d1,2026-09-12
TRANSFER_TIMELINE,YES,No unique confirmed permanent event for changed native club,POR1,FC Arouca,8024,Ignacio de Arruabarrena,367651,1997-01-16,233111,259872,3735553,2494470,DOB_NAME,https://www.transfermarkt.de/fc-arouca/kader/verein/8024/saison_id/2026/plus/1,6d5fb999d4383d6530153089e5d24d04871a61220be98a161a65baf303fba2ae,2026-09-12
TRANSFER_TIMELINE,YES,No unique confirmed permanent event for changed native club,POR1,CS Marítimo,1301,José Melro,939765,2004-05-26,288149,0,2490372,2490376,DOB_NAME,https://www.transfermarkt.de/cs-maritimo/kader/verein/1301/saison_id/2026/plus/1,5cfc233404ec9b89440eac630270b3e1ade7aaa468abf0d7c72a774e94f85e1b,2026-09-12
TRANSFER_TIMELINE,YES,No unique confirmed permanent event for changed native club,POR1,CF Estrela Amadora,2431,Kevin Höög Jansson,626854,2000-09-29,188296,254514,3014673,2490394,DOB_NAME,https://www.transfermarkt.de/cf-estrela-amadora/kader/verein/2431/saison_id/2026/plus/1,518e3a2e95f5774700d01db49dd50f80d4ccbc790493950412b68c785a7de654,2026-09-12
TRANSFER_TIMELINE,YES,No unique confirmed permanent event for changed native club,POR1,FC Alverca,2521,Lucca Giuntini,1307181,2005-12-07,154841,0,2494483,2490393,DOB_NAME,https://www.transfermarkt.de/fc-alverca/kader/verein/2521/saison_id/2026/plus/1,7f5d01cde12ec5554a0cdae5ccc699031abd54d7e473e99ebf2c44e9a519b8ae,2026-09-12
TRANSFER_TIMELINE,YES,No unique confirmed permanent event for changed native club,POR1,CF Estrela Amadora,2431,Léo Linck,742034,2001-03-03,221334,0,3538945,2490394,DOB_NAME,https://www.transfermarkt.de/cf-estrela-amadora/kader/verein/2431/saison_id/2026/plus/1,518e3a2e95f5774700d01db49dd50f80d4ccbc790493950412b68c785a7de654,2026-09-12
TRANSFER_TIMELINE,YES,Current loan requires owner and return-date evidence,POR1,Académico Viseu FC,7788,Paulinho,842718,1999-09-21,270953,274099,2555910,2494468,DOB_NAME,https://www.transfermarkt.de/academico-viseu-fc/kader/verein/7788/saison_id/2026/plus/1,340241555ec1793a42690aa5ffe614fb73194989e73960db5786f409bd3783e4,2026-09-12
TRANSFER_TIMELINE,YES,Current loan requires owner and return-date evidence,POR1,CF Estrela Amadora,2431,Rodrigo Dudok,1062317,2007-07-23,243328,0,3932165,2490394,DOB_NAME,https://www.transfermarkt.de/cf-estrela-amadora/kader/verein/2431/saison_id/2026/plus/1,518e3a2e95f5774700d01db49dd50f80d4ccbc790493950412b68c785a7de654,2026-09-12
TRANSFER_TIMELINE,YES,Current loan requires owner and return-date evidence,POR1,Benfica Lissabon,294,Souffian El Karouani,541134,2000-10-19,294870,262473,2228241,2490372,DOB_NAME,https://www.transfermarkt.de/benfica-lissabon/kader/verein/294/saison_id/2026/plus/1,957c9f94e6a34a4cd8987a26892c35f410ec61ced30153d1842a28e3a5d61504,2026-09-12
TRANSFER_TIMELINE,YES,No unique confirmed permanent event for changed native club,POR1,CD Santa Clara,2423,Welinton Torrão,687361,1999-06-30,223956,0,3552671,2490388,DOB_NAME,https://www.transfermarkt.de/cd-santa-clara/kader/verein/2423/saison_id/2026/plus/1,996787cc90623dddfd5c425ca2df6aae95f8fd62b8b5cfb03677a214be6550e2,2026-09-12
TRANSFER_TIMELINE,YES,No unique confirmed permanent event for changed native club,POR1,Gil Vicente FC,2424,Weverson,412367,2000-07-05,221582,257969,3538968,2490375,DOB_NAME,https://www.transfermarkt.de/gil-vicente-fc/kader/verein/2424/saison_id/2026/plus/1,e615ed113cbf0012df4490859c154266a50a72247c7f67c260f2f4ab6c49e4d1,2026-09-12
TRANSFER_TIMELINE,YES,No unique confirmed permanent event for changed native club,POR1,FC Alverca,2521,Zakaria Kassary,1245251,2006-01-25,15944,0,8466434,2490393,DOB_NAME,https://www.transfermarkt.de/fc-alverca/kader/verein/2521/saison_id/2026/plus/1,7f5d01cde12ec5554a0cdae5ccc699031abd54d7e473e99ebf2c44e9a519b8ae,2026-09-12
TRANSFER_TIMELINE,YES,No unique confirmed permanent event for changed native club,TUR1,Corum FK,37951,Ahmed Ildız,226169,1996-11-28,200031,238587,3145820,3149867,DOB_NAME,https://www.transfermarkt.de/corum-fk/kader/verein/37951/saison_id/2026/plus/1,09798c50638e371505f186cb7a6cb29472c2df6e777856de0739225fb6d74803,2026-09-12
TRANSFER_TIMELINE,YES,No unique confirmed permanent event for changed native club,TUR1,Galatasaray,141,Armando Güner,1070983,2008-01-07,279872,0,1376263,3145825,VERIFIED_PRIOR_TM_BRIDGE,https://www.transfermarkt.de/galatasaray/kader/verein/141/saison_id/2026/plus/1,66f1195fdd6d32bc947bb726ca4925adf5e39b928cebbb291569108f880a8f16,2026-09-12
TRANSFER_TIMELINE,YES,No unique confirmed permanent event for changed native club,TUR1,Alanyaspor,11282,Bilal Demirağ,1223297,2009-04-27,201523,0,3145864,3145783,DOB_NAME,https://www.transfermarkt.de/alanyaspor/kader/verein/11282/saison_id/2026/plus/1,433f3e66ff8083db45d3eda79b081cc9c234137060d5070be407da48d877ae43,2026-09-12
TRANSFER_TIMELINE,YES,No unique confirmed permanent event for changed native club,TUR1,Amed SK,12382,Cem Üstündag,445623,2001-01-20,200114,271002,3145843,3145856,DOB_NAME,https://www.transfermarkt.de/amed-sk/kader/verein/12382/saison_id/2026/plus/1,1c63291a94e83ca8d551f2c91a8979d5cadd6cad24fc5cbcdc3500f54ff03b8e,2026-09-12
TRANSFER_TIMELINE,YES,No unique confirmed permanent event for changed native club,TUR1,Trabzonspor,449,Chibuike Nwaiwu,985825,2003-07-23,266377,74981,262193,3145826,DOB_NAME,https://www.transfermarkt.de/trabzonspor/kader/verein/449/saison_id/2026/plus/1,46d6b6df3f94c27fce5372bec00addc6ddbe5736f874af98f7a926a67acd515f,2026-09-12
TRANSFER_TIMELINE,YES,No unique confirmed permanent event for changed native club,TUR1,Konyaspor,2293,Diogo Gonçalves,258015,1997-02-06,299970,231390,6225931,3145839,DOB_NAME,https://www.transfermarkt.de/konyaspor/kader/verein/2293/saison_id/2026/plus/1,069dc7281d9365629f14ccbc97a6efb86e052d5f21328d42e8d7b49edfa417e6,2026-09-12
TRANSFER_TIMELINE,YES,No unique confirmed permanent event for changed native club,TUR1,Corum FK,37951,Fredy,87854,1990-03-27,200488,193461,3149900,3149867,DOB_NAME,https://www.transfermarkt.de/corum-fk/kader/verein/37951/saison_id/2026/plus/1,09798c50638e371505f186cb7a6cb29472c2df6e777856de0739225fb6d74803,2026-09-12
TRANSFER_TIMELINE,YES,No unique confirmed permanent event for changed native club,TUR1,Kasimpasa,10484,Kamil Ahmet Çörekçi,110686,1992-02-01,200582,199683,3145814,3145843,DOB_NAME,https://www.transfermarkt.de/kasimpasa/kader/verein/10484/saison_id/2026/plus/1,c67384cb86e5ab0489a71469deab8847f74c6c6c97729fe8853bfdf343f41060,2026-09-12
TRANSFER_TIMELINE,YES,No unique confirmed permanent event for changed native club,TUR1,Eyüpspor,7160,Lenny Pintor,418660,2000-08-05,271547,240941,262159,3145777,DOB_NAME,https://www.transfermarkt.de/eyupspor/kader/verein/7160/saison_id/2026/plus/1,f4f3375da68b82c3bad1b9efcd11d29ed67584c0d829b173c80cc388820bec9c,2026-09-12
TRANSFER_TIMELINE,YES,No unique confirmed permanent event for changed native club,TUR1,Corum FK,37951,Mame Thiam,163053,1992-10-09,199975,217007,3145777,3149867,DOB_NAME,https://www.transfermarkt.de/corum-fk/kader/verein/37951/saison_id/2026/plus/1,09798c50638e371505f186cb7a6cb29472c2df6e777856de0739225fb6d74803,2026-09-12
TRANSFER_TIMELINE,YES,Current loan requires owner and return-date evidence,TUR1,Göztepe,1467,Richard Akonnor,1081721,2004-02-06,85463,0,12451844,3145820,DOB_NAME,https://www.transfermarkt.de/goztepe/kader/verein/1467/saison_id/2026/plus/1,7e750ea20c17f8114b86f2de82ca9a2830fe95988c05d73fe5e72a2f70c29e0f,2026-09-12
TRANSFER_TIMELINE,YES,No unique confirmed permanent event for changed native club,TUR1,Eyüpspor,7160,Umut Keseci,1045821,2004-02-05,201527,0,3145864,3145777,DOB_NAME,https://www.transfermarkt.de/eyupspor/kader/verein/7160/saison_id/2026/plus/1,f4f3375da68b82c3bad1b9efcd11d29ed67584c0d829b173c80cc388820bec9c,2026-09-12
CONTRACT_CHRONOLOGY,YES,Joined/end/shirt fields are incomplete or invalid,BEL1,VV St. Truiden,475,Ahmad Abu Rasen,1159156,2003-11-02,76846,277063,11993090,458759,DOB_NAME,https://www.transfermarkt.de/vv-st-truiden/kader/verein/475/saison_id/2026/plus/1,c0e976a963b2c1507ec52e39bab62ae405f89e7c2149e5b8ecc88e56b4f6ff7a,2026-09-12
CONTRACT_CHRONOLOGY,YES,Joined/end/shirt fields are incomplete or invalid,BEL1,Royal Charleroi SC,172,Arthur Cremer,548619,2000-08-18,237880,0,458772,458761,DOB_NAME,https://www.transfermarkt.de/royal-charleroi-sc/kader/verein/172/saison_id/2026/plus/1,be345af7e14ab40246420c64e873b34283e56e8aafa6f5b344acf44cf11dfec1,2026-09-12
CONTRACT_CHRONOLOGY,YES,Joined/end/shirt fields are incomplete or invalid,BEL1,Royal Charleroi SC,172,Boubakar Dembaga,1173870,2006-06-07,284502,0,1179655,458761,DOB_NAME,https://www.transfermarkt.de/royal-charleroi-sc/kader/verein/172/saison_id/2026/plus/1,be345af7e14ab40246420c64e873b34283e56e8aafa6f5b344acf44cf11dfec1,2026-09-12
CONTRACT_CHRONOLOGY,YES,Joined/end/shirt fields are incomplete or invalid,BEL1,Royal Charleroi SC,172,Isaac Cissé,1145004,2006-10-10,36543,0,9175042,458761,DOB_NAME,https://www.transfermarkt.de/royal-charleroi-sc/kader/verein/172/saison_id/2026/plus/1,be345af7e14ab40246420c64e873b34283e56e8aafa6f5b344acf44cf11dfec1,2026-09-12
CONTRACT_CHRONOLOGY,YES,Joined/end/shirt fields are incomplete or invalid,BEL1,VV St. Truiden,475,Ryotaro Araki,566011,2002-01-29,307148,255438,10682372,458759,DOB_NAME,https://www.transfermarkt.de/vv-st-truiden/kader/verein/475/saison_id/2026/plus/1,c0e976a963b2c1507ec52e39bab62ae405f89e7c2149e5b8ecc88e56b4f6ff7a,2026-09-12
CONTRACT_CHRONOLOGY,YES,Joined/end/shirt fields are incomplete or invalid,CZE1,FC Banik Ostrau,377,Aboubacar Traore,1071300,2004-08-20,11262,0,790540,786446,DOB_NAME,https://www.transfermarkt.de/fc-banik-ostrau/kader/verein/377/saison_id/2026/plus/1,3717000ca143110b9cff7bc66843b5e54104cdaa75d0e196220c4e77c8b4d611,2026-09-12
TIMELINE_RESOLUTION,YES,"Confirmed timeline row failed exact native, source, or loan chronology guards",CZE1,FK Mlada Boleslav,5546,Adam Kadlec,889437,2003-07-06,296798,0,786453,786434,REVIEWED_TIMELINE,https://www.transfermarkt.de/fk-mlada-boleslav/kader/verein/5546/saison_id/2026/plus/1,5a8600e42926651e56482ac4dac8c6e5e0e3e1754eacf142566e811f0e9bca53,2026-09-12
CONTRACT_CHRONOLOGY,YES,Joined/end/shirt fields are incomplete or invalid,CZE1,AC Sparta Prag,197,Adam Karabec,652061,2003-07-02,284674,256970,1179661,786442,DOB_NAME,https://www.transfermarkt.de/ac-sparta-prag/kader/verein/197/saison_id/2026/plus/1,6b74c895ae1857517e5325904312eb2643155a1ddb4be2ba7e884a9840dcea35,2026-09-12
CONTRACT_CHRONOLOGY,YES,Joined/end/shirt fields are incomplete or invalid,CZE1,SK Artis Brünn,24325,Adam Petrak,709285,1999-08-20,11949,0,786454,790564,DOB_NAME,https://www.transfermarkt.de/sk-artis-brunn/kader/verein/24325/saison_id/2026/plus/1,587a867b1b6398028de49094330bc2934f1e7245d3ee79f2003e9ffe6410ac9f,2026-09-12
CONTRACT_CHRONOLOGY,YES,Joined/end/shirt fields are incomplete or invalid,CZE1,SK Sigma Olmütz,2311,Anton Ekeroth,819392,2001-09-16,142923,74175,2359300,786439,DOB_NAME,https://www.transfermarkt.de/sk-sigma-olmutz/kader/verein/2311/saison_id/2026/plus/1,c61d1f22a4e21ac99834db236d5c613fdf98db28632452029778a0c82954b875,2026-09-12
CONTRACT_CHRONOLOGY,YES,Joined/end/shirt fields are incomplete or invalid,CZE1,SK Sigma Olmütz,2311,Dario Grgic,619300,2003-03-16,269629,0,3355040,786439,DOB_NAME,https://www.transfermarkt.de/sk-sigma-olmutz/kader/verein/2311/saison_id/2026/plus/1,c61d1f22a4e21ac99834db236d5c613fdf98db28632452029778a0c82954b875,2026-09-12
CONTRACT_CHRONOLOGY,YES,Joined/end/shirt fields are incomplete or invalid,CZE1,SK Artis Brünn,24325,David Simek,493763,1998-02-15,11562,0,790538,790564,DOB_NAME,https://www.transfermarkt.de/sk-artis-brunn/kader/verein/24325/saison_id/2026/plus/1,587a867b1b6398028de49094330bc2934f1e7245d3ee79f2003e9ffe6410ac9f,2026-09-12
CONTRACT_CHRONOLOGY,YES,Joined/end/shirt fields are incomplete or invalid,CZE1,FC Viktoria Pilsen,941,Dominik Tapaj,973315,2004-05-10,177626,0,2818052,786450,DOB_NAME,https://www.transfermarkt.de/fc-viktoria-pilsen/kader/verein/941/saison_id/2026/plus/1,996e90d35b62a49d97cf67985e3302e6eb90152f4e1be1f533a26fcd90f8e7ac,2026-09-12
CONTRACT_CHRONOLOGY,YES,Joined/end/shirt fields are incomplete or invalid,CZE1,FK Pardubice,1496,Dominique Simon,988188,2000-07-29,177718,0,2818060,790538,DOB_NAME,https://www.transfermarkt.de/fk-pardubice/kader/verein/1496/saison_id/2026/plus/1,ff994ed3554101d4e2a5377d206e013ac142ca4f73f68a0c406e2cc0d305e0ef,2026-09-12
CONTRACT_CHRONOLOGY,YES,Joined/end/shirt fields are incomplete or invalid,CZE1,FC Hradec Kralove,1897,Elione Fernandes Neto,934519,2005-08-23,265015,0,262150,790530,DOB_NAME,https://www.transfermarkt.de/fc-hradec-kralove/kader/verein/1897/saison_id/2026/plus/1,9f165382686e89ef721bef5137a1368d6a21993eeb3b6a2f26d9e63870638938,2026-09-12
CONTRACT_CHRONOLOGY,YES,Joined/end/shirt fields are incomplete or invalid,CZE1,FC Zbrojovka Brünn,5225,Eric Hunal,839554,2005-01-21,11479,0,790532,786447,DOB_NAME,https://www.transfermarkt.de/fc-zbrojovka-brunn/kader/verein/5225/saison_id/2026/plus/1,1aeecf841a85ad9d35469b9ba37af49f38aee1b2e160fdd7ebc2df04f3863d83,2026-09-12
CONTRACT_CHRONOLOGY,YES,Joined/end/shirt fields are incomplete or invalid,CZE1,FC Zbrojovka Brünn,5225,Jakub Pokorny,333494,1996-09-11,105171,0,1455254,786447,DOB_NAME,https://www.transfermarkt.de/fc-zbrojovka-brunn/kader/verein/5225/saison_id/2026/plus/1,1aeecf841a85ad9d35469b9ba37af49f38aee1b2e160fdd7ebc2df04f3863d83,2026-09-12
CONTRACT_CHRONOLOGY,YES,Joined/end/shirt fields are incomplete or invalid,CZE1,FK Mlada Boleslav,5546,Jan Buryan,938901,2005-10-11,11730,0,790549,786434,DOB_NAME,https://www.transfermarkt.de/fk-mlada-boleslav/kader/verein/5546/saison_id/2026/plus/1,5a8600e42926651e56482ac4dac8c6e5e0e3e1754eacf142566e811f0e9bca53,2026-09-12
CONTRACT_CHRONOLOGY,YES,Joined/end/shirt fields are incomplete or invalid,CZE1,AC Sparta Prag,197,Joao Grimaldo,662701,2003-02-20,128450,261971,1847353,786442,DOB_NAME,https://www.transfermarkt.de/ac-sparta-prag/kader/verein/197/saison_id/2026/plus/1,6b74c895ae1857517e5325904312eb2643155a1ddb4be2ba7e884a9840dcea35,2026-09-12
CONTRACT_CHRONOLOGY,YES,Joined/end/shirt fields are incomplete or invalid,CZE1,FC Zbrojovka Brünn,5225,Justin Araujo-Wilson,806684,2002-08-26,12221,0,790563,786447,DOB_NAME,https://www.transfermarkt.de/fc-zbrojovka-brunn/kader/verein/5225/saison_id/2026/plus/1,1aeecf841a85ad9d35469b9ba37af49f38aee1b2e160fdd7ebc2df04f3863d83,2026-09-12
CONTRACT_CHRONOLOGY,YES,Joined/end/shirt fields are incomplete or invalid,CZE1,AC Sparta Prag,197,Ki-Jana Hoever,485583,2002-01-18,23756,246763,917547,786442,DOB_NAME,https://www.transfermarkt.de/ac-sparta-prag/kader/verein/197/saison_id/2026/plus/1,6b74c895ae1857517e5325904312eb2643155a1ddb4be2ba7e884a9840dcea35,2026-09-12
CONTRACT_CHRONOLOGY,YES,Joined/end/shirt fields are incomplete or invalid,CZE1,1.FC Slovacko,5544,Leos Prior,1120141,2005-01-04,11498,0,790532,786461,DOB_NAME,https://www.transfermarkt.de/1-fc-slovacko/kader/verein/5544/saison_id/2026/plus/1,42dab36a10cfd13d442ece1bb7499f652fac54d38b8eba2248452673a53bcacf,2026-09-12
CONTRACT_CHRONOLOGY,YES,Joined/end/shirt fields are incomplete or invalid,CZE1,AC Sparta Prag,197,Loïc Mbe Soh,463610,2001-06-13,236433,248603,458802,786442,DOB_NAME,https://www.transfermarkt.de/ac-sparta-prag/kader/verein/197/saison_id/2026/plus/1,6b74c895ae1857517e5325904312eb2643155a1ddb4be2ba7e884a9840dcea35,2026-09-12
CONTRACT_CHRONOLOGY,YES,Joined/end/shirt fields are incomplete or invalid,CZE1,FC Zbrojovka Brünn,5225,Lucky Ezeh,1005946,2004-01-23,11258,0,790540,786447,DOB_NAME,https://www.transfermarkt.de/fc-zbrojovka-brunn/kader/verein/5225/saison_id/2026/plus/1,1aeecf841a85ad9d35469b9ba37af49f38aee1b2e160fdd7ebc2df04f3863d83,2026-09-12
CONTRACT_CHRONOLOGY,YES,Joined/end/shirt fields are incomplete or invalid,CZE1,FC Zbrojovka Brünn,5225,Lukas Saal,955192,2006-02-17,12227,0,790563,786447,DOB_NAME,https://www.transfermarkt.de/fc-zbrojovka-brunn/kader/verein/5225/saison_id/2026/plus/1,1aeecf841a85ad9d35469b9ba37af49f38aee1b2e160fdd7ebc2df04f3863d83,2026-09-12
CONTRACT_CHRONOLOGY,YES,Joined/end/shirt fields are incomplete or invalid,CZE1,Bohemians Prag 1905,715,Matej Suryn,1240796,2004-09-22,12466,0,790599,786453,DOB_NAME,https://www.transfermarkt.de/bohemians-prag-1905/kader/verein/715/saison_id/2026/plus/1,ebdb6624691ca6718b5ca6df413da8f706167c604575caed018b5bb2940716cb,2026-09-12
CONTRACT_CHRONOLOGY,YES,Joined/end/shirt fields are incomplete or invalid,CZE1,Bohemians Prag 1905,715,Mathews Banda,1111665,2005-08-06,41584,0,9637891,786453,DOB_NAME,https://www.transfermarkt.de/bohemians-prag-1905/kader/verein/715/saison_id/2026/plus/1,ebdb6624691ca6718b5ca6df413da8f706167c604575caed018b5bb2940716cb,2026-09-12
CONTRACT_CHRONOLOGY,YES,Joined/end/shirt fields are incomplete or invalid,CZE1,AC Sparta Prag,197,Matyas Vojta,836196,2004-02-26,11324,0,786434,786442,DOB_NAME,https://www.transfermarkt.de/ac-sparta-prag/kader/verein/197/saison_id/2026/plus/1,6b74c895ae1857517e5325904312eb2643155a1ddb4be2ba7e884a9840dcea35,2026-09-12
CONTRACT_CHRONOLOGY,YES,Joined/end/shirt fields are incomplete or invalid,CZE1,FK Jablonec,1322,Nelson Okeke,853197,2002-03-25,296799,0,786453,786437,DOB_NAME,https://www.transfermarkt.de/fk-jablonec/kader/verein/1322/saison_id/2026/plus/1,fa6bc207fa67c20e0cd9ca574d81e19d3d8b6b77840b71993b1620a5a4b28b21,2026-09-12
CONTRACT_CHRONOLOGY,YES,Joined/end/shirt fields are incomplete or invalid,CZE1,FK Teplice,814,Petr Kodes,292520,1996-01-31,296689,0,790530,786443,DOB_NAME,https://www.transfermarkt.de/fk-teplice/kader/verein/814/saison_id/2026/plus/1,d56a4f10e63ee591f34d8043653f8dec1ff43e812697defcdc04274a50cee948,2026-09-12
CONTRACT_CHRONOLOGY,YES,Joined/end/shirt fields are incomplete or invalid,CZE1,FC Zbrojovka Brünn,5225,Petr Sevcik,147555,1994-05-04,295792,247030,786441,786447,DOB_NAME,https://www.transfermarkt.de/fc-zbrojovka-brunn/kader/verein/5225/saison_id/2026/plus/1,1aeecf841a85ad9d35469b9ba37af49f38aee1b2e160fdd7ebc2df04f3863d83,2026-09-12
CONTRACT_CHRONOLOGY,YES,Joined/end/shirt fields are incomplete or invalid,CZE1,SK Sigma Olmütz,2311,Péter Baráth,616948,2002-02-21,148163,268098,2424906,786439,DOB_NAME,https://www.transfermarkt.de/sk-sigma-olmutz/kader/verein/2311/saison_id/2026/plus/1,c61d1f22a4e21ac99834db236d5c613fdf98db28632452029778a0c82954b875,2026-09-12
CONTRACT_CHRONOLOGY,YES,Joined/end/shirt fields are incomplete or invalid,CZE1,FK Jablonec,1322,Roman Horak,740558,2005-02-25,295998,0,786442,786437,DOB_NAME,https://www.transfermarkt.de/fk-jablonec/kader/verein/1322/saison_id/2026/plus/1,fa6bc207fa67c20e0cd9ca574d81e19d3d8b6b77840b71993b1620a5a4b28b21,2026-09-12
CONTRACT_CHRONOLOGY,YES,Joined/end/shirt fields are incomplete or invalid,CZE1,AC Sparta Prag,197,Roman Macek,256085,1997-04-18,11318,237317,786434,786442,DOB_NAME,https://www.transfermarkt.de/ac-sparta-prag/kader/verein/197/saison_id/2026/plus/1,6b74c895ae1857517e5325904312eb2643155a1ddb4be2ba7e884a9840dcea35,2026-09-12
CONTRACT_CHRONOLOGY,YES,Joined/end/shirt fields are incomplete or invalid,CZE1,FK Teplice,814,Sebastian Pech,1078665,2009-01-05,296017,0,786442,786443,DOB_NAME,https://www.transfermarkt.de/fk-teplice/kader/verein/814/saison_id/2026/plus/1,d56a4f10e63ee591f34d8043653f8dec1ff43e812697defcdc04274a50cee948,2026-09-12
CONTRACT_CHRONOLOGY,YES,Joined/end/shirt fields are incomplete or invalid,CZE1,FC Zbrojovka Brünn,5225,Stepan Langer,622257,2000-08-16,297594,0,786439,786447,DOB_NAME,https://www.transfermarkt.de/fc-zbrojovka-brunn/kader/verein/5225/saison_id/2026/plus/1,1aeecf841a85ad9d35469b9ba37af49f38aee1b2e160fdd7ebc2df04f3863d83,2026-09-12
CONTRACT_CHRONOLOGY,YES,Joined/end/shirt fields are incomplete or invalid,CZE1,FC Hradec Kralove,1897,Tomas Wiesner,334807,1997-07-17,1000013460,246183,0,790530,DOB_NAME,https://www.transfermarkt.de/fc-hradec-kralove/kader/verein/1897/saison_id/2026/plus/1,9f165382686e89ef721bef5137a1368d6a21993eeb3b6a2f26d9e63870638938,2026-09-12
CONTRACT_CHRONOLOGY,YES,Joined/end/shirt fields are incomplete or invalid,CZE1,FK Teplice,814,Tomas Zlatohlavek,424237,2000-05-22,296594,0,786446,786443,DOB_NAME,https://www.transfermarkt.de/fk-teplice/kader/verein/814/saison_id/2026/plus/1,d56a4f10e63ee591f34d8043653f8dec1ff43e812697defcdc04274a50cee948,2026-09-12
CONTRACT_CHRONOLOGY,YES,Joined/end/shirt fields are incomplete or invalid,CZE1,FC Viktoria Pilsen,941,Vaclav Mika,396225,2000-06-01,177717,263548,2818060,786450,DOB_NAME,https://www.transfermarkt.de/fc-viktoria-pilsen/kader/verein/941/saison_id/2026/plus/1,996e90d35b62a49d97cf67985e3302e6eb90152f4e1be1f533a26fcd90f8e7ac,2026-09-12
CONTRACT_CHRONOLOGY,YES,Joined/end/shirt fields are incomplete or invalid,CZE1,SK Sigma Olmütz,2311,Vaclav Sejk,629777,2002-05-18,291000,265701,2228234,786439,DOB_NAME,https://www.transfermarkt.de/sk-sigma-olmutz/kader/verein/2311/saison_id/2026/plus/1,c61d1f22a4e21ac99834db236d5c613fdf98db28632452029778a0c82954b875,2026-09-12
CONTRACT_CHRONOLOGY,YES,Joined/end/shirt fields are incomplete or invalid,CZE1,AC Sparta Prag,197,Viktor Vitályos,1161671,2007-07-18,107480,0,1507331,786442,DOB_NAME,https://www.transfermarkt.de/ac-sparta-prag/kader/verein/197/saison_id/2026/plus/1,6b74c895ae1857517e5325904312eb2643155a1ddb4be2ba7e884a9840dcea35,2026-09-12
CONTRACT_CHRONOLOGY,YES,Joined/end/shirt fields are incomplete or invalid,CZE1,FC Hradec Kralove,1897,Viktor Zentrich,605571,2003-06-13,1000015933,0,0,790530,DOB_NAME,https://www.transfermarkt.de/fc-hradec-kralove/kader/verein/1897/saison_id/2026/plus/1,9f165382686e89ef721bef5137a1368d6a21993eeb3b6a2f26d9e63870638938,2026-09-12
CONTRACT_CHRONOLOGY,YES,Joined/end/shirt fields are incomplete or invalid,CZE1,FK Mlada Boleslav,5546,Vojtech Vorel,221289,1996-06-18,295989,240283,786442,786434,DOB_NAME,https://www.transfermarkt.de/fk-mlada-boleslav/kader/verein/5546/saison_id/2026/plus/1,5a8600e42926651e56482ac4dac8c6e5e0e3e1754eacf142566e811f0e9bca53,2026-09-12
TIMELINE_RESOLUTION,YES,"Confirmed timeline row failed exact native, source, or loan chronology guards",ENG1,Hull City,3008,Robinio Vaz,1131161,2007-02-17,283989,76410,1179662,917532,REVIEWED_TIMELINE,https://www.transfermarkt.de/hull-city/kader/verein/3008/saison_id/2026/plus/1,95d27e3b77eef2306101f2b6eab92a02d56308a31e0d34299be2fa82dcf331db,2026-09-12
CONTRACT_CHRONOLOGY,YES,Joined/end/shirt fields are incomplete or invalid,ENG1,Crystal Palace,873,Takehiro Tomiyasu,331560,1998-11-05,1000013185,232938,0,917535,DOB_NAME,https://www.transfermarkt.de/crystal-palace/kader/verein/873/saison_id/2026/plus/1,5b0d8110693231bc9cfcbf4e744171ea18f83dc20ff4c35e294cf84c098ae7ac,2026-09-12
TIMELINE_RESOLUTION,YES,"Confirmed timeline row failed exact native, source, or loan chronology guards",ESP1,UD Levante,3368,Petar Ratkov,846254,2003-08-18,264991,275978,262150,2949128,REVIEWED_TIMELINE,https://www.transfermarkt.de/ud-levante/kader/verein/3368/saison_id/2026/plus/1,53cacbbeea38cb2a390a7eeec2d36d336b94cb75602793ff1a9bacce28891775,2026-09-12
TIMELINE_RESOLUTION,YES,"Confirmed timeline row failed exact native, source, or loan chronology guards",ESP1,Racing Santander,630,Yassir Zabiri,1153105,2005-02-23,287701,74698,2490398,2949137,REVIEWED_TIMELINE,https://www.transfermarkt.de/racing-santander/kader/verein/630/saison_id/2026/plus/1,18a40c3ef461fb12859ab644f10535935a6e0f3b45aa680347aab5a3a4eda60f,2026-09-12
TIMELINE_RESOLUTION,YES,"Confirmed timeline row failed exact native, source, or loan chronology guards",FRA1,Stade Brest 29,3911,Noah Edjouma,1078326,2005-10-04,291091,278207,1179657,1179685,REVIEWED_TIMELINE,https://www.transfermarkt.de/stade-brest-29/kader/verein/3911/saison_id/2026/plus/1,52be2d44f637f0ec7c544f95926b9d75ac6bce6bd86bfa9e4cb57ec3bf957bda,2026-09-12
TIMELINE_RESOLUTION,YES,"Confirmed timeline row failed exact native, source, or loan chronology guards",FRA1,FC Lorient,1158,Souleymane Faye,666971,2003-02-08,285159,79547,2949245,1179673,REVIEWED_TIMELINE,https://www.transfermarkt.de/fc-lorient/kader/verein/1158/saison_id/2026/plus/1,8985aded9368fca7ce5d7744ed4210e43a27554002fd29e32ed7f2454f7c3087,2026-09-12
CONTRACT_CHRONOLOGY,YES,Joined/end/shirt fields are incomplete or invalid,FRA1,Le Havre AC,738,Vincent Sasso,122115,1991-02-16,272442,188538,1179721,1179681,DOB_NAME,https://www.transfermarkt.de/le-havre-ac/kader/verein/738/saison_id/2026/plus/1,c689367405332b2d53df382c7e86172b8f1c4f1721cf694d45fd4f70cea2659b,2026-09-12
CONTRACT_CHRONOLOGY,YES,Joined/end/shirt fields are incomplete or invalid,GER1,SC Paderborn 07,127,Albert Millgramm,814986,2004-11-12,276353,0,1376373,1376421,DOB_NAME,https://www.transfermarkt.de/sc-paderborn-07/kader/verein/127/saison_id/2026/plus/1,2bc1c2dc6af19cdfe4c15f929f45c9c1b3aeb6d1349fe49c0cbceca9a06d7cde,2026-09-12
CONTRACT_CHRONOLOGY,YES,Joined/end/shirt fields are incomplete or invalid,GER1,TSG 1899 Hoffenheim,533,Bambasé Conté,574193,2003-07-07,276419,267782,1376432,1376433,DOB_NAME,https://www.transfermarkt.de/tsg-1899-hoffenheim/kader/verein/533/saison_id/2026/plus/1,e5e493cd00b5c047bf6df4097b4f69f777e988a4f1f63a0879aef32a7379e1cd,2026-09-12
CONTRACT_CHRONOLOGY,YES,Joined/end/shirt fields are incomplete or invalid,GER1,Sport-Club Freiburg,60,Berkay Yılmaz,907087,2005-02-25,274305,279115,1376258,1376270,DOB_NAME,https://www.transfermarkt.de/sc-freiburg/kader/verein/60/saison_id/2026/plus/1,e62e19efa9614998b4f5177da82a997a537a7c947c1c8872e3857207ec428e4f,2026-09-12
CONTRACT_CHRONOLOGY,YES,Joined/end/shirt fields are incomplete or invalid,GER1,SC Paderborn 07,127,Clemens Lippmann,1148887,2006-06-29,269699,76291,1376291,1376421,DOB_NAME,https://www.transfermarkt.de/sc-paderborn-07/kader/verein/127/saison_id/2026/plus/1,2bc1c2dc6af19cdfe4c15f929f45c9c1b3aeb6d1349fe49c0cbceca9a06d7cde,2026-09-12
CONTRACT_CHRONOLOGY,YES,Joined/end/shirt fields are incomplete or invalid,GER1,SV Werder Bremen,86,Dariusz Stalmach,826795,2005-12-08,276326,265580,1376373,1376271,DOB_NAME,https://www.transfermarkt.de/sv-werder-bremen/kader/verein/86/saison_id/2026/plus/1,0a7e36159d0c7ffd555ab7f3ffa226b0cf286e7a1a009e2dca794bd509bbd26e,2026-09-12
CONTRACT_CHRONOLOGY,YES,Joined/end/shirt fields are incomplete or invalid,GER1,SV Werder Bremen,86,Darwin Soylu,1071244,2007-03-23,100029,0,1376274,1376271,DOB_NAME,https://www.transfermarkt.de/sv-werder-bremen/kader/verein/86/saison_id/2026/plus/1,0a7e36159d0c7ffd555ab7f3ffa226b0cf286e7a1a009e2dca794bd509bbd26e,2026-09-12
CONTRACT_CHRONOLOGY,YES,Joined/end/shirt fields are incomplete or invalid,GER1,1. FSV Mainz 05,39,Eric Martel,597000,2002-04-29,277510,256942,1376275,1376259,DOB_NAME,https://www.transfermarkt.de/1-fsv-mainz-05/kader/verein/39/saison_id/2026/plus/1,a0ac0e0c9eb47a3776e4e43c8257aa032114b35240aadb843dc1c757a5313de7,2026-09-12
CONTRACT_CHRONOLOGY,YES,Joined/end/shirt fields are incomplete or invalid,GER1,SC Paderborn 07,127,Jano ter Horst,606113,2002-06-19,276088,276287,1376419,1376421,DOB_NAME,https://www.transfermarkt.de/sc-paderborn-07/kader/verein/127/saison_id/2026/plus/1,2bc1c2dc6af19cdfe4c15f929f45c9c1b3aeb6d1349fe49c0cbceca9a06d7cde,2026-09-12
CONTRACT_CHRONOLOGY,YES,Joined/end/shirt fields are incomplete or invalid,GER1,1. FC Union Berlin,89,Julien Friedrich,1033581,2006-11-12,267997,0,1378815,1376348,DOB_NAME,https://www.transfermarkt.de/1-fc-union-berlin/kader/verein/89/saison_id/2026/plus/1,09ae9c47f64c54ef97da615c30d6aa9ae9d953e1a3e18c00b87ea902f5a73e34,2026-09-12
CONTRACT_CHRONOLOGY,YES,Joined/end/shirt fields are incomplete or invalid,GER1,1. FC Union Berlin,89,Marvin Friedrich,196231,1995-12-13,279837,222493,1376263,1376348,DOB_NAME,https://www.transfermarkt.de/1-fc-union-berlin/kader/verein/89/saison_id/2026/plus/1,09ae9c47f64c54ef97da615c30d6aa9ae9d953e1a3e18c00b87ea902f5a73e34,2026-09-12
CONTRACT_CHRONOLOGY,YES,Joined/end/shirt fields are incomplete or invalid,GER1,SC Paderborn 07,127,Oliver Batista Meier,406614,2001-02-16,276085,244024,1376419,1376421,DOB_NAME,https://www.transfermarkt.de/sc-paderborn-07/kader/verein/127/saison_id/2026/plus/1,2bc1c2dc6af19cdfe4c15f929f45c9c1b3aeb6d1349fe49c0cbceca9a06d7cde,2026-09-12
CONTRACT_CHRONOLOGY,YES,Joined/end/shirt fields are incomplete or invalid,GER1,1. FSV Mainz 05,39,Ransford Königsdörffer,470038,2001-09-13,275631,255036,1376267,1376259,DOB_NAME,https://www.transfermarkt.de/1-fsv-mainz-05/kader/verein/39/saison_id/2026/plus/1,a0ac0e0c9eb47a3776e4e43c8257aa032114b35240aadb843dc1c757a5313de7,2026-09-12
CONTRACT_CHRONOLOGY,YES,Joined/end/shirt fields are incomplete or invalid,GER1,1. FSV Mainz 05,39,Silas,612826,1998-10-06,277651,245940,1376272,1376259,DOB_NAME,https://www.transfermarkt.de/1-fsv-mainz-05/kader/verein/39/saison_id/2026/plus/1,a0ac0e0c9eb47a3776e4e43c8257aa032114b35240aadb843dc1c757a5313de7,2026-09-12
CONTRACT_CHRONOLOGY,YES,Joined/end/shirt fields are incomplete or invalid,GER1,1. FC Union Berlin,89,Zeno Van Den Bosch,738774,2003-07-06,235338,260931,458785,1376348,DOB_NAME,https://www.transfermarkt.de/1-fc-union-berlin/kader/verein/89/saison_id/2026/plus/1,09ae9c47f64c54ef97da615c30d6aa9ae9d953e1a3e18c00b87ea902f5a73e34,2026-09-12
CONTRACT_CHRONOLOGY,YES,Joined/end/shirt fields are incomplete or invalid,GER2,SG Dynamo Dresden,129,Ahmet Muhamedbegovic,271323,1998-10-30,260010,236976,2883604,1376278,DOB_NAME,https://www.transfermarkt.de/sg-dynamo-dresden/kader/verein/129/saison_id/2026/plus/1,e7de409708fb7109444d4f9163d9959ec24a63b876d33dbfb1a3f2afff6bb65f,2026-09-12
CONTRACT_CHRONOLOGY,YES,Joined/end/shirt fields are incomplete or invalid,GER2,1. FC Magdeburg,187,Anselmo García MacNulty,631904,2003-02-19,293734,262889,2228260,1376373,DOB_NAME,https://www.transfermarkt.de/1-fc-magdeburg/kader/verein/187/saison_id/2026/plus/1,d0ff31a4349276164899e3293cd9c2c30e400169104ef2ece40cfdb9b3d70c93,2026-09-12
CONTRACT_CHRONOLOGY,YES,Joined/end/shirt fields are incomplete or invalid,GER2,FC St. Pauli,35,Branimir Hrgota,171209,1993-01-12,275403,209504,1376288,1376425,DOB_NAME,https://www.transfermarkt.de/fc-st-pauli/kader/verein/35/saison_id/2026/plus/1,cb3581752f3910c559c9f42a6cbb09551a6187c6a88b14cfcc35019d0c02bc47,2026-09-12
CONTRACT_CHRONOLOGY,YES,Joined/end/shirt fields are incomplete or invalid,GER2,SG Dynamo Dresden,129,Brooklyn Ezeh,521474,2001-06-23,275760,262117,1376268,1376278,DOB_NAME,https://www.transfermarkt.de/sg-dynamo-dresden/kader/verein/129/saison_id/2026/plus/1,e7de409708fb7109444d4f9163d9959ec24a63b876d33dbfb1a3f2afff6bb65f,2026-09-12
CONTRACT_CHRONOLOGY,YES,Joined/end/shirt fields are incomplete or invalid,GER2,FC Energie Cottbus,25,Christian Kinsombi,342968,1999-08-24,100214,251482,1376265,1376280,DOB_NAME,https://www.transfermarkt.de/fc-energie-cottbus/kader/verein/25/saison_id/2026/plus/1,bfac2c82e9908a44ea8264f2a591d43d8ad627ceaeb5639879d980dcab166809,2026-09-12
CONTRACT_CHRONOLOGY,YES,Joined/end/shirt fields are incomplete or invalid,GER2,VfL Osnabrück,81,Daniel-Kofi Kyereh,272587,1996-03-08,277874,244112,1376270,1376420,DOB_NAME,https://www.transfermarkt.de/vfl-osnabruck/kader/verein/81/saison_id/2026/plus/1,e705d735d9e41aeb7a7781affacb5ed1a2f31cc8fd9e319c826182a9e12937a6,2026-09-12
CONTRACT_CHRONOLOGY,YES,Joined/end/shirt fields are incomplete or invalid,GER2,1. FC Magdeburg,187,Emmanuel Iyoha,314245,1997-10-11,276696,231353,1376429,1376373,DOB_NAME,https://www.transfermarkt.de/1-fc-magdeburg/kader/verein/187/saison_id/2026/plus/1,d0ff31a4349276164899e3293cd9c2c30e400169104ef2ece40cfdb9b3d70c93,2026-09-12
CONTRACT_CHRONOLOGY,YES,Joined/end/shirt fields are incomplete or invalid,GER2,Karlsruher SC,48,Ferdinand Gebert,960834,2006-04-05,100532,0,1376560,1376283,DOB_NAME,https://www.transfermarkt.de/karlsruher-sc/kader/verein/48/saison_id/2026/plus/1,502be878e53560db93a5e23bc70c24b09c8a3f9aa264941d3a29a99a7083b789,2026-09-12
CONTRACT_CHRONOLOGY,YES,Joined/end/shirt fields are incomplete or invalid,GER2,SV Darmstadt 98,105,Florian Kleinhansl,448027,2000-08-11,276591,263089,1376257,1376442,DOB_NAME,https://www.transfermarkt.de/sv-darmstadt-98/kader/verein/105/saison_id/2026/plus/1,807e79c80e44c91b1d4926d0fb6534a3276b98489473cc35d4238a5a660a95f9,2026-09-12
CONTRACT_CHRONOLOGY,YES,Joined/end/shirt fields are incomplete or invalid,GER2,1. FC Nürnberg,4,Fynn Otto,529198,2002-03-08,271442,257081,1376406,1376258,DOB_NAME,https://www.transfermarkt.de/1-fc-nurnberg/kader/verein/4/saison_id/2026/plus/1,1d02eebfb6b905a4b771fed6091258b15847c4bfb1b6d4bd643980220ba21ebd,2026-09-12
CONTRACT_CHRONOLOGY,YES,Joined/end/shirt fields are incomplete or invalid,GER2,1. FC Nürnberg,4,Giannis Masouras,295780,1996-08-24,6319,244344,720903,1376258,DOB_NAME,https://www.transfermarkt.de/1-fc-nurnberg/kader/verein/4/saison_id/2026/plus/1,1d02eebfb6b905a4b771fed6091258b15847c4bfb1b6d4bd643980220ba21ebd,2026-09-12
CONTRACT_CHRONOLOGY,YES,Joined/end/shirt fields are incomplete or invalid,GER2,Karlsruher SC,48,Hyeok-kyu Kwon,550957,2001-03-13,291769,253202,1179650,1376283,DOB_NAME,https://www.transfermarkt.de/karlsruher-sc/kader/verein/48/saison_id/2026/plus/1,502be878e53560db93a5e23bc70c24b09c8a3f9aa264941d3a29a99a7083b789,2026-09-12
CONTRACT_CHRONOLOGY,YES,Joined/end/shirt fields are incomplete or invalid,GER2,Karlsruher SC,48,Héliton,676115,1995-11-13,200015,72887,3145820,1376283,DOB_NAME,https://www.transfermarkt.de/karlsruher-sc/kader/verein/48/saison_id/2026/plus/1,502be878e53560db93a5e23bc70c24b09c8a3f9aa264941d3a29a99a7083b789,2026-09-12
CONTRACT_CHRONOLOGY,YES,Joined/end/shirt fields are incomplete or invalid,GER2,Karlsruher SC,48,Jason Ponente-Ramirez,1141053,2007-02-02,277562,0,1376275,1376283,DOB_NAME,https://www.transfermarkt.de/karlsruher-sc/kader/verein/48/saison_id/2026/plus/1,502be878e53560db93a5e23bc70c24b09c8a3f9aa264941d3a29a99a7083b789,2026-09-12
CONTRACT_CHRONOLOGY,YES,Joined/end/shirt fields are incomplete or invalid,GER2,VfL Osnabrück,81,Joel Abu Hanna,267330,1998-01-22,105009,233514,1441882,1376420,DOB_NAME,https://www.transfermarkt.de/vfl-osnabruck/kader/verein/81/saison_id/2026/plus/1,e705d735d9e41aeb7a7781affacb5ed1a2f31cc8fd9e319c826182a9e12937a6,2026-09-12
CONTRACT_CHRONOLOGY,YES,Joined/end/shirt fields are incomplete or invalid,GER2,VfL Osnabrück,81,Jonathan Wensing,695943,2004-04-05,100339,0,1376347,1376420,DOB_NAME,https://www.transfermarkt.de/vfl-osnabruck/kader/verein/81/saison_id/2026/plus/1,e705d735d9e41aeb7a7781affacb5ed1a2f31cc8fd9e319c826182a9e12937a6,2026-09-12
CONTRACT_CHRONOLOGY,YES,Joined/end/shirt fields are incomplete or invalid,GER2,1. FC Magdeburg,187,Kevin Manthey,1160023,2007-05-29,280829,0,1376271,1376373,DOB_NAME,https://www.transfermarkt.de/1-fc-magdeburg/kader/verein/187/saison_id/2026/plus/1,d0ff31a4349276164899e3293cd9c2c30e400169104ef2ece40cfdb9b3d70c93,2026-09-12
CONTRACT_CHRONOLOGY,YES,Joined/end/shirt fields are incomplete or invalid,GER2,Karlsruher SC,48,Kevin Wiethaup,917255,2005-08-06,272328,268652,1376420,1376283,DOB_NAME,https://www.transfermarkt.de/karlsruher-sc/kader/verein/48/saison_id/2026/plus/1,502be878e53560db93a5e23bc70c24b09c8a3f9aa264941d3a29a99a7083b789,2026-09-12
CONTRACT_CHRONOLOGY,YES,Joined/end/shirt fields are incomplete or invalid,GER2,SV Darmstadt 98,105,Lars Kehl,527278,2002-04-08,272306,263025,1376420,1376442,DOB_NAME,https://www.transfermarkt.de/sv-darmstadt-98/kader/verein/105/saison_id/2026/plus/1,807e79c80e44c91b1d4926d0fb6534a3276b98489473cc35d4238a5a660a95f9,2026-09-12
CONTRACT_CHRONOLOGY,YES,Joined/end/shirt fields are incomplete or invalid,GER2,FC Energie Cottbus,25,Leonardo Bittencourt,93844,1993-12-19,280799,203106,1376271,1376280,DOB_NAME,https://www.transfermarkt.de/fc-energie-cottbus/kader/verein/25/saison_id/2026/plus/1,bfac2c82e9908a44ea8264f2a591d43d8ad627ceaeb5639879d980dcab166809,2026-09-12
CONTRACT_CHRONOLOGY,YES,Joined/end/shirt fields are incomplete or invalid,GER2,VfL Osnabrück,81,Luca Böggemann,817013,2004-03-11,268671,275284,1376414,1376420,DOB_NAME,https://www.transfermarkt.de/vfl-osnabruck/kader/verein/81/saison_id/2026/plus/1,e705d735d9e41aeb7a7781affacb5ed1a2f31cc8fd9e319c826182a9e12937a6,2026-09-12
CONTRACT_CHRONOLOGY,YES,Joined/end/shirt fields are incomplete or invalid,GER2,FC St. Pauli,35,Marcus Mathisen,268216,1996-02-27,276299,228757,1376373,1376425,DOB_NAME,https://www.transfermarkt.de/fc-st-pauli/kader/verein/35/saison_id/2026/plus/1,cb3581752f3910c559c9f42a6cbb09551a6187c6a88b14cfcc35019d0c02bc47,2026-09-12
CONTRACT_CHRONOLOGY,YES,Joined/end/shirt fields are incomplete or invalid,GER2,SV Darmstadt 98,105,Nicolas Verkooijen,1024747,2006-12-05,291556,0,2228236,1376442,DOB_NAME,https://www.transfermarkt.de/sv-darmstadt-98/kader/verein/105/saison_id/2026/plus/1,807e79c80e44c91b1d4926d0fb6534a3276b98489473cc35d4238a5a660a95f9,2026-09-12
CONTRACT_CHRONOLOGY,YES,Joined/end/shirt fields are incomplete or invalid,GER2,Karlsruher SC,48,Noel Eichinger,675921,2001-08-02,271154,270514,1376436,1376283,DOB_NAME,https://www.transfermarkt.de/karlsruher-sc/kader/verein/48/saison_id/2026/plus/1,502be878e53560db93a5e23bc70c24b09c8a3f9aa264941d3a29a99a7083b789,2026-09-12
CONTRACT_CHRONOLOGY,YES,Joined/end/shirt fields are incomplete or invalid,GER2,1. FC Magdeburg,187,Paul Jaeckel,284248,1998-07-22,276084,242958,1376419,1376373,DOB_NAME,https://www.transfermarkt.de/1-fc-magdeburg/kader/verein/187/saison_id/2026/plus/1,d0ff31a4349276164899e3293cd9c2c30e400169104ef2ece40cfdb9b3d70c93,2026-09-12
CONTRACT_CHRONOLOGY,YES,Joined/end/shirt fields are incomplete or invalid,GER2,1. FC Magdeburg,187,Pierre Nadjombe,696011,2003-05-10,272755,73294,1376276,1376373,DOB_NAME,https://www.transfermarkt.de/1-fc-magdeburg/kader/verein/187/saison_id/2026/plus/1,d0ff31a4349276164899e3293cd9c2c30e400169104ef2ece40cfdb9b3d70c93,2026-09-12
CONTRACT_CHRONOLOGY,YES,Joined/end/shirt fields are incomplete or invalid,GER2,SV Darmstadt 98,105,Raoul Petretta,243878,1997-03-24,300802,237642,6225954,1376442,DOB_NAME,https://www.transfermarkt.de/sv-darmstadt-98/kader/verein/105/saison_id/2026/plus/1,807e79c80e44c91b1d4926d0fb6534a3276b98489473cc35d4238a5a660a95f9,2026-09-12
CONTRACT_CHRONOLOGY,YES,Joined/end/shirt fields are incomplete or invalid,GER2,1. FC Magdeburg,187,Richmond Tachie,390460,1999-04-21,276599,252710,1376257,1376373,DOB_NAME,https://www.transfermarkt.de/1-fc-magdeburg/kader/verein/187/saison_id/2026/plus/1,d0ff31a4349276164899e3293cd9c2c30e400169104ef2ece40cfdb9b3d70c93,2026-09-12
CONTRACT_CHRONOLOGY,YES,Joined/end/shirt fields are incomplete or invalid,GER2,Karlsruher SC,48,Sandro Trémoulet,796897,1999-11-18,269921,270210,3346467,1376283,DOB_NAME,https://www.transfermarkt.de/karlsruher-sc/kader/verein/48/saison_id/2026/plus/1,502be878e53560db93a5e23bc70c24b09c8a3f9aa264941d3a29a99a7083b789,2026-09-12
CONTRACT_CHRONOLOGY,YES,Joined/end/shirt fields are incomplete or invalid,GER2,Karlsruher SC,48,Santeri Väänänen,564621,2002-01-01,142430,246757,2359305,1376283,DOB_NAME,https://www.transfermarkt.de/karlsruher-sc/kader/verein/48/saison_id/2026/plus/1,502be878e53560db93a5e23bc70c24b09c8a3f9aa264941d3a29a99a7083b789,2026-09-12
CONTRACT_CHRONOLOGY,YES,Joined/end/shirt fields are incomplete or invalid,GER2,FC St. Pauli,35,Scott Banks,596821,2001-09-26,257159,255312,917566,1376425,DOB_NAME,https://www.transfermarkt.de/fc-st-pauli/kader/verein/35/saison_id/2026/plus/1,cb3581752f3910c559c9f42a6cbb09551a6187c6a88b14cfcc35019d0c02bc47,2026-09-12
CONTRACT_CHRONOLOGY,YES,Joined/end/shirt fields are incomplete or invalid,GER2,SG Dynamo Dresden,129,Simon Straudi,379879,1999-01-27,273077,248823,1376280,1376278,DOB_NAME,https://www.transfermarkt.de/sg-dynamo-dresden/kader/verein/129/saison_id/2026/plus/1,e7de409708fb7109444d4f9163d9959ec24a63b876d33dbfb1a3f2afff6bb65f,2026-09-12
CONTRACT_CHRONOLOGY,YES,Joined/end/shirt fields are incomplete or invalid,GER2,FC St. Pauli,35,Taichi Hara,495752,1999-05-05,55474,244089,10682386,1376425,DOB_NAME,https://www.transfermarkt.de/fc-st-pauli/kader/verein/35/saison_id/2026/plus/1,cb3581752f3910c559c9f42a6cbb09551a6187c6a88b14cfcc35019d0c02bc47,2026-09-12
CONTRACT_CHRONOLOGY,YES,Joined/end/shirt fields are incomplete or invalid,GER2,1. FC Kaiserslautern,2,Thierry Tazemeta,790434,2007-07-27,277446,0,1376262,1376257,VERIFIED_PRIOR_TM_BRIDGE,https://www.transfermarkt.de/1-fc-kaiserslautern/kader/verein/2/saison_id/2026/plus/1,f57ab040dd8126f8fe2d4d84bbf8f3d5dee76ffc0d0c490223335ff120a69dd1,2026-09-12
CONTRACT_CHRONOLOGY,YES,Joined/end/shirt fields are incomplete or invalid,GER2,Karlsruher SC,48,Tim Civeja,588747,2002-01-04,273633,260014,1376287,1376283,DOB_NAME,https://www.transfermarkt.de/karlsruher-sc/kader/verein/48/saison_id/2026/plus/1,502be878e53560db93a5e23bc70c24b09c8a3f9aa264941d3a29a99a7083b789,2026-09-12
CONTRACT_CHRONOLOGY,YES,Joined/end/shirt fields are incomplete or invalid,GER2,SG Dynamo Dresden,129,Tobias Raschl,384745,2000-02-21,276593,247721,1376257,1376278,DOB_NAME,https://www.transfermarkt.de/sg-dynamo-dresden/kader/verein/129/saison_id/2026/plus/1,e7de409708fb7109444d4f9163d9959ec24a63b876d33dbfb1a3f2afff6bb65f,2026-09-12
CONTRACT_CHRONOLOGY,YES,Joined/end/shirt fields are incomplete or invalid,GER2,FC St. Pauli,35,Tomoya Ando,610795,1999-01-10,55395,0,10682387,1376425,DOB_NAME,https://www.transfermarkt.de/fc-st-pauli/kader/verein/35/saison_id/2026/plus/1,cb3581752f3910c559c9f42a6cbb09551a6187c6a88b14cfcc35019d0c02bc47,2026-09-12
CONTRACT_CHRONOLOGY,YES,Joined/end/shirt fields are incomplete or invalid,GER2,1. FC Magdeburg,187,Torben Müsel,368860,1999-07-25,271919,239666,1376282,1376373,DOB_NAME,https://www.transfermarkt.de/1-fc-magdeburg/kader/verein/187/saison_id/2026/plus/1,d0ff31a4349276164899e3293cd9c2c30e400169104ef2ece40cfdb9b3d70c93,2026-09-12
CONTRACT_CHRONOLOGY,YES,Joined/end/shirt fields are incomplete or invalid,GER2,SV Darmstadt 98,105,William Mikelbrencis,743500,2004-02-25,275646,262045,1376267,1376442,DOB_NAME,https://www.transfermarkt.de/sv-darmstadt-98/kader/verein/105/saison_id/2026/plus/1,807e79c80e44c91b1d4926d0fb6534a3276b98489473cc35d4238a5a660a95f9,2026-09-12
CONTRACT_CHRONOLOGY,YES,Joined/end/shirt fields are incomplete or invalid,GER2,1. FC Kaiserslautern,2,Yannick Onohiol,1037925,2004-08-21,280215,0,1376433,1376257,DOB_NAME,https://www.transfermarkt.de/1-fc-kaiserslautern/kader/verein/2/saison_id/2026/plus/1,f57ab040dd8126f8fe2d4d84bbf8f3d5dee76ffc0d0c490223335ff120a69dd1,2026-09-12
CONTRACT_CHRONOLOGY,YES,Joined/end/shirt fields are incomplete or invalid,GER2,SV Darmstadt 98,105,Yannik Lührs,627356,2003-09-09,280197,272896,1376433,1376442,DOB_NAME,https://www.transfermarkt.de/sv-darmstadt-98/kader/verein/105/saison_id/2026/plus/1,807e79c80e44c91b1d4926d0fb6534a3276b98489473cc35d4238a5a660a95f9,2026-09-12
CONTRACT_CHRONOLOGY,YES,Joined/end/shirt fields are incomplete or invalid,GER3,VfB Stuttgart,102,Eliot Bujupi,907483,2006-07-03,235642,75782,458763,1376272,DOB_NAME,https://www.transfermarkt.de/vfb-stuttgart-ii/kader/verein/102/saison_id/2026/plus/1,282836c83b3d06fc536ab783944214e6762cd5b47e8b5db9908690b0565ef593,2026-09-12
CONTRACT_CHRONOLOGY,YES,Joined/end/shirt fields are incomplete or invalid,GER3,TSG 1899 Hoffenheim,983,Florian Micheler,808664,2005-05-17,275991,74464,1376260,1376433,DOB_NAME,https://www.transfermarkt.de/tsg-1899-hoffenheim-ii/kader/verein/983/saison_id/2026/plus/1,ab3835df09261faf7ddd2ed9c07b00f74ba9f141891a5f719f13e9b204f6234d,2026-09-12
CONTRACT_CHRONOLOGY,YES,Joined/end/shirt fields are incomplete or invalid,GER3,SV Waldhof Mannheim 07,85,Gonçalo Gregório,404156,1995-06-14,128808,248834,200709,1376301,DOB_NAME,https://www.transfermarkt.de/sv-waldhof-mannheim/kader/verein/85/saison_id/2026/plus/1,34e998eba6b950fe72d328e27cb46b4a4d1c4b3c218c58557f9db9a44925ae39,2026-09-12
CONTRACT_CHRONOLOGY,YES,Joined/end/shirt fields are incomplete or invalid,GER3,SV Meppen,247,Kasra Ghawilu,449961,1999-02-11,268107,0,1378814,1376347,DOB_NAME,https://www.transfermarkt.de/sv-meppen/kader/verein/247/saison_id/2026/plus/1,bb6dac7a3a8a8d7c79b23424ccb65850442347058ab16c823460c547dc72588a,2026-09-12
CONTRACT_CHRONOLOGY,YES,Joined/end/shirt fields are incomplete or invalid,GER3,FC Ingolstadt 04,4795,Nishan Velupillay,888140,2001-05-07,88011,262039,12779523,1376315,DOB_NAME,https://www.transfermarkt.de/fc-ingolstadt-04/kader/verein/4795/saison_id/2026/plus/1,9602267b250c0007efa439f83a79d1bdd5376932fbafd7a4fc5bf6bcd1c6cbc5,2026-09-12
CONTRACT_CHRONOLOGY,YES,Joined/end/shirt fields are incomplete or invalid,GER3,TSG 1899 Hoffenheim,983,Yasin Zor,924089,2005-10-25,100534,0,1376560,1376433,DOB_NAME,https://www.transfermarkt.de/tsg-1899-hoffenheim-ii/kader/verein/983/saison_id/2026/plus/1,ab3835df09261faf7ddd2ed9c07b00f74ba9f141891a5f719f13e9b204f6234d,2026-09-12
CONTRACT_CHRONOLOGY,YES,Joined/end/shirt fields are incomplete or invalid,ITA1,Venezia FC,607,Mohamed Malang Touré,1372355,2006-12-31,1000018395,0,0,1769500,DOB_NAME,https://www.transfermarkt.de/venezia-fc/kader/verein/607/saison_id/2026/plus/1,d88fc7110893de0f0661e79b4c48d86142d14d93f73bc112159c1995caefb0e9,2026-09-12
CONTRACT_CHRONOLOGY,YES,Joined/end/shirt fields are incomplete or invalid,ITA1,US Lecce,1005,Sebastian Esposito,1118086,2005-04-21,88023,274928,12779523,1769483,DOB_NAME,https://www.transfermarkt.de/us-lecce/kader/verein/1005/saison_id/2026/plus/1,f70b73ab0beef18f4707e1b846172f928bd484c8e6abc3aab35570487739b4bc,2026-09-12
CONTRACT_CHRONOLOGY,YES,Joined/end/shirt fields are incomplete or invalid,ITA1,Atalanta Bergamo,800,Thomas Pompei,962246,2006-07-04,117961,0,1769573,1769477,DOB_NAME,https://www.transfermarkt.de/atalanta-bergamo/kader/verein/800/saison_id/2026/plus/1,9a4c6726ef3fd829ff169f005dc5a7ca3d6336fdc310c40507e034f19f82a022,2026-09-12
TIMELINE_RESOLUTION,YES,"Confirmed timeline row failed exact native, source, or loan chronology guards",ITA1,Cagliari Calcio,1390,Yanis Massolin,915849,2002-09-20,292630,270341,1769497,1769480,REVIEWED_TIMELINE,https://www.transfermarkt.de/cagliari-calcio/kader/verein/1390/saison_id/2026/plus/1,4d01f720bf6b2fb484bfc759a9f95eef9ef2c8d8f167551e1c287b989aa09415,2026-09-12
TIMELINE_RESOLUTION,YES,"Confirmed timeline row failed exact native, source, or loan chronology guards",NED1,SC Telstar,1434,Abdelnour Soualhia,944694,2001-06-27,71183,0,1180103,2228252,REVIEWED_TIMELINE,https://www.transfermarkt.de/sc-telstar/kader/verein/1434/saison_id/2026/plus/1,ae77e5dfbed0657e8ac7db9c5bfa54cdae9a9aa41389f9224cb5b1406e993f05,2026-09-12
CONTRACT_CHRONOLOGY,YES,Joined/end/shirt fields are incomplete or invalid,NED1,FC Utrecht,200,Nordin Amrabat,55619,1987-03-31,15607,183108,8454145,2228241,DOB_NAME,https://www.transfermarkt.de/fc-utrecht/kader/verein/200/saison_id/2026/plus/1,30172180fe0b90bafc4f2d8225a407eb91445c75b04c67bdb0bfe6d096d2e552,2026-09-12
TIMELINE_RESOLUTION,YES,"Confirmed timeline row failed exact native, source, or loan chronology guards",NED1,ADO Den Haag,1268,Othniël Raterink,997478,2006-04-07,136463,0,2228231,2228225,REVIEWED_TIMELINE,https://www.transfermarkt.de/ado-den-haag/kader/verein/1268/saison_id/2026/plus/1,474b264b880fdda2bb882ff0c9f03309d423ae1b25e36c87a1da879d192c71b0,2026-09-12
TIMELINE_RESOLUTION,YES,"Confirmed timeline row failed exact native, source, or loan chronology guards",NED1,PEC Zwolle,1269,Sydney van Hooijdonk,439292,2000-02-06,294089,244601,2228229,2228260,REVIEWED_TIMELINE,https://www.transfermarkt.de/pec-zwolle/kader/verein/1269/saison_id/2026/plus/1,3c97a5a53b9cc8a25985b1e3597862074bc3460631aa78e06a0c54cb3648771b,2026-09-12
TIMELINE_RESOLUTION,YES,"Confirmed timeline row failed exact native, source, or loan chronology guards",POR1,Casa Pia AC,3268,Aymen Zouin,1188771,2006-12-29,278138,0,1769481,2494469,REVIEWED_TIMELINE,https://www.transfermarkt.de/casa-pia-ac/kader/verein/3268/saison_id/2026/plus/1,a3e2a5277eff3871e27db7ef969d3905123f5c71aebb08128024f85e9a547b72,2026-09-12
CONTRACT_CHRONOLOGY,YES,Joined/end/shirt fields are incomplete or invalid,POR1,CD Nacional,982,Fernando Nava,960584,2004-06-08,221113,0,3473412,2490378,DOB_NAME,https://www.transfermarkt.de/cd-nacional/kader/verein/982/saison_id/2026/plus/1,85c1a326ea7d9109ff431c2a95c9c0488100e0183b1e7c799d926c40ecb8dba6,2026-09-12
TIMELINE_RESOLUTION,YES,"Confirmed timeline row failed exact native, source, or loan chronology guards",POR1,CF Estrela Amadora,2431,Jeremy Arévalo,971663,2005-03-19,284614,277742,2949137,2490394,REVIEWED_TIMELINE,https://www.transfermarkt.de/cf-estrela-amadora/kader/verein/2431/saison_id/2026/plus/1,518e3a2e95f5774700d01db49dd50f80d4ccbc790493950412b68c785a7de654,2026-09-12
CONTRACT_CHRONOLOGY,YES,Joined/end/shirt fields are incomplete or invalid,POR1,CD Nacional,982,Min-kyu Song,581977,1999-09-12,61806,248188,10944515,2490378,DOB_NAME,https://www.transfermarkt.de/cd-nacional/kader/verein/982/saison_id/2026/plus/1,85c1a326ea7d9109ff431c2a95c9c0488100e0183b1e7c799d926c40ecb8dba6,2026-09-12
CONTRACT_CHRONOLOGY,YES,Joined/end/shirt fields are incomplete or invalid,POR1,CF Estrela Amadora,2431,Si-woo Yang,1035894,2006-09-18,276724,0,1376429,2490394,DOB_NAME,https://www.transfermarkt.de/cf-estrela-amadora/kader/verein/2431/saison_id/2026/plus/1,518e3a2e95f5774700d01db49dd50f80d4ccbc790493950412b68c785a7de654,2026-09-12
TIMELINE_RESOLUTION,YES,"Confirmed timeline row failed exact native, source, or loan chronology guards",POR1,FC Porto,720,Souza,1086258,2006-06-16,222649,0,3538955,2490380,REVIEWED_TIMELINE,https://www.transfermarkt.de/fc-porto/kader/verein/720/saison_id/2026/plus/1,f504c5834791d9c61a831eb02c7ad78c5d5b46e6bbc57108520832c20f2114e6,2026-09-12
CONTRACT_CHRONOLOGY,YES,Joined/end/shirt fields are incomplete or invalid,POR1,FC Alverca,2521,Tiago Octávio,742459,2004-07-08,154993,0,2490401,2490393,DOB_NAME,https://www.transfermarkt.de/fc-alverca/kader/verein/2521/saison_id/2026/plus/1,7f5d01cde12ec5554a0cdae5ccc699031abd54d7e473e99ebf2c44e9a519b8ae,2026-09-12
CONTRACT_CHRONOLOGY,YES,Joined/end/shirt fields are incomplete or invalid,POR1,CD Nacional,982,Wesley Gasolina,371967,2000-03-13,223962,260939,3552671,2490378,DOB_NAME,https://www.transfermarkt.de/cd-nacional/kader/verein/982/saison_id/2026/plus/1,85c1a326ea7d9109ff431c2a95c9c0488100e0183b1e7c799d926c40ecb8dba6,2026-09-12
CONTRACT_CHRONOLOGY,YES,Joined/end/shirt fields are incomplete or invalid,TUR1,Eyüpspor,7160,Abdelhamid Sabiri,340394,1996-11-28,282490,237499,1769492,3145777,DOB_NAME,https://www.transfermarkt.de/eyupspor/kader/verein/7160/saison_id/2026/plus/1,f4f3375da68b82c3bad1b9efcd11d29ed67584c0d829b173c80cc388820bec9c,2026-09-12
CONTRACT_CHRONOLOGY,YES,Joined/end/shirt fields are incomplete or invalid,TUR1,Erzurumspor FK,39722,Ertuğrul Taşkıran,91945,1989-11-05,200205,194372,3145783,3145765,DOB_NAME,https://www.transfermarkt.de/erzurumspor-fk/kader/verein/39722/saison_id/2026/plus/1,aaa2316b00aefef231faf95d7f3e3871f7c712aaa423cb88c256177acd6d2902,2026-09-12
CONTRACT_CHRONOLOGY,YES,Joined/end/shirt fields are incomplete or invalid,TUR1,Erzurumspor FK,39722,Gyrano Kerk,268112,1995-12-02,235334,225653,458785,3145765,DOB_NAME,https://www.transfermarkt.de/erzurumspor-fk/kader/verein/39722/saison_id/2026/plus/1,aaa2316b00aefef231faf95d7f3e3871f7c712aaa423cb88c256177acd6d2902,2026-09-12
CONTRACT_CHRONOLOGY,YES,Joined/end/shirt fields are incomplete or invalid,TUR1,Eyüpspor,7160,Jawad El Yamiq,235412,1992-02-29,77428,241775,11997190,3145777,DOB_NAME,https://www.transfermarkt.de/eyupspor/kader/verein/7160/saison_id/2026/plus/1,f4f3375da68b82c3bad1b9efcd11d29ed67584c0d829b173c80cc388820bec9c,2026-09-12
CONTRACT_CHRONOLOGY,YES,Joined/end/shirt fields are incomplete or invalid,TUR1,Eyüpspor,7160,Konrad Michalak,387160,1997-09-19,105039,240119,1441832,3145777,DOB_NAME,https://www.transfermarkt.de/eyupspor/kader/verein/7160/saison_id/2026/plus/1,f4f3375da68b82c3bad1b9efcd11d29ed67584c0d829b173c80cc388820bec9c,2026-09-12
CONTRACT_CHRONOLOGY,YES,Joined/end/shirt fields are incomplete or invalid,TUR1,Eyüpspor,7160,Mete Demir,282615,1998-05-13,201012,239333,3145838,3145777,VERIFIED_PRIOR_TM_BRIDGE,https://www.transfermarkt.de/eyupspor/kader/verein/7160/saison_id/2026/plus/1,f4f3375da68b82c3bad1b9efcd11d29ed67584c0d829b173c80cc388820bec9c,2026-09-12
CONTRACT_CHRONOLOGY,YES,Joined/end/shirt fields are incomplete or invalid,TUR1,Gaziantep FK,2832,Mirza Cihan,583970,2000-10-26,201024,260559,3145838,3145773,DOB_NAME,https://www.transfermarkt.de/gaziantep-fk/kader/verein/2832/saison_id/2026/plus/1,81446f340c520f2c5aff4253c251edc727d259530fe5221a6b24ee6cfb9e01e1,2026-09-12
CONTRACT_CHRONOLOGY,YES,Joined/end/shirt fields are incomplete or invalid,TUR1,Eyüpspor,7160,Zak Jules,309041,1997-02-07,267781,230839,917551,3145777,DOB_NAME,https://www.transfermarkt.de/eyupspor/kader/verein/7160/saison_id/2026/plus/1,f4f3375da68b82c3bad1b9efcd11d29ed67584c0d829b173c80cc388820bec9c,2026-09-12
CONTRACT_CHRONOLOGY,YES,Joined/end/shirt fields are incomplete or invalid,TUR1,Kasimpasa,10484,Ömer Bayram,117586,1991-07-27,201186,193201,3145757,3145843,DOB_NAME,https://www.transfermarkt.de/kasimpasa/kader/verein/10484/saison_id/2026/plus/1,c67384cb86e5ab0489a71469deab8847f74c6c6c97729fe8853bfdf343f41060,2026-09-12
