fm_id,fifa_id,dob,old_club_id,new_club_id,joined,contract_until,shirt_number,team_type,status,source,source_sha256,snapshot_date,loan_owner_club_id,loan_end,action,previous_loan_owner_club_id,previous_loan_start,previous_loan_end,previous_loan_buy_option,acquisition_seller_club_id,acquisition_event_key,acquisition_date,acquisition_source,acquisition_source_sha256,protected_condition_type,protected_condition_param0,protected_condition_param1,protected_condition_param2,protected_condition_param3,protected_condition_param4
6319,244344,1996-08-24,720903,1376258,2024-07-01,2026-06-30,21,FIRST,CONFIRMED,https://www.transfermarkt.de/1-fc-nurnberg/kader/verein/4/saison_id/2026/plus/1,1d02eebfb6b905a4b771fed6091258b15847c4bfb1b6d4bd643980220ba21ebd,2026-09-12,0,,MOVE_PRESERVE_METADATA,0,,,0,0,,,,,,,,,,
6440,0,2001-08-20,720907,458788,2026-07-01,2027-06-30,97,FIRST,CONFIRMED,https://www.transfermarkt.de/sk-beveren/kader/verein/28643/saison_id/2026/plus/1,7bd09a7ce8449fd8a09e77af941f3d0069233ed39a454f5073c6ab7bfe083ae7,2026-09-12,720907,2027-06-30,SQUAD,0,,,0,0,,,,,,,,,,
6591,0,2005-05-24,725001,1769483,2024-07-01,2028-06-30,5,FIRST,CONFIRMED,https://www.transfermarkt.de/vernon-addo/profil/spieler/1017950,f834e7ef658a7b9f96153f785b6513a1a1c26127760ea1341adb7f8b5b4053f9,2026-09-12,0,,RESOLVE_EXPIRED_LOAN,1769483,2025-07-01,2026-06-30,-1,0,,,,,,,,,,
7666,0,2008-01-01,2949124,2949124,2026-07-01,2030-06-30,29,FIRST,CONFIRMED,https://www.transfermarkt.de/fc-barcelona/kader/verein/131/saison_id/2026/plus/1,48995ede060e2f10268fd330cd92886372ac077da45713b1cc6976bb8188de77,2026-09-12,0,,SQUAD,0,,,0,0,,,,,,,,,,
11201,247345,1999-04-18,786438,790564,2021-07-01,2027-06-30,2,FIRST,CONFIRMED,https://www.transfermarkt.de/sk-artis-brunn/kader/verein/24325/saison_id/2026/plus/1,587a867b1b6398028de49094330bc2934f1e7245d3ee79f2003e9ffe6410ac9f,2026-09-12,0,,MOVE_PRESERVE_METADATA,0,,,0,0,,,,,,,,,,
11222,0,2005-08-08,786438,786447,2026-09-08,2029-06-30,7,FIRST,CONFIRMED,https://www.transfermarkt.de/afolabi-soliu/profil/spieler/1200278,fe270cfeb1c89dff9e643a9efe470ee566682fe8025d4e83f2adc9094a61ce94,2026-09-12,786438,2027-06-30,SQUAD,0,,,0,0,6575989,,,,,,,,,
11258,0,2004-01-23,790540,786447,2021-07-01,2026-06-30,26,FIRST,CONFIRMED,https://www.transfermarkt.de/fc-zbrojovka-brunn/kader/verein/5225/saison_id/2026/plus/1,1aeecf841a85ad9d35469b9ba37af49f38aee1b2e160fdd7ebc2df04f3863d83,2026-09-12,0,,MOVE_PRESERVE_METADATA,0,,,0,0,,,,,,,,,,
11262,0,2004-08-20,790540,786446,2022-07-01,2026-06-30,4,FIRST,CONFIRMED,https://www.transfermarkt.de/fc-banik-ostrau/kader/verein/377/saison_id/2026/plus/1,3717000ca143110b9cff7bc66843b5e54104cdaa75d0e196220c4e77c8b4d611,2026-09-12,0,,MOVE_PRESERVE_METADATA,0,,,0,0,,,,,,,,,,
11263,0,2001-05-04,790540,786461,2026-09-08,2028-06-30,29,FIRST,CONFIRMED,https://www.transfermarkt.de/jan-fiala/profil/spieler/723528,d36be9b18dc42167edc6eac16e965b0a5024f35e8c2d2d6c330be139deecbdc6,2026-09-12,786439,2027-06-30,REPLACE_EXPIRED_LOAN,786439,2025-07-01,2026-06-30,-1,0,,,,,,,,,,
11317,263286,1992-04-21,786434,790538,2021-07-01,2027-06-30,27,FIRST,CONFIRMED,https://www.transfermarkt.de/fk-pardubice/kader/verein/1496/saison_id/2026/plus/1,ff994ed3554101d4e2a5377d206e013ac142ca4f73f68a0c406e2cc0d305e0ef,2026-09-12,0,,RESOLVE_EXPIRED_LOAN,786441,2025-07-01,2026-06-30,-1,0,,,,,,,,,,
11318,237317,1997-04-18,786434,786442,2025-07-01,2026-06-30,7,FIRST,CONFIRMED,https://www.transfermarkt.de/ac-sparta-prag/kader/verein/197/saison_id/2026/plus/1,6b74c895ae1857517e5325904312eb2643155a1ddb4be2ba7e884a9840dcea35,2026-09-12,0,,MOVE_PRESERVE_METADATA,0,,,0,0,,,,,,,,,,
11320,73579,2003-03-04,786434,786450,2026-07-03,2030-06-30,98,FIRST,CONFIRMED,https://www.transfermarkt.de/filip-prebsl/profil/spieler/728635,ae35241551f15a1fe18280d24ae8541bc456594d6c3751176403996bcd0202a7,2026-09-12,0,,RESOLVE_EXPIRED_LOAN,786441,2025-07-01,2026-06-30,-1,0,6400903,,,,,,,,,
11321,0,1994-04-26,786434,790564,2018-07-01,2026-06-30,11,FIRST,CONFIRMED,https://www.transfermarkt.de/sk-artis-brunn/kader/verein/24325/saison_id/2026/plus/1,587a867b1b6398028de49094330bc2934f1e7245d3ee79f2003e9ffe6410ac9f,2026-09-12,0,,MOVE_PRESERVE_METADATA,0,,,0,0,,,,,,,,,,
11324,0,2004-02-26,786434,786442,2022-07-01,2026-06-30,9,FIRST,CONFIRMED,https://www.transfermarkt.de/ac-sparta-prag/kader/verein/197/saison_id/2026/plus/1,6b74c895ae1857517e5325904312eb2643155a1ddb4be2ba7e884a9840dcea35,2026-09-12,0,,MOVE_PRESERVE_METADATA,0,,,0,0,,,,,,,,,,
11407,0,2002-09-23,786461,790564,2018-07-01,2029-06-30,31,FIRST,CONFIRMED,https://www.transfermarkt.de/sk-artis-brunn/kader/verein/24325/saison_id/2026/plus/1,587a867b1b6398028de49094330bc2934f1e7245d3ee79f2003e9ffe6410ac9f,2026-09-12,0,,MOVE_PRESERVE_METADATA,0,,,0,0,,,,,,,,,,
11473,0,2003-03-21,790532,790538,2025-07-01,2026-06-30,22,FIRST,CONFIRMED,https://www.transfermarkt.de/fk-pardubice/kader/verein/1496/saison_id/2026/plus/1,ff994ed3554101d4e2a5377d206e013ac142ca4f73f68a0c406e2cc0d305e0ef,2026-09-12,0,,MOVE_PRESERVE_METADATA,0,,,0,0,,,,,,,,,,
11479,0,2005-01-21,790532,786447,2025-07-01,2026-06-30,4,FIRST,CONFIRMED,https://www.transfermarkt.de/fc-zbrojovka-brunn/kader/verein/5225/saison_id/2026/plus/1,1aeecf841a85ad9d35469b9ba37af49f38aee1b2e160fdd7ebc2df04f3863d83,2026-09-12,0,,MOVE_PRESERVE_METADATA,0,,,0,0,,,,,,,,,,
11498,0,2005-01-04,790532,786461,2019-07-01,2026-06-30,3,RESERVE,CONFIRMED,https://www.transfermarkt.de/1-fc-slovacko/kader/verein/5544/saison_id/2026/plus/1,42dab36a10cfd13d442ece1bb7499f652fac54d38b8eba2248452673a53bcacf,2026-09-12,0,,MOVE_PRESERVE_METADATA,0,,,0,0,,,,,,,,,,
11503,0,2004-07-13,790532,786441,2025-07-01,2026-06-30,2,RESERVE,CONFIRMED,https://www.transfermarkt.de/sk-slavia-prag/kader/verein/62/saison_id/2026/plus/1,ab5b3ad613592069fe87ed798140f18d5a2969fea81a54ddd36b6738aad74f72,2026-09-12,0,,MOVE_PRESERVE_METADATA,0,,,0,0,,,,,,,,,,
11562,0,1998-02-15,790538,790564,2024-07-01,2026-06-30,4,FIRST,CONFIRMED,https://www.transfermarkt.de/sk-artis-brunn/kader/verein/24325/saison_id/2026/plus/1,587a867b1b6398028de49094330bc2934f1e7245d3ee79f2003e9ffe6410ac9f,2026-09-12,0,,MOVE_PRESERVE_METADATA,0,,,0,0,,,,,,,,,,
11574,0,2005-06-23,790538,786446,2024-07-01,2029-06-30,16,FIRST,CONFIRMED,https://www.transfermarkt.de/fc-banik-ostrau/kader/verein/377/saison_id/2026/plus/1,3717000ca143110b9cff7bc66843b5e54104cdaa75d0e196220c4e77c8b4d611,2026-09-12,0,,RESOLVE_EXPIRED_LOAN,786441,2025-07-01,2026-06-30,-1,0,,,,,,,,,,
11577,0,2004-08-21,790538,786438,2023-07-01,2029-06-30,15,FIRST,CONFIRMED,https://www.transfermarkt.de/milan-lexa/profil/spieler/1100641,97dd083257341becac1228f8268329fac711ffe5ff0f177588889eab08df687e,2026-09-12,0,,RESOLVE_EXPIRED_LOAN,786438,2025-07-01,2026-06-30,-1,0,,,,,,,,,,
11730,0,2005-10-11,790549,786434,2020-07-01,2027-06-30,70,FIRST,CONFIRMED,https://www.transfermarkt.de/fk-mlada-boleslav/kader/verein/5546/saison_id/2026/plus/1,5a8600e42926651e56482ac4dac8c6e5e0e3e1754eacf142566e811f0e9bca53,2026-09-12,0,,RESOLVE_EXPIRED_LOAN,786434,2025-07-01,2026-06-30,-1,0,,,,,,,,,,
11850,0,2005-11-29,786447,786447,2024-07-01,2029-06-30,78,RESERVE,CONFIRMED,https://www.transfermarkt.de/fc-zbrojovka-brunn/kader/verein/5225/saison_id/2026/plus/1,1aeecf841a85ad9d35469b9ba37af49f38aee1b2e160fdd7ebc2df04f3863d83,2026-09-12,0,,SQUAD,0,,,0,0,,,,,,,,,,
11915,0,2004-12-18,790564,786441,2026-01-16,2030-06-30,12,FIRST,CONFIRMED,https://www.transfermarkt.de/hamidou-kante/profil/spieler/1379813,81fc5ae181f40c2d184d8637fd288a99c3b3e8a25ff8a640207db0faa2b271ce,2026-09-12,0,,RESOLVE_EXPIRED_LOAN,1847354,2025-07-01,2026-06-30,-1,0,6149907,,,,,,,,,
11949,0,1999-08-20,786454,790564,2023-07-01,2026-06-30,14,FIRST,CONFIRMED,https://www.transfermarkt.de/sk-artis-brunn/kader/verein/24325/saison_id/2026/plus/1,587a867b1b6398028de49094330bc2934f1e7245d3ee79f2003e9ffe6410ac9f,2026-09-12,0,,MOVE_PRESERVE_METADATA,0,,,0,0,,,,,,,,,,
12221,0,2002-08-26,790563,786447,2025-07-01,2026-06-30,77,FIRST,CONFIRMED,https://www.transfermarkt.de/fc-zbrojovka-brunn/kader/verein/5225/saison_id/2026/plus/1,1aeecf841a85ad9d35469b9ba37af49f38aee1b2e160fdd7ebc2df04f3863d83,2026-09-12,0,,MOVE_PRESERVE_METADATA,0,,,0,0,,,,,,,,,,
12227,0,2006-02-17,790563,786447,2024-07-01,2027-06-30,7,FIRST,CONFIRMED,https://www.transfermarkt.de/fc-zbrojovka-brunn/kader/verein/5225/saison_id/2026/plus/1,1aeecf841a85ad9d35469b9ba37af49f38aee1b2e160fdd7ebc2df04f3863d83,2026-09-12,0,,RESOLVE_EXPIRED_LOAN,786447,2025-07-01,2026-06-30,-1,0,,,,,,,,,,
12466,0,2004-09-22,790599,786453,2025-07-01,2026-06-30,6,FIRST,CONFIRMED,https://www.transfermarkt.de/bohemians-prag-1905/kader/verein/715/saison_id/2026/plus/1,ebdb6624691ca6718b5ca6df413da8f706167c604575caed018b5bb2940716cb,2026-09-12,0,,MOVE_PRESERVE_METADATA,0,,,0,0,,,,,,,,,,
15607,183108,1987-03-31,8454145,2228241,2025-07-01,2026-06-30,11,FIRST,CONFIRMED,https://www.transfermarkt.de/fc-utrecht/kader/verein/200/saison_id/2026/plus/1,30172180fe0b90bafc4f2d8225a407eb91445c75b04c67bdb0bfe6d096d2e552,2026-09-12,0,,MOVE_PRESERVE_METADATA,0,,,0,0,,,,,,,,,,
15944,0,2006-01-25,8466434,2490393,2024-07-01,2029-06-30,35,RESERVE,CONFIRMED,https://www.transfermarkt.de/fc-alverca/kader/verein/2521/saison_id/2026/plus/1,7f5d01cde12ec5554a0cdae5ccc699031abd54d7e473e99ebf2c44e9a519b8ae,2026-09-12,0,,MOVE_PRESERVE_METADATA,0,,,0,0,,,,,,,,,,
16802,251323,2001-09-25,856113,1376539,2026-07-01,2028-06-30,30,FIRST,CONFIRMED,https://www.transfermarkt.de/tsv-havelse/kader/verein/476/saison_id/2026/plus/1,b4490298444b6e31458c6e927b4ab3fff5378977e083c471be7a43b9938c0f59,2026-09-12,856113,2027-06-30,SQUAD,0,,,0,0,,,,,,,,,,
22792,0,2007-10-16,8917251,1179667,2021-07-01,2026-06-30,14,FIRST,CONFIRMED,https://www.transfermarkt.de/racing-strassburg/kader/verein/667/saison_id/2026/plus/1,fccce58645fe78054a145422d6552e5063a2af42aa0162b26c1d373f842bfa0c,2026-09-12,0,,MOVE_PRESERVE_METADATA,0,,,0,0,,,,,,,,,,
23312,238616,2000-03-09,917513,917513,2024-08-11,2032-06-30,7,FIRST,CONFIRMED,https://www.transfermarkt.de/fc-chelsea/kader/verein/631/saison_id/2026/plus/1,654f4cd4c0ce8c73da8a919c8a23c05e00fc473650df3999c3441d42c128ae64,2026-09-12,0,,SQUAD,0,,,0,0,,,,,,,,,,
23316,246340,2001-01-05,917513,917514,2026-09-01,2031-06-30,27,FIRST,CONFIRMED,https://www.transfermarkt.de/mykhaylo-mudryk/profil/spieler/537860,0b2b72c6b009136d2ed50d6cbf01e436297919590047c6bb538c772b68ebbf07,2026-09-12,917513,2027-06-30,PRESERVE_PROTECTED_SQUAD,0,,,0,0,,,,,7,0,2461223,0,0,0
23491,236499,1998-05-09,917549,1769482,2024-07-01,2029-06-30,12,FIRST,CONFIRMED,https://www.transfermarkt.de/douglas-luiz/profil/spieler/447661,c6783f6abd56294316fb31e9fa4db966c3a9ede20d203e25b1fa6ba92d665ed9,2026-09-12,0,,RESOLVE_EXPIRED_LOAN,1769482,2025-07-01,2026-06-30,-1,0,6148452,,,,,,,,,
23579,272612,2004-05-31,917529,1376555,2024-07-01,2028-06-30,8,FIRST,CONFIRMED,https://www.transfermarkt.de/rb-leipzig/kader/verein/23826/saison_id/2026/plus/1,97283d90f2a9e564bd064da4fa47fa71d7ad3661db6e1e1a6f768776682c54ff,2026-09-12,0,,MOVE_PRESERVE_METADATA,0,,,0,0,,,,,,,,,,
23756,246763,2002-01-18,917547,786442,2020-07-01,2026-06-30,26,FIRST,CONFIRMED,https://www.transfermarkt.de/ac-sparta-prag/kader/verein/197/saison_id/2026/plus/1,6b74c895ae1857517e5325904312eb2643155a1ddb4be2ba7e884a9840dcea35,2026-09-12,0,,MOVE_PRESERVE_METADATA,0,,,0,0,,,,,,,,,,
23757,258911,2000-11-23,917547,2228227,2026-07-01,2029-06-30,14,FIRST,CONFIRMED,https://www.transfermarkt.de/ajax-amsterdam/kader/verein/610/saison_id/2026/plus/1,f5e17e90fd0fa7a2962da880b80d3f5be8fc736c45ff9203a638be8e951725f8,2026-09-12,917547,2027-06-30,SQUAD,0,,,0,0,,,,,,,,,,
24129,250816,2001-01-09,917555,917538,2022-07-01,2026-06-30,11,FIRST,CONFIRMED,https://www.transfermarkt.de/ipswich-town/kader/verein/677/saison_id/2026/plus/1,27c77a20084b00ebf1368072929c14c023348a25975bceca8389e69766b037af,2026-09-12,0,,MOVE_PRESERVE_METADATA,0,,,0,0,,,,,,,,,,
24144,277746,2004-11-21,917555,1376406,2022-07-01,2026-06-30,3,RESERVE,CONFIRMED,https://www.transfermarkt.de/sc-verl/kader/verein/93/saison_id/2026/plus/1,bd69b9b6c3fd17e062c0bf50a17563b42a98d2c42534eeab1330ee7efa38071a,2026-09-12,0,,MOVE_PRESERVE_METADATA,0,,,0,0,,,,,,,,,,
24272,70841,2005-11-18,917565,917529,2024-07-12,2029-06-30,35,FIRST,CONFIRMED,https://www.transfermarkt.de/malick-yalcouye/profil/spieler/1178758,cb2ba0eeb85806ed01672f7e8ff87ecd43abfaa06136be5260d485360fd7cf50,2026-09-12,0,,RESOLVE_EXPIRED_LOAN,917529,2025-07-01,2026-06-30,-1,0,,,,,,,,,,
24352,273599,2007-03-16,917527,917519,2025-01-01,2027-06-30,41,FIRST,CONFIRMED,https://www.transfermarkt.de/harry-amass/profil/spieler/1011738,318171f417d1646e0fe819e07b336d8e6c2e168e952029a3c4d08f90b3dcc599,2026-09-12,0,,RESOLVE_EXPIRED_LOAN,917519,2025-07-01,2026-06-30,-1,0,6141118,,,,,,,,,
24410,74413,2007-01-19,917540,917517,2024-07-01,2028-06-30,45,FIRST,CONFIRMED,https://www.transfermarkt.de/harrison-armstrong/profil/spieler/1107733,591127404811793b94acf4c4da06f4e15247b2010ad8fe7f48e41e4f09a196c9,2026-09-12,0,,RESOLVE_EXPIRED_LOAN,917517,2025-07-01,2026-06-30,-1,0,,,,,,,,,,
24555,267476,2003-11-14,917578,458755,2026-08-17,2030-06-30,45,FIRST,CONFIRMED,https://www.transfermarkt.de/tayo-adaramola/profil/spieler/724529,0a727d645abe92d79ebbd4a27a2332e3db205675d20e9dffe904ba804c3de66c,2026-09-12,0,,RESOLVE_EXPIRED_LOAN,917535,2025-07-01,2026-06-30,-1,0,6510906,,,,,,,,,
36543,0,2006-10-10,9175042,458761,2025-07-01,2026-06-30,21,FIRST,CONFIRMED,https://www.transfermarkt.de/royal-charleroi-sc/kader/verein/172/saison_id/2026/plus/1,be345af7e14ab40246420c64e873b34283e56e8aafa6f5b344acf44cf11dfec1,2026-09-12,0,,MOVE_PRESERVE_METADATA,0,,,0,0,,,,,,,,,,
41584,0,2005-08-06,9637891,786453,2023-07-01,2025-06-30,19,FIRST,CONFIRMED,https://www.transfermarkt.de/bohemians-prag-1905/kader/verein/715/saison_id/2026/plus/1,ebdb6624691ca6718b5ca6df413da8f706167c604575caed018b5bb2940716cb,2026-09-12,0,,MOVE_PRESERVE_METADATA,0,,,0,0,,,,,,,,,,
43127,0,2007-01-10,987138,786443,2026-09-08,2027-06-30,30,FIRST,CONFIRMED,https://www.transfermarkt.de/fk-teplice/kader/verein/814/saison_id/2026/plus/1,d56a4f10e63ee591f34d8043653f8dec1ff43e812697defcdc04274a50cee948,2026-09-12,0,,SQUAD,0,,,0,0,,,,,,,,,,
55395,0,1999-01-10,10682387,1376425,2024-07-01,2026-06-30,20,FIRST,CONFIRMED,https://www.transfermarkt.de/fc-st-pauli/kader/verein/35/saison_id/2026/plus/1,cb3581752f3910c559c9f42a6cbb09551a6187c6a88b14cfcc35019d0c02bc47,2026-09-12,0,,MOVE_PRESERVE_METADATA,0,,,0,0,,,,,,,,,,
55474,244089,1999-05-05,10682386,1376425,2023-07-01,2026-06-30,14,FIRST,CONFIRMED,https://www.transfermarkt.de/fc-st-pauli/kader/verein/35/saison_id/2026/plus/1,cb3581752f3910c559c9f42a6cbb09551a6187c6a88b14cfcc35019d0c02bc47,2026-09-12,0,,MOVE_PRESERVE_METADATA,0,,,0,0,,,,,,,,,,
56106,0,2005-05-10,10694991,458759,2026-07-17,2027-06-30,18,FIRST,CONFIRMED,https://www.transfermarkt.de/nelson-ishiwatari/profil/spieler/915026,6c314fc2746112331ef7cf16f8e21e21292d259d2f99becd900ff634de3cae9e,2026-09-12,0,,RESOLVE_EXPIRED_LOAN,10682373,2025-07-01,2026-06-30,-1,0,6433968,,,,,,,,,
61806,248188,1999-09-12,10944515,2490378,2021-07-01,2026-06-30,10,FIRST,CONFIRMED,https://www.transfermarkt.de/cd-nacional/kader/verein/982/saison_id/2026/plus/1,85c1a326ea7d9109ff431c2a95c9c0488100e0183b1e7c799d926c40ecb8dba6,2026-09-12,0,,MOVE_PRESERVE_METADATA,0,,,0,0,,,,,,,,,,
70260,0,2009-04-27,1179681,1179681,2026-07-01,2030-06-30,20,RESERVE,CONFIRMED,https://www.transfermarkt.de/le-havre-ac/kader/verein/738/saison_id/2026/plus/1,c689367405332b2d53df382c7e86172b8f1c4f1721cf694d45fd4f70cea2659b,2026-09-12,0,,SQUAD,0,,,0,0,,,,,,,,,,
70291,0,2005-05-06,1179660,1179664,2025-07-09,2030-06-30,31,FIRST,CONFIRMED,https://www.transfermarkt.de/souleymane-sagnan/profil/spieler/1160378,22f80f1622b8b4b68d31004c9e6e9f8f0c52704056f406ba0668cc6aa7c4f118,2026-09-12,0,,RESOLVE_EXPIRED_LOAN,1179664,2025-07-01,2026-06-30,-1,0,5907343,,,,,,,,,
70441,257235,2001-04-09,1179952,1179666,2020-07-01,2027-06-30,77,FIRST,CONFIRMED,https://www.transfermarkt.de/teddy-boulhendi/profil/spieler/789419,7a2baaf368abc87ba7c4ee4099d54552a7c6ed15e23df70f2fe1e804b3295228,2026-09-12,0,,RESOLVE_EXPIRED_LOAN,1179666,2025-07-01,2026-06-30,-1,0,5848209,,,,,,,,,
70804,279632,2006-06-07,1179865,1179681,2024-07-03,2028-06-30,44,FIRST,CONFIRMED,https://www.transfermarkt.de/ismail-bouneb/profil/spieler/986286,940d1596eb825d2875041398e8f4056c11d3cb8ad9baf1eed6a02c18c6b251ee,2026-09-12,0,,RESOLVE_EXPIRED_LOAN,1179681,2025-07-01,2026-06-30,-1,0,,,,,,,,,,
70807,0,2006-01-06,1179865,1179654,2026-07-01,2028-06-30,32,FIRST,CONFIRMED,https://www.transfermarkt.de/rayan-mandengue/profil/spieler/1119338,260b1632fdcf1a6202ecfd78883a79adbe17bb3245454734dcbe9c834d0f378c,2026-09-12,0,,RESOLVE_EXPIRED_LOAN,1179654,2025-07-01,2026-06-30,-1,0,6477220,,,,,,,,,
71780,0,2005-03-09,1179848,1179682,2025-07-01,2029-06-30,14,FIRST,CONFIRMED,https://www.transfermarkt.de/fc-le-mans/kader/verein/1164/saison_id/2026/plus/1,3a1590b4702d0adc2e4906566f51e78d043b0e625e92b825b4e3d1a572fd483c,2026-09-12,0,,MOVE_PRESERVE_METADATA,0,,,0,0,,,,,,,,,,
76026,271302,1999-08-16,11927558,2949121,2024-07-01,2029-06-30,25,FIRST,CONFIRMED,https://www.transfermarkt.de/alvaro-djalo/profil/spieler/671649,67917e6a134258e54178c9f3500f8b3cb85515c713403157df5ec7931f24c7c3,2026-09-12,0,,RESOLVE_EXPIRED_LOAN,2949121,2025-07-01,2026-06-30,-1,0,5817203,,,,,,,,,
76268,210315,1994-10-17,11927560,2949171,2022-09-13,2027-06-30,9,FIRST,CONFIRMED,https://www.transfermarkt.de/raul-de-tomas/profil/spieler/162038,edcbd992a89f177da0ec8be6e1147ca9aaaf404121526e5577bc3abcd3c6df21,2026-09-12,0,,RESOLVE_EXPIRED_LOAN,2949171,2025-07-01,2026-06-30,-1,0,5795743,,,,,,,,,
76846,277063,2003-11-02,11993090,458759,2021-07-01,2026-06-30,40,RESERVE,CONFIRMED,https://www.transfermarkt.de/vv-st-truiden/kader/verein/475/saison_id/2026/plus/1,c0e976a963b2c1507ec52e39bab62ae405f89e7c2149e5b8ecc88e56b4f6ff7a,2026-09-12,0,,MOVE_PRESERVE_METADATA,0,,,0,0,,,,,,,,,,
77116,242577,1998-07-14,11993105,1179654,2026-01-15,2028-06-30,28,FIRST,CONFIRMED,https://www.transfermarkt.de/romain-faivre/profil/spieler/555076,844188d712c46737a12be0e807bedbb5790276f024b638e43bec6b5e1590f064,2026-09-12,917553,2027-06-30,REPLACE_EXPIRED_LOAN,917553,2025-07-01,2026-06-30,-1,0,,,,,,,,,,
77428,241775,1992-02-29,11997190,3145777,2025-07-01,2026-06-30,5,FIRST,CONFIRMED,https://www.transfermarkt.de/eyupspor/kader/verein/7160/saison_id/2026/plus/1,f4f3375da68b82c3bad1b9efcd11d29ed67584c0d829b173c80cc388820bec9c,2026-09-12,0,,MOVE_PRESERVE_METADATA,0,,,0,0,,,,,,,,,,
78065,245694,1995-06-05,12005429,3145836,2025-08-15,2027-06-30,14,FIRST,CONFIRMED,https://www.transfermarkt.de/adama-traore/profil/spieler/364405,498c33576e596d7c43a745c0a24e0c30376a3b230e74375dbf5e015fb2682313,2026-09-12,0,,RESOLVE_EXPIRED_LOAN,3145836,2025-07-01,2026-06-30,2888030,0,5938536,,,,,,,,,
88011,262039,2001-05-07,12779523,1376315,2018-07-01,2026-06-30,17,FIRST,CONFIRMED,https://www.transfermarkt.de/fc-ingolstadt-04/kader/verein/4795/saison_id/2026/plus/1,9602267b250c0007efa439f83a79d1bdd5376932fbafd7a4fc5bf6bcd1c6cbc5,2026-09-12,0,,MOVE_PRESERVE_METADATA,0,,,0,0,,,,,,,,,,
88023,274928,2005-04-21,12779523,1769483,2023-07-01,2027-06-30,13,FIRST,CONFIRMED,https://www.transfermarkt.de/us-lecce/kader/verein/1005/saison_id/2026/plus/1,f70b73ab0beef18f4707e1b846172f928bd484c8e6abc3aab35570487739b4bc,2026-09-12,0,,RESOLVE_EXPIRED_LOAN,1769483,2025-07-01,2026-06-30,-1,0,,,,,,,,,,
100005,268504,2005-09-28,1376274,1376433,2026-08-02,2028-06-30,14,FIRST,CONFIRMED,https://www.transfermarkt.de/adam-daghim/profil/spieler/881297,20b2e4958c14bbfeaf8b442daee64d2c89030c277c07ffe9d256723c0e8caad5,2026-09-12,0,,RESOLVE_EXPIRED_LOAN,262150,2025-07-01,2026-06-30,13000000,0,6479875,,,,,,,,,
100029,0,2007-03-23,1376274,1376271,2021-07-01,2026-06-30,38,FIRST,CONFIRMED,https://www.transfermarkt.de/sv-werder-bremen/kader/verein/86/saison_id/2026/plus/1,0a7e36159d0c7ffd555ab7f3ffa226b0cf286e7a1a009e2dca794bd509bbd26e,2026-09-12,0,,MOVE_PRESERVE_METADATA,0,,,0,0,,,,,,,,,,
100085,255459,1998-09-08,1376418,1376274,2026-08-18,2029-06-30,17,FIRST,CONFIRMED,https://www.transfermarkt.de/vfl-wolfsburg/kader/verein/82/saison_id/2026/plus/1,0d671e8b1f26fd27a90d4507455627094aa5ed12d9869e4c7dc8c2b2573eb1ef,2026-09-12,0,,SQUAD,0,,,0,0,,,,,,,,,,
100093,263076,2003-07-14,1376418,1376278,2026-07-01,2027-06-30,18,FIRST,CONFIRMED,https://www.transfermarkt.de/robert-wagner/profil/spieler/690429,73e122e6c2d3587b093ec3b4813c4ffb7d650300c2f3ddd537bb650d5ffd32d5,2026-09-12,0,,RESOLVE_EXPIRED_LOAN,1376270,2025-07-01,2026-06-30,0,0,6376800,,,,,,,,,
100209,272891,1999-07-26,1376265,1376283,2026-07-11,2027-06-30,33,FIRST,CONFIRMED,https://www.transfermarkt.de/viktor-bergh/profil/spieler/459022,e20523f6fa4122731e2840053dae6ac2adcfd9df22c330b8bc2721a81bc3066b,2026-09-12,0,,RESOLVE_EXPIRED_LOAN,3014658,2025-07-01,2026-06-30,-1,0,6420005,,,,,,,,,
100214,251482,1999-08-24,1376265,1376280,2023-07-01,2026-06-30,27,FIRST,CONFIRMED,https://www.transfermarkt.de/fc-energie-cottbus/kader/verein/25/saison_id/2026/plus/1,bfac2c82e9908a44ea8264f2a591d43d8ad627ceaeb5639879d980dcab166809,2026-09-12,0,,MOVE_PRESERVE_METADATA,0,,,0,0,,,,,,,,,,
100339,0,2004-04-05,1376347,1376420,2023-07-01,2026-06-30,13,FIRST,CONFIRMED,https://www.transfermarkt.de/vfl-osnabruck/kader/verein/81/saison_id/2026/plus/1,e705d735d9e41aeb7a7781affacb5ed1a2f31cc8fd9e319c826182a9e12937a6,2026-09-12,0,,MOVE_PRESERVE_METADATA,0,,,0,0,,,,,,,,,,
100374,266435,2003-04-15,1388585,1376285,2024-07-01,2027-06-30,34,FIRST,CONFIRMED,https://www.transfermarkt.de/jannik-zahmel/profil/spieler/810355,01b82d423908c73259baab453a36365de4e355eb33203368b7a6f446bac5f072,2026-09-12,0,,RESOLVE_EXPIRED_LOAN,1376285,2025-07-01,2026-06-30,-1,0,5912735,,,,,,,,,
100532,0,2006-04-05,1376560,1376283,2025-07-01,2026-06-30,22,FIRST,CONFIRMED,https://www.transfermarkt.de/karlsruher-sc/kader/verein/48/saison_id/2026/plus/1,502be878e53560db93a5e23bc70c24b09c8a3f9aa264941d3a29a99a7083b789,2026-09-12,0,,MOVE_PRESERVE_METADATA,0,,,0,0,,,,,,,,,,
100534,0,2005-10-25,1376560,1376433,2025-07-01,2026-06-30,37,FIRST,CONFIRMED,https://www.transfermarkt.de/tsg-1899-hoffenheim-ii/kader/verein/983/saison_id/2026/plus/1,ab3835df09261faf7ddd2ed9c07b00f74ba9f141891a5f719f13e9b204f6234d,2026-09-12,0,,MOVE_PRESERVE_METADATA,0,,,0,0,,,,,,,,,,
101926,0,2005-12-06,1376888,1376539,2026-08-28,2027-06-30,14,FIRST,CONFIRMED,https://www.transfermarkt.de/yusuf-wardak/profil/spieler/1274553,084c457c60a04543a87ed19bb92c60367aaa9eb3fa1eac7b3b05be062c79e12b,2026-09-12,1376280,2027-06-30,REPLACE_EXPIRED_LOAN,1376301,2025-07-01,2026-06-30,-1,0,,,,,,,,,,
104502,81324,2004-07-25,1441800,2490381,2025-07-01,2029-06-30,39,RESERVE,CONFIRMED,https://www.transfermarkt.de/rio-ave-fc/kader/verein/2425/saison_id/2026/plus/1,37a8a108e9b2165ce80a23cc2e2c874e6dbc5c341de869d1bdffc8cd3bf8f10c,2026-09-12,0,,MOVE_PRESERVE_METADATA,0,,,0,0,,,,,,,,,,
105000,263436,2001-07-23,1441882,1376418,2026-07-13,2029-06-30,8,FIRST,CONFIRMED,https://www.transfermarkt.de/guillermo-balzi/profil/spieler/896234,d59f06d9ca7549582ea4faf9f4ba1c3a6b50fde4303273b09066ae0157d35479,2026-09-12,0,,RESOLVE_EXPIRED_LOAN,3407883,2025-07-01,2026-06-30,-1,0,6425533,,,,,,,,,
105009,233514,1998-01-22,1441882,1376420,2024-07-01,2026-06-30,4,FIRST,CONFIRMED,https://www.transfermarkt.de/vfl-osnabruck/kader/verein/81/saison_id/2026/plus/1,e705d735d9e41aeb7a7781affacb5ed1a2f31cc8fd9e319c826182a9e12937a6,2026-09-12,0,,MOVE_PRESERVE_METADATA,0,,,0,0,,,,,,,,,,
105039,240119,1997-09-19,1441832,3145777,2025-07-01,2026-06-30,71,FIRST,CONFIRMED,https://www.transfermarkt.de/eyupspor/kader/verein/7160/saison_id/2026/plus/1,f4f3375da68b82c3bad1b9efcd11d29ed67584c0d829b173c80cc388820bec9c,2026-09-12,0,,MOVE_PRESERVE_METADATA,0,,,0,0,,,,,,,,,,
105171,0,1996-09-11,1455254,786447,2025-07-01,2026-06-30,38,FIRST,CONFIRMED,https://www.transfermarkt.de/fc-zbrojovka-brunn/kader/verein/5225/saison_id/2026/plus/1,1aeecf841a85ad9d35469b9ba37af49f38aee1b2e160fdd7ebc2df04f3863d83,2026-09-12,0,,MOVE_PRESERVE_METADATA,0,,,0,0,,,,,,,,,,
105233,270009,2001-02-06,1454082,1376276,2024-07-01,2027-06-30,5,FIRST,CONFIRMED,https://www.transfermarkt.de/alemannia-aachen/kader/verein/8/saison_id/2026/plus/1,d50319c6c39283dd66c83e32c0e53c0fbab8eb26ba138f0fe6e86b3dfc2b9c0b,2026-09-12,0,,MOVE_PRESERVE_METADATA,0,,,0,0,,,,,,,,,,
107259,70903,2005-10-23,1507348,917553,2018-07-01,2031-06-30,64,FIRST,CONFIRMED,https://www.transfermarkt.de/afc-bournemouth/kader/verein/989/saison_id/2026/plus/1,147ac73d9a94a634b365ebf6ee82ee4655d46b0d4aa0cba07b481ccc27a62359,2026-09-12,0,,MOVE_PRESERVE_METADATA,0,,,0,0,,,,,,,,,,
107418,0,2003-05-31,1507330,2228233,2026-08-14,2030-06-30,4,FIRST,CONFIRMED,https://www.transfermarkt.de/mark-csinger/profil/spieler/705121,902a3b64d1081c759979931341755fe97c719fc482fdde5b7de9f87050d31a42,2026-09-12,0,,RESOLVE_EXPIRED_LOAN,2818059,2025-07-01,2026-06-30,-1,0,6502894,,,,,,,,,
107480,0,2007-07-18,1507331,786442,2025-07-01,2026-06-30,4,FIRST,CONFIRMED,https://www.transfermarkt.de/ac-sparta-prag/kader/verein/197/saison_id/2026/plus/1,6b74c895ae1857517e5325904312eb2643155a1ddb4be2ba7e884a9840dcea35,2026-09-12,0,,MOVE_PRESERVE_METADATA,0,,,0,0,,,,,,,,,,
114549,0,2005-02-09,1703940,917524,2024-07-01,2028-06-30,30,FIRST,CONFIRMED,https://www.transfermarkt.de/afc-sunderland/kader/verein/289/saison_id/2026/plus/1,bd74ae0019b88eeaf201f5b09382a2f264e6feab18e637371f9e43576b711509,2026-09-12,0,,RESOLVE_EXPIRED_LOAN,1703944,2025-07-01,2026-06-30,-1,0,,,,,,,,,,
117670,0,2006-06-09,1769746,1769487,2024-07-01,2027-06-30,59,FIRST,CONFIRMED,https://www.transfermarkt.de/davide-renzetti/profil/spieler/918957,d378a5988da7c20fe48ae0cf0b0de9981e26dff7576cc3ee7875662160947771,2026-09-12,0,,RESOLVE_EXPIRED_LOAN,1769487,2025-07-01,2026-06-30,-1,0,,,,,,,,,,
117892,0,2005-01-31,1769551,1769533,2025-01-02,2028-06-30,70,FIRST,CONFIRMED,https://www.transfermarkt.de/kevin-martins/profil/spieler/724069,0e267f77c7bb71b1c16e989fce0defeb3ea40099d40ad06193f747ffdedf1572,2026-09-12,0,,RESOLVE_EXPIRED_LOAN,1769533,2025-07-01,2026-06-30,-1,0,,,,,,,,,,
117961,0,2006-07-04,1769573,1769477,2021-07-01,2026-06-30,1,FIRST,CONFIRMED,https://www.transfermarkt.de/atalanta-bergamo/kader/verein/800/saison_id/2026/plus/1,9a4c6726ef3fd829ff169f005dc5a7ca3d6336fdc310c40507e034f19f82a022,2026-09-12,0,,MOVE_PRESERVE_METADATA,0,,,0,0,,,,,,,,,,
118015,0,2005-03-26,1769509,1769483,2025-07-01,2029-06-30,27,FIRST,CONFIRMED,https://www.transfermarkt.de/marlon-ubani/profil/spieler/745595,fd467b906d276a0339b5d1b1cb331f7c9482b996556d9a2a0cf0ff57889a88b2,2026-09-12,0,,RESOLVE_EXPIRED_LOAN,1769483,2025-07-01,2026-06-30,-1,0,,,,,,,,,,
118337,74343,2003-03-25,1769570,1376258,2026-08-04,2029-06-30,14,FIRST,CONFIRMED,https://www.transfermarkt.de/andrea-ceresoli/profil/spieler/567475,0f37c56784fbcfb02edeeb0e52cca98b657e557e0f9be792a42b57e432aaa89c,2026-09-12,0,,RESOLVE_EXPIRED_LOAN,1769477,2025-07-01,2026-06-30,-1,0,6483604,,,,,,,,,
118863,277734,2003-06-27,1769522,1769483,2022-07-01,2028-06-30,32,FIRST,CONFIRMED,https://www.transfermarkt.de/alexandru-borbei/profil/spieler/667640,b8ffcaf17bf0220297f52c47ea7bef53614a397bb7f2de7118eeb3f1c9f726fd,2026-09-12,0,,RESOLVE_EXPIRED_LOAN,1769483,2025-07-01,2026-06-30,-1,0,,,,,,,,,,
128450,261971,2003-02-20,1847353,786442,2024-07-01,2027-06-30,20,FIRST,CONFIRMED,https://www.transfermarkt.de/ac-sparta-prag/kader/verein/197/saison_id/2026/plus/1,6b74c895ae1857517e5325904312eb2643155a1ddb4be2ba7e884a9840dcea35,2026-09-12,0,,RESOLVE_EXPIRED_LOAN,3342341,2025-07-01,2026-06-30,-1,0,,,,,,,,,,
128672,0,2002-10-08,1839110,786443,2026-07-02,2027-06-30,4,FIRST,CONFIRMED,https://www.transfermarkt.de/oskars-vientiess/profil/spieler/576603,be981329bd1a281813878354c6c53126cf8edfee901644ebb87d421b7b033dd3,2026-09-12,0,,RESOLVE_EXPIRED_LOAN,1835011,2025-07-01,2026-06-30,-1,0,6360753,,,,,,,,,
128808,248834,1995-06-14,200709,1376301,2024-07-01,2026-06-30,8,FIRST,CONFIRMED,https://www.transfermarkt.de/sv-waldhof-mannheim/kader/verein/85/saison_id/2026/plus/1,34e998eba6b950fe72d328e27cb46b4a4d1c4b3c218c58557f9db9a44925ae39,2026-09-12,0,,MOVE_PRESERVE_METADATA,0,,,0,0,,,,,,,,,,
136134,272977,2004-11-07,2228242,458788,2022-07-01,2028-06-30,14,FIRST,CONFIRMED,https://www.transfermarkt.de/sk-beveren/kader/verein/28643/saison_id/2026/plus/1,7bd09a7ce8449fd8a09e77af941f3d0069233ed39a454f5073c6ab7bfe083ae7,2026-09-12,0,,MOVE_PRESERVE_METADATA,0,,,0,0,,,,,,,,,,
136179,257083,2002-12-16,2228262,1179664,2026-07-01,2027-06-30,11,FIRST,CONFIRMED,https://www.transfermarkt.de/rc-lens/kader/verein/826/saison_id/2026/plus/1,7fb4fc29a59ca1fd1875a851a1378fb40304c090e369d517a86f6d13f80ab3c8,2026-09-12,2228262,2027-06-30,SQUAD,0,,,0,0,,,,,,,,,,
136391,0,2006-01-23,2228243,2228225,2026-07-21,2027-06-30,46,FIRST,CONFIRMED,https://www.transfermarkt.de/yannick-eduardo/profil/spieler/930998,02ffabd4dc194e9b04d544a119b7ea12249510875c039b0d248d0d5e49a0be27,2026-09-12,1376433,2027-06-30,REPLACE_EXPIRED_LOAN,1376555,2025-07-01,2026-06-30,-1,0,,,,,,,,,,
136516,256877,2001-01-24,2228245,2228225,2024-07-01,2028-06-30,10,FIRST,CONFIRMED,https://www.transfermarkt.de/ado-den-haag/kader/verein/1268/saison_id/2026/plus/1,474b264b880fdda2bb882ff0c9f03309d423ae1b25e36c87a1da879d192c71b0,2026-09-12,0,,MOVE_PRESERVE_METADATA,0,,,0,0,,,,,,,,,,
136520,73004,2000-07-04,2228245,1376429,2026-09-01,2028-06-30,23,FIRST,CONFIRMED,https://www.transfermarkt.de/filimon-gerezgiher/profil/spieler/453307,4c823a295c3084f219e83ec66007574da198808d8ecbf1c87ee23a1b96ec6e2e,2026-09-12,0,,RESOLVE_EXPIRED_LOAN,1376432,2025-07-01,2026-06-30,-1,0,6554167,,,,,,,,,
136521,0,1999-01-19,2228245,2228225,2024-07-01,2029-06-30,6,FIRST,CONFIRMED,https://www.transfermarkt.de/ado-den-haag/kader/verein/1268/saison_id/2026/plus/1,474b264b880fdda2bb882ff0c9f03309d423ae1b25e36c87a1da879d192c71b0,2026-09-12,0,,MOVE_PRESERVE_METADATA,0,,,0,0,,,,,,,,,,
136794,0,2003-02-05,2228251,2228239,2023-07-01,2028-06-30,24,FIRST,CONFIRMED,https://www.transfermarkt.de/willem-ii-tilburg/kader/verein/403/saison_id/2026/plus/1,032766443b9dd7e08c2a2a00943278f8412892d9f759e398b82d7ef4e594d0db,2026-09-12,0,,RESOLVE_EXPIRED_LOAN,458787,2025-07-01,2026-06-30,-1,0,,,,,,,,,,
136992,0,2004-06-07,2228255,2228252,2026-08-01,2027-06-30,21,FIRST,CONFIRMED,https://www.transfermarkt.de/fofin-turay/profil/spieler/671736,c987ecf774ebfa53f0743bfd084962f382edda70471e643f65162ca6117db1d7,2026-09-12,0,,RESOLVE_EXPIRED_LOAN,2228233,2025-07-01,2026-06-30,-1,0,6500718,,,,,,,,,
142430,246757,2002-01-01,2359305,1376283,2022-07-01,2026-06-30,6,FIRST,CONFIRMED,https://www.transfermarkt.de/karlsruher-sc/kader/verein/48/saison_id/2026/plus/1,502be878e53560db93a5e23bc70c24b09c8a3f9aa264941d3a29a99a7083b789,2026-09-12,0,,MOVE_PRESERVE_METADATA,0,,,0,0,,,,,,,,,,
142923,74175,2001-09-16,2359300,786439,2024-07-01,2026-06-30,5,FIRST,CONFIRMED,https://www.transfermarkt.de/sk-sigma-olmutz/kader/verein/2311/saison_id/2026/plus/1,c61d1f22a4e21ac99834db236d5c613fdf98db28632452029778a0c82954b875,2026-09-12,0,,MOVE_PRESERVE_METADATA,0,,,0,0,,,,,,,,,,
143353,0,2005-01-07,2359302,458780,2024-07-01,2030-06-30,29,FIRST,CONFIRMED,https://www.transfermarkt.de/union-saint-gilloise/kader/verein/3948/saison_id/2026/plus/1,6678f90f37564c9f8683b893f1bf4bed395816093e2ee4489ebbda3dc900e98e,2026-09-12,0,,MOVE_PRESERVE_METADATA,0,,,0,0,,,,,,,,,,
143859,0,2005-10-18,2359341,2228253,2024-07-01,2028-06-30,15,FIRST,CONFIRMED,https://www.transfermarkt.de/sc-cambuur-leeuwarden/kader/verein/133/saison_id/2026/plus/1,d35d182879e0c29fde9680e0bd938bd8a58eee080d1c036222e78600c9bbc8b6,2026-09-12,0,,MOVE_PRESERVE_METADATA,0,,,0,0,,,,,,,,,,
148162,276735,1999-02-16,2424906,1376275,2025-02-03,2029-06-30,15,FIRST,CONFIRMED,https://www.transfermarkt.de/imad-rondic/profil/spieler/464154,433e10e7bf38d2e80ac18dd47486f122bff7bb09e53cc28349cdf8d6d5859803,2026-09-12,0,,RESOLVE_EXPIRED_LOAN,1376275,2025-07-01,2026-06-30,-1,0,6145785,,,,,,,,,
148163,268098,2002-02-21,2424906,786439,2025-07-01,2026-06-30,88,FIRST,CONFIRMED,https://www.transfermarkt.de/sk-sigma-olmutz/kader/verein/2311/saison_id/2026/plus/1,c61d1f22a4e21ac99834db236d5c613fdf98db28632452029778a0c82954b875,2026-09-12,0,,MOVE_PRESERVE_METADATA,0,,,0,0,,,,,,,,,,
148921,274729,2003-07-21,2424864,786446,2019-07-01,2028-06-30,15,FIRST,CONFIRMED,https://www.transfermarkt.de/fc-banik-ostrau/kader/verein/377/saison_id/2026/plus/1,3717000ca143110b9cff7bc66843b5e54104cdaa75d0e196220c4e77c8b4d611,2026-09-12,0,,RESOLVE_EXPIRED_LOAN,3211268,2025-07-01,2026-06-30,-1,0,,,,,,,,,,
149155,252470,2003-04-10,2424840,2490378,2026-08-13,2027-06-30,20,FIRST,CONFIRMED,https://www.transfermarkt.de/matchoi-djalo/profil/spieler/685887,ef236821a28d49016a1595900f580db8e718cf9180e8c45e963b26606fbec473,2026-09-12,0,,RESOLVE_EXPIRED_LOAN,3145841,2025-07-01,2026-06-30,-1,0,6502002,,,,,,,,,
153022,0,2003-04-06,2490383,2490388,2023-07-01,2030-06-30,41,FIRST,CONFIRMED,https://www.transfermarkt.de/cd-santa-clara/kader/verein/2423/saison_id/2026/plus/1,996787cc90623dddfd5c425ca2df6aae95f8fd62b8b5cfb03677a214be6550e2,2026-09-12,0,,RESOLVE_EXPIRED_LOAN,2490388,2025-07-01,2026-06-30,-1,0,,,,,,,,,,
153208,0,2000-04-18,2494490,2494469,2023-07-01,2026-06-30,18,FIRST,CONFIRMED,https://www.transfermarkt.de/casa-pia-ac/kader/verein/3268/saison_id/2026/plus/1,a3e2a5277eff3871e27db7ef969d3905123f5c71aebb08128024f85e9a547b72,2026-09-12,0,,MOVE_PRESERVE_METADATA,0,,,0,0,,,,,,,,,,
153246,256138,1999-09-06,2494468,2494468,2025-07-01,2027-06-30,41,FIRST,CONFIRMED,https://www.transfermarkt.de/academico-viseu-fc/kader/verein/7788/saison_id/2026/plus/1,340241555ec1793a42690aa5ffe614fb73194989e73960db5786f409bd3783e4,2026-09-12,0,,SQUAD,0,,,0,0,,,,,,,,,,
153390,0,2009-01-14,2490376,2490376,2025-07-01,2028-06-30,68,RESERVE,CONFIRMED,https://www.transfermarkt.de/cs-maritimo/kader/verein/1301/saison_id/2026/plus/1,5cfc233404ec9b89440eac630270b3e1ade7aaa468abf0d7c72a774e94f85e1b,2026-09-12,0,,SQUAD,0,,,0,0,,,,,,,,,,
153399,0,2007-02-08,2490376,2490376,2025-07-01,2027-06-30,16,RESERVE,CONFIRMED,https://www.transfermarkt.de/cs-maritimo/kader/verein/1301/saison_id/2026/plus/1,5cfc233404ec9b89440eac630270b3e1ade7aaa468abf0d7c72a774e94f85e1b,2026-09-12,0,,SQUAD,0,,,0,0,,,,,,,,,,
154841,0,2005-12-07,2494483,2490393,2025-07-01,2026-06-30,10,FIRST,CONFIRMED,https://www.transfermarkt.de/fc-alverca/kader/verein/2521/saison_id/2026/plus/1,7f5d01cde12ec5554a0cdae5ccc699031abd54d7e473e99ebf2c44e9a519b8ae,2026-09-12,0,,MOVE_PRESERVE_METADATA,0,,,0,0,,,,,,,,,,
154993,0,2004-07-08,2490401,2490393,2025-07-01,2027-06-30,70,FIRST,CONFIRMED,https://www.transfermarkt.de/fc-alverca/kader/verein/2521/saison_id/2026/plus/1,7f5d01cde12ec5554a0cdae5ccc699031abd54d7e473e99ebf2c44e9a519b8ae,2026-09-12,0,,MOVE_PRESERVE_METADATA,0,,,0,0,,,,,,,,,,
177426,0,2004-08-26,2822150,790564,2026-09-08,2028-06-30,87,FIRST,CONFIRMED,https://www.transfermarkt.de/vladimir-perisic/profil/spieler/760492,a1d698698520b8561ac8e656f5e451c785be29eb6ae5a08a979a5b2d4ba2e153,2026-09-12,0,,RESOLVE_EXPIRED_LOAN,786441,2025-07-01,2026-06-30,-1,0,6577635,,,,,,,,,
177428,0,2003-07-07,2822150,471041,2026-07-01,2028-06-30,7,FIRST,CONFIRMED,https://www.transfermarkt.de/matyas-kovacs/profil/spieler/720939,df7b94b290acd8e895802a1a03bfa9704c1a50c11bb26ac6902b650c32eac74c,2026-09-12,0,,RESOLVE_EXPIRED_LOAN,1507331,2025-07-01,2026-06-30,-1,0,6369989,,,,,,,,,
177626,0,2004-05-10,2818052,786450,2019-07-01,2026-06-30,1,FIRST,CONFIRMED,https://www.transfermarkt.de/fc-viktoria-pilsen/kader/verein/941/saison_id/2026/plus/1,996e90d35b62a49d97cf67985e3302e6eb90152f4e1be1f533a26fcd90f8e7ac,2026-09-12,0,,MOVE_PRESERVE_METADATA,0,,,0,0,,,,,,,,,,
177717,263548,2000-06-01,2818060,786450,2015-07-01,2027-06-30,6,FIRST,CONFIRMED,https://www.transfermarkt.de/fc-viktoria-pilsen/kader/verein/941/saison_id/2026/plus/1,996e90d35b62a49d97cf67985e3302e6eb90152f4e1be1f533a26fcd90f8e7ac,2026-09-12,0,,RESOLVE_EXPIRED_LOAN,786450,2025-07-01,2026-06-30,-1,0,,,,,,,,,,
177718,0,2000-07-29,2818060,790538,2024-07-01,2027-06-30,29,FIRST,CONFIRMED,https://www.transfermarkt.de/fk-pardubice/kader/verein/1496/saison_id/2026/plus/1,ff994ed3554101d4e2a5377d206e013ac142ca4f73f68a0c406e2cc0d305e0ef,2026-09-12,0,,RESOLVE_EXPIRED_LOAN,790538,2025-07-01,2026-06-30,-1,0,,,,,,,,,,
178085,0,2004-04-20,2830366,786461,2026-01-01,2027-06-30,33,FIRST,CONFIRMED,https://www.transfermarkt.de/alexandr-urban/profil/spieler/935842,6cb55b42d00b103bc20759f7edebc51c9c76862c9584785512c4e3d2959bb83b,2026-09-12,0,,RESOLVE_EXPIRED_LOAN,786461,2025-07-01,2026-06-30,-1,0,,,,,,,,,,
187814,75126,2007-12-26,3014661,1769516,2022-07-01,2031-06-30,15,FIRST,CONFIRMED,https://www.transfermarkt.de/como-1907/kader/verein/1047/saison_id/2026/plus/1,1f259087599c65750b2257df008378cf4b410dc38125151fd739b58162c63ff3,2026-09-12,0,,MOVE_PRESERVE_METADATA,0,,,0,0,,,,,,,,,,
187821,76869,2006-12-20,3014661,458788,2026-07-01,2029-06-30,29,FIRST,CONFIRMED,https://www.transfermarkt.de/sk-beveren/kader/verein/28643/saison_id/2026/plus/1,7bd09a7ce8449fd8a09e77af941f3d0069233ed39a454f5073c6ab7bfe083ae7,2026-09-12,3014661,2027-06-30,SQUAD,0,,,0,0,,,,,,,,,,
187993,255900,2002-02-01,3018753,1769533,2026-08-31,2027-06-30,1,FIRST,CONFIRMED,https://www.transfermarkt.de/noel-tornqvist/profil/spieler/730531,58ebd1034f373f855be9c24e30adaea7c9a8c24bfa5cdfc479e2114db4c7cea1,2026-09-12,1769516,2027-06-30,REPLACE_EXPIRED_LOAN,3027925,2025-07-01,2026-06-30,-1,0,,,,,,,,,,
188090,74624,2006-04-24,3014663,2949137,2024-07-01,2030-06-30,1,FIRST,CONFIRMED,https://www.transfermarkt.de/racing-santander/kader/verein/630/saison_id/2026/plus/1,18a40c3ef461fb12859ab644f10535935a6e0f3b45aa680347aab5a3a4eda60f,2026-09-12,0,,MOVE_PRESERVE_METADATA,0,,,0,0,,,,,,,,,,
188142,276769,2005-07-03,3014671,786439,2023-07-01,2026-06-30,19,FIRST,CONFIRMED,https://www.transfermarkt.de/sk-sigma-olmutz/kader/verein/2311/saison_id/2026/plus/1,c61d1f22a4e21ac99834db236d5c613fdf98db28632452029778a0c82954b875,2026-09-12,0,,MOVE_PRESERVE_METADATA,0,,,0,0,,,,,,,,,,
188296,254514,2000-09-29,3014673,2490394,2023-07-01,2028-06-30,25,FIRST,CONFIRMED,https://www.transfermarkt.de/cf-estrela-amadora/kader/verein/2431/saison_id/2026/plus/1,518e3a2e95f5774700d01db49dd50f80d4ccbc790493950412b68c785a7de654,2026-09-12,0,,MOVE_PRESERVE_METADATA,0,,,0,0,,,,,,,,,,
193692,258834,2004-02-08,3080210,2490398,2025-07-01,2028-06-30,9,FIRST,CONFIRMED,https://www.transfermarkt.de/fc-famalicao/kader/verein/3329/saison_id/2026/plus/1,52ed6f3f188fcbdc2398a013bd0aa1005388801741871711df5ab62761c66f72,2026-09-12,0,,RESOLVE_EXPIRED_LOAN,6225921,2025-07-01,2026-06-30,-1,0,,,,,,,,,,
194528,250766,2000-06-27,3080197,1376348,2026-09-01,2027-06-30,30,FIRST,CONFIRMED,https://www.transfermarkt.de/kastriot-imeri/profil/spieler/469957,ea1dab29dfac23f0e4bad6c5058268ba44c22f483507190a5a66a073ee12cd91,2026-09-12,0,,RESOLVE_EXPIRED_LOAN,3080193,2025-07-01,2026-06-30,-1,0,6554624,,,,,,,,,
199880,231352,1997-10-02,3145824,917506,2025-07-01,2027-06-30,9,FIRST,CONFIRMED,https://www.transfermarkt.de/aston-villa/kader/verein/405/saison_id/2026/plus/1,66b9b7fdd741084e821d291249f5bdc0fe382243be248d861c1137a95e82f15d,2026-09-12,0,,RESOLVE_EXPIRED_LOAN,1769476,2025-07-01,2026-06-30,-1,0,,,,,,,,,,
199892,267594,2000-08-07,3145824,786441,2023-07-01,2028-06-30,39,FIRST,CONFIRMED,https://www.transfermarkt.de/sk-slavia-prag/kader/verein/62/saison_id/2026/plus/1,ab5b3ad613592069fe87ed798140f18d5a2969fea81a54ddd36b6738aad74f72,2026-09-12,0,,RESOLVE_EXPIRED_LOAN,2490372,2025-07-01,2026-06-30,-1,0,,,,,,,,,,
199975,217007,1992-10-09,3145777,3149867,2024-07-01,2026-06-30,9,FIRST,CONFIRMED,https://www.transfermarkt.de/corum-fk/kader/verein/37951/saison_id/2026/plus/1,09798c50638e371505f186cb7a6cb29472c2df6e777856de0739225fb6d74803,2026-09-12,0,,MOVE_PRESERVE_METADATA,0,,,0,0,,,,,,,,,,
199991,278369,2004-06-22,3145777,3145754,2026-07-05,2028-06-30,5,FIRST,CONFIRMED,https://www.transfermarkt.de/emir-ortakaya/profil/spieler/727081,88075f3bf977025cb6937c4ed0fed0a9f241c08a33f3e72added0b4111e476ce,2026-09-12,0,,RESOLVE_EXPIRED_LOAN,3145823,2025-07-01,2026-06-30,-1,0,6404121,,,,,,,,,
200015,72887,1995-11-13,3145820,1376283,2023-07-01,2026-06-30,5,FIRST,CONFIRMED,https://www.transfermarkt.de/karlsruher-sc/kader/verein/48/saison_id/2026/plus/1,502be878e53560db93a5e23bc70c24b09c8a3f9aa264941d3a29a99a7083b789,2026-09-12,0,,MOVE_PRESERVE_METADATA,0,,,0,0,,,,,,,,,,
200031,238587,1996-11-28,3145820,3149867,2023-07-01,2027-06-30,8,FIRST,CONFIRMED,https://www.transfermarkt.de/corum-fk/kader/verein/37951/saison_id/2026/plus/1,09798c50638e371505f186cb7a6cb29472c2df6e777856de0739225fb6d74803,2026-09-12,0,,MOVE_PRESERVE_METADATA,0,,,0,0,,,,,,,,,,
200114,271002,2001-01-20,3145843,3145856,2025-07-01,2027-06-30,6,FIRST,CONFIRMED,https://www.transfermarkt.de/amed-sk/kader/verein/12382/saison_id/2026/plus/1,1c63291a94e83ca8d551f2c91a8979d5cadd6cad24fc5cbcdc3500f54ff03b8e,2026-09-12,0,,MOVE_PRESERVE_METADATA,0,,,0,0,,,,,,,,,,
200205,194372,1989-11-05,3145783,3145765,2023-07-01,2026-06-30,1,FIRST,CONFIRMED,https://www.transfermarkt.de/erzurumspor-fk/kader/verein/39722/saison_id/2026/plus/1,aaa2316b00aefef231faf95d7f3e3871f7c712aaa423cb88c256177acd6d2902,2026-09-12,0,,MOVE_PRESERVE_METADATA,0,,,0,0,,,,,,,,,,
200274,241821,1998-06-04,3145745,3145745,2026-09-04,2030-06-30,18,FIRST,CONFIRMED,https://www.transfermarkt.de/samsunspor/kader/verein/152/saison_id/2026/plus/1,4e99640342d6c03de82a839147f9c53a0cc4bc14523c727d2894fc2df5432171,2026-09-12,0,,SQUAD,0,,,0,0,,,,,,,,,,
200299,0,2006-01-01,3145773,3145773,2025-07-01,2027-06-30,95,FIRST,CONFIRMED,https://www.transfermarkt.de/gaziantep-fk/kader/verein/2832/saison_id/2026/plus/1,81446f340c520f2c5aff4253c251edc727d259530fe5221a6b24ee6cfb9e01e1,2026-09-12,0,,SQUAD,0,,,0,0,,,,,,,,,,
200488,193461,1990-03-27,3149900,3149867,2024-07-01,2026-06-30,16,FIRST,CONFIRMED,https://www.transfermarkt.de/corum-fk/kader/verein/37951/saison_id/2026/plus/1,09798c50638e371505f186cb7a6cb29472c2df6e777856de0739225fb6d74803,2026-09-12,0,,MOVE_PRESERVE_METADATA,0,,,0,0,,,,,,,,,,
200582,199683,1992-02-01,3145814,3145843,2021-07-01,2026-06-30,2,FIRST,CONFIRMED,https://www.transfermarkt.de/kasimpasa/kader/verein/10484/saison_id/2026/plus/1,c67384cb86e5ab0489a71469deab8847f74c6c6c97729fe8853bfdf343f41060,2026-09-12,0,,MOVE_PRESERVE_METADATA,0,,,0,0,,,,,,,,,,
200980,275694,2002-07-01,3149915,3145777,2026-02-06,2027-06-30,4,FIRST,CONFIRMED,https://www.transfermarkt.de/anil-yasar/profil/spieler/685329,88a41d2e0ab823db25db2f4a281081d3dd736dd873adcaf7952519130f2e4924,2026-09-12,3145837,2027-06-30,REPLACE_EXPIRED_LOAN,3145837,2025-07-01,2026-06-30,-1,0,,,,,,,,,,
200986,75892,2007-04-20,3145825,3145825,2025-07-01,2029-06-30,73,FIRST,CONFIRMED,https://www.transfermarkt.de/galatasaray/kader/verein/141/saison_id/2026/plus/1,66f1195fdd6d32bc947bb726ca4925adf5e39b928cebbb291569108f880a8f16,2026-09-12,0,,SQUAD,0,,,0,0,,,,,,,,,,
201012,239333,1998-05-13,3145838,3145777,2025-07-01,2026-06-30,7,FIRST,CONFIRMED,https://www.transfermarkt.de/eyupspor/kader/verein/7160/saison_id/2026/plus/1,f4f3375da68b82c3bad1b9efcd11d29ed67584c0d829b173c80cc388820bec9c,2026-09-12,0,,MOVE_PRESERVE_METADATA,0,,,0,0,,,,,,,,,,
201024,260559,2000-10-26,3145838,3145773,2020-07-01,2027-06-30,8,FIRST,CONFIRMED,https://www.transfermarkt.de/gaziantep-fk/kader/verein/2832/saison_id/2026/plus/1,81446f340c520f2c5aff4253c251edc727d259530fe5221a6b24ee6cfb9e01e1,2026-09-12,0,,RESOLVE_EXPIRED_LOAN,3145773,2025-07-01,2026-06-30,-1,0,,,,,,,,,,
201186,193201,1991-07-27,3145757,3145843,2025-07-01,2026-06-30,19,FIRST,CONFIRMED,https://www.transfermarkt.de/kasimpasa/kader/verein/10484/saison_id/2026/plus/1,c67384cb86e5ab0489a71469deab8847f74c6c6c97729fe8853bfdf343f41060,2026-09-12,0,,MOVE_PRESERVE_METADATA,0,,,0,0,,,,,,,,,,
201523,0,2009-04-27,3145864,3145783,2023-07-01,2027-06-30,44,FIRST,CONFIRMED,https://www.transfermarkt.de/alanyaspor/kader/verein/11282/saison_id/2026/plus/1,433f3e66ff8083db45d3eda79b081cc9c234137060d5070be407da48d877ae43,2026-09-12,0,,MOVE_PRESERVE_METADATA,0,,,0,0,,,,,,,,,,
201527,0,2004-02-05,3145864,3145777,2019-07-01,2029-06-30,1,FIRST,CONFIRMED,https://www.transfermarkt.de/eyupspor/kader/verein/7160/saison_id/2026/plus/1,f4f3375da68b82c3bad1b9efcd11d29ed67584c0d829b173c80cc388820bec9c,2026-09-12,0,,MOVE_PRESERVE_METADATA,0,,,0,0,,,,,,,,,,
202076,0,2004-03-29,3149837,3145773,2023-07-01,2027-06-30,33,FIRST,CONFIRMED,https://www.transfermarkt.de/gaziantep-fk/kader/verein/2832/saison_id/2026/plus/1,81446f340c520f2c5aff4253c251edc727d259530fe5221a6b24ee6cfb9e01e1,2026-09-12,0,,RESOLVE_EXPIRED_LOAN,3145773,2025-07-01,2026-06-30,-1,0,,,,,,,,,,
202099,278374,2005-05-16,3149831,3145745,2023-07-01,2027-06-30,23,FIRST,CONFIRMED,https://www.transfermarkt.de/enes-albak/profil/spieler/1072260,413cae80a5dff04b217488de3fa4077f8aaecd78d4327ea3b1dcdd365ba2e6d2,2026-09-12,0,,RESOLVE_EXPIRED_LOAN,3145745,2025-07-01,2026-06-30,-1,0,,,,,,,,,,
202320,0,1996-08-03,3149844,3145856,2025-02-03,2027-06-30,3,FIRST,CONFIRMED,https://www.transfermarkt.de/mirac-acer/profil/spieler/354197,3ace8f640150bab9097c8c60e1a58f7e1c2d371ca01b6b8217f851a0ccb4487f,2026-09-12,0,,RESOLVE_EXPIRED_LOAN,3145856,2025-07-01,2026-06-30,-1,0,6125641,,,,,,,,,
202907,0,2005-03-29,3159846,3145836,2024-07-01,2028-06-30,15,FIRST,CONFIRMED,https://www.transfermarkt.de/arda-cagan-celik/profil/spieler/1078111,004565d67666f2ab1b6a4c7b4cf42ca680c90fa91a15c03ad25ef0f4ad59bdb1,2026-09-12,0,,RESOLVE_EXPIRED_LOAN,3145836,2025-07-01,2026-06-30,-1,0,,,,,,,,,,
202958,0,2006-07-01,3159909,3145843,2024-07-01,2029-06-30,99,FIRST,CONFIRMED,https://www.transfermarkt.de/kasimpasa/kader/verein/10484/saison_id/2026/plus/1,c67384cb86e5ab0489a71469deab8847f74c6c6c97729fe8853bfdf343f41060,2026-09-12,0,,MOVE_PRESERVE_METADATA,0,,,0,0,,,,,,,,,,
203017,268906,2005-07-08,3149887,3145841,2022-04-13,2028-06-30,4,FIRST,CONFIRMED,https://www.transfermarkt.de/efe-arda-koyuncu/profil/spieler/889264,15b04851f917a5d5bad9d9a6371bdf7c055d80fc5cf8fae1ea6b4d0c28038069,2026-09-12,0,,RESOLVE_EXPIRED_LOAN,3145841,2025-07-01,2026-06-30,-1,0,5825726,,,,,,,,,
203086,0,2005-10-10,3159539,3145856,2024-09-05,2029-06-30,19,FIRST,CONFIRMED,https://www.transfermarkt.de/hasan-yildirim/profil/spieler/1047511,232c482ede3def17ca0660158ef32686d2ece595afef21495b088f67deb7fccd,2026-09-12,0,,RESOLVE_EXPIRED_LOAN,3145856,2025-07-01,2026-06-30,-1,0,6129285,,,,,,,,,
203094,0,2006-05-20,3159539,3145777,2026-01-13,2030-06-30,3,FIRST,CONFIRMED,https://www.transfermarkt.de/arda-yavuz/profil/spieler/1175508,69678ffe570da33311a4c61f54b40db04fefaccc416c8b004a1d0018d3d89d79,2026-09-12,0,,RESOLVE_EXPIRED_LOAN,3145777,2025-07-01,2026-06-30,-1,0,,,,,,,,,,
203162,72870,2004-04-23,327686,3145765,2016-07-01,2029-06-30,90,FIRST,CONFIRMED,https://www.transfermarkt.de/erzurumspor-fk/kader/verein/39722/saison_id/2026/plus/1,aaa2316b00aefef231faf95d7f3e3871f7c712aaa423cb88c256177acd6d2902,2026-09-12,0,,MOVE_PRESERVE_METADATA,0,,,0,0,,,,,,,,,,
203211,234317,2000-02-04,331829,1376301,2023-07-01,2026-06-30,17,FIRST,CONFIRMED,https://www.transfermarkt.de/sv-waldhof-mannheim/kader/verein/85/saison_id/2026/plus/1,34e998eba6b950fe72d328e27cb46b4a4d1c4b3c218c58557f9db9a44925ae39,2026-09-12,0,,MOVE_PRESERVE_METADATA,0,,,0,0,,,,,,,,,,
204315,0,2006-04-07,3158618,3145745,2025-07-01,2029-06-30,55,FIRST,CONFIRMED,https://www.transfermarkt.de/kerem-fidan/profil/spieler/1173403,9043130dcce26bde19d7fc606272268e854c2f8db2cb681c023d5cc4d0a619f0,2026-09-12,0,,RESOLVE_EXPIRED_LOAN,3145745,2025-07-01,2026-06-30,-1,0,5939463,,,,,,,,,
204570,0,2006-04-29,3160835,3145841,2023-09-04,2028-06-30,34,FIRST,CONFIRMED,https://www.transfermarkt.de/yusuf-yilmaz/profil/spieler/1201580,38064759d5dc931e4b77a1ed74c5b7550b12f688ead189d4935efb04da299df6,2026-09-12,0,,RESOLVE_EXPIRED_LOAN,3145841,2025-07-01,2026-06-30,-1,0,5825669,,,,,,,,,
206551,0,2003-03-25,3211266,786446,2026-07-14,2029-06-30,44,FIRST,CONFIRMED,https://www.transfermarkt.de/fc-banik-ostrau/kader/verein/377/saison_id/2026/plus/1,3717000ca143110b9cff7bc66843b5e54104cdaa75d0e196220c4e77c8b4d611,2026-09-12,0,,SQUAD,0,,,0,0,,,,,,,,,,
212258,263556,2000-11-10,3407896,2228247,2026-07-01,2028-06-30,14,FIRST,CONFIRMED,https://www.transfermarkt.de/fortuna-sittard/kader/verein/385/saison_id/2026/plus/1,3459b44bdebecde47d2a1440be82d9c09e8f120a342ec34fc969ad1288f64fcd,2026-09-12,3407896,2027-06-30,SQUAD,0,,,0,0,,,,,,,,,,
213189,0,2008-06-26,3407882,1769475,2026-07-01,2027-06-30,0,FIRST,CONFIRMED,https://www.transfermarkt.de/parma-calcio-1913/kader/verein/130/saison_id/2026/plus/1,9f4513b041b1eea32272df127e8d7647766a65bc4faf13d5feb5409749e2d01f,2026-09-12,3407882,2027-06-30,SQUAD,0,,,0,0,,,,,,,,,,
221113,0,2004-06-08,3473412,2490378,2024-07-01,2026-06-30,37,FIRST,CONFIRMED,https://www.transfermarkt.de/cd-nacional/kader/verein/982/saison_id/2026/plus/1,85c1a326ea7d9109ff431c2a95c9c0488100e0183b1e7c799d926c40ecb8dba6,2026-09-12,0,,MOVE_PRESERVE_METADATA,0,,,0,0,,,,,,,,,,
221334,0,2001-03-03,3538945,2490394,2024-07-01,2028-06-30,24,FIRST,CONFIRMED,https://www.transfermarkt.de/cf-estrela-amadora/kader/verein/2431/saison_id/2026/plus/1,518e3a2e95f5774700d01db49dd50f80d4ccbc790493950412b68c785a7de654,2026-09-12,0,,MOVE_PRESERVE_METADATA,0,,,0,0,,,,,,,,,,
221428,0,2005-02-07,3538952,2490377,2026-07-01,2029-06-30,24,RESERVE,CONFIRMED,https://www.transfermarkt.de/moreirense-fc/kader/verein/979/saison_id/2026/plus/1,9aa16aff197b371e36892b5321c0c1db769f09802a8338c111eb56304e7798bc,2026-09-12,3538952,2027-06-30,SQUAD,0,,,0,0,,,,,,,,,,
221509,0,2003-04-25,3538947,1376274,2019-07-01,2030-06-30,33,FIRST,CONFIRMED,https://www.transfermarkt.de/vfl-wolfsburg/kader/verein/82/saison_id/2026/plus/1,0d671e8b1f26fd27a90d4507455627094aa5ed12d9869e4c7dc8c2b2573eb1ef,2026-09-12,0,,MOVE_PRESERVE_METADATA,0,,,0,0,,,,,,,,,,
221515,0,2006-02-02,2490375,2490375,2026-09-04,2030-06-30,19,FIRST,CONFIRMED,https://www.transfermarkt.de/gil-vicente-fc/kader/verein/2424/saison_id/2026/plus/1,e615ed113cbf0012df4490859c154266a50a72247c7f67c260f2f4ab6c49e4d1,2026-09-12,0,,SQUAD,0,,,0,0,,,,,,,,,,
221582,257969,2000-07-05,3538968,2490375,2025-07-01,2028-06-30,36,FIRST,CONFIRMED,https://www.transfermarkt.de/gil-vicente-fc/kader/verein/2424/saison_id/2026/plus/1,e615ed113cbf0012df4490859c154266a50a72247c7f67c260f2f4ab6c49e4d1,2026-09-12,0,,MOVE_PRESERVE_METADATA,0,,,0,0,,,,,,,,,,
221828,214942,1995-09-14,3538959,2490375,2024-07-01,2027-06-30,22,FIRST,CONFIRMED,https://www.transfermarkt.de/gil-vicente-fc/kader/verein/2424/saison_id/2026/plus/1,e615ed113cbf0012df4490859c154266a50a72247c7f67c260f2f4ab6c49e4d1,2026-09-12,0,,MOVE_PRESERVE_METADATA,0,,,0,0,,,,,,,,,,
221998,0,2005-04-12,3538946,2490388,2023-07-01,2029-06-30,9,RESERVE,CONFIRMED,https://www.transfermarkt.de/cd-santa-clara/kader/verein/2423/saison_id/2026/plus/1,996787cc90623dddfd5c425ca2df6aae95f8fd62b8b5cfb03677a214be6550e2,2026-09-12,0,,MOVE_PRESERVE_METADATA,0,,,0,0,,,,,,,,,,
222045,0,2006-08-03,3538951,917553,2021-07-01,2031-06-30,77,FIRST,CONFIRMED,https://www.transfermarkt.de/afc-bournemouth/kader/verein/989/saison_id/2026/plus/1,147ac73d9a94a634b365ebf6ee82ee4655d46b0d4aa0cba07b481ccc27a62359,2026-09-12,0,,MOVE_PRESERVE_METADATA,0,,,0,0,,,,,,,,,,
222078,0,2005-04-06,3538951,2490388,2026-08-11,2030-06-30,73,FIRST,CONFIRMED,https://www.transfermarkt.de/leo-jaco/profil/spieler/1022594,0d78b0c7fc9f7ab092091db94ea833f8dd9b2382835c635a5d7e92abac4da50a,2026-09-12,0,,RESOLVE_EXPIRED_LOAN,3551488,2025-07-01,2026-06-30,-1,0,6496825,,,,,,,,,
222665,0,2007-12-17,3538955,1769510,2026-07-01,2027-06-30,7,RESERVE,CONFIRMED,https://www.transfermarkt.de/genua-cfc/kader/verein/252/saison_id/2026/plus/1,28831c70a8bf2f1d0e0c5e7801240ba62008e42be2eb8761306fafe7c05e7da1,2026-09-12,3538955,2027-06-30,SQUAD,0,,,0,0,,,,,,,,,,
222786,216452,1994-08-01,3538985,2490388,2024-07-01,2026-06-30,7,FIRST,CONFIRMED,https://www.transfermarkt.de/cd-santa-clara/kader/verein/2423/saison_id/2026/plus/1,996787cc90623dddfd5c425ca2df6aae95f8fd62b8b5cfb03677a214be6550e2,2026-09-12,0,,MOVE_PRESERVE_METADATA,0,,,0,0,,,,,,,,,,
223057,0,1997-10-07,3539013,2490388,2023-07-01,2028-06-30,6,FIRST,CONFIRMED,https://www.transfermarkt.de/cd-santa-clara/kader/verein/2423/saison_id/2026/plus/1,996787cc90623dddfd5c425ca2df6aae95f8fd62b8b5cfb03677a214be6550e2,2026-09-12,0,,MOVE_PRESERVE_METADATA,0,,,0,0,,,,,,,,,,
223200,274462,2003-03-25,3552405,2490388,2020-07-01,2027-06-30,27,RESERVE,CONFIRMED,https://www.transfermarkt.de/cd-santa-clara/kader/verein/2423/saison_id/2026/plus/1,996787cc90623dddfd5c425ca2df6aae95f8fd62b8b5cfb03677a214be6550e2,2026-09-12,0,,RESOLVE_EXPIRED_LOAN,3538952,2025-07-01,2026-06-30,-1,0,,,,,,,,,,
223491,0,2005-04-19,3538994,2494469,2026-08-19,2030-06-30,98,FIRST,CONFIRMED,https://www.transfermarkt.de/jptm/profil/spieler/1083970,6cb3cfe2b9f6db187368b7c5c5d2d45100e87089a050f85d89b9ade8cb190cd0,2026-09-12,0,,RESOLVE_EXPIRED_LOAN,3538951,2025-07-01,2026-06-30,-1,0,6516507,,,,,,,,,
223956,0,1999-06-30,3552671,2490388,2023-07-01,2028-06-30,9,FIRST,CONFIRMED,https://www.transfermarkt.de/cd-santa-clara/kader/verein/2423/saison_id/2026/plus/1,996787cc90623dddfd5c425ca2df6aae95f8fd62b8b5cfb03677a214be6550e2,2026-09-12,0,,MOVE_PRESERVE_METADATA,0,,,0,0,,,,,,,,,,
223962,260939,2000-03-13,3552671,2490378,2024-07-01,2026-06-30,52,FIRST,CONFIRMED,https://www.transfermarkt.de/cd-nacional/kader/verein/982/saison_id/2026/plus/1,85c1a326ea7d9109ff431c2a95c9c0488100e0183b1e7c799d926c40ecb8dba6,2026-09-12,0,,MOVE_PRESERVE_METADATA,0,,,0,0,,,,,,,,,,
224467,0,2003-01-30,3543078,458755,2026-09-02,2030-06-30,3,FIRST,CONFIRMED,https://www.transfermarkt.de/yago-lincoln/profil/spieler/1095336,f861822bb2af5e3b5e5cf2b20a02bc646165279f19854818deed5f1475905a9a,2026-09-12,0,,RESOLVE_EXPIRED_LOAN,3538992,2025-01-01,2025-12-31,-1,0,6561254,,,,,,,,,
227312,71013,2002-10-31,3604486,2949148,2023-07-01,2030-06-30,32,FIRST,CONFIRMED,https://www.transfermarkt.de/fc-elche/kader/verein/1531/saison_id/2026/plus/1,7770f10307d7f825180585a8f034dec01f148c375c8cddde531c5778db711b3f,2026-09-12,0,,MOVE_PRESERVE_METADATA,0,,,0,0,,,,,,,,,,
231190,76933,2006-05-05,3670018,458755,2024-07-01,2029-06-30,33,RESERVE,CONFIRMED,https://www.transfermarkt.de/cercle-brugge/kader/verein/520/saison_id/2026/plus/1,7cdfb59fb0a1a9a437a93f97e502615933029fa25dc8530a34a7715ac5027f03,2026-09-12,0,,MOVE_PRESERVE_METADATA,0,,,0,0,,,,,,,,,,
231683,275647,2005-10-10,3670021,1769488,2023-07-01,2027-06-30,71,FIRST,CONFIRMED,https://www.transfermarkt.de/udinese-calcio/kader/verein/410/saison_id/2026/plus/1,7fdfe70ee199497c7c8bba7f008dea4b0f8e1ab4fec8c51d19f4eb9f681c5506,2026-09-12,0,,MOVE_PRESERVE_METADATA,0,,,0,0,,,,,,,,,,
232981,74515,2004-03-06,3735557,2490378,2026-07-01,2027-06-30,15,FIRST,CONFIRMED,https://www.transfermarkt.de/cd-nacional/kader/verein/982/saison_id/2026/plus/1,85c1a326ea7d9109ff431c2a95c9c0488100e0183b1e7c799d926c40ecb8dba6,2026-09-12,3735557,2027-06-30,SQUAD,0,,,0,0,,,,,,,,,,
233111,259872,1997-01-16,3735553,2494470,2024-07-01,2028-06-30,1,FIRST,CONFIRMED,https://www.transfermarkt.de/fc-arouca/kader/verein/8024/saison_id/2026/plus/1,6d5fb999d4383d6530153089e5d24d04871a61220be98a161a65baf303fba2ae,2026-09-12,0,,MOVE_PRESERVE_METADATA,0,,,0,0,,,,,,,,,,
234988,225266,1997-11-25,458780,1376425,2023-07-01,2029-06-30,14,FIRST,CONFIRMED,https://www.transfermarkt.de/fc-st-pauli/kader/verein/35/saison_id/2026/plus/1,cb3581752f3910c559c9f42a6cbb09551a6187c6a88b14cfcc35019d0c02bc47,2026-09-12,0,,MOVE_PRESERVE_METADATA,0,,,0,0,,,,,,,,,,
235158,256307,2003-03-14,458768,2228234,2018-07-01,2029-06-30,11,RESERVE,CONFIRMED,https://www.transfermarkt.de/sc-heerenveen/kader/verein/306/saison_id/2026/plus/1,c5575ac3b7544ec0b6c6c259e7a480f6feb44060499802d16479d9d38d1f4bf6,2026-09-12,0,,MOVE_PRESERVE_METADATA,0,,,0,0,,,,,,,,,,
235163,73692,2008-06-27,458768,458768,2026-09-01,2027-06-30,28,FIRST,CONFIRMED,https://www.transfermarkt.de/krc-genk/kader/verein/1184/saison_id/2026/plus/1,85979abe0c47d79971cc0cee642e1248d1cad9da00ea0a7a7add7591bfc915c0,2026-09-12,0,,SQUAD,0,,,0,0,,,,,,,,,,
235205,0,2007-07-12,458768,458768,2026-07-01,2027-06-30,84,FIRST,CONFIRMED,https://www.transfermarkt.de/krc-genk/kader/verein/1184/saison_id/2026/plus/1,85979abe0c47d79971cc0cee642e1248d1cad9da00ea0a7a7add7591bfc915c0,2026-09-12,0,,SQUAD,0,,,0,0,,,,,,,,,,
235262,271362,2006-04-20,458766,3145824,2026-01-28,2029-06-30,58,FIRST,CONFIRMED,https://www.transfermarkt.de/yasin-ozcan/profil/spieler/1043003,61975141de8b30f6b24a8e03be00ef2dbdd742edf545ca79447e76b2fdbe8255,2026-09-12,917506,2027-01-27,REPLACE_EXPIRED_LOAN,917506,2025-07-01,2026-06-30,-1,0,,,,,,,,,,
235334,225653,1995-12-02,458785,3145765,2024-07-01,2026-06-30,7,FIRST,CONFIRMED,https://www.transfermarkt.de/erzurumspor-fk/kader/verein/39722/saison_id/2026/plus/1,aaa2316b00aefef231faf95d7f3e3871f7c712aaa423cb88c256177acd6d2902,2026-09-12,0,,MOVE_PRESERVE_METADATA,0,,,0,0,,,,,,,,,,
235338,260931,2003-07-06,458785,1376348,2016-07-01,2026-06-30,33,FIRST,CONFIRMED,https://www.transfermarkt.de/1-fc-union-berlin/kader/verein/89/saison_id/2026/plus/1,09ae9c47f64c54ef97da615c30d6aa9ae9d953e1a3e18c00b87ea902f5a73e34,2026-09-12,0,,MOVE_PRESERVE_METADATA,0,,,0,0,,,,,,,,,,
235346,188202,1990-07-18,458785,458785,2025-01-30,2027-06-30,15,FIRST,CONFIRMED,https://www.transfermarkt.de/royal-antwerpen-fc/kader/verein/1096/saison_id/2026/plus/1,eb2b5eea86d19deaf123189c966bf44bae4a2d94614134be4d229233c58d37aa,2026-09-12,0,,SQUAD,0,,,0,0,,,,,,,,,,
235401,0,2008-01-10,458785,458775,2023-07-01,2026-06-30,0,FIRST,CONFIRMED,https://www.transfermarkt.de/oud-heverlee-leuven/kader/verein/2727/saison_id/2026/plus/1,13369b1472ae4137934608499f3a290781d8b7a96223b8e0488ea6f56621495e,2026-09-12,0,,MOVE_PRESERVE_METADATA,0,,,0,0,,,,,,,,,,
235432,234905,1998-04-16,458753,458755,2024-07-01,2028-06-30,14,FIRST,CONFIRMED,https://www.transfermarkt.de/cercle-brugge/kader/verein/520/saison_id/2026/plus/1,7cdfb59fb0a1a9a437a93f97e502615933029fa25dc8530a34a7715ac5027f03,2026-09-12,0,,MOVE_PRESERVE_METADATA,0,,,0,0,,,,,,,,,,
235462,0,2005-07-17,458753,458753,2026-01-01,2027-06-30,39,FIRST,CONFIRMED,https://www.transfermarkt.de/kaa-gent/kader/verein/157/saison_id/2026/plus/1,a5b71d08783f71f42f77878fb8e7c874a9219213a9eb349e06a527ae5323fbd1,2026-09-12,0,,SQUAD,0,,,0,0,,,,,,,,,,
235642,75782,2006-07-03,458763,1376272,2017-07-01,2027-06-30,17,FIRST,CONFIRMED,https://www.transfermarkt.de/vfb-stuttgart-ii/kader/verein/102/saison_id/2026/plus/1,282836c83b3d06fc536ab783944214e6762cd5b47e8b5db9908690b0565ef593,2026-09-12,0,,RESOLVE_EXPIRED_LOAN,1376272,2025-07-01,2026-06-30,-1,0,,,,,,,,,,
235705,239418,1998-02-15,458787,1769500,2023-07-01,2027-06-30,20,FIRST,CONFIRMED,https://www.transfermarkt.de/venezia-fc/kader/verein/607/saison_id/2026/plus/1,d88fc7110893de0f0661e79b4c48d86142d14d93f73bc112159c1995caefb0e9,2026-09-12,0,,MOVE_PRESERVE_METADATA,0,,,0,0,,,,,,,,,,
235708,279050,2002-09-03,458787,458787,2024-01-01,2027-06-30,29,FIRST,CONFIRMED,https://www.transfermarkt.de/kv-mechelen/kader/verein/354/saison_id/2026/plus/1,def54d86d9d3b7a97807ef82c6b867bdf78c5b32694c9ea844fc271b85c916a5,2026-09-12,0,,SQUAD,0,,,0,0,,,,,,,,,,
235718,246007,2002-01-24,458787,458787,2025-07-01,2028-06-30,43,FIRST,CONFIRMED,https://www.transfermarkt.de/kv-mechelen/kader/verein/354/saison_id/2026/plus/1,def54d86d9d3b7a97807ef82c6b867bdf78c5b32694c9ea844fc271b85c916a5,2026-09-12,0,,SQUAD,0,,,0,0,,,,,,,,,,
235749,0,2006-06-01,458787,458787,2026-07-01,2028-06-30,49,FIRST,CONFIRMED,https://www.transfermarkt.de/kv-mechelen/kader/verein/354/saison_id/2026/plus/1,def54d86d9d3b7a97807ef82c6b867bdf78c5b32694c9ea844fc271b85c916a5,2026-09-12,0,,SQUAD,0,,,0,0,,,,,,,,,,
235809,70781,2005-05-28,458795,917569,2026-07-10,2030-06-30,48,FIRST,CONFIRMED,https://www.transfermarkt.de/benjamin-fredrick/profil/spieler/1071138,c6b311d1c6b84355c71430e06400c60ae6c4068e0ce1e4b9993316c8745e3f32,2026-09-12,0,,RESOLVE_EXPIRED_LOAN,917569,2025-07-01,2026-06-30,-1,0,6418036,,,,,,,,,
235874,0,2007-03-25,458760,458760,2026-07-01,2027-06-30,34,FIRST,CONFIRMED,https://www.transfermarkt.de/standard-luttich/kader/verein/3057/saison_id/2026/plus/1,35f665c792bd0def9bfa349286927e0ef54a862cb91b5e4ab6b8ec3356dfa834,2026-09-12,0,,SQUAD,0,,,0,0,,,,,,,,,,
235945,71191,2005-07-11,458775,1376426,2026-01-29,2028-12-31,11,FIRST,CONFIRMED,https://www.transfermarkt.de/jovan-mijatovic/profil/spieler/673432,abeabc3c5ae23f786b81d17c38f3888a0d1f6d9591fcb2faec8c3931302ffbe1,2026-09-12,6230048,2026-12-31,REPLACE_EXPIRED_LOAN,6230048,2025-07-01,2026-06-30,-1,0,,,,,,,,,,
236040,76570,2005-06-03,458759,1376270,2026-07-01,2028-06-30,42,FIRST,CONFIRMED,https://www.transfermarkt.de/keisuke-goto/profil/spieler/916623,9a506b3db861aa3ece77443587e19582eb76f475b864f0706a1fb3e3e03c1c13,2026-09-12,0,,RESOLVE_EXPIRED_LOAN,458766,2025-07-01,2026-06-30,-1,0,6349253,,,,,,,,,
236120,0,2006-10-31,458755,458755,2026-07-01,2027-06-30,94,FIRST,CONFIRMED,https://www.transfermarkt.de/cercle-brugge/kader/verein/520/saison_id/2026/plus/1,7cdfb59fb0a1a9a437a93f97e502615933029fa25dc8530a34a7715ac5027f03,2026-09-12,0,,SQUAD,0,,,0,0,,,,,,,,,,
236129,0,2005-01-11,458755,458755,2026-07-01,2027-06-30,75,FIRST,CONFIRMED,https://www.transfermarkt.de/cercle-brugge/kader/verein/520/saison_id/2026/plus/1,7cdfb59fb0a1a9a437a93f97e502615933029fa25dc8530a34a7715ac5027f03,2026-09-12,0,,SQUAD,0,,,0,0,,,,,,,,,,
236174,251341,2001-01-05,458782,458782,2026-07-01,2028-06-30,11,FIRST,CONFIRMED,https://www.transfermarkt.de/zulte-waregem/kader/verein/3508/saison_id/2026/plus/1,0acbb0eca1723445958969f80be44f59778e527ba0095de244c35e56e3b9068e,2026-09-12,0,,SQUAD,0,,,0,0,,,,,,,,,,
236269,76721,2006-12-10,471041,458768,2026-08-18,2031-06-30,33,FIRST,CONFIRMED,https://www.transfermarkt.de/jerry-afriyie/profil/spieler/1332184,459bd99ff0161226ccff3cb3ec41077776322bb353a32303b03ba7aba1992634,2026-09-12,0,,RESOLVE_EXPIRED_LOAN,11993096,2025-07-01,2026-06-30,-1,0,6515748,,,,,,,,,
236277,79497,2002-04-17,471041,1179682,2026-01-02,2029-06-30,29,FIRST,CONFIRMED,https://www.transfermarkt.de/lucas-bretelle/profil/spieler/941561,5475241878a66eeb67c3185663635fa6277c400968e40461bf33b3b51cea3776,2026-09-12,0,,PRESERVE_PROTECTED_SQUAD,0,,,0,0,,,,,1,2460739,2460950,0,16,0
236361,73507,2003-03-15,458781,458781,2025-07-24,2028-06-30,90,FIRST,CONFIRMED,https://www.transfermarkt.de/kv-kortrijk/kader/verein/601/saison_id/2026/plus/1,a4999f54d8da64602d94dda7998adfe30af76e24e0c684550e581e845d6cfc0c,2026-09-12,0,,SQUAD,0,,,0,0,,,,,,,,,,
236369,0,2005-04-19,458781,458781,2026-07-01,2027-06-30,77,FIRST,CONFIRMED,https://www.transfermarkt.de/kv-kortrijk/kader/verein/601/saison_id/2026/plus/1,a4999f54d8da64602d94dda7998adfe30af76e24e0c684550e581e845d6cfc0c,2026-09-12,0,,SQUAD,0,,,0,0,,,,,,,,,,
236433,248603,2001-06-13,458802,786442,2024-07-01,2026-06-30,5,FIRST,CONFIRMED,https://www.transfermarkt.de/ac-sparta-prag/kader/verein/197/saison_id/2026/plus/1,6b74c895ae1857517e5325904312eb2643155a1ddb4be2ba7e884a9840dcea35,2026-09-12,0,,MOVE_PRESERVE_METADATA,0,,,0,0,,,,,,,,,,
236874,277647,2003-05-15,458801,458759,2025-07-01,2026-06-30,9,FIRST,CONFIRMED,https://www.transfermarkt.de/vv-st-truiden/kader/verein/475/saison_id/2026/plus/1,c0e976a963b2c1507ec52e39bab62ae405f89e7c2149e5b8ecc88e56b4f6ff7a,2026-09-12,0,,MOVE_PRESERVE_METADATA,0,,,0,0,,,,,,,,,,
237048,0,2008-05-11,458783,458783,2026-07-01,2028-06-30,17,FIRST,CONFIRMED,https://www.transfermarkt.de/lommel-sk/kader/verein/5026/saison_id/2026/plus/1,9ff756a9f65fb1a83d753e141d2c89530fd8a9311bba2096f5846c718c381d8a,2026-09-12,0,,SQUAD,0,,,0,0,,,,,,,,,,
237699,0,2005-03-13,471346,458763,2024-07-01,2027-06-30,99,FIRST,CONFIRMED,https://www.transfermarkt.de/kvc-westerlo/kader/verein/968/saison_id/2026/plus/1,4b321535def794641a57896ea3b395b11fb16964a25bb51fab6f75bf5e2a3382,2026-09-12,0,,RESOLVE_EXPIRED_LOAN,458763,2025-07-01,2026-06-30,-1,0,,,,,,,,,,
237880,0,2000-08-18,458772,458761,2024-07-01,2026-06-30,1,FIRST,CONFIRMED,https://www.transfermarkt.de/royal-charleroi-sc/kader/verein/172/saison_id/2026/plus/1,be345af7e14ab40246420c64e873b34283e56e8aafa6f5b344acf44cf11dfec1,2026-09-12,0,,MOVE_PRESERVE_METADATA,0,,,0,0,,,,,,,,,,
243646,0,2001-09-05,528390,2949137,2022-07-01,2029-06-30,7,FIRST,CONFIRMED,https://www.transfermarkt.de/racing-santander/kader/verein/630/saison_id/2026/plus/1,18a40c3ef461fb12859ab644f10535935a6e0f3b45aa680347aab5a3a4eda60f,2026-09-12,0,,MOVE_PRESERVE_METADATA,0,,,0,0,,,,,,,,,,
243830,276704,2001-08-09,528393,458760,2025-07-01,2026-06-30,35,FIRST,CONFIRMED,https://www.transfermarkt.de/standard-luttich/kader/verein/3057/saison_id/2026/plus/1,35f665c792bd0def9bfa349286927e0ef54a862cb91b5e4ab6b8ec3356dfa834,2026-09-12,0,,MOVE_PRESERVE_METADATA,0,,,0,0,,,,,,,,,,
249555,192358,1990-06-06,593976,2228241,2026-09-11,2028-06-30,22,FIRST,CONFIRMED,https://www.transfermarkt.de/eredivisie/transfers/wettbewerb/NL1/saison_id/2026,11dc5cade25e44ad6fb6a4fa951faaf3fb97825e83aa2704c9ddc2f99499f336,2026-09-12,0,,SQUAD,0,,,0,0,6582085,,,,,,,,,
255346,246608,1997-04-09,5439489,2949133,2021-07-01,2026-06-30,8,FIRST,CONFIRMED,https://www.transfermarkt.de/real-betis-sevilla/kader/verein/150/saison_id/2026/plus/1,2aaeb64f077be646ab6ba33019bafa8f7b5b68e0e5fcd67c1dde6bed8f42133c,2026-09-12,0,,MOVE_PRESERVE_METADATA,0,,,0,0,,,,,,,,,,
257159,255312,2001-09-26,917566,1376425,2024-07-01,2027-06-30,23,FIRST,CONFIRMED,https://www.transfermarkt.de/fc-st-pauli/kader/verein/35/saison_id/2026/plus/1,cb3581752f3910c559c9f42a6cbb09551a6187c6a88b14cfcc35019d0c02bc47,2026-09-12,0,,RESOLVE_EXPIRED_LOAN,1376425,2025-07-01,2026-06-30,0,0,,,,,,,,,,
257500,0,2006-05-08,1384542,1376446,2024-07-01,2028-06-30,36,FIRST,CONFIRMED,https://www.transfermarkt.de/oskar-hill/profil/spieler/984474,e7131e7872af750fcfe567b9e524ddf31ee73385453f4e1b234940d3020ca4ee,2026-09-12,0,,RESOLVE_EXPIRED_LOAN,1376446,2025-07-01,2026-06-30,-1,0,5712995,,,,,,,,,
258546,278928,2005-05-08,917553,1769492,2026-07-13,2028-06-30,20,FIRST,CONFIRMED,https://www.transfermarkt.de/alex-jimenez/profil/spieler/741257,e1286580d6bd8225e0c02187e28a634269dbc79f048dd609e9cf979469fce036,2026-09-12,917553,2027-06-30,REPLACE_EXPIRED_LOAN,1769474,2025-07-01,2026-06-30,18500000,0,,,,,,,,,,
259041,255703,2000-03-10,917520,458755,2026-09-10,2028-06-30,18,FIRST,CONFIRMED,https://www.transfermarkt.de/jupiler-pro-league/transfers/wettbewerb/BE1/saison_id/2026,b7bb2a6732c6fd36f5bc04c1a381201e6b000a9931eb01f1c8cd74786f19bd7c,2026-09-12,0,,SQUAD,0,,,0,0,6581821,,,,,,,,,
259494,257126,2003-03-30,917515,917513,2026-01-19,2028-06-30,28,FIRST,CONFIRMED,https://www.transfermarkt.de/teddy-sharman-lowe/profil/spieler/731466,0a020b0d44496089b9af6ee844b18ed8e110def21e494d3a38ba5efb2d47a32b,2026-09-12,0,,RESOLVE_EXPIRED_LOAN,917513,2025-07-01,2026-06-30,-1,0,,,,,,,,,,
260010,236976,1998-10-30,2883604,1376278,2023-07-01,2026-06-30,17,FIRST,CONFIRMED,https://www.transfermarkt.de/sg-dynamo-dresden/kader/verein/129/saison_id/2026/plus/1,e7de409708fb7109444d4f9163d9959ec24a63b876d33dbfb1a3f2afff6bb65f,2026-09-12,0,,MOVE_PRESERVE_METADATA,0,,,0,0,,,,,,,,,,
260251,264880,2003-09-08,917530,917530,2026-07-11,2031-06-30,17,FIRST,CONFIRMED,https://www.transfermarkt.de/coventry-city/kader/verein/990/saison_id/2026/plus/1,f8b6df3a235487785b5388c90b2e9ed50f43a330cba1ff3e2ab5138484452aae,2026-09-12,0,,SQUAD,0,,,0,0,,,,,,,,,,
261112,258444,2001-07-01,917506,917535,2025-07-01,2030-06-30,29,FIRST,CONFIRMED,https://www.transfermarkt.de/crystal-palace/kader/verein/873/saison_id/2026/plus/1,5b0d8110693231bc9cfcbf4e744171ea18f83dc20ff4c35e294cf84c098ae7ac,2026-09-12,0,,MOVE_PRESERVE_METADATA,0,,,0,0,,,,,,,,,,
261545,264509,2004-01-16,917534,1769488,2022-01-26,2029-06-30,14,FIRST,CONFIRMED,https://www.transfermarkt.de/james-abankwah/profil/spieler/648032,d20d8335e342a6217d037b5ab28c34a0f58f0f3e4e57ac1540d176694d2e3ca1,2026-09-12,0,,RESOLVE_EXPIRED_LOAN,1769488,2025-07-01,2026-06-30,-1,0,,,,,,,,,,
262604,270409,2004-04-10,917518,917514,2024-07-01,2031-06-30,26,FIRST,CONFIRMED,https://www.transfermarkt.de/tottenham-hotspur/kader/verein/148/saison_id/2026/plus/1,007fc11048dc50b4cfd2c580b82958bb7cc02f984af0af71c4079e53b5c71390,2026-09-12,0,,MOVE_PRESERVE_METADATA,0,,,0,0,,,,,,,,,,
263376,240916,1997-10-08,655362,1376266,2025-07-01,2029-06-30,77,FIRST,CONFIRMED,https://www.transfermarkt.de/fc-schalke-04/kader/verein/33/saison_id/2026/plus/1,a9ed4724b397b1d2e983c42cd58b22eee88dad2e22e96a26bd8a21ee813c34b7,2026-09-12,0,,MOVE_PRESERVE_METADATA,0,,,0,0,,,,,,,,,,
265015,0,2005-08-23,262150,790530,2025-07-01,2026-06-30,8,RESERVE,CONFIRMED,https://www.transfermarkt.de/fc-hradec-kralove/kader/verein/1897/saison_id/2026/plus/1,9f165382686e89ef721bef5137a1368d6a21993eeb3b6a2f26d9e63870638938,2026-09-12,0,,MOVE_PRESERVE_METADATA,0,,,0,0,,,,,,,,,,
265235,236758,1999-03-22,262154,1769492,2023-08-10,2028-06-30,53,FIRST,CONFIRMED,https://www.transfermarkt.de/oliver-christensen/profil/spieler/471936,bcd15874d6872e8fd236de37585b8d24603818d674ddc1077f823147cc6110e7,2026-09-12,0,,RESOLVE_EXPIRED_LOAN,1769492,2025-07-01,2026-06-30,-1,0,,,,,,,,,,
265237,270033,2003-10-06,262154,1376261,2025-07-01,2029-06-30,15,FIRST,CONFIRMED,https://www.transfermarkt.de/tim-oermann/profil/spieler/696164,b26c447668eb674e256eb402d015e715b14d85d6dadffb3edbe45084604d9ce2,2026-09-12,0,,RESOLVE_EXPIRED_LOAN,1376261,2025-07-01,2026-06-30,0,0,,,,,,,,,,
265834,75839,2004-09-04,917573,917553,2025-01-01,2027-06-30,47,FIRST,CONFIRMED,https://www.transfermarkt.de/ben-winterburn/profil/spieler/854721,1c0813223850ba7cb02d7cc0acf493caa11bbebc946d196abeae8d51d8a7eb2d,2026-09-12,0,,RESOLVE_EXPIRED_LOAN,917553,2025-07-01,2026-06-30,-1,0,5909618,,,,,,,,,
266196,0,2005-01-23,1376571,1376272,2024-07-01,2027-06-30,40,RESERVE,CONFIRMED,https://www.transfermarkt.de/peter-reinhardt/profil/spieler/907479,6a15703847b061a79939d6e85c5d52483339612fd75667ba8ab2fdf492d50a4d,2026-09-12,0,,RESOLVE_EXPIRED_LOAN,1376272,2025-07-01,2026-06-30,-1,0,5915259,,,,,,,,,
266377,74981,2003-07-23,262193,3145826,2024-07-01,2028-06-30,27,FIRST,CONFIRMED,https://www.transfermarkt.de/trabzonspor/kader/verein/449/saison_id/2026/plus/1,46d6b6df3f94c27fce5372bec00addc6ddbe5736f874af98f7a926a67acd515f,2026-09-12,0,,MOVE_PRESERVE_METADATA,0,,,0,0,,,,,,,,,,
266490,218659,1995-09-18,917522,917532,2022-07-01,2027-06-30,3,FIRST,CONFIRMED,https://www.transfermarkt.de/hull-city/kader/verein/3008/saison_id/2026/plus/1,95d27e3b77eef2306101f2b6eab92a02d56308a31e0d34299be2fa82dcf331db,2026-09-12,0,,RESOLVE_EXPIRED_LOAN,917523,2025-07-01,2026-06-30,-1,0,,,,,,,,,,
266703,0,2007-10-02,1376438,1376433,2022-07-01,2028-06-30,34,FIRST,CONFIRMED,https://www.transfermarkt.de/tsg-1899-hoffenheim-ii/kader/verein/983/saison_id/2026/plus/1,ab3835df09261faf7ddd2ed9c07b00f74ba9f141891a5f719f13e9b204f6234d,2026-09-12,0,,MOVE_PRESERVE_METADATA,0,,,0,0,,,,,,,,,,
266864,275067,2004-01-30,917539,1769500,2024-07-01,2029-06-30,22,FIRST,CONFIRMED,https://www.transfermarkt.de/venezia-fc/kader/verein/607/saison_id/2026/plus/1,d88fc7110893de0f0661e79b4c48d86142d14d93f73bc112159c1995caefb0e9,2026-09-12,0,,MOVE_PRESERVE_METADATA,0,,,0,0,,,,,,,,,,
267421,0,2005-10-21,1376434,1376265,2026-07-01,2027-06-30,24,FIRST,CONFIRMED,https://www.transfermarkt.de/fc-hansa-rostock/kader/verein/30/saison_id/2026/plus/1,6da33a7ccf32faa9ebb0b7823a0ee5537fb70bfe8ee363795199b5de4015e0f1,2026-09-12,1376434,2027-06-30,SQUAD,0,,,0,0,,,,,,,,,,
267781,230839,1997-02-07,917551,3145777,2024-07-01,2026-06-30,3,FIRST,CONFIRMED,https://www.transfermarkt.de/eyupspor/kader/verein/7160/saison_id/2026/plus/1,f4f3375da68b82c3bad1b9efcd11d29ed67584c0d829b173c80cc388820bec9c,2026-09-12,0,,MOVE_PRESERVE_METADATA,0,,,0,0,,,,,,,,,,
267822,271977,2003-09-03,917613,917509,2024-07-01,2027-06-30,95,FIRST,CONFIRMED,https://www.transfermarkt.de/harvey-davies/profil/spieler/706815,48240c4cb366f376333d8b6e2c72e4546e6298051055bccfac91e700abfc4a35,2026-09-12,0,,RESOLVE_EXPIRED_LOAN,917509,2025-07-01,2026-06-30,-1,0,,,,,,,,,,
267997,0,2006-11-12,1378815,1376348,2021-07-01,2027-06-30,29,FIRST,CONFIRMED,https://www.transfermarkt.de/1-fc-union-berlin/kader/verein/89/saison_id/2026/plus/1,09ae9c47f64c54ef97da615c30d6aa9ae9d953e1a3e18c00b87ea902f5a73e34,2026-09-12,0,,RESOLVE_EXPIRED_LOAN,1376348,2025-01-01,2026-06-30,0,0,,,,,,,,,,
268107,0,1999-02-11,1378814,1376347,2022-07-01,2026-06-30,10,FIRST,CONFIRMED,https://www.transfermarkt.de/sv-meppen/kader/verein/247/saison_id/2026/plus/1,bb6dac7a3a8a8d7c79b23424ccb65850442347058ab16c823460c547dc72588a,2026-09-12,0,,MOVE_PRESERVE_METADATA,0,,,0,0,,,,,,,,,,
268481,80194,2003-12-31,1376539,1376436,2024-07-01,2027-06-30,17,FIRST,CONFIRMED,https://www.transfermarkt.de/ssv-jahn-regensburg/kader/verein/109/saison_id/2026/plus/1,910d9ceb2a6fd8df9083100aef021ed429578cccc99acb9d4ad7d388c93d13bd,2026-09-12,0,,RESOLVE_EXPIRED_LOAN,1376421,2025-07-01,2026-06-30,-1,0,,,,,,,,,,
268671,275284,2004-03-11,1376414,1376420,2018-07-01,2027-06-30,1,FIRST,CONFIRMED,https://www.transfermarkt.de/vfl-osnabruck/kader/verein/81/saison_id/2026/plus/1,e705d735d9e41aeb7a7781affacb5ed1a2f31cc8fd9e319c826182a9e12937a6,2026-09-12,0,,RESOLVE_EXPIRED_LOAN,1376420,2025-07-01,2026-06-30,-1,0,,,,,,,,,,
268785,278965,2005-01-16,262169,786450,2023-10-20,2029-06-30,30,FIRST,CONFIRMED,https://www.transfermarkt.de/viktor-baier/profil/spieler/947524,ae2cf7afc4db57c57039dc11d56fad8c5d2adeb5cfa02d64b0ee64675e5da4f8,2026-09-12,0,,RESOLVE_EXPIRED_LOAN,786450,2025-07-01,2026-06-30,-1,0,,,,,,,,,,
269516,274989,2004-01-07,1376358,1376258,2023-07-01,2027-06-30,46,FIRST,CONFIRMED,https://www.transfermarkt.de/nicolas-ortegel/profil/spieler/666167,0135239d27bf105ec3373829905d7cc47cc581e59234b030a738add510aed966,2026-09-12,0,,RESOLVE_EXPIRED_LOAN,1376258,2025-07-01,2026-06-30,0,0,5713972,,,,,,,,,
269565,244707,2000-06-06,1376467,1376282,2023-07-01,2027-06-30,26,FIRST,CONFIRMED,https://www.transfermarkt.de/ekin-celebi/profil/spieler/520908,85802c27baa2244160f804c254f4dff73a8f18f7ba5f3dd3b81b7114dbfa799d,2026-09-12,0,,RESOLVE_EXPIRED_LOAN,1376282,2025-07-01,2026-06-30,-1,0,5912625,,,,,,,,,
269629,0,2003-03-16,3355040,786439,2021-07-01,2026-06-30,10,FIRST,CONFIRMED,https://www.transfermarkt.de/sk-sigma-olmutz/kader/verein/2311/saison_id/2026/plus/1,c61d1f22a4e21ac99834db236d5c613fdf98db28632452029778a0c82954b875,2026-09-12,0,,MOVE_PRESERVE_METADATA,0,,,0,0,,,,,,,,,,
269699,76291,2006-06-29,1376291,1376421,2023-07-01,2026-06-30,41,FIRST,CONFIRMED,https://www.transfermarkt.de/sc-paderborn-07/kader/verein/127/saison_id/2026/plus/1,2bc1c2dc6af19cdfe4c15f929f45c9c1b3aeb6d1349fe49c0cbceca9a06d7cde,2026-09-12,0,,MOVE_PRESERVE_METADATA,0,,,0,0,,,,,,,,,,
269708,0,2005-10-01,1376291,1376540,2026-07-01,2027-06-30,21,RESERVE,CONFIRMED,https://www.transfermarkt.de/wurzburger-kickers/kader/verein/1557/saison_id/2026/plus/1,9dbdd312708d7d42a15f61c7f3845b1923e56748dcb9145650ba0c4e99195940,2026-09-12,1376291,2027-06-30,SQUAD,0,,,0,0,,,,,,,,,,
269921,270210,1999-11-18,3346467,1376283,2025-07-01,2026-06-30,18,FIRST,CONFIRMED,https://www.transfermarkt.de/karlsruher-sc/kader/verein/48/saison_id/2026/plus/1,502be878e53560db93a5e23bc70c24b09c8a3f9aa264941d3a29a99a7083b789,2026-09-12,0,,MOVE_PRESERVE_METADATA,0,,,0,0,,,,,,,,,,
269972,0,2006-05-22,3354941,1769483,2021-07-01,2029-06-30,9,FIRST,CONFIRMED,https://www.transfermarkt.de/us-lecce/kader/verein/1005/saison_id/2026/plus/1,f70b73ab0beef18f4707e1b846172f928bd484c8e6abc3aab35570487739b4bc,2026-09-12,0,,RESOLVE_EXPIRED_LOAN,3355005,2025-07-01,2026-06-30,-1,0,,,,,,,,,,
270191,0,2002-07-16,3342339,2490381,2024-07-01,2030-06-30,94,FIRST,CONFIRMED,https://www.transfermarkt.de/rio-ave-fc/kader/verein/2425/saison_id/2026/plus/1,37a8a108e9b2165ce80a23cc2e2c874e6dbc5c341de869d1bdffc8cd3bf8f10c,2026-09-12,0,,MOVE_PRESERVE_METADATA,0,,,0,0,,,,,,,,,,
270570,70524,2001-02-14,2570652,1769510,2024-01-27,2027-06-30,99,FIRST,CONFIRMED,https://www.transfermarkt.de/franz-stolz/profil/spieler/462699,011a6374ff338d0dd71eb2a82712db1b13878d0e82458b71c51dc1ef6ffdcc1a,2026-09-12,0,,RESOLVE_EXPIRED_LOAN,1769510,2025-07-01,2026-06-30,-1,0,,,,,,,,,,
270953,274099,1999-09-21,2555910,2494468,2026-07-01,2027-06-30,77,FIRST,CONFIRMED,https://www.transfermarkt.de/academico-viseu-fc/kader/verein/7788/saison_id/2026/plus/1,340241555ec1793a42690aa5ffe614fb73194989e73960db5786f409bd3783e4,2026-09-12,2555910,2027-06-30,SQUAD,0,,,0,0,,,,,,,,,,
271020,73400,1999-05-07,2555907,917509,2025-07-01,2027-06-30,14,FIRST,CONFIRMED,https://www.transfermarkt.de/fc-liverpool/kader/verein/31/saison_id/2026/plus/1,03f6f6108aec08d5028c45b59b341f94eb0a4ac80c8d3246a9cf1767419f8789,2026-09-12,0,,MOVE_PRESERVE_METADATA,0,,,0,0,,,,,,,,,,
271154,270514,2001-08-02,1376436,1376283,2023-07-01,2026-06-30,11,FIRST,CONFIRMED,https://www.transfermarkt.de/karlsruher-sc/kader/verein/48/saison_id/2026/plus/1,502be878e53560db93a5e23bc70c24b09c8a3f9aa264941d3a29a99a7083b789,2026-09-12,0,,MOVE_PRESERVE_METADATA,0,,,0,0,,,,,,,,,,
271442,257081,2002-03-08,1376406,1376258,2024-07-01,2026-06-30,34,FIRST,CONFIRMED,https://www.transfermarkt.de/1-fc-nurnberg/kader/verein/4/saison_id/2026/plus/1,1d02eebfb6b905a4b771fed6091258b15847c4bfb1b6d4bd643980220ba21ebd,2026-09-12,0,,MOVE_PRESERVE_METADATA,0,,,0,0,,,,,,,,,,
271547,240941,2000-08-05,262159,3145777,2023-07-01,2027-06-30,19,FIRST,CONFIRMED,https://www.transfermarkt.de/eyupspor/kader/verein/7160/saison_id/2026/plus/1,f4f3375da68b82c3bad1b9efcd11d29ed67584c0d829b173c80cc388820bec9c,2026-09-12,0,,MOVE_PRESERVE_METADATA,0,,,0,0,,,,,,,,,,
271915,276312,1998-07-11,1376282,1376444,2026-09-01,2027-06-30,37,FIRST,CONFIRMED,https://www.transfermarkt.de/jannik-mause/profil/spieler/331515,9c0257ff00d3d3df4bd27462d67a65fe0a1ca8a64da2006c3f43939a5065fcf5,2026-09-12,0,,RESOLVE_EXPIRED_LOAN,1376257,2025-07-01,2026-06-30,600000,0,6556114,,,,,,,,,
271919,239666,1999-07-25,1376282,1376373,2022-07-01,2026-06-30,26,FIRST,CONFIRMED,https://www.transfermarkt.de/1-fc-magdeburg/kader/verein/187/saison_id/2026/plus/1,d0ff31a4349276164899e3293cd9c2c30e400169104ef2ece40cfdb9b3d70c93,2026-09-12,0,,MOVE_PRESERVE_METADATA,0,,,0,0,,,,,,,,,,
271938,0,2007-04-28,1376282,1376259,2022-07-01,2026-06-30,0,FIRST,CONFIRMED,https://www.transfermarkt.de/1-fsv-mainz-05/kader/verein/39/saison_id/2026/plus/1,a0ac0e0c9eb47a3776e4e43c8257aa032114b35240aadb843dc1c757a5313de7,2026-09-12,0,,MOVE_PRESERVE_METADATA,0,,,0,0,,,,,,,,,,
272306,263025,2002-04-08,1376420,1376442,2023-07-01,2026-06-30,18,FIRST,CONFIRMED,https://www.transfermarkt.de/sv-darmstadt-98/kader/verein/105/saison_id/2026/plus/1,807e79c80e44c91b1d4926d0fb6534a3276b98489473cc35d4238a5a660a95f9,2026-09-12,0,,MOVE_PRESERVE_METADATA,0,,,0,0,,,,,,,,,,
272328,268652,2005-08-06,1376420,1376283,2020-07-01,2026-06-30,19,FIRST,CONFIRMED,https://www.transfermarkt.de/karlsruher-sc/kader/verein/48/saison_id/2026/plus/1,502be878e53560db93a5e23bc70c24b09c8a3f9aa264941d3a29a99a7083b789,2026-09-12,0,,MOVE_PRESERVE_METADATA,0,,,0,0,,,,,,,,,,
272442,188538,1991-02-16,1179721,1179681,2024-07-01,2026-06-30,23,FIRST,CONFIRMED,https://www.transfermarkt.de/le-havre-ac/kader/verein/738/saison_id/2026/plus/1,c689367405332b2d53df382c7e86172b8f1c4f1721cf694d45fd4f70cea2659b,2026-09-12,0,,MOVE_PRESERVE_METADATA,0,,,0,0,,,,,,,,,,
272456,73430,2006-06-15,458763,458763,2026-08-27,2030-06-30,26,FIRST,CONFIRMED,https://www.transfermarkt.de/kvc-westerlo/kader/verein/968/saison_id/2026/plus/1,4b321535def794641a57896ea3b395b11fb16964a25bb51fab6f75bf5e2a3382,2026-09-12,0,,SQUAD,0,,,0,0,,,,,,,,,,
272485,0,2006-10-23,458787,458787,2026-09-03,2030-06-30,30,FIRST,CONFIRMED,https://www.transfermarkt.de/kv-mechelen/kader/verein/354/saison_id/2026/plus/1,def54d86d9d3b7a97807ef82c6b867bdf78c5b32694c9ea844fc271b85c916a5,2026-09-12,0,,SQUAD,0,,,0,0,,,,,,,,,,
272744,257273,2001-11-18,1376276,1376263,2020-07-13,2027-06-30,23,FIRST,CONFIRMED,https://www.transfermarkt.de/jan-olschowsky/profil/spieler/455922,82c624ed1134bf135ec2b16a035f2e974970a1e87dae5886de67688025586688,2026-09-12,0,,RESOLVE_EXPIRED_LOAN,1376263,2025-07-01,2026-06-30,-1,0,,,,,,,,,,
272755,73294,2003-05-10,1376276,1376373,2024-07-01,2027-06-30,29,FIRST,CONFIRMED,https://www.transfermarkt.de/1-fc-magdeburg/kader/verein/187/saison_id/2026/plus/1,d0ff31a4349276164899e3293cd9c2c30e400169104ef2ece40cfdb9b3d70c93,2026-09-12,0,,RESOLVE_EXPIRED_LOAN,1376373,2025-07-01,2026-06-30,0,0,,,,,,,,,,
272764,73995,2006-05-19,1376276,1376288,2026-09-01,2029-06-30,37,FIRST,CONFIRMED,https://www.transfermarkt.de/spvgg-greuther-furth/kader/verein/65/saison_id/2026/plus/1,582a3d28fdc7b95bf59c3bf33f2d9b2847185d2a8fd3682db98bcd5e3a81d68b,2026-09-12,0,,SQUAD,0,,,0,0,,,,,,,,,,
272837,255216,2001-02-05,1179687,1179654,2023-07-25,2027-06-30,11,FIRST,CONFIRMED,https://www.transfermarkt.de/eros-maddy/profil/spieler/412934,826a641f1338a546b3607c71c027a177235ef4092c6ae92169c9dcd05c176dac,2026-09-12,0,,RESOLVE_EXPIRED_LOAN,1179654,2025-07-01,2026-06-30,-1,0,5909130,,,,,,,,,
273077,248823,1999-01-27,1376280,1376278,2025-07-01,2026-06-30,44,FIRST,CONFIRMED,https://www.transfermarkt.de/sg-dynamo-dresden/kader/verein/129/saison_id/2026/plus/1,e7de409708fb7109444d4f9163d9959ec24a63b876d33dbfb1a3f2afff6bb65f,2026-09-12,0,,MOVE_PRESERVE_METADATA,0,,,0,0,,,,,,,,,,
273631,256282,1993-02-24,1376406,1376406,2026-09-07,2027-06-30,23,FIRST,CONFIRMED,https://www.transfermarkt.de/sc-verl/kader/verein/93/saison_id/2026/plus/1,bd69b9b6c3fd17e062c0bf50a17563b42a98d2c42534eeab1330ee7efa38071a,2026-09-12,0,,SQUAD,0,,,0,0,,,,,,,,,,
273633,260014,2002-01-04,1376287,1376283,2023-07-01,2026-06-30,23,FIRST,CONFIRMED,https://www.transfermarkt.de/karlsruher-sc/kader/verein/48/saison_id/2026/plus/1,502be878e53560db93a5e23bc70c24b09c8a3f9aa264941d3a29a99a7083b789,2026-09-12,0,,MOVE_PRESERVE_METADATA,0,,,0,0,,,,,,,,,,
273729,263949,2003-05-16,262147,1769483,2024-07-01,2029-06-30,6,FIRST,CONFIRMED,https://www.transfermarkt.de/us-lecce/kader/verein/1005/saison_id/2026/plus/1,f70b73ab0beef18f4707e1b846172f928bd484c8e6abc3aab35570487739b4bc,2026-09-12,0,,MOVE_PRESERVE_METADATA,0,,,0,0,,,,,,,,,,
274071,266728,2000-04-19,2555909,1769528,2026-07-01,2029-06-30,9,FIRST,CONFIRMED,https://www.transfermarkt.de/frosinone-calcio/kader/verein/8970/saison_id/2026/plus/1,a104cee425f087aec46f2bde8eae8e0ec4f532d7e3edc12039ec6bf4b78c5a16,2026-09-12,2555909,2027-06-30,SQUAD,0,,,0,0,,,,,,,,,,
274305,279115,2005-02-25,1376258,1376270,2020-07-01,2028-06-30,21,FIRST,CONFIRMED,https://www.transfermarkt.de/sc-freiburg/kader/verein/60/saison_id/2026/plus/1,e62e19efa9614998b4f5177da82a997a537a7c947c1c8872e3857207ec428e4f,2026-09-12,0,,RESOLVE_EXPIRED_LOAN,1376270,2024-07-01,2026-06-30,0,0,,,,,,,,,,
274307,271721,2003-09-04,1376258,1179667,2025-07-01,2030-06-30,21,FIRST,CONFIRMED,https://www.transfermarkt.de/pape-demba-diop/profil/spieler/949113,a4768b7ac757f0d8ca87be20adc22e5bc1aa5b36f522938400e5b85acce953c4,2026-09-12,0,,RESOLVE_EXPIRED_LOAN,1179667,2025-07-01,2026-06-30,-1,0,6102628,,,,,,,,,
274314,270012,1999-09-03,1376258,1376260,2026-07-01,2028-06-30,7,FIRST,CONFIRMED,https://www.transfermarkt.de/henri-koudossou/profil/spieler/515624,961798a2aacf8ef3e338b66a39753eaf489e2b3ba4ea80fad1ad97c945f2ed72,2026-09-12,0,,RESOLVE_EXPIRED_LOAN,1376431,2025-07-01,2026-06-30,0,0,6381580,,,,,,,,,
274322,74749,2007-08-10,1376258,2228241,2026-01-30,2028-06-30,18,FIRST,CONFIRMED,https://www.transfermarkt.de/artem-stepanov/profil/spieler/1045344,4cc32447525983f5deb11caf5d8efdb89a44cae2f8742637ceb52a4bcbe2b12e,2026-09-12,1376261,2027-06-30,REPLACE_EXPIRED_LOAN,1376261,2025-07-01,2026-06-30,-1,0,,,,,,,,,,
274803,264168,2004-03-03,1376278,1376276,2026-09-01,2029-06-30,44,FIRST,CONFIRMED,https://www.transfermarkt.de/alemannia-aachen/kader/verein/8/saison_id/2026/plus/1,d50319c6c39283dd66c83e32c0e53c0fbab8eb26ba138f0fe6e86b3dfc2b9c0b,2026-09-12,0,,SQUAD,0,,,0,0,,,,,,,,,,
275098,0,2006-04-20,1376266,1376446,2025-07-01,2029-06-30,23,RESERVE,CONFIRMED,https://www.transfermarkt.de/fc-viktoria-koln/kader/verein/1622/saison_id/2026/plus/1,b7bfc92e8e7c5a16b30c7b0ff346d1259614911747f68b6cb84920bb2afd1606,2026-09-12,0,,MOVE_PRESERVE_METADATA,0,,,0,0,,,,,,,,,,
275171,248765,1999-08-27,1376426,1376302,2024-07-01,2026-06-30,32,FIRST,CONFIRMED,https://www.transfermarkt.de/1-fc-heidenheim-1846/kader/verein/2036/saison_id/2026/plus/1,36e24e4c10d034372cc86f2815daf3eafd1f3551697053d3716bf14e8bbbab12,2026-09-12,0,,MOVE_PRESERVE_METADATA,0,,,0,0,,,,,,,,,,
275403,209504,1993-01-12,1376288,1376425,2019-07-01,2026-06-30,10,FIRST,CONFIRMED,https://www.transfermarkt.de/fc-st-pauli/kader/verein/35/saison_id/2026/plus/1,cb3581752f3910c559c9f42a6cbb09551a6187c6a88b14cfcc35019d0c02bc47,2026-09-12,0,,MOVE_PRESERVE_METADATA,0,,,0,0,,,,,,,,,,
275406,276660,2002-12-06,1376288,1376432,2026-07-01,2027-06-30,9,FIRST,CONFIRMED,https://www.transfermarkt.de/sv-07-elversberg/kader/verein/64/saison_id/2026/plus/1,ac54bb8cfcfed8b072f1b208573d831ba987c384a94a38fe45024bff098be56e,2026-09-12,1376288,2027-06-30,SQUAD,0,,,0,0,,,,,,,,,,
275631,255036,2001-09-13,1376267,1376259,2022-07-01,2026-06-30,11,FIRST,CONFIRMED,https://www.transfermarkt.de/1-fsv-mainz-05/kader/verein/39/saison_id/2026/plus/1,a0ac0e0c9eb47a3776e4e43c8257aa032114b35240aadb843dc1c757a5313de7,2026-09-12,0,,MOVE_PRESERVE_METADATA,0,,,0,0,,,,,,,,,,
275639,263056,1998-11-29,1376267,1376268,2026-09-01,2028-06-30,44,FIRST,CONFIRMED,https://www.transfermarkt.de/hannover-96/kader/verein/42/saison_id/2026/plus/1,1215cddc874fab7e50402cb82ad6c5ca92f8ced09d37a9d8569043058176a32f,2026-09-12,0,,SQUAD,0,,,0,0,,,,,,,,,,
275646,262045,2004-02-25,1376267,1376442,2022-07-01,2026-06-30,2,FIRST,CONFIRMED,https://www.transfermarkt.de/sv-darmstadt-98/kader/verein/105/saison_id/2026/plus/1,807e79c80e44c91b1d4926d0fb6534a3276b98489473cc35d4238a5a660a95f9,2026-09-12,0,,MOVE_PRESERVE_METADATA,0,,,0,0,,,,,,,,,,
275647,74102,2005-07-20,1376267,1179667,2026-08-14,2031-06-30,19,FIRST,CONFIRMED,https://www.transfermarkt.de/racing-strassburg/kader/verein/667/saison_id/2026/plus/1,fccce58645fe78054a145422d6552e5063a2af42aa0162b26c1d373f842bfa0c,2026-09-12,0,,SQUAD,0,,,0,0,,,,,,,,,,
275696,0,2005-09-07,1376267,1376432,2025-07-01,2027-06-30,19,RESERVE,CONFIRMED,https://www.transfermarkt.de/sv-07-elversberg/kader/verein/64/saison_id/2026/plus/1,ac54bb8cfcfed8b072f1b208573d831ba987c384a94a38fe45024bff098be56e,2026-09-12,0,,MOVE_PRESERVE_METADATA,0,,,0,0,,,,,,,,,,
275760,262117,2001-06-23,1376268,1376278,2023-07-01,2026-06-30,37,FIRST,CONFIRMED,https://www.transfermarkt.de/sg-dynamo-dresden/kader/verein/129/saison_id/2026/plus/1,e7de409708fb7109444d4f9163d9959ec24a63b876d33dbfb1a3f2afff6bb65f,2026-09-12,0,,MOVE_PRESERVE_METADATA,0,,,0,0,,,,,,,,,,
275991,74464,2005-05-17,1376260,1376433,2021-07-01,2027-06-30,20,FIRST,CONFIRMED,https://www.transfermarkt.de/tsg-1899-hoffenheim-ii/kader/verein/983/saison_id/2026/plus/1,ab3835df09261faf7ddd2ed9c07b00f74ba9f141891a5f719f13e9b204f6234d,2026-09-12,0,,RESOLVE_EXPIRED_LOAN,1376433,2025-07-01,2026-06-30,-1,0,,,,,,,,,,
276084,242958,1998-07-22,1376419,1376373,2025-07-01,2026-06-30,3,FIRST,CONFIRMED,https://www.transfermarkt.de/1-fc-magdeburg/kader/verein/187/saison_id/2026/plus/1,d0ff31a4349276164899e3293cd9c2c30e400169104ef2ece40cfdb9b3d70c93,2026-09-12,0,,MOVE_PRESERVE_METADATA,0,,,0,0,,,,,,,,,,
276085,244024,2001-02-16,1376419,1376421,2025-07-01,2026-06-30,17,FIRST,CONFIRMED,https://www.transfermarkt.de/sc-paderborn-07/kader/verein/127/saison_id/2026/plus/1,2bc1c2dc6af19cdfe4c15f929f45c9c1b3aeb6d1349fe49c0cbceca9a06d7cde,2026-09-12,0,,MOVE_PRESERVE_METADATA,0,,,0,0,,,,,,,,,,
276088,276287,2002-06-19,1376419,1376421,2016-07-01,2026-06-30,27,FIRST,CONFIRMED,https://www.transfermarkt.de/sc-paderborn-07/kader/verein/127/saison_id/2026/plus/1,2bc1c2dc6af19cdfe4c15f929f45c9c1b3aeb6d1349fe49c0cbceca9a06d7cde,2026-09-12,0,,MOVE_PRESERVE_METADATA,0,,,0,0,,,,,,,,,,
276299,228757,1996-02-27,1376373,1376425,2024-07-01,2026-06-30,16,FIRST,CONFIRMED,https://www.transfermarkt.de/fc-st-pauli/kader/verein/35/saison_id/2026/plus/1,cb3581752f3910c559c9f42a6cbb09551a6187c6a88b14cfcc35019d0c02bc47,2026-09-12,0,,MOVE_PRESERVE_METADATA,0,,,0,0,,,,,,,,,,
276321,264079,2000-02-10,1376373,1179683,2025-07-01,2027-06-30,39,FIRST,CONFIRMED,https://www.transfermarkt.de/estac-troyes/kader/verein/1095/saison_id/2026/plus/1,3de2a4a4e2246fa33a1e94b81459db264308feb0d186d61173bb4ee72e627faa,2026-09-12,0,,MOVE_PRESERVE_METADATA,0,,,0,0,,,,,,,,,,
276326,265580,2005-12-08,1376373,1376271,2024-07-01,2026-06-30,6,FIRST,CONFIRMED,https://www.transfermarkt.de/sv-werder-bremen/kader/verein/86/saison_id/2026/plus/1,0a7e36159d0c7ffd555ab7f3ffa226b0cf286e7a1a009e2dca794bd509bbd26e,2026-09-12,0,,MOVE_PRESERVE_METADATA,0,,,0,0,,,,,,,,,,
276353,0,2004-11-12,1376373,1376421,2024-07-01,2026-06-30,19,RESERVE,CONFIRMED,https://www.transfermarkt.de/sc-paderborn-07/kader/verein/127/saison_id/2026/plus/1,2bc1c2dc6af19cdfe4c15f929f45c9c1b3aeb6d1349fe49c0cbceca9a06d7cde,2026-09-12,0,,MOVE_PRESERVE_METADATA,0,,,0,0,,,,,,,,,,
276419,267782,2003-07-07,1376432,1376433,2018-07-01,2027-06-30,10,FIRST,CONFIRMED,https://www.transfermarkt.de/tsg-1899-hoffenheim/kader/verein/533/saison_id/2026/plus/1,e5e493cd00b5c047bf6df4097b4f69f777e988a4f1f63a0879aef32a7379e1cd,2026-09-12,0,,RESOLVE_EXPIRED_LOAN,1376433,2025-07-01,2026-06-30,-1,0,,,,,,,,,,
276431,279213,2007-02-09,1376432,1376267,2024-11-09,2028-06-30,19,FIRST,CONFIRMED,https://www.transfermarkt.de/otto-stange/profil/spieler/1058520,32aa35d4dbbee10041af97ce74673e821c6c6a01759b8eda9fa8706b3f18d75b,2026-09-12,0,,RESOLVE_EXPIRED_LOAN,1376267,2025-07-01,2026-06-30,0,0,,,,,,,,,,
276591,263089,2000-08-11,1376257,1376442,2024-07-01,2026-06-30,3,FIRST,CONFIRMED,https://www.transfermarkt.de/sv-darmstadt-98/kader/verein/105/saison_id/2026/plus/1,807e79c80e44c91b1d4926d0fb6534a3276b98489473cc35d4238a5a660a95f9,2026-09-12,0,,MOVE_PRESERVE_METADATA,0,,,0,0,,,,,,,,,,
276593,247721,2000-02-21,1376257,1376278,2023-07-01,2026-06-30,20,FIRST,CONFIRMED,https://www.transfermarkt.de/sg-dynamo-dresden/kader/verein/129/saison_id/2026/plus/1,e7de409708fb7109444d4f9163d9959ec24a63b876d33dbfb1a3f2afff6bb65f,2026-09-12,0,,MOVE_PRESERVE_METADATA,0,,,0,0,,,,,,,,,,
276599,252710,1999-04-21,1376257,1376373,2023-07-01,2026-06-30,29,FIRST,CONFIRMED,https://www.transfermarkt.de/1-fc-magdeburg/kader/verein/187/saison_id/2026/plus/1,d0ff31a4349276164899e3293cd9c2c30e400169104ef2ece40cfdb9b3d70c93,2026-09-12,0,,MOVE_PRESERVE_METADATA,0,,,0,0,,,,,,,,,,
276696,231353,1997-10-11,1376429,1376373,2011-07-01,2026-06-30,19,FIRST,CONFIRMED,https://www.transfermarkt.de/1-fc-magdeburg/kader/verein/187/saison_id/2026/plus/1,d0ff31a4349276164899e3293cd9c2c30e400169104ef2ece40cfdb9b3d70c93,2026-09-12,0,,MOVE_PRESERVE_METADATA,0,,,0,0,,,,,,,,,,
276702,192567,1992-06-16,1376429,1376429,2018-07-16,2027-06-30,25,FIRST,CONFIRMED,https://www.transfermarkt.de/fortuna-dusseldorf/kader/verein/38/saison_id/2026/plus/1,05373c5cfa7534d6542a7839a6b4faf710e30f1746f3272457fd8dbea4ba1976,2026-09-12,0,,SQUAD,0,,,0,0,,,,,,,,,,
276724,0,2006-09-18,1376429,2490394,2022-07-01,2026-06-30,7,RESERVE,CONFIRMED,https://www.transfermarkt.de/cf-estrela-amadora/kader/verein/2431/saison_id/2026/plus/1,518e3a2e95f5774700d01db49dd50f80d4ccbc790493950412b68c785a7de654,2026-09-12,0,,MOVE_PRESERVE_METADATA,0,,,0,0,,,,,,,,,,
277069,275028,2003-03-17,1376261,1376271,2026-09-01,2031-06-30,13,FIRST,CONFIRMED,https://www.transfermarkt.de/bundesliga/transfers/wettbewerb/L1/saison_id/2026,c08e4b3a81f4ba445c4d8343c0dd6f9cfb1b5e5f12689978c0e5485f5030360a,2026-09-12,1376261,2027-06-30,SQUAD,0,,,0,0,6556926,,,,,,,,,
277070,268622,2005-02-17,1376261,2949137,2026-09-01,2029-06-30,24,FIRST,CONFIRMED,https://www.transfermarkt.de/jeanuel-belocian/profil/spieler/919515,8502e19cbe96725c9e9d0424f59c3f95ba4506fd8c390f297058a1ca1fdb6b8a,2026-09-12,1376261,2027-06-30,PRESERVE_PROTECTED_SQUAD,0,,,0,0,,,,,1,2460682,2460934,0,19,0
277082,0,2007-02-02,1376261,2228241,2021-07-01,2026-06-30,0,FIRST,CONFIRMED,https://www.transfermarkt.de/fc-utrecht/kader/verein/200/saison_id/2026/plus/1,30172180fe0b90bafc4f2d8225a407eb91445c75b04c67bdb0bfe6d096d2e552,2026-09-12,0,,MOVE_PRESERVE_METADATA,0,,,0,0,,,,,,,,,,
277288,76058,2004-06-22,1376425,1376444,2026-07-01,2028-06-30,7,RESERVE,CONFIRMED,https://www.transfermarkt.de/sc-fortuna-koln/kader/verein/92/saison_id/2026/plus/1,c255b2b753fa967f4c2eb7cdee0e0a6e7bb7b0e3c371fdcdfc7a8694476b2be0,2026-09-12,1376425,2027-06-30,SQUAD,0,,,0,0,,,,,,,,,,
277407,278455,2005-04-29,1376262,917513,2024-08-08,2031-06-30,30,FIRST,CONFIRMED,https://www.transfermarkt.de/aaron-anselmino/profil/spieler/1145504,32b39ef9cfa0fa7827f28387aa61d2d4d3fffe04781753719f8bddac46c3250a,2026-09-12,0,,RESOLVE_EXPIRED_LOAN,917513,2025-07-01,2026-06-30,-1,0,6162941,,,,,,,,,
277414,278854,2006-06-06,1376262,2228235,2026-08-14,2028-06-30,66,FIRST,CONFIRMED,https://www.transfermarkt.de/bundesliga/transfers/wettbewerb/L1/saison_id/2026,c08e4b3a81f4ba445c4d8343c0dd6f9cfb1b5e5f12689978c0e5485f5030360a,2026-09-12,1376262,2027-06-30,SQUAD,0,,,0,0,6503013,,,,,,,,,
277417,0,2004-09-23,1376262,1376429,2024-07-01,2027-06-30,23,RESERVE,CONFIRMED,https://www.transfermarkt.de/fortuna-dusseldorf/kader/verein/38/saison_id/2026/plus/1,05373c5cfa7534d6542a7839a6b4faf710e30f1746f3272457fd8dbea4ba1976,2026-09-12,0,,MOVE_PRESERVE_METADATA,0,,,0,0,,,,,,,,,,
277446,0,2007-07-27,1376262,1376257,2023-07-01,2026-06-30,0,FIRST,CONFIRMED,https://www.transfermarkt.de/1-fc-kaiserslautern/kader/verein/2/saison_id/2026/plus/1,f57ab040dd8126f8fe2d4d84bbf8f3d5dee76ffc0d0c490223335ff120a69dd1,2026-09-12,0,,MOVE_PRESERVE_METADATA,0,,,0,0,,,,,,,,,,
277510,256942,2002-04-29,1376275,1376259,2022-07-01,2026-06-30,6,FIRST,CONFIRMED,https://www.transfermarkt.de/1-fsv-mainz-05/kader/verein/39/saison_id/2026/plus/1,a0ac0e0c9eb47a3776e4e43c8257aa032114b35240aadb843dc1c757a5313de7,2026-09-12,0,,MOVE_PRESERVE_METADATA,0,,,0,0,,,,,,,,,,
277531,76536,2005-04-24,1376275,1376444,2019-07-01,2026-06-30,26,RESERVE,CONFIRMED,https://www.transfermarkt.de/sc-fortuna-koln/kader/verein/92/saison_id/2026/plus/1,c255b2b753fa967f4c2eb7cdee0e0a6e7bb7b0e3c371fdcdfc7a8694476b2be0,2026-09-12,0,,MOVE_PRESERVE_METADATA,0,,,0,0,,,,,,,,,,
277562,0,2007-02-02,1376275,1376283,2022-07-01,2026-06-30,0,FIRST,CONFIRMED,https://www.transfermarkt.de/karlsruher-sc/kader/verein/48/saison_id/2026/plus/1,502be878e53560db93a5e23bc70c24b09c8a3f9aa264941d3a29a99a7083b789,2026-09-12,0,,MOVE_PRESERVE_METADATA,0,,,0,0,,,,,,,,,,
277651,245940,1998-10-06,1376272,1376259,2019-07-01,2026-06-30,13,FIRST,CONFIRMED,https://www.transfermarkt.de/1-fsv-mainz-05/kader/verein/39/saison_id/2026/plus/1,a0ac0e0c9eb47a3776e4e43c8257aa032114b35240aadb843dc1c757a5313de7,2026-09-12,0,,MOVE_PRESERVE_METADATA,0,,,0,0,,,,,,,,,,
277656,256118,2000-02-15,1376272,1376431,2024-07-01,2028-06-30,5,FIRST,CONFIRMED,https://www.transfermarkt.de/fc-augsburg/kader/verein/167/saison_id/2026/plus/1,323d986d5d073658ccfd8af3d4978da6e4a9845c0cdcce47798096a26f016833,2026-09-12,0,,MOVE_PRESERVE_METADATA,0,,,0,0,,,,,,,,,,
277662,79300,2006-11-30,1376272,1769488,2026-09-01,2031-06-30,91,FIRST,CONFIRMED,https://www.transfermarkt.de/udinese-calcio/kader/verein/410/saison_id/2026/plus/1,7fdfe70ee199497c7c8bba7f008dea4b0f8e1ab4fec8c51d19f4eb9f681c5506,2026-09-12,0,,SQUAD,0,,,0,0,,,,,,,,,,
277757,234575,1999-01-23,1769487,1769487,2026-09-08,2028-06-30,2,FIRST,CONFIRMED,https://images.legaseriea.it/image/private/fl_attachment/prd/ctpinmvz56zojhe3flwk.pdf,47ecb84ef6e5553f28b07a293f43db4505cca0c032fcbb784d1b98d33dba175b,2026-09-12,0,,SHIRT_ONLY,0,,,0,0,,,,,,,,,,
277769,276372,2004-11-08,1376348,917532,2026-09-01,2031-06-30,28,FIRST,CONFIRMED,https://www.transfermarkt.de/hull-city/kader/verein/3008/saison_id/2026/plus/1,95d27e3b77eef2306101f2b6eab92a02d56308a31e0d34299be2fa82dcf331db,2026-09-12,0,,SQUAD,0,,,0,0,,,,,,,,,,
277874,244112,1996-03-08,1376270,1376420,2022-07-01,2026-06-30,11,FIRST,CONFIRMED,https://www.transfermarkt.de/vfl-osnabruck/kader/verein/81/saison_id/2026/plus/1,e705d735d9e41aeb7a7781affacb5ed1a2f31cc8fd9e319c826182a9e12937a6,2026-09-12,0,,MOVE_PRESERVE_METADATA,0,,,0,0,,,,,,,,,,
277991,275288,2004-04-06,458782,458782,2026-02-02,2029-06-30,10,FIRST,CONFIRMED,https://www.transfermarkt.de/zulte-waregem/kader/verein/3508/saison_id/2026/plus/1,0acbb0eca1723445958969f80be44f59778e527ba0095de244c35e56e3b9068e,2026-09-12,0,,SQUAD,0,,,0,0,,,,,,,,,,
278102,0,2004-06-25,1769481,1769542,2024-07-01,2027-06-30,46,FIRST,CONFIRMED,https://www.transfermarkt.de/simone-cinquegrano/profil/spieler/919669,6f545a85d65e47c429045da1e06cc9e47104e6e8f036d504e81b5089cf2b96a2,2026-09-12,0,,RESOLVE_EXPIRED_LOAN,1769542,2025-07-01,2026-06-30,-1,0,,,,,,,,,,
278124,0,2006-03-21,1769481,1769533,2026-07-01,2028-06-30,6,RESERVE,CONFIRMED,https://www.transfermarkt.de/ac-monza/kader/verein/2919/saison_id/2026/plus/1,8f193279202724cc57a68a08441deb0fe889b73d8d97804595e81268516bfe10,2026-09-12,1769481,2027-06-30,SQUAD,0,,,0,0,,,,,,,,,,
278381,0,2005-01-28,1769482,1769482,2026-09-07,2028-06-30,41,FIRST,CONFIRMED,https://www.transfermarkt.de/juventus-turin/kader/verein/506/saison_id/2026/plus/1,0009d8e86a1fcff175fb368bcdc9cac816372b11375dc9917e504e11cc3f9b54,2026-09-12,0,,SQUAD,0,,,0,0,,,,,,,,,,
278488,269312,2003-03-23,1769476,1769510,2023-07-01,2028-06-30,35,FIRST,CONFIRMED,https://www.transfermarkt.de/genua-cfc/kader/verein/252/saison_id/2026/plus/1,28831c70a8bf2f1d0e0c5e7801240ba62008e42be2eb8761306fafe7c05e7da1,2026-09-12,0,,MOVE_PRESERVE_METADATA,0,,,0,0,,,,,,,,,,
279492,75811,2006-02-27,1179682,3145856,2026-07-08,2029-06-30,33,FIRST,CONFIRMED,https://www.transfermarkt.de/amadou-cisse/profil/spieler/1189317,ce66c5926dd5f5106631e334d4eab74b5014bcf8389ecaeeaf7b0a46adcdcb02,2026-09-12,0,,RESOLVE_EXPIRED_LOAN,1179667,2025-07-01,2026-06-30,-1,0,6412362,,,,,,,,,
279601,264512,2003-08-30,2490386,2490386,2026-09-03,2029-06-30,9,FIRST,CONFIRMED,https://www.transfermarkt.de/gd-estoril-praia/kader/verein/1465/saison_id/2026/plus/1,1f4451857a09faf4bc5a12d1790c126a29e1c7346930e118c1c73d3f15c8f2d8,2026-09-12,0,,SQUAD,0,,,0,0,,,,,,,,,,
279603,274463,2004-04-02,458788,458788,2026-09-03,2028-06-30,25,FIRST,CONFIRMED,https://www.transfermarkt.de/sk-beveren/kader/verein/28643/saison_id/2026/plus/1,7bd09a7ce8449fd8a09e77af941f3d0069233ed39a454f5073c6ab7bfe083ae7,2026-09-12,0,,SQUAD,0,,,0,0,,,,,,,,,,
279837,222493,1995-12-13,1376263,1376348,2021-07-01,2026-06-30,5,FIRST,CONFIRMED,https://www.transfermarkt.de/1-fc-union-berlin/kader/verein/89/saison_id/2026/plus/1,09ae9c47f64c54ef97da615c30d6aa9ae9d953e1a3e18c00b87ea902f5a73e34,2026-09-12,0,,MOVE_PRESERVE_METADATA,0,,,0,0,,,,,,,,,,
279839,262906,2001-02-07,1376263,1376270,2026-07-18,2027-06-30,16,FIRST,CONFIRMED,https://www.transfermarkt.de/yannik-engelhardt/profil/spieler/405670,d41934beaa06470474e5974738596e0d64a45a612a3badd6bafdc0578ccc9202,2026-09-12,0,,RESOLVE_EXPIRED_LOAN,1769516,2025-07-01,2026-06-30,0,0,6437171,,,,,,,,,
279863,0,2007-03-27,1376263,1376429,2021-07-01,2026-06-30,35,RESERVE,CONFIRMED,https://www.transfermarkt.de/fortuna-dusseldorf/kader/verein/38/saison_id/2026/plus/1,05373c5cfa7534d6542a7839a6b4faf710e30f1746f3272457fd8dbea4ba1976,2026-09-12,0,,MOVE_PRESERVE_METADATA,0,,,0,0,,,,,,,,,,
279872,0,2008-01-07,1376263,3145825,2019-07-01,2030-06-30,0,FIRST,CONFIRMED,https://www.transfermarkt.de/galatasaray/kader/verein/141/saison_id/2026/plus/1,66f1195fdd6d32bc947bb726ca4925adf5e39b928cebbb291569108f880a8f16,2026-09-12,0,,MOVE_PRESERVE_METADATA,0,,,0,0,,,,,,,,,,
279874,0,2008-05-14,1376263,1376263,2026-08-09,2029-06-30,34,FIRST,CONFIRMED,https://www.transfermarkt.de/borussia-monchengladbach/kader/verein/18/saison_id/2026/plus/1,93aeb3d082cba6ceafd5d994cd6c62a394304bd2c6b1a3d5db6e9a807ca2f1d1,2026-09-12,0,,SQUAD,0,,,0,0,,,,,,,,,,
280003,73083,2000-03-18,458781,458781,2026-09-03,2029-06-30,21,FIRST,CONFIRMED,https://www.transfermarkt.de/kv-kortrijk/kader/verein/601/saison_id/2026/plus/1,a4999f54d8da64602d94dda7998adfe30af76e24e0c684550e581e845d6cfc0c,2026-09-12,0,,SQUAD,0,,,0,0,,,,,,,,,,
280015,78113,2006-10-02,1193182,458761,2026-07-01,2027-06-30,2,FIRST,CONFIRMED,https://www.transfermarkt.de/royal-charleroi-sc/kader/verein/172/saison_id/2026/plus/1,be345af7e14ab40246420c64e873b34283e56e8aafa6f5b344acf44cf11dfec1,2026-09-12,1193182,2027-06-30,REPLACE_EXPIRED_LOAN,917506,2025-07-01,2026-06-30,-1,0,,,,,,,,,,
280055,74618,2002-01-14,1179683,458766,2026-08-21,2030-06-30,21,FIRST,CONFIRMED,https://www.transfermarkt.de/tawfik-bentayeb/profil/spieler/667995,af89ecb210ca7565e0159c62ed72741fc5524d170515e47f722c329edad2248a,2026-09-12,0,,RESOLVE_EXPIRED_LOAN,8466434,2025-07-01,2026-06-30,-1,0,6524595,,,,,,,,,
280080,82157,2006-11-25,1179683,1179683,2026-07-01,2029-06-30,31,FIRST,CONFIRMED,https://www.transfermarkt.de/estac-troyes/kader/verein/1095/saison_id/2026/plus/1,3de2a4a4e2246fa33a1e94b81459db264308feb0d186d61173bb4ee72e627faa,2026-09-12,0,,SQUAD,0,,,0,0,,,,,,,,,,
280081,0,2009-06-03,1179683,1179683,2026-07-01,2029-06-30,37,FIRST,CONFIRMED,https://www.transfermarkt.de/estac-troyes/kader/verein/1095/saison_id/2026/plus/1,3de2a4a4e2246fa33a1e94b81459db264308feb0d186d61173bb4ee72e627faa,2026-09-12,0,,SQUAD,0,,,0,0,,,,,,,,,,
280086,0,2008-08-10,1179683,1179683,2026-08-10,2029-06-30,36,FIRST,CONFIRMED,https://www.transfermarkt.de/estac-troyes/kader/verein/1095/saison_id/2026/plus/1,3de2a4a4e2246fa33a1e94b81459db264308feb0d186d61173bb4ee72e627faa,2026-09-12,0,,SQUAD,0,,,0,0,,,,,,,,,,
280196,76133,2004-05-03,1376433,1376432,2022-07-01,2029-06-30,24,FIRST,CONFIRMED,https://www.transfermarkt.de/sv-07-elversberg/kader/verein/64/saison_id/2026/plus/1,ac54bb8cfcfed8b072f1b208573d831ba987c384a94a38fe45024bff098be56e,2026-09-12,0,,MOVE_PRESERVE_METADATA,0,,,0,0,,,,,,,,,,
280197,272896,2003-09-09,1376433,1376442,2025-07-01,2026-06-30,49,RESERVE,CONFIRMED,https://www.transfermarkt.de/sv-darmstadt-98/kader/verein/105/saison_id/2026/plus/1,807e79c80e44c91b1d4926d0fb6534a3276b98489473cc35d4238a5a660a95f9,2026-09-12,0,,MOVE_PRESERVE_METADATA,0,,,0,0,,,,,,,,,,
280215,0,2004-08-21,1376433,1376257,2024-07-01,2026-06-30,34,RESERVE,CONFIRMED,https://www.transfermarkt.de/1-fc-kaiserslautern/kader/verein/2/saison_id/2026/plus/1,f57ab040dd8126f8fe2d4d84bbf8f3d5dee76ffc0d0c490223335ff120a69dd1,2026-09-12,0,,MOVE_PRESERVE_METADATA,0,,,0,0,,,,,,,,,,
280344,0,2005-05-22,1376259,1376301,2017-07-01,2028-06-30,19,RESERVE,CONFIRMED,https://www.transfermarkt.de/sv-waldhof-mannheim/kader/verein/85/saison_id/2026/plus/1,34e998eba6b950fe72d328e27cb46b4a4d1c4b3c218c58557f9db9a44925ae39,2026-09-12,0,,MOVE_PRESERVE_METADATA,0,,,0,0,,,,,,,,,,
280435,276029,2002-12-16,1179674,458761,2025-07-04,2028-06-30,20,FIRST,CONFIRMED,https://www.transfermarkt.de/freddy-mbemba/profil/spieler/983364,a24a7570b8faf8fc9545a18a507a45022de78255de9935879fe931311a62d409,2026-09-12,0,,RESOLVE_EXPIRED_LOAN,458761,2025-07-01,2026-06-30,-1,0,5910663,,,,,,,,,
280439,74136,2004-10-06,1179674,458763,2024-07-01,2030-06-30,23,FIRST,CONFIRMED,https://www.transfermarkt.de/kvc-westerlo/kader/verein/968/saison_id/2026/plus/1,4b321535def794641a57896ea3b395b11fb16964a25bb51fab6f75bf5e2a3382,2026-09-12,0,,MOVE_PRESERVE_METADATA,0,,,0,0,,,,,,,,,,
280792,74566,2004-01-16,1376271,1769478,2026-09-01,2030-06-30,11,FIRST,CONFIRMED,https://www.transfermarkt.de/serie-a/transfers/wettbewerb/IT1/saison_id/2026,64d949311be0dad09b95e57c83f70b538dd5848993bcd3dae3a084b20792d8c0,2026-09-12,1376271,2027-06-30,SQUAD,0,,,0,0,6556961,,,,,,,,,
280799,203106,1993-12-19,1376271,1376280,2020-07-01,2026-06-30,10,FIRST,CONFIRMED,https://www.transfermarkt.de/fc-energie-cottbus/kader/verein/25/saison_id/2026/plus/1,bfac2c82e9908a44ea8264f2a591d43d8ad627ceaeb5639879d980dcab166809,2026-09-12,0,,MOVE_PRESERVE_METADATA,0,,,0,0,,,,,,,,,,
280829,0,2007-05-29,1376271,1376373,2024-07-01,2026-06-30,0,FIRST,CONFIRMED,https://www.transfermarkt.de/1-fc-magdeburg/kader/verein/187/saison_id/2026/plus/1,d0ff31a4349276164899e3293cd9c2c30e400169104ef2ece40cfdb9b3d70c93,2026-09-12,0,,MOVE_PRESERVE_METADATA,0,,,0,0,,,,,,,,,,
280929,269228,2001-03-28,2949140,2949127,2023-07-01,2028-06-30,3,FIRST,CONFIRMED,https://www.transfermarkt.de/deportivo-a-coruna/kader/verein/897/saison_id/2026/plus/1,7550b0f31442bf21d6149b2642a4ee1c6a58307c97068ea0c26d45e205ddb6c5,2026-09-12,0,,MOVE_PRESERVE_METADATA,0,,,0,0,,,,,,,,,,
280940,0,2003-03-17,2949140,2490386,2024-08-17,2027-06-30,15,FIRST,CONFIRMED,https://www.transfermarkt.de/ismael-sierra/profil/spieler/718195,6697054cd718c48b15f11e9bf54191811a9cfc100243c68bf7fb1dbb4ecd67c4,2026-09-12,0,,RESOLVE_EXPIRED_LOAN,2490386,2025-07-01,2026-06-30,-1,0,5827718,,,,,,,,,
281243,266236,2005-12-11,1376302,1376431,2026-09-01,2028-06-30,21,FIRST,CONFIRMED,https://www.transfermarkt.de/arijon-ibrahimovic/profil/spieler/744728,f1b7399f2644d374ffe14cb5bb5e5977a4d7a54c1f9758af4277c1ce14161812,2026-09-12,1376264,2027-06-30,REPLACE_EXPIRED_LOAN,1376264,2025-07-01,2026-06-30,0,0,,,,,,,,,,
281346,0,2008-01-30,2949138,2949138,2024-07-01,2029-06-30,27,RESERVE,CONFIRMED,https://www.transfermarkt.de/fc-sevilla/kader/verein/368/saison_id/2026/plus/1,3d82cb81b17e3c88b8c27f6603b222e965a349dcb68187b46e8ce65da5194abd,2026-09-12,0,,SQUAD,0,,,0,0,,,,,,,,,,
281821,82756,2006-03-24,2949134,2949134,2025-07-01,2028-06-30,29,RESERVE,CONFIRMED,https://www.transfermarkt.de/real-madrid/kader/verein/418/saison_id/2026/plus/1,3f55dd534696e733c74c272170e6a145e36bce435bd24d7cf90ec7f8c7fe62bc,2026-09-12,0,,SQUAD,0,,,0,0,,,,,,,,,,
282198,266205,2004-11-16,2949133,1179855,2023-01-01,2027-06-30,25,FIRST,CONFIRMED,https://www.transfermarkt.de/yoan-kore/profil/spieler/914539,016bf9cbbd6cc69b9831a2773da47dba05bbbc051b23b367391fda427c96530a,2026-09-12,0,,RESOLVE_EXPIRED_LOAN,1179855,2025-07-01,2026-06-30,-1,0,6160447,,,,,,,,,
282300,270126,2002-06-02,1769477,1769500,2017-07-01,2030-06-30,5,RESERVE,CONFIRMED,https://www.transfermarkt.de/venezia-fc/kader/verein/607/saison_id/2026/plus/1,d88fc7110893de0f0661e79b4c48d86142d14d93f73bc112159c1995caefb0e9,2026-09-12,0,,MOVE_PRESERVE_METADATA,0,,,0,0,,,,,,,,,,
282407,221342,1997-07-12,2949130,2949139,2026-07-01,2027-06-30,23,FIRST,CONFIRMED,https://www.transfermarkt.de/fc-valencia/kader/verein/1049/saison_id/2026/plus/1,5de2e980893b594e24db008458062bfc00ba2b8df17a120bf432b038f984588c,2026-09-12,2949130,2027-06-30,SQUAD,0,,,0,0,,,,,,,,,,
282478,180930,1986-03-17,1769492,1376266,2025-07-01,2026-06-30,9,FIRST,CONFIRMED,https://www.transfermarkt.de/fc-schalke-04/kader/verein/33/saison_id/2026/plus/1,a9ed4724b397b1d2e983c42cd58b22eee88dad2e22e96a26bd8a21ee813c34b7,2026-09-12,0,,MOVE_PRESERVE_METADATA,0,,,0,0,,,,,,,,,,
282490,237499,1996-11-28,1769492,3145777,2023-07-01,2026-06-30,11,FIRST,CONFIRMED,https://www.transfermarkt.de/eyupspor/kader/verein/7160/saison_id/2026/plus/1,f4f3375da68b82c3bad1b9efcd11d29ed67584c0d829b173c80cc388820bec9c,2026-09-12,0,,MOVE_PRESERVE_METADATA,0,,,0,0,,,,,,,,,,
282591,79093,2004-04-01,1769503,1769500,2026-01-28,2030-06-30,30,FIRST,CONFIRMED,https://www.transfermarkt.de/matteo-dagasso/profil/spieler/744621,fd209eb1d1c5b5a9fe05476d7ab6ae8164a771a72b6519e195e0a76b6316ba8b,2026-09-12,0,,PRESERVE_PROTECTED_SQUAD,0,,,0,0,,,,,2,0,0,0,1,0
283034,271497,2004-06-28,2949121,2949121,2024-08-07,2027-06-30,31,RESERVE,CONFIRMED,https://www.transfermarkt.de/athletic-bilbao/kader/verein/621/saison_id/2026/plus/1,ab659443e6b62a44b52f2d2bddfbd8dfab1041e92d677f7ed9d83c4f59284305,2026-09-12,0,,SQUAD,0,,,0,0,,,,,,,,,,
283189,0,2008-08-08,1769478,1769478,2022-07-01,2028-06-30,82,RESERVE,CONFIRMED,https://images.legaseriea.it/image/private/fl_attachment/prd/ctpinmvz56zojhe3flwk.pdf,47ecb84ef6e5553f28b07a293f43db4505cca0c032fcbb784d1b98d33dba175b,2026-09-12,0,,SHIRT_ONLY,0,,,0,0,,,,,,,,,,
283485,0,2005-12-11,1179663,2490394,2024-07-01,2028-06-30,15,RESERVE,CONFIRMED,https://www.transfermarkt.de/cf-estrela-amadora/kader/verein/2431/saison_id/2026/plus/1,518e3a2e95f5774700d01db49dd50f80d4ccbc790493950412b68c785a7de654,2026-09-12,0,,MOVE_PRESERVE_METADATA,0,,,0,0,,,,,,,,,,
283721,223671,1997-05-14,1769516,1376259,2026-08-12,2029-06-30,4,FIRST,CONFIRMED,https://www.transfermarkt.de/stefan-posch/profil/spieler/223974,dc26da2d4f05c962fa5bb1b96291d7441ebf2d5637b2cbf711ffd5243fc719db,2026-09-12,0,,RESOLVE_EXPIRED_LOAN,1769478,2025-07-01,2026-06-30,5500000,0,6497083,,,,,,,,,
283967,240734,2000-11-21,1179662,917529,2024-08-26,2029-06-30,33,FIRST,CONFIRMED,https://www.transfermarkt.de/matt-oriley/profil/spieler/406634,1ec93903fd85e49c4bb2d1052dc526471f6c279ea9509128ade59375c50ccbe3,2026-09-12,0,,RESOLVE_EXPIRED_LOAN,917529,2025-07-01,2026-06-30,-1,0,,,,,,,,,,
284241,248474,2001-11-23,1769499,3145820,2024-07-01,2027-06-30,14,FIRST,CONFIRMED,https://www.transfermarkt.de/goztepe/kader/verein/1467/saison_id/2026/plus/1,7e750ea20c17f8114b86f2de82ca9a2830fe95988c05d73fe5e72a2f70c29e0f,2026-09-12,0,,RESOLVE_EXPIRED_LOAN,1769495,2025-07-01,2026-06-30,4500000,0,,,,,,,,,,
284254,0,2007-03-15,1769499,786439,2026-09-08,2028-06-30,0,FIRST,CONFIRMED,https://www.transfermarkt.de/sk-sigma-olmutz/kader/verein/2311/saison_id/2026/plus/1,c61d1f22a4e21ac99834db236d5c613fdf98db28632452029778a0c82954b875,2026-09-12,0,,SQUAD,0,,,0,0,,,,,,,,,,
284428,71972,2005-01-30,2949636,2949125,2025-07-01,2028-06-30,26,FIRST,CONFIRMED,https://www.transfermarkt.de/rafel-bauza/profil/spieler/1178721,a37c9f73d12d58edb849b075c7e38484a6db621e0f8b7c5c0dcd3635340fe401,2026-09-12,0,,RESOLVE_EXPIRED_LOAN,2949125,2025-07-01,2026-06-30,-1,0,5893168,,,,,,,,,
284433,80625,2005-11-22,2949636,2490393,2026-07-04,2030-06-30,27,FIRST,CONFIRMED,https://www.transfermarkt.de/toni-tamarit/profil/spieler/1344793,d6e2bcde2b81732719c515845fc76ac88862e35e5a86ee22442296e95910d518,2026-09-12,0,,RESOLVE_EXPIRED_LOAN,2949140,2025-07-01,2026-06-30,-1,0,6401874,,,,,,,,,
284502,0,2006-06-07,1179655,458761,2024-07-01,2026-06-30,6,RESERVE,CONFIRMED,https://www.transfermarkt.de/royal-charleroi-sc/kader/verein/172/saison_id/2026/plus/1,be345af7e14ab40246420c64e873b34283e56e8aafa6f5b344acf44cf11dfec1,2026-09-12,0,,MOVE_PRESERVE_METADATA,0,,,0,0,,,,,,,,,,
284515,75924,2007-04-10,1179655,1179655,2026-07-01,2029-06-30,40,FIRST,CONFIRMED,https://www.transfermarkt.de/as-monaco/kader/verein/162/saison_id/2026/plus/1,817e580f3e85d6c1f9a5e667dc7e20a43281747a6e7686ccc15a288667f05712,2026-09-12,0,,SQUAD,0,,,0,0,,,,,,,,,,
284528,0,2007-05-30,1179655,1179655,2025-07-01,2028-06-30,46,RESERVE,CONFIRMED,https://www.transfermarkt.de/as-monaco/kader/verein/162/saison_id/2026/plus/1,817e580f3e85d6c1f9a5e667dc7e20a43281747a6e7686ccc15a288667f05712,2026-09-12,0,,SQUAD,0,,,0,0,,,,,,,,,,
284602,75263,2005-01-17,2949121,2949121,2025-07-01,2029-06-30,28,FIRST,CONFIRMED,https://www.transfermarkt.de/athletic-bilbao/kader/verein/621/saison_id/2026/plus/1,ab659443e6b62a44b52f2d2bddfbd8dfab1041e92d677f7ed9d83c4f59284305,2026-09-12,0,,SQUAD,0,,,0,0,,,,,,,,,,
284674,256970,2003-07-02,1179661,786442,2015-07-01,2027-06-30,7,FIRST,CONFIRMED,https://www.transfermarkt.de/ac-sparta-prag/kader/verein/197/saison_id/2026/plus/1,6b74c895ae1857517e5325904312eb2643155a1ddb4be2ba7e884a9840dcea35,2026-09-12,0,,RESOLVE_EXPIRED_LOAN,786442,2025-07-01,2026-06-30,-1,0,,,,,,,,,,
284683,77093,2002-11-11,1179661,1179661,2023-11-04,2028-06-30,50,RESERVE,CONFIRMED,https://www.transfermarkt.de/olympique-lyon/kader/verein/1041/saison_id/2026/plus/1,d1e8c52088c164c738d95700ab10125d62a6b25b7393bf2f71320770c00926fe,2026-09-12,0,,SQUAD,0,,,0,0,,,,,,,,,,
284973,240690,1998-04-06,2949122,1769482,2025-07-01,2029-06-30,31,FIRST,CONFIRMED,https://www.transfermarkt.de/nico-gonzalez/profil/spieler/486031,12668748b5dbe65eccb6378506203614448ce99292fceda631cb18e9207dfcbe,2026-09-12,0,,RESOLVE_EXPIRED_LOAN,1769482,2025-07-01,2026-06-30,33000000,0,5910218,,,,,,,,,
285054,0,2009-12-21,2949122,2949122,2026-07-01,2028-06-30,27,RESERVE,CONFIRMED,https://www.transfermarkt.de/atletico-madrid/kader/verein/13/saison_id/2026/plus/1,336e6247c22b59b6319471ca685cbf8684fa5eddbe294526159e968ec82bff6f,2026-09-12,0,,SQUAD,0,,,0,0,,,,,,,,,,
285154,262744,1995-11-27,2949245,2494468,2026-08-05,2027-06-30,9,FIRST,CONFIRMED,https://www.transfermarkt.de/mohamed-bouldini/profil/spieler/211628,2e794db9c874f662a1b1740acaa0f324fb151e8512818b398c9a21f289d3556e,2026-09-12,0,,RESOLVE_EXPIRED_LOAN,2949127,2025-07-01,2026-06-30,-1,0,6475032,,,,,,,,,
285382,244471,2000-08-13,851970,1376273,2023-07-01,2030-06-30,27,FIRST,CONFIRMED,https://www.transfermarkt.de/vfl-bochum/kader/verein/80/saison_id/2026/plus/1,46a6a42e333b793b20bad6d9e1b77f42c8ca39e91c8c69a2bf0dbb6aa5adc64a,2026-09-12,0,,MOVE_PRESERVE_METADATA,0,,,0,0,,,,,,,,,,
285730,241007,1999-03-11,1769496,1769488,2022-07-29,2027-06-30,77,FIRST,CONFIRMED,https://www.transfermarkt.de/enzo-ebosse/profil/spieler/342877,97e8b5b22ad000cca0cccbcbc0aadf61269926a0d071cfe12aaebec233b703d6,2026-09-12,0,,RESOLVE_EXPIRED_LOAN,1769488,2025-07-01,2026-06-30,-1,0,6162456,,,,,,,,,
285854,278350,2006-06-02,1769510,1769528,2020-07-01,2028-06-30,40,FIRST,CONFIRMED,https://www.transfermarkt.de/frosinone-calcio/kader/verein/8970/saison_id/2026/plus/1,a104cee425f087aec46f2bde8eae8e0ec4f532d7e3edc12039ec6bf4b78c5a16,2026-09-12,0,,MOVE_PRESERVE_METADATA,0,,,0,0,,,,,,,,,,
286175,0,2008-01-10,851972,458782,2022-07-01,2028-06-30,0,FIRST,CONFIRMED,https://www.transfermarkt.de/zulte-waregem/kader/verein/3508/saison_id/2026/plus/1,0acbb0eca1723445958969f80be44f59778e527ba0095de244c35e56e3b9068e,2026-09-12,0,,MOVE_PRESERVE_METADATA,0,,,0,0,,,,,,,,,,
286280,272596,2003-03-03,851977,458768,2026-07-01,2028-06-30,8,FIRST,CONFIRMED,https://www.transfermarkt.de/krc-genk/kader/verein/1184/saison_id/2026/plus/1,85979abe0c47d79971cc0cee642e1248d1cad9da00ea0a7a7add7591bfc915c0,2026-09-12,851977,2027-06-30,SQUAD,0,,,0,0,,,,,,,,,,
286284,71170,2005-10-05,851977,1179661,2021-07-01,2027-06-30,35,FIRST,CONFIRMED,https://www.transfermarkt.de/olympique-lyon/kader/verein/1041/saison_id/2026/plus/1,d1e8c52088c164c738d95700ab10125d62a6b25b7393bf2f71320770c00926fe,2026-09-12,0,,MOVE_PRESERVE_METADATA,0,,,0,0,,,,,,,,,,
286421,266097,2001-01-26,2490382,2490382,2023-07-01,2029-06-30,10,FIRST,CONFIRMED,https://www.transfermarkt.de/sporting-lissabon/kader/verein/336/saison_id/2026/plus/1,fce120a2b046675218521683927dd5d73c66a22ed96ac121140956eb3bee30ba,2026-09-12,0,,SQUAD,0,,,0,0,,,,,,,,,,
286440,79771,2005-01-03,2490382,2490393,2026-08-05,2030-06-30,35,FIRST,CONFIRMED,https://www.transfermarkt.de/rayan-lucas/profil/spieler/1087842,3eb8740a77333f87b664d8238536feb7c2495ee9eaaf8c6168c850eec60303c2,2026-09-12,0,,RESOLVE_EXPIRED_LOAN,3538947,2025-07-01,2026-06-30,-1,0,6516358,,,,,,,,,
286443,0,2007-06-13,2490382,2490382,2025-07-01,2030-06-30,70,RESERVE,CONFIRMED,https://www.transfermarkt.de/sporting-lissabon/kader/verein/336/saison_id/2026/plus/1,fce120a2b046675218521683927dd5d73c66a22ed96ac121140956eb3bee30ba,2026-09-12,0,,SQUAD,0,,,0,0,,,,,,,,,,
286446,218980,2005-08-20,2490382,2490375,2026-07-07,2029-06-30,2,FIRST,CONFIRMED,https://www.transfermarkt.de/gil-vicente-fc/kader/verein/2424/saison_id/2026/plus/1,e615ed113cbf0012df4490859c154266a50a72247c7f67c260f2f4ab6c49e4d1,2026-09-12,0,,SQUAD,0,,,0,0,,,,,,,,,,
286663,0,2002-10-23,2490397,2490397,2025-01-09,2029-06-30,82,RESERVE,CONFIRMED,https://www.transfermarkt.de/vitoria-guimaraes-sc/kader/verein/2420/saison_id/2026/plus/1,d099b13b522be7fac0425b4aea5d56eb91b99f04255377a276820a33f184d54a,2026-09-12,0,,SQUAD,0,,,0,0,,,,,,,,,,
286679,0,2007-01-12,2490397,2490377,2022-07-01,2026-06-30,0,FIRST,CONFIRMED,https://www.transfermarkt.de/moreirense-fc/kader/verein/979/saison_id/2026/plus/1,9aa16aff197b371e36892b5321c0c1db769f09802a8338c111eb56304e7798bc,2026-09-12,0,,MOVE_PRESERVE_METADATA,0,,,0,0,,,,,,,,,,
286838,80885,2002-05-09,2490378,2490378,2025-08-28,2030-06-30,10,FIRST,CONFIRMED,https://www.transfermarkt.de/cd-nacional/kader/verein/982/saison_id/2026/plus/1,85c1a326ea7d9109ff431c2a95c9c0488100e0183b1e7c799d926c40ecb8dba6,2026-09-12,0,,SQUAD,0,,,0,0,,,,,,,,,,
286845,74165,2003-04-16,2490378,2490382,2026-08-29,2031-06-30,30,FIRST,CONFIRMED,https://www.transfermarkt.de/kaique-pereira/profil/spieler/964590,69c89cdcb696e65ee0c13e5236d77d015a82eaf4300a50786b9bf8eb1bd5da3f,2026-09-12,0,,RESOLVE_EXPIRED_LOAN,3538952,2025-07-01,2026-06-30,-1,0,6544960,,,,,,,,,
286876,240453,1999-07-10,2490374,2490374,2023-07-01,2030-06-30,4,FIRST,CONFIRMED,https://www.transfermarkt.de/sc-braga/kader/verein/1075/saison_id/2026/plus/1,a179610f71e6ea7b41b62a1d2448a6aa9ceac20ea3d9356ad08e919d3506e2a7,2026-09-12,0,,SQUAD,0,,,0,0,,,,,,,,,,
286877,245597,2000-04-01,2490374,2490374,2023-07-01,2030-06-30,2,FIRST,CONFIRMED,https://www.transfermarkt.de/sc-braga/kader/verein/1075/saison_id/2026/plus/1,a179610f71e6ea7b41b62a1d2448a6aa9ceac20ea3d9356ad08e919d3506e2a7,2026-09-12,0,,SQUAD,0,,,0,0,,,,,,,,,,
286934,0,2007-10-23,2490374,2490374,2026-07-01,2029-06-30,87,RESERVE,CONFIRMED,https://www.transfermarkt.de/sc-braga/kader/verein/1075/saison_id/2026/plus/1,a179610f71e6ea7b41b62a1d2448a6aa9ceac20ea3d9356ad08e919d3506e2a7,2026-09-12,0,,SQUAD,0,,,0,0,,,,,,,,,,
286992,259530,2000-10-04,2490381,2490376,2025-07-01,2026-06-30,29,FIRST,CONFIRMED,https://www.transfermarkt.de/cs-maritimo/kader/verein/1301/saison_id/2026/plus/1,5cfc233404ec9b89440eac630270b3e1ade7aaa468abf0d7c72a774e94f85e1b,2026-09-12,0,,MOVE_PRESERVE_METADATA,0,,,0,0,,,,,,,,,,
287080,83568,2007-12-17,2490377,2490377,2026-07-01,2030-06-30,87,RESERVE,CONFIRMED,https://www.transfermarkt.de/moreirense-fc/kader/verein/979/saison_id/2026/plus/1,9aa16aff197b371e36892b5321c0c1db769f09802a8338c111eb56304e7798bc,2026-09-12,0,,SQUAD,0,,,0,0,,,,,,,,,,
287128,0,2005-04-08,1769483,1769483,2026-07-01,2029-06-30,80,FIRST,CONFIRMED,https://www.transfermarkt.de/us-lecce/kader/verein/1005/saison_id/2026/plus/1,f70b73ab0beef18f4707e1b846172f928bd484c8e6abc3aab35570487739b4bc,2026-09-12,0,,SQUAD,0,,,0,0,,,,,,,,,,
287322,276916,2003-06-17,2490386,2490386,2025-07-01,2027-06-30,23,FIRST,CONFIRMED,https://www.transfermarkt.de/gd-estoril-praia/kader/verein/1465/saison_id/2026/plus/1,1f4451857a09faf4bc5a12d1790c126a29e1c7346930e118c1c73d3f15c8f2d8,2026-09-12,0,,SQUAD,0,,,0,0,,,,,,,,,,
287336,0,2008-04-29,2490386,2490386,2025-07-01,2029-06-30,42,RESERVE,CONFIRMED,https://www.transfermarkt.de/gd-estoril-praia/kader/verein/1465/saison_id/2026/plus/1,1f4451857a09faf4bc5a12d1790c126a29e1c7346930e118c1c73d3f15c8f2d8,2026-09-12,0,,SQUAD,0,,,0,0,,,,,,,,,,
287482,236898,1997-01-06,1769520,1376348,2026-08-19,2027-06-30,20,FIRST,CONFIRMED,https://www.transfermarkt.de/michel-aebischer/profil/spieler/237658,38062202b4e30d804ec95c75c0726038dcd1e8abf370a249f5ba1efda5d6ef51,2026-09-12,0,,RESOLVE_EXPIRED_LOAN,1769478,2025-07-01,2026-06-30,4500000,0,6517146,,,,,,,,,
287621,0,2008-01-25,2490380,2490380,2026-01-01,2031-06-30,57,RESERVE,CONFIRMED,https://www.transfermarkt.de/fc-porto/kader/verein/720/saison_id/2026/plus/1,f504c5834791d9c61a831eb02c7ad78c5d5b46e6bbc57108520832c20f2114e6,2026-09-12,0,,SQUAD,0,,,0,0,,,,,,,,,,
287714,0,2006-09-01,2490398,2490398,2025-07-01,2031-06-30,36,RESERVE,CONFIRMED,https://www.transfermarkt.de/fc-famalicao/kader/verein/3329/saison_id/2026/plus/1,52ed6f3f188fcbdc2398a013bd0aa1005388801741871711df5ab62761c66f72,2026-09-12,0,,SQUAD,0,,,0,0,,,,,,,,,,
287848,0,2005-06-04,2490393,2490393,2024-07-01,2028-06-30,87,RESERVE,CONFIRMED,https://www.transfermarkt.de/fc-alverca/kader/verein/2521/saison_id/2026/plus/1,7f5d01cde12ec5554a0cdae5ccc699031abd54d7e473e99ebf2c44e9a519b8ae,2026-09-12,0,,SQUAD,0,,,0,0,,,,,,,,,,
287931,0,2006-09-25,2490394,2490394,2025-07-01,2027-06-30,72,RESERVE,CONFIRMED,https://www.transfermarkt.de/cf-estrela-amadora/kader/verein/2431/saison_id/2026/plus/1,518e3a2e95f5774700d01db49dd50f80d4ccbc790493950412b68c785a7de654,2026-09-12,0,,SQUAD,0,,,0,0,,,,,,,,,,
287999,78986,1995-03-11,2494467,2494468,2023-07-01,2027-06-30,6,FIRST,CONFIRMED,https://www.transfermarkt.de/academico-viseu-fc/kader/verein/7788/saison_id/2026/plus/1,340241555ec1793a42690aa5ffe614fb73194989e73960db5786f409bd3783e4,2026-09-12,0,,MOVE_PRESERVE_METADATA,0,,,0,0,,,,,,,,,,
288050,77337,2003-11-27,2494469,2494469,2025-01-31,2027-06-30,3,FIRST,CONFIRMED,https://www.transfermarkt.de/casa-pia-ac/kader/verein/3268/saison_id/2026/plus/1,a3e2a5277eff3871e27db7ef969d3905123f5c71aebb08128024f85e9a547b72,2026-09-12,0,,SQUAD,0,,,0,0,,,,,,,,,,
288094,71981,2004-04-17,2504148,2490393,2016-07-01,2027-06-30,2,FIRST,CONFIRMED,https://www.transfermarkt.de/fc-alverca/kader/verein/2521/saison_id/2026/plus/1,7f5d01cde12ec5554a0cdae5ccc699031abd54d7e473e99ebf2c44e9a519b8ae,2026-09-12,0,,RESOLVE_EXPIRED_LOAN,2490372,2025-07-01,2026-06-30,-1,0,,,,,,,,,,
288146,0,2008-03-24,2490372,2490372,2025-07-01,2031-06-30,58,RESERVE,CONFIRMED,https://www.transfermarkt.de/benfica-lissabon/kader/verein/294/saison_id/2026/plus/1,957c9f94e6a34a4cd8987a26892c35f410ec61ced30153d1842a28e3a5d61504,2026-09-12,0,,SQUAD,0,,,0,0,,,,,,,,,,
288149,0,2004-05-26,2490372,2490376,2022-07-01,2027-06-30,97,RESERVE,CONFIRMED,https://www.transfermarkt.de/cs-maritimo/kader/verein/1301/saison_id/2026/plus/1,5cfc233404ec9b89440eac630270b3e1ade7aaa468abf0d7c72a774e94f85e1b,2026-09-12,0,,MOVE_PRESERVE_METADATA,0,,,0,0,,,,,,,,,,
288169,0,2008-04-19,2490372,2490372,2025-11-01,2031-06-30,62,RESERVE,CONFIRMED,https://www.transfermarkt.de/benfica-lissabon/kader/verein/294/saison_id/2026/plus/1,957c9f94e6a34a4cd8987a26892c35f410ec61ced30153d1842a28e3a5d61504,2026-09-12,0,,SQUAD,0,,,0,0,,,,,,,,,,
288176,0,2007-07-04,2490372,458763,2023-07-01,2029-06-30,69,RESERVE,CONFIRMED,https://www.transfermarkt.de/kvc-westerlo/kader/verein/968/saison_id/2026/plus/1,4b321535def794641a57896ea3b395b11fb16964a25bb51fab6f75bf5e2a3382,2026-09-12,0,,MOVE_PRESERVE_METADATA,0,,,0,0,,,,,,,,,,
288241,257353,2003-09-15,1769525,1769474,2025-02-03,2029-06-30,38,FIRST,CONFIRMED,https://www.transfermarkt.de/warren-bondo/profil/spieler/659516,7f9abf009d1b6a3f3bbe7070faa7522ca50c265422cf6785da5b4c5ae3088f12,2026-09-12,0,,RESOLVE_EXPIRED_LOAN,1769474,2025-07-01,2026-06-30,10000000,0,,,,,,,,,,
288242,271579,2003-02-08,1769525,1769474,2024-01-08,2028-06-30,42,FIRST,CONFIRMED,https://www.transfermarkt.de/filippo-terracciano/profil/spieler/631007,22a3594851ccfd262c43841de7dc7b9c1aa37bfa75778f6e7c052c27ebcd2e8d,2026-09-12,0,,RESOLVE_EXPIRED_LOAN,1769474,2025-07-01,2026-06-30,-1,0,,,,,,,,,,
288260,74071,2003-01-27,1769525,1769487,2023-07-01,2028-06-30,15,FIRST,CONFIRMED,https://www.transfermarkt.de/romano-floriani-mussolini/profil/spieler/708086,8d58fa9e4bcb779769780b45e5f29d49f0dfa6b8fa0e6f59d54c45ed9e2bb227,2026-09-12,0,,RESOLVE_EXPIRED_LOAN,1769487,2025-07-01,2026-06-30,-1,0,,,,,,,,,,
288463,279624,2005-01-20,2752522,3145754,2017-07-01,2028-06-30,7,FIRST,CONFIRMED,https://www.transfermarkt.de/kocaelispor/kader/verein/120/saison_id/2026/plus/1,bda2ed30c80e868d465811681293fb83205ade381ad18055d9cd750ca9ce7817,2026-09-12,0,,RESOLVE_EXPIRED_LOAN,917518,2025-07-01,2026-06-30,-1,0,,,,,,,,,,
288596,257104,2002-09-21,2752519,1769542,2026-07-01,2028-06-30,9,FIRST,CONFIRMED,https://www.transfermarkt.de/us-sassuolo/kader/verein/6574/saison_id/2026/plus/1,686b0eaeb9362b4d66f8cc3a3779bc587286eed50ca422d498380ecfd974ed38,2026-09-12,2752519,2027-06-30,SQUAD,0,,,0,0,,,,,,,,,,
288744,80688,2008-01-23,1179665,1179665,2026-07-01,2028-06-30,38,FIRST,CONFIRMED,https://www.transfermarkt.de/losc-lille/kader/verein/1082/saison_id/2026/plus/1,c457b219cdc4b0b325e1ffc106944f12575f34ba418b01fe14ef82f00cc6a90d,2026-09-12,0,,SQUAD,0,,,0,0,,,,,,,,,,
288748,0,2006-12-25,1179665,786439,2026-07-01,2029-06-30,3,RESERVE,CONFIRMED,https://www.transfermarkt.de/sk-sigma-olmutz/kader/verein/2311/saison_id/2026/plus/1,c61d1f22a4e21ac99834db236d5c613fdf98db28632452029778a0c82954b875,2026-09-12,1179665,2027-06-30,SQUAD,0,,,0,0,,,,,,,,,,
288758,0,2006-10-15,1179665,2228253,2022-07-01,2029-06-30,12,RESERVE,CONFIRMED,https://www.transfermarkt.de/sc-cambuur-leeuwarden/kader/verein/133/saison_id/2026/plus/1,d35d182879e0c29fde9680e0bd938bd8a58eee080d1c036222e78600c9bbc8b6,2026-09-12,0,,MOVE_PRESERVE_METADATA,0,,,0,0,,,,,,,,,,
288903,243009,1997-11-25,2752517,1179662,2024-08-04,2028-06-30,13,FIRST,CONFIRMED,https://www.transfermarkt.de/derek-cornelius/profil/spieler/328609,fe235c6e6648cadf2a7811ef245ff1625484cbd35fd4ba9fcaebb9d66d7382bb,2026-09-12,0,,RESOLVE_EXPIRED_LOAN,1179662,2025-07-01,2026-06-30,-1,0,,,,,,,,,,
288906,226401,1997-10-10,2752517,917532,2023-07-01,2027-06-30,20,FIRST,CONFIRMED,https://www.transfermarkt.de/hull-city/kader/verein/3008/saison_id/2026/plus/1,95d27e3b77eef2306101f2b6eab92a02d56308a31e0d34299be2fa82dcf331db,2026-09-12,0,,MOVE_PRESERVE_METADATA,0,,,0,0,,,,,,,,,,
288951,272617,2004-12-01,2752526,458753,2026-08-05,2030-06-30,14,FIRST,CONFIRMED,https://www.transfermarkt.de/kyrell-wilson/profil/spieler/906428,8835e1d6116801abff7f1913902f6af945a9c1a8079a042739516f3113e65590,2026-09-12,0,,RESOLVE_EXPIRED_LOAN,917565,2025-07-01,2026-06-30,-1,0,6486767,,,,,,,,,
289036,79923,2000-01-04,2752515,1376288,2026-07-01,2027-06-30,23,FIRST,CONFIRMED,https://www.transfermarkt.de/spvgg-greuther-furth/kader/verein/65/saison_id/2026/plus/1,582a3d28fdc7b95bf59c3bf33f2d9b2847185d2a8fd3682db98bcd5e3a81d68b,2026-09-12,2752515,2027-06-30,REPLACE_EXPIRED_LOAN,1507333,2025-07-01,2026-06-30,-1,0,,,,,,,,,,
289289,253102,2002-07-15,2752524,1376266,2023-07-01,2027-06-30,7,FIRST,CONFIRMED,https://www.transfermarkt.de/fc-schalke-04/kader/verein/33/saison_id/2026/plus/1,a9ed4724b397b1d2e983c42cd58b22eee88dad2e22e96a26bd8a21ee813c34b7,2026-09-12,0,,RESOLVE_EXPIRED_LOAN,917524,2025-07-01,2026-06-30,-1,0,,,,,,,,,,
289961,77703,2005-02-21,2949184,2949125,2025-07-01,2030-06-30,21,FIRST,CONFIRMED,https://www.transfermarkt.de/roger-hinojo/profil/spieler/1204959,a4be811980e18cb3a937a03580b406ed9be80ed780aea032b6a3e232641a0158,2026-09-12,0,,RESOLVE_EXPIRED_LOAN,2949125,2025-07-01,2026-06-30,-1,0,5895426,,,,,,,,,
289969,278402,2003-10-01,2949184,2949141,2025-07-01,2028-06-30,24,FIRST,CONFIRMED,https://www.transfermarkt.de/selu-diallo/profil/spieler/1054931,df259ef1a808127b56e8438435be02a8149fdc1e7652e0e55d15d9bd1e069a2e,2026-09-12,0,,RESOLVE_EXPIRED_LOAN,2949141,2025-07-01,2026-06-30,-1,0,5832383,,,,,,,,,
289970,74559,2004-05-31,2949184,2949148,2024-07-01,2030-06-30,26,FIRST,CONFIRMED,https://www.transfermarkt.de/matia-barzic/profil/spieler/1060456,8b0f298d1404de27e769b476644b37fd0a099885175bf1a9fa4f3894cfbcb134,2026-09-12,0,,RESOLVE_EXPIRED_LOAN,2949148,2025-07-01,2026-06-30,-1,0,5866597,,,,,,,,,
289971,72563,2007-08-11,2949184,2949128,2025-07-01,2028-06-30,27,FIRST,CONFIRMED,https://www.transfermarkt.de/paco-cortes/profil/spieler/1232057,50fd10b2d67a4287edb6382c3eb0eb4894a398615fe23d01ca94132c01129a40,2026-09-12,0,,RESOLVE_EXPIRED_LOAN,2949128,2025-07-01,2026-06-30,-1,0,,,,,,,,,,
290113,199313,1990-04-25,1179782,0,2026-07-01,2026-06-30,0,FIRST,CONFIRMED,https://ligue1.com/fr/articles/l1_article_5130-,d9ce4d6f830889e66447760c6111007a1270ed2463f9ab22d0ad8b699706947e,2026-09-12,0,,RETIRE,0,,,0,0,,,,,,,,,,
290116,209781,1987-04-15,1179782,0,2026-07-01,2026-06-30,0,FIRST,CONFIRMED,https://ligue1.com/fr/articles/l1_article_5130-,d9ce4d6f830889e66447760c6111007a1270ed2463f9ab22d0ad8b699706947e,2026-09-12,0,,RETIRE,0,,,0,0,,,,,,,,,,
290197,247466,2001-08-05,2490386,2490386,2026-08-26,2027-06-30,6,FIRST,CONFIRMED,https://www.transfermarkt.de/gd-estoril-praia/kader/verein/1465/saison_id/2026/plus/1,1f4451857a09faf4bc5a12d1790c126a29e1c7346930e118c1c73d3f15c8f2d8,2026-09-12,0,,SQUAD,0,,,0,0,,,,,,,,,,
290262,80342,2003-03-29,2949121,2949121,2025-07-01,2029-06-30,24,FIRST,CONFIRMED,https://www.transfermarkt.de/athletic-bilbao/kader/verein/621/saison_id/2026/plus/1,ab659443e6b62a44b52f2d2bddfbd8dfab1041e92d677f7ed9d83c4f59284305,2026-09-12,0,,SQUAD,0,,,0,0,,,,,,,,,,
290701,251599,1997-09-25,2949123,2949127,2021-07-01,2029-06-30,8,FIRST,CONFIRMED,https://www.transfermarkt.de/deportivo-a-coruna/kader/verein/897/saison_id/2026/plus/1,7550b0f31442bf21d6149b2642a4ee1c6a58307c97068ea0c26d45e205ddb6c5,2026-09-12,0,,MOVE_PRESERVE_METADATA,0,,,0,0,,,,,,,,,,
290758,238873,2001-03-17,1769495,1769499,2022-07-01,2027-06-30,9,FIRST,CONFIRMED,https://www.transfermarkt.de/pietro-pellegri/profil/spieler/364133,e63f33a3283e23f636d17be2c75c6c7ecb088c69ddb31f387bec4a1c5a3f8455,2026-09-12,0,,RESOLVE_EXPIRED_LOAN,1769499,2025-07-01,2026-06-30,-1,0,,,,,,,,,,
290759,257164,2000-02-23,1769495,1769542,2019-07-01,2029-06-30,8,FIRST,CONFIRMED,https://www.transfermarkt.de/andrea-ghion/profil/spieler/390163,95b8debc886e687c0d45700ce01501c877999aeccf307a57a48b207b08ae46b6,2026-09-12,0,,RESOLVE_EXPIRED_LOAN,1769542,2025-07-01,2026-06-30,-1,0,,,,,,,,,,
290775,73296,2003-01-26,1769495,1179673,2022-07-01,2027-06-30,5,FIRST,CONFIRMED,https://www.transfermarkt.de/fc-lorient/kader/verein/1158/saison_id/2026/plus/1,8985aded9368fca7ce5d7744ed4210e43a27554002fd29e32ed7f2454f7c3087,2026-09-12,0,,RESOLVE_EXPIRED_LOAN,1769517,2025-07-01,2026-06-30,-1,0,,,,,,,,,,
290876,81988,2004-12-12,2228256,2228252,2024-07-01,2028-06-30,9,RESERVE,CONFIRMED,https://www.transfermarkt.de/sc-telstar/kader/verein/1434/saison_id/2026/plus/1,ae77e5dfbed0657e8ac7db9c5bfa54cdae9a9aa41389f9224cb5b1406e993f05,2026-09-12,0,,MOVE_PRESERVE_METADATA,0,,,0,0,,,,,,,,,,
291000,265701,2002-05-18,2228234,786439,2017-07-01,2027-06-30,27,FIRST,CONFIRMED,https://www.transfermarkt.de/sk-sigma-olmutz/kader/verein/2311/saison_id/2026/plus/1,c61d1f22a4e21ac99834db236d5c613fdf98db28632452029778a0c82954b875,2026-09-12,0,,RESOLVE_EXPIRED_LOAN,786442,2025-07-01,2026-06-30,-1,0,,,,,,,,,,
291016,0,2006-03-09,2228234,2228234,2025-07-01,2027-06-30,41,RESERVE,CONFIRMED,https://www.transfermarkt.de/sc-heerenveen/kader/verein/306/saison_id/2026/plus/1,c5575ac3b7544ec0b6c6c259e7a480f6feb44060499802d16479d9d38d1f4bf6,2026-09-12,0,,SQUAD,0,,,0,0,,,,,,,,,,
291077,252937,2001-01-14,917530,917530,2026-09-01,2027-06-30,34,FIRST,CONFIRMED,https://www.transfermarkt.de/coventry-city/kader/verein/990/saison_id/2026/plus/1,f8b6df3a235487785b5388c90b2e9ed50f43a330cba1ff3e2ab5138484452aae,2026-09-12,0,,SQUAD,0,,,0,0,,,,,,,,,,
291078,242534,2000-01-20,1179657,1179657,2023-07-07,2028-06-30,23,FIRST,CONFIRMED,https://www.transfermarkt.de/fc-toulouse/kader/verein/415/saison_id/2026/plus/1,d434d63fc06ac1f14a7f835fa1f97d5282df684c350fe0b4b6cc6270c93f45a3,2026-09-12,0,,SQUAD,0,,,0,0,,,,,,,,,,
291080,266299,1999-09-04,1179657,11927558,2026-08-19,2028-06-30,9,FIRST,CONFIRMED,https://www.transfermarkt.de/frank-magri/profil/spieler/807689,0b7a4bf8d0388150488d192f934c4ac624593b75d5078a676a825b5e8dad57d6,2026-09-12,0,,SQUAD,0,,,0,0,,2026-08-19,,,,,,,,
291094,277820,2005-01-05,1179657,1179887,2020-07-01,2026-06-30,10,RESERVE,CONFIRMED,https://www.toulousefc.com/play/blog/2026/05/des-departs-au-sein-de-l-effectif,7b043b02618b4f05b066e5e28840aaddf7ff5189d8aba70d9629a78ed2e8274a,2026-09-12,0,,MOVE_PRESERVE_METADATA,0,,,0,0,,,,,,,,,,
291270,274516,2004-11-29,1179654,917529,2024-07-01,2029-06-30,15,FIRST,CONFIRMED,https://www.transfermarkt.de/ibrahim-osman/profil/spieler/1110406,626c8bae5a1a104307ed59f4f70e503927309e09b9e7cfb7357d2b9433de6470,2026-09-12,0,,RESOLVE_EXPIRED_LOAN,917529,2025-07-01,2026-06-30,-1,0,,,,,,,,,,
291281,228681,1997-05-06,1179654,2424860,2026-09-09,2029-06-30,4,FIRST,CONFIRMED,https://www.transfermarkt.de/francisco-sierralta/profil/spieler/371436,1561ac014322aea31d8b93f984cb86c8d1f2f53a8efaef8cbc0020e3d0ba4eff,2026-09-12,1179654,2027-06-30,SQUAD,0,,,0,0,6578150,,,,,,,,,
291293,80650,2006-03-02,1179654,1179654,2025-01-01,2028-06-30,31,RESERVE,CONFIRMED,https://www.transfermarkt.de/aj-auxerre/kader/verein/290/saison_id/2026/plus/1,bc56be6a329e8d45adc245c1a0891dc5af443b78ade6319a110e2ae8c5f635c2,2026-09-12,0,,SQUAD,0,,,0,0,,,,,,,,,,
291302,80648,2006-08-30,1179654,1179654,2025-07-01,2028-06-30,37,RESERVE,CONFIRMED,https://www.transfermarkt.de/aj-auxerre/kader/verein/290/saison_id/2026/plus/1,bc56be6a329e8d45adc245c1a0891dc5af443b78ade6319a110e2ae8c5f635c2,2026-09-12,0,,SQUAD,0,,,0,0,,,,,,,,,,
291321,0,2006-11-07,1179654,1179654,2025-07-01,2027-06-30,38,RESERVE,CONFIRMED,https://www.transfermarkt.de/aj-auxerre/kader/verein/290/saison_id/2026/plus/1,bc56be6a329e8d45adc245c1a0891dc5af443b78ade6319a110e2ae8c5f635c2,2026-09-12,0,,SQUAD,0,,,0,0,,,,,,,,,,
291369,232119,1996-05-23,3149867,3149867,2026-09-04,2028-06-30,2,FIRST,CONFIRMED,https://www.transfermarkt.de/corum-fk/kader/verein/37951/saison_id/2026/plus/1,09798c50638e371505f186cb7a6cb29472c2df6e777856de0739225fb6d74803,2026-09-12,0,,SQUAD,0,,,0,0,,,,,,,,,,
291543,80351,2006-04-08,2228236,2228248,2021-07-01,2029-06-30,2,RESERVE,CONFIRMED,https://www.transfermarkt.de/go-ahead-eagles-deventer/kader/verein/1435/saison_id/2026/plus/1,9dde8a1e8b910be129c1938f1ab5cb614c94aaafe9ae1f3969e144108e3149a1,2026-09-12,0,,MOVE_PRESERVE_METADATA,0,,,0,0,,,,,,,,,,
291556,0,2006-12-05,2228236,1376442,2023-07-01,2026-06-30,18,RESERVE,CONFIRMED,https://www.transfermarkt.de/sv-darmstadt-98/kader/verein/105/saison_id/2026/plus/1,807e79c80e44c91b1d4926d0fb6534a3276b98489473cc35d4238a5a660a95f9,2026-09-12,0,,MOVE_PRESERVE_METADATA,0,,,0,0,,,,,,,,,,
291565,0,2005-08-05,2228236,2228236,2025-08-02,2027-06-30,41,RESERVE,CONFIRMED,https://www.transfermarkt.de/psv-eindhoven/kader/verein/383/saison_id/2026/plus/1,7dbc9bc024c3964913cf46e2f5d6226c804517cab0a7075d3a81e7c5d0c8053a,2026-09-12,0,,SQUAD,0,,,0,0,,,,,,,,,,
291577,0,2008-06-17,2228236,2228236,2026-01-01,2031-06-30,37,RESERVE,CONFIRMED,https://www.transfermarkt.de/psv-eindhoven/kader/verein/383/saison_id/2026/plus/1,7dbc9bc024c3964913cf46e2f5d6226c804517cab0a7075d3a81e7c5d0c8053a,2026-09-12,0,,SQUAD,0,,,0,0,,,,,,,,,,
291769,253202,2001-03-13,1179650,1376283,2025-07-01,2026-06-30,5,FIRST,CONFIRMED,https://www.transfermarkt.de/karlsruher-sc/kader/verein/48/saison_id/2026/plus/1,502be878e53560db93a5e23bc70c24b09c8a3f9aa264941d3a29a99a7083b789,2026-09-12,0,,MOVE_PRESERVE_METADATA,0,,,0,0,,,,,,,,,,
291875,278326,2006-10-22,1769513,1769474,2020-07-01,2030-06-30,80,FIRST,CONFIRMED,https://www.transfermarkt.de/ac-mailand/kader/verein/5/saison_id/2026/plus/1,62f75de72ed1f23bb563a5fa890848e43b2c13847e4bdb7efb02d5b9d513dd38,2026-09-12,0,,RESOLVE_EXPIRED_LOAN,1769496,2025-07-01,2026-06-30,-1,0,,,,,,,,,,
292257,78263,2007-06-29,1769546,1769499,2025-07-01,2031-06-30,77,FIRST,CONFIRMED,https://www.transfermarkt.de/alessio-cacciamani/profil/spieler/1188619,b01ca4854428d8e73316745702645e60fba2ac21b3cd8954a3ea2636f42780fd,2026-09-12,0,,RESOLVE_EXPIRED_LOAN,1769499,2025-07-01,2026-06-30,-1,0,,,,,,,,,,
292352,80597,2008-04-25,1769527,1769474,2025-07-01,2031-06-30,28,FIRST,CONFIRMED,https://www.transfermarkt.de/christian-comotto/profil/spieler/1058363,6de28b06119ee3fefa03c9b4fc0d39c733d9b4800994c9a469e1fdbf84ec2f19,2026-09-12,0,,RESOLVE_EXPIRED_LOAN,1769474,2025-07-01,2026-06-30,-1,0,,,,,,,,,,
292448,75645,2005-06-24,1769586,1769487,2024-07-01,2028-06-30,76,FIRST,CONFIRMED,https://www.transfermarkt.de/filipe-bordon/profil/spieler/1110645,14dfc0bbfe816f5983cccb28ba3ed1ce39d0eebc7265815acc86aea3fce9ac33,2026-09-12,0,,RESOLVE_EXPIRED_LOAN,1769487,2025-07-01,2026-06-30,-1,0,,,,,,,,,,
292895,262335,2001-04-30,1769569,3145745,2023-07-01,2030-06-30,10,FIRST,CONFIRMED,https://www.transfermarkt.de/samsunspor/kader/verein/152/saison_id/2026/plus/1,4e99640342d6c03de82a839147f9c53a0cc4bc14523c727d2894fc2df5432171,2026-09-12,0,,RESOLVE_EXPIRED_LOAN,1769496,2025-07-01,2026-06-30,-1,0,,,,,,,,,,
293401,73838,1997-12-15,1769528,1769480,2024-07-24,2028-06-30,12,FIRST,CONFIRMED,https://www.transfermarkt.de/alen-sherri/profil/spieler/304144,0a8eeb465bc3bd20ad81ce4299fde906d4ac05c26fc9735519cfe0c539226202,2026-09-12,0,,RESOLVE_EXPIRED_LOAN,1769480,2025-07-01,2026-06-30,-1,0,,,,,,,,,,
293544,74664,2005-07-24,1769500,659476,2026-09-07,2027-06-30,27,FIRST,CONFIRMED,https://www.transfermarkt.de/saad-el-haddad/profil/spieler/936684,f12b0e943f8c2e9cebf9524d50754cd10e4a5235ce7b0935d65a98e51d31c703,2026-09-12,1769500,2026-12-31,SQUAD,0,,,0,0,6576150,,,,,,,,,
293734,262889,2003-02-19,2228260,1376373,2023-07-01,2026-06-30,4,FIRST,CONFIRMED,https://www.transfermarkt.de/1-fc-magdeburg/kader/verein/187/saison_id/2026/plus/1,d0ff31a4349276164899e3293cd9c2c30e400169104ef2ece40cfdb9b3d70c93,2026-09-12,0,,MOVE_PRESERVE_METADATA,0,,,0,0,,,,,,,,,,
293908,74879,2005-03-26,2228235,1376274,2024-07-01,2030-06-30,9,FIRST,CONFIRMED,https://www.transfermarkt.de/vfl-wolfsburg/kader/verein/82/saison_id/2026/plus/1,0d671e8b1f26fd27a90d4507455627094aa5ed12d9869e4c7dc8c2b2573eb1ef,2026-09-12,0,,MOVE_PRESERVE_METADATA,0,,,0,0,,,,,,,,,,
294414,0,2006-12-29,2228248,2228248,2026-07-01,2028-06-30,35,FIRST,CONFIRMED,https://www.transfermarkt.de/go-ahead-eagles-deventer/kader/verein/1435/saison_id/2026/plus/1,9dde8a1e8b910be129c1938f1ab5cb614c94aaafe9ae1f3969e144108e3149a1,2026-09-12,0,,SQUAD,0,,,0,0,,,,,,,,,,
294447,0,2009-12-25,2228248,2228248,2026-07-01,2029-06-30,30,FIRST,CONFIRMED,https://www.transfermarkt.de/go-ahead-eagles-deventer/kader/verein/1435/saison_id/2026/plus/1,9dde8a1e8b910be129c1938f1ab5cb614c94aaafe9ae1f3969e144108e3149a1,2026-09-12,0,,SQUAD,0,,,0,0,,,,,,,,,,
294452,0,2006-06-13,2228248,2228248,2026-07-01,2028-06-30,31,FIRST,CONFIRMED,https://www.transfermarkt.de/go-ahead-eagles-deventer/kader/verein/1435/saison_id/2026/plus/1,9dde8a1e8b910be129c1938f1ab5cb614c94aaafe9ae1f3969e144108e3149a1,2026-09-12,0,,SQUAD,0,,,0,0,,,,,,,,,,
294619,73964,2003-05-14,2228232,2228247,2026-07-01,2028-06-30,25,FIRST,CONFIRMED,https://www.transfermarkt.de/fortuna-sittard/kader/verein/385/saison_id/2026/plus/1,3459b44bdebecde47d2a1440be82d9c09e8f120a342ec34fc969ad1288f64fcd,2026-09-12,2228232,2027-06-30,PRESERVE_PROTECTED_SQUAD,0,,,0,0,,,,,1,2460786,2460906,0,18,0
294635,0,2009-04-18,2228232,2228232,2025-07-01,2028-06-30,36,RESERVE,CONFIRMED,https://www.transfermarkt.de/feyenoord-rotterdam/kader/verein/234/saison_id/2026/plus/1,0a89b967569a2864ad63a06bd5831472c80e45548525ac5b64cefc599d35295f,2026-09-12,0,,SQUAD,0,,,0,0,,,,,,,,,,
294653,0,2007-02-23,2228232,2228232,2026-07-01,2029-06-30,32,RESERVE,CONFIRMED,https://www.transfermarkt.de/feyenoord-rotterdam/kader/verein/234/saison_id/2026/plus/1,0a89b967569a2864ad63a06bd5831472c80e45548525ac5b64cefc599d35295f,2026-09-12,0,,SQUAD,0,,,0,0,,,,,,,,,,
294671,0,2009-06-18,2228232,2228232,2026-07-01,2028-06-30,57,RESERVE,CONFIRMED,https://www.transfermarkt.de/feyenoord-rotterdam/kader/verein/234/saison_id/2026/plus/1,0a89b967569a2864ad63a06bd5831472c80e45548525ac5b64cefc599d35295f,2026-09-12,0,,SQUAD,0,,,0,0,,,,,,,,,,
294878,256890,2001-04-05,3145837,3145837,2026-09-04,2028-06-30,70,FIRST,CONFIRMED,https://www.transfermarkt.de/caykur-rizespor/kader/verein/126/saison_id/2026/plus/1,61fa6e9a84b4e36b36da70c3e8971eaf7870792667b136d236163fc072296fda,2026-09-12,0,,SQUAD,0,,,0,0,,,,,,,,,,
294986,224163,1997-04-08,458788,458788,2026-09-01,2029-06-30,24,FIRST,CONFIRMED,https://www.transfermarkt.de/sk-beveren/kader/verein/28643/saison_id/2026/plus/1,7bd09a7ce8449fd8a09e77af941f3d0069233ed39a454f5073c6ab7bfe083ae7,2026-09-12,0,,SQUAD,0,,,0,0,,,,,,,,,,
295086,80523,2007-02-14,2228233,2228233,2025-07-01,2028-06-30,44,RESERVE,CONFIRMED,https://www.transfermarkt.de/fc-groningen/kader/verein/202/saison_id/2026/plus/1,f0f5d8d6f23b2d3ed5dd60e9bd2366f7a483d8cdd5fc8a4003b210b61dd2451c,2026-09-12,0,,SQUAD,0,,,0,0,,,,,,,,,,
295107,0,2005-02-14,2228233,2228233,2024-07-01,2027-06-30,42,RESERVE,CONFIRMED,https://www.transfermarkt.de/fc-groningen/kader/verein/202/saison_id/2026/plus/1,f0f5d8d6f23b2d3ed5dd60e9bd2366f7a483d8cdd5fc8a4003b210b61dd2451c,2026-09-12,0,,SQUAD,0,,,0,0,,,,,,,,,,
295186,0,2007-01-08,2228226,2228226,2026-07-01,2030-06-30,75,RESERVE,CONFIRMED,https://www.transfermarkt.de/az-alkmaar/kader/verein/1090/saison_id/2026/plus/1,531b9d310986cca2d1532dd964ed898fe77b83822fbfe9489507e4f0bf4aefc5,2026-09-12,0,,SQUAD,0,,,0,0,,,,,,,,,,
295337,276634,2003-12-13,3080195,1376274,2022-07-01,2030-06-30,32,FIRST,CONFIRMED,https://www.transfermarkt.de/vfl-wolfsburg/kader/verein/82/saison_id/2026/plus/1,0d671e8b1f26fd27a90d4507455627094aa5ed12d9869e4c7dc8c2b2573eb1ef,2026-09-12,0,,MOVE_PRESERVE_METADATA,0,,,0,0,,,,,,,,,,
295470,75656,2006-09-09,3080193,786446,2026-07-01,2030-06-30,66,FIRST,CONFIRMED,https://www.transfermarkt.de/fc-banik-ostrau/kader/verein/377/saison_id/2026/plus/1,3717000ca143110b9cff7bc66843b5e54104cdaa75d0e196220c4e77c8b4d611,2026-09-12,3080193,2027-06-30,SQUAD,0,,,0,0,,,,,,,,,,
295598,0,2005-10-16,786445,786445,2026-09-08,2027-06-30,10,FIRST,CONFIRMED,https://www.transfermarkt.de/fc-zlin/kader/verein/5545/saison_id/2026/plus/1,145632bcb3322adba503e23b5de14e7fcaebb0cc067878f73ac83683b3023bd4,2026-09-12,0,,SQUAD,0,,,0,0,,,,,,,,,,
295685,76843,2005-05-07,2228227,2228252,2020-07-01,2028-06-30,2,RESERVE,CONFIRMED,https://www.transfermarkt.de/sc-telstar/kader/verein/1434/saison_id/2026/plus/1,ae77e5dfbed0657e8ac7db9c5bfa54cdae9a9aa41389f9224cb5b1406e993f05,2026-09-12,0,,MOVE_PRESERVE_METADATA,0,,,0,0,,,,,,,,,,
295693,0,2009-01-15,2228227,2228227,2025-07-01,2028-06-30,68,RESERVE,CONFIRMED,https://www.transfermarkt.de/ajax-amsterdam/kader/verein/610/saison_id/2026/plus/1,f5e17e90fd0fa7a2962da880b80d3f5be8fc736c45ff9203a638be8e951725f8,2026-09-12,0,,SQUAD,0,,,0,0,,,,,,,,,,
295792,247030,1994-05-04,786441,786447,2018-07-01,2026-06-30,6,FIRST,CONFIRMED,https://www.transfermarkt.de/fc-zbrojovka-brunn/kader/verein/5225/saison_id/2026/plus/1,1aeecf841a85ad9d35469b9ba37af49f38aee1b2e160fdd7ebc2df04f3863d83,2026-09-12,0,,MOVE_PRESERVE_METADATA,0,,,0,0,,,,,,,,,,
295800,74742,2005-08-31,786441,790564,2026-09-08,2030-06-30,11,FIRST,CONFIRMED,https://www.transfermarkt.de/youssoupha-sanyang/profil/spieler/1238634,56607b29e8b1a55316020c2917a88f14c25af1aa8ac15bcbb10ce75b02b75682,2026-09-12,786441,2027-06-30,SQUAD,0,,,0,0,6576401,,,,,,,,,
295804,0,2007-08-14,786441,786441,2025-01-01,2030-06-30,45,RESERVE,CONFIRMED,https://www.transfermarkt.de/sk-slavia-prag/kader/verein/62/saison_id/2026/plus/1,ab5b3ad613592069fe87ed798140f18d5a2969fea81a54ddd36b6738aad74f72,2026-09-12,0,,SQUAD,0,,,0,0,,,,,,,,,,
295806,0,2005-02-19,786441,790564,2020-07-01,2029-06-30,15,RESERVE,CONFIRMED,https://www.transfermarkt.de/sk-artis-brunn/kader/verein/24325/saison_id/2026/plus/1,587a867b1b6398028de49094330bc2934f1e7245d3ee79f2003e9ffe6410ac9f,2026-09-12,0,,MOVE_PRESERVE_METADATA,0,,,0,0,,,,,,,,,,
295815,0,2005-12-27,786441,790538,2015-07-01,2026-06-30,20,RESERVE,CONFIRMED,https://www.transfermarkt.de/fk-pardubice/kader/verein/1496/saison_id/2026/plus/1,ff994ed3554101d4e2a5377d206e013ac142ca4f73f68a0c406e2cc0d305e0ef,2026-09-12,0,,MOVE_PRESERVE_METADATA,0,,,0,0,,,,,,,,,,
295816,0,2006-03-20,786441,790564,2026-07-01,2029-06-30,14,RESERVE,CONFIRMED,https://www.transfermarkt.de/sk-artis-brunn/kader/verein/24325/saison_id/2026/plus/1,587a867b1b6398028de49094330bc2934f1e7245d3ee79f2003e9ffe6410ac9f,2026-09-12,786441,2027-06-30,REPLACE_EXPIRED_LOAN,7999502,2025-01-01,2025-12-31,-1,0,,,,,,,,,,
295875,0,2004-05-16,786441,786434,2022-07-01,2025-06-30,33,RESERVE,CONFIRMED,https://www.transfermarkt.de/fk-mlada-boleslav/kader/verein/5546/saison_id/2026/plus/1,5a8600e42926651e56482ac4dac8c6e5e0e3e1754eacf142566e811f0e9bca53,2026-09-12,0,,MOVE_PRESERVE_METADATA,0,,,0,0,,,,,,,,,,
295989,240283,1996-06-18,786442,786434,2003-07-01,2026-06-30,24,FIRST,CONFIRMED,https://www.transfermarkt.de/fk-mlada-boleslav/kader/verein/5546/saison_id/2026/plus/1,5a8600e42926651e56482ac4dac8c6e5e0e3e1754eacf142566e811f0e9bca53,2026-09-12,0,,MOVE_PRESERVE_METADATA,0,,,0,0,,,,,,,,,,
295998,0,2005-02-25,786442,786437,2014-07-01,2026-06-30,37,RESERVE,CONFIRMED,https://www.transfermarkt.de/fk-jablonec/kader/verein/1322/saison_id/2026/plus/1,fa6bc207fa67c20e0cd9ca574d81e19d3d8b6b77840b71993b1620a5a4b28b21,2026-09-12,0,,MOVE_PRESERVE_METADATA,0,,,0,0,,,,,,,,,,
296017,0,2009-01-05,786442,786443,2021-07-01,2026-06-30,0,FIRST,CONFIRMED,https://www.transfermarkt.de/fk-teplice/kader/verein/814/saison_id/2026/plus/1,d56a4f10e63ee591f34d8043653f8dec1ff43e812697defcdc04274a50cee948,2026-09-12,0,,MOVE_PRESERVE_METADATA,0,,,0,0,,,,,,,,,,
296498,0,2004-06-06,786437,786447,2026-07-01,2027-06-30,6,FIRST,CONFIRMED,https://www.transfermarkt.de/lukas-penxa/profil/spieler/951217,626c76debe6b99702a7f9c28d2ce40a6f3d859c7a4545145fbdaa49f94e897a8,2026-09-12,0,,RESOLVE_EXPIRED_LOAN,786442,2025-07-01,2026-06-30,-1,0,6377291,,,,,,,,,
296499,0,2005-08-28,786437,786453,2021-07-01,2027-06-30,62,FIRST,CONFIRMED,https://www.transfermarkt.de/bohemians-prag-1905/kader/verein/715/saison_id/2026/plus/1,ebdb6624691ca6718b5ca6df413da8f706167c604575caed018b5bb2940716cb,2026-09-12,0,,RESOLVE_EXPIRED_LOAN,3225604,2025-07-01,2026-06-30,-1,0,,,,,,,,,,
296594,0,2000-05-22,786446,786443,2024-07-01,2026-06-30,22,FIRST,CONFIRMED,https://www.transfermarkt.de/fk-teplice/kader/verein/814/saison_id/2026/plus/1,d56a4f10e63ee591f34d8043653f8dec1ff43e812697defcdc04274a50cee948,2026-09-12,0,,MOVE_PRESERVE_METADATA,0,,,0,0,,,,,,,,,,
296598,0,2001-01-05,786446,786451,2026-09-08,2027-12-31,25,FIRST,CONFIRMED,https://www.transfermarkt.de/dennis-owusu/profil/spieler/518471,e4838e42e111c6875ce29bc0c4b3931d3148ed4295cb5e8a908c897dedea399c,2026-09-12,786446,2027-06-30,SQUAD,0,,,0,0,6575327,,,,,,,,,
296610,0,2007-06-07,786446,786446,2026-07-01,2029-06-30,42,FIRST,CONFIRMED,https://www.transfermarkt.de/fc-banik-ostrau/kader/verein/377/saison_id/2026/plus/1,3717000ca143110b9cff7bc66843b5e54104cdaa75d0e196220c4e77c8b4d611,2026-09-12,0,,SQUAD,0,,,0,0,,,,,,,,,,
296627,0,2005-04-16,786446,786434,2025-07-01,2027-06-30,6,RESERVE,CONFIRMED,https://www.transfermarkt.de/fk-mlada-boleslav/kader/verein/5546/saison_id/2026/plus/1,5a8600e42926651e56482ac4dac8c6e5e0e3e1754eacf142566e811f0e9bca53,2026-09-12,0,,MOVE_PRESERVE_METADATA,0,,,0,0,,,,,,,,,,
296689,0,1996-01-31,790530,786443,2020-07-01,2026-06-30,22,FIRST,CONFIRMED,https://www.transfermarkt.de/fk-teplice/kader/verein/814/saison_id/2026/plus/1,d56a4f10e63ee591f34d8043653f8dec1ff43e812697defcdc04274a50cee948,2026-09-12,0,,MOVE_PRESERVE_METADATA,0,,,0,0,,,,,,,,,,
296706,0,2000-07-06,790530,786446,2026-09-08,2027-06-30,34,FIRST,CONFIRMED,https://www.transfermarkt.de/jakub-elbel/profil/spieler/673450,a75b643db5265712ce71954c93bac75370aa4f74b25835776352daf18e87c4f5,2026-09-12,0,,RESOLVE_EXPIRED_LOAN,786439,2025-07-01,2026-06-30,-1,0,6574272,,,,,,,,,
296764,0,2007-01-16,790530,790530,2026-07-01,2031-06-30,24,FIRST,CONFIRMED,https://www.transfermarkt.de/fc-hradec-kralove/kader/verein/1897/saison_id/2026/plus/1,9f165382686e89ef721bef5137a1368d6a21993eeb3b6a2f26d9e63870638938,2026-09-12,0,,SQUAD,0,,,0,0,,,,,,,,,,
296799,0,2002-03-25,786453,786437,2020-07-01,2027-06-30,41,FIRST,CONFIRMED,https://www.transfermarkt.de/fk-jablonec/kader/verein/1322/saison_id/2026/plus/1,fa6bc207fa67c20e0cd9ca574d81e19d3d8b6b77840b71993b1620a5a4b28b21,2026-09-12,0,,RESOLVE_EXPIRED_LOAN,786442,2025-07-01,2026-06-30,-1,0,,,,,,,,,,
296825,0,2006-11-14,786453,786453,2025-07-01,2028-12-31,17,RESERVE,CONFIRMED,https://www.transfermarkt.de/bohemians-prag-1905/kader/verein/715/saison_id/2026/plus/1,ebdb6624691ca6718b5ca6df413da8f706167c604575caed018b5bb2940716cb,2026-09-12,0,,SQUAD,0,,,0,0,,,,,,,,,,
297175,0,2006-01-02,3145826,3145826,2025-07-01,2028-06-30,96,FIRST,CONFIRMED,https://www.transfermarkt.de/trabzonspor/kader/verein/449/saison_id/2026/plus/1,46d6b6df3f94c27fce5372bec00addc6ddbe5736f874af98f7a926a67acd515f,2026-09-12,0,,SQUAD,0,,,0,0,,,,,,,,,,
297317,278168,2004-08-02,3145745,3145825,2023-09-15,2027-06-30,5,FIRST,CONFIRMED,https://www.transfermarkt.de/eyup-aydin/profil/spieler/605110,fe6f642586bd3d09d8985479232a52d255852fe3cb4d105876256acbda7091a0,2026-09-12,0,,RESOLVE_EXPIRED_LOAN,3145825,2025-07-01,2026-06-30,-1,0,6165039,,,,,,,,,
297571,0,2004-02-05,786439,786438,2026-09-08,2031-06-30,25,FIRST,CONFIRMED,https://www.transfermarkt.de/matej-mikulenka/profil/spieler/751681,e1e1f431a328521040ee307d97b826e844f9708e9392b9dda9b277019bfcecb0,2026-09-12,0,,SQUAD,0,,,0,0,6576719,,,,,,,,,
297573,72938,1998-06-11,786439,786447,2026-07-01,2027-06-30,15,FIRST,CONFIRMED,https://www.transfermarkt.de/daniel-vasulin/profil/spieler/558473,f11f4b23e0c015ac4394ba7d659bb1c6c457782938a50625935fbed1fc6f7ced,2026-09-12,0,,RESOLVE_EXPIRED_LOAN,786450,2025-07-01,2026-06-30,-1,0,6336214,,,,,,,,,
297578,201126,1990-04-13,786439,790564,2021-07-01,2027-06-30,30,FIRST,CONFIRMED,https://www.transfermarkt.de/sk-artis-brunn/kader/verein/24325/saison_id/2026/plus/1,587a867b1b6398028de49094330bc2934f1e7245d3ee79f2003e9ffe6410ac9f,2026-09-12,0,,MOVE_PRESERVE_METADATA,0,,,0,0,,,,,,,,,,
297585,72632,2002-02-09,458787,458787,2026-08-27,2029-06-30,23,FIRST,CONFIRMED,https://www.transfermarkt.de/kv-mechelen/kader/verein/354/saison_id/2026/plus/1,def54d86d9d3b7a97807ef82c6b867bdf78c5b32694c9ea844fc271b85c916a5,2026-09-12,0,,SQUAD,0,,,0,0,,,,,,,,,,
297594,0,2000-08-16,786439,786447,2014-07-01,2026-06-30,12,RESERVE,CONFIRMED,https://www.transfermarkt.de/fc-zbrojovka-brunn/kader/verein/5225/saison_id/2026/plus/1,1aeecf841a85ad9d35469b9ba37af49f38aee1b2e160fdd7ebc2df04f3863d83,2026-09-12,0,,MOVE_PRESERVE_METADATA,0,,,0,0,,,,,,,,,,
297606,0,2006-02-26,786439,786439,2025-01-01,2027-06-30,80,RESERVE,CONFIRMED,https://www.transfermarkt.de/sk-sigma-olmutz/kader/verein/2311/saison_id/2026/plus/1,c61d1f22a4e21ac99834db236d5c613fdf98db28632452029778a0c82954b875,2026-09-12,0,,SQUAD,0,,,0,0,,,,,,,,,,
297608,0,2003-09-10,786439,786439,2021-07-01,2027-06-30,27,RESERVE,CONFIRMED,https://www.transfermarkt.de/sk-sigma-olmutz/kader/verein/2311/saison_id/2026/plus/1,c61d1f22a4e21ac99834db236d5c613fdf98db28632452029778a0c82954b875,2026-09-12,0,,SQUAD,0,,,0,0,,,,,,,,,,
299719,0,2005-06-13,6225926,1376306,2024-07-01,2028-06-30,29,FIRST,CONFIRMED,https://www.transfermarkt.de/brooklyn-schwarz/profil/spieler/1041307,f0d1388138ad4addcafc8c6a54ac8815222da9f8b5378b7f24d9469f88159f31,2026-09-12,0,,RESOLVE_EXPIRED_LOAN,1376306,2025-07-01,2026-06-30,-1,0,,,,,,,,,,
299758,278856,2006-06-13,6234443,2490378,2026-08-13,2027-06-30,9,FIRST,CONFIRMED,https://www.transfermarkt.de/allen-obando/profil/spieler/1050373,a07de90d3729f7d24ef26796461129a7625d053e89cc20a939232fb333e812b7,2026-09-12,6234443,2027-06-30,REPLACE_EXPIRED_LOAN,3735553,2025-07-01,2026-06-30,-1,0,,,,,,,,,,
299970,231390,1997-02-06,6225931,3145839,2024-07-01,2027-06-30,10,FIRST,CONFIRMED,https://www.transfermarkt.de/konyaspor/kader/verein/2293/saison_id/2026/plus/1,069dc7281d9365629f14ccbc97a6efb86e052d5f21328d42e8d7b49edfa417e6,2026-09-12,0,,MOVE_PRESERVE_METADATA,0,,,0,0,,,,,,,,,,
300796,230690,1996-02-01,6225954,2490376,2026-07-01,2027-06-30,8,FIRST,CONFIRMED,https://www.transfermarkt.de/maxime-dominguez/profil/spieler/207561,4e37400d09ac3bc3c1a48f728d61b7037370d0c5817efa6ce8b4cdf1b4ec3839,2026-09-12,0,,RESOLVE_EXPIRED_LOAN,3538951,2025-07-01,2026-06-30,-1,0,6394153,,,,,,,,,
300802,237642,1997-03-24,6225954,1376442,2022-07-01,2026-06-30,28,FIRST,CONFIRMED,https://www.transfermarkt.de/sv-darmstadt-98/kader/verein/105/saison_id/2026/plus/1,807e79c80e44c91b1d4926d0fb6534a3276b98489473cc35d4238a5a660a95f9,2026-09-12,0,,MOVE_PRESERVE_METADATA,0,,,0,0,,,,,,,,,,
300817,0,2004-07-22,6225954,2490388,2026-09-02,2029-06-30,0,FIRST,CONFIRMED,https://www.transfermarkt.de/ythallo/profil/spieler/980854,b5819817ca90303208de32419baca7d974ebc96170d2ea4b1882ba5771c67452,2026-09-12,0,,RESOLVE_EXPIRED_LOAN,3538950,2025-01-01,2025-12-31,-1,0,6562166,,,,,,,,,
301431,213697,1995-04-27,6239520,917532,2026-01-28,2027-06-30,17,FIRST,CONFIRMED,https://www.transfermarkt.de/paddy-mcnair/profil/spieler/167268,31f360a6a55387b2ac1af2d05c3b2b589e19342c14111afa0500c6fb1f44179d,2026-09-12,0,,PRESERVE_PROTECTED_SQUAD,0,,,0,0,,,,,2,0,0,0,1,0
306359,0,2002-02-24,10555689,2228234,2026-07-28,2030-06-30,6,FIRST,CONFIRMED,https://www.transfermarkt.de/sc-heerenveen/kader/verein/306/saison_id/2026/plus/1,c5575ac3b7544ec0b6c6c259e7a480f6feb44060499802d16479d9d38d1f4bf6,2026-09-12,0,,SQUAD,0,,,0,0,,,,,,,,,,
307148,255438,2002-01-29,10682372,458759,2019-07-01,2026-06-30,71,FIRST,CONFIRMED,https://www.transfermarkt.de/vv-st-truiden/kader/verein/475/saison_id/2026/plus/1,c0e976a963b2c1507ec52e39bab62ae405f89e7c2149e5b8ecc88e56b4f6ff7a,2026-09-12,0,,MOVE_PRESERVE_METADATA,0,,,0,0,,,,,,,,,,
1000013185,232938,1998-11-05,0,917535,2025-07-01,2025-06-30,0,FIRST,CONFIRMED,https://www.transfermarkt.de/crystal-palace/kader/verein/873/saison_id/2026/plus/1,5b0d8110693231bc9cfcbf4e744171ea18f83dc20ff4c35e294cf84c098ae7ac,2026-09-12,0,,MOVE_PRESERVE_METADATA,0,,,0,0,,,,,,,,,,
1000013211,199339,1988-09-09,0,1376276,2026-01-27,2027-06-30,1,FIRST,CONFIRMED,https://www.transfermarkt.de/manuel-riemann/profil/spieler/40792,64ec8ae87cddee1bd401d26b3e91f9940c7e58cd00c4d553049bdf5bf99402d6,2026-09-12,0,,PRESERVE_PROTECTED_SQUAD,0,,,0,0,,,,,1,2460842,2461056,0,37,0
1000013240,172203,1988-03-17,0,917553,2022-07-01,2026-06-30,0,FIRST,CONFIRMED,https://www.transfermarkt.de/afc-bournemouth/kader/verein/989/saison_id/2026/plus/1,147ac73d9a94a634b365ebf6ee82ee4655d46b0d4aa0cba07b481ccc27a62359,2026-09-12,0,,MOVE_PRESERVE_METADATA,0,,,0,0,,,,,,,,,,
1000013331,258786,1998-07-31,0,2490381,2026-09-10,2028-06-30,0,FIRST,CONFIRMED,https://www.transfermarkt.de/liga-portugal/transfers/wettbewerb/PO1/saison_id/2026,387b98c14254a71a96aa32f796d043aff999893be0ea4725ee83d7b986855445,2026-09-12,0,,SQUAD,0,,,0,0,6581331,,,,,,,,,
1000013460,246183,1997-07-17,0,790530,2015-07-01,2025-06-30,0,FIRST,CONFIRMED,https://www.transfermarkt.de/fc-hradec-kralove/kader/verein/1897/saison_id/2026/plus/1,9f165382686e89ef721bef5137a1368d6a21993eeb3b6a2f26d9e63870638938,2026-09-12,0,,MOVE_PRESERVE_METADATA,0,,,0,0,,,,,,,,,,
1000013719,199721,1990-08-05,0,1179664,2019-07-01,2025-06-30,0,FIRST,CONFIRMED,https://www.transfermarkt.de/rc-lens/kader/verein/826/saison_id/2026/plus/1,7fb4fc29a59ca1fd1875a851a1378fb40304c090e369d517a86f6d13f80ab3c8,2026-09-12,0,,MOVE_PRESERVE_METADATA,0,,,0,0,,,,,,,,,,
1000013920,0,1999-02-11,0,471041,2019-07-01,2027-06-30,0,FIRST,CONFIRMED,https://www.transfermarkt.de/raal-la-louviere/kader/verein/3901/saison_id/2026/plus/1,b03ed0837676e8c4516649bb0a99db01be8090988303411744be3df08ec3d3fe,2026-09-12,0,,MOVE_PRESERVE_METADATA,0,,,0,0,,,,,,,,,,
1000013989,0,1997-07-30,0,1376446,2024-07-01,2035-06-30,0,FIRST,CONFIRMED,https://www.transfermarkt.de/fc-viktoria-koln/kader/verein/1622/saison_id/2026/plus/1,b7bfc92e8e7c5a16b30c7b0ff346d1259614911747f68b6cb84920bb2afd1606,2026-09-12,0,,MOVE_PRESERVE_METADATA,0,,,0,0,,,,,,,,,,
1000015933,0,2003-06-13,0,790530,2017-07-01,2035-06-30,0,FIRST,CONFIRMED,https://www.transfermarkt.de/fc-hradec-kralove/kader/verein/1897/saison_id/2026/plus/1,9f165382686e89ef721bef5137a1368d6a21993eeb3b6a2f26d9e63870638938,2026-09-12,0,,MOVE_PRESERVE_METADATA,0,,,0,0,,,,,,,,,,
1000018395,0,2006-12-31,0,1769500,2024-07-01,2025-06-30,0,FIRST,CONFIRMED,https://www.transfermarkt.de/venezia-fc/kader/verein/607/saison_id/2026/plus/1,d88fc7110893de0f0661e79b4c48d86142d14d93f73bc112159c1995caefb0e9,2026-09-12,0,,MOVE_PRESERVE_METADATA,0,,,0,0,,,,,,,,,,
